Lat,Lon,Sats,Speed,GPS_Alt,Dist,Time,Alt,AX,AY,AZ,GX,GY,GZ,MX,MY,MZ
36.078989,-79.007963,6,0.13,140,-1.77,85603,-1.77,-1.76949,1.83649,9.95295,-0.02596,0.00535,-0.01023,42.6922,20.72493,-81.89127
36.07899,-79.007968,7,0.06,137.3,-1.79,86603,-1.79,-1.79462,1.82453,9.90389,-0.02337,0.00886,-0.00565,42.18065,20.66647,-81.17509
36.078988,-79.007968,7,0.13,136.5,-1.81,87603,-1.81,-1.80658,1.82513,9.88296,-0.01894,0.01161,-0.01054,43.14528,20.54955,-81.86203
36.07899,-79.007969,7,0.06,137.3,-1.76,88603,-1.76,-1.76411,1.8,9.94995,-0.04078,0.0026,-0.00672,42.25373,19.68723,-81.33587
36.078984,-79.007969,7,0.0,137.3,-1.87,89603,-1.87,-1.87298,1.78923,9.87996,-0.01848,-0.00214,-0.011,42.63373,21.14879,-81.39433
36.07898,-79.007969,7,0.02,136.6,-1.85,90603,-1.85,-1.84546,1.87418,9.83869,-0.02596,0.00596,-0.01069,42.09296,20.52032,-81.89127
36.078983,-79.00797,7,0.07,135.8,-1.81,91603,-1.81,-1.81316,1.80957,9.92782,-0.01604,0.01237,-0.01115,42.63373,20.85647,-81.74511
36.078987,-79.007976,7,0.18,134.7,-1.87,92603,-1.87,-1.87059,1.87896,9.94457,-0.02306,0.00947,-0.00855,42.54604,20.44724,-80.7074
36.078988,-79.007982,7,0.05,134.6,-1.82,93603,-1.82,-1.81974,1.87418,9.91586,-0.02932,0.01329,-0.01161,42.19526,20.27185,-81.11664
36.078983,-79.007987,7,0.22,132.7,-1.84,94603,-1.84,-1.83829,1.87478,9.96551,-0.01924,0.01252,-0.00916,42.34142,20.88571,-82.57819
36.078976,-79.007992,7,0.07,130.1,-1.83,95603,-1.83,-1.8347,1.84427,9.82852,-0.01665,0.0139,-0.01115,42.38527,20.5057,-80.95586
36.078976,-79.007993,7,0.03,129.6,-1.83,96603,-1.83,-1.82812,1.88435,9.90569,-0.02046,0.0139,-0.01023,42.47296,20.63724,-81.35048
36.078971,-79.007993,7,0.01,128.9,-1.84,97603,-1.84,-1.83829,1.86939,9.89911,-0.02611,0.01222,-0.01252,42.67758,20.33031,-81.52587
36.078972,-79.007993,6,0.06,129.1,-1.82,98603,-1.82,-1.81855,1.86042,9.87219,-0.02184,0.01374,-0.00733,42.07834,20.82724,-79.80122
36.078975,-79.007992,6,0.02,129.8,-1.82,99603,-1.82,-1.81675,1.88255,9.93679,-0.02352,0.01176,-0.00687,41.84449,20.52032,-81.33587
36.078974,-79.007989,7,0.05,130.5,-1.83,100603,-1.83,-1.83051,1.90588,9.97987,-0.02688,0.01497,-0.00993,42.23911,20.228,-80.98509
36.078975,-79.007988,7,0.21,130.8,-1.79,101603,-1.79,-1.78983,1.87119,9.95833,-0.03329,0.00473,-0.01191,42.32681,20.98802,-81.16048
36.078977,-79.007987,7,0.26,130,-1.8,102603,-1.8,-1.80359,1.87837,9.96072,-0.02749,0.00733,-0.01374,42.51681,20.60801,-81.67203
36.078976,-79.007985,7,0.15,130.3,-1.82,103603,-1.82,-1.82453,1.86281,9.84706,-0.02535,0.0058,-0.0084,42.6045,20.65186,-81.48203
36.078976,-79.007984,7,0.05,130.7,-1.85,104603,-1.85,-1.85384,1.867,9.9338,-0.02825,0.01298,-0.00886,42.42912,20.38877,-81.68664
36.078975,-79.007984,7,0.02,130.8,-1.86,105603,-1.86,-1.85863,1.88554,9.88176,-0.02749,0.01038,-0.00855,42.63373,20.18416,-81.40895
36.078974,-79.007983,7,0.06,131,-1.84,106603,-1.84,-1.84247,1.87358,9.935,-0.02092,0.01252,-0.00932,42.77989,20.82724,-81.23356
36.07897,-79.007982,7,0.08,130.8,-1.86,107603,-1.86,-1.85922,1.87537,9.93141,-0.02169,0.00672,-0.00916,42.57527,20.84186,-81.59895
36.078965,-79.007981,7,0.07,130.9,2.08,108603,2.08,2.07817,2.77388,13.98066,-0.09957,1.22066,0.22144,43.91991,17.81643,-82.37358
36.078961,-79.007978,7,0.07,131.1,-1.65,109603,-1.65,-1.65165,2.2331,9.81297,-0.05269,0.02184,-0.0113,41.99065,18.3572,-81.9351
36.078958,-79.007977,7,0.07,131.1,-1.71,110603,-1.71,-1.71386,2.32164,9.83809,-0.02352,0.00901,-0.00993,42.19526,18.76644,-82.0228
36.078955,-79.007976,7,0.05,131.4,-1.71,111603,-1.71,-1.71147,2.29831,9.76032,-0.02199,0.01206,-0.00886,41.77141,18.97106,-81.42356
36.078953,-79.007975,7,0.05,131.5,-1.69,112603,-1.69,-1.68694,2.30907,9.78964,-0.01863,0.01222,-0.0142,41.77141,18.38644,-81.64279
36.078951,-79.007975,7,0.08,132.1,-1.67,113603,-1.67,-1.67258,2.29053,9.81057,-0.02764,0.01405,-0.00672,42.04911,18.56182,-81.40895
36.078949,-79.007973,7,0.12,132.7,-1.69,114603,-1.69,-1.69412,2.31147,9.81775,-0.02367,0.01054,-0.00901,41.77141,18.51798,-82.18357
36.078946,-79.00797,7,0.14,133.2,-1.73,115603,-1.73,-1.72762,2.30369,9.94756,-0.02474,0.01329,-0.01268,41.90295,18.38644,-81.2774
36.078946,-79.007969,7,0.05,133.7,-1.69,116603,-1.69,-1.68933,2.29831,9.8686,-0.0252,0.01466,-0.00947,41.62526,17.91874,-80.7074
36.078944,-79.007967,7,0.18,134.6,-1.71,117603,-1.71,-1.70728,2.31865,9.82433,-0.02398,0.00977,-0.01115,41.59602,18.26951,-81.68664
36.078944,-79.007964,7,0.07,135.4,-1.7,118603,-1.7,-1.69591,2.30848,9.8692,-0.02611,0.01374,-0.00947,41.59602,18.13797,-81.74511
36.078945,-79.007965,6,0.06,136.9,-1.68,119603,-1.68,-1.68156,2.31386,9.82732,-0.0223,0.01268,-0.01206,41.8591,17.9772,-81.96434
36.078949,-79.007961,7,0.21,136.7,-1.75,120603,-1.75,-1.74616,2.31745,9.88415,-0.02062,0.00825,-0.00993,41.6691,18.03566,-82.13972
36.078952,-79.00796,6,0.12,137.1,-1.91,121603,-1.91,-1.91067,1.32263,9.94577,-0.10996,-0.0617,-0.01252,41.30371,23.15112,-81.46741
36.078956,-79.00796,6,0.24,137.4,-1.68,122603,-1.68,-1.68455,1.38544,10.05584,-0.02489,0.0087,-0.00855,41.42064,22.62496,-81.29202
36.078957,-79.00796,7,0.13,137.8,-1.68,123603,-1.68,-1.67976,1.50568,10.03251,-0.02321,0.01634,-0.00901,40.93832,22.11342,-81.52587
36.078957,-79.007959,7,0.07,138,-1.65,124603,-1.65,-1.65404,1.66959,9.99662,-0.01955,0.0142,-0.00718,41.09909,22.2888,-81.54048
36.078957,-79.007959,7,0.02,138.1,-1.65,125603,-1.65,-1.65224,1.53021,10.00738,-0.02535,0.01466,-0.00718,41.74218,22.7565,-80.88278
36.078954,-79.007963,7,0.14,139.4,-1.66,126603,-1.66,-1.66301,1.53978,10.0684,-0.02459,0.01451,-0.01161,41.80064,22.46419,-81.5551
36.078952,-79.007963,7,0.17,138.9,-1.66,127603,-1.66,-1.65643,1.5326,9.97807,-0.01878,0.00641,-0.0084,41.61064,22.82958,-80.5174
36.07895,-79.007963,7,0.08,138.6,-1.67,128603,-1.67,-1.6654,1.5344,10.01875,-0.02245,0.01237,-0.00748,41.49371,22.55189,-80.63432
36.078949,-79.007966,7,0.07,138.8,-1.7,129603,-1.7,-1.70369,1.51286,10.01935,-0.0226,0.01084,-0.01054,41.82988,22.47881,-81.21894
36.07894,-79.007978,7,0.09,140.8,-1.68,130603,-1.68,-1.68036,1.52662,10.04028,-0.0197,0.01619,-0.00962,41.46449,22.6542,-81.11664
36.078938,-79.007979,7,0.12,140.5,-1.7,131603,-1.7,-1.69591,1.55474,10.04268,-0.02627,0.0223,-0.00779,41.52295,22.58112,-80.85355
36.078937,-79.007978,7,0.31,139.8,-1.68,132603,-1.68,-1.68335,1.53141,10.02353,-0.02581,0.01115,-0.01252,41.06986,22.49342,-81.01432
36.078936,-79.007981,7,0.08,140.3,-1.66,133603,-1.66,-1.66122,1.49252,9.99243,-0.0307,0.01588,-0.00702,41.33294,22.02572,-81.07278
36.078933,-79.007987,7,0.03,141.4,-1.65,134603,-1.65,-1.64746,1.51884,10.03311,-0.02123,0.01329,-0.01145,41.21602,22.69804,-81.17509
36.078932,-79.007989,7,0.08,141.7,-1.67,135603,-1.67,-1.6684,1.52602,10.00379,-0.02214,0.01451,-0.00932,40.92371,22.5665,-81.80357
36.078929,-79.008001,7,0.05,143.4,-1.67,136603,-1.67,-1.66899,1.54217,10.03789,-0.02856,0.01374,-0.00718,41.14294,22.91727,-80.35662
36.078931,-79.008008,7,0.05,143.6,-1.68,137603,-1.68,-1.67617,1.51226,10.08515,-0.02428,0.01161,-0.0084,41.42064,22.53727,-80.63432
36.07893,-79.008011,7,0.01,144,-1.67,138603,-1.67,-1.6678,1.51525,10.02413,-0.02871,0.01329,-0.00932,40.48524,22.44958,-81.39433
36.07893,-79.008012,7,0.06,144.1,-1.65,139603,-1.65,-1.65344,1.52542,10.07318,-0.02459,0.011,-0.01252,40.8214,22.5665,-80.38585
36.078929,-79.008014,7,0.05,144.5,-1.68,140603,-1.68,-1.68096,1.52602,10.03729,-0.02169,0.00748,-0.01069,41.11371,22.62496,-80.73663
36.078927,-79.008021,7,0.17,146,-1.7,141603,-1.7,-1.69591,1.55892,10.01157,-0.02566,0.01329,-0.00733,41.0114,22.43496,-79.8597
36.078929,-79.008023,7,0.06,145.3,-1.67,142603,-1.67,-1.666,1.53619,10.06122,-0.02428,0.01115,-0.0087,40.85063,23.10728,-80.02046
36.078931,-79.008024,7,0.03,144.9,-1.67,143603,-1.67,-1.67079,1.50808,10.04567,-0.02306,0.01466,-0.00993,41.34756,22.94651,-79.97662
36.078932,-79.008024,7,0.02,144.7,-1.67,144603,-1.67,-1.67438,1.49192,10.06661,-0.02627,0.01283,-0.00962,41.37679,22.80035,-80.94125
36.078932,-79.008025,8,0.1,145.1,-1.68,145603,-1.68,-1.67797,1.5326,10.05584,-0.02398,0.01649,-0.00962,41.37679,23.44344,-80.99971
36.078932,-79.008027,8,0.03,145.6,-1.67,146603,-1.67,-1.67258,1.52961,10.01935,-0.01955,-0.00916,-0.01252,40.64601,22.71266,-81.21894
36.078932,-79.008028,8,0.1,146,-1.66,147603,-1.66,-1.65942,1.50449,10.0361,-0.02611,0.01481,-0.0087,40.79217,24.05729,-79.78661
36.078933,-79.008029,8,0.01,146,-1.83,148603,-1.83,-1.82572,1.49791,10.03969,-0.02611,0.01206,-0.011,41.30371,22.85881,-79.81584
36.078934,-79.008021,8,0.12,144.1,-1.67,149603,-1.67,-1.6672,1.50389,10.02234,-0.02779,0.01558,-0.00901,40.89447,22.8442,-80.48817
36.078936,-79.00802,8,0.14,143.7,-1.69,150603,-1.69,-1.68754,1.50808,10.04627,-0.02581,0.0139,-0.00794,41.2891,23.09266,-80.48817
36.078938,-79.008017,8,0.03,142.9,-1.66,151603,-1.66,-1.66241,1.52722,10.01875,-0.02581,0.0113,-0.01115,41.62526,22.6542,-80.47355
36.078941,-79.008012,8,0.03,141.1,-1.65,152603,-1.65,-1.64566,1.48475,10.02952,-0.02214,0.01176,-0.01084,41.02602,23.10728,-80.63432
36.078943,-79.008007,8,0.03,139.8,-1.64,153603,-1.64,-1.63849,1.52602,10.03071,-0.02245,0.01268,-0.00855,41.40602,22.87343,-80.69278
36.078944,-79.008006,8,0.02,139.1,-1.67,154603,-1.67,-1.66899,1.51286,10.03011,-0.02367,0.01069,-0.01161,41.23063,22.97574,-81.29202
36.078946,-79.008005,8,0.06,138.5,-1.64,155603,-1.64,-1.64267,1.51107,10.05404,-0.02398,0.01206,-0.00825,40.77755,22.80035,-80.38585
36.078947,-79.008006,8,0.05,138.2,-1.66,156603,-1.66,-1.66361,1.52243,10.02234,-0.02169,0.01527,-0.01023,40.85063,23.23882,-80.25431
36.078946,-79.008004,8,0.05,137.8,-1.67,157603,-1.67,-1.66899,1.51346,9.99721,-0.0223,0.01145,-0.00962,41.42064,23.16574,-80.59047
36.078947,-79.008005,8,0.05,137.1,-1.67,158603,-1.67,-1.6684,1.52363,10.04268,-0.02459,0.01115,-0.00702,41.59602,22.77112,-81.52587
36.078948,-79.008005,8,0.05,136.7,-1.68,159603,-1.68,-1.68036,1.50927,10.05943,-0.02917,0.00947,-0.00489,41.65449,22.47881,-80.07893
36.078951,-79.008007,8,0.09,136.3,-1.64,160603,-1.64,-1.64447,1.45783,9.98585,-0.02779,0.0058,-0.00962,41.65449,23.00497,-79.61122
36.078952,-79.008008,8,0.05,135.9,-1.67,161603,-1.67,-1.67139,1.50688,9.95235,-0.01863,0.01008,-0.01084,41.59602,22.71266,-80.47355
36.078954,-79.008008,8,0.03,135.8,-1.64,162603,-1.64,-1.64207,1.532,10.00319,-0.02245,0.00825,-0.00489,41.44987,22.2888,-80.25431
36.078955,-79.008008,8,0.06,135.7,-1.8,163603,-1.8,-1.7988,1.52722,10.04447,-0.02382,0.01145,-0.00794,41.6691,21.98188,-79.93277
36.078958,-79.008006,8,0.14,135.1,-1.68,164603,-1.68,-1.68395,1.52243,10.01516,-0.02581,0.00321,-0.0084,41.97603,22.3765,-80.59047
36.078958,-79.008005,8,0.08,134.8,-1.66,165603,-1.66,-1.66241,1.50509,10.04507,-0.02489,0.00932,-0.00764,41.46449,22.30342,-80.86816
36.078959,-79.008004,8,0.03,134.8,-1.69,166603,-1.69,-1.68694,1.51525,10.03789,-0.02337,0.01023,-0.00916,41.34756,22.01111,-81.54048
36.078959,-79.008002,8,0.03,135.2,-1.53,167603,-1.53,-1.52602,1.51825,10.24966,-0.02917,-0.00641,-0.01023,44.63607,20.08185,-79.04122
36.078962,-79.008,8,0.05,135.7,-1.69,168603,-1.69,-1.68933,1.55593,10.05285,-0.01252,-0.00229,-0.01191,40.45601,24.1596,-86.24671
36.078964,-79.007999,8,0.01,136.3,-1.65,169603,-1.65,-1.64566,1.51107,10.04447,-0.02321,0.01069,-0.00947,41.90295,23.89652,-85.19438
36.078964,-79.007998,8,0.08,136.7,-2.1,170603,-2.1,-2.10269,2.18943,10.63191,0.04734,-0.14691,-0.06674,23.95498,54.72084,-69.01491
36.078965,-79.007997,8,0.15,136.8,-2.17,171603,-2.17,-2.1667,2.0016,9.47378,-0.0336,0.03207,-0.0307,20.95878,56.50394,-64.07483
36.078967,-79.007995,8,0.14,137,-2.02,172603,-2.02,-2.01775,2.08176,9.86561,-0.02795,0.01069,-0.0087,20.63724,56.75241,-63.1102
36.078964,-79.007992,8,0.03,138.4,-1.99,173603,-1.99,-1.99442,2.06261,9.85783,-0.02673,0.01222,-0.01008,20.24262,56.88396,-63.87022
36.078964,-79.007989,8,0.08,139.4,-1.99,174603,-1.99,-1.99023,2.06979,9.8357,-0.02535,0.00962,-0.00916,19.92108,56.63549,-62.74482
36.078963,-79.007988,8,0.14,140.4,-2.01,175603,-2.01,-2.00758,2.07398,9.82972,-0.02382,0.01069,-0.00993,19.97954,56.69395,-63.46098
36.078961,-79.007986,8,0.0,140.9,-2.01,176603,-2.01,-2.01476,2.06261,9.87039,-0.02398,0.01191,-0.0084,19.67261,56.91319,-63.19789
36.078963,-79.007986,8,0.03,140.8,-2,177603,-2,-2.0004,2.08116,9.83091,-0.01726,0.01084,-0.0084,20.41801,55.94855,-63.32943
36.078964,-79.007986,8,0.02,140.7,-1.99,178603,-1.99,-1.99143,2.12004,9.83211,-0.03451,0.00153,-0.00687,20.15493,56.51856,-62.55481
36.078967,-79.007988,8,0.03,140.6,-2.01,179603,-2.01,-2.00877,2.09611,9.81536,-0.02535,0.01222,-0.01008,20.43262,56.50394,-62.86174
36.078969,-79.007991,8,0.02,140.5,-1.84,180603,-1.84,-1.83829,2.11645,9.85963,-0.0255,0.01038,-0.00519,20.38877,56.08009,-63.81175
36.078973,-79.007992,8,0.12,139.9,-1.99,181603,-1.99,-1.98903,2.1003,9.82433,-0.02428,0.01436,-0.00702,20.57878,55.94855,-63.03712
36.078975,-79.007993,8,0.21,139.6,-2.02,182603,-2.02,-2.02074,2.12602,9.8357,-0.03009,0.00932,-0.01176,20.84186,56.35779,-62.68635
36.078975,-79.007993,7,0.05,139.6,-2.01,183603,-2.01,-2.01476,2.1015,9.84527,-0.0255,0.01649,-0.00809,21.22186,56.8401,-62.71558
36.078975,-79.007993,8,0.07,139.9,-1.97,184603,-1.97,-1.97109,2.16132,9.88714,-0.05055,0.00702,-0.00229,20.87109,55.78778,-62.74482
36.078975,-79.007992,8,0.02,140,-2,185603,-2,-1.99621,2.1332,9.84826,-0.02275,0.0113,-0.00687,20.84186,56.4601,-63.16866
36.078973,-79.007991,8,0.08,140.4,-2.03,186603,-2.03,-2.03091,2.14277,9.75913,-0.02963,0.00076,-0.00733,20.47647,56.79626,-62.20403
36.078972,-79.007991,8,0.06,140.3,-2.01,187603,-2.01,-2.00578,2.14935,9.78006,-0.03161,0.01283,-0.00718,20.43262,56.15317,-62.62789
36.078969,-79.007986,8,0.02,140.1,-1.99,188603,-1.99,-1.99083,2.1326,9.82553,-0.03222,0.01023,-0.01145,20.82724,56.81087,-62.70096
36.078969,-79.007984,8,0.06,140.3,-1.97,189603,-1.97,-1.97348,2.12124,9.82014,-0.02321,0.01741,-0.00932,20.34493,56.5624,-62.26249
36.078969,-79.00798,8,0.08,140.1,-2,190603,-2,-1.99861,2.11047,9.85364,-0.0223,0.01298,-0.01145,19.95031,56.13856,-62.70096
36.07897,-79.00798,8,0.03,139.8,-2,191603,-2,-2.001,2.13978,9.84527,-0.02688,0.01283,-0.01038,20.34493,56.66472,-63.21251
36.078966,-79.007978,8,0.17,140.4,-2.01,192603,-2.01,-2.01476,2.15474,9.84228,-0.03009,0.01313,-0.011,20.43262,56.06548,-62.71558
36.078964,-79.00798,8,0.08,140.5,-2.01,193603,-2.01,-2.01177,2.14756,9.87996,-0.02398,0.01222,-0.01023,20.33031,56.44548,-62.26249
36.078964,-79.00798,8,0.06,140.2,-1.98,194603,-1.98,-1.98066,2.14816,9.84766,-0.01833,0.01405,-0.0084,20.84186,56.50394,-61.45863
36.078964,-79.007978,8,0.14,140,-1.99,195603,-1.99,-1.98784,2.14756,9.8333,-0.02566,0.00504,-0.00977,20.038,55.58316,-62.26249
36.078964,-79.007978,8,0.05,139.6,-2.03,196603,-2.03,-2.02552,2.15833,9.84647,-0.03039,0.01405,-0.00809,20.66647,55.07162,-62.49635
36.078966,-79.007979,8,0.14,138.9,-2,197603,-2,-2.00459,2.16969,9.82433,-0.03742,0.01038,-0.00794,20.06723,55.64163,-62.43789
36.078966,-79.007982,8,0.1,137.8,-1.97,198603,-1.97,-1.97408,2.11047,9.81895,-0.02107,0.00779,-0.01084,20.35954,55.30547,-62.54019
36.078963,-79.007982,8,0.03,137.8,-1.99,199603,-1.99,-1.99023,2.16251,9.85125,-0.02642,0.01374,-0.00733,19.68723,54.82315,-61.85326
36.07896,-79.007983,8,0.14,137.5,-1.98,200603,-1.98,-1.98485,2.14098,9.81297,-0.02505,0.01237,-0.00794,20.19877,55.36393,-61.29786
36.078957,-79.007985,8,0.01,137.4,-2.14,201603,-2.14,-2.13619,2.14576,9.80459,-0.02306,0.01069,-0.00764,20.43262,54.56007,-62.97866
36.078956,-79.007984,8,0.05,137.1,-2.01,202603,-2.01,-2.00578,2.15952,9.83031,-0.02642,0.01191,-0.00916,20.21339,54.32622,-62.48173
36.078955,-79.007982,8,0.03,136.9,-2.12,203603,-2.12,-2.12124,2.14875,9.83211,-0.02673,0.01588,-0.011,20.16954,54.70623,-62.33558
36.078955,-79.007981,8,0.05,136.6,-2,204603,-2,-2.00279,2.14576,9.80997,-0.02153,0.01069,-0.01008,20.33031,55.02777,-63.09559
36.078955,-79.007979,8,0.05,136.3,-2.01,205603,-2.01,-2.01236,2.14158,9.83988,-0.02505,0.01023,-0.00916,20.66647,55.247,-62.71558
36.078954,-79.007976,8,0.06,135.9,-1.99,206603,-1.99,-1.99143,2.15055,9.84946,-0.02306,0.01069,-0.01405,20.27185,55.62701,-63.31482
36.078954,-79.007975,8,0.02,135.4,-2.01,207603,-2.01,-2.01177,2.132,9.86501,-0.02474,0.01191,-0.00947,20.30108,54.85238,-62.18942
36.078954,-79.007975,8,0.06,134.9,-2,208603,-2,-2.00279,2.13799,9.84407,-0.02398,0.01237,-0.00886,20.47647,54.64776,-62.67173
36.078956,-79.007974,8,0.07,134.4,-1.99,209603,-1.99,-1.99143,2.1679,9.84766,-0.02779,0.01038,-0.01115,20.47647,54.83777,-62.26249
36.078957,-79.007973,8,0.02,134.5,-2,210603,-2,-1.99861,2.1344,9.79622,-0.02886,0.01054,-0.00962,20.24262,54.45776,-61.5171
36.078957,-79.007972,8,0.07,135.1,-2.01,211603,-2.01,-2.00519,1.9998,9.83809,-0.02535,0.01359,-0.00794,19.95031,54.2093,-61.67787
36.078957,-79.007972,8,0.01,135.4,-2,212603,-2,-2.00399,2.17807,9.81057,-0.02428,0.01695,-0.01038,20.81263,54.9693,-61.59018
36.078957,-79.00797,8,0.0,135.7,-2.03,213603,-2.03,-2.02911,2.17089,9.88176,-0.02275,0.01344,-0.0087,20.37416,54.47237,-61.66326
36.078958,-79.00797,8,0.06,135.9,-1.99,214603,-1.99,-1.99442,2.15892,9.78964,-0.02367,0.01054,-0.00977,20.27185,54.79392,-61.91172
36.078957,-79.007969,8,0.03,136.4,-2,215603,-2,-1.99561,2.17627,9.84048,-0.02337,0.01222,-0.0058,20.27185,54.85238,-62.37942
36.078956,-79.007968,8,0.06,136.6,-1.78,216603,-1.78,-1.77966,2.05304,10.10609,-0.04108,0.00061,-0.01573,20.34493,54.94007,-61.12248
36.078956,-79.007967,10,0.02,136.7,-2,217603,-2,-1.99861,2.31506,9.935,-0.02688,0.01573,-0.01161,20.21339,55.27623,-60.37709
36.078955,-79.007965,10,0.07,137,-2.06,218603,-2.06,-2.05663,2.33539,9.75195,-0.02795,0.011,-0.00718,19.99415,54.88161,-61.10786
36.078953,-79.007965,10,0.02,137.7,-2.06,219603,-2.06,-2.05902,2.32642,9.79981,-0.02581,0.00855,-0.01069,20.37416,55.21777,-60.84478
36.078952,-79.007965,10,0.03,138.4,-2.06,220603,-2.06,-2.05723,2.29053,9.74896,-0.02077,0.01237,-0.00489,20.25723,54.91084,-60.56709
36.07895,-79.007964,10,0.01,139,-2.02,221603,-2.02,-2.02373,2.33181,9.76511,-0.02718,0.0113,-0.00748,20.02338,55.247,-61.13709
36.078948,-79.007964,10,0.01,139.5,-2.04,222603,-2.04,-2.03749,2.31506,9.72204,-0.02841,0.01268,-0.00977,20.21339,54.63315,-60.99094
36.078947,-79.007964,10,0.05,139.9,-2.03,223603,-2.03,-2.02852,2.30489,9.74716,-0.02031,0.0168,-0.00855,20.05262,55.39316,-61.10786
36.078947,-79.007964,10,0.13,140,-2.84,224603,-2.84,-2.84387,2.9324,9.75494,-0.00336,-0.10675,-0.10003,18.70798,57.13242,-57.93628
36.078947,-79.007964,10,0.01,140.1,-2.37,225603,-2.37,-2.3677,2.5998,9.78664,0.03192,-0.01588,-0.01878,18.86875,55.23239,-57.95089
36.078946,-79.007963,10,0.07,140.1,-2.22,226603,-2.22,-2.21755,2.61416,9.68914,-0.02443,0.01405,-0.0113,18.51798,55.34932,-57.95089
36.078946,-79.007962,10,0.13,140.2,-1.95,227603,-1.95,-1.94836,3.35893,9.48276,-0.05345,-0.00199,-0.00275,18.54721,50.87694,-57.23473
36.078947,-79.007963,10,0.08,140,-2.14,228603,-2.14,-2.14457,3.34397,9.46242,-0.02764,0.01222,-0.00947,19.04414,51.44695,-56.40163
36.078948,-79.007964,10,0.07,139.8,-2.16,229603,-2.16,-2.15713,3.3338,9.42653,0.00947,-0.03528,-0.00061,19.11722,51.44695,-56.06548
36.07895,-79.007965,10,0.06,139.7,-2.02,230603,-2.02,-2.02074,3.39362,9.39183,-0.03543,0.02581,-0.00153,19.13183,51.00848,-55.90471
36.078951,-79.007966,10,0.01,139.7,-2.19,231603,-2.19,-2.18824,3.3338,9.4343,-0.03772,-0.00214,0.00107,18.92721,51.63695,-56.43087
36.078954,-79.007968,10,0.08,139.8,-2.17,232603,-2.17,-2.17388,3.35414,9.44148,-0.02474,0.01451,-0.00702,18.45951,51.65156,-56.31394
36.078955,-79.007968,10,0.03,139.8,-2.14,233603,-2.14,-2.14217,3.37268,9.44866,-0.01772,0.01924,-0.00764,18.47413,51.7831,-56.00702
36.078956,-79.007969,10,0.08,139.7,-2.01,234603,-2.01,-2.01117,3.35354,9.42473,-0.02382,0.01054,-0.01359,18.95645,51.91464,-56.94241
36.078958,-79.007971,10,0.1,139.5,-2.17,235603,-2.17,-2.1685,3.47318,9.34637,0.00153,0.0452,-0.01909,19.07337,51.60772,-57.10319
36.078961,-79.007974,10,0.07,139.3,-2.12,236603,-2.12,-2.11765,3.335,9.45883,-0.0197,0.02046,-0.01145,19.36568,51.92926,-56.60626
36.078962,-79.007976,10,0.05,139,-2.16,237603,-2.16,-2.15952,3.33141,9.43251,-0.02627,0.02107,-0.00702,18.81029,51.35925,-56.48933
36.078964,-79.007978,10,0.05,138.7,-2.17,238603,-2.17,-2.17268,3.36132,9.38405,-0.02153,0.01374,-0.01252,18.97106,50.87694,-55.78778
36.078964,-79.007979,10,0.03,138.5,-2.14,239603,-2.14,-2.14337,3.38465,9.42473,-0.02398,0.0087,-0.01191,19.05876,50.8477,-55.37854
36.078964,-79.00798,10,0.23,138.2,-2.15,240603,-2.15,-2.14696,3.3667,9.43311,-0.01985,0.01268,-0.00916,18.82491,51.66618,-55.96317
36.078963,-79.00798,10,0.01,138,-2.13,241603,-2.13,-2.1338,3.37926,9.43071,-0.0307,0.00932,-0.00932,18.92721,51.69541,-55.90471
36.078963,-79.007981,10,0.03,137.8,-1.25,242603,-1.25,-1.24546,3.5013,9.95594,-0.16692,-0.0391,-0.01313,19.83338,54.04853,-56.16779
36.078961,-79.007982,10,0.06,137.9,-3.2,243603,-3.2,-3.19741,0.6006,9,0.52977,1.60077,-0.30268,17.20257,99.89769,-80.03508
36.078959,-79.007981,10,0.21,137.6,-2.44,244603,-2.44,-2.43888,2.62373,9.65384,-0.01329,0.01268,-0.00672,37.72289,15.78486,-80.95586
36.078957,-79.007981,10,0.0,137.4,-2.47,245603,-2.47,-2.4676,2.61655,9.56531,-0.06888,-0.0029,-0.00657,37.85443,16.79334,-80.22508
36.078955,-79.00798,10,0.01,137.4,-2.42,246603,-2.42,-2.41974,2.49212,9.63649,-0.02413,0.01283,-0.00672,37.89827,16.63256,-80.23969
36.078952,-79.007978,10,0.05,137.9,-2.41,247603,-2.41,-2.41077,2.48913,9.68974,-0.0223,0.01008,-0.01023,37.95674,16.60333,-80.19585
36.078949,-79.007977,10,0.05,138.3,-2.42,248603,-2.42,-2.41914,2.49751,9.70349,-0.02505,0.0139,-0.0058,37.81058,17.01257,-80.37124
36.078946,-79.007974,10,0.05,138.1,-2.43,249603,-2.43,-2.43111,2.49392,9.68854,-0.02382,0.01191,-0.00947,38.11751,16.95411,-81.11664
36.078945,-79.007973,10,0.02,138.1,-2.42,250603,-2.42,-2.41735,2.47777,9.67179,-0.02443,0.01542,-0.00382,37.85443,16.96872,-80.82432
36.078944,-79.007974,10,0.05,137.9,-2.41,251603,-2.41,-2.40658,2.47837,9.68674,-0.02138,0.01542,-0.00901,37.81058,16.61795,-80.45893
36.078944,-79.007975,10,0.06,138.3,-2.42,252603,-2.42,-2.42154,2.48614,9.7017,-0.02245,0.01268,-0.00611,38.30751,17.2318,-80.47355
36.078944,-79.007976,10,0.01,138.4,-2.41,253603,-2.41,-2.41137,2.45922,9.7011,-0.02902,0.01023,-0.00886,38.32213,17.24642,-80.32739
36.078946,-79.007974,10,0.06,137.8,-2.41,254603,-2.41,-2.41376,2.49631,9.69691,-0.02673,0.01497,-0.00718,37.60596,16.60333,-80.19585
36.078946,-79.007974,10,0.1,137.8,-2.43,255603,-2.43,-2.42692,2.48495,9.66581,-0.02688,0.00886,-0.0084,37.6352,16.69103,-79.72815
36.078949,-79.007977,10,0.07,137.4,-2.4,256603,-2.4,-2.39701,2.47298,9.70768,-0.02291,0.01161,-0.00916,37.94212,16.95411,-80.73663
36.078949,-79.007976,10,0.07,137.6,-2.42,257603,-2.42,-2.42213,2.48255,9.70469,-0.02443,0.01817,-0.00886,37.83981,16.31102,-80.09354
36.078949,-79.007976,10,0.05,137.5,-2.43,258603,-2.43,-2.42812,2.46221,9.66581,-0.02214,0.01008,-0.00932,37.8252,16.07717,-80.00585
36.078951,-79.007978,10,0.13,137.2,-2.43,259603,-2.43,-2.42572,2.47238,9.68555,-0.02459,0.01359,-0.00764,37.53288,16.26717,-80.5174
36.078953,-79.007981,10,0.22,137.3,-2.4,260603,-2.4,-2.40239,2.48136,9.68914,-0.02092,0.01161,-0.01191,37.34288,16.70564,-79.34814
36.078956,-79.007985,10,0.09,137,-2.43,261603,-2.43,-2.42752,2.47717,9.68316,-0.02153,0.01008,-0.00809,37.76674,17.20257,-79.94738
36.078958,-79.007985,10,0.03,136.6,-2.41,262603,-2.41,-2.41137,2.46042,9.6999,-0.02428,0.01909,-0.00855,37.86905,17.0418,-79.90353
36.078959,-79.007987,10,0.01,136.3,-2.4,263603,-2.4,-2.4,2.51007,9.71486,-0.0255,0.01222,-0.00916,37.76674,16.50102,-80.13738
36.07896,-79.007987,10,0.03,136,-2.41,264603,-2.41,-2.40957,2.48196,9.67837,-0.01939,0.01191,-0.00657,37.76674,16.66179,-80.5174
36.07896,-79.007988,10,0.05,135.7,-2.41,265603,-2.41,-2.40778,2.4658,9.67059,-0.02779,0.01038,-0.00504,37.89827,16.96872,-80.37124
36.07896,-79.007989,10,0.05,136.1,-2.41,266603,-2.41,-2.41077,2.45863,9.67598,-0.02443,0.011,-0.00977,37.4598,16.16487,-80.4297
36.078959,-79.007991,10,0.01,136.4,-2.4,267603,-2.4,-2.40479,2.44188,9.62752,-0.0252,0.01252,-0.00687,37.86905,16.55949,-80.19585
36.07896,-79.007992,10,0.02,136.4,-2.4,268603,-2.4,-2.40479,2.44846,9.70649,-0.02275,0.01649,-0.0087,37.72289,16.64718,-80.22508
36.07896,-79.007992,10,0.09,136.4,-2.41,269603,-2.41,-2.41197,2.46401,9.67059,-0.02123,0.01329,-0.00886,38.05905,16.77872,-81.24817
36.07896,-79.007993,10,0.05,136.3,-2.41,270603,-2.41,-2.41077,2.47657,9.7023,-0.02688,0.01176,-0.00535,37.3575,17.10026,-79.1143
36.078959,-79.007993,10,0.13,136.3,-2.4,271603,-2.4,-2.4018,2.49033,9.72503,-0.02062,0.01344,-0.01191,37.64981,17.12949,-79.62584
36.078957,-79.007993,10,0.02,136.2,-2.4,272603,-2.4,-2.4006,2.47358,9.7023,-0.02505,0.01298,-0.00901,37.94212,17.20257,-80.29816
36.078956,-79.007992,10,0.09,136.4,-2.42,273603,-2.42,-2.41615,2.4664,9.6012,-0.02673,0.01451,-0.00641,37.86905,16.8518,-80.88278
36.078956,-79.007993,10,0.03,136.2,-2.42,274603,-2.42,-2.41795,2.46102,9.67119,-0.02642,0.01268,-0.0087,37.67904,16.13563,-80.06431
36.078957,-79.007994,10,0.08,136.1,-2.41,275603,-2.41,-2.40539,2.60279,9.66042,-0.02673,0.01252,-0.00962,37.29903,16.53025,-80.34201
36.078958,-79.007994,10,0.05,136.2,-2.43,276603,-2.43,-2.4335,2.47298,9.66641,-0.02123,0.01069,-0.00855,37.92751,16.79334,-79.88892
36.078959,-79.007996,10,0.07,136.2,-2.4,277603,-2.4,-2.4006,2.48196,9.69153,-0.02443,0.01283,-0.00916,37.7375,16.09179,-79.50891
36.07896,-79.007996,10,0.01,136.2,-2.39,278603,-2.39,-2.39163,2.45982,9.65265,-0.02566,0.011,-0.01084,37.48904,16.17948,-81.59895
36.078961,-79.007997,10,0.08,136.4,-2.42,279603,-2.42,-2.42273,2.47059,9.62633,-0.02184,0.01008,-0.00932,37.4598,17.02718,-79.90353
36.078963,-79.008,10,0.1,136.5,-2.41,280603,-2.41,-2.40539,2.45504,9.64726,-0.02505,0.01252,-0.0113,37.75212,16.16487,-81.02894
36.078965,-79.008001,10,0.0,136.4,-2.39,281603,-2.39,-2.38923,2.601,9.68674,-0.02184,0.00977,-0.00565,38.10289,16.03332,-80.23969
36.078966,-79.008,10,0.06,136.2,-2.42,282603,-2.42,-2.41795,2.44546,9.63291,-0.03054,0.00061,-0.00794,37.4598,16.20871,-80.54662
36.078967,-79.007999,10,0.02,136,-2.42,283603,-2.42,-2.42094,2.46461,9.64068,-0.02016,0.01115,-0.00977,37.34288,16.60333,-81.14587
36.078967,-79.007998,10,0.17,135.6,-2.42,284603,-2.42,-2.41795,2.45863,9.62513,-0.02474,0.00886,-0.00779,37.7375,17.07103,-80.69278
36.078968,-79.007998,10,0.02,135.3,-2.41,285603,-2.41,-2.41316,2.47597,9.62573,-0.02321,0.01481,-0.00718,37.51827,16.48641,-80.75124
36.078969,-79.007997,9,0.02,135,-2.41,286603,-2.41,-2.41436,2.45683,9.64367,-0.02306,0.00977,-0.01023,37.98597,16.98334,-80.15201
36.078974,-79.008003,10,0.1,134.6,-2.39,287603,-2.39,-2.38923,2.47238,9.65085,-0.01802,0.0113,-0.00916,37.48904,16.69103,-80.86816
36.078977,-79.008004,9,0.09,134.1,-2.41,288603,-2.41,-2.40658,2.41974,9.62034,-0.03268,0.04215,-0.00779,37.97135,16.82257,-80.75124
36.078978,-79.008005,10,0.23,133.7,-2.47,289603,-2.47,-2.46521,2.47777,9.60539,-0.03314,0.00046,-0.01344,37.86905,16.83718,-80.40047
36.07898,-79.008006,9,0.03,133.5,-2.01,290603,-2.01,-2.01117,2.80379,9.29193,-0.03238,0.08522,-0.02382,38.26367,17.18796,-81.2774
36.078981,-79.008008,10,0.18,133.4,-2.39,291603,-2.39,-2.39222,2.41436,9.66401,-0.02245,0.01481,-0.00504,37.91289,16.82257,-80.64893
36.078984,-79.00801,10,0.07,133.3,-2.42,292603,-2.42,-2.41555,2.46521,9.67837,-0.02428,0.01054,-0.01084,37.8252,17.58258,-80.07893
36.078985,-79.008011,10,0.02,133.3,-2.43,293603,-2.43,-2.4335,2.467,9.65863,-0.03268,0.02581,-0.00718,37.86905,17.52412,-81.30663
36.078985,-79.00801,10,0.22,133.4,-2.38,294603,-2.38,-2.38445,2.41077,9.67538,-0.0197,0.0139,-0.01008,38.23443,16.53025,-80.18124
36.078983,-79.008008,10,0.15,133.5,-2.29,295603,-2.29,-2.28933,2.43829,9.62633,-0.01405,0.01634,-0.0139,38.16135,16.70564,-80.19585
36.078983,-79.008008,10,0.01,133.5,-2.52,296603,-2.52,-2.52263,2.48973,9.57129,-0.0281,0.01802,-0.00473,37.57673,16.64718,-80.82432
36.078981,-79.008006,10,0.03,133,-2.41,297603,-2.41,-2.41077,2.47657,9.62932,-0.03665,0.02627,-0.00718,38.05905,17.07103,-80.37124
36.07898,-79.008004,10,0.07,132.7,-2.44,298603,-2.44,-2.43888,2.44965,9.68854,-0.02123,0.02718,-0.01008,38.13213,16.64718,-80.29816
36.078979,-79.008003,10,0.06,132.5,-2.34,299603,-2.34,-2.33898,2.39522,9.67119,-0.01695,0.03925,-0.01268,38.33675,16.92488,-79.61122
36.078981,-79.008005,10,0.06,132.4,-2.48,300603,-2.48,-2.48136,2.42094,9.67119,-0.02871,0.03268,-0.00748,37.78135,16.44256,-79.37738
36.078983,-79.008007,10,0.02,132.4,-2.41,301603,-2.41,-2.40539,2.43888,9.61855,-0.02413,0.01008,-0.01023,38.00058,16.63256,-80.31277
36.078985,-79.00801,10,0.0,132.3,-2.44,302603,-2.44,-2.44427,2.44965,9.6335,-0.03436,0.00916,-0.00336,38.40982,16.2964,-78.80737
36.078987,-79.008011,10,0.03,132.2,-2.39,303603,-2.39,-2.39402,2.45683,9.51207,-0.02886,0.00932,-0.00932,37.97135,17.05642,-80.31277
36.078988,-79.008011,10,0.02,132.1,-2.4,304603,-2.4,-2.39641,2.44666,9.68495,-0.02535,0.01833,-0.00626,37.76674,16.92488,-80.4297
36.078987,-79.00801,10,0.06,131.9,-2.41,305603,-2.41,-2.40598,2.43171,9.68914,-0.02596,0.00947,-0.00626,38.59982,16.98334,-80.15201
36.078986,-79.008006,10,0.02,131.8,-2.39,306603,-2.39,-2.39282,2.44546,9.68375,-0.02306,0.01222,-0.00962,38.14674,16.88103,-79.78661
36.078984,-79.008004,10,0.02,131.8,-2.42,307603,-2.42,-2.41735,2.45863,9.69273,-0.02184,0.00901,-0.0087,38.43905,16.2964,-79.83046
36.078983,-79.008002,10,0.01,131.8,-2.41,308603,-2.41,-2.41376,2.44965,9.70649,-0.02443,0.01313,-0.00641,37.43058,17.34873,-78.5589
36.078983,-79.008002,10,0.02,131.9,-2.4,309603,-2.4,-2.40239,2.45504,9.7017,-0.02123,0.00916,-0.01008,37.06519,17.0418,-79.69892
36.078981,-79.008,10,0.01,132,-2.42,310603,-2.42,-2.41974,2.45743,9.72204,-0.0252,0.01665,-0.00794,37.98597,16.47179,-79.34814
36.07898,-79.008,10,0.09,132.2,-2.4,311603,-2.4,-2.40359,2.45205,9.71007,-0.02398,0.01313,-0.00947,37.37211,16.92488,-79.39199
36.078979,-79.008,10,0.01,132.6,-2.4,312603,-2.4,-2.40239,2.44427,9.6999,-0.02016,0.0139,-0.01023,38.43905,16.93949,-79.27506
36.078977,-79.007998,10,0.1,132.7,-2.42,313603,-2.42,-2.42154,2.43829,9.67179,-0.02581,0.01008,-0.00932,38.04443,16.74949,-79.39199
36.078976,-79.007996,10,0.05,132.8,-2.34,314603,-2.34,-2.34497,2.44008,9.91227,0.00886,0.00794,0.01726,38.14674,16.88103,-80.00585
36.078975,-79.007995,10,0.03,132.9,-2.44,315603,-2.44,-2.44307,2.44546,9.70589,-0.03054,0.01115,-0.00443,38.10289,16.77872,-81.75972
36.078975,-79.007994,10,0.1,133.1,-2.41,316603,-2.41,-2.41137,2.41795,9.77109,-0.01924,0.01878,-0.00305,38.10289,17.62642,-79.62584
36.078974,-79.007993,10,0.22,133.1,-2.41,317603,-2.41,-2.41197,2.42931,9.7011,-0.02459,0.01924,-0.011,39.31599,19.1026,-79.31891
36.078973,-79.007991,10,0.08,133.2,-2.41,318603,-2.41,-2.41496,2.44726,9.65504,-0.01878,0.01573,-0.00886,40.7337,21.67495,-79.37738
36.078972,-79.007991,10,0.08,133.3,-2.29,319603,-2.29,-2.29292,2.0674,10.03789,0.00046,-0.00137,0.01588,39.28676,19.14645,-79.59661
36.078969,-79.007986,10,0.09,133.8,-2.33,320603,-2.33,-2.32822,2.30907,9.77109,-0.00901,0.03925,-0.01161,39.85677,18.51798,-79.59661
36.078968,-79.007986,10,0.08,134,-2.37,321603,-2.37,-2.3683,2.41017,9.72682,-0.02566,0.01466,-0.00748,39.63753,18.89798,-80.47355
36.078968,-79.007986,10,0.05,134.2,-2.4,322603,-2.4,-2.40359,2.40299,9.69811,-0.0255,0.0139,-0.00611,39.28676,17.99182,-80.61971
36.078969,-79.007984,10,0.05,134.4,-2.38,323603,-2.38,-2.37966,2.42632,9.72443,-0.03009,0.01145,-0.00565,39.3306,19.11722,-80.06431
36.07897,-79.007984,10,0.02,134.4,-2.4,324603,-2.4,-2.39761,2.40778,9.71007,-0.02581,0.01359,-0.00626,40.04677,18.76644,-80.32739
36.07897,-79.007984,10,0.02,134.5,-2.4,324803,-2.4,-2.39701,2.40479,9.69811,-0.02596,0.01145,-0.00886,40.03215,18.94183,-80.60509
36.078969,-79.007985,10,0.01,134.8,-2.38,325603,-2.38,-2.37847,2.4018,9.68495,-0.02841,0.01054,-0.01145,39.38907,18.6349,-79.94738
36.078969,-79.007985,10,0.02,135,-2.38,326603,-2.38,-2.38385,2.41914,9.71366,-0.02443,0.01374,-0.00626,39.6083,18.88337,-79.90353
36.078966,-79.007979,10,0.05,135.6,-2.37,327603,-2.37,-2.3671,2.42453,9.71127,-0.0281,0.01069,-0.00672,39.65215,18.4449,-79.84508
36.078964,-79.007975,10,0.05,136,-2.36,328603,-2.36,-2.35813,2.3994,9.69871,-0.02795,0.01237,-0.01084,39.85677,18.59105,-80.53201
36.078964,-79.007977,10,0.03,136.1,-2.38,329603,-2.38,-2.37667,2.39581,9.72204,-0.01894,0.01329,-0.00977,39.94446,18.54721,-79.36276
36.078964,-79.007978,10,0.1,136.3,-2.37,330603,-2.37,-2.37428,2.4012,9.72204,-0.02306,0.01084,-0.00809,39.71061,19.11722,-79.61122
36.078966,-79.007983,10,0.13,136.4,-2.39,331603,-2.39,-2.38983,2.41914,9.73161,-0.02841,0.00993,-0.00779,39.46215,18.29874,-79.93277
36.078965,-79.007983,10,0.02,136.6,-2.36,332603,-2.36,-2.36052,2.41615,9.76212,-0.03283,0.01237,-0.00672,39.24291,18.75183,-80.85355
36.078966,-79.007984,10,0.07,136.5,-2.36,333603,-2.36,-2.35693,2.42991,9.73221,-0.02703,0.01206,-0.01023,39.63753,18.98568,-79.91815
36.078966,-79.007986,10,0.08,136.5,-2.4,334603,-2.4,-2.40299,2.42333,9.67239,-0.02428,0.01344,-0.01069,39.76907,18.73721,-80.25431
36.078967,-79.007988,10,0.06,136.4,-2.41,335603,-2.41,-2.40718,2.41795,9.71007,-0.02673,0.011,-0.01008,39.696,18.56182,-80.97047
36.07897,-79.007991,10,0.07,136.4,-2.4,336603,-2.4,-2.40419,2.38624,9.74477,-0.02657,0.01237,-0.00962,39.46215,19.04414,-80.02046
36.07897,-79.007991,10,0.07,136.4,-2.39,336803,-2.39,-2.39163,2.41615,9.7029,-0.02642,0.00962,-0.00977,39.71061,18.50336,-79.87431
36.078972,-79.007993,10,0.02,136.3,-2.38,337603,-2.38,-2.37607,2.41795,9.7017,-0.02459,0.0113,-0.00825,39.27214,18.83952,-80.10815
36.078974,-79.007995,10,0.03,136.4,-2.41,338603,-2.41,-2.40778,2.39581,9.65324,-0.0281,0.01283,-0.00916,39.98831,18.4449,-79.84508
36.078976,-79.007996,10,0.0,136.3,-2.41,339603,-2.41,-2.40778,2.42692,9.72742,-0.02138,0.01191,-0.01038,39.81292,18.47413,-80.63432
36.078975,-79.007998,10,0.16,136.6,-2.4,340603,-2.4,-2.3994,2.41675,9.74118,-0.02611,0.01512,-0.01008,39.40368,18.97106,-80.09354
36.078975,-79.007998,10,0.07,136.8,-2.39,341603,-2.39,-2.38684,2.43171,9.70529,-0.02795,0.01436,-0.00886,39.31599,18.45951,-79.80122
36.078975,-79.007997,10,0.14,136.7,-2.37,342603,-2.37,-2.37009,2.41795,9.72383,-0.02657,0.01237,-0.01008,39.18445,18.66413,-78.2812
36.078974,-79.007996,10,0.05,136.7,-2.34,343603,-2.34,-2.33958,2.42154,9.71486,-0.03146,0.0171,-0.01038,39.68138,18.24028,-79.21661
36.078972,-79.007994,10,0.08,136.8,-2.39,344603,-2.39,-2.39222,2.41256,9.68495,-0.01833,0.01115,-0.00932,39.34522,18.85414,-79.42122
36.078972,-79.007993,10,0.05,136.9,-2.4,345603,-2.4,-2.39821,2.41017,9.67598,-0.02932,0.01222,-0.00519,39.56445,18.54721,-79.97662
36.078972,-79.007993,10,0.17,137.1,-2.39,346603,-2.39,-2.39282,2.44846,9.7023,-0.02352,0.00412,-0.00809,39.05291,18.73721,-79.34814
36.078974,-79.007993,10,0.06,137.2,-2.39,347603,-2.39,-2.39282,2.4347,9.71785,-0.0252,0.01268,-0.00947,39.56445,18.50336,-79.69892
36.078975,-79.007992,10,0.09,137.2,-2.39,348603,-2.39,-2.39342,2.41795,9.72144,-0.0255,0.01176,-0.00641,39.16983,18.41567,-80.66355
36.078975,-79.007992,10,0.09,137.3,-2.37,348803,-2.37,-2.37308,2.41795,9.70349,-0.02856,0.01176,-0.00473,39.43291,18.51798,-80.45893
36.078973,-79.007992,10,0.06,137.3,-2.41,349603,-2.41,-2.41376,2.42094,9.69931,-0.02856,0.00855,-0.00672,39.68138,19.35107,-80.23969
36.078972,-79.007991,10,0.05,137.4,-2.38,350603,-2.38,-2.37667,2.40299,9.69273,-0.02627,0.01329,-0.01023,39.73984,19.14645,-80.28354
36.078972,-79.007992,10,0.07,137.8,-2.39,351603,-2.39,-2.39402,2.40658,9.6694,-0.02123,0.01145,-0.00825,39.95908,18.97106,-78.99737
36.078973,-79.00799,10,0.03,137.7,-2.42,352603,-2.42,-2.41675,2.44008,9.67837,-0.0226,0.01084,-0.00794,39.57907,18.56182,-79.34814
36.078974,-79.007989,10,0.07,137.7,-2.4,353603,-2.4,-2.40359,2.41555,9.71247,-0.02306,0.00916,-0.00916,39.65215,18.53259,-79.43584
36.078974,-79.007987,10,0.02,137.5,-2.36,354603,-2.36,-2.36231,2.42273,9.68615,-0.02841,0.01176,-0.0055,40.00293,18.82491,-80.13738
36.078973,-79.007987,10,0.14,137.5,-2.38,355603,-2.38,-2.38146,2.41675,9.69871,-0.02184,0.01161,-0.0087,39.72523,19.02952,-79.74277
36.078973,-79.007987,11,0.14,137.7,-2.38,355803,-2.38,-2.38026,2.41795,9.71486,-0.02321,0.01588,-0.00947,39.71061,18.85414,-79.69892
36.078971,-79.007989,11,0.07,137.7,-2.41,356603,-2.41,-2.40778,2.38564,9.7005,-0.0252,0.01191,-0.00535,40.00293,18.9126,-78.74891
36.078971,-79.007989,11,0.07,138,-2.38,356803,-2.38,-2.37966,2.41137,9.7005,-0.02596,0.00962,-0.00657,39.79831,19.00029,-79.97662
36.078969,-79.007991,11,0.02,138,-2.37,357603,-2.37,-2.36949,2.42333,9.64786,-0.02611,0.01145,-0.00718,39.92985,19.21953,-79.58199
36.078969,-79.007991,11,0.02,138.4,-2.41,357803,-2.41,-2.41077,2.40658,9.67717,-0.02596,0.01283,-0.0087,39.71061,18.66413,-79.14352
36.078967,-79.007995,11,0.03,138.4,-2.39,358603,-2.39,-2.39342,2.41496,9.68854,-0.02566,0.01176,-0.00748,39.35984,18.60567,-79.64046
36.078967,-79.007995,11,0.03,139,-2.38,358803,-2.38,-2.37727,2.43051,9.64666,-0.02184,0.0113,-0.01252,39.87138,19.59953,-80.34201
36.078967,-79.007996,11,0.07,139,-2.42,359603,-2.42,-2.41675,2.40539,9.72443,-0.02718,0.01237,-0.00932,39.54984,18.88337,-79.12891
36.078967,-79.007996,11,0.07,138.8,-2.41,359803,-2.41,-2.40718,2.40897,9.72324,-0.02413,0.0139,-0.011,39.54984,18.81029,-79.81584
36.078966,-79.007999,11,0.07,138.8,-2.37,360603,-2.37,-2.36949,2.44606,9.68136,-0.01955,0.01451,-0.00886,39.56445,19.14645,-79.97662
36.078966,-79.007999,11,0.07,139,-2.4,360803,-2.4,-2.4,2.42393,9.70708,-0.01756,0.01268,-0.00901,39.97369,19.08799,-79.56738
36.078966,-79.007999,11,0.02,139,-2.39,361603,-2.39,-2.38505,2.41855,9.69213,-0.02642,0.01161,-0.0084,39.92985,18.53259,-79.962
36.078966,-79.007999,10,0.02,138.7,-2.37,361803,-2.37,-2.37308,2.41675,9.7029,-0.02291,0.011,-0.00855,39.65215,18.88337,-79.53815
36.078964,-79.008,10,0.06,138.7,-2.37,362603,-2.37,-2.37129,2.38206,9.69153,-0.02535,0.01222,-0.00764,39.696,18.64952,-79.88892
36.078964,-79.008,11,0.06,138.7,-2.36,362803,-2.36,-2.35693,2.40658,9.69931,-0.02978,0.01695,-0.01054,39.886,18.79567,-80.37124
36.078963,-79.007999,11,0.01,138.3,-2.37,363603,-2.37,-2.37248,2.42931,9.75614,-0.0223,0.01115,-0.00794,40.00293,19.05876,-79.80122
36.078964,-79.008,11,0.07,138.3,-2.41,364603,-2.41,-2.40598,2.39761,9.7029,-0.02917,0.0142,-0.0058,39.62292,18.53259,-79.8597
36.078964,-79.008,11,0.07,137.9,-2.38,364803,-2.38,-2.37607,2.42572,9.68854,-0.02413,0.01069,-0.01023,39.71061,18.59105,-80.37124
36.078964,-79.008,11,0.13,137.9,-2.37,365603,-2.37,-2.36889,2.40897,9.72024,-0.02718,0.01313,-0.0084,39.68138,18.70798,-79.3043
36.078964,-79.008,11,0.13,137.5,-2.38,365803,-2.38,-2.38445,2.38146,9.71725,-0.02703,0.00855,-0.01008,39.81292,18.73721,-80.10815
36.078966,-79.008,11,0.13,137.5,-2.37,366603,-2.37,-2.37129,2.42213,9.73041,-0.02443,0.01252,-0.0087,39.886,18.73721,-79.84508
36.078966,-79.008,11,0.13,136.9,-2.38,366803,-2.38,-2.38086,2.40957,9.68974,-0.02749,0.01542,-0.01084,40.28062,19.55569,-80.59047
36.078967,-79.008,11,0.07,136.9,-2.38,367603,-2.38,-2.37847,2.41316,9.71307,-0.02291,0.01451,-0.01054,39.78369,19.61415,-80.03508
36.078967,-79.008,11,0.07,136.6,-2.39,367803,-2.39,-2.38983,2.42154,9.73161,-0.02657,0.01084,-0.00733,39.886,19.23414,-80.21046
36.078967,-79.007999,11,0.06,136.6,-2.37,368603,-2.37,-2.37248,2.4,9.72802,-0.0255,0.00855,-0.00641,39.85677,19.02952,-80.00585
36.078967,-79.007999,11,0.06,136.2,-2.39,368803,-2.39,-2.39222,2.41077,9.67239,-0.02642,0.01115,-0.00825,39.79831,19.07337,-79.962
36.078969,-79.007999,11,0.14,136.2,-2.39,369603,-2.39,-2.38983,2.43171,9.71905,-0.02718,0.01115,-0.00718,39.886,18.82491,-80.04969
36.078969,-79.007999,11,0.14,136.3,-2.38,369803,-2.38,-2.37667,2.4347,9.69033,-0.01985,0.01069,-0.01084,40.04677,19.11722,-79.1143
36.078969,-79.007999,11,0.02,136.3,-2.41,370603,-2.41,-2.41436,2.41017,9.73639,-0.02199,0.011,-0.01115,39.24291,19.19029,-80.03508
36.078969,-79.007999,11,0.02,136.3,-2.38,370803,-2.38,-2.38325,2.41436,9.68615,-0.0255,0.01374,-0.00626,39.49137,19.23414,-80.28354
36.078969,-79.007998,11,0.06,136.3,-2.37,371603,-2.37,-2.37069,2.42453,9.71606,-0.02291,0.01374,-0.01038,39.43291,18.76644,-80.38585
36.078969,-79.007998,11,0.06,136.3,-2.37,371803,-2.37,-2.37129,2.42453,9.69632,-0.02535,0.0113,-0.00748,39.59369,18.4449,-80.21046
36.07897,-79.007998,11,0.15,136.3,-2.38,372603,-2.38,-2.38385,2.4329,9.70948,-0.02214,0.01283,-0.0084,39.40368,19.20491,-80.73663
36.07897,-79.007998,11,0.15,136.2,-2.39,372803,-2.39,-2.38744,2.42513,9.72443,-0.02917,0.01145,-0.00886,39.6083,19.08799,-80.35662
36.078969,-79.007998,11,0.14,136.2,-2.39,373603,-2.39,-2.39043,2.4018,9.71247,-0.02947,0.01436,-0.00687,39.12599,19.21953,-79.80122
36.078969,-79.007998,11,0.14,136.4,-2.37,373803,-2.37,-2.37308,2.42154,9.65743,-0.02825,0.00672,-0.011,39.35984,18.73721,-80.06431
36.07897,-79.007996,11,0.06,136.1,-2.41,374603,-2.41,-2.41436,2.44188,9.76391,-0.0197,0.01298,-0.00733,39.02368,18.9126,-80.28354
36.078971,-79.007999,11,0.14,136.1,-2.39,375603,-2.39,-2.39402,2.42333,9.72024,-0.0197,0.01268,-0.01069,39.81292,18.47413,-79.90353
36.078971,-79.007999,11,0.14,136.4,-2.39,375803,-2.39,-2.39163,2.38026,9.71307,-0.02841,0.01268,-0.0084,39.6083,18.81029,-79.71353
36.078968,-79.008001,11,0.03,136.4,-2.4,376603,-2.4,-2.3988,2.4341,9.72682,-0.03283,0.01497,-0.00611,39.27214,19.11722,-79.88892
36.078968,-79.008001,11,0.03,137.1,-2.38,376803,-2.38,-2.37847,2.42333,9.69811,-0.02703,0.0142,-0.00916,39.35984,18.54721,-80.18124
36.078967,-79.007999,11,0.03,137.1,-2.39,377603,-2.39,-2.38505,2.4,9.7358,-0.02779,0.01451,-0.00916,39.46215,19.02952,-80.35662
36.078967,-79.007999,11,0.03,137.3,-2.38,377803,-2.38,-2.38265,2.41496,9.65324,-0.02153,0.01359,-0.00748,39.21368,18.57644,-79.61122
36.078965,-79.007996,11,0.1,137.3,-2.38,378603,-2.38,-2.37607,2.42871,9.70529,-0.01817,0.01069,-0.00993,39.4183,18.82491,-79.83046
36.078965,-79.007996,11,0.1,137.4,-2.37,378803,-2.37,-2.37129,2.41914,9.71007,-0.0252,0.01176,-0.00916,39.84215,18.78106,-79.99123
36.078965,-79.007992,11,0.07,137.4,-2.36,379603,-2.36,-2.35573,2.42213,9.74357,-0.0252,0.01161,-0.00962,39.44753,19.11722,-79.1143
36.078965,-79.007992,11,0.07,137.2,-2.38,379803,-2.38,-2.37547,2.41256,9.73939,-0.02367,0.00993,-0.01206,39.24291,19.20491,-78.64659
36.078961,-79.007993,11,0.06,137.2,-2.38,380603,-2.38,-2.37607,2.43171,9.75793,-0.02642,0.01161,-0.0087,39.84215,18.97106,-80.35662
36.078961,-79.007993,11,0.06,137.8,-2.4,380803,-2.4,-2.40239,2.42094,9.72682,-0.02443,0.01161,-0.01038,39.82753,18.95645,-80.54662
36.078962,-79.007992,11,0.03,137.8,-2.37,381603,-2.37,-2.37308,2.41914,9.73281,-0.02413,0.01191,-0.00977,39.46215,19.20491,-79.81584
36.078962,-79.007992,11,0.03,137.7,-2.37,381803,-2.37,-2.3683,2.44905,9.734,-0.02138,0.01237,-0.00962,39.71061,18.98568,-79.20199
36.078963,-79.007993,11,0.13,137.7,-2.39,382603,-2.39,-2.38684,2.4323,9.7005,-0.02749,0.01084,-0.00702,39.34522,19.02952,-79.91815
36.078963,-79.007993,11,0.13,137.8,-2.37,382803,-2.37,-2.37488,2.42094,9.69273,-0.02611,0.01084,-0.00764,39.25753,19.08799,-80.34201
36.078963,-79.007997,11,0.13,137.8,-2.39,383603,-2.39,-2.39163,2.39342,9.68914,-0.02505,0.01924,-0.01023,39.50599,18.75183,-80.29816
36.078963,-79.007997,11,0.13,138.1,-2.38,383803,-2.38,-2.37906,2.3994,9.65504,-0.02107,0.01374,-0.00993,39.71061,19.02952,-80.48817
36.078962,-79.008,11,0.01,138.1,-2.4,384603,-2.4,-2.3994,2.38744,9.64008,-0.02474,0.01054,-0.00825,39.25753,18.75183,-80.69278
36.078962,-79.008,11,0.01,138.8,-2.36,384803,-2.36,-2.35573,2.40598,9.67478,-0.02337,0.01405,-0.01054,39.21368,18.62029,-80.19585
36.078963,-79.007998,11,0.14,138.8,-2.38,385603,-2.38,-2.38445,2.41017,9.67897,-0.02398,0.01313,-0.01038,40.38293,18.79567,-79.09968
36.078963,-79.007998,11,0.14,138.6,-2.4,385803,-2.4,-2.39581,2.42034,9.69811,-0.02398,0.01038,-0.00932,39.50599,18.59105,-79.99123
36.078965,-79.007998,11,0.15,138.6,-2.41,386603,-2.41,-2.41197,2.42572,9.72862,-0.02642,0.01115,-0.00886,39.73984,18.76644,-79.28968
36.078965,-79.007998,11,0.15,138.4,-2.38,386803,-2.38,-2.38445,2.40957,9.67837,-0.02367,0.01283,-0.00718,39.85677,19.1026,-79.75738
36.078966,-79.008,11,0.02,138.4,-2.39,387603,-2.39,-2.39342,2.41137,9.67119,-0.02398,0.01344,-0.01237,39.87138,18.9126,-80.29816
36.078966,-79.008,11,0.02,138.9,-2.4,387803,-2.4,-2.39641,2.39342,9.64068,-0.02337,0.01237,-0.00993,39.54984,18.82491,-79.09968
36.078959,-79.008015,11,0.02,138.9,-2.39,388603,-2.39,-2.38505,2.43769,9.67239,-0.02153,0.01191,-0.00901,39.53522,18.67875,-79.78661
36.078959,-79.008015,11,0.02,142.4,-2.38,388803,-2.38,-2.38146,2.41914,9.71965,-0.02031,0.01268,-0.01084,39.53522,18.79567,-80.15201
36.078951,-79.008028,11,0.06,142.4,-2.38,389603,-2.38,-2.37607,2.40658,9.69093,-0.02856,0.01374,-0.0087,39.22829,19.1026,-79.46507
36.078951,-79.008028,11,0.06,145.5,-2.37,389803,-2.37,-2.36889,2.42692,9.69273,-0.02642,0.01405,-0.00794,39.72523,19.14645,-80.45893
36.078949,-79.00803,11,0.0,145.5,-2.39,390603,-2.39,-2.39043,2.40539,9.69691,-0.02459,0.00886,-0.0113,39.65215,18.69337,-80.10815
36.078949,-79.00803,11,0.0,146.2,-2.36,390803,-2.36,-2.36112,2.42513,9.66042,-0.02306,0.01298,-0.00825,39.78369,18.6349,-79.05583
36.078952,-79.008028,11,0.01,146.2,-2.36,391603,-2.36,-2.35633,2.40479,9.7023,-0.02337,0.01237,-0.00565,39.28676,19.07337,-79.88892
36.078952,-79.008028,11,0.01,145.5,-2.39,391803,-2.39,-2.39163,2.42154,9.69093,-0.02505,0.01054,-0.00596,39.24291,19.00029,-80.23969
36.078953,-79.008029,11,0.02,145.5,-2.39,392603,-2.39,-2.39043,2.41675,9.68256,-0.02428,0.01344,-0.00886,39.59369,18.88337,-80.53201
36.078953,-79.008029,11,0.02,145.4,-2.37,392803,-2.37,-2.37248,2.39103,9.65923,-0.02031,0.01206,-0.00916,39.82753,18.62029,-79.61122
36.078956,-79.008027,11,0.02,145.4,-2.39,393603,-2.39,-2.39103,2.44008,9.6676,-0.02413,0.01023,-0.00672,40.03215,18.50336,-79.62584
36.078956,-79.008027,11,0.02,144.8,-2.37,393803,-2.37,-2.3659,2.41436,9.68435,-0.02291,0.01451,-0.00855,39.63753,18.66413,-79.65507
36.078958,-79.008026,11,0.07,144.8,-2.42,394603,-2.42,-2.42273,2.45922,9.67957,-0.02352,0.02169,-0.00489,39.50599,18.7226,-80.72201
36.078958,-79.008026,11,0.07,144.4,-2.41,394803,-2.41,-2.40718,2.41555,9.67717,-0.02795,0.01787,-0.00886,39.75446,19.04414,-80.32739
36.078961,-79.008025,11,0.08,144.4,-2.35,395603,-2.35,-2.34975,2.40539,9.67717,-0.02275,0.01558,-0.00535,39.66676,18.9126,-80.31277
36.078961,-79.008025,11,0.08,144,-2.38,395803,-2.38,-2.37667,2.38923,9.68555,-0.02245,0.01344,-0.00855,39.76907,18.75183,-79.99123
36.078962,-79.008026,11,0.07,144,-2.38,396603,-2.38,-2.38325,2.41914,9.66341,-0.02199,0.01191,-0.00977,39.53522,18.83952,-80.31277
36.078962,-79.008026,11,0.07,144.2,-2.38,396803,-2.38,-2.37906,2.40838,9.65564,-0.02245,0.01359,-0.00504,40.10523,18.89798,-80.63432
36.078963,-79.008023,11,0.01,144.2,-2.41,397603,-2.41,-2.41077,2.44905,9.72742,-0.02245,0.01145,-0.01115,39.91523,18.41567,-80.29816
36.078963,-79.008023,11,0.01,144,-2.38,397803,-2.38,-2.38445,2.41316,9.69572,-0.02734,0.01542,-0.00733,39.91523,18.47413,-80.59047
36.07896,-79.00803,11,0.08,144,-2.38,398603,-2.38,-2.38265,2.42513,9.69512,-0.02337,0.01374,-0.00901,39.53522,19.01491,-81.04356
36.07896,-79.00803,11,0.08,145.4,-2.37,398803,-2.37,-2.3659,2.42692,9.64128,-0.02428,0.01176,-0.01084,39.59369,19.05876,-79.90353
36.078961,-79.008033,11,0.02,145.4,-2.39,399603,-2.39,-2.38624,2.42034,9.68615,-0.02718,0.01329,-0.00825,39.85677,19.21953,-80.23969
36.078961,-79.008033,11,0.02,145.7,-2.41,399803,-2.41,-2.40539,2.41376,9.72264,-0.02092,0.01344,-0.0087,39.63753,19.14645,-80.61971
36.078964,-79.008034,11,0.1,145.7,-2.4,400603,-2.4,-2.39701,2.40658,9.71965,-0.01817,0.01436,-0.0113,40.266,18.2549,-79.962
36.078964,-79.008034,11,0.1,145.5,-2.42,400803,-2.42,-2.42453,2.41017,9.67119,-0.02382,0.01359,-0.00947,39.95908,18.69337,-80.44431
36.078966,-79.008034,11,0.06,145.5,-2.36,401603,-2.36,-2.36052,2.41496,9.67418,-0.02566,0.01359,-0.0055,40.8214,18.28413,-80.50278
36.078966,-79.008034,11,0.06,145.2,-2.39,401803,-2.39,-2.38744,2.41496,9.7005,-0.02092,0.0113,-0.00702,40.14908,18.28413,-79.90353
36.078968,-79.008036,11,0.03,145.2,-2.38,402603,-2.38,-2.37607,2.42154,9.71067,-0.0197,0.01405,-0.01161,40.266,18.32797,-81.14587
36.078968,-79.008036,11,0.03,145.2,-2.38,402803,-2.38,-2.38086,2.40778,9.72144,-0.02688,0.01145,-0.00886,39.87138,18.50336,-79.46507
36.078969,-79.008037,11,0.05,145.2,-2.38,403603,-2.38,-2.38206,2.40539,9.7023,-0.02703,0.01283,-0.00886,39.72523,18.66413,-80.64893
36.078969,-79.008037,11,0.05,145,-2.38,403803,-2.38,-2.37727,2.41316,9.70529,-0.02489,0.01695,-0.00794,39.82753,18.54721,-80.37124
36.078972,-79.008039,11,0.03,145,-2.36,404603,-2.36,-2.36351,2.41197,9.72144,-0.02077,0.01298,-0.01145,40.1637,18.73721,-80.26893
36.078972,-79.008039,11,0.03,145,-2.36,404803,-2.36,-2.35932,2.40479,9.67119,-0.02245,0.01497,-0.00825,40.076,18.88337,-80.66355
36.078972,-79.008043,11,0.17,145,-2.38,405603,-2.38,-2.38086,2.41077,9.7017,-0.02214,0.00977,-0.00993,39.71061,19.13183,-80.53201
36.078972,-79.008043,11,0.17,145.8,-2.39,405803,-2.39,-2.38564,2.40419,9.70888,-0.02398,0.01481,-0.00977,39.73984,18.4449,-79.45045
36.078974,-79.008043,11,0.07,145.8,-2.38,406603,-2.38,-2.38026,2.41197,9.69811,-0.02352,0.011,-0.00748,40.23677,18.26951,-79.69892
36.078974,-79.008043,11,0.07,145.7,-2.37,406803,-2.37,-2.36889,2.42991,9.73221,-0.0255,0.00916,-0.01038,39.76907,18.54721,-80.8974
36.078974,-79.008042,11,0.03,145.7,-2.39,407603,-2.39,-2.38804,2.44008,9.69811,-0.02107,0.01405,-0.00916,39.87138,18.6349,-80.13738
36.078974,-79.008042,11,0.03,145.6,-2.39,407803,-2.39,-2.38505,2.40658,9.7011,-0.02947,0.011,-0.0084,39.78369,18.38644,-79.772
36.078974,-79.008043,11,0.01,145.6,-2.38,408603,-2.38,-2.38265,2.41675,9.72024,-0.0255,0.01145,-0.00809,39.92985,18.3572,-79.75738
36.078974,-79.008043,11,0.01,145.7,-2.38,408803,-2.38,-2.37727,2.40957,9.7669,-0.02291,0.0113,-0.0058,39.49137,18.6349,-79.53815
36.078975,-79.008043,11,0.07,145.7,-2.39,409603,-2.39,-2.39402,2.40598,9.74058,-0.02611,0.01313,-0.00611,39.66676,18.7226,-79.18737
36.078975,-79.008043,11,0.07,145.7,-2.41,409803,-2.41,-2.40598,2.41914,9.71247,-0.02214,0.01176,-0.0087,38.89214,18.7226,-79.97662
36.078975,-79.008044,11,0.07,145.7,-2.39,410603,-2.39,-2.39222,2.4323,9.67179,-0.02337,0.01359,-0.00886,39.46215,19.05876,-78.77814
36.078975,-79.008044,11,0.07,145.7,-2.39,410803,-2.39,-2.38624,2.41675,9.71546,-0.02611,0.01176,-0.00947,40.01754,19.00029,-79.62584
36.078976,-79.008041,11,0.02,145.7,-2.37,411603,-2.37,-2.37129,2.42154,9.65803,-0.02489,0.01359,-0.00779,39.87138,19.11722,-79.43584
36.078976,-79.008041,11,0.02,145.3,-2.38,411803,-2.38,-2.38026,2.42812,9.71307,-0.02413,0.01527,-0.00657,39.78369,19.08799,-79.81584
36.078976,-79.008042,11,0.05,145.3,-2.38,412603,-2.38,-2.37547,2.42333,9.68076,-0.02902,0.01313,-0.01038,40.19292,18.69337,-79.93277
36.078976,-79.008042,11,0.05,145.3,-2.39,412803,-2.39,-2.38624,2.41017,9.70409,-0.02199,0.01344,-0.00825,39.72523,18.47413,-79.66969
36.078977,-79.008042,11,0.09,145.3,-2.38,413603,-2.38,-2.37607,2.41555,9.69093,-0.02306,0.01604,-0.00855,39.75446,18.94183,-78.90968
36.078977,-79.008042,11,0.09,145,-2.38,413803,-2.38,-2.37727,2.38445,9.69153,-0.02734,0.01191,-0.00886,39.54984,19.24876,-78.73429
36.078978,-79.008042,11,0.06,145,-2.36,414603,-2.36,-2.36052,2.42991,9.67059,-0.02107,0.0139,-0.0087,39.98831,18.94183,-80.13738
36.078978,-79.008042,11,0.06,144.7,-2.39,414803,-2.39,-2.38923,2.41675,9.74477,-0.0223,0.01161,-0.00886,40.01754,18.43028,-79.45045
36.078975,-79.008037,11,0.05,144.7,-2.39,415603,-2.39,-2.38624,2.36291,9.70888,-0.02001,0.01833,-0.0084,39.6083,19.14645,-80.07893
36.078975,-79.008037,11,0.05,144.5,-2.4,415803,-2.4,-2.40299,2.41855,9.72682,-0.02779,0.01588,-0.0087,40.11985,18.9126,-79.66969
36.078975,-79.008036,11,0.03,144.5,-2.39,416603,-2.39,-2.39103,2.41316,9.69452,-0.02352,0.01069,-0.00809,39.63753,19.1026,-79.94738
36.078975,-79.008036,11,0.03,144.6,-2.37,416803,-2.37,-2.37308,2.42991,9.72623,-0.02642,0.0142,-0.00748,39.75446,18.79567,-79.75738
36.078975,-79.008036,11,0.08,144.6,-2.38,417603,-2.38,-2.37667,2.41436,9.69033,-0.02443,0.01161,-0.00672,39.84215,18.6349,-78.88045
36.078975,-79.008036,11,0.08,144.6,-2.4,417803,-2.4,-2.4006,2.43829,9.71007,-0.02367,0.00932,-0.00901,39.47676,18.43028,-79.8597
36.078975,-79.008037,11,0.15,144.6,-2.36,418603,-2.36,-2.35573,2.40718,9.70589,-0.02627,0.01405,-0.00733,40.04677,18.57644,-79.71353
36.078975,-79.008037,11,0.15,144.9,-2.39,418803,-2.39,-2.39043,2.41735,9.69153,-0.02474,0.0084,-0.00702,39.886,18.47413,-80.23969
36.078976,-79.008036,11,0.22,144.9,-2.35,419603,-2.35,-2.34736,2.41914,9.67717,-0.02245,0.01497,-0.011,39.71061,18.47413,-80.25431
36.078976,-79.008036,11,0.22,144.7,-2.37,419803,-2.37,-2.3671,2.41197,9.75793,-0.01985,0.01222,-0.01084,39.82753,18.69337,-79.59661
36.078979,-79.008036,11,0.17,144.7,-2.11,420603,-2.11,-2.10688,2.69073,9.35773,-0.09423,-0.05162,-0.00809,39.97369,18.31336,-79.97662
36.078979,-79.008036,11,0.17,144.6,-2.29,420803,-2.29,-2.29113,2.37547,9.68196,-0.01985,0.00275,-0.01237,39.53522,18.82491,-80.38585
36.078976,-79.008038,11,0.18,144.6,-2.55,421603,-2.55,-2.54716,2.22293,9.68854,-0.05452,-0.00825,0.00137,40.48524,18.94183,-79.42122
36.078976,-79.008038,11,0.18,145.4,-2.33,421803,-2.33,-2.3342,2.47418,9.67059,-0.02611,0.02749,-0.01222,39.90061,18.41567,-79.962
36.078976,-79.008033,11,0.3,145.4,-2.37,422603,-2.37,-2.37189,2.41436,9.77109,-0.02627,0.01298,-0.00855,39.49137,18.45951,-79.81584
36.078976,-79.008033,11,0.3,145.2,-2.37,422803,-2.37,-2.36889,2.42393,9.73699,-0.02413,0.0084,-0.00886,40.01754,18.86875,-80.48817
36.078974,-79.008028,11,0.21,145.2,-2.38,423603,-2.38,-2.38265,2.40598,9.70649,-0.02718,0.0113,-0.00962,39.696,18.76644,-80.13738
36.078974,-79.008028,11,0.21,145,-2.37,423803,-2.37,-2.3665,2.42154,9.69931,-0.02902,0.01268,-0.00962,39.87138,19.16106,-79.962
36.078972,-79.008027,11,0.08,145,-2.36,424603,-2.36,-2.35873,2.38864,9.66521,-0.0168,0.01817,-0.00687,40.39754,18.98568,-79.69892
36.078972,-79.008027,11,0.08,145.3,-2.4,424803,-2.4,-2.4018,2.42572,9.71606,-0.02275,0.01497,-0.00886,40.13446,18.59105,-79.56738
36.078971,-79.008029,11,0.02,145.3,-2.38,425603,-2.38,-2.38086,2.42094,9.72862,-0.02352,0.01252,-0.01008,40.17831,19.07337,-78.83659
36.078971,-79.008029,11,0.02,145.5,-2.38,425803,-2.38,-2.38146,2.41675,9.734,-0.02199,0.01206,-0.00947,39.27214,18.79567,-79.18737
36.078969,-79.00803,11,0.06,145.5,-2.39,426603,-2.39,-2.38505,2.42034,9.72922,-0.02306,0.01268,-0.01023,39.66676,19.26337,-80.10815
36.078969,-79.00803,11,0.06,145.8,-2.39,426803,-2.39,-2.38804,2.40957,9.7358,-0.02474,0.01023,-0.01023,40.13446,18.60567,-79.87431
36.078967,-79.008031,11,0.02,145.8,-2.37,427603,-2.37,-2.37189,2.4347,9.7346,-0.02413,0.01161,-0.00825,39.52061,18.47413,-79.69892
36.078967,-79.008031,11,0.02,146,-2.37,427803,-2.37,-2.37189,2.42034,9.74956,-0.02398,0.01115,-0.01038,39.90061,18.22567,-79.33353
36.078966,-79.00803,11,0.05,146,-2.39,428603,-2.39,-2.39282,2.40479,9.73819,-0.0226,0.01405,-0.00657,39.35984,18.83952,-79.08507
36.078966,-79.00803,11,0.05,146,-2.39,428803,-2.39,-2.38804,2.43589,9.71067,-0.02474,0.00947,-0.00901,39.24291,18.9126,-80.21046
36.078964,-79.008029,11,0.01,146,-2.38,429603,-2.38,-2.37547,2.41855,9.82254,-0.02428,0.02428,-0.01115,43.87606,19.70184,-86.49518
36.078964,-79.008029,11,0.01,146,-2.29,429803,-2.29,-2.28993,2.38505,9.67358,-0.02092,-0.00168,-0.01268,45.19146,18.18182,-81.77434
36.078963,-79.008029,11,0.08,146,-2.39,430603,-2.39,-2.38624,2.38146,9.76212,-0.02046,0.00489,-0.00993,44.05145,19.21953,-82.81204
36.078963,-79.008029,11,0.08,145.8,-2.67,430803,-2.67,-2.66919,2.52383,8.95634,-0.02886,-0.05391,-0.01023,43.8176,18.53259,-81.92049
36.078964,-79.00803,11,0.09,145.8,-2.37,431603,-2.37,-2.37368,2.36231,9.73221,-0.0197,0.02062,-0.00916,43.5399,20.00877,-82.32973
36.078964,-79.00803,11,0.09,145.8,-2.33,431803,-2.33,-2.32702,2.34257,9.73161,-0.03879,0.02031,-0.0087,43.27682,20.05262,-81.52587
36.078961,-79.00803,11,0.02,145.8,-2.39,432603,-2.39,-2.39222,2.37488,9.67358,-0.02031,0.01359,-0.0087,42.58989,20.3157,-81.3651
36.078961,-79.00803,11,0.02,146,-2.39,432803,-2.39,-2.39163,2.42632,9.73759,-0.02092,0.01756,-0.00687,42.96989,20.43262,-81.39433
36.07896,-79.008029,11,0.09,146,-2.38,433603,-2.38,-2.37787,2.40718,9.68256,-0.02107,0.00825,-0.0084,43.05759,20.33031,-81.3651
36.07896,-79.008029,11,0.09,146,-2.36,433803,-2.36,-2.36291,2.40838,9.72982,-0.02291,0.01054,-0.00672,42.72143,20.27185,-81.5551
36.078958,-79.008026,11,0.08,146,-2.39,434603,-2.39,-2.38864,2.40957,9.72503,-0.02902,0.01054,-0.00886,42.39988,20.6957,-81.80357
36.078958,-79.008026,11,0.08,146.3,-2.36,434803,-2.36,-2.36231,2.40359,9.7029,-0.02978,0.01405,-0.0084,42.22449,20.47647,-81.78895
36.078959,-79.008028,11,0.05,146.3,-2.37,435603,-2.37,-2.37129,2.42213,9.69871,-0.02489,0.00199,-0.00702,42.18065,20.56416,-81.99357
36.078959,-79.008028,11,0.05,146.4,-2.39,435803,-2.39,-2.38564,2.42931,9.68974,-0.02505,0.00733,-0.00962,42.6922,20.16954,-82.51974
36.078957,-79.008029,11,0.1,146.4,-2.37,436603,-2.37,-2.37009,2.41974,9.73939,-0.02184,0.01145,-0.00947,42.63373,19.96492,-82.60742
36.078957,-79.008029,11,0.1,146.7,-2.42,436803,-2.42,-2.41974,2.41735,9.68555,-0.02734,0.01436,-0.00947,42.48758,20.16954,-81.94972
36.078953,-79.00803,11,0.07,146.7,-2.42,437603,-2.42,-2.41675,2.41496,9.67657,-0.02825,0.01115,-0.00794,42.96989,20.52032,-82.65127
36.078953,-79.00803,11,0.07,146.7,-2.37,437803,-2.37,-2.3665,2.41376,9.71785,-0.02092,0.01069,-0.0084,42.76527,20.12569,-81.73049
36.078957,-79.008033,11,0.1,146.7,-2.39,438603,-2.39,-2.38923,2.40539,9.69392,-0.0252,0.01161,-0.00443,42.63373,20.14031,-82.13972
36.078957,-79.008033,11,0.1,147,-2.37,438803,-2.37,-2.37009,2.42273,9.7029,-0.02428,0.01497,-0.01069,42.9845,20.27185,-81.5551
36.078958,-79.008034,11,0.07,147,-2.41,439603,-2.41,-2.40838,2.4329,9.69572,-0.0255,0.01405,-0.00718,42.61912,20.44724,-81.51125
36.078958,-79.008034,11,0.07,146.9,-2.37,439803,-2.37,-2.37428,2.42812,9.6999,-0.02489,0.01161,-0.00855,42.38527,20.43262,-81.45279
36.078959,-79.008032,11,0.18,146.9,-2.39,440603,-2.39,-2.38624,2.40419,9.68914,-0.02153,0.01283,-0.00916,42.67758,19.848,-81.87664
36.078959,-79.008032,11,0.18,146.6,-2.38,440803,-2.38,-2.37547,2.39581,9.66641,-0.02505,0.01176,-0.00596,42.23911,20.24262,-81.30663
36.078961,-79.008032,11,0.2,146.6,-2.4,441603,-2.4,-2.4012,2.41316,9.72982,-0.02169,0.01023,-0.01084,39.79831,19.30722,-79.20199
36.078961,-79.008032,11,0.2,146.3,-2.36,441803,-2.36,-2.35633,2.39701,9.71247,-0.02352,0.00993,-0.00794,39.4183,19.32183,-79.69892
36.078961,-79.008033,11,0.06,146.3,-2.37,442603,-2.37,-2.37248,2.41017,9.70349,-0.02092,0.01054,-0.00916,38.99445,19.07337,-79.52354
36.078961,-79.008033,11,0.06,146.3,-2.39,442803,-2.39,-2.38505,2.41555,9.72802,-0.0223,0.01023,-0.011,39.44753,19.14645,-80.10815
36.07896,-79.008033,11,0.02,146.3,-2.4,443603,-2.4,-2.3988,2.42034,9.71366,-0.02352,0.01604,-0.00565,40.28062,19.04414,-80.45893
36.07896,-79.008033,11,0.02,146.1,-2.38,443803,-2.38,-2.37906,2.42393,9.72443,-0.02428,0.01191,-0.00962,39.57907,18.98568,-80.97047
36.07896,-79.008032,11,0.21,146.1,-2.38,444603,-2.38,-2.37847,2.41735,9.72443,-0.02245,0.01206,-0.00886,39.79831,19.30722,-79.83046
36.07896,-79.008032,11,0.21,145.9,-2.38,444803,-2.38,-2.38265,2.42333,9.76391,-0.02566,0.01222,-0.01054,39.49137,19.21953,-79.94738
36.078958,-79.008034,11,0.03,145.9,-2.39,445603,-2.39,-2.39462,2.42154,9.71187,-0.02596,0.01268,-0.00932,39.68138,19.01491,-79.72815
36.078958,-79.008034,11,0.03,146.2,-2.38,445803,-2.38,-2.38445,2.4018,9.72742,-0.02077,0.01191,-0.00825,39.25753,18.78106,-80.09354
36.078955,-79.008038,11,0.08,146.2,-2.38,446603,-2.38,-2.37667,2.4012,9.69572,-0.02459,0.00977,-0.0087,39.71061,18.50336,-80.02046
36.078955,-79.008038,11,0.08,147.4,-2.4,446803,-2.4,-2.4018,2.40658,9.71546,-0.02611,0.0139,-0.00779,39.54984,19.30722,-79.64046
36.078956,-79.008035,11,0.16,147.4,-2.39,447603,-2.39,-2.38744,2.41017,9.68914,-0.02489,0.00977,-0.00855,39.30138,19.23414,-79.58199
36.078956,-79.008035,11,0.16,147.1,-2.35,447803,-2.35,-2.34915,2.42273,9.6999,-0.02199,0.01268,-0.01023,39.35984,19.49722,-79.56738
36.078956,-79.008042,11,0.1,147.1,-2.38,448603,-2.38,-2.37787,2.39163,9.70469,-0.02749,0.01054,-0.00916,39.49137,19.1026,-79.45045
36.078956,-79.008042,11,0.1,148.1,-2.38,448803,-2.38,-2.37547,2.4341,9.74776,-0.0252,0.01206,-0.011,39.91523,19.1026,-79.71353
36.078955,-79.00803,11,0.16,148.1,-2.37,449603,-2.37,-2.3677,2.41615,9.6999,-0.02978,0.00504,-0.00702,38.90675,19.00029,-80.72201
36.078955,-79.00803,11,0.16,146.6,-2.37,449803,-2.37,-2.37488,2.39821,9.70828,-0.02459,0.01741,-0.00718,39.46215,18.89798,-79.34814
36.078951,-79.00803,11,0.1,146.6,-2.38,450603,-2.38,-2.37667,2.40598,9.72922,-0.02642,0.01374,-0.01191,39.3306,18.94183,-80.45893
36.078951,-79.00803,11,0.1,146.8,-2.37,450803,-2.37,-2.37308,2.40539,9.74298,-0.02596,0.01115,-0.00809,39.34522,19.40953,-80.25431
36.078948,-79.008026,11,0.13,146.8,-2.39,451603,-2.39,-2.39163,2.41795,9.72503,-0.02428,0.01008,-0.00748,39.4183,19.07337,-80.06431
36.078948,-79.008026,10,0.13,146.9,-2.38,451803,-2.38,-2.38086,2.41077,9.71665,-0.02581,0.0113,-0.00412,39.53522,18.6349,-80.12277
36.078946,-79.008027,10,0.09,146.9,-2.36,452603,-2.36,-2.36231,2.42393,9.72503,-0.02611,0.01115,-0.011,39.25753,19.26337,-78.74891
36.078946,-79.008027,10,0.09,147.6,-2.38,452803,-2.38,-2.38445,2.3988,9.71546,-0.02566,0.01176,-0.01023,39.75446,18.47413,-80.59047
36.078941,-79.008021,10,0.48,147.6,-2.39,453603,-2.39,-2.39103,2.40778,9.68794,-0.02795,0.01008,-0.00718,39.25753,19.11722,-80.29816
36.078941,-79.008021,10,0.48,147.5,-2.4,453803,-2.4,-2.4006,2.45683,9.6682,-0.0255,0.00397,-0.00855,39.28676,19.23414,-80.41508
36.078935,-79.008017,10,0.12,147.5,-2.4,454603,-2.4,-2.4012,2.43948,9.68196,-0.02611,0.01252,-0.00932,39.49137,19.19029,-80.03508
36.078935,-79.008017,11,0.12,148.2,-2.38,454803,-2.38,-2.38086,2.40658,9.72204,-0.02535,0.01649,-0.00901,39.53522,19.51184,-80.54662
36.078931,-79.008017,11,0.09,148.2,-2.4,455603,-2.4,-2.39821,2.40897,9.72024,-0.02611,0.00748,-0.011,39.27214,19.05876,-80.92663
36.078931,-79.008017,11,0.09,148.9,-2.34,455803,-2.34,-2.33539,2.41855,9.70589,-0.02718,0.01329,-0.00702,39.696,18.76644,-80.02046
36.078928,-79.008015,11,0.02,148.9,-2.41,456603,-2.41,-2.40778,2.41615,9.74716,-0.02657,0.01359,-0.01206,39.22829,19.14645,-79.56738
36.078928,-79.008015,11,0.02,149.3,-2.39,456803,-2.39,-2.38983,2.3988,9.70649,-0.02443,0.01252,-0.0084,39.72523,18.54721,-79.4943
36.078923,-79.008016,11,0.08,149.3,-2.38,457603,-2.38,-2.38385,2.41795,9.71905,-0.02413,0.01542,-0.00932,39.68138,19.20491,-79.43584
36.078923,-79.008016,11,0.08,150,-2.39,457803,-2.39,-2.38983,2.41376,9.72024,-0.02337,0.01512,-0.00641,39.34522,18.79567,-79.46507
36.078921,-79.008015,11,0.02,150,-2.37,458603,-2.37,-2.36889,2.40718,9.7011,-0.02535,0.01283,-0.01237,38.99445,18.89798,-80.80971
36.078921,-79.008015,11,0.02,150.2,-2.37,458803,-2.37,-2.37189,2.40479,9.70469,-0.0252,0.011,-0.00764,39.62292,19.20491,-79.45045
36.078919,-79.008015,11,0.06,150.2,-2.4,459603,-2.4,-2.40479,2.39641,9.68076,-0.02367,0.01466,-0.00733,39.4183,19.00029,-79.50891
36.078919,-79.008015,11,0.06,150.7,-2.39,459803,-2.39,-2.39043,2.41137,9.72742,-0.02474,0.01405,-0.00702,39.28676,18.79567,-80.09354
36.078916,-79.008015,11,0.03,150.7,-2.35,460603,-2.35,-2.35214,2.41137,9.65085,-0.02703,0.01069,-0.01054,38.83368,19.21953,-79.40661
36.078916,-79.008015,11,0.03,151.2,-2.4,460803,-2.4,-2.4006,2.41017,9.72443,-0.02581,0.01451,-0.01084,39.47676,18.43028,-80.28354
36.078914,-79.008015,11,0.05,151.2,-2.37,461603,-2.37,-2.37189,2.40539,9.69931,-0.02291,0.01038,-0.01145,39.75446,18.86875,-80.40047
36.078914,-79.008015,11,0.05,151.6,-2.39,461803,-2.39,-2.38505,2.41555,9.69871,-0.0281,0.0113,-0.00657,39.08214,18.86875,-80.19585
36.078913,-79.008017,11,0.0,151.6,-2.4,462603,-2.4,-2.39641,2.41256,9.75673,-0.02688,0.01023,-0.00947,39.28676,18.7226,-80.32739
36.078913,-79.008017,11,0.0,151.9,-2.37,462803,-2.37,-2.3665,2.41555,9.69512,-0.02657,0.01252,-0.00718,39.56445,18.66413,-80.00585
36.078915,-79.008017,11,0.05,151.9,-2.38,463603,-2.38,-2.37667,2.3988,9.72084,-0.02123,0.01176,-0.01008,39.62292,18.88337,-79.59661
36.078915,-79.008017,10,0.05,152,-2.38,463803,-2.38,-2.38086,2.41436,9.7017,-0.02825,0.00947,-0.00641,39.49137,18.83952,-79.69892
36.078914,-79.008016,10,0.06,152,-2.38,464603,-2.38,-2.38325,2.41735,9.74357,-0.02459,0.01252,-0.00428,39.22829,18.89798,-79.31891
36.078914,-79.008016,11,0.06,152.3,-2.38,464803,-2.38,-2.37727,2.3994,9.67717,-0.02398,0.01436,-0.00397,39.71061,18.62029,-79.87431
36.078916,-79.008016,11,0.1,152.3,-2.4,465603,-2.4,-2.3988,2.41735,9.71127,-0.02321,0.01038,-0.01023,39.68138,19.01491,-80.07893
36.078916,-79.008016,11,0.1,152.3,-2.38,465803,-2.38,-2.37847,2.40479,9.71845,-0.02367,0.01451,-0.01222,39.54984,19.33645,-80.31277
36.078918,-79.008017,11,0.07,152.3,-2.39,466603,-2.39,-2.39462,2.42453,9.70349,-0.0197,0.01237,-0.01161,39.54984,18.13797,-79.50891
36.078918,-79.008017,11,0.07,152.3,-2.4,466803,-2.4,-2.39581,2.4012,9.72922,-0.02443,0.01069,-0.01023,39.57907,18.48874,-80.13738
36.07892,-79.008018,11,0.03,152.3,-2.41,467603,-2.41,-2.40598,2.3988,9.71546,-0.02489,0.00779,-0.00611,39.76907,19.05876,-80.15201
36.07892,-79.008018,11,0.03,152.2,-2.39,467803,-2.39,-2.39163,2.41615,9.68734,-0.02275,0.01023,-0.01069,39.44753,18.45951,-80.32739
36.078918,-79.008019,11,0.05,152.2,-2.39,468603,-2.39,-2.39222,2.42572,9.67478,-0.02688,0.01359,-0.0084,39.11137,18.56182,-79.93277
36.078918,-79.008019,11,0.05,152.5,-2.36,468803,-2.36,-2.35753,2.41974,9.70469,-0.02596,0.01695,-0.00962,38.8629,18.40105,-80.64893
36.078917,-79.008018,11,0.1,152.5,-2.41,469603,-2.41,-2.41316,2.42871,9.72623,-0.0307,0.01283,-0.00825,39.37445,18.76644,-79.88892
36.078917,-79.008018,11,0.1,152.5,-2.38,469803,-2.38,-2.38026,2.41615,9.66222,-0.02352,0.01268,-0.0084,39.73984,18.86875,-79.65507
36.078916,-79.00802,11,0.01,152.5,-2.35,470603,-2.35,-2.34556,2.4006,9.68555,-0.02306,0.01451,-0.00962,39.24291,18.85414,-79.65507
36.078916,-79.00802,11,0.01,152.8,-2.37,470803,-2.37,-2.37368,2.42632,9.66102,-0.031,0.01115,-0.01008,39.25753,18.24028,-79.27506
36.078915,-79.008019,11,0.07,152.8,-2.4,471603,-2.4,-2.40479,2.40598,9.64008,-0.02398,0.01145,-0.00657,39.696,18.66413,-79.20199
36.078915,-79.008019,11,0.07,152.8,-2.4,471803,-2.4,-2.39761,2.41376,9.67957,-0.02489,0.01161,-0.00748,39.44753,18.12336,-79.84508
36.078913,-79.008018,11,0.17,152.8,-2.39,472603,-2.39,-2.38505,2.37488,9.66222,-0.02673,0.01069,-0.00473,39.1406,17.99182,-79.59661
36.078913,-79.008018,11,0.17,152.7,-2.38,472803,-2.38,-2.38086,2.41974,9.7017,-0.02581,0.01497,-0.00993,39.696,18.34259,-79.17275
36.078912,-79.008018,11,0.25,152.7,-2.39,473603,-2.39,-2.38744,2.41256,9.67239,-0.02199,0.01451,-0.00916,39.82753,18.81029,-80.59047
36.078912,-79.008018,11,0.25,152.8,-2.36,473803,-2.36,-2.36291,2.39462,9.69751,-0.02596,0.01405,-0.00886,39.66676,18.32797,-79.50891
36.078911,-79.00802,11,0.14,152.8,-2.37,474603,-2.37,-2.37308,2.44008,9.68495,-0.02214,0.01222,-0.0084,39.49137,18.40105,-80.04969
36.078911,-79.00802,11,0.14,152.9,-2.38,474803,-2.38,-2.38385,2.40658,9.74298,-0.02596,0.00901,-0.00947,39.40368,18.67875,-80.21046
36.07891,-79.008022,11,0.08,152.9,-2.38,475603,-2.38,-2.38325,2.41914,9.66341,-0.02596,0.01191,-0.01191,39.91523,18.56182,-79.1143
36.07891,-79.008022,11,0.08,152.9,-2.38,475803,-2.38,-2.38325,2.41137,9.66521,-0.02535,0.01665,-0.00657,40.076,19.08799,-79.27506
36.078909,-79.008023,11,0.06,152.9,-2.36,476603,-2.36,-2.36291,2.39821,9.66401,-0.02092,0.00122,-0.00855,39.68138,19.21953,-81.24817
36.078909,-79.008023,11,0.06,153.1,-2.38,476803,-2.38,-2.38206,2.41077,9.64547,-0.02443,0.01634,-0.011,39.50599,18.57644,-80.26893
36.078907,-79.008025,11,0.09,153.1,-2.39,477603,-2.39,-2.39402,2.43051,9.65803,-0.02978,0.00397,-0.00489,40.19292,18.83952,-81.0874
36.078907,-79.008025,11,0.09,153.1,-2.38,477803,-2.38,-2.38325,2.42034,9.68136,-0.02352,0.01634,-0.01084,40.41216,19.26337,-81.30663
36.078907,-79.008026,11,0.12,153.1,-2.4,478603,-2.4,-2.39701,2.41974,9.70708,-0.03375,0.01985,-0.01359,40.28062,18.09412,-80.98509
36.078907,-79.008026,11,0.12,153,-2.46,478803,-2.46,-2.45504,2.40299,9.61915,-0.03192,0.01023,-0.00702,39.91523,18.75183,-81.14587
36.078907,-79.008027,11,0.07,153,-2.37,479603,-2.37,-2.36949,2.39282,9.65145,-0.01878,0.0029,-0.01237,39.95908,18.56182,-80.61971
36.078907,-79.008027,11,0.07,152.8,-2.37,479803,-2.37,-2.37248,2.40778,9.68495,-0.02673,0.01008,-0.00886,40.29523,18.62029,-80.97047
36.078907,-79.008029,11,0.07,152.8,-2.37,480603,-2.37,-2.3665,2.3988,9.62991,-0.02749,0.00626,-0.00809,40.29523,18.10874,-81.49664
36.078907,-79.008029,11,0.07,152.7,-2.39,480803,-2.39,-2.39222,2.3988,9.64726,-0.02749,0.00641,-0.0087,39.886,18.37182,-81.54048
36.078906,-79.008029,11,0.12,152.7,-2.38,481603,-2.38,-2.38265,2.42513,9.67358,-0.02046,0.01466,-0.01191,39.98831,18.2549,-80.76585
36.078906,-79.008029,11,0.12,152.8,-2.4,481803,-2.4,-2.39821,2.41376,9.6676,-0.02275,0.01573,-0.00718,40.076,18.07951,-81.77434
36.078906,-79.008029,11,0.01,152.8,-2.36,482603,-2.36,-2.35753,2.41555,9.62453,-0.02505,0.0084,-0.01191,40.33908,18.29874,-81.35048
36.078906,-79.008029,11,0.01,152.6,-2.39,482803,-2.39,-2.39163,2.40897,9.51326,-0.02077,0.01084,-0.00901,40.06139,18.28413,-80.78048
36.078906,-79.008028,11,0.03,152.6,-2.37,483603,-2.37,-2.37189,2.37607,9.50369,-0.02291,0.01313,-0.00779,39.92985,18.51798,-81.32125
36.078906,-79.008028,11,0.03,152.4,-2.36,483803,-2.36,-2.35813,2.41675,9.66162,-0.02642,0.01069,-0.00886,40.1637,18.70798,-80.35662
36.078906,-79.008027,11,0.09,152.4,-2.38,484603,-2.38,-2.37607,2.40718,9.61975,-0.02963,0.01237,-0.01038,40.61678,18.98568,-80.92663
36.078906,-79.008027,11,0.09,152.2,-2.4,484803,-2.4,-2.40239,2.40239,9.68256,-0.02367,0.0142,-0.00977,40.77755,18.81029,-80.7074
36.078904,-79.008024,11,0.07,152.2,-2.38,485603,-2.38,-2.37727,2.41376,9.70589,-0.02306,0.01374,-0.01115,40.57293,18.67875,-81.2774
36.078904,-79.008024,11,0.07,151.9,-2.38,485803,-2.38,-2.38385,2.40359,9.68734,-0.02077,0.0139,-0.00855,40.20754,18.73721,-80.59047
36.078902,-79.008022,11,0.05,151.9,-2.42,486603,-2.42,-2.41974,2.41795,9.68914,-0.01939,0.01344,-0.00733,40.52908,18.78106,-82.1105
36.078902,-79.008022,11,0.05,151.9,-2.39,486803,-2.39,-2.38744,2.40539,9.6999,-0.0252,0.01772,-0.00535,40.266,18.53259,-82.03741
36.078899,-79.008019,11,0.03,151.9,-2.4,487603,-2.4,-2.4012,2.40479,9.70708,-0.0171,0.01817,-0.00611,40.20754,19.02952,-80.99971
36.078899,-79.008019,11,0.03,152.1,-2.38,487803,-2.38,-2.38385,2.39222,9.66162,-0.02459,0.01481,-0.01145,40.11985,19.02952,-82.50511
36.078893,-79.008021,11,0.13,152.1,-2.39,488603,-2.39,-2.39462,2.41197,9.64906,-0.02673,0.0142,-0.00718,39.76907,19.08799,-81.78895
36.078893,-79.008021,11,0.13,152.8,-2.37,488803,-2.37,-2.37129,2.37847,9.69632,-0.02917,0.01329,-0.00611,40.19292,19.07337,-81.37971
36.078888,-79.008021,11,0.05,152.8,-2.38,489603,-2.38,-2.38265,2.39522,9.71067,-0.02673,0.01145,-0.00794,40.03215,18.94183,-80.73663
36.078888,-79.008021,11,0.05,153.3,-2.4,489803,-2.4,-2.40239,2.43051,9.67179,-0.02428,0.01619,-0.00748,39.91523,19.46799,-80.97047
36.078886,-79.008019,11,0.02,153.3,-2.37,490603,-2.37,-2.37368,2.41316,9.73699,-0.02703,0.01313,-0.00367,39.84215,19.80415,-81.65741
36.078886,-79.008019,11,0.02,153.4,-2.37,490803,-2.37,-2.37428,2.4012,9.71785,-0.02581,0.01176,-0.00901,40.13446,19.77492,-81.90588
36.078883,-79.008016,11,0.15,153.4,-2.38,491603,-2.38,-2.37906,2.40598,9.69691,-0.02505,0.01176,-0.00641,40.42678,19.42414,-82.1105
36.078883,-79.008016,11,0.15,153.5,-2.38,491803,-2.38,-2.37847,2.41496,9.74776,-0.02398,0.00733,-0.00748,39.57907,19.67261,-82.31511
36.078879,-79.008016,11,0.06,153.5,-2.41,492603,-2.41,-2.41376,2.41974,9.71307,-0.02978,0.01191,-0.0055,39.92985,19.27799,-80.16662
36.078879,-79.008016,10,0.06,154,-2.36,492803,-2.36,-2.36112,2.41256,9.70888,-0.01726,0.01695,-0.00733,39.85677,18.66413,-80.56124
36.078878,-79.008015,10,0.05,154,-2.38,493603,-2.38,-2.38086,2.4,9.7011,-0.02214,0.01527,-0.00748,40.00293,18.56182,-81.59895
36.078878,-79.008015,10,0.05,154.2,-2.39,493803,-2.39,-2.38684,2.41197,9.6676,-0.02153,0.01252,-0.00947,40.23677,18.54721,-81.49664
36.078874,-79.00801,10,0.08,154.2,-2.39,494603,-2.39,-2.39163,2.38804,9.68136,-0.02107,0.01268,-0.01268,39.79831,19.14645,-81.56972
36.078874,-79.00801,10,0.08,154.9,-2.38,494803,-2.38,-2.38206,2.39103,9.69512,-0.01909,0.01298,-0.01038,40.48524,19.13183,-82.19818
36.078871,-79.008007,10,0.07,154.9,-2.36,495603,-2.36,-2.36351,2.40838,9.72563,-0.01985,0.01222,-0.01268,40.30985,19.16106,-81.43818
36.078871,-79.008007,10,0.07,155.4,-2.39,495803,-2.39,-2.38804,2.40239,9.72742,-0.02169,0.01512,-0.0084,39.46215,18.94183,-82.25665
36.07887,-79.008005,10,0.05,155.4,-2.39,496603,-2.39,-2.39282,2.38983,9.68316,-0.02535,0.00916,-0.00794,40.55832,18.89798,-81.71587
36.07887,-79.008005,11,0.05,155.7,-2.36,496803,-2.36,-2.35992,2.43171,9.70529,-0.01833,0.01649,-0.00718,40.266,19.2926,-82.32973
36.078869,-79.008004,11,0.16,155.7,-2.38,497603,-2.38,-2.38206,2.41675,9.69153,-0.02841,0.01145,-0.01023,40.38293,18.75183,-81.74511
36.078869,-79.008004,11,0.16,155.7,-2.37,497803,-2.37,-2.37308,2.40299,9.69452,-0.02535,0.01405,-0.00596,40.6314,18.78106,-81.65741
36.078868,-79.008004,11,0.03,155.7,-2.36,498603,-2.36,-2.35693,2.41137,9.72862,-0.02413,0.01054,-0.01069,40.14908,18.66413,-81.99357
36.078868,-79.008004,11,0.03,155.7,-2.39,498803,-2.39,-2.39402,2.41077,9.72982,-0.02199,0.01206,-0.00855,40.06139,19.23414,-81.67203
36.078868,-79.008004,11,0.06,155.7,-2.39,499603,-2.39,-2.39462,2.41974,9.7358,-0.02169,0.0139,-0.01084,40.39754,19.2926,-81.11664
36.078868,-79.008004,11,0.06,155.7,-2.37,499803,-2.37,-2.36889,2.41137,9.70708,-0.02214,0.01283,-0.00702,40.04677,18.82491,-81.40895
36.078866,-79.008006,11,0.09,155.7,-2.35,500603,-2.35,-2.34975,2.39821,9.69632,-0.01878,0.02321,-0.01191,39.46215,18.94183,-81.35048
36.078866,-79.008006,11,0.09,156.2,-2.38,500803,-2.38,-2.37787,2.41316,9.71366,-0.02352,0.01512,-0.00718,39.50599,19.01491,-82.47588
36.078868,-79.008007,11,0.01,156.2,-2.38,501603,-2.38,-2.37727,2.39103,9.65085,-0.02275,0.01222,-0.00901,39.79831,19.52645,-82.3005
36.078868,-79.008007,11,0.01,155.9,-2.4,501803,-2.4,-2.39581,2.40598,9.69033,-0.02123,0.0139,-0.01054,40.30985,19.24876,-81.26279
36.078872,-79.008003,11,0.02,155.9,-2.38,502603,-2.38,-2.37607,2.40897,9.67179,-0.0252,0.01405,-0.00947,39.84215,18.98568,-82.00819
36.078872,-79.008003,11,0.02,155,-2.38,502803,-2.38,-2.38026,2.39761,9.70589,-0.02566,0.01115,-0.01115,39.6083,19.24876,-81.9351
36.078873,-79.008005,11,0.07,155,-2.38,503603,-2.38,-2.37847,2.42513,9.70409,-0.02352,0.01588,-0.00428,39.94446,19.14645,-81.78895
36.078873,-79.008005,11,0.07,155,-2.38,503803,-2.38,-2.37667,2.42632,9.70349,-0.02123,0.01191,-0.00779,40.13446,19.08799,-81.23356
36.078874,-79.008004,11,0.06,155,-2.36,504603,-2.36,-2.36411,2.39641,9.70948,-0.0255,0.01313,-0.00977,40.67524,19.13183,-82.16895
36.078874,-79.008004,11,0.06,154.7,-2.38,504803,-2.38,-2.37966,2.41496,9.66042,-0.02291,0.01161,-0.01038,40.25139,19.17568,-81.77434
36.078874,-79.008007,11,0.03,154.7,-2.39,505603,-2.39,-2.38983,2.38086,9.68555,-0.02764,0.01619,-0.00596,40.29523,18.97106,-79.90353
36.078874,-79.008007,10,0.03,155.1,-2.38,505803,-2.38,-2.38265,2.3988,9.68974,-0.02214,0.01527,-0.00886,40.3537,18.9126,-80.19585
36.078878,-79.00801,10,0.06,155.1,-2.35,506603,-2.35,-2.35454,2.39043,9.68794,-0.02795,0.01344,-0.00825,39.72523,19.19029,-79.61122
36.078878,-79.00801,11,0.06,154.9,-2.38,506803,-2.38,-2.37906,2.37966,9.72324,-0.02092,0.01848,-0.0084,39.19906,18.31336,-80.03508
36.078883,-79.008011,11,0.05,154.9,-2.43,507603,-2.43,-2.4341,2.4006,9.69871,-0.00565,0.01802,-0.01038,39.59369,18.38644,-79.58199
36.078883,-79.008011,11,0.05,154.7,-2.35,507803,-2.35,-2.34975,2.40598,9.75434,-0.01726,0.01329,-0.01283,39.76907,19.08799,-79.52354
36.078886,-79.008013,11,0.06,154.7,-2.34,508603,-2.34,-2.34317,2.36471,9.7669,-0.0171,0.00993,-0.011,39.91523,19.51184,-79.24583
36.078886,-79.008013,11,0.06,154.4,-2.39,508803,-2.39,-2.39103,2.39821,9.65564,-0.03039,0.01237,-0.00733,39.59369,18.83952,-79.93277
36.078892,-79.008013,11,0.09,154.4,-2.37,509603,-2.37,-2.3677,2.38146,9.75195,-0.02779,0.011,-0.00733,40.03215,18.89798,-79.45045
36.078892,-79.008013,11,0.09,153.9,-2.35,509803,-2.35,-2.34975,2.41555,9.64607,-0.03222,0.01237,-0.00993,40.17831,18.97106,-80.47355
36.078896,-79.008011,11,0.25,153.9,-2.34,510603,-2.34,-2.33839,2.4006,9.65803,-0.01909,0.00886,-0.00962,39.97369,18.75183,-79.59661
36.078896,-79.008011,11,0.25,153.3,-2.38,510803,-2.38,-2.37966,2.39163,9.66222,-0.02703,0.0139,-0.00886,40.32447,18.94183,-80.44431
36.078902,-79.00801,11,0.09,153.3,-2.36,511603,-2.36,-2.36052,2.38086,9.79502,-0.02077,0.01542,-0.0087,40.25139,19.17568,-80.16662
36.078902,-79.00801,11,0.09,152.7,-2.38,511803,-2.38,-2.37607,2.4347,9.64547,-0.0255,0.00993,-0.0084,40.14908,18.70798,-80.35662
36.078908,-79.00801,11,0.02,152.7,-2.38,512603,-2.38,-2.37667,2.38385,9.667,-0.01939,0.01604,-0.01008,40.28062,19.48261,-79.772
36.078908,-79.00801,11,0.02,152.2,-2.35,512803,-2.35,-2.34616,2.4006,9.52702,-0.01848,0.01344,-0.01115,39.72523,18.62029,-80.18124
36.078913,-79.008009,11,0.12,152.2,-2.38,513603,-2.38,-2.37607,2.42632,9.65265,-0.01863,0.01206,-0.01176,40.28062,18.73721,-80.59047
36.078913,-79.008009,11,0.12,151.5,-2.37,513803,-2.37,-2.37428,2.39821,9.61496,-0.03131,0.01359,-0.0087,39.98831,18.95645,-80.56124
36.078918,-79.008006,11,0.07,151.5,-2.41,514603,-2.41,-2.41316,2.41256,9.66341,-0.02443,0.01436,-0.0087,40.13446,18.73721,-79.40661
36.078918,-79.008006,11,0.07,150.4,-2.38,514803,-2.38,-2.38086,2.38265,9.64367,-0.03207,0.00657,-0.00794,39.76907,19.2926,-80.03508
36.07892,-79.008004,11,0.0,150.4,-2.38,515603,-2.38,-2.37607,2.38325,9.69452,-0.02169,0.01084,-0.01161,39.98831,18.82491,-79.91815
36.07892,-79.008004,11,0.0,149.7,-2.35,515803,-2.35,-2.35454,2.41376,9.70768,-0.02703,0.01161,-0.00993,39.85677,18.54721,-79.962
36.078921,-79.008003,11,0.02,149.7,-2.39,516603,-2.39,-2.38804,2.41077,9.67119,-0.02138,0.01145,-0.01084,40.14908,18.66413,-80.41508
36.078921,-79.008003,11,0.02,149,-2.37,516803,-2.37,-2.37189,2.41137,9.67598,-0.0252,0.01481,-0.00764,39.73984,18.66413,-79.42122
36.078923,-79.008001,11,0.02,149,-2.38,517603,-2.38,-2.38325,2.38505,9.64786,-0.03039,0.01054,-0.0058,39.92985,18.75183,-79.26045
36.078923,-79.008001,11,0.02,148.1,-2.36,517803,-2.36,-2.36052,2.42273,9.65085,-0.02581,0.01268,-0.0058,40.36831,19.20491,-78.95352
36.078924,-79.007999,11,0.05,148.1,-2.36,518603,-2.36,-2.36351,2.35932,9.67957,-0.01527,0.02031,-0.00932,39.37445,19.02952,-78.82198
36.078924,-79.007999,11,0.05,147.2,-2.36,518803,-2.36,-2.35693,2.39581,9.67358,-0.02107,0.01466,-0.0087,39.65215,18.29874,-78.47121
36.078925,-79.007998,11,0.07,147.2,-2.35,519603,-2.35,-2.35454,2.3683,9.65384,-0.01909,0.01619,-0.00977,39.38907,18.94183,-79.12891
36.078925,-79.007998,11,0.07,146.5,-2.35,519803,-2.35,-2.35155,2.40359,9.64068,-0.02138,0.01527,-0.00962,39.696,18.79567,-79.62584
36.078927,-79.007997,11,0.05,146.5,-2.39,520603,-2.39,-2.39103,2.42752,9.65145,-0.02443,0.01573,-0.00702,39.71061,18.53259,-79.42122
36.078927,-79.007997,11,0.05,145.8,-2.37,520803,-2.37,-2.37069,2.42632,9.70349,-0.02474,0.01237,-0.00687,39.87138,18.88337,-79.24583
36.078929,-79.007995,11,0.09,145.8,-2.37,521603,-2.37,-2.3683,2.40897,9.73101,-0.02367,0.01145,-0.01023,39.44753,19.07337,-79.39199
36.078929,-79.007995,11,0.09,145.1,-2.39,521803,-2.39,-2.39282,2.41974,9.73221,-0.02566,0.00993,-0.011,39.90061,19.62876,-79.52354
36.078932,-79.007994,11,0.06,145.1,-2.37,522603,-2.37,-2.37248,2.42632,9.72383,-0.02505,0.01588,-0.00977,39.18445,19.00029,-79.1143
36.078932,-79.007994,11,0.06,144.3,-2.37,522803,-2.37,-2.37129,2.39641,9.73101,-0.02611,0.01649,-0.0087,40.04677,18.60567,-80.47355
36.078938,-79.007994,11,0.01,144.3,-2.38,523603,-2.38,-2.38265,2.4329,9.7029,-0.02184,0.01023,-0.00611,39.87138,19.39491,-79.90353
36.078938,-79.007994,11,0.01,143.3,-2.37,523803,-2.37,-2.37488,2.3994,9.73041,-0.02062,0.01298,-0.01008,39.82753,19.14645,-79.66969
36.078942,-79.007993,11,0.1,143.3,-2.38,524603,-2.38,-2.38146,2.39821,9.71307,-0.0223,0.01298,-0.00764,39.44753,19.3803,-80.15201
36.078942,-79.007993,11,0.1,142.8,-2.37,524803,-2.37,-2.37428,2.40658,9.67837,-0.02107,0.01145,-0.01008,39.4183,19.49722,-80.02046
36.078946,-79.007994,11,0.13,142.8,-2.39,525603,-2.39,-2.38864,2.42393,9.75195,-0.02169,0.01283,-0.00733,40.03215,18.66413,-79.61122
36.078946,-79.007994,11,0.13,142.7,-2.36,525803,-2.36,-2.35873,2.42034,9.72682,-0.02871,0.01268,-0.00932,38.99445,19.07337,-79.40661
36.078948,-79.007994,11,0.0,142.7,-2.37,526603,-2.37,-2.3683,2.42154,9.70589,-0.01909,0.011,-0.00993,39.49137,19.45338,-79.6843
36.078948,-79.007994,11,0.0,142.6,-2.38,526803,-2.38,-2.38325,2.40539,9.7334,-0.02642,0.01206,-0.011,39.54984,19.04414,-79.93277
36.078949,-79.007995,11,0.07,142.6,-2.37,527603,-2.37,-2.37189,2.37488,9.76092,-0.02734,0.01451,-0.00855,39.886,19.24876,-79.50891
36.078949,-79.007995,11,0.07,142.5,-2.34,527803,-2.34,-2.34138,2.41316,9.72383,-0.0226,0.01939,-0.01436,39.43291,18.64952,-79.07045
36.078952,-79.007996,11,0.03,142.5,-2.36,528603,-2.36,-2.35693,2.39462,9.72802,-0.02306,0.01084,-0.00886,39.30138,19.05876,-79.37738
36.078952,-79.007996,11,0.03,142.3,-2.39,528803,-2.39,-2.39103,2.40718,9.68495,-0.01878,0.00932,-0.01084,39.3306,19.35107,-78.74891
36.078951,-79.007996,11,0.09,142.3,-2.37,529603,-2.37,-2.37368,2.43111,9.75973,-0.03039,0.00535,-0.0055,39.02368,19.26337,-79.99123
36.078951,-79.007996,11,0.09,142,-2.4,529803,-2.4,-2.39821,2.41436,9.74417,-0.02505,0.01237,-0.00825,38.99445,19.13183,-80.07893
36.078951,-79.007996,11,0.03,142,-2.36,530603,-2.36,-2.35813,2.41855,9.71905,-0.02245,0.01069,-0.01054,39.4183,19.1026,-80.07893
36.078951,-79.007996,11,0.03,142,-2.38,530803,-2.38,-2.38265,2.39701,9.73699,-0.02596,0.01344,-0.00641,39.09676,18.85414,-79.69892
36.078952,-79.007996,11,0.08,142,-2.37,531603,-2.37,-2.37308,2.42333,9.7358,-0.02382,0.01527,-0.01069,39.08214,19.54107,-79.14352
36.078952,-79.007996,11,0.08,141.9,-2.37,531803,-2.37,-2.36889,2.39103,9.72982,-0.02703,0.0113,-0.00916,39.03829,18.62029,-79.45045
36.07895,-79.007997,11,0.02,141.9,-2.37,532603,-2.37,-2.37308,2.42154,9.73699,-0.0226,0.01374,-0.01161,39.1406,19.21953,-79.8597
36.07895,-79.007997,11,0.02,141.9,-2.37,532803,-2.37,-2.3683,2.39342,9.7346,-0.02382,0.01237,-0.00794,38.77521,19.24876,-79.91815
36.078946,-79.007998,11,0.01,141.9,-2.36,533603,-2.36,-2.36172,2.43051,9.73759,-0.02459,0.01298,-0.00764,39.4183,19.16106,-79.88892
36.078946,-79.007998,11,0.01,141.8,-2.38,533803,-2.38,-2.37607,2.42393,9.6999,-0.02443,0.011,-0.00809,39.65215,19.5703,-79.28968
36.078946,-79.007999,11,0.02,141.8,-2.38,534603,-2.38,-2.37607,2.40299,9.69273,-0.02428,0.01115,-0.01374,39.59369,19.48261,-79.1143
36.078946,-79.007999,11,0.02,141.8,-2.37,534803,-2.37,-2.37308,2.40299,9.75853,-0.02489,0.0139,-0.01008,39.57907,19.05876,-79.18737
36.078947,-79.008001,11,0.01,141.8,-2.39,535603,-2.39,-2.39103,2.38983,9.78365,-0.02657,0.0055,-0.01252,39.09676,19.64338,-79.74277
36.078947,-79.008001,11,0.01,141.6,-2.36,535803,-2.36,-2.35932,2.42393,9.71725,-0.02153,0.01038,-0.00702,39.696,19.39491,-79.69892
36.078946,-79.008002,11,0.01,141.6,-2.38,536603,-2.38,-2.38325,2.4347,9.72563,-0.02505,0.01038,-0.00825,39.21368,20.21339,-79.27506
36.078946,-79.008002,11,0.01,141.6,-2.38,536803,-2.38,-2.37966,2.41974,9.73281,-0.02459,0.01558,-0.00687,39.06752,20.12569,-79.90353
36.078946,-79.008003,11,0.06,141.6,-2.39,537603,-2.39,-2.39163,2.42333,9.73639,-0.02077,0.01924,-0.00886,38.97983,19.14645,-79.6843
36.078946,-79.008003,11,0.06,141.8,-2.39,537803,-2.39,-2.38804,2.41555,9.71546,-0.02627,0.01115,-0.00932,39.34522,19.36568,-79.69892
36.078947,-79.008004,11,0.03,141.8,-2.38,538603,-2.38,-2.37547,2.42393,9.72503,-0.02306,0.01374,-0.01008,39.24291,19.24876,-79.15814
36.078947,-79.008004,11,0.03,141.9,-2.4,538803,-2.4,-2.3988,2.40359,9.71785,-0.02321,0.01527,-0.00473,39.6083,18.9126,-79.12891
36.078949,-79.008007,11,0.02,141.9,-2.36,539603,-2.36,-2.35992,2.42752,9.74298,-0.02657,0.01008,-0.00626,39.78369,19.2926,-79.26045
36.078949,-79.008007,11,0.02,141.9,-2.39,539803,-2.39,-2.38804,2.42692,9.7352,-0.02764,0.01054,-0.01069,39.52061,19.20491,-78.41275
36.07895,-79.008008,11,0.07,141.9,-2.37,540603,-2.37,-2.37308,2.40239,9.73939,-0.02245,0.0139,-0.0087,39.06752,19.54107,-79.04122
36.07895,-79.008008,11,0.07,141.8,-2.39,540803,-2.39,-2.38804,2.38445,9.70888,-0.02199,0.01283,-0.00993,39.15522,19.51184,-79.37738
36.078957,-79.008014,11,0.13,141.8,-2.37,541603,-2.37,-2.3659,2.42513,9.72922,-0.01787,0.01542,-0.00687,39.31599,19.35107,-78.70506
36.078957,-79.008014,11,0.13,141.8,-2.37,541803,-2.37,-2.37248,2.43051,9.71905,-0.02291,0.01542,-0.0084,39.38907,19.17568,-78.39812
36.078962,-79.008019,11,0.09,141.8,-2.37,542603,-2.37,-2.37488,2.4012,9.72563,-0.02673,0.01329,-0.00733,39.40368,19.35107,-78.82198
36.078962,-79.008019,11,0.09,141.8,-2.4,542803,-2.4,-2.39821,2.40359,9.7352,-0.02291,0.01374,-0.00764,39.34522,19.58492,-78.73429
36.078967,-79.008022,11,0.06,141.8,-2.36,543603,-2.36,-2.36172,2.42094,9.76331,-0.02169,0.01054,-0.0113,39.40368,19.23414,-78.23736
36.078967,-79.008022,11,0.06,142,-2.38,543803,-2.38,-2.38086,2.41555,9.72324,-0.02871,0.01084,-0.00993,39.66676,19.21953,-78.57352
36.078969,-79.008024,11,0.05,142,-2.38,544603,-2.38,-2.37607,2.38684,9.70529,-0.02337,0.01069,-0.00489,39.21368,19.52645,-79.12891
36.078969,-79.008024,11,0.05,142.3,-2.38,544803,-2.38,-2.37727,2.38983,9.68914,-0.02535,0.01069,-0.00947,39.18445,19.86261,-79.33353
36.07897,-79.008024,11,0.02,142.3,-2.35,545603,-2.35,-2.35454,2.41077,9.7663,-0.02413,0.01084,-0.01054,39.1406,19.67261,-79.93277
36.07897,-79.008024,11,0.02,142.6,-2.34,545803,-2.34,-2.34377,2.41197,9.7334,-0.01985,0.01466,-0.00901,39.16983,19.54107,-78.92429
36.07897,-79.008025,11,0.03,142.6,-2.38,546603,-2.38,-2.37966,2.41316,9.71426,-0.02062,0.01268,-0.00825,40.13446,19.19029,-79.40661
36.07897,-79.008025,11,0.03,142.9,-2.39,546803,-2.39,-2.39462,2.39581,9.74597,-0.02474,0.01542,-0.00794,39.52061,19.08799,-79.36276
36.07897,-79.008025,11,0.1,142.9,-2.38,547603,-2.38,-2.37667,2.40718,9.74597,-0.02275,0.01436,-0.00962,39.4183,20.02338,-78.74891
36.07897,-79.008025,11,0.1,143.1,-2.37,547803,-2.37,-2.3683,2.41017,9.7334,-0.02673,0.01329,-0.01054,39.47676,19.73107,-79.33353
36.07897,-79.008025,11,0.02,143.1,-2.37,548603,-2.37,-2.37248,2.42154,9.75075,-0.02459,0.01359,-0.00626,39.34522,19.30722,-78.82198
36.07897,-79.008025,11,0.02,143.4,-2.37,548803,-2.37,-2.37069,2.42213,9.74417,-0.02611,0.01283,-0.00855,39.03829,19.95031,-79.24583
36.078969,-79.008025,11,0.01,143.4,-2.38,549603,-2.38,-2.38086,2.40598,9.71606,-0.0252,0.0139,-0.00702,39.28676,19.62876,-78.80737
36.078969,-79.008025,11,0.01,143.8,-2.38,549803,-2.38,-2.37667,2.37966,9.70768,-0.01985,0.01191,-0.01069,39.21368,19.55569,-79.07045
36.078969,-79.008025,11,0.01,143.8,-2.37,550603,-2.37,-2.36889,2.39402,9.70409,-0.02657,0.01802,-0.00611,38.81906,19.77492,-78.95352
36.078969,-79.008025,11,0.01,144.2,-2.38,550803,-2.38,-2.37547,2.41974,9.72982,-0.02581,0.011,-0.00855,38.7606,19.90646,-78.44198
36.078967,-79.008025,11,0.0,144.2,-2.39,551603,-2.39,-2.38505,2.41555,9.71905,-0.02184,0.01008,-0.00886,38.96522,19.89184,-79.81584
36.078967,-79.008025,11,0.0,144.7,-2.39,551803,-2.39,-2.39222,2.41197,9.77707,-0.02489,0.00916,-0.0055,38.83368,19.87723,-80.19585
36.078964,-79.008024,11,0.02,144.7,-2.38,552603,-2.38,-2.38206,2.40957,9.75673,-0.0252,0.01344,-0.00855,38.89214,19.40953,-78.79275
36.078964,-79.008024,11,0.02,145.2,-2.37,552803,-2.37,-2.37488,2.41077,9.72324,-0.0197,0.01481,-0.00809,38.97983,19.33645,-78.89507
36.078962,-79.008022,11,0.0,145.2,-2.37,553603,-2.37,-2.37189,2.43171,9.72982,-0.02459,0.01237,-0.0113,39.24291,18.98568,-78.9389
36.078962,-79.008022,11,0.0,145.6,-2.38,553803,-2.38,-2.37727,2.41675,9.73998,-0.02062,0.01206,-0.00962,39.09676,19.73107,-79.24583
36.078958,-79.00802,11,0.05,145.6,-2.36,554603,-2.36,-2.35992,2.4006,9.7023,-0.02398,0.01115,-0.00916,39.27214,19.55569,-79.21661
36.078958,-79.00802,11,0.05,145.9,-2.37,554803,-2.37,-2.36531,2.42154,9.72443,-0.02382,0.0139,-0.00916,39.22829,19.658,-79.37738
36.078954,-79.008015,11,0.07,145.9,-2.37,555603,-2.37,-2.37189,2.39821,9.72742,-0.02275,0.0113,-0.00702,39.44753,19.93569,-79.66969
36.078954,-79.008015,11,0.07,146.1,-2.39,555803,-2.39,-2.38505,2.42213,9.77289,-0.02306,0.01344,-0.0084,38.73137,19.26337,-79.66969
36.078949,-79.008011,11,0.08,146.1,-2.38,556603,-2.38,-2.37727,2.41735,9.74118,-0.02459,0.01329,-0.00977,39.16983,19.74569,-79.50891
36.078949,-79.008011,11,0.08,146.3,-2.39,556803,-2.39,-2.39103,2.41974,9.69572,-0.02153,0.01542,-0.01054,39.00906,19.62876,-79.43584
36.078948,-79.00801,11,0.2,146.3,-2.37,557603,-2.37,-2.36889,2.41316,9.71845,-0.02367,0.01252,-0.01008,39.56445,19.59953,-79.39199
36.078948,-79.00801,11,0.2,146.3,-2.39,557803,-2.39,-2.39043,2.42393,9.72084,-0.02764,0.01466,-0.00809,39.49137,19.24876,-80.22508
36.078947,-79.008009,11,0.09,146.3,-2.37,558603,-2.37,-2.3665,2.41256,9.75973,-0.0223,0.01451,-0.00825,39.71061,19.08799,-79.84508
36.078947,-79.008009,11,0.09,146.3,-2.39,558803,-2.39,-2.38804,2.4018,9.734,-0.02306,0.0142,-0.01023,39.11137,18.88337,-80.31277
36.078947,-79.008008,11,0.05,146.3,-2.38,559603,-2.38,-2.38026,2.42871,9.76989,-0.02596,0.01466,-0.0113,39.44753,19.08799,-79.59661
36.078947,-79.008008,11,0.05,146.2,-2.36,559803,-2.36,-2.35992,2.42273,9.71187,-0.02459,0.0142,-0.00947,39.28676,19.27799,-79.62584
36.078946,-79.008006,11,0.02,146.2,-2.37,560603,-2.37,-2.37189,2.42333,9.734,-0.02382,0.01268,-0.00855,39.40368,19.32183,-80.29816
36.078946,-79.008006,11,0.02,146.2,-2.39,560803,-2.39,-2.38864,2.39761,9.69213,-0.02275,0.01512,-0.00748,38.97983,19.27799,-79.71353
36.078945,-79.008005,11,0.06,146.2,-2.39,561603,-2.39,-2.39163,2.41436,9.75673,-0.02138,0.01069,-0.00764,39.44753,18.85414,-79.26045
36.078945,-79.008005,11,0.06,146,-2.38,561803,-2.38,-2.38445,2.41197,9.69452,-0.02291,0.01206,-0.00809,39.4183,19.21953,-79.45045
36.078944,-79.008003,11,0.05,146,-2.39,562603,-2.39,-2.38923,2.40718,9.74238,-0.02184,0.01329,-0.00916,38.97983,19.16106,-79.24583
36.078944,-79.008003,11,0.05,145.9,-2.37,562803,-2.37,-2.3683,2.38265,9.71905,-0.02153,0.01955,-0.00779,39.15522,18.75183,-78.98275
36.078944,-79.007999,11,0.03,145.9,-2.38,563603,-2.38,-2.38026,2.41017,9.74477,-0.02321,0.01252,-0.00825,39.11137,19.04414,-79.50891
36.078944,-79.007999,11,0.03,145.1,-2.38,563803,-2.38,-2.38445,2.41555,9.72982,-0.02245,0.01344,-0.00947,39.37445,18.9126,-79.45045
36.078944,-79.007996,11,0.02,145.1,-2.37,564603,-2.37,-2.37009,2.38684,9.70948,-0.02107,0.0142,-0.01222,39.19906,19.2926,-78.9389
36.078944,-79.007996,11,0.02,144.6,-2.38,564803,-2.38,-2.38265,2.41615,9.73699,-0.02734,0.0113,-0.01084,39.15522,19.07337,-79.61122
36.078943,-79.007997,11,0.07,144.6,-2.37,565603,-2.37,-2.37069,2.41017,9.73759,-0.02474,0.01252,-0.01084,39.75446,19.48261,-78.60275
36.078943,-79.007997,11,0.07,144.6,-2.37,565803,-2.37,-2.37129,2.41376,9.75315,-0.02367,0.01069,-0.00641,38.7606,19.00029,-79.50891
36.078943,-79.007997,11,0.01,144.6,-2.38,566603,-2.38,-2.38265,2.41914,9.76152,-0.02398,0.01161,-0.00886,38.99445,19.19029,-79.31891
36.078943,-79.007997,11,0.01,144.6,-2.38,566803,-2.38,-2.37966,2.41795,9.72264,-0.02382,0.01298,-0.00886,38.78983,19.55569,-79.17275
36.078944,-79.007999,11,0.05,144.6,-2.37,567603,-2.37,-2.36889,2.4006,9.72024,-0.02352,0.01573,-0.00993,39.12599,19.05876,-79.20199
36.078944,-79.007999,11,0.05,144.9,-2.37,567803,-2.37,-2.3683,2.41436,9.73221,-0.02398,0.01329,-0.01008,39.00906,19.848,-80.04969
36.078948,-79.008003,11,0.05,144.9,-2.36,568603,-2.36,-2.36231,2.41316,9.77348,-0.02321,0.00977,-0.01084,39.08214,19.96492,-78.42736
36.078948,-79.008003,11,0.05,144.9,-2.37,568803,-2.37,-2.36531,2.42632,9.73699,-0.02352,0.01359,-0.01268,39.11137,19.42414,-79.26045
36.078949,-79.008004,11,0.03,144.9,-2.38,569603,-2.38,-2.38206,2.42154,9.75255,-0.02306,0.01023,-0.01054,38.96522,19.48261,-79.17275
36.078949,-79.008004,11,0.03,145,-2.38,569803,-2.38,-2.37547,2.42453,9.72802,-0.02611,0.0113,-0.011,39.06752,19.39491,-79.21661
36.078948,-79.008005,11,0.0,145,-2.39,570603,-2.39,-2.39342,2.39641,9.72682,-0.02581,0.01527,-0.00886,39.1406,19.30722,-79.50891
36.078948,-79.008005,11,0.0,145.3,-2.37,570803,-2.37,-2.3671,2.39581,9.70948,-0.02535,0.01436,-0.0113,38.96522,19.58492,-78.86583
36.078947,-79.008004,11,0.02,145.3,-2.36,571603,-2.36,-2.36112,2.40957,9.71067,-0.02291,0.01176,-0.00718,39.22829,19.32183,-78.85121
36.078947,-79.008004,11,0.02,145.2,-2.39,571803,-2.39,-2.38505,2.41017,9.7358,-0.02184,0.01527,-0.01252,38.92137,19.83338,-79.81584
36.078947,-79.008003,11,0.08,145.2,-2.36,572603,-2.36,-2.36112,2.40718,9.72623,-0.02566,0.01283,-0.00794,38.7606,19.1026,-79.20199
36.078947,-79.008003,11,0.08,145.3,-2.4,572803,-2.4,-2.40299,2.41555,9.72862,-0.02337,0.01191,-0.00886,38.77521,19.3803,-79.27506
36.078946,-79.008,11,0.07,145.3,-2.37,573603,-2.37,-2.3671,2.41137,9.72802,-0.02459,0.011,-0.01115,38.99445,19.16106,-79.52354
36.078946,-79.008,11,0.07,144.9,-2.39,573803,-2.39,-2.38564,2.4018,9.72144,-0.01726,0.01191,-0.00962,38.92137,19.97954,-78.73429
36.078949,-79.007997,11,0.08,144.9,-2.38,574603,-2.38,-2.38146,2.42333,9.73819,-0.02398,0.01436,-0.00535,39.18445,19.89184,-79.1143
36.078949,-79.007997,11,0.08,144,-2.36,574803,-2.36,-2.36411,2.41855,9.75075,-0.02413,0.01451,-0.00657,39.52061,19.86261,-78.66121
36.078952,-79.007996,11,0.18,144,-2.37,575603,-2.37,-2.37488,2.41197,9.71486,-0.0223,0.01451,-0.011,39.24291,20.09646,-79.58199
36.078952,-79.007996,11,0.18,143.4,-2.37,575803,-2.37,-2.3671,2.41974,9.70948,-0.02199,0.01374,-0.00764,39.06752,19.97954,-79.46507
36.078953,-79.007994,11,0.02,143.4,-2.37,576603,-2.37,-2.36889,2.40539,9.71247,-0.02367,0.0139,-0.01115,39.24291,20.16954,-79.39199
36.078953,-79.007994,11,0.02,143.1,-2.4,576803,-2.4,-2.39641,2.39282,9.73041,-0.02321,0.01268,-0.00733,39.1406,19.3803,-79.36276
36.078952,-79.007992,11,0.08,143.1,-2.37,577603,-2.37,-2.37428,2.42572,9.73041,-0.02184,0.01481,-0.00794,39.38907,19.55569,-79.36276
36.078952,-79.007992,11,0.08,143.1,-2.33,577803,-2.33,-2.32822,2.42812,9.71725,-0.02398,0.01405,-0.00504,39.37445,20.00877,-78.99737
36.078952,-79.007991,11,0.03,143.1,-2.37,578603,-2.37,-2.37488,2.41615,9.71187,-0.0226,0.01084,-0.01069,39.05291,19.59953,-78.80737
36.078952,-79.007991,11,0.03,143.3,-2.37,578803,-2.37,-2.37009,2.40718,9.73879,-0.02352,0.01252,-0.00886,38.99445,19.39491,-79.94738
36.078951,-79.007989,11,0.03,143.3,-2.38,579603,-2.38,-2.37906,2.40718,9.72503,-0.02779,0.0142,-0.01054,38.8629,19.64338,-79.61122
36.078951,-79.007989,11,0.03,143.2,-2.4,579803,-2.4,-2.39701,2.40957,9.72982,-0.02016,0.00932,-0.0087,39.21368,19.73107,-79.56738
36.078953,-79.007989,11,0.0,143.2,-2.39,580603,-2.39,-2.38983,2.42213,9.71965,-0.02398,0.01283,-0.01008,39.50599,19.30722,-79.84508
36.078953,-79.007989,11,0.0,143.1,-2.38,580803,-2.38,-2.38026,2.41496,9.73161,-0.02474,0.01374,-0.0087,39.15522,19.40953,-78.98275
36.078956,-79.007993,11,0.07,143.1,-2.38,581603,-2.38,-2.38206,2.41077,9.71486,-0.02764,0.01145,-0.01191,39.30138,19.43876,-79.64046
36.078956,-79.007993,11,0.07,143.2,-2.37,581803,-2.37,-2.36531,2.41436,9.72443,-0.02398,0.01573,-0.00977,39.40368,19.83338,-79.61122
36.078957,-79.007996,11,0.1,143.2,-2.37,582603,-2.37,-2.37189,2.42572,9.69572,-0.02489,0.01374,-0.01206,39.85677,20.12569,-79.4943
36.078957,-79.007996,11,0.1,143.4,-2.38,582803,-2.38,-2.38385,2.41496,9.73041,-0.02306,0.01283,-0.01054,39.95908,20.18416,-79.81584
36.078958,-79.007996,11,0.02,143.4,-2.37,583603,-2.37,-2.37428,2.39282,9.70529,-0.02581,0.01084,-0.00916,39.43291,19.99415,-78.5589
36.078958,-79.007996,11,0.02,143,-2.38,583803,-2.38,-2.38325,2.42213,9.72204,-0.02413,0.01298,-0.00977,39.24291,19.90646,-79.55276
36.078958,-79.007995,11,0.01,143,-2.37,584603,-2.37,-2.37189,2.40658,9.72503,-0.02123,0.00916,-0.00993,38.80444,20.12569,-78.74891
36.078958,-79.007995,11,0.01,142.7,-2.39,584803,-2.39,-2.39163,2.41197,9.75315,-0.0171,0.01298,-0.0087,39.53522,20.15493,-79.27506
36.078957,-79.007996,11,0.03,142.7,-2.36,585603,-2.36,-2.35992,2.40598,9.73998,-0.02077,0.01451,-0.01008,39.59369,19.86261,-79.58199
36.078957,-79.007996,11,0.03,142.7,-2.37,585803,-2.37,-2.3659,2.38864,9.72682,-0.02352,0.01451,-0.0084,39.84215,19.46799,-79.83046
36.078956,-79.007996,11,0.07,142.7,-2.37,586603,-2.37,-2.37129,2.4012,9.7017,-0.02459,0.00993,-0.00825,39.72523,19.46799,-79.83046
36.078956,-79.007996,11,0.07,142.6,-2.4,586803,-2.4,-2.39522,2.42991,9.67478,-0.0223,0.01329,-0.00993,39.46215,19.33645,-78.96814
36.078956,-79.007995,11,0.02,142.6,-2.39,587603,-2.39,-2.39282,2.41795,9.74477,-0.02092,0.01237,-0.00748,39.75446,19.62876,-79.50891
36.078956,-79.007995,11,0.02,142.3,-2.36,587803,-2.36,-2.35813,2.40299,9.72144,-0.02428,0.01497,-0.01023,39.52061,19.78954,-80.69278
36.078955,-79.007993,11,0.13,142.3,-2.39,588603,-2.39,-2.38983,2.38983,9.73639,-0.02535,0.01329,-0.00962,39.43291,19.87723,-79.56738
36.078955,-79.007993,11,0.13,141.8,-2.38,588803,-2.38,-2.37787,2.40718,9.71905,-0.02245,0.01161,-0.00932,39.43291,19.86261,-79.56738
36.078954,-79.007993,11,0.07,141.8,-2.37,589603,-2.37,-2.37488,2.39581,9.72383,-0.02443,0.01252,-0.01038,39.44753,19.97954,-79.80122
36.078954,-79.007993,11,0.07,141.7,-2.38,589803,-2.38,-2.37787,2.40897,9.75494,-0.02535,0.01313,-0.01008,39.54984,20.15493,-78.71967
36.078953,-79.007992,11,0.09,141.7,-2.36,590603,-2.36,-2.36172,2.41855,9.71965,-0.02214,0.01176,-0.00825,39.53522,19.33645,-78.70506
36.078953,-79.007992,11,0.09,141.5,-2.4,590803,-2.4,-2.40299,2.42513,9.71247,-0.02428,0.01527,-0.00794,39.85677,19.87723,-78.98275
36.078952,-79.007992,11,0.03,141.5,-2.38,591603,-2.38,-2.37667,2.41197,9.72563,-0.0197,0.01329,-0.00702,39.66676,20.28647,-79.83046
36.078952,-79.007992,11,0.03,141.4,-2.37,591803,-2.37,-2.37189,2.41496,9.75195,-0.02184,0.01451,-0.00886,39.43291,19.93569,-79.61122
36.078951,-79.007991,11,0.06,141.4,-2.37,592603,-2.37,-2.37428,2.41974,9.70589,-0.02917,0.01115,-0.01161,39.72523,19.54107,-80.40047
36.078951,-79.007991,11,0.06,141.4,-2.37,592803,-2.37,-2.37009,2.39701,9.70888,-0.0223,0.01176,-0.01008,39.27214,19.35107,-78.89507
36.078949,-79.00799,11,0.09,141.4,-2.36,593603,-2.36,-2.36291,2.41137,9.6999,-0.02184,0.01008,-0.00855,39.19906,19.70184,-79.26045
36.078949,-79.00799,11,0.09,141.4,-2.37,593803,-2.37,-2.36531,2.39163,9.70469,-0.02535,0.01573,-0.0084,39.34522,19.21953,-79.23122
36.078947,-79.00799,11,0.01,141.4,-2.37,594603,-2.37,-2.37069,2.41316,9.72084,-0.02398,0.0139,-0.01054,38.83368,19.43876,-80.19585
36.078947,-79.00799,11,0.01,141.1,-2.41,594803,-2.41,-2.41077,2.41017,9.74656,-0.0223,0.01359,-0.00901,38.73137,19.07337,-79.74277
36.078946,-79.007989,11,0.05,141.1,-2.35,595603,-2.35,-2.35155,2.42572,9.70708,-0.02627,0.01298,-0.00962,38.83368,19.61415,-79.88892
36.078946,-79.007989,11,0.05,140.7,-2.37,595803,-2.37,-2.3665,2.41436,9.72204,-0.02657,0.01252,-0.00794,38.96522,19.848,-80.03508
36.078947,-79.007989,11,0.05,140.7,-2.36,596603,-2.36,-2.36172,2.41137,9.73101,-0.02321,0.01206,-0.01176,38.45367,20.09646,-79.83046
36.078947,-79.007989,11,0.05,140.5,-2.37,596803,-2.37,-2.3671,2.40658,9.71127,-0.02581,0.01374,-0.00886,39.00906,19.64338,-79.74277
36.078946,-79.007989,11,0.02,140.5,-2.39,597603,-2.39,-2.38564,2.40957,9.734,-0.02046,0.01344,-0.00565,38.93598,19.1026,-79.55276
36.078946,-79.007989,11,0.02,140.4,-2.36,597803,-2.36,-2.36172,2.41615,9.69931,-0.02581,0.01069,-0.00779,39.31599,19.35107,-79.90353
36.078946,-79.007993,11,0.05,140.4,-2.38,598603,-2.38,-2.37727,2.4006,9.71067,-0.01833,0.01268,-0.01069,39.22829,19.92108,-79.72815
36.078946,-79.007993,11,0.05,140.7,-2.39,598803,-2.39,-2.38624,2.41735,9.72204,-0.02398,0.01069,-0.00886,38.6729,19.80415,-79.33353
36.078945,-79.007994,11,0.07,140.7,-2.4,599603,-2.4,-2.40239,2.43649,9.74298,-0.02382,0.01298,-0.00886,39.08214,18.78106,-80.66355
36.078945,-79.007994,11,0.07,140.9,-2.35,599803,-2.35,-2.35454,2.41496,9.72802,-0.02337,0.01359,-0.01023,38.93598,19.61415,-80.09354
36.078944,-79.007996,11,0.06,140.9,-2.37,600603,-2.37,-2.37428,2.40359,9.6694,-0.0226,0.01191,-0.00947,38.61444,19.81877,-80.04969
36.078944,-79.007996,11,0.06,140.9,-2.38,600803,-2.38,-2.38206,2.41376,9.72084,-0.02077,0.01145,-0.01008,38.77521,19.64338,-79.94738
36.078944,-79.007996,11,0.06,140.9,-2.38,601603,-2.38,-2.37966,2.40957,9.72862,-0.02428,0.0168,-0.0055,38.74598,19.3803,-79.83046
36.078944,-79.007996,11,0.06,140.9,-2.39,601803,-2.39,-2.38564,2.42812,9.75793,-0.0223,0.01145,-0.01038,39.02368,19.90646,-79.47968
36.078943,-79.007997,11,0.12,140.9,-2.37,602603,-2.37,-2.37308,2.41256,9.70888,-0.02535,0.01069,-0.01145,39.18445,19.89184,-79.58199
36.078943,-79.007997,11,0.12,140.9,-2.4,602803,-2.4,-2.39581,2.41914,9.71725,-0.02535,0.01466,-0.00764,39.34522,19.80415,-79.83046
36.078942,-79.007996,11,0.13,140.9,-2.37,603603,-2.37,-2.37308,2.42991,9.72802,-0.02413,0.00977,-0.0113,39.21368,20.33031,-79.88892
36.078942,-79.007996,11,0.13,140.7,-2.38,603803,-2.38,-2.37966,2.41197,9.72922,-0.02107,0.01359,-0.00855,39.28676,19.848,-80.56124
36.078941,-79.007995,11,0.01,140.7,-2.39,604603,-2.39,-2.38564,2.41256,9.72204,-0.0226,0.01344,-0.00962,39.43291,20.15493,-79.09968
36.078941,-79.007995,11,0.01,140.7,-2.37,604803,-2.37,-2.37069,2.41675,9.7023,-0.02382,0.01329,-0.01206,39.00906,19.55569,-80.25431
36.078939,-79.007994,11,0.13,140.7,-2.39,605603,-2.39,-2.38624,2.41256,9.7334,-0.02184,0.01451,-0.0084,38.99445,19.658,-79.42122
36.078939,-79.007994,11,0.13,140.7,-2.37,605803,-2.37,-2.36889,2.42154,9.72742,-0.02031,0.01374,-0.00626,39.31599,19.81877,-79.58199
36.078938,-79.007993,11,0.01,140.7,-2.37,606603,-2.37,-2.37248,2.40299,9.72204,-0.01802,0.00993,-0.01145,39.11137,19.40953,-78.98275
36.078938,-79.007993,11,0.01,140.6,-2.39,606803,-2.39,-2.39282,2.41615,9.74836,-0.02245,0.01329,-0.00672,39.4183,19.70184,-79.64046
36.078937,-79.007993,11,0.09,140.6,-2.37,607603,-2.37,-2.37368,2.40778,9.75614,-0.02199,0.00993,-0.01008,38.89214,19.70184,-79.23122
36.078937,-79.007993,11,0.09,140.7,-2.37,607803,-2.37,-2.37308,2.40419,9.71905,-0.0171,0.0142,-0.01206,39.56445,19.96492,-79.15814
36.078937,-79.007993,11,0.08,140.7,-2.39,608603,-2.39,-2.39462,2.40598,9.72623,-0.02398,0.01359,-0.00672,39.4183,19.36568,-78.39812
36.078937,-79.007993,11,0.08,140.8,-2.38,608803,-2.38,-2.37906,2.39761,9.73699,-0.0226,0.01283,-0.00886,39.22829,20.16954,-79.50891
36.078937,-79.007993,11,0.03,140.8,-2.36,609603,-2.36,-2.35753,2.41137,9.7017,-0.02291,0.01237,-0.01084,38.8629,19.5703,-79.17275
36.078937,-79.007993,11,0.03,140.9,-2.36,609803,-2.36,-2.36291,2.42871,9.71725,-0.0252,0.01145,-0.01298,39.38907,20.35954,-79.08507
36.078938,-79.007994,11,0.02,140.9,-2.38,610603,-2.38,-2.37906,2.42513,9.71426,-0.0255,0.01283,-0.0084,39.24291,20.14031,-79.15814
36.078938,-79.007994,11,0.02,140.9,-2.36,610803,-2.36,-2.36112,2.39701,9.73161,-0.02214,0.01206,-0.00962,39.03829,20.30108,-79.74277
36.078939,-79.007993,11,0.0,140.9,-2.38,611603,-2.38,-2.38146,2.40299,9.72802,-0.02092,0.01329,-0.01008,38.90675,19.83338,-78.89507
36.078939,-79.007993,11,0.0,140.8,-2.36,611803,-2.36,-2.35932,2.40718,9.67897,-0.02581,0.01298,-0.01084,39.38907,19.95031,-79.04122
36.07894,-79.007993,11,0.01,140.8,-2.38,612603,-2.38,-2.37727,2.41974,9.71606,-0.02581,0.01313,-0.0084,39.02368,19.77492,-79.71353
36.07894,-79.007993,11,0.01,140.6,-2.37,612803,-2.37,-2.37069,2.4018,9.71247,-0.02382,0.00993,-0.01023,39.15522,19.58492,-79.24583
36.078941,-79.007993,11,0.06,140.6,-2.39,613603,-2.39,-2.38624,2.40539,9.71965,-0.02398,0.01237,-0.00993,39.54984,19.93569,-78.66121
36.078941,-79.007993,11,0.06,140.5,-2.4,613803,-2.4,-2.39761,2.41137,9.72623,-0.02398,0.011,-0.01023,38.93598,19.62876,-78.99737
36.078941,-79.007993,11,0.05,140.5,-2.38,614603,-2.38,-2.37906,2.41496,9.71067,-0.02245,0.01176,-0.01008,39.25753,19.5703,-79.08507
36.078941,-79.007993,11,0.05,140.5,-2.36,614803,-2.36,-2.36172,2.42154,9.72563,-0.02642,0.01374,-0.01252,39.12599,19.5703,-79.05583
36.078941,-79.007992,11,0.01,140.5,-2.37,615603,-2.37,-2.37488,2.40598,9.73879,-0.02474,0.01344,-0.0087,38.9506,19.26337,-79.62584
36.078941,-79.007992,11,0.01,140.6,-2.36,615803,-2.36,-2.35753,2.41555,9.72084,-0.02092,0.0113,-0.01115,39.16983,19.59953,-79.69892
36.078941,-79.007993,11,0.07,140.6,-2.37,616603,-2.37,-2.37488,2.41974,9.71546,-0.02352,0.01344,-0.00702,39.03829,19.73107,-79.42122
36.078941,-79.007993,11,0.07,140.7,-2.38,616803,-2.38,-2.37667,2.41436,9.73221,-0.02337,0.01252,-0.00886,38.92137,19.81877,-79.27506
36.078942,-79.007994,11,0.03,140.7,-2.38,617603,-2.38,-2.38146,2.41675,9.67777,-0.02596,0.01878,-0.00809,38.80444,20.11108,-79.17275
36.078942,-79.007994,11,0.03,140.7,-2.39,617803,-2.39,-2.39402,2.40598,9.74896,-0.01451,0.01405,-0.01008,38.71675,19.70184,-80.04969
36.078942,-79.007993,11,0.08,140.7,-2.36,618603,-2.36,-2.36291,2.42632,9.72264,-0.02123,0.01466,-0.00825,39.15522,19.70184,-79.62584
36.078942,-79.007993,11,0.08,140.7,-2.38,618803,-2.38,-2.38026,2.41197,9.74417,-0.0226,0.01237,-0.01176,38.87752,20.038,-79.6843
36.078941,-79.007992,11,0.03,140.7,-2.38,619603,-2.38,-2.37727,2.40778,9.72862,-0.02291,0.00977,-0.00779,39.12599,19.5703,-79.52354
36.078941,-79.007992,11,0.03,140.5,-2.37,619803,-2.37,-2.36889,2.39641,9.7029,-0.02184,0.01145,-0.00764,38.70213,19.46799,-78.98275
36.078941,-79.007993,11,0.09,140.5,-2.36,620603,-2.36,-2.35932,2.41555,9.69273,-0.02352,0.01512,-0.00779,38.70213,19.73107,-80.09354
36.078941,-79.007993,11,0.09,140.6,-2.36,620803,-2.36,-2.35873,2.41974,9.7675,-0.02107,0.01084,-0.00977,38.93598,19.70184,-79.26045
36.07894,-79.007992,11,0.06,140.6,-2.39,621603,-2.39,-2.38564,2.42393,9.72802,-0.02764,0.01008,-0.00718,39.06752,19.95031,-78.98275
36.07894,-79.007992,11,0.06,140.6,-2.37,621803,-2.37,-2.37308,2.41077,9.69512,-0.02352,0.01145,-0.00916,38.9506,19.2926,-79.42122
36.078938,-79.00799,11,0.2,140.6,-2.37,622603,-2.37,-2.3683,2.43051,9.74058,-0.02367,0.01161,-0.011,39.1406,19.61415,-79.12891
36.078938,-79.00799,11,0.2,140.5,-2.36,622803,-2.36,-2.35873,2.39761,9.71546,-0.02016,0.01451,-0.00977,38.77521,19.62876,-79.62584
36.078933,-79.007986,11,0.15,140.5,-2.37,623603,-2.37,-2.37368,2.42453,9.72563,-0.02214,0.01527,-0.00901,38.70213,19.658,-79.33353
36.078933,-79.007986,11,0.15,140.7,-2.37,623803,-2.37,-2.3683,2.41615,9.74298,-0.02505,0.01298,-0.00764,38.97983,20.35954,-79.772
36.078929,-79.007981,11,0.06,140.7,-2.37,624603,-2.37,-2.37368,2.40957,9.73819,-0.02428,0.01481,-0.00886,39.79831,20.81263,-79.53815
36.078929,-79.007981,11,0.06,140.7,-2.38,624803,-2.38,-2.38086,2.41376,9.71546,-0.02107,0.01176,-0.01268,39.71061,19.90646,-79.90353
36.078926,-79.00798,11,0.16,140.7,-2.38,625603,-2.38,-2.38265,2.4018,9.73161,-0.02367,0.0139,-0.00947,38.9506,19.70184,-79.72815
36.078926,-79.00798,11,0.16,140.5,-2.39,625803,-2.39,-2.38923,2.40897,9.72862,-0.02184,0.0142,-0.01145,38.87752,20.27185,-79.61122
36.078917,-79.007976,11,0.12,140.5,-2.39,626603,-2.39,-2.38505,2.42213,9.71665,-0.02505,0.0142,-0.00779,38.6729,19.77492,-79.99123
36.078917,-79.007976,11,0.12,140.6,-2.38,626803,-2.38,-2.38206,2.44666,9.71486,-0.01985,0.01466,-0.01084,39.00906,20.21339,-80.03508
36.07891,-79.007976,11,0.14,140.6,-2.36,627603,-2.36,-2.35693,2.38983,9.69871,-0.02046,0.01374,-0.01054,39.19906,19.48261,-79.28968
36.07891,-79.007976,11,0.14,140.9,-2.38,627803,-2.38,-2.38146,2.40838,9.74178,-0.02275,0.01405,-0.0058,38.92137,19.46799,-79.4943
36.078905,-79.007976,11,0.15,140.9,-2.36,628603,-2.36,-2.35633,2.42453,9.73639,-0.02474,0.01222,-0.00687,39.1406,19.67261,-79.4943
36.078905,-79.007976,11,0.15,141.1,-2.34,628803,-2.34,-2.34377,2.40658,9.76511,-0.02337,0.01344,-0.00962,39.38907,19.36568,-79.59661
36.078902,-79.007978,11,0.05,141.1,-2.37,629603,-2.37,-2.37189,2.42931,9.70409,-0.01985,0.01268,-0.00764,39.47676,19.33645,-79.62584
36.078902,-79.007978,11,0.05,141.4,-2.34,629803,-2.34,-2.34497,2.40658,9.71007,-0.02001,0.01176,-0.00901,38.8629,19.73107,-79.4943
36.078902,-79.007978,11,0.13,141.4,-2.35,630603,-2.35,-2.34856,2.42572,9.7675,-0.01802,0.01604,-0.0084,38.54136,19.64338,-80.07893
36.078902,-79.007978,11,0.13,141.4,-2.37,630803,-2.37,-2.36889,2.42453,9.74178,-0.02306,0.0139,-0.01313,38.71675,20.28647,-79.62584
36.078903,-79.007977,11,0.02,141.4,-2.39,631603,-2.39,-2.39163,2.41615,9.72264,-0.02703,0.01008,-0.0087,38.93598,19.86261,-79.99123
36.078903,-79.007977,11,0.02,141.3,-2.36,631803,-2.36,-2.35514,2.4353,9.74417,-0.02489,0.01268,-0.00611,39.06752,19.51184,-79.45045
36.078891,-79.007965,11,0.08,141.3,-2.36,632603,-2.36,-2.36351,2.39402,9.68076,-0.02138,0.01283,-0.01161,38.49752,19.54107,-79.47968
36.078891,-79.007965,11,0.08,141.3,-2.38,632803,-2.38,-2.37847,2.40598,9.70649,-0.02489,0.01772,-0.00947,38.57059,19.32183,-79.65507
36.07889,-79.007964,11,0.17,141.3,-2.34,633603,-2.34,-2.34437,2.41675,9.67538,-0.01802,0.01588,-0.00901,39.35984,19.30722,-79.65507
36.07889,-79.007964,11,0.17,141.3,-2.37,633803,-2.37,-2.37248,2.41914,9.69931,-0.02214,0.01359,-0.00809,39.08214,19.5703,-79.94738
36.078889,-79.007963,11,0.14,141.3,-2.37,634603,-2.37,-2.3671,2.39821,9.69572,-0.0252,0.01161,-0.01176,38.42444,19.54107,-79.66969
36.078889,-79.007963,11,0.14,141.3,-2.37,634803,-2.37,-2.36949,2.41316,9.70349,-0.01985,0.01359,-0.00748,38.2929,19.40953,-80.10815
36.078889,-79.007961,11,0.12,141.3,-2.41,635603,-2.41,-2.41436,2.42154,9.74357,-0.01802,0.0139,-0.00993,38.36597,19.74569,-79.962
36.078889,-79.007961,11,0.12,141.2,-2.37,635803,-2.37,-2.37308,2.4347,9.69333,-0.02474,0.01283,-0.01084,38.61444,19.80415,-79.80122
36.078888,-79.00796,11,0.02,141.2,-2.36,636603,-2.36,-2.36231,2.41256,9.71247,-0.02367,0.0142,-0.00779,39.11137,19.89184,-80.29816
36.078888,-79.00796,11,0.02,141.3,-2.36,636803,-2.36,-2.35753,2.42692,9.71426,-0.02779,0.01374,-0.0087,38.71675,19.83338,-80.21046
36.078884,-79.007962,11,0.13,141.3,-2.38,637603,-2.38,-2.38206,2.41256,9.68495,-0.02138,0.00916,-0.01161,38.65829,20.30108,-80.02046
36.078884,-79.007962,11,0.13,141.9,-2.37,637803,-2.37,-2.37009,2.41077,9.69093,-0.02199,0.00779,-0.01145,39.09676,19.59953,-79.08507
36.078882,-79.007965,11,0.03,141.9,-2.39,638603,-2.39,-2.39282,2.40359,9.71665,-0.02505,0.01283,-0.01023,38.78983,19.70184,-79.09968
36.078882,-79.007965,11,0.03,142.7,-2.37,638803,-2.37,-2.3683,2.41256,9.71366,-0.0255,0.01573,-0.00901,38.65829,19.71646,-79.80122
36.078882,-79.007967,11,0.06,142.7,-2.36,639603,-2.36,-2.35753,2.41316,9.68016,-0.01894,0.01222,-0.01191,38.6729,19.86261,-79.55276
36.078882,-79.007967,11,0.06,143,-2.39,639803,-2.39,-2.39222,2.40419,9.69213,-0.02581,0.01481,-0.00611,38.58521,19.49722,-80.10815
36.07888,-79.007966,11,0.06,143,-2.35,640603,-2.35,-2.34915,2.41914,9.67239,-0.02245,0.01237,-0.00794,38.77521,19.11722,-80.00585
36.07888,-79.007966,11,0.06,143.2,-2.35,640803,-2.35,-2.34856,2.41855,9.68136,-0.02046,0.011,-0.00886,38.65829,19.67261,-79.56738
36.078878,-79.007965,11,0.14,143.2,-2.35,641603,-2.35,-2.35095,2.4018,9.66999,-0.02275,0.00977,-0.00809,38.6729,19.78954,-79.6843
36.078878,-79.007965,11,0.14,143.3,-2.34,641803,-2.34,-2.34198,2.38864,9.6341,-0.02184,0.01268,-0.0084,38.42444,19.95031,-79.34814
36.078876,-79.007965,11,0.06,143.3,-2.36,642603,-2.36,-2.35514,2.42154,9.65683,-0.01833,0.01878,-0.01176,39.1406,19.81877,-79.4943
36.078876,-79.007965,11,0.06,143.5,-2.38,642803,-2.38,-2.38026,2.38206,9.65444,-0.02214,0.01512,-0.01069,38.96522,19.658,-79.65507
36.078876,-79.007963,11,0.06,143.5,-2.34,643603,-2.34,-2.34078,2.41555,9.65564,-0.01878,0.01344,-0.01268,39.46215,19.73107,-79.43584
36.078876,-79.007963,11,0.06,142.7,-2.34,643803,-2.34,-2.34377,2.40359,9.68196,-0.02016,0.01436,-0.00825,39.09676,20.09646,-79.87431
36.078875,-79.00796,11,0.12,142.7,-2.39,644603,-2.39,-2.38624,2.40778,9.6694,-0.02123,0.00794,-0.00962,38.9506,19.81877,-80.00585
36.078875,-79.00796,11,0.12,142.2,-2.36,644803,-2.36,-2.36112,2.42154,9.59283,-0.03039,0.01115,-0.00947,38.33675,19.93569,-79.78661
36.078875,-79.007964,11,0.01,142.2,-2.37,645603,-2.37,-2.37488,2.42273,9.64906,-0.01878,0.01161,-0.01161,39.92985,20.33031,-80.06431
36.078875,-79.007964,11,0.01,141.9,-2.37,645803,-2.37,-2.3665,2.40598,9.66641,-0.02275,0.01405,-0.00657,39.37445,19.64338,-79.53815
36.078875,-79.007967,11,0.07,141.9,-2.36,646603,-2.36,-2.36351,2.42692,9.667,-0.02321,0.01283,-0.00611,39.31599,19.76031,-79.07045
36.078875,-79.007967,11,0.07,141.5,-2.38,646803,-2.38,-2.38265,2.41137,9.6694,-0.02398,0.01344,-0.00764,38.45367,19.83338,-79.24583
36.078876,-79.00797,11,0.05,141.5,-2.39,647603,-2.39,-2.39342,2.41555,9.70649,-0.02459,0.01191,-0.01268,39.00906,19.77492,-79.53815
36.078876,-79.00797,11,0.05,141.4,-2.36,647803,-2.36,-2.35932,2.40957,9.68375,-0.02306,0.0142,-0.00733,38.99445,19.70184,-78.90968
36.078878,-79.007971,11,0.0,141.4,-2.36,648603,-2.36,-2.35753,2.41675,9.68375,-0.02474,0.01237,-0.01069,39.56445,19.51184,-78.61736
36.078878,-79.007971,11,0.0,140.7,-2.37,648803,-2.37,-2.37368,2.4018,9.67059,-0.02398,0.01313,-0.00702,39.21368,19.5703,-79.65507
36.078878,-79.00797,11,0.07,140.7,-2.38,649603,-2.38,-2.37727,2.39222,9.69033,-0.02275,0.0168,-0.0087,38.26367,19.86261,-79.17275
36.078878,-79.00797,11,0.07,140.2,-2.37,649803,-2.37,-2.37308,2.41855,9.66521,-0.02688,0.01619,-0.0087,38.59982,19.86261,-79.46507
36.078876,-79.007968,11,0.1,140.2,-2.36,650603,-2.36,-2.35753,2.39581,9.70649,-0.02138,0.01237,-0.00825,39.05291,19.80415,-79.66969
36.078876,-79.007968,11,0.1,139.9,-2.38,650803,-2.38,-2.37547,2.41735,9.69811,-0.01833,0.01573,-0.00764,39.34522,19.89184,-79.42122
36.078874,-79.007967,11,0.02,139.9,-2.38,651603,-2.38,-2.37847,2.41795,9.68914,-0.0255,0.01329,-0.01008,39.57907,19.95031,-78.9389
36.078874,-79.007967,11,0.02,139.7,-2.38,651803,-2.38,-2.37847,2.40598,9.67418,-0.01848,0.01252,-0.00718,39.65215,19.90646,-79.94738
36.078877,-79.007967,11,0.09,139.7,-2.39,652603,-2.39,-2.39462,2.41855,9.68316,-0.02321,0.01405,-0.00977,39.38907,20.06723,-79.39199
36.078877,-79.007967,11,0.09,139.4,-2.37,652803,-2.37,-2.37009,2.41974,9.66521,-0.02214,0.00947,-0.00779,39.84215,20.02338,-79.78661
36.078882,-79.007968,11,0.06,139.4,-2.4,653603,-2.4,-2.40359,2.41316,9.65983,-0.02001,0.01573,-0.01008,39.81292,19.96492,-80.23969
36.078882,-79.007968,11,0.06,138.9,-2.39,653803,-2.39,-2.39462,2.42752,9.64666,-0.02688,0.01115,-0.01161,39.50599,20.21339,-79.39199
36.078885,-79.007968,11,0.1,138.9,-2.38,654603,-2.38,-2.37906,2.42094,9.67119,-0.01298,0.02443,-0.00886,39.44753,20.11108,-79.46507
36.078885,-79.007968,11,0.1,138.7,-2.37,654803,-2.37,-2.3659,2.39581,9.66641,-0.02275,0.02245,-0.0084,39.65215,19.73107,-79.4943
36.078886,-79.00797,11,0.1,138.7,-2.37,655603,-2.37,-2.37129,2.38505,9.62752,-0.01695,0.01665,-0.00657,38.97983,19.74569,-79.56738
36.078886,-79.00797,11,0.1,138.7,-2.33,655803,-2.33,-2.32582,2.42513,9.65324,-0.0223,0.00397,-0.00809,39.44753,19.52645,-80.54662
36.078888,-79.007973,11,0.02,138.7,-2.39,656603,-2.39,-2.39402,2.42393,9.64427,-0.0307,0.01069,-0.00962,39.24291,19.81877,-79.65507
36.078888,-79.007973,11,0.02,139,-2.38,656803,-2.38,-2.38265,2.42453,9.60539,-0.02917,0.00962,-0.01115,38.84829,19.1026,-79.40661
36.078891,-79.007973,11,0.02,139,-2.35,657603,-2.35,-2.34736,2.40778,9.75434,-0.01695,0.02611,-0.01191,39.16983,19.49722,-80.32739
36.078891,-79.007973,11,0.02,138.7,-2.31,657803,-2.31,-2.30728,2.32283,9.67239,-0.02657,-0.00046,-0.01054,39.28676,19.61415,-78.95352
36.078904,-79.007976,11,0.1,138.7,-2.32,658603,-2.32,-2.32164,2.4658,9.70589,-0.02947,0.00962,-0.01069,39.59369,19.42414,-80.54662
36.078904,-79.007976,11,0.1,137.9,-2.39,658803,-2.39,-2.38804,2.38325,9.62872,-0.03482,-0.00015,-0.00886,39.4183,19.67261,-79.75738
36.078912,-79.007977,11,0.16,137.9,-2.35,659603,-2.35,-2.34676,2.41077,9.78126,-0.0197,0.01329,-0.00794,39.28676,19.48261,-79.37738
36.078912,-79.007977,11,0.16,137.4,-2.38,659803,-2.38,-2.38026,2.40479,9.65145,-0.02703,0.01634,-0.01161,38.89214,19.43876,-79.01199
36.078915,-79.007978,11,0.09,137.4,-2.35,660603,-2.35,-2.35454,2.40718,9.6341,-0.01772,0.00702,-0.01115,39.40368,19.68723,-80.35662
36.078915,-79.007978,11,0.09,137.1,-2.34,660803,-2.34,-2.34078,2.39522,9.67897,-0.02291,0.01802,-0.01145,39.21368,19.3803,-79.94738
36.078922,-79.007979,11,0.1,137.1,-2.41,661603,-2.41,-2.41316,2.39402,9.65205,-0.02016,0.01145,-0.00886,39.59369,19.45338,-79.78661
36.078922,-79.007979,11,0.1,136.4,-2.33,661803,-2.33,-2.33121,2.42871,9.59462,-0.02825,0.00428,-0.01206,39.18445,19.76031,-79.69892
36.078932,-79.007978,11,0.15,136.4,-2.35,662603,-2.35,-2.35454,2.41017,9.70409,-0.02184,0.01161,-0.00855,39.38907,19.17568,-80.03508
36.078932,-79.007978,11,0.15,135.2,-2.38,662803,-2.38,-2.37787,2.4006,9.65205,-0.02245,0.0139,-0.00916,39.22829,19.5703,-80.00585
36.078934,-79.007978,11,0.02,135.2,-2.38,663603,-2.38,-2.38086,2.40239,9.68016,-0.0223,0.01436,-0.0087,39.30138,19.64338,-79.81584
36.078934,-79.007978,10,0.02,134.8,-2.38,663803,-2.38,-2.38086,2.42094,9.7005,-0.02443,0.01161,-0.01054,38.93598,19.27799,-80.07893
36.078937,-79.007977,10,0.03,134.8,-2.37,664603,-2.37,-2.36531,2.42871,9.70529,-0.01863,0.01176,-0.01069,39.3306,19.77492,-78.85121
36.078937,-79.007977,11,0.03,134.2,-2.38,664803,-2.38,-2.37607,2.39402,9.68974,-0.02505,0.01115,-0.00855,38.80444,19.49722,-80.18124
36.078938,-79.007975,11,0.06,134.2,-2.38,665603,-2.38,-2.38265,2.39222,9.65743,-0.01985,0.01374,-0.00825,39.37445,19.76031,-80.10815
36.078938,-79.007975,11,0.06,133.5,-2.36,665803,-2.36,-2.36291,2.4,9.72084,-0.02199,0.01558,-0.00596,39.94446,19.40953,-79.97662
36.07894,-79.007974,11,0.07,133.5,-2.37,666603,-2.37,-2.37009,2.39282,9.68316,-0.02459,0.01481,-0.00825,38.90675,20.18416,-79.53815
36.07894,-79.007974,11,0.07,133,-2.39,666803,-2.39,-2.38983,2.39761,9.70768,-0.02382,0.01466,-0.00901,39.56445,19.5703,-79.28968
36.078942,-79.007971,11,0.05,133,-2.37,667603,-2.37,-2.37488,2.41675,9.667,-0.02489,0.01222,-0.00718,39.24291,19.80415,-79.21661
36.078942,-79.007971,11,0.05,132.3,-2.38,667803,-2.38,-2.37727,2.4006,9.68615,-0.01909,0.01069,-0.01038,39.44753,19.2926,-79.15814
36.078945,-79.007972,11,0.05,132.3,-2.36,668603,-2.36,-2.36291,2.41137,9.68914,-0.01985,0.00947,-0.00977,39.38907,19.68723,-79.91815
36.078945,-79.007972,11,0.05,131.9,-2.37,668803,-2.37,-2.36889,2.40897,9.7352,-0.02306,0.01604,-0.01191,39.66676,19.83338,-80.35662
36.078951,-79.007976,11,0.02,131.9,-2.4,669603,-2.4,-2.39761,2.42812,9.66282,-0.02306,0.01084,-0.00794,39.78369,19.59953,-79.8597
36.078951,-79.007976,11,0.02,131.9,-2.37,669803,-2.37,-2.36889,2.41137,9.69751,-0.02184,0.01038,-0.0084,39.46215,19.2926,-80.07893
36.078954,-79.007978,11,0.09,131.9,-2.37,670603,-2.37,-2.3671,2.41974,9.70768,-0.02199,0.01451,-0.00825,39.87138,19.93569,-79.69892
36.078954,-79.007978,11,0.09,131.5,-2.38,670803,-2.38,-2.38325,2.40957,9.55454,-0.02321,0.01588,-0.00993,39.40368,20.02338,-79.40661
36.078956,-79.007981,11,0.03,131.5,-2.36,671603,-2.36,-2.36471,2.39761,9.68674,-0.02703,0.0142,-0.00794,39.50599,19.58492,-79.71353
36.078956,-79.007981,11,0.03,131.4,-2.35,671803,-2.35,-2.35454,2.40838,9.7029,-0.0223,0.01176,-0.00947,39.52061,19.3803,-78.58813
36.078958,-79.007983,11,0.12,131.4,-2.35,672603,-2.35,-2.35214,2.41735,9.68435,-0.0255,0.0142,-0.00641,39.53522,19.86261,-80.50278
36.078958,-79.007983,11,0.12,131.2,-2.38,672803,-2.38,-2.38086,2.4335,9.71007,-0.02214,0.01237,-0.00794,38.87752,19.67261,-80.09354
36.078961,-79.007987,11,0.03,131.2,-2.37,673603,-2.37,-2.37129,2.39342,9.71426,-0.01955,0.01237,-0.01008,39.46215,19.93569,-79.97662
36.078961,-79.007987,11,0.03,131.1,-2.37,673803,-2.37,-2.37368,2.42273,9.71785,-0.02367,0.01252,-0.00748,39.47676,19.87723,-79.40661
36.078964,-79.007992,11,0.03,131.1,-2.39,674603,-2.39,-2.39222,2.39581,9.72024,-0.02107,0.01298,-0.00947,39.31599,20.06723,-79.59661
36.078964,-79.007992,11,0.03,131.2,-2.37,674803,-2.37,-2.3677,2.41376,9.7011,-0.02153,0.01329,-0.00626,39.50599,19.89184,-79.71353
36.078965,-79.007993,11,0.02,131.2,-2.38,675603,-2.38,-2.38026,2.41555,9.72443,-0.02398,0.01038,-0.00886,39.81292,19.89184,-78.99737
36.078965,-79.007993,10,0.02,131.2,-2.37,675803,-2.37,-2.37368,2.39163,9.70649,-0.02184,0.01313,-0.01191,39.63753,20.00877,-79.56738
36.078967,-79.008,10,0.02,131.2,-2.39,676603,-2.39,-2.38624,2.41077,9.70649,-0.0252,0.01298,-0.0084,39.52061,19.27799,-79.90353
36.078967,-79.008,10,0.02,131.5,-2.39,676803,-2.39,-2.38983,2.41735,9.74058,-0.02352,0.01084,-0.01161,39.43291,19.46799,-80.41508
36.078968,-79.008004,10,0.05,131.5,-2.36,677603,-2.36,-2.36052,2.42453,9.69452,-0.02214,0.0139,-0.00855,39.43291,19.02952,-80.40047
36.078968,-79.008004,11,0.05,131.6,-2.37,677803,-2.37,-2.3671,2.42513,9.69871,-0.02169,0.01161,-0.01023,39.73984,19.95031,-80.38585
36.078969,-79.008006,11,0.07,131.6,-2.38,678603,-2.38,-2.38086,2.41436,9.71665,-0.02596,0.01222,-0.0087,40.03215,19.21953,-80.16662
36.078969,-79.008006,10,0.07,131.8,-2.36,678803,-2.36,-2.35992,2.41675,9.76451,-0.02107,0.01466,-0.01054,39.3306,19.11722,-79.59661
36.07897,-79.008007,10,0.08,131.8,-2.36,679603,-2.36,-2.36172,2.42273,9.67239,-0.02092,0.01283,-0.01038,39.46215,19.58492,-80.13738
36.07897,-79.008007,11,0.08,132.2,-2.38,679803,-2.38,-2.38385,2.42692,9.7011,-0.01833,0.01741,-0.00886,39.37445,19.48261,-79.36276
36.078966,-79.008004,11,0.07,132.2,-2.37,680603,-2.37,-2.37069,2.41256,9.72084,-0.0223,0.01313,-0.01008,39.06752,19.61415,-79.40661
36.078966,-79.008004,11,0.07,132.5,-2.4,680803,-2.4,-2.39701,2.40598,9.67478,-0.02642,0.01115,-0.00993,39.24291,19.58492,-79.28968
36.078965,-79.008002,11,0.09,132.5,-2.37,681603,-2.37,-2.3683,2.42393,9.72503,-0.02566,0.01237,-0.00641,39.28676,20.25723,-78.63198
36.078965,-79.008002,11,0.09,132.6,-2.37,681803,-2.37,-2.3683,2.38265,9.71307,-0.01542,0.01741,-0.00718,39.59369,19.80415,-79.58199
36.078964,-79.008001,11,0.03,132.6,-2.38,682603,-2.38,-2.37906,2.41436,9.74656,-0.02153,0.01466,-0.00855,38.89214,20.11108,-78.71967
36.078964,-79.008001,11,0.03,132.8,-2.39,682803,-2.39,-2.38744,2.41256,9.70649,-0.02214,0.01405,-0.00779,39.02368,19.46799,-79.8597
36.078965,-79.007999,11,0.16,132.8,-2.38,683603,-2.38,-2.38206,2.42752,9.70649,-0.02581,0.01405,-0.01115,38.83368,19.848,-78.89507
36.078965,-79.007999,11,0.16,132.5,-2.38,683803,-2.38,-2.38325,2.3994,9.66581,-0.02077,0.01359,-0.00916,38.89214,19.62876,-79.39199
36.078963,-79.007996,11,0.01,132.5,-2.4,684603,-2.4,-2.4012,2.39821,9.76511,-0.02291,0.01481,-0.00886,39.35984,19.3803,-79.52354
36.078963,-79.007996,10,0.01,132.6,-2.38,684803,-2.38,-2.38325,2.41735,9.73161,-0.02352,0.0142,-0.011,39.34522,19.45338,-80.23969
36.078962,-79.007993,10,0.13,132.6,-2.38,685603,-2.38,-2.37966,2.41316,9.71366,-0.02489,0.01252,-0.00779,38.6729,19.32183,-79.33353
36.078962,-79.007993,10,0.13,132.8,-2.37,685803,-2.37,-2.3677,2.42931,9.67717,-0.02306,0.01237,-0.0087,39.19906,19.17568,-79.46507
36.078961,-79.007992,10,0.06,132.8,-2.35,686603,-2.35,-2.35394,2.39282,9.7687,-0.02321,0.0142,-0.00886,39.22829,20.00877,-79.3043
36.078961,-79.007992,10,0.06,133.1,-2.39,686803,-2.39,-2.38744,2.4018,9.72682,-0.02184,0.01206,-0.00825,39.22829,19.55569,-80.16662
36.07896,-79.007992,10,0.02,133.1,-2.37,687603,-2.37,-2.3677,2.41436,9.7017,-0.02566,0.01222,-0.01084,39.38907,19.658,-78.20812
36.07896,-79.007992,10,0.02,133.3,-2.37,687803,-2.37,-2.36889,2.41376,9.75793,-0.02031,0.00993,-0.0087,39.34522,19.40953,-78.50043
36.07896,-79.007993,10,0.06,133.3,-2.37,688603,-2.37,-2.3683,2.41197,9.72264,-0.02092,0.01084,-0.011,39.38907,20.11108,-78.88045
36.07896,-79.007993,10,0.06,133.5,-2.39,688803,-2.39,-2.38804,2.41137,9.7352,-0.02398,0.01374,-0.00718,39.31599,19.54107,-79.23122
36.078958,-79.007993,10,0.05,133.5,-2.38,689603,-2.38,-2.37667,2.37847,9.7017,-0.02291,0.00825,-0.01023,39.16983,19.95031,-79.40661
36.078958,-79.007993,11,0.05,134.1,-2.35,689803,-2.35,-2.34975,2.42752,9.69931,-0.0026,0.01863,-0.01451,39.3306,20.19877,-78.96814
36.078959,-79.007994,11,0.07,134.1,-2.38,690603,-2.38,-2.38206,2.40299,9.68734,-0.01604,0.01054,-0.00962,38.9506,20.02338,-79.43584
36.078959,-79.007994,11,0.07,134.6,-2.38,690803,-2.38,-2.37547,2.41496,9.72982,-0.02291,0.01405,-0.00886,39.06752,19.71646,-78.38351
36.078956,-79.007989,11,0.13,134.6,-2.38,691603,-2.38,-2.38265,2.4,9.69033,-0.02642,0.01176,-0.00794,39.3306,19.96492,-79.53815
36.078956,-79.007989,11,0.13,134.7,-2.37,691803,-2.37,-2.37488,2.41197,9.71606,-0.0197,0.01619,-0.00901,38.99445,20.19877,-79.21661
36.078953,-79.007988,11,0.07,134.7,-2.41,692603,-2.41,-2.40897,2.34796,9.69273,-0.01359,-0.01787,0.00031,38.96522,19.67261,-78.92429
36.078953,-79.007988,11,0.07,135.2,-2.35,692803,-2.35,-2.35274,2.4006,9.60838,-0.03482,-0.00229,-0.00473,39.22829,19.30722,-79.45045
36.078951,-79.007987,11,0.12,135.2,-2.35,693603,-2.35,-2.34856,2.41735,9.73639,-0.02214,0.01252,-0.01084,38.99445,20.00877,-78.44198
36.078951,-79.007987,11,0.12,135.8,-2.36,693803,-2.36,-2.36471,2.42871,9.71187,-0.02902,0.0084,-0.00657,39.28676,19.92108,-79.21661
36.078947,-79.007987,11,0.07,135.8,-2.36,694603,-2.36,-2.36411,2.40658,9.66222,-0.02062,0.01222,-0.0087,39.25753,19.86261,-79.04122
36.078947,-79.007987,11,0.07,136.8,-2.38,694803,-2.38,-2.37607,2.40838,9.69452,-0.02031,0.01527,-0.00611,39.12599,20.038,-79.52354
36.078943,-79.007987,11,0.1,136.8,-2.38,695603,-2.38,-2.37787,2.41436,9.74238,-0.02627,0.01023,-0.01054,39.08214,19.62876,-79.66969
36.078943,-79.007987,11,0.1,137.8,-2.36,695803,-2.36,-2.36411,2.42154,9.74597,-0.0252,0.01298,-0.00993,39.40368,19.52645,-79.43584
36.078946,-79.007987,11,0.02,137.8,-2.38,696603,-2.38,-2.38086,2.39282,9.71665,-0.02566,0.01695,-0.00611,39.09676,19.77492,-78.60275
36.078946,-79.007987,11,0.02,138.2,-2.33,696803,-2.33,-2.32762,2.42692,9.69572,-0.01481,0.00382,-0.00764,39.05291,19.848,-79.43584
36.078945,-79.007989,11,0.03,138.2,-2.39,697603,-2.39,-2.39163,2.44546,9.69392,-0.02092,0.01436,-0.01237,39.27214,20.09646,-79.71353
36.078945,-79.007989,11,0.03,138.6,-2.38,697803,-2.38,-2.37547,2.42393,9.67837,-0.01985,0.01787,-0.00626,39.09676,19.49722,-79.90353
36.078945,-79.007991,11,0.1,138.6,-2.36,698603,-2.36,-2.35514,2.40419,9.55993,-0.02169,0.01527,-0.00794,39.68138,19.67261,-79.81584
36.078945,-79.007991,11,0.1,139.2,-2.39,698803,-2.39,-2.38505,2.41795,9.74836,-0.0255,0.01145,-0.01038,39.38907,19.76031,-79.88892
36.078944,-79.007994,11,0.06,139.2,-2.4,699603,-2.4,-2.3994,2.41137,9.77528,-0.02245,0.01069,-0.01115,39.05291,20.57878,-80.21046
36.078944,-79.007994,11,0.06,139.8,-2.37,699803,-2.37,-2.37129,2.41675,9.69572,-0.02077,0.01222,-0.00718,38.65829,19.95031,-79.88892
36.078931,-79.008019,11,0.2,139.8,-2.39,700603,-2.39,-2.39222,2.44666,9.76152,-0.0223,0.00397,-0.00321,38.65829,19.78954,-81.18971
36.078931,-79.008019,10,0.2,144.6,-2.41,700803,-2.41,-2.40897,2.41077,9.75075,-0.02917,0.01084,-0.00702,38.42444,19.33645,-80.72201
36.078929,-79.008024,10,0.07,144.6,-2.4,701603,-2.4,-2.39581,2.42931,9.76989,-0.01939,0.01191,-0.00809,38.35136,18.95645,-81.13125
36.078929,-79.008024,10,0.07,145.3,-2.38,701803,-2.38,-2.38445,2.42453,9.72264,-0.01787,0.01069,-0.00962,38.30751,19.21953,-81.42356
36.078927,-79.008026,10,0.06,145.3,-2.35,702603,-2.35,-2.35454,2.40838,9.72383,-0.02169,0.01909,-0.01008,38.58521,18.86875,-80.99971
36.078927,-79.008026,10,0.06,145.4,-2.4,702803,-2.4,-2.39701,2.4341,9.75793,-0.02535,0.02306,-0.00947,39.00906,19.26337,-81.17509
36.078923,-79.008027,10,0.28,145.4,-2.36,703603,-2.36,-2.35992,2.42333,9.71426,-0.02947,0.01802,-0.00977,39.65215,19.23414,-81.04356
36.078923,-79.008027,10,0.28,146.3,-2.4,703803,-2.4,-2.39641,2.41974,9.74118,-0.02153,0.01054,-0.01023,40.10523,19.11722,-80.47355
36.078925,-79.008031,10,0.08,146.3,-2.37,704603,-2.37,-2.36531,2.41496,9.71665,-0.02367,0.01939,-0.00886,40.13446,19.20491,-80.88278
36.078925,-79.008031,10,0.08,146.2,-2.36,704803,-2.36,-2.35573,2.43769,9.72024,-0.02245,0.01604,-0.01115,39.71061,19.17568,-81.64279
36.078924,-79.008034,10,0.06,146.2,-2.4,705603,-2.4,-2.40359,2.4018,9.71307,-0.02214,0.01084,-0.00779,41.30371,18.97106,-81.68664
36.078924,-79.008034,10,0.06,146.6,-2.39,705803,-2.39,-2.38684,2.39163,9.75315,-0.02734,0.01161,-0.00932,41.24525,19.1026,-81.10202
36.078921,-79.008036,10,0.02,146.6,-2.37,706603,-2.37,-2.37009,2.38804,9.67837,-0.01573,0.01038,-0.00504,31.89126,19.05876,-84.0836
36.078921,-79.008036,10,0.02,147,-2.61,706803,-2.61,-2.60578,3.14716,9.39362,-0.01084,-0.19838,-0.05803,33.55744,11.41479,-86.80211
36.078919,-79.008038,10,0.09,147,-2.42,707603,-2.42,-2.42154,2.44068,9.68495,-0.02581,0.01237,-0.00535,38.81906,19.58492,-80.00585
36.078919,-79.008038,10,0.09,147.6,-2.38,707803,-2.38,-2.38385,2.41017,9.63649,-0.02871,0.01206,-0.0113,39.27214,19.90646,-79.61122
36.078918,-79.008037,10,0.01,147.6,-2.35,708603,-2.35,-2.35155,2.38744,9.68914,-0.02703,0.01405,-0.00779,38.8629,19.14645,-78.82198
36.078918,-79.008037,10,0.01,147.8,-2.33,708803,-2.33,-2.32523,2.42094,9.69512,-0.02107,0.00367,-0.00794,38.7606,19.90646,-79.88892
36.078917,-79.008034,10,0.06,147.8,-2.37,709603,-2.37,-2.36949,2.39043,9.77528,-0.02169,0.01344,-0.00809,39.16983,20.28647,-79.52354
36.078917,-79.008034,11,0.06,147.9,-2.37,709803,-2.37,-2.36889,2.4006,9.71127,-0.02169,0.00977,-0.01283,38.74598,19.68723,-79.0266
36.078916,-79.008033,11,0.06,147.9,-2.36,710603,-2.36,-2.36351,2.40718,9.70768,-0.02153,0.01374,-0.01084,38.55598,19.5703,-78.61736
36.078916,-79.008033,11,0.06,147.8,-2.37,710803,-2.37,-2.3683,2.37966,9.69093,-0.02245,0.01497,-0.0113,39.22829,19.55569,-78.90968
36.078916,-79.008028,11,0.03,147.8,-2.36,711603,-2.36,-2.35573,2.39462,9.70768,-0.01939,0.01023,-0.01008,38.7606,19.86261,-79.64046
36.078916,-79.008028,11,0.03,146.9,-2.36,711803,-2.36,-2.36172,2.38983,9.70768,-0.02031,0.01497,-0.00977,39.68138,19.848,-80.50278
36.078915,-79.008023,11,0.03,146.9,-2.38,712603,-2.38,-2.38026,2.39402,9.72084,-0.01833,0.01558,-0.00794,39.25753,18.9126,-79.84508
36.078915,-79.008023,10,0.03,146.3,-2.38,712803,-2.38,-2.37727,2.41197,9.71067,-0.01665,0.01451,-0.00901,39.62292,19.97954,-79.84508
36.078914,-79.008022,10,0.02,146.3,-2.38,713603,-2.38,-2.37667,2.40838,9.7011,-0.02886,0.01084,-0.00626,38.99445,19.658,-79.08507
36.078914,-79.008022,10,0.02,146.2,-2.35,713803,-2.35,-2.34556,2.40598,9.66341,-0.01955,0.01573,-0.00947,38.92137,19.83338,-78.76352
36.078915,-79.008018,10,0.01,146.2,-2.34,714603,-2.34,-2.34437,2.38804,9.71905,-0.02321,0.01756,-0.00993,38.92137,19.45338,-80.03508
36.078915,-79.008018,11,0.01,145.9,-2.34,714803,-2.34,-2.33539,2.39701,9.67299,-0.02489,0.01924,-0.01054,39.21368,19.73107,-79.39199
36.07892,-79.008015,11,0.01,145.9,-2.38,715603,-2.38,-2.37966,2.41496,9.71905,-0.01665,0.01268,-0.01115,38.65829,19.77492,-80.32739
36.07892,-79.008015,11,0.01,145.9,-2.35,715803,-2.35,-2.35155,2.41197,9.68375,-0.02306,0.01619,-0.00764,39.08214,19.78954,-79.72815
36.078922,-79.008011,11,0.05,145.9,-2.37,716603,-2.37,-2.36531,2.38624,9.70768,-0.02107,0.01038,-0.00855,38.55598,20.06723,-79.93277
36.078922,-79.008011,10,0.05,145.7,-2.36,716803,-2.36,-2.36411,2.39222,9.71426,-0.02107,0.01374,-0.01008,38.93598,20.06723,-78.80737
36.078928,-79.008004,10,0.01,145.7,-2.35,717603,-2.35,-2.35454,2.40239,9.70768,-0.02581,0.01145,-0.0055,39.71061,19.87723,-79.0266
36.078928,-79.008004,10,0.01,144,-2.36,717803,-2.36,-2.36172,2.40718,9.69871,-0.02382,0.0142,-0.00962,39.18445,19.74569,-79.14352
36.07893,-79.008002,10,0.02,144,-2.37,718603,-2.37,-2.36531,2.40838,9.73221,-0.01909,0.01313,-0.01008,39.30138,20.37416,-79.12891
36.07893,-79.008002,10,0.02,143.8,-2.36,718803,-2.36,-2.36052,2.40419,9.69632,-0.02367,0.01069,-0.00993,39.1406,20.33031,-79.88892
36.078935,-79.007996,10,0.0,143.8,-2.36,719603,-2.36,-2.35633,2.42213,9.73759,-0.02138,0.0142,-0.00855,39.47676,19.93569,-79.36276
36.078935,-79.007996,10,0.0,142.7,-2.36,719803,-2.36,-2.35514,2.3988,9.69931,-0.02566,0.01161,-0.0087,38.77521,19.90646,-80.53201
36.078935,-79.007993,10,0.01,142.7,-2.37,720603,-2.37,-2.36889,2.41017,9.73639,-0.02153,0.01436,-0.00687,39.06752,20.24262,-79.37738
36.078935,-79.007993,10,0.01,142.4,-2.36,720803,-2.36,-2.35932,2.40479,9.71127,-0.02611,0.01573,-0.01008,39.57907,19.70184,-80.10815
36.078935,-79.007992,10,0.06,142.4,-2.39,721603,-2.39,-2.38804,2.39043,9.73639,-0.02138,0.01313,-0.01359,39.50599,19.90646,-79.53815
36.078935,-79.007992,10,0.06,142.3,-2.34,721803,-2.34,-2.33898,2.39761,9.65564,-0.01756,0.01206,-0.00947,39.27214,20.33031,-79.21661
36.078933,-79.007989,10,0.06,142.3,-2.38,722603,-2.38,-2.38146,2.42273,9.76511,-0.01588,0.01497,-0.01008,39.12599,20.6957,-79.8597
36.078933,-79.007989,10,0.06,142.3,-2.36,722803,-2.36,-2.36351,2.39641,9.72742,-0.02092,0.01329,-0.0087,39.27214,20.00877,-79.88892
36.07893,-79.007987,10,0.02,142.3,-2.35,723603,-2.35,-2.35454,2.39581,9.77109,-0.01939,0.00825,-0.0058,39.22829,19.96492,-80.86816
36.07893,-79.007987,11,0.02,142.3,-2.36,723803,-2.36,-2.35693,2.4018,9.75255,-0.02566,0.01329,-0.01161,38.59982,19.848,-79.59661
36.078931,-79.007985,11,0.03,142.3,-2.37,724603,-2.37,-2.36889,2.3994,9.78365,-0.02001,0.01497,-0.011,38.65829,20.16954,-79.42122
36.078931,-79.007985,11,0.03,142.1,-2.36,724803,-2.36,-2.35633,2.41256,9.71725,-0.02214,0.01542,-0.00825,38.83368,19.80415,-78.74891
36.07893,-79.007984,11,0.05,142.1,-2.37,725603,-2.37,-2.37248,2.4,9.67598,-0.02001,0.01313,-0.01038,39.09676,19.87723,-79.65507
36.07893,-79.007984,11,0.05,142.2,-2.37,725803,-2.37,-2.37368,2.39522,9.75434,-0.02001,0.0113,-0.00855,38.62906,20.33031,-79.88892
36.078928,-79.007983,11,0.08,142.2,-2.47,726603,-2.47,-2.4664,2.26122,9.72144,-0.01542,0.00672,-0.00382,38.40982,19.93569,-78.89507
36.078928,-79.007983,11,0.08,142.3,-2.42,726803,-2.42,-2.41855,2.42154,9.71486,-0.02871,0.01863,-0.00932,39.03829,19.86261,-79.43584
36.078927,-79.007981,11,0.02,142.3,-2.45,727603,-2.45,-2.45324,2.32582,9.78485,-0.02657,0.01206,-0.00596,39.02368,19.97954,-79.81584
36.078927,-79.007981,11,0.02,142.3,-2.25,727803,-2.25,-2.25224,2.38086,9.75434,-0.02535,0.00122,-0.01298,39.19906,19.89184,-80.10815
36.078928,-79.00798,11,0.02,142.3,-2.37,728603,-2.37,-2.3677,2.40419,9.71307,-0.02688,0.00718,-0.01084,38.80444,20.3157,-80.10815
36.078928,-79.00798,11,0.02,142.2,-2.33,728803,-2.33,-2.333,2.41914,9.76092,-0.02535,0.00916,-0.01054,38.42444,20.28647,-79.0266
36.078929,-79.007978,11,0.05,142.2,-2.37,729603,-2.37,-2.37189,2.38864,9.71965,-0.02184,0.01665,-0.00947,39.54984,20.37416,-80.19585
36.078929,-79.007978,11,0.05,142.2,-2.38,729803,-2.38,-2.37667,2.39342,9.74776,-0.02092,0.01023,-0.01054,38.7606,20.05262,-79.39199
36.07893,-79.007977,11,0.1,142.2,-2.38,730603,-2.38,-2.38385,2.45324,9.76571,-0.01863,0.01344,-0.00901,39.16983,20.06723,-79.64046
36.07893,-79.007977,11,0.1,142.1,-2.32,730803,-2.32,-2.32104,2.4012,9.7675,-0.01833,0.0171,-0.00809,39.38907,20.18416,-79.37738
36.078931,-79.007977,11,0.03,142.1,-2.36,731603,-2.36,-2.35932,2.41376,9.72024,-0.02275,0.01436,-0.00733,39.30138,20.27185,-79.97662
36.078931,-79.007977,11,0.03,141.9,-2.39,731803,-2.39,-2.38864,2.39222,9.67119,-0.02779,0.00336,-0.01481,39.34522,20.73955,-79.62584
36.078933,-79.007977,11,0.07,141.9,-2.36,732603,-2.36,-2.35753,2.42513,9.72324,-0.02627,0.01451,-0.0113,39.4183,20.52032,-79.80122
36.078933,-79.007977,10,0.07,141.7,-2.35,732803,-2.35,-2.34975,2.33839,9.64128,-0.02321,0.01741,-0.01604,39.18445,20.08185,-78.74891
36.078933,-79.007976,10,0.3,141.7,-2.34,733603,-2.34,-2.34437,2.3994,9.74238,-0.02443,0.01268,-0.00932,39.09676,20.57878,-78.96814
36.078933,-79.007976,11,0.3,141.4,-2.35,733803,-2.35,-2.35035,2.41197,9.76092,-0.02505,0.01787,-0.00886,38.73137,20.94417,-77.40427
36.078931,-79.007977,11,0.13,141.4,-2.37,734603,-2.37,-2.3665,2.41795,9.72922,-0.02092,0.0139,-0.00779,38.8629,20.28647,-78.50043
36.078931,-79.007977,11,0.13,141.8,-2.37,734803,-2.37,-2.37368,2.37847,9.72982,-0.02382,0.01344,-0.00626,38.7606,20.71032,-78.76352
36.078932,-79.007978,11,0.28,141.8,-2.37,735603,-2.37,-2.3665,2.40957,9.67418,-0.02459,0.01894,-0.01115,39.12599,20.53493,-78.63198
36.078932,-79.007978,11,0.28,141.7,-2.34,735803,-2.34,-2.34078,2.36291,9.72682,-0.02214,0.00809,-0.01038,39.1406,19.90646,-78.42736
36.07893,-79.007979,11,0.07,141.7,-2.36,736603,-2.36,-2.36351,2.41496,9.72922,-0.02657,0.01497,-0.00886,39.15522,20.08185,-79.28968
36.07893,-79.007979,11,0.07,142.1,-2.35,736803,-2.35,-2.34915,2.44068,9.74896,-0.02062,0.011,-0.01008,39.37445,20.35954,-78.88045
36.078929,-79.007978,11,0.05,142.1,-2.31,737603,-2.31,-2.30967,2.42453,9.72024,-0.00718,0.00993,-0.01772,39.44753,19.01491,-78.64659
36.078929,-79.007978,11,0.05,141.9,-2.36,737803,-2.36,-2.36471,2.36531,9.73939,-0.01939,-0.00794,-0.00932,37.53288,18.15259,-80.91201
36.078928,-79.007977,11,0.0,141.9,-2.26,738603,-2.26,-2.26481,2.49631,9.73161,-0.05192,0.0365,-0.0168,33.35282,13.69483,-77.05349
36.078928,-79.007977,11,0.0,141.7,-2.44,738803,-2.44,-2.44008,2.34198,9.60359,-0.01451,0.01542,-0.01344,33.99591,14.73253,-79.26045
36.078931,-79.007979,11,0.06,141.7,-2.19,739603,-2.19,-2.18943,2.40658,9.68555,-0.00886,0.02321,-0.00397,42.79451,18.51798,-82.27126
36.078931,-79.007979,11,0.06,141.2,-2.27,739803,-2.27,-2.27079,2.42871,9.72503,-0.01955,0.00794,-0.00916,43.78836,17.05642,-82.19818
36.078929,-79.007979,11,0.02,141.2,-2.34,740603,-2.34,-2.34198,2.39641,9.7669,-0.01894,0.02092,-0.00748,42.6922,18.83952,-82.94358
36.078929,-79.007979,11,0.02,141.1,-2.35,740803,-2.35,-2.35394,2.37966,9.70708,-0.01939,0.01145,-0.01084,42.19526,19.27799,-81.87664
36.07893,-79.007981,11,0.1,141.1,-2.32,741603,-2.32,-2.32104,2.42333,9.75733,-0.02627,0.02352,-0.01023,41.97603,19.01491,-82.53435
36.07893,-79.007981,11,0.1,140.5,-2.32,741803,-2.32,-2.31685,2.40299,9.65025,-0.01924,0.02169,-0.01038,42.1368,18.79567,-82.22742
36.07893,-79.007983,11,0.05,140.5,-2.36,742603,-2.36,-2.35813,2.41077,9.72443,-0.01756,0.01542,-0.01023,42.25373,19.00029,-82.22742
36.07893,-79.007983,11,0.05,140.9,-2.36,742803,-2.36,-2.35573,2.39222,9.79023,-0.02123,0.0139,-0.00657,42.06372,19.08799,-82.13972
36.07893,-79.007987,11,0.05,140.9,-2.35,743603,-2.35,-2.35214,2.4006,9.72503,-0.01955,0.01237,-0.00748,42.12218,18.76644,-82.65127
36.07893,-79.007987,11,0.05,141.4,-2.36,743803,-2.36,-2.36471,2.38804,9.69572,-0.02184,0.0142,-0.00932,41.7568,19.73107,-81.90588
36.07893,-79.007992,11,0.01,141.4,-2.3,744603,-2.3,-2.2995,2.34317,9.59821,-0.01848,0.00641,-0.0139,42.45835,19.26337,-82.38819
36.07893,-79.007992,11,0.01,141.9,-2.26,744803,-2.26,-2.26241,2.42871,9.71007,-0.03955,0.01206,-0.00779,42.16603,19.08799,-82.24203
36.07893,-79.007997,11,0.05,141.9,-2.34,745603,-2.34,-2.33779,2.39821,9.68734,-0.02077,0.00657,-0.00947,42.16603,18.97106,-82.46127
36.07893,-79.007997,11,0.05,142.4,-2.36,745803,-2.36,-2.36231,2.41555,9.75374,-0.01787,0.00886,-0.00886,42.22449,18.85414,-83.52821
36.078928,-79.007995,11,0.14,142.4,-2.36,746603,-2.36,-2.35813,2.40359,9.68016,-0.02688,0.01512,-0.00947,42.03449,19.08799,-82.97281
36.078928,-79.007995,11,0.14,142,-2.39,746803,-2.39,-2.39103,2.41436,9.7011,-0.02443,0.00672,-0.00733,42.57527,19.02952,-82.38819
36.078928,-79.007995,11,0.12,142,-2.35,747603,-2.35,-2.35095,2.38206,9.69512,-0.02321,0.0113,-0.00718,42.58989,18.97106,-82.15434
36.078928,-79.007995,11,0.12,142,-2.38,747803,-2.38,-2.38026,2.37966,9.7352,-0.01634,0.01802,-0.00993,42.64835,18.79567,-81.70126
36.078929,-79.007996,11,0.05,142,-2.36,748603,-2.36,-2.35693,2.41555,9.72324,-0.02657,0.0168,-0.0113,42.09296,19.07337,-83.7036
36.078929,-79.007996,11,0.05,142,-2.39,748803,-2.39,-2.39402,2.38026,9.73699,-0.01772,0.01481,-0.00657,42.12218,19.5703,-82.91435
36.078933,-79.007995,11,0.15,142,-2.36,749603,-2.36,-2.35932,2.42871,9.76571,-0.01833,0.03406,-0.01268,40.80678,19.86261,-83.44051
36.078933,-79.007995,11,0.15,141.5,-2.34,749803,-2.34,-2.33719,2.42632,9.74357,-0.01084,0.02001,-0.00825,40.38293,19.23414,-83.90821
36.078933,-79.007997,11,0.05,141.5,-2.4,750603,-2.4,-2.40419,2.4006,9.70828,-0.0171,0.01619,-0.01298,39.52061,17.52412,-84.56591
36.078933,-79.007997,11,0.05,141.4,-2.47,750803,-2.47,-2.47418,2.38804,9.65444,-0.01161,-0.00061,-0.01405,39.76907,17.15873,-84.03976
36.078937,-79.007996,11,0.13,141.4,-2.38,751603,-2.38,-2.38206,2.39402,9.72503,-0.01649,0.02428,-0.00718,39.54984,16.89565,-84.34668
36.078937,-79.007996,11,0.13,141.2,-2.34,751803,-2.34,-2.33839,2.40239,9.70469,-0.0255,0.02046,-0.00962,39.79831,16.77872,-83.65975
36.07894,-79.007989,11,0.07,141.2,-2.5,752603,-2.5,-2.49691,2.00937,9.61735,0.03222,-0.05757,-0.042,39.53522,16.77872,-83.6159
36.07894,-79.007989,11,0.07,141.2,-2.01,752803,-2.01,-2.01416,2.4341,9.92184,-0.0197,0.03161,-0.01405,40.09062,17.26103,-83.04589
36.078942,-79.007987,11,0.06,141.2,-2.33,753603,-2.33,-2.3336,2.44008,9.76092,-0.01512,0.011,-0.00947,39.57907,16.96872,-83.26513
36.078942,-79.007987,11,0.06,141.1,-2.36,753803,-2.36,-2.36231,2.41256,9.67717,-0.02001,0.01405,-0.00932,39.72523,16.95411,-83.30898
36.078939,-79.007987,11,0.06,141.1,-2.36,754603,-2.36,-2.35992,2.36411,9.73161,-0.02138,0.0084,-0.01283,39.85677,17.30488,-83.32359
36.078939,-79.007987,11,0.06,141.6,-2.37,754803,-2.37,-2.3683,2.38804,9.66341,-0.0226,0.01252,-0.00947,40.11985,16.96872,-84.02514
36.078936,-79.007988,11,0.08,141.6,-2.38,755603,-2.38,-2.37727,2.3659,9.61915,-0.02367,0.01359,-0.01038,39.43291,16.67641,-83.10435
36.078936,-79.007988,11,0.08,142.1,-2.36,755803,-2.36,-2.35753,2.39402,9.65384,-0.02443,0.01008,-0.00809,40.09062,17.27565,-82.81204
36.078935,-79.007988,11,0.05,142.1,-2.35,756603,-2.35,-2.35095,2.37787,9.6688,-0.0226,0.01283,-0.01023,40.36831,17.07103,-83.11897
36.078935,-79.007988,11,0.05,141.9,-2.36,756803,-2.36,-2.36291,2.39581,9.64367,-0.02245,0.01176,-0.01084,39.62292,16.89565,-83.45512
36.078933,-79.007987,11,0.09,141.9,-2.35,757603,-2.35,-2.35214,2.33599,9.7663,-0.02077,-0.00473,-0.00535,39.98831,16.95411,-83.54282
36.078933,-79.007987,11,0.09,141.7,-2.4,757803,-2.4,-2.40359,2.34198,9.57069,-0.02382,0.02153,-0.01451,39.47676,16.92488,-83.60129
36.07893,-79.007987,11,0.1,141.7,-2.37,758603,-2.37,-2.37248,2.45743,9.73879,-0.01848,0.00641,-0.00962,40.11985,17.48027,-83.77667
36.07893,-79.007987,11,0.1,141.5,-2.41,758803,-2.41,-2.40778,2.25165,9.52882,-0.03848,-0.00122,-0.00473,40.04677,17.14411,-84.02514
36.078927,-79.007988,11,0.2,141.5,-2.37,759603,-2.37,-2.36889,2.41735,9.67478,-0.01802,0.00901,-0.00764,40.09062,17.10026,-84.02514
36.078927,-79.007988,11,0.2,141.6,-2.37,759803,-2.37,-2.37488,2.38146,9.71965,-0.02169,0.01512,-0.00962,40.06139,17.67027,-83.74744
36.078924,-79.007989,11,0.17,141.6,-2.34,760603,-2.34,-2.34198,2.39641,9.67478,-0.01649,0.01436,-0.01191,39.90061,17.40719,-83.22128
36.078924,-79.007989,11,0.17,141.5,-2.34,760803,-2.34,-2.34257,2.39821,9.66222,-0.01924,0.01237,-0.00748,39.94446,17.33411,-83.22128
36.078922,-79.007992,11,0.17,141.5,-2.36,761603,-2.36,-2.35992,2.39342,9.69273,-0.01787,0.01268,-0.00932,40.57293,17.34873,-83.23589
36.078922,-79.007992,11,0.17,141.5,-2.34,761803,-2.34,-2.34257,2.39761,9.68854,-0.02077,0.01237,-0.00962,40.04677,16.89565,-83.55744
36.078922,-79.007994,11,0.12,141.5,-2.36,762603,-2.36,-2.36112,2.37787,9.7029,-0.02046,0.0139,-0.0113,40.23677,17.37796,-83.54282
36.078922,-79.007994,11,0.12,141.3,-2.37,762803,-2.37,-2.3683,2.39222,9.67538,-0.0197,0.01084,-0.0084,40.17831,17.12949,-83.68898
36.078923,-79.008,11,0.07,141.3,-2.37,763603,-2.37,-2.37129,2.38086,9.59522,-0.01665,0.00977,-0.01069,41.09909,16.73487,-83.41129
36.078923,-79.008,11,0.07,141.5,-2.34,763803,-2.34,-2.34437,2.37787,9.61795,-0.02138,0.01206,-0.01145,40.49986,17.33411,-83.1482
36.078924,-79.008001,11,0.03,141.5,-2.36,764603,-2.36,-2.36231,2.38923,9.64966,-0.02016,0.01436,-0.00825,40.39754,16.63256,-82.92897
36.078924,-79.008001,11,0.03,141.3,-2.34,764803,-2.34,-2.34437,2.39701,9.71127,-0.02443,0.01451,-0.00886,39.68138,16.93949,-83.00205
36.078927,-79.008004,11,0.01,141.3,-2.35,765603,-2.35,-2.34556,2.39581,9.61376,-0.02046,0.01481,-0.00748,39.59369,17.11488,-83.44051
36.078927,-79.008004,11,0.01,141.1,-2.36,765803,-2.36,-2.35813,2.39103,9.65983,-0.02291,0.01512,-0.01084,39.95908,16.91026,-83.95206
36.078929,-79.008005,11,0.03,141.1,-2.34,766603,-2.34,-2.34377,2.40359,9.69751,-0.02031,0.02046,-0.00764,40.06139,16.63256,-82.63666
36.078929,-79.008005,11,0.03,140.7,-2.37,766803,-2.37,-2.3683,2.39821,9.65265,-0.02169,0.01222,-0.00855,39.78369,16.67641,-82.15434
36.078929,-79.008006,11,0.15,140.7,-2.36,767603,-2.36,-2.35573,2.39103,9.70948,-0.02199,0.01145,-0.00962,40.09062,17.0418,-82.70973
36.078929,-79.008006,11,0.15,140.5,-2.33,767803,-2.33,-2.333,2.38505,9.72742,-0.02428,0.01298,-0.01023,40.10523,16.7641,-83.07513
36.078927,-79.008005,11,0.07,140.5,-2.37,768603,-2.37,-2.37129,2.41735,9.65324,-0.03009,0.01023,-0.00962,39.92985,17.18796,-81.90588
36.078927,-79.008005,11,0.07,140.3,-2.37,768803,-2.37,-2.37129,2.41256,9.66341,-0.02764,0.00993,-0.0087,40.23677,17.33411,-82.70973
36.078927,-79.008006,11,0.16,140.3,-2.32,769603,-2.32,-2.32104,2.4,9.65923,-0.01344,0.01863,-0.011,40.36831,16.89565,-81.99357
36.078927,-79.008006,11,0.16,140.1,-2.36,769803,-2.36,-2.36052,2.3665,9.62333,-0.0223,0.01191,-0.00764,40.68986,16.67641,-82.41742
36.078928,-79.008006,11,0.06,140.1,-2.35,770603,-2.35,-2.34556,2.34257,9.71546,-0.02169,0.00657,-0.01145,39.82753,16.60333,-83.41129
36.078928,-79.008006,11,0.06,140,-2.37,770803,-2.37,-2.37248,2.40479,9.68196,-0.0255,0.01634,-0.00855,40.29523,16.69103,-82.56358
36.078929,-79.008007,11,0.02,140,-2.35,771603,-2.35,-2.35214,2.40598,9.67478,-0.02382,0.01588,-0.00977,40.49986,17.10026,-82.92897
36.078929,-79.008007,11,0.02,139.7,-2.34,771803,-2.34,-2.34018,2.39581,9.71187,-0.02275,0.01206,-0.01038,40.076,16.63256,-82.43204
36.078929,-79.008006,11,0.02,139.7,-2.36,772603,-2.36,-2.36411,2.4006,9.7352,-0.02046,0.01313,-0.00855,39.82753,16.91026,-82.98743
36.078929,-79.008006,11,0.02,139.4,-2.35,772803,-2.35,-2.35454,2.4,9.68076,-0.02016,0.01634,-0.01038,40.28062,16.82257,-83.90821
36.078929,-79.008006,11,0.03,139.4,-2.39,773603,-2.39,-2.39103,2.39522,9.67059,-0.02275,0.01283,-0.00901,40.13446,16.98334,-83.30898
36.078929,-79.008006,11,0.03,139.2,-2.34,773803,-2.34,-2.33659,2.39821,9.71486,-0.02199,0.01176,-0.00733,39.98831,17.26103,-82.8559
36.078935,-79.008014,11,0.06,139.2,-2.38,774603,-2.38,-2.38026,2.37906,9.72982,-0.02398,0.0142,-0.00748,40.39754,17.37796,-82.8559
36.078935,-79.008014,11,0.06,138.5,-2.34,774803,-2.34,-2.34497,2.38864,9.73699,-0.02138,0.01145,-0.01115,40.14908,16.72026,-83.19205
36.078934,-79.008014,11,0.08,138.5,-2.36,775603,-2.36,-2.36291,2.41496,9.72802,-0.02107,0.01206,-0.01038,40.20754,17.0418,-83.5136
36.078934,-79.008014,11,0.08,138.3,-2.32,775803,-2.32,-2.32223,2.38983,9.67837,-0.02245,0.01298,-0.00947,39.95908,16.5741,-83.83514
36.078934,-79.008015,11,0.01,138.3,-2.37,776603,-2.37,-2.36531,2.40897,9.73041,-0.02214,0.01252,-0.00626,40.3537,17.18796,-83.92283
36.078934,-79.008015,11,0.01,138,-2.35,776803,-2.35,-2.35035,2.39641,9.73041,-0.02398,0.0139,-0.01008,40.52908,16.80795,-83.19205
36.078934,-79.008016,11,0.06,138,-2.36,777603,-2.36,-2.36052,2.40239,9.72742,-0.01985,0.00916,-0.00687,39.76907,17.40719,-83.23589
36.078934,-79.008016,11,0.06,137.8,-2.37,777803,-2.37,-2.37248,2.40299,9.69931,-0.02337,0.01497,-0.00305,40.13446,16.55949,-83.27974
36.078929,-79.008012,11,0.14,137.8,-2.36,778603,-2.36,-2.36112,2.40658,9.75913,-0.02413,0.01237,-0.01283,39.97369,17.11488,-84.09822
36.078929,-79.008012,11,0.14,138.7,-2.35,778803,-2.35,-2.35334,2.41017,9.72742,-0.02107,0.0113,-0.01023,39.91523,17.27565,-84.43438
36.078929,-79.008012,11,0.08,138.7,3.27,779603,3.27,3.27278,1.86401,9.39961,0.60705,0.64003,-0.58246,61.40018,19.04414,-78.60275
36.078929,-79.008012,11,0.08,138.7,0.6,779803,0.6,0.6,1.48953,10.56072,0.69058,-0.01405,-0.63423,59.99707,22.69804,-76.62964
36.07893,-79.008013,11,0.1,138.7,1,780603,1,1.00259,-1.25683,9.97328,0.14126,0.22312,0.093,57.95089,32.28588,-73.56036
36.07893,-79.008013,10,0.1,138.7,1.67,780803,1.67,1.6666,-1.60678,9.83749,-0.04887,0.01772,0.01405,58.44782,32.25665,-73.45805
36.078931,-79.008012,10,0.01,138.7,1.63,781603,1.63,1.62772,-1.41835,9.87996,-0.08338,-0.06429,0.09331,59.44168,32.66589,-72.2888
36.078931,-79.008012,11,0.01,138.4,1.28,781803,1.28,1.28375,-1.27119,10.08156,0.1153,0.10507,-0.02993,59.79246,31.10202,-73.67729
36.078931,-79.008013,11,0.08,138.4,-1.73,782603,-1.73,-1.72523,-0.09332,10.24607,-0.07117,-0.50244,0.08277,46.74072,27.12657,-80.80971
36.078931,-79.008013,11,0.08,138.3,-1.32,782803,-1.32,-1.31964,0.1328,10.10848,0.23763,0.29383,-0.17349,44.4753,26.46887,-79.772
36.078932,-79.008013,11,0.18,138.3,-5.23,783603,-5.23,-5.2331,5.79901,6.01077,-0.83276,-0.09682,0.16234,29.58199,-4.94008,-81.24817
36.078932,-79.008013,11,0.18,138.2,-4.07,783803,-4.07,-4.066,6.18605,6.65982,-0.34178,0.03986,0.07544,28.93891,-5.90471,-79.62584
36.078934,-79.008013,11,0.25,138.2,-6.43,784603,-6.43,-6.42951,6.68973,6.21057,-0.36514,0.593,0.21472,24.30576,-2.96697,-71.86495
36.078934,-79.008013,10,0.25,137.6,-7.09,784803,-7.09,-7.08515,6.28116,4.32862,-0.23534,1.05588,0.31047,26.77579,-3.28851,-72.74189
36.078936,-79.008013,10,0.52,137.6,-0.97,785603,-0.97,-0.9655,3.10289,6.66401,0.1208,-0.67409,0.10018,44.09529,11.13709,-81.56972
36.078936,-79.008013,10,0.52,137.4,-0.67,785803,-0.67,-0.66879,2.7679,9.27398,0.2645,0.1773,-0.14752,40.25139,12.4525,-81.45279
36.078935,-79.008009,10,0.44,137.4,-1.1,786603,-1.1,-1.10189,4.74138,8.3677,-0.25626,0.06597,0.04536,40.95294,3.90237,-80.59047
36.078935,-79.008009,10,0.44,136.9,-0.83,786803,-0.83,-0.82672,4.66002,8.85105,-0.04597,-0.13806,0.06643,41.21602,4.53084,-81.21894
36.078937,-79.008007,10,0.03,136.9,-2.12,787603,-2.12,-2.12423,6.51685,7.36152,-0.30681,-0.31536,0.03925,41.34756,-3.23005,-79.42122
36.078937,-79.008007,10,0.03,136.3,-1.3,787803,-1.3,-1.2993,3.88176,6.32722,0.3624,-0.03161,0.06246,40.99678,-2.67466,-79.71353
36.078942,-79.008014,10,2.37,136.3,-1.62,788603,-1.62,-1.62473,6.32603,8.03211,-0.56551,-0.14539,0.2616,41.77141,-5.08623,-78.32505
36.078942,-79.008014,10,2.37,136.1,-1.72,788803,-1.72,-1.72463,6.52224,8.69372,0.04902,0.01604,0.0817,39.6083,-6.85472,-77.65273
36.078942,-79.008019,10,0.82,136.1,-4.8,789603,-4.8,-4.79701,6.47677,7.44048,0.32819,0.25672,-0.06872,36.34902,-3.87314,-78.12044
36.078942,-79.008019,11,0.82,135.9,-5.02,789803,-5.02,-5.01895,4.5661,6.09272,0.25565,-0.34361,0.1518,34.78515,-0.30693,-78.63198
36.078944,-79.00802,11,0.62,135.9,-9.53,790603,-9.53,-9.52822,3.33559,8.51366,-0.01573,0.00886,0.34499,26.23502,10.96171,-76.32271
36.078944,-79.00802,11,0.62,135.4,-8.74,790803,-8.74,-8.73679,3.05863,6.77887,-0.27489,-0.15027,0.16661,25.5627,13.51944,-75.75271
36.078943,-79.008018,11,0.26,135.4,-7.8,791603,-7.8,-7.79941,1.49432,5.88156,0.05681,-0.07727,0.02245,24.10114,12.93481,-76.01579
36.078943,-79.008018,11,0.26,135.2,-7.64,791803,-7.64,-7.64327,1.54935,6.43789,-0.02734,0.05116,0.02489,23.61882,13.08097,-75.05116
36.078954,-79.008007,11,0.29,135.2,-7.55,792603,-7.55,-7.55354,1.85204,6.65504,-0.09667,-0.09026,0.06506,26.05963,12.56942,-76.33733
36.078954,-79.008007,11,0.29,132.4,-7.76,792803,-7.76,-7.76112,1.4674,6.24407,0.04429,-0.13531,0.00382,25.51886,12.94943,-76.17655
36.078958,-79.008003,11,0.13,132.4,-8.02,793603,-8.02,-8.02134,1.70728,6.46361,0.04093,0.02443,-0.01634,22.97574,15.66793,-74.94884
36.078958,-79.008003,10,0.13,131,-8.12,793803,-8.12,-8.11645,1.60199,6.2351,-0.02902,-0.04078,-0.03299,23.15112,15.58024,-75.72347
36.078959,-79.007998,10,0.48,131,-7.93,794603,-7.93,-7.93101,1.72762,6.38046,-0.03238,0.0449,-0.03757,24.36422,14.67407,-75.65039
36.078959,-79.007998,11,0.48,130.8,-8.16,794803,-8.16,-8.15773,1.53799,6.18425,-0.00764,-0.0449,-0.00611,24.36422,15.27331,-75.72347
36.078958,-79.007996,11,0.23,130.8,-8.24,795603,-8.24,-8.23729,1.25384,5.74577,-0.03192,-0.04108,0.02673,22.30342,14.19176,-75.34347
36.078958,-79.007996,10,0.23,130.5,-8.27,795803,-8.27,-8.27438,1.37707,5.72961,-0.05742,0.08048,-0.03787,22.06957,14.33791,-75.05116
36.078958,-79.007995,10,0.32,130.5,-8.56,796603,-8.56,-8.55733,1.89392,5.34736,-0.03009,-0.0168,0.05681,22.25957,13.21251,-74.78808
36.078958,-79.007995,11,0.32,130.1,-8.41,796803,-8.41,-8.41496,1.68993,5.52563,-0.05513,-0.00809,0.00489,22.2888,12.71558,-74.0573
36.078959,-79.007996,11,0.25,130.1,-8.57,797603,-8.57,-8.56571,1.90768,5.68595,0.01512,-0.01604,0.00183,21.03186,13.41713,-74.23268
36.078959,-79.007996,11,0.25,129.2,-8.63,797803,-8.63,-8.6333,1.44227,5.41197,0.17685,0.02795,-0.03436,21.1634,13.69483,-74.46653
36.078959,-79.007997,11,0.12,129.2,-8.64,798603,-8.64,-8.63929,1.54935,5.82652,-0.07682,0.01054,0.01481,21.52879,16.06256,-73.91113
36.078959,-79.007997,10,0.12,128.8,-8.08,798803,-8.08,-8.07638,1.27956,5.78943,-0.01054,0.06979,-0.04093,21.54341,15.81409,-74.23268
36.07896,-79.007998,10,0.32,128.8,-5.98,799603,-5.98,-5.97607,1.96092,7.19163,0.04948,-0.00336,0.09362,27.76966,14.20637,-76.35194
36.07896,-79.007998,11,0.32,128.8,-6.49,799803,-6.49,-6.48874,2.28455,6.49831,0.04001,0.03482,0.19471,27.79889,15.75563,-77.25811
36.078963,-79.008002,11,1.0,128.8,-9.21,800603,-9.21,-9.20698,-0.87218,7.74975,-0.62629,-0.33246,0.0672,23.35574,13.75329,-76.39579
36.078963,-79.008002,11,1.0,128.4,-7.35,800803,-7.35,-7.35015,4.12403,7.63789,-0.25427,0.05437,0.24969,22.36188,12.46711,-75.89886
36.078963,-79.008002,11,0.45,128.4,-8.34,801603,-8.34,-8.34138,2.04048,5.97548,-0.17669,0.23961,0.15623,33.29436,3.81467,-76.38118
36.078963,-79.008002,11,0.45,128.1,-7.77,801803,-7.77,-7.77368,2.27498,6.71067,0.1098,-0.36606,0.19196,31.07279,4.54545,-74.93423
36.078964,-79.008003,11,0.13,128.1,-1.32,802603,-1.32,-1.31904,5.32941,12.60778,0.64614,0.50916,0.21319,46.74072,92.00526,-150.81848
36.078964,-79.008003,11,0.13,128,-1.39,802803,-1.39,-1.38844,1.83051,8.41496,0.04322,0.09239,-0.13806,56.5624,98.34844,-152.26541
36.078966,-79.008004,11,0.48,128,-2.02,803603,-2.02,-2.01595,4.79581,9.41097,-0.78649,-0.61239,-0.39767,48.39228,88.78983,-148.88921
36.078966,-79.008004,11,0.48,127,-2.51,803803,-2.51,-2.51426,3.84886,5.88993,0.04123,-0.19929,0.55925,40.7337,80.47355,-138.23444
36.078966,-79.008003,11,0.09,127,-2.48,804603,-2.48,-2.48196,4.50509,8.58126,0.19655,0.63561,-0.65332,0.67232,161.40018,-165.6387
36.078966,-79.008003,11,0.09,127,-2.05,804803,-2.05,-2.05484,4.38066,9.0682,-0.18509,0.21441,0.08384,3.31774,155.74393,-164.10406
36.078966,-79.008003,11,0.03,127,-1.47,805603,-1.47,-1.47278,4.07857,8.25524,-0.01176,-0.05437,-0.06689,6.9278,152.41158,-168.21106
36.078966,-79.008003,10,0.03,126.7,-1.84,805803,-1.84,-1.83709,4.71266,9.09213,0.05742,-0.13668,-0.17364,5.70009,156.94241,-169.78954
36.078967,-79.008003,10,0.07,126.7,-1.3,806603,-1.3,-1.30469,4.14557,9.18066,0.07666,-0.02688,-0.14432,4.2093,161.50249,-176.2204
36.078967,-79.008003,10,0.07,126.1,-2.18,806803,-2.18,-2.18106,4.14437,8.95275,-0.05467,-0.04047,0.00626,4.91084,159.41246,-175.5627
36.078969,-79.008,10,0.85,126.1,-3,807603,-3,-2.99821,3.41934,6.83091,0.0675,-0.37553,0.11011,47.13534,1.81234,-78.85121
36.078969,-79.008,10,0.85,126.3,-4.26,807803,-4.26,-4.26162,3.67896,7.09891,0.02184,-0.66141,0.12874,42.29757,1.3154,-79.65507
36.078969,-79.007993,10,0.84,126.3,-3.83,808603,-3.83,-3.83091,5.68894,7.33998,-0.26756,0.13515,-3.3535,32.84127,-4.09237,-76.64426
36.078969,-79.007993,11,0.84,126.6,-1.03,808803,-1.03,-1.02652,5.45564,9.90808,0.36117,1.35322,-0.94104,48.85999,-6.70856,-79.43584
36.078972,-79.007992,11,0.85,126.6,3.48,809603,3.48,3.47857,6.98465,8.01057,0.21655,-0.10476,0.30696,57.65858,-11.86788,-76.58579
36.078972,-79.007992,11,0.85,126.6,1.79,809803,1.79,1.78564,6.45284,5.33958,0.15455,0.2503,-0.00687,58.03859,-12.13096,-75.89886
36.078972,-79.007991,11,0.21,126.6,-0.55,810603,-0.55,-0.55394,6.41097,5.02493,0.05528,-0.76037,0.92607,46.65303,-15.22947,-75.18269
36.078972,-79.007991,11,0.21,126.6,-2.22,810803,-2.22,-2.22473,9.93799,6.17946,-0.52473,-0.94883,1.59833,35.50132,-12.2625,-73.20959
36.07897,-79.007987,11,0.63,126.6,-5.61,811603,-5.61,-5.60937,7.51645,2.83849,1.06733,0.83597,-1.18004,26.64426,-18.1672,-65.9164
36.07897,-79.007987,11,0.63,126.6,-5.33,811803,-5.33,-5.32702,7.62533,3.30329,0.10278,0.31841,-0.35293,29.2166,-17.9772,-67.96259
36.078969,-79.007984,11,0.18,126.6,-4.61,812603,-4.61,-4.60917,7.1348,7.77009,0.37003,0.89919,0.8042,38.93598,-10.37708,-75.18269
36.078969,-79.007984,9,0.18,125.9,-4.81,812803,-4.81,-4.80957,7.03011,6.57069,-0.10873,-0.43524,-0.20082,40.67524,-8.37474,-76.26425
36.078962,-79.007977,9,0.16,125.9,-6.43,813603,-6.43,-6.43011,5.52503,3.32483,-0.24755,-0.67394,0.74877,23.57498,-10.52324,-68.13797
36.078962,-79.007977,11,0.16,125.1,-7.58,813803,-7.58,-7.57508,4.90349,3.14118,0.54672,-0.09835,-0.14554,18.03566,-9.10552,-65.71178
36.078964,-79.007978,11,0.07,125.1,-6.47,814603,-6.47,-6.47259,5.13141,4.7683,0.23121,-0.80741,-0.64064,26.0304,-5.65624,-73.91113
36.078964,-79.007978,11,0.07,123.1,-6.93,814803,-6.93,-6.92722,4.56072,5.08774,0.38194,-0.08399,0.29092,19.19029,-0.70155,-71.10493
36.078968,-79.007987,11,0.05,123.1,-6.35,815603,-6.35,-6.35115,4.38604,7.69831,0.40393,-0.09148,-0.09636,33.82052,1.03771,-79.74277
36.078968,-79.007987,11,0.05,119.2,-7.01,815803,-7.01,-7.00798,4.38903,7.88375,0.08888,-0.28818,-0.09896,31.94972,2.86466,-79.12891
36.078972,-79.007987,11,1.3,119.2,-6.6,816603,-6.6,-6.59941,7.24666,2.03749,0.48625,0.17883,0.38591,11.56095,-11.73633,-58.34552
36.078972,-79.007987,11,1.3,119.1,-6.2,816803,-6.2,-6.19562,5.94198,2.73081,0.27351,-0.22465,0.48426,11.13709,-6.76703,-60.14323
36.078976,-79.00799,11,0.08,119.1,-8.64,817603,-8.64,-8.63749,2.75474,3.29133,-1.41644,-1.05374,0.8236,6.51856,17.64104,-57.65858
36.078976,-79.00799,11,0.08,118.9,-6.1,817803,-6.1,-6.09512,0.01914,1.71147,-0.81108,0.92088,3.38129,4.09237,27.53581,-48.75767
36.078974,-79.007993,11,0.76,118.9,2.63,818603,2.63,2.62971,-8.86062,7.49432,0.62782,-0.19639,2.68429,72.63958,24.18883,-66.60333
36.078974,-79.007993,11,0.76,118.6,4.1,818803,4.1,4.10309,-7.75155,8.32343,0.16997,-0.55329,-0.35766,79.65507,18.24028,-61.18094
36.078975,-79.007993,11,0.39,118.6,9.13,819603,9.13,9.12862,1.87777,2.07757,-0.06292,-0.87934,0.55436,74.45192,-28.42736,-41.02602
36.078975,-79.007993,11,0.39,118.4,12,819803,12,12.00479,1.18026,2.44666,-0.46105,0.53588,-0.18402,76.16194,-27.03888,-39.24291
36.078973,-79.007995,11,0.2,118.4,6.85,820603,6.85,6.85245,1.3681,7.57209,-3.53966,-0.94211,3.26889,74.77346,-24.48115,-50
36.078973,-79.007995,11,0.2,118.4,6.49,820803,6.49,6.48754,4.32383,7.68395,2.8138,0.00092,0.4748,62.67173,-31.37971,-52.57235
36.07897,-79.008,11,0.29,118.4,5.97,821603,5.97,5.9689,5.61416,8.68774,1.30068,-1.6417,-3.24705,53.47852,-31.54049,-58.40398
36.07897,-79.008,11,0.29,117.1,3.7,821803,3.7,3.70289,0.22313,9.84347,-1.04519,0.51817,-0.65607,61.18094,-18.31336,-67.77258
36.078968,-79.008,11,0.31,117.1,5.66,822603,5.66,5.66082,1.64327,9.56411,-0.63301,0.03451,-1.53633,75.79655,-12.71558,-60.18708
36.078968,-79.008,10,0.31,116.7,4.29,822803,4.29,4.28913,1.65105,8.69372,0.00229,-0.03039,-1.26067,79.24583,-7.74627,-59.8363
36.078969,-79.007994,10,0.26,116.7,-1.76,823603,-1.76,-1.76112,-0.4331,9.39063,-2.65787,0.4864,-1.44256,61.89711,0.54078,-76.62964
36.078969,-79.007994,11,0.26,116.7,-0.44,823803,-0.44,-0.43669,1.34178,9.41935,-0.43799,1.1298,0.0197,63.7679,-10.09939,-72.05495
36.078977,-79.007999,11,0.23,116.7,-4.85,824603,-4.85,-4.85264,4.69651,7.41057,0.28711,-0.49892,1.1272,48.46536,-12.08711,-75.27039
36.078977,-79.007999,11,0.23,117.2,-4.24,824803,-4.24,-4.24487,4.95195,8.35155,-0.06857,0.69562,0.47632,46.27302,-9.67553,-76.89272
36.07896,-79.007991,11,0.23,117.2,-3.79,825603,-3.79,-3.79322,2.92882,8.98983,-1.2118,1.0568,-0.11041,49.0646,-12.35019,-75.05116
36.07896,-79.007991,11,0.23,117.7,-4.41,825803,-4.41,-4.41296,1.61097,8.14876,1.15423,0.01069,-0.4215,46.44841,-4.07775,-78.96814
36.078951,-79.007992,11,0.23,117.7,-0.99,826603,-0.99,-0.99422,-0.56411,10.52184,-0.25504,0.81505,0.60689,59.29553,-6.15317,-76.10348
36.078951,-79.007992,11,0.23,118,-0.51,826803,-0.51,-0.51087,1.0678,9.92543,-0.29428,0.90576,0.43035,61.35633,-10.71324,-73.45805
36.07895,-79.007993,11,0.29,118,0.25,827603,0.25,0.25125,0.46481,11.24866,1.48333,0.51068,-0.40241,58.7986,-7.5855,-76.41041
36.07895,-79.007993,11,0.29,117.6,-0.2,827803,-0.2,-0.20459,-1.69053,10.54756,-0.08094,0.0788,-0.02092,60.18708,-1.1254,-78.63198
36.07895,-79.007992,11,0.08,117.6,-0.64,828603,-0.64,-0.63948,-2.61715,9.72324,0.01115,-0.01542,-0.24969,62.65712,0.6577,-76.48348
36.07895,-79.007992,11,0.08,117.6,-0.29,828803,-0.29,-0.28594,-0.99063,9.68316,-0.01924,0.06109,-0.02947,62.13096,0.33616,-76.83426
36.07895,-79.007992,11,0.05,117.6,-0.3,829603,-0.3,-0.3015,-2.41496,9.60658,-0.13286,0.13974,-0.97066,64.46945,3.49313,-76.71734
36.07895,-79.007992,11,0.05,117.7,0.12,829803,0.12,0.12443,-0.83629,10.35614,0.4667,0.38943,-1.04672,64.25022,8.14089,-76.98042
36.07895,-79.007993,11,0.48,117.7,2.87,830603,2.87,2.8666,1.99741,9.48455,0.56872,-0.06475,0.18891,81.49664,6.2701,-75.38731
36.07895,-79.007993,11,0.48,117.6,3.12,830803,3.12,3.12323,-1.69173,8.08116,0.01787,0.03589,-0.14111,76.55656,23.72113,-76.01579
36.078944,-79.007985,11,0.14,117.6,1.55,831603,1.55,1.55294,-2.09193,9.43669,0.72418,0.18326,-0.86193,75.76732,25.3727,-76.58579
36.078944,-79.007985,11,0.14,118.9,1.22,831803,1.22,1.22154,-3.42832,10.83769,-0.82665,-0.83337,0.7845,73.44344,28.44198,-76.81965
36.078947,-79.007989,11,0.12,118.9,1.46,832603,1.46,1.45843,-2.68893,9.95653,-0.10553,-0.53665,-0.11133,73.35574,26.79041,-78.9389
36.078947,-79.007989,11,0.12,118.5,1.82,832803,1.82,1.82453,-2.64467,9.67837,0.07621,-0.08964,-0.09239,74.10114,25.22654,-77.9012
36.078941,-79.007982,11,0.15,118.5,1.42,833603,1.42,1.42193,-2.27797,9.87518,-0.01863,0.02153,0.00122,73.37036,26.45425,-77.31657
36.078941,-79.007982,11,0.15,120.8,2.73,833803,2.73,2.72543,-3.2686,8.34258,0.4612,0.40653,1.74952,74.87576,22.87343,-76.0304
36.078938,-79.007988,11,0.13,120.8,2.06,834603,2.06,2.06201,-1.7677,10.5027,-0.03818,0.6576,0.09529,78.25198,14.96638,-74.27653
36.078938,-79.007988,11,0.13,122.4,4.89,834803,4.89,4.89272,-0.59462,9.10529,-0.00275,1.54137,0.22129,83.11897,9.48553,-66.60333
36.078939,-79.007987,11,0.28,122.4,4.96,835603,4.96,4.96451,-2.37368,8.7667,0.15226,-0.01726,-0.05376,85.72055,10.62555,-63.60713
36.078939,-79.007987,11,0.28,122.3,4.84,835803,4.84,4.84247,-2.30907,8.28515,-0.0927,-0.0391,-0.04139,85.7644,10.64016,-62.4525
36.078947,-79.007986,11,0.1,122.3,4.1,836603,4.1,4.09831,-2.02792,9.32423,-0.02749,-0.00153,-0.02917,82.7682,12.14557,-69.16106
36.078947,-79.007986,11,0.1,123.5,3.51,836803,3.51,3.50848,-1.90289,9.42294,-0.03131,0.0055,-0.01436,82.69512,12.07249,-68.95644
36.078935,-79.007987,11,0.07,123.5,3.5,837603,3.5,3.49771,-1.89751,9.37747,-0.04826,-0.00076,-0.00351,81.68664,13.3879,-69.42415
36.078935,-79.007987,11,0.07,123.9,3.49,837803,3.49,3.49472,-1.89153,9.44567,-0.05635,0.00687,0.03421,81.81818,13.21251,-68.0649
36.078932,-79.007986,11,0.08,123.9,3.91,838603,3.91,3.91466,-2.08295,9.30987,-0.05803,-0.03711,-0.06765,82.15434,13.88483,-68.89798
36.078932,-79.007986,11,0.08,124.8,3.59,838803,3.59,3.59342,-1.62054,9.35354,-0.07086,-0.08079,-0.02978,81.68664,14.03099,-69.32184
36.078927,-79.007982,11,0.03,124.8,3.34,839603,3.34,3.33679,-1.96869,9.29432,-0.06475,0.13729,0.00657,81.58434,14.01637,-69.45338
36.078927,-79.007982,11,0.03,125.3,3.14,839803,3.14,3.13879,-1.81196,9.47319,0.06277,0.05818,-0.06643,82.1105,13.12482,-68.45952
36.078921,-79.007979,11,0.06,125.3,3.46,840603,3.46,3.46122,-1.79522,9.39602,-0.03665,-0.03833,0.02031,81.35048,13.8556,-69.30722
36.078921,-79.007979,11,0.06,125.6,3.15,840803,3.15,3.14776,-1.71924,9.60718,-0.10431,0.00061,0.03955,81.29202,13.18328,-70.12569
36.078915,-79.007978,11,0.01,125.6,3.23,841603,3.23,3.22672,-1.75813,9.52403,-0.02657,0.031,-0.00076,80.38585,13.59252,-70.43262
36.078915,-79.007978,11,0.01,125.6,3.12,841803,3.12,3.11605,-1.7342,9.57967,-0.02749,-0.00168,0.03222,80.78048,13.53405,-70.78339
36.0789,-79.00797,11,0.16,125.6,3.4,842603,3.4,3.399,-1.90828,9.39183,-0.02199,-0.1179,-0.08858,80.41508,13.43175,-70.25723
36.0789,-79.00797,11,0.16,126.8,2.75,842803,2.75,2.75354,-1.77727,9.39003,-0.03848,-0.1463,-0.06689,80.57585,13.56329,-71.10493
36.078895,-79.007968,11,0.12,126.8,2.01,843603,2.01,2.00758,-1.33878,10.15753,0.23381,-0.12645,0.16692,77.84274,10.81555,-75.32885
36.078895,-79.007968,11,0.12,127.2,1.19,843803,1.19,1.18923,-0.82313,10.24367,-0.56658,0.91355,0.14111,77.25811,8.34551,-74.59807
36.078897,-79.00797,11,0.81,127.2,4.24,844603,4.24,4.23889,-0.28175,10.57089,0.46502,0.02123,-0.09453,79.74277,-8.84244,-78.32505
36.078897,-79.00797,11,0.81,127.4,3.02,844803,3.02,3.01974,-1.47338,9.92662,-0.08094,-0.93646,-0.2222,78.67583,-4.5893,-79.74277
36.078902,-79.00798,11,3.0,127.4,3.45,845603,3.45,3.44806,-9.30868,9.63291,-0.2923,0.57834,0.65867,70.24262,19.52645,-81.58434
36.078902,-79.00798,10,3.0,127.3,0.99,845803,0.99,0.99302,-5.66261,9.28056,-0.54046,-0.40439,-0.34987,68.78106,18.1672,-83.77667
36.078902,-79.007982,10,0.07,127.3,6.72,846603,6.72,6.72144,-1.05882,11.83071,-0.29474,1.19256,0.45265,76.22041,-6.66472,-72.40573
36.078902,-79.007982,10,0.07,127.3,5.33,846803,5.33,5.33241,1.65703,11.79901,-0.0168,-1.35459,0.47067,72.88805,-11.69249,-70.37416
36.078904,-79.00798,10,0.18,127.3,3.58,847603,3.58,3.58325,-0.90329,8.31207,0.56001,0.06918,0.88591,73.29728,-7.76089,-73.60421
36.078904,-79.00798,10,0.18,126.6,2.62,847803,2.62,2.61775,-0.49651,9.67239,0.32987,-0.06109,0.67394,71.10493,-9.55861,-72.82958
36.078913,-79.007968,10,0.02,126.6,5.22,848603,5.22,5.22293,0.24945,8.37907,-0.19441,-0.31124,-0.71441,68.35721,-11.44402,-74.24729
36.078913,-79.007968,10,0.02,123.9,3.27,848803,3.27,3.2656,-0.60299,9.71546,0.08903,-0.00137,0.13241,68.05028,-9.77784,-74.6273
36.078913,-79.007968,10,0.17,123.9,-2.01,849603,-2.01,-2.00877,-5.75653,6.94577,2.41582,0.45937,0.53909,47.20842,28.42736,-86.72903
36.078913,-79.007968,11,0.17,124.1,-1.85,849803,-1.85,-1.85085,-8.17807,3.27577,0.93478,-0.89858,-0.14172,43.8176,46.85764,-77.46273
36.07891,-79.007964,11,1.47,124.1,-2.68,850603,-2.68,-2.67996,-9.57249,3.17169,-0.08812,0.05757,-0.19868,42.57527,52.11926,-72.49342
36.07891,-79.007964,11,1.47,124,-2.62,850803,-2.62,-2.61595,-9.41636,3.26142,-0.0029,0.01741,0.04459,43.30605,52.60158,-73.09267
36.078908,-79.007962,11,0.68,124,3.08,851603,3.08,3.08016,-4.68216,6.21057,-1.2199,0.01542,0.06521,67.65565,6.35779,-84.20052
36.078908,-79.007962,10,0.68,124.2,2.46,851803,2.46,2.45623,-3.40319,9.25903,0.29123,0.13118,-0.02581,67.62642,5.21777,-84.65361
36.078907,-79.007962,10,0.05,124.2,2.77,852603,2.77,2.77328,-4.28794,9.04547,-0.08552,-0.08079,-0.34728,67.3195,4.15083,-83.07513
36.078907,-79.007962,10,0.05,124.5,2.74,852803,2.74,2.73799,-2.90788,8.92702,-0.11133,-0.0536,-0.16799,68.15259,5.72932,-83.86436
36.078908,-79.007972,10,0.03,124.5,2.16,853603,2.16,2.15833,-0.68315,9.24587,0.40332,-0.3291,0.07911,72.72727,2.60158,-80.07893
36.078908,-79.007972,10,0.03,124.6,3.09,853803,3.09,3.08554,-4.31067,8.89711,-0.281,0.00122,-0.06704,72.50803,4.03391,-80.98509
36.078919,-79.007973,10,0.08,124.6,5.21,854603,5.21,5.21336,-9.40738,9.59582,-0.30864,0.26221,0.55864,67.91874,8.38936,-84.82899
36.078919,-79.007973,10,0.08,123.2,1.33,854803,1.33,1.3334,-4.7348,8.69013,-1.29244,0.9305,0.38714,66.12102,4.48699,-87.1675
36.078923,-79.007978,10,0.29,123.2,1.76,855603,1.76,1.75813,-0.7998,9.6024,0.05238,-1.01816,0.19716,64.07483,-19.78954,-83.00205
36.078923,-79.007978,10,0.29,123,-0.68,855803,-0.68,-0.67956,-1.60439,11.08355,0.49679,-2.24081,0.22571,57.95089,-21.61649,-83.82052
36.078924,-79.007978,10,0.47,123,2.68,856603,2.68,2.68295,-2.3342,13.17488,0.33598,1.70844,-1.9004,68.45952,-10.62555,-73.73575
36.078924,-79.007978,10,0.47,122.9,4.76,856803,4.76,4.76411,-2.64826,12.49831,1.30145,3.16703,-0.35186,74.37884,-1.19848,-70.44724
36.078926,-79.007981,10,0.61,122.9,4.49,857603,4.49,4.48654,2.73141,6.667,0.06888,-0.00962,0.32376,80.7074,-6.75241,-53.33236
36.078926,-79.007981,10,0.61,122.8,5.37,857803,5.37,5.37428,2.70808,9.58266,0.33078,-0.01512,0.30039,81.54048,-8.9886,-54.3116
36.078929,-79.007987,10,1.44,122.8,2.93,858603,2.93,2.92762,3.76271,12.22194,1.04458,-1.23715,0.17074,78.35428,-12.35019,-60.12862
36.078929,-79.007987,10,1.44,122.5,6.2,858803,6.2,6.20459,3.58864,9.18904,0.011,-1.38361,0.70097,70.82725,-9.99708,-66.19409
36.07893,-79.007992,10,0.81,122.5,-0.62,859603,-0.62,-0.62154,0.24108,5.90309,0.33139,-1.22555,0.06154,67.34873,-15.55101,-67.37796
36.07893,-79.007992,10,0.81,122.6,0.59,859803,0.59,0.58863,0.20937,9.72623,-0.21273,-0.15348,-0.14279,64.35253,-12.48173,-71.98188
36.078931,-79.007993,10,0.21,122.6,0.98,860603,0.98,0.98046,0.5671,10.61755,0.20724,0.03207,-0.01023,66.98334,-14.00175,-66.91026
36.078931,-79.007993,10,0.21,122.7,0.52,860803,0.52,0.51565,0.73819,10.26521,0.2109,-0.06658,0.05391,66.76411,-13.02251,-67.56796
36.078932,-79.007995,10,0.23,122.7,1.65,861603,1.65,1.64925,0.86859,10.12822,-0.07697,0.00458,0.01283,68.89798,-15.14177,-64.41099
36.078932,-79.007995,10,0.23,122.8,1.79,861803,1.79,1.79222,0.82672,10.09053,-0.05223,0.17517,-0.05666,70.15492,-15.11254,-63.9579
36.078932,-79.007995,10,0.18,122.8,1.91,862603,1.91,1.91067,0.98106,10.669,-0.09652,0.15333,-0.25443,70.228,-15.65332,-64.25022
36.078932,-79.007995,10,0.18,122.5,3.23,862803,3.23,3.23031,1.12881,9.39422,0.15287,-0.04093,-0.00107,71.47033,-14.61561,-64.38176
36.078932,-79.007996,10,0.09,122.5,2.63,863603,2.63,2.62612,0.74118,9.69572,-0.02978,-0.01283,0.01939,71.49957,-14.89331,-62.6425
36.078932,-79.007996,10,0.09,122.5,2.18,863803,2.18,2.18106,0.70588,9.94457,-0.00321,-0.00718,-0.02459,71.01725,-14.45484,-63.19789
36.078933,-79.007997,10,0.13,122.5,2.44,864603,2.44,2.43769,0.0317,9.12323,-0.05818,0.00519,0.17593,71.26571,-12.61327,-64.90792
36.078933,-79.007997,10,0.13,122.5,0.72,864803,0.72,0.71904,0.11186,10.55534,-0.05544,-0.03894,0.00641,70.3157,-12.80327,-65.59486
36.078934,-79.007998,10,0.02,122.5,2.52,865603,2.52,2.52263,1.17069,8.23729,-0.10934,0.53634,0.04016,73.9696,-17.24642,-59.89477
36.078934,-79.007998,10,0.02,122.5,2.83,865803,2.83,2.83011,1.28375,9.18425,-0.01329,0.21579,-0.04505,74.18884,-17.18796,-59.19322
36.078936,-79.008001,10,0.06,122.5,3.12,866603,3.12,3.12323,1.04686,9.51626,0.03085,-0.08873,-0.07514,73.76498,-16.92488,-58.84245
36.078936,-79.008001,10,0.06,122.6,3.25,866803,3.25,3.25364,0.98046,9.00958,0.01588,-0.03925,-0.08354,74.36422,-16.2964,-59.86554
36.078935,-79.008001,10,0.03,122.6,2.94,867603,2.94,2.94138,1.0349,9.74118,-0.03283,-0.06261,-0.15088,73.91113,-16.35487,-59.00322
36.078935,-79.008001,10,0.03,122.8,3.24,867803,3.24,3.23569,1.20419,9.68974,0.12187,-0.14279,-0.16906,73.28266,-15.69716,-60.27477
36.078936,-79.008002,10,0.06,122.8,3.41,868603,3.41,3.41396,1.02353,9.12084,-0.03436,-0.00428,-0.07178,74.18884,-16.73487,-58.36013
36.078936,-79.008002,10,0.06,122.8,3.66,868803,3.66,3.66222,1.19701,9.61735,0.03421,-0.00351,-0.08903,74.27653,-16.13563,-60.45016
36.078936,-79.008003,10,0.13,122.8,3.79,869603,3.79,3.78664,1.00259,9.63949,-0.09255,0.10614,0.00107,74.07191,-16.06256,-59.1786
36.078936,-79.008003,10,0.13,122.8,3.8,869803,3.8,3.79621,1.08156,9.10349,-0.04612,0.07055,0.03726,74.905,-17.11488,-58.9886
36.078936,-79.008003,10,0.06,122.8,3.96,870603,3.96,3.96072,1.133,9.25903,-0.0171,0.04612,0.00367,75.75271,-16.67641,-56.94241
36.078936,-79.008003,10,0.06,122.9,3.94,870803,3.94,3.94337,1.06182,9.34038,-0.00886,0.0058,0.02993,75.65039,-16.95411,-57.19088
36.078936,-79.008002,10,0.08,122.9,3.67,871603,3.67,3.6658,1.01276,9.61795,-0.00702,0.00901,0.03451,75.02192,-16.91026,-56.94241
36.078936,-79.008002,10,0.08,123.1,3.8,871803,3.8,3.8022,0.96431,9.48515,-0.03543,-0.01023,0.00916,75.22654,-16.13563,-58.21397
36.078937,-79.008002,10,0.07,123.1,3.89,872603,3.89,3.89193,0.99781,9.39303,-0.04078,-0.0339,-0.02046,75.38731,-15.8287,-57.07396
36.078937,-79.008002,10,0.07,123.1,3.77,872803,3.77,3.77229,1.01276,9.268,-0.01313,-0.01237,0.0142,75.18269,-15.85794,-57.17626
36.078937,-79.008003,10,0.08,123.1,3.83,873603,3.83,3.82911,1.11805,9.33679,-0.0226,0.03329,0.01527,74.68576,-16.17948,-58.18474
36.078937,-79.008003,10,0.08,123.3,3.75,873803,3.75,3.74955,0.96251,9.60359,-0.00977,0.04368,0.02825,75.03654,-16.7641,-57.9655
36.078937,-79.008003,10,0.07,123.3,4.02,874603,4.02,4.01575,0.999,9.28774,-0.02459,0.02214,-0.00977,74.67115,-15.84332,-58.30166
36.078937,-79.008003,10,0.07,123.4,3.73,874803,3.73,3.72862,1.08814,9.29372,-0.01237,0.0142,-0.04215,74.80269,-16.42794,-58.36013
36.078936,-79.008003,10,0.09,123.4,3.45,875603,3.45,3.45404,1.13958,8.38505,0.34682,-1.15286,0.16066,73.83806,-15.93102,-59.93861
36.078936,-79.008003,10,0.09,123.7,1.7,875803,1.7,1.70489,-0.20758,9.92962,0.22358,-0.20495,0.40836,71.03186,-14.73253,-60.64016
36.078938,-79.008004,10,0.86,123.7,7.3,876603,7.3,7.30289,3.90269,5.42154,0.11683,-0.44288,-1.15835,75.62116,-26.48348,-35.39901
36.078938,-79.008004,10,0.86,123.9,5.81,876803,5.81,5.81097,5.37488,5.15115,-0.04627,1.06657,0.41188,75.31424,-27.91582,-33.74744
36.078939,-79.008005,10,0.05,123.9,7.02,877603,7.02,7.02114,4.54696,5.15115,-0.0536,0.00993,0.02291,75.76732,-28.51505,-32.85589
36.078939,-79.008005,10,0.05,123.9,6.64,877803,6.64,6.63709,4.45723,5.65424,0.13439,-0.13164,0.03176,75.63578,-28.61736,-34.31745
36.078939,-79.008004,10,0.61,123.9,5.88,878603,5.88,5.87737,3.6323,7.88674,0.46945,-0.48029,0.18005,61.69249,-30.09354,-60.08477
36.078939,-79.008004,10,0.61,124,3.56,878803,3.56,3.55932,1.83649,10.15095,1.07925,-1.44546,1.71287,50.40924,-25.24116,-67.9772
36.07894,-79.008004,10,0.31,124,-0.5,879603,-0.5,-0.4995,-5.79661,8.42991,-0.02001,-0.43952,0.7535,36.18825,11.95557,-82.16895
36.07894,-79.008004,10,0.31,123.7,-3.3,879803,-3.3,-3.3015,-6.17887,7.52662,-0.56398,-0.21487,-0.05727,31.92049,11.72172,-80.99971
36.078944,-79.008009,10,1.77,123.7,-1.05,880603,-1.05,-1.04626,-5.28575,9.49233,0.54566,0.73182,-1.32359,36.3344,9.95323,-82.24203
36.078944,-79.008009,10,1.77,123.9,-0.37,880803,-0.37,-0.37089,-2.80738,12.24348,-0.9502,0.23976,0.7816,41.2891,9.03245,-82.41742
36.078944,-79.008009,10,0.2,123.9,1.13,881603,1.13,1.13121,-0.65384,10.59841,1.80648,-0.31398,-1.38117,50.6577,-19.16106,-73.72114
36.078944,-79.008009,10,0.2,124.1,2.73,881803,2.73,2.7338,-1.61635,11.03869,-0.67653,-0.00779,-0.18051,53.66852,-13.09559,-76.79041
36.078946,-79.008009,10,0.43,124.1,3.86,882603,3.86,3.85544,-1.29571,11.98206,0.57467,-2.53967,-1.19287,68.51797,-5.8024,-74.87576
36.078946,-79.008009,9,0.43,123.8,0.51,882803,0.51,0.51266,-2.15234,14.27737,-1.28877,-0.55451,-0.31398,63.22713,-10.90324,-76.80502
36.07894,-79.007999,9,0.53,123.8,-0.45,883603,-0.45,-0.45045,-1.69771,11.27737,0.56581,-0.28726,-0.65149,64.01637,4.22391,-78.66121
36.07894,-79.007999,10,0.53,123.9,8.6,883803,8.6,8.59622,1.25563,4.52662,-1.83,1.87245,1.40026,79.66969,-3.39082,-65.39024
36.078934,-79.007993,10,0.66,123.9,3.82,884603,3.82,3.82313,-1.91127,8.37009,0.47037,-3.54561,-0.94409,78.03274,-4.73546,-63.09559
36.078934,-79.007993,10,0.66,124.4,0.21,884803,0.21,0.20997,-5.60698,15.95833,-0.80833,2.33351,2.56838,59.924,8.74013,-83.08974
36.078963,-79.007947,7,0.98,138.3,2.2,914803,2.2,2.19541,-1.02712,11.91865,0.85674,-1.17775,-0.40012,41.49371,-8.9886,-82.38819
36.078963,-79.007932,7,2.91,138.3,0.41,915603,0.41,0.41037,-5.02493,10.0337,0.41432,1.14782,0.40027,45.89301,-2.10465,-85.28208
36.078963,-79.007932,6,2.91,138.4,3.98,915803,3.98,3.97986,-4.91785,3.21416,-1.1527,-0.23457,0.09132,51.75387,3.17159,-87.44519
36.078964,-79.007928,6,1.45,138.4,1.17,916603,1.17,1.1671,-5.82353,9.01257,0.40989,-0.39645,0.50488,45.17685,5.8024,-87.88366
36.078964,-79.007928,7,1.45,138.6,-1.15,916803,-1.15,-1.14855,-6.79801,11.93839,0.22571,-0.21487,0.40546,39.95908,2.95235,-89.08214
36.078971,-79.007937,7,0.62,138.6,0.6,917603,0.6,0.59701,-4.79223,11.61297,0.11011,-0.54092,0.32666,31.35048,-2.2508,-83.41129
36.078971,-79.007937,8,0.62,139,1.34,917803,1.34,1.34477,-3.2345,8.67757,0.3317,0.18234,0.13286,30.94124,1.69541,-81.83279
36.07897,-79.007946,8,1.59,139,1.11,918603,1.11,1.10788,-4.35374,9.27877,0.0759,-0.21151,-0.17853,31.51125,4.91084,-80.59047
36.07897,-79.007946,8,1.59,138.5,1.16,918803,1.16,1.16172,-4.44108,9.27219,-0.01176,-0.02764,-0.00901,30.4297,5.17393,-80.32739
36.078969,-79.007944,8,0.71,138.5,1.1,919603,1.1,1.10429,-4.05165,9.32004,-0.02443,0.01436,-0.0533,31.35048,3.09851,-80.63432
36.078969,-79.007944,9,0.71,138.4,1.16,919803,1.16,1.15932,-3.85843,9.37328,0.00092,-0.05864,-0.0956,30.91201,3.23005,-79.97662
36.078972,-79.007941,9,1.23,138.4,1.06,920603,1.06,1.06301,-4.13121,9.55873,-0.01878,-0.01512,-0.01619,30.54662,3.11312,-79.99123
36.078972,-79.007941,7,1.23,138.9,1.09,920803,1.09,1.08814,-3.90987,9.42473,-0.03497,0.02673,-0.01939,30.85355,2.85004,-80.23969
36.078974,-79.007942,7,1.77,138.9,1.03,921603,1.03,1.0319,-3.86022,9.42353,-0.03803,0.06964,-0.03115,31.45279,2.85004,-81.24817
36.078974,-79.007942,8,1.77,138.9,1.3,921803,1.3,1.3005,-3.77647,9.35713,-0.07193,0.36163,0.18555,33.25051,2.35311,-81.49664
36.078967,-79.007984,8,5.72,138.9,3.36,922603,3.36,3.36371,-2.70509,10.31845,1.04809,1.05726,0.99647,50.89156,3.08389,-78.54428
36.078967,-79.007984,7,5.72,136.8,3.91,922803,3.91,3.90628,-2.28335,6.3667,-0.15989,-0.35216,0.57482,51.76849,3.88775,-78.32505
36.078972,-79.007998,7,2.74,136.8,1.52,923603,1.52,1.52363,-0.79143,8.08475,-0.09728,0.16646,-0.03176,43.3499,2.92312,-78.63198
36.078972,-79.007998,6,2.74,135.8,3.24,923803,3.24,3.23928,-0.05264,8.70509,0.22984,0.12721,0.10843,43.93452,2.93774,-79.18737
36.078977,-79.008016,6,2.73,135.8,3.04,924603,3.04,3.04008,-0.91346,11.01117,0.07055,0.29596,-0.05513,44.06606,0.33616,-78.9389
36.078977,-79.008016,5,2.73,134.4,5.45,924803,5.45,5.45025,-1.55414,9.59582,-0.42883,0.25015,0.33063,48.28997,-0.59924,-77.97428
36.078984,-79.008026,5,2.45,134.4,4.04,925603,4.04,4.04088,-0.88056,8.96351,-0.1576,0.35781,0.38805,46.40456,-4.18006,-77.37504
36.078984,-79.008026,6,2.45,133.3,4.45,925803,4.45,4.45364,-0.27039,9.11546,0.08766,0.27749,0.20892,49.10845,-7.10319,-77.30196
36.078975,-79.008025,6,1.46,133.3,6.18,926603,6.18,6.17767,-1.4327,7.78445,0.7677,0.85353,-0.24374,60.04092,-2.28004,-76.22041
36.078975,-79.008025,5,1.46,131.8,7.72,926803,7.72,7.72164,-2.41256,6.65863,0.04688,-0.11209,-0.13729,63.1102,1.11079,-74.86115
36.078974,-79.008021,5,0.67,131.8,7.1,927603,7.1,7.09771,-2.3671,6.37149,-0.25198,0.67989,-0.67027,69.21952,-5.20316,-71.25109
36.078974,-79.008021,6,0.67,131.5,6.96,927803,6.96,6.96012,-2.41256,6.16391,-0.1182,0.00626,0.02275,69.54107,-4.83777,-70.30108
36.078946,-79.008024,6,5.9,131.5,8.29,928603,8.29,8.28993,-2.54237,7.6361,-0.04536,0.04963,-0.0055,65.98948,0.10231,-73.42882
36.078946,-79.008024,4,5.9,129.2,6.56,928803,6.56,6.56411,-2.22114,5.40658,0.53497,0.22129,0.05773,66.13564,1.38848,-73.23882
36.07889,-79.008057,0,2.43,129.2,6.58,933603,6.58,6.57907,-4.71506,8.58545,-0.32895,-0.63362,-0.42134,59.01783,10.7717,-76.77579
36.07889,-79.008057,4,2.43,121.9,4.6,933803,4.6,4.59901,-3.79083,8.35514,-0.31704,-0.22037,-1.37658,56.35779,13.88483,-76.98042
36.078895,-79.008011,4,0.77,121.9,4.7,934603,4.7,4.70309,-4.83829,6.46062,-0.24984,-0.27687,0.5287,61.66326,8.46244,-74.96346
36.078895,-79.008011,6,0.77,128.5,5.34,934803,5.34,5.34138,-4.40878,7.08216,0.87125,-0.43799,1.08658,58.15551,9.88015,-76.81965
36.078882,-79.007987,6,0.97,128.5,6.74,935603,6.74,6.7358,-4.18505,5.9336,0.34163,-0.05269,-0.2923,63.60713,14.60099,-73.45805
36.078882,-79.007987,5,0.97,130.6,7.1,935803,7.1,7.09831,-4.27478,5.61775,0.15149,-0.16646,-0.09148,62.27711,14.52792,-73.54575
36.078878,-79.007978,5,0.45,130.6,6.65,936603,6.65,6.64547,-4.32263,5.66082,-0.08522,-0.0197,-0.46365,58.9886,19.07337,-73.61882
36.078878,-79.007978,7,0.45,130.5,6.17,936803,6.17,6.16571,-4.70848,6.69751,-0.35568,0.31093,-0.05544,58.21397,17.96258,-74.59807
36.078881,-79.007981,7,0.14,130.5,6.19,937603,6.19,6.18963,-4.25982,6.16032,-0.00672,0.27443,-0.00107,59.25168,17.02718,-74.94884
36.078881,-79.007981,8,0.14,131.6,6.48,937803,6.48,6.47737,-4.76052,6.50728,-0.05589,-0.47418,0.00794,59.28091,15.52178,-75.00731
36.078885,-79.007969,8,0.18,131.6,7.71,938603,7.71,7.71207,-3.32602,5.98206,0.06735,-0.27122,-0.06185,68.34259,4.38468,-70.59339
36.078885,-79.007969,7,0.18,133.1,8.12,938803,8.12,8.11586,-3.19861,5.24088,0.40119,0.22785,0.01222,70.78339,6.97165,-68.69337
36.078895,-79.007976,7,0.1,133.1,6.05,939603,6.05,6.04606,-4.07438,5.91027,0.12859,0.36774,0.14569,64.96638,10.75709,-73.28266
36.078895,-79.007976,8,0.1,134.7,6.34,939803,6.34,6.34218,-4.69591,7.22034,0.14493,0.34178,0.35659,61.48787,12.04326,-74.36422
36.078916,-79.007983,8,0.02,134.7,6.62,940603,6.62,6.61735,-4.52662,5.18824,0.3123,-0.30925,0.22495,65.28793,15.18562,-72.21572
36.078916,-79.007983,8,0.02,136.6,6.15,940803,6.15,6.15314,-3.09512,7.51286,0.02902,0.11148,-0.14722,65.96024,15.15639,-72.42035
36.078922,-79.007998,8,0.56,136.6,8.03,941603,8.03,8.0339,-3.35115,5.36291,0.2138,-0.27565,0.02673,64.08945,14.86407,-72.80035
36.078922,-79.007998,9,0.56,134.2,6.59,941803,6.59,6.58624,-2.87438,7.62533,0.47312,0.32727,0.0869,60.80093,16.51564,-74.48115
36.078925,-79.008003,9,0.97,134.2,2.19,942603,2.19,2.18764,-4.11446,7.97049,-0.13225,-0.06185,-0.49526,47.82227,12.27711,-78.74891
36.078925,-79.008003,9,0.97,134.1,3.35,942803,3.35,3.34636,-4.44527,8.84088,0.0504,0.16066,-0.33918,46.91611,12.21865,-77.82812
36.078925,-79.008023,9,0.31,134.1,3.4,943603,3.4,3.3996,-4.53679,8.46341,-0.13439,-0.0336,-0.06521,47.70535,11.22479,-78.3689
36.078925,-79.008023,9,0.31,135.6,3.64,943803,3.64,3.64188,-4.30648,7.84487,-0.06032,0.84849,0.31505,49.3423,10.46478,-78.5589
36.078927,-79.008021,9,0.24,135.6,6,944603,6,6.00419,-4.22632,6.7334,0.15547,0.62186,0.07514,61.53172,13.63636,-74.48115
36.078927,-79.008021,8,0.24,136.9,6.22,944803,6.22,6.22194,-4.37229,6.5019,-0.00031,-0.2671,-0.24221,62.30634,15.4487,-74.04268
36.078931,-79.008021,8,0.17,136.9,7.32,945603,7.32,7.32323,-5.06202,3.28893,0.00153,-0.0675,0.20708,74.18884,15.78486,-65.08331
36.078931,-79.008021,6,0.17,137.5,7.3,945803,7.3,7.2999,-4.64507,4.31905,-0.3656,-0.11744,0.05513,71.36802,14.30868,-68.37182
36.078942,-79.008019,6,0.91,137.5,6.43,946603,6.43,6.4343,-4.50987,5.89233,-0.24083,-0.03009,0.08919,68.59105,9.95323,-70.28647
36.078942,-79.008019,7,0.91,138.7,6.55,946803,6.55,6.54616,-3.8997,6.32064,-0.10003,0.06597,0.11484,67.30488,8.27244,-71.39725
36.078948,-79.008015,7,0.82,138.7,3.79,947603,3.79,3.79322,-5.55255,8.02314,0.00214,-0.31322,-0.37461,52.64543,11.47325,-78.01812
36.078948,-79.008015,8,0.82,139.8,1.48,947803,1.48,1.48295,-5.61356,7.79462,0.02062,-0.05834,-0.30788,49.10845,12.55481,-77.37504
36.078951,-79.008017,8,0.68,139.8,5.03,948603,5.03,5.03031,-5.19721,6.67956,-0.18021,-0.13744,-0.26053,63.19789,12.02865,-73.28266
36.078951,-79.008017,4,0.68,140,3.85,948803,3.85,3.85304,-8.54118,7.03789,1.55633,-0.0171,-5.00421,60.40631,21.77726,-72.59573
36.078953,-79.008008,4,0.63,140,-8.58,949603,-8.58,-8.57528,-0.39302,-6.52044,1.59191,0.35033,-0.12126,-1.79772,9.4563,-29.72815
36.078953,-79.008008,6,0.63,140.2,-7.15,949803,-7.15,-7.14676,3.43789,-0.37627,0.7028,0.91996,-0.1741,-1.38848,9.8363,-34.31745
36.07896,-79.008008,6,0.99,140.2,-9.24,950603,-9.24,-9.24347,-0.62213,-5.01715,-1.38926,0.78511,-0.38225,-1.44695,14.48407,-28.76352
36.07896,-79.008008,7,0.99,139.8,-12.17,950803,-12.17,-12.17408,-2.26002,-5.79661,-0.68783,0.05238,0.29978,-1.47618,15.171,-32.32973
36.078967,-79.008004,7,1.15,139.8,-9.69,951603,-9.69,-9.69392,-1.01874,-3.13579,0.20342,-0.11102,0.12309,-0.04385,19.70184,-40.10523
36.078967,-79.008004,8,1.15,139.9,-9.54,951803,-9.54,-9.53719,-0.40499,-1.35972,2.57403,1.59787,-0.66065,1.27156,18.9126,-44.27068
36.078971,-79.007997,8,0.62,139.9,-11.24,952603,-11.24,-11.23669,1.2329,2.2684,-0.34346,-0.27031,-0.10751,4.56007,25.5627,-49.56153
36.078971,-79.007997,8,0.62,139.2,-11.01,952803,-11.01,-11.00818,1.32024,0.53539,0.07498,-0.21044,0.01741,2.67466,23.73575,-46.60918
36.078971,-79.008001,8,0.13,139.2,-8.09,953603,-8.09,-8.09492,-1.17966,-4.42373,-1.04107,-1.42454,-0.65378,-0.76001,20.62263,-28.88044
36.078971,-79.008001,9,0.13,139,-10.29,953803,-10.29,-10.29153,-0.86381,-4.23589,-1.04015,0.03497,-0.58689,-0.51155,18.31336,-24.74423
36.078966,-79.008003,9,0.13,139,-10.34,954603,-10.34,-10.33759,2.91805,-7.22932,0.17868,0.14478,-0.56474,0.19,1.35925,-24.97808
36.078966,-79.008003,8,0.13,138.7,-9.47,954803,-9.47,-9.47438,0.95892,-7.3023,0.46838,-0.2868,0.08277,0.92078,-3.34697,-24.91961
36.078966,-79.008008,8,0.84,138.7,-8.57,955603,-8.57,-8.5681,2.84626,0.64606,0.24328,1.64078,-0.01115,-0.96463,9.93861,-52.39696
36.078966,-79.008008,8,0.84,138.5,-9.49,955803,-9.49,-9.48694,3.12742,3.02453,-0.07269,0.92974,-0.45479,11.72172,11.78018,-65.4487
36.078966,-79.00801,8,0.1,138.5,-7.51,956603,-7.51,-7.51047,4.80898,-0.16869,1.58046,-0.58582,0.56154,-18.41567,18.15259,-41.91757
36.078966,-79.00801,10,0.1,138.9,-9.08,956803,-9.08,-9.07897,5.21336,-0.60598,0.51542,-0.29169,0.05085,-15.69716,51.88541,-15.59486
36.078961,-79.008008,10,0.13,138.9,-8.86,957603,-8.86,-8.86122,4.87478,-2.7344,-0.08583,-0.02214,0.1069,-8.90091,67.24642,-4.15083
36.078961,-79.008008,9,0.13,138.8,-8.59,957803,-8.59,-8.59143,4.71566,-3.03829,-0.16157,-0.05605,-0.1463,-11.0494,64.87869,-4.76469
36.078958,-79.008005,9,0.13,138.8,-8.68,958603,-8.68,-8.67638,3.90927,-3.734,0.29703,0.51985,0.08659,-12.02865,72.50803,-2.89389
36.078958,-79.008005,10,0.13,138.6,-8.9,958803,-8.9,-8.89711,3.68614,-1.98126,0.17303,0.06399,-0.00809,-3.2739,57.62935,17.68489
36.078958,-79.008005,10,0.05,138.6,-8.36,959603,-8.36,-8.35574,4.44407,-2.72782,-0.2248,0.44379,-0.09575,-14.20637,60.3917,13.87021
36.078958,-79.008005,10,0.05,139.2,-8.64,959803,-8.64,-8.64288,4.85803,-2.40479,-0.0336,-0.16264,-0.01115,-19.00029,53.56621,-10.72786
36.078958,-79.008001,10,0.13,139.2,-8.65,960603,-8.65,-8.65245,4.29512,-1.84666,0.11729,-0.12065,-0.10782,-7.46858,58.66706,19.05876
36.078958,-79.008001,6,0.13,139.3,-8.16,960803,-8.16,-8.16371,3.86441,-2.21097,-0.1127,-0.06933,-0.01634,-5.75855,61.41479,29.05583
36.078959,-79.008003,6,0.09,139.3,-8.4,961603,-8.4,-8.39641,4.40339,-2.71107,-0.07483,-0.23595,-0.12553,-5.89009,59.734,23.91114
36.078959,-79.008003,7,0.09,139.1,-8.36,961803,-8.36,-8.35574,4.18086,-2.85224,-0.02642,0.08781,-0.13897,-13.59252,48.90383,3.37621
36.078963,-79.007997,7,0.71,139.1,-4.72,962603,-4.72,-4.71685,2.5334,8.91805,-0.15256,-0.15256,0.08522,53.71236,29.90354,-71.45572
36.078963,-79.007997,6,0.71,136,-6.21,962803,-6.21,-6.21416,3.7346,6.97807,0.02321,0.06139,0.02123,51.2131,23.57498,-67.49489
36.07897,-79.007998,6,0.16,136,-2.53,963603,-2.53,-2.52622,2.15175,9.64547,-0.42196,0.00153,-0.31765,76.6881,33.83514,-50.80386
36.07897,-79.007998,9,0.16,137.3,-2.47,963803,-2.47,-2.47298,2.32702,7.98784,-0.36041,-0.18295,0.14691,73.3119,32.08126,-49.5323
36.078974,-79.008001,9,0.06,137.3,-5.22,964603,-5.22,-5.21695,4.88555,10.18206,0.14493,0.00993,0.22801,70.28647,31.84741,-38.8629
36.078974,-79.008001,10,0.06,136.1,-4.11,964803,-4.11,-4.11446,3.52463,10.01636,-0.197,0.18204,0.14371,68.88336,32.09588,-35.61824
36.078976,-79.007999,10,0.09,136.1,-5.58,965603,-5.58,-5.58485,3.92543,7.96571,-0.07651,0.02627,0.05024,63.00789,32.09588,-27.03888
36.078976,-79.007999,10,0.09,134.9,-3.84,965803,-3.84,-3.83988,3.4678,8.79303,-0.12996,0.06414,0.12859,61.40018,32.89974,-27.53581
36.078975,-79.007997,10,0.09,134.9,-1.55,966603,-1.55,-1.54576,1.7348,10.63011,0.08445,0.39248,0.03589,56.60626,30.53201,-21.01725
36.078975,-79.007997,10,0.09,134.6,-5.76,966803,-5.76,-5.75653,3.81177,7.80599,-0.20922,0.17471,0.16463,56.69395,31.10202,-20.12569
36.078973,-79.007994,10,0.02,134.6,-5.95,967603,-5.95,-5.94557,4.23111,7.74796,-0.01115,-0.45815,-0.09041,50.89156,27.76966,-16.01871
36.078973,-79.007994,10,0.02,134.9,3.48,967803,3.48,3.47737,1.00499,13.39921,0.12706,0.47953,-0.52092,47.09149,27.33119,-14.981
36.078973,-79.007992,10,0.03,134.9,-4.71,968603,-4.71,-4.71207,2.74995,8.82413,0.14752,0.01054,-0.18738,45.48378,29.4943,-13.7679
36.078973,-79.007992,10,0.03,135.1,-4.86,968803,-4.86,-4.86042,2.66202,8.87318,0.01344,0.00275,-0.10064,45.43993,29.75738,-14.17714
36.078978,-79.007992,10,0.02,135.1,-3.82,969603,-3.82,-3.82313,2.5322,10.1025,-0.82757,0.73472,-0.51313,42.15142,24.52499,-10.69863
36.078978,-79.007992,10,0.02,135.1,-3,969803,-3,-2.99701,3.36012,10.47997,0.34117,0.2865,-0.11057,47.07688,24.01345,-10.43554
36.078985,-79.00799,10,0.03,135.1,-3.21,970603,-3.21,-3.21476,3.76451,9.51805,-0.10385,0.02153,-0.03879,45.58609,26.48348,-11.99942
36.078985,-79.00799,10,0.03,135.7,-2.91,970803,-2.91,-2.91087,3.92064,8.75534,-0.17013,-0.54611,-0.1292,44.27068,26.16194,-10.87401
36.078993,-79.007988,10,0.01,135.7,-1.8,971603,-1.8,-1.7994,6.54497,10.74976,-0.2054,-0.1179,-0.10858,43.86144,26.4981,-10.26016
36.078993,-79.007988,10,0.01,135.8,-3.6,971803,-3.6,-3.59522,3.40259,8.65245,0.20189,0.20479,0.14905,40.76294,27.09734,-11.66326
36.078998,-79.007986,10,0.09,135.8,-5.52,972603,-5.52,-5.51785,0.64965,9.64966,0.30085,-1.21654,-0.01588,29.71354,38.96522,-11.42941
36.078998,-79.007986,10,0.09,136.3,-7.87,972803,-7.87,-7.87239,-1.75872,6.60957,0.956,-0.99907,0.01008,24.67115,44.37299,-5.77317
36.079001,-79.007988,10,0.23,136.3,-7.36,973603,-7.36,-7.36092,0.52522,-5.88096,-0.78282,0.04001,-0.80924,-5.61239,1.37387,-15.9164
36.079001,-79.007988,10,0.23,137.1,-7.43,973803,-7.43,-7.43151,2.12662,-4.34477,-0.39172,0.98945,-1.40071,-12.94943,-26.05963,-23.25344
36.079001,-79.007988,10,0.12,137.1,-8.84,974603,-8.84,-8.83789,-2.24626,-6.84108,0.30986,0.59239,-0.15379,-9.13476,-24.32037,-25.7527
36.079001,-79.007988,9,0.12,137.5,-8.46,974803,-8.46,-8.45982,-0.22074,-4.70309,1.26877,-0.27061,-0.12049,-10.47939,-28.29582,-38.51213
36.079,-79.00799,9,0.23,137.5,-8.12,975603,-8.12,-8.12004,-1.8,-5.97308,0.03238,-0.12843,-0.38164,-13.08097,-12.39404,-37.3575
36.079,-79.00799,10,0.23,137.8,-9.09,975803,-9.09,-9.08974,-1.00798,-7.3005,-0.20403,0.01054,-0.4131,-12.27711,-16.79334,-35.63285
36.078999,-79.007988,10,0.14,137.8,-7.41,976603,-7.41,-7.41057,2.49691,-4.17906,0.07117,0.95768,-0.82284,3.06928,-47.26688,-36.67057
36.078999,-79.007988,10,0.14,138,-6.26,976803,-6.26,-6.25903,3.54975,-5.24686,-2.19392,-0.44242,0.55329,8.38936,-49.59076,-28.77814
36.078996,-79.007986,10,0.35,138,-7.02,977603,-7.02,-7.02473,2.65484,-7.10728,-0.17685,0.33094,-0.17532,10.26016,-49.95615,-22.91727
36.078996,-79.007986,9,0.35,138.1,-6.79,977803,-6.79,-6.78844,1.08275,-8.63151,-0.69669,0.65943,-0.68111,17.0418,-41.40602,-5.64162
36.078994,-79.007983,9,0.6,138.1,-3.85,978603,-3.85,-3.85364,-0.87637,-9.04726,-0.34239,0.83276,0.25611,42.70681,-43.78836,16.26717
36.078994,-79.007983,9,0.6,138.2,-3.22,978803,-3.22,-3.22014,-1.63191,-9.28654,0.07895,-0.15577,0.21884,39.87138,-37.48904,18.95645
36.078998,-79.007975,9,1.12,138.2,-0.03,979603,-0.03,-0.02692,2.18943,-9.1681,-0.13302,-0.38485,-0.26527,67.8895,-13.89944,-4.3993
36.078998,-79.007975,9,1.12,138.2,0.42,979803,0.42,0.42114,1.33699,-9.26979,-0.12339,-0.11454,0.08674,66.95411,-9.96785,-9.71938
36.078998,-79.007976,9,0.23,138.2,-3.4,980603,-3.4,-3.40259,6.28595,-9.66461,-0.08827,-0.94684,-0.22465,73.91113,-15.81409,-14.57176
36.078998,-79.007976,9,0.23,138.5,4.59,980803,4.59,4.59003,1.63131,-8.31446,-0.40592,-0.64431,-0.49037,76.58579,-14.16253,-18.02105
36.078995,-79.007983,9,1.01,138.5,3.91,981603,3.91,3.90808,-0.92303,-9.77528,-0.06735,0.03146,-0.07437,76.38118,-1.06694,-16.92488
36.078995,-79.007983,10,1.01,138.1,5.31,981803,5.31,5.30728,-1.92443,-7.34656,-0.21777,0.13607,-0.10843,78.82198,2.01695,-19.93569
36.078999,-79.00799,10,0.77,138.1,4.1,982603,4.1,4.1019,-3.35474,-8.23909,-0.03176,-0.03161,-0.04749,76.99503,9.14937,-19.04414
36.078999,-79.00799,9,0.77,138.3,4.39,982803,4.39,4.39143,-3.93141,-7.6666,-0.0171,-0.00687,-0.09988,76.9658,8.84244,-19.74569
36.079003,-79.007992,9,0.35,138.3,1.13,983603,1.13,1.12762,-2.06022,-8.68176,-0.0985,-0.40378,0.18692,77.34581,8.50628,-21.52879
36.079003,-79.007992,9,0.35,138.7,2.7,983803,2.7,2.70449,-3.20219,-10.01456,0.11347,0.15058,0.43707,77.14119,8.00935,-21.49956
36.079006,-79.007997,9,0.28,138.7,5.23,984603,5.23,5.22592,-4.6678,-9.16272,0.13653,0.26145,0.12355,76.99503,5.08623,-23.64806
36.079006,-79.007997,9,0.28,138.7,3.89,984803,3.89,3.88774,-3.29073,-6.58206,-0.09346,0.21548,0.15302,77.74043,4.34084,-23.7796
36.079005,-79.007998,9,0.08,138.7,0.31,985603,0.31,0.31226,-3.89372,-8.60339,0.01604,0.07773,0.00153,76.05963,3.58082,-21.7188
36.079005,-79.007998,9,0.08,138.6,5.54,985803,5.54,5.54477,-3.52941,-11.40718,-0.01894,0.65561,0.1602,75.88425,3.44928,-20.57878
36.079004,-79.007997,9,0.37,138.6,3.79,986603,3.79,3.78784,1.51884,-8.85464,0.05085,0.20678,0.16448,75.10962,-2.09003,-20.44724
36.079004,-79.007997,9,0.37,138.7,5.63,986803,5.63,5.6333,-1.3657,-7.2676,-0.02306,-0.03589,0.11072,75.53347,-2.48465,-21.04648
36.079008,-79.008,9,0.06,138.7,5.62,987603,5.62,5.62194,-0.81775,-9.36012,-0.00596,0.21151,0.19975,75.32885,-7.04472,-21.48495
36.079008,-79.008,9,0.06,138.8,6.53,987803,6.53,6.53061,-1.65284,-6.93021,-0.09346,0.18189,0.02749,75.63578,-4.19468,-20.95878
36.07901,-79.008003,9,0.14,138.8,4.61,988603,4.61,4.61276,-2.09133,-8.1338,0.04765,0.01604,0.17364,75.51885,-5.77317,-21.33879
36.07901,-79.008003,8,0.14,138.7,6.07,988803,6.07,6.06521,-1.07318,-6.59282,0.07101,-0.07682,0.17807,76.13271,-7.61473,-22.24496
36.079011,-79.008,8,0.24,138.7,8.53,989603,8.53,8.52922,-3.75434,-4.75035,0.49602,0.56368,0.70097,79.0266,-0.20462,-37.38673
36.079011,-79.008,8,0.24,138.9,8.15,989803,8.15,8.14696,-1.35434,-2.72303,0.0562,-0.03726,-0.1657,79.0266,-2.76235,-35.07746
36.079015,-79.008001,8,0.35,138.9,5.67,990603,5.67,5.67099,6.40798,-5.00818,1.18981,0.55375,1.63574,71.00263,-29.56738,-32.63666
36.079015,-79.008001,8,0.35,139,1.92,990803,1.92,1.92383,6.1334,-5.42154,2.55403,-0.39615,-1.33046,77.97428,-29.81584,-26.35194
36.079019,-79.007997,8,0.94,139,-8.86,991603,-8.86,-8.86481,3.26082,-6.54078,-0.02031,0.28085,-0.09316,21.42648,-6.13856,-10.5817
36.079019,-79.007997,7,0.94,139,-6.79,991803,-6.79,-6.79143,2.02852,-3.34816,0.2813,-0.83643,-0.01497,41.39141,-0.95001,-34.60976
36.079023,-79.007995,7,0.97,139,-4.45,992603,-4.45,-4.45364,5.99163,-3.86261,0.90683,-2.01311,-1.49402,35.55978,137.97136,-187.05057
36.079023,-79.007995,6,0.97,139,-5.98,992803,-5.98,-5.98325,6.75015,-2.33779,0.39141,-0.15944,0.22327,23.13651,144.6653,-193.94914
36.079016,-79.007998,6,0.46,139,-3.12,993603,-3.12,-3.11665,7.95673,-4.16291,0.17349,0.1011,0.1912,14.27945,123.6919,-182.69511
36.079016,-79.007998,8,0.46,138.1,-7.1,993803,-7.1,-7.09651,7.53261,-3.73161,0.02489,0.22098,0.06765,16.13563,128.32506,-187.72289
36.07902,-79.007996,8,0.22,138.1,-5.45,994603,-5.45,-5.45025,8.65783,-2.35454,0.60827,0.27535,0.35354,7.07396,109.89477,-179.23122
36.07902,-79.007996,9,0.22,138.4,-6.08,994803,-6.08,-6.08315,7.89213,-0.64247,-0.22938,0.79412,0.56169,8.75475,98.61152,-171.33879
36.079018,-79.007995,9,0.33,138.4,-6.86,995603,-6.86,-6.86082,6.3344,-2.00399,-0.55925,-0.01833,0.60537,10.90324,100,-168.88338
36.079018,-79.007995,9,0.33,138.2,-7.26,995803,-7.26,-7.26461,5.98744,-2.6333,-0.32238,-0.08781,0.56291,8.25782,95.05993,-155.72932
36.079021,-79.008,9,0.86,138.2,-5.08,996603,-5.08,-5.07697,6.38046,-0.43789,1.42591,-0.54077,-1.726,23.42882,-34.62438,-34.65361
36.079021,-79.008,9,0.86,138.7,-1.32,996803,-1.32,-1.31904,8.08894,1.59841,1.78327,-0.03161,-2.66307,40.60216,-33.10435,-57.24934
36.079028,-79.008003,9,0.78,138.7,-0.41,997603,-0.41,-0.41037,9.94577,-0.74776,0.21655,0.23213,-0.08644,53.53698,-0.08769,-64.35253
36.079028,-79.008003,8,0.78,139.2,0.39,997803,0.39,0.39302,10.43869,0.91346,0.34025,-0.13164,0.1098,52.1485,1.2131,-70.57878
36.079022,-79.008001,8,0.81,139.2,-1.34,998603,-1.34,-1.34178,11.32942,2.34915,-0.33491,0.42867,-1.10139,35.61824,14.41099,-78.32505
36.079022,-79.008001,9,0.81,139,0.86,998803,0.86,0.85902,9.57787,2.57348,-0.41035,0.01542,-0.69959,48.77229,12.08711,-74.68576
36.079024,-79.008,9,0.47,139,2.08,999603,2.08,2.08355,8.89472,1.34895,-0.12798,0.33078,-0.21793,53.06927,12.68635,-68.83952
36.079024,-79.008,8,0.47,139.3,2.44,999803,2.44,2.44427,9.50369,2.03689,-0.02963,0.031,-0.05376,55.49547,18.09412,-72.61035
36.079018,-79.007994,8,1.43,139.3,2.64,1000603,2.64,2.63928,8.18944,0.75613,0.35919,-0.12309,0.10278,45.16224,11.26863,-60.9617
36.079018,-79.007994,7,1.43,139.6,1.69,1000803,1.69,1.69173,9.94696,-0.18604,-0.41692,-0.02535,0.35949,45.4107,18.00643,-63.56329
36.079032,-79.008004,7,0.15,139.6,1.55,1001603,1.55,1.54935,9.23988,0.0676,0.08735,0.17715,-0.23518,38.93598,13.60713,-60.20169
36.079032,-79.008004,9,0.15,139.4,2.92,1001803,2.92,2.92223,8.39402,2.33839,0.38775,0.07682,-0.10629,37.00673,19.658,-64.2356
36.079031,-79.008009,9,0.64,139.4,1.14,1002603,1.14,1.14497,9.84946,1.49312,-0.00168,-0.18723,0.24099,31.07279,21.17802,-65.28793
36.079031,-79.008009,9,0.64,138.9,0.25,1002803,0.25,0.25484,9.59043,1.31785,0.06552,-0.17471,0.073,29.33353,21.96726,-65.30254
36.079028,-79.008013,9,0.35,138.9,2.2,1003603,2.2,2.19661,8.60818,3.15553,-0.06246,-0.03512,0.2949,34.11283,31.10202,-68.95644
36.079028,-79.008013,9,0.35,139.3,1.36,1003803,1.36,1.36092,8.84746,3.05982,0.00168,-0.13989,0.35476,32.35896,29.83046,-69.76031
36.079019,-79.00801,9,0.25,139.3,1.44,1004603,1.44,1.43809,8.85105,3.67358,0.06689,-0.12309,0.14615,32.40281,31.39433,-70.12569
36.079019,-79.00801,9,0.25,139.9,0.7,1004803,0.7,0.69751,8.09791,4.65942,0.09194,0.00412,0.45525,29.83046,31.43818,-70.41801
36.079011,-79.008007,9,0.09,139.9,1.65,1005603,1.65,1.64925,8.35215,3.85903,0.00214,-0.00229,0.1376,30.86817,28.29582,-70.40339
36.079011,-79.008007,10,0.09,140.5,1.13,1005803,1.13,1.12582,9.0353,3.94457,0.00107,0.08628,-0.04933,30.34201,27.55042,-69.99415
36.079003,-79.008007,10,0.13,140.5,0.42,1006603,0.42,0.42173,9.63949,3.65982,-0.1518,-0.28359,-0.30528,28.13505,31.73049,-64.46945
36.079003,-79.008007,10,0.13,140.9,0.67,1006803,0.67,0.67059,8.52084,5.04467,-0.15256,-0.47556,0.40332,32.44665,25.92809,-64.06022
36.078997,-79.008004,10,0.03,140.9,0.4,1007603,0.4,0.40319,12.85903,2.94497,-1.69943,-0.68967,0.14523,38.92137,30.79509,-67.53873
36.078997,-79.008004,10,0.03,141.4,1.77,1007803,1.77,1.77428,8.3677,4.87239,-0.10797,-0.27092,0.18402,37.15288,29.39199,-69.32184
36.078993,-79.008002,10,0.08,141.4,-0.76,1008603,-0.76,-0.76032,8.79781,4.50568,0.0646,-0.27871,0.45907,32.79743,26.36656,-69.97954
36.078993,-79.008002,10,0.08,141.7,-1.17,1008803,-1.17,-1.17308,7.55474,4.24188,0.60018,-0.61835,0.75976,26.57118,28.76352,-72.4642
36.07899,-79.008,10,0.09,141.7,1,1009603,1,1.0008,7.49133,4.07258,-0.31566,0.23182,-0.18784,38.38059,24.75884,-65.88716
36.07899,-79.008,10,0.09,141.4,2.26,1009803,2.26,2.25942,8.01356,3.34756,0.51908,0.104,-0.10125,38.62906,29.87431,-65.60947
36.078991,-79.007999,10,0.05,141.4,-1.76,1010603,-1.76,-1.76411,10.51287,3.78784,-0.03803,-0.44318,1.19439,33.36744,26.10348,-58.72552
36.078991,-79.007999,10,0.05,141.5,6.94,1010803,6.94,6.94397,9.99662,-1.72881,0.72724,0.89232,-1.31122,29.94739,26.32271,-59.6463
36.078992,-79.008001,10,0.03,141.5,1.15,1011603,1.15,1.15274,9.61616,3.06221,-0.02856,0.07071,0.08048,26.46887,21.04648,-51.88541
36.078992,-79.008001,10,0.03,140.7,0.22,1011803,0.22,0.22193,8.67338,4.07019,0.17715,0.08094,0.51832,24.78807,16.8518,-50.0877
36.078992,-79.007999,10,0.03,140.7,1.84,1012603,1.84,1.84188,8.66321,3.45404,0.1941,-0.10614,-0.5959,19.04414,24.18883,-55.26162
36.078992,-79.007999,10,0.03,140.7,0.07,1012803,0.07,0.07478,9.6006,2.52383,-0.13241,0.17868,-0.22602,20.5934,22.14265,-53.33236
36.078991,-79.007997,10,0.14,140.7,3.73,1013603,3.73,3.72622,7.01695,4.68455,0.22297,0.08522,-0.50793,27.02426,33.64513,-56.72318
36.078991,-79.007997,10,0.14,140.7,2.86,1013803,2.86,2.86361,7.76531,3.58804,-0.13882,0.18402,-0.30131,29.23122,30.4297,-54.69161
36.078989,-79.007995,10,0.12,140.7,4.13,1014603,4.13,4.1342,7.63011,4.29751,-0.05681,0.01894,0.18036,29.52353,27.21426,-57.03011
36.078989,-79.007995,10,0.12,140.7,3.43,1014803,3.43,3.42592,8.21097,4.12882,0.135,-0.07086,0.21029,27.84274,28.54429,-58.72552
36.078988,-79.007994,10,0.12,140.7,2.08,1015603,2.08,2.08235,8.31566,5.80559,-0.17333,-0.10782,-0.0223,20.87109,37.10903,-60.14323
36.078988,-79.007994,10,0.12,140.9,0.97,1015803,0.97,0.96909,6.45584,3.18604,0.05681,-0.77809,1.0991,18.2549,34.15668,-59.47092
36.078987,-79.007992,10,0.52,140.9,-7.49,1016603,-7.49,-7.48714,1.24487,-6.20698,-0.69043,0.52565,0.68646,12.77404,-42.9845,-15.47793
36.078987,-79.007992,10,0.52,140.8,-8.69,1016803,-8.69,-8.69193,-1.40399,-4.56072,-2.25577,0.69043,-2.76462,19.55569,-44.10991,-14.54253
36.078987,-79.007989,10,0.48,140.8,-3.63,1017603,-3.63,-3.63171,-2.62493,-8.38744,-2.19331,-2.17315,0.32788,59.60246,-31.39433,7.61473
36.078987,-79.007989,9,0.48,140.7,0.16,1017803,0.16,0.16152,0.39661,-12.80459,-1.18462,-1.99951,-0.26848,77.56504,-4.7793,11.7948
36.078984,-79.007985,9,0.71,140.7,-4.81,1018603,-4.81,-4.81316,1.9346,-7.79522,0.97601,0.69608,-0.48457,19.59953,16.03332,-3.59544
36.078984,-79.007985,9,0.71,140.7,-3.18,1018803,-3.18,-3.18186,1.48893,-4.07438,0.32254,0.11469,0.11454,66.55949,53.14236,-48.07074
36.078984,-79.007985,9,0.43,140.7,-4.3,1019603,-4.3,-4.29631,4.27657,-7.51825,-0.56093,-0.84941,1.73516,186.45132,125.63578,-96.02455
36.078984,-79.007985,9,0.43,140.6,-4.62,1019803,-4.62,-4.62054,3.85603,-7.66421,-0.56536,-0.34361,0.46777,183.92282,123.70652,-87.34288
36.078985,-79.007983,9,0.35,140.6,-3.89,1020603,-3.89,-3.89492,1.48116,-8.71885,0.09148,0.05345,0.00351,188.96521,108.69628,-78.76352
36.078985,-79.007983,10,0.35,140.7,-5.16,1020803,-5.16,-5.15893,2.72363,-5.89831,0.44761,0.42684,-0.85139,190.29523,110.78632,-81.33587
36.078984,-79.007984,10,0.14,140.7,-7.02,1021603,-7.02,-7.01994,4.9669,-4.69472,-1.07833,0.12462,0.14386,48.34843,40.8214,-34.71207
36.078984,-79.007984,10,0.14,140.5,-9.67,1021803,-9.67,-9.67358,1.53141,-7.14198,-1.03114,0.1631,-0.18799,20.30108,9.85092,9.06168
36.078986,-79.007981,10,0.39,140.5,0.4,1022603,0.4,0.40499,-4.32323,-7.77548,0.43081,0.72739,-0.10705,69.54107,30.26893,-7.96551
36.078986,-79.007981,9,0.39,140.5,-0.95,1022803,-0.95,-0.95414,-3.38106,-8.83131,0.22816,0.37461,-0.03467,62.55481,26.71733,-4.85238
36.078992,-79.007983,9,0.99,140.5,0.14,1023603,0.14,0.14477,-0.91286,-9.09392,-1.76189,-1.05512,-1.22173,72.59573,8.97398,-6.24087
36.078992,-79.007983,9,0.99,140.6,1.84,1023803,1.84,1.84427,-3.84646,-9.1029,-1.03206,-0.33506,-0.69043,71.07571,24.1596,-14.77638
36.078999,-79.007981,9,1.62,140.6,-0.6,1024603,-0.6,-0.5994,-1.21795,-11.76671,-2.68796,-0.79657,-0.82788,62.70096,18.26951,-2.89389
36.078999,-79.007981,10,1.62,140.8,-0.53,1024803,-0.53,-0.5348,-4.08096,-7.03011,-2.11176,-1.05344,1.02824,71.20725,34.65361,-24.1596
36.079001,-79.007978,10,1.14,140.8,2.31,1025603,2.31,2.31027,-8.86302,-3.89791,-0.10522,-0.26206,-0.04612,73.28266,37.09442,-37.62058
36.079001,-79.007978,10,1.14,140.8,2.19,1025803,2.19,2.19422,-9.19083,-4.68874,0.14279,0.29856,-0.19548,73.01958,37.22596,-39.08214
36.079002,-79.00798,10,0.55,140.8,-1.19,1026603,-1.19,-1.18505,-8.94617,-5.52084,0.22113,0.3123,-0.00489,70.9734,35.77901,-37.72289
36.079002,-79.00798,9,0.55,140.8,5.26,1026803,5.26,5.26241,-11.67877,0.83988,-0.71792,-0.40897,0.3882,71.07571,35.51593,-36.50979
36.079001,-79.007979,9,0.06,140.8,1.53,1027603,1.53,1.52782,-7.16112,-5.19901,0.34132,0.34117,0.11332,71.58725,33.8059,-37.31365
36.079001,-79.007979,9,0.06,140.8,-0.18,1027803,-0.18,-0.17707,-8.04347,-5.14696,-0.00702,-0.12798,0.1573,71.00263,34.5513,-36.34902
36.079002,-79.007979,9,0.07,140.8,1.23,1028603,1.23,1.2329,-9.47797,-4.02712,0.14065,0.12309,0.26527,65.4487,38.2052,-37.24057
36.079002,-79.007979,10,0.07,141,0.81,1028803,0.81,0.81416,-8.83071,-4.51526,0.0142,-0.06933,0.22281,66.95411,37.41596,-36.1444
36.079003,-79.007981,10,0.13,141,0.87,1029603,0.87,0.87039,-8.58545,-5.0686,-0.15119,0.12004,0.14248,67.05642,36.20287,-38.2929
36.079003,-79.007981,10,0.13,140.8,4.17,1029803,4.17,4.17189,-11.51845,-2.30369,0.78252,0.85735,-0.97845,66.31102,36.96288,-36.72903
36.079003,-79.007981,10,0.49,140.8,-0.5,1030603,-0.5,-0.4989,-8.61416,-3.56949,-0.04429,-0.09346,0.03253,65.6387,36.84595,-36.26133
36.079003,-79.007981,10,0.49,140.9,-0.47,1030803,-0.47,-0.4678,-8.29532,-5.38744,0.28008,0.72647,-0.06918,65.98948,36.67057,-37.4598
36.079006,-79.007981,10,0.15,140.9,1.62,1031603,1.62,1.62233,-7.78684,-3.95474,0.0394,0.05605,0.01604,67.93335,34.27361,-33.79129
36.079006,-79.007981,10,0.15,141.1,1.9,1031803,1.9,1.90409,-8.30609,-4.33938,0.06216,-0.01894,0.07743,68.48875,34.11283,-32.46127
36.079007,-79.007982,10,0.12,141.1,1.66,1032603,1.66,1.65643,-9.49352,-0.6323,-0.19563,-0.11362,0.24419,69.86262,34.40514,-47.44227
36.079007,-79.007982,10,0.12,141.4,3,1032803,3,3.0018,-9.20639,-0.92124,0.07086,-0.02841,0.13531,70.95878,32.32973,-49.44461
36.079011,-79.007982,10,0.32,141.4,2.67,1033603,2.67,2.67159,-7.8999,-2.75892,-0.37874,-0.02978,-0.16616,72.53727,31.8328,-42.73604
36.079011,-79.007982,10,0.32,141.4,1.28,1033803,1.28,1.28315,-13.18804,-2.43769,-0.38775,0.27519,-1.09925,76.80502,26.87811,-38.62906
36.079012,-79.007982,10,0.16,141.4,-2.84,1034603,-2.84,-2.83908,2.52024,-3.32901,1.40789,1.57191,-0.99266,24.56884,-4.42853,13.00789
36.079012,-79.007982,10,0.16,141.7,-6.12,1034803,-6.12,-6.12144,8.04886,-3.1687,0.24175,0.61667,-1.63895,15.22947,-18.45951,-7.32242
36.079012,-79.007978,10,0.81,141.7,-0.93,1035603,-0.93,-0.93141,7.5344,-5.02672,-0.63087,-1.5348,-0.20586,111.9848,27.2435,-71.85033
36.079012,-79.007978,9,0.81,141.6,-3.67,1035803,-3.67,-3.67298,5.76072,-7.02712,0.28741,-0.40439,-0.58704,176.33733,41.9468,-114.92254
36.079015,-79.00798,9,0.45,141.6,-4,1036603,-4,-3.99721,0.5324,-8.30728,-0.31857,0.20876,0.56291,246.11224,85.51593,-138.73135
36.079015,-79.00798,9,0.45,140.8,-6.27,1036803,-6.27,-6.27039,-0.51506,-6.93141,-0.22724,0.36041,1.01083,251.9731,89.506,-144.31453
36.079015,-79.007979,9,0.23,140.8,-6.31,1037603,-6.31,-6.30748,-1.49372,-7.76471,0.16539,-0.00565,-0.12569,254.41391,94.43146,-142.28296
36.079015,-79.007979,10,0.23,140.5,-5.75,1037803,-5.75,-5.75414,0.28714,-7.7348,0.35965,0.08338,-0.71288,246.43378,86.91903,-133.4259
36.079016,-79.007985,10,1.22,140.5,-4.36,1038603,-4.36,-4.36271,5.71526,-6.04786,-0.18036,-0.02306,1.77365,15.60947,-3.58082,-8.34551
36.079016,-79.007985,10,1.22,140.2,-6.47,1038803,-6.47,-6.47498,-0.02991,-7.03789,-1.38376,0.84055,2.74278,13.78252,24.21807,4.37007
36.079015,-79.007987,10,0.83,140.2,-9.96,1039603,-9.96,-9.96371,-12.09871,-4.5661,0.92241,-0.26634,-0.63759,48.52382,54.867,-48.4069
36.079015,-79.007987,8,0.83,139.8,-7,1039803,-7,-6.99841,-8.26361,-1.94118,-0.06643,0.21273,-0.09789,45.71763,49.12306,-47.22303
36.079011,-79.00799,8,0.43,139.8,-4.56,1040603,-4.56,-4.55893,-9.13281,0.76211,0.33139,0.16936,0.32162,57.52704,44.73838,-53.28851
36.079011,-79.00799,10,0.43,139.4,-4.59,1040803,-4.59,-4.59183,-9.16511,0.52702,0.31124,-0.08002,-0.0985,58.21397,44.62146,-53.68313
36.079009,-79.007989,10,0.28,139.4,-3.77,1041603,-3.77,-3.7657,-9.38046,-0.78485,-0.41203,-0.14248,-0.17639,57.81935,45.57147,-47.51535
36.079009,-79.007989,10,0.28,139.3,-3.79,1041803,-3.79,-3.78784,-8.88335,-0.16929,-0.31353,0.02001,-0.35109,57.43935,45.48378,-49.45922
36.079009,-79.00799,10,0.14,139.3,-4.74,1042603,-4.74,-4.74497,-8.51725,1.0989,-0.15211,0.04414,-0.15455,53.99006,45.17685,-52.03157
36.079009,-79.00799,10,0.14,139.4,-4.97,1042803,-4.97,-4.97049,-8.40479,1.15932,0.17394,0.21655,-0.01298,52.7185,44.46069,-53.42006
36.079007,-79.007986,10,0.09,139.4,-6.42,1043603,-6.42,-6.41994,-6.8004,0.89372,0.01817,-0.11011,0.37706,49.31306,43.55452,-55.75855
36.079007,-79.007986,9,0.09,139.2,-3.41,1043803,-3.41,-3.40738,-9.72324,1.09113,0.50809,0.21136,1.41767,57.71704,43.86144,-52.9085
36.079007,-79.007985,9,0.02,139.2,-2.71,1044603,-2.71,-2.71107,-8.4024,2.05663,0.22846,0.05956,-0.38149,64.51331,44.19761,-52.68927
36.079007,-79.007985,9,0.02,139.2,-4.08,1044803,-4.08,-4.07737,-10.7025,1.20897,-0.25504,0.05452,-0.85185,56.50394,45.42531,-49.79538
36.079009,-79.007984,9,0.12,139.2,-9.22,1045603,-9.22,-9.21775,-5.82114,-4.14856,0.47098,1.27243,0.46685,35.91055,61.59018,-43.49606
36.079009,-79.007984,9,0.12,139.2,-3.17,1045803,-3.17,-3.17169,-8.88694,0.98046,0.23488,-0.80054,0.21029,51.90003,67.42181,-44.15376
36.079011,-79.007984,9,0.1,139.2,-6.16,1046603,-6.16,-6.16271,-9.05923,-0.89372,0.28436,-0.32865,0.34667,57.36627,46.2584,-45.20608
36.079011,-79.007984,9,0.1,139.3,-3.18,1046803,-3.18,-3.17647,-9.58146,-2.25105,0.0223,-0.1547,0.33598,65.34639,43.65683,-45.77609
36.079015,-79.007983,9,0.52,139.3,-3.37,1047603,-3.37,-3.37149,-10.63849,-0.61854,0.31017,0.06918,-0.12401,57.67319,45.42531,-42.79451
36.079015,-79.007983,10,0.52,139.5,-5.53,1047803,-5.53,-5.52503,-7.71865,-0.75434,-0.35537,-0.00809,0.11729,57.14703,46.90149,-43.51067
36.079015,-79.007987,10,0.13,139.5,-5.02,1048603,-5.02,-5.02313,-8.27378,-2.52383,1.04244,0.80359,-0.60185,58.17013,66.79333,-8.81321
36.079015,-79.007987,9,0.13,139.5,-8.02,1048803,-8.02,-8.02254,-8.57947,-1.8018,0.35858,0.0449,-1.29885,78.67583,34.72669,17.96258
36.079014,-79.007992,9,0.69,139.5,-4.35,1049603,-4.35,-4.35254,-1.41655,-0.64068,-0.12202,-0.14813,0.17349,76.26425,23.23882,26.24964
36.079014,-79.007992,10,0.69,139.3,-6.72,1049803,-6.72,-6.71605,-5.85942,-3.73879,0.16692,0.13485,-0.3204,76.36656,23.26805,25.63578
36.079013,-79.007996,10,0.69,139.3,-5.84,1050603,-5.84,-5.83909,-3.95414,-5.52802,0.31078,-0.66859,-0.89507,58.7986,29.34814,21.32417
36.079013,-79.007996,9,0.69,139.3,-6.98,1050803,-6.98,-6.97927,-1.68634,-6.94756,0.58658,0.00779,-0.9363,47.23765,37.7375,15.08331
36.079013,-79.008,9,0.72,139.3,-5.29,1051603,-5.29,-5.28993,1.05105,-8.31685,-1.96439,0.02566,0.48961,39.66676,27.33119,4.70623
36.079013,-79.008,10,0.72,139,-4.59,1051803,-4.59,-4.59183,-2.91446,-5.87558,-1.24983,-0.02673,1.28312,42.18065,38.42444,-7.10319
36.079015,-79.008002,10,0.52,139,-4.66,1052603,-4.66,-4.66122,-6.41516,-6.28176,-0.28833,0.12339,0.04169,53.4639,41.43525,-17.84566
36.079015,-79.008002,9,0.52,138.7,-4.04,1052803,-4.04,-4.04028,-7.23889,-5.21157,-0.51053,0.0846,-0.1127,51.11079,42.89681,-20.46185
36.079015,-79.008002,9,0.31,138.7,-8.68,1053603,-8.68,-8.68296,-8.02014,-4.15514,0.15256,0.18677,0.06872,49.73692,42.66296,-21.55802
36.079015,-79.008002,9,0.31,138.6,-5.91,1053803,-5.91,-5.91446,-10.02054,-4.05942,0.37415,-0.17669,-0.46792,50.52616,41.81526,-20.5934
36.079015,-79.008002,9,0.05,138.6,-4.53,1054603,-4.53,-4.52543,-6.93201,-4.54696,-0.47739,-0.12385,0.3456,49.48846,38.59982,-18.19643
36.079015,-79.008002,9,0.05,138.7,-0.24,1054803,-0.24,-0.23689,-6.19023,-5.47119,-0.0452,-0.51191,0.38423,48.69921,38.55598,-18.86875
36.079015,-79.008002,9,0.08,138.7,-7.08,1055603,-7.08,-7.07797,-6.14716,-8.60399,0.00397,0.31841,0.07315,51.24233,38.46828,-17.61181
36.079015,-79.008002,9,0.08,138.9,-8.71,1055803,-8.71,-8.70928,-6.73699,-7.97408,0.68845,0.31108,-0.29215,51.50541,37.2698,-17.15873
36.079016,-79.008002,9,0.14,138.9,-3.41,1056603,-3.41,-3.41216,-5.51306,-3.95294,-0.69043,-0.25427,0.38576,51.73926,37.09442,-17.40719
36.079016,-79.008002,9,0.14,138.9,1.21,1056803,1.21,1.20778,-13.91606,-2.25165,-0.70601,-0.50183,0.30864,52.30927,36.45133,-15.71178
36.079021,-79.008003,9,0.52,138.9,-3.3,1057603,-3.3,-3.3009,-10.81616,0.09571,0.0223,-0.63958,-0.02779,59.98246,40.00293,-35.03362
36.079021,-79.008003,9,0.52,138.7,-2.72,1057803,-2.72,-2.72004,-9.12204,-0.77109,0.02978,-0.04383,-0.03742,61.64864,40.03215,-37.76674
36.079025,-79.008001,9,0.38,138.7,-3.48,1058603,-3.48,-3.48156,-10.47518,-0.29551,-0.09972,0.00702,0.08552,58.56475,40.03215,-38.2052
36.079025,-79.008001,9,0.38,138.6,-5.19,1058803,-5.19,-5.19003,-7.68096,-1.31127,0.08567,0.03467,-0.26267,58.41859,39.34522,-37.97135
36.079026,-79.007998,9,0.12,138.6,-1.43,1059603,-1.43,-1.43031,-9.3015,-1.41057,0.12737,0.2865,-0.32956,53.1862,40.14908,-35.34055
36.079026,-79.007998,9,0.12,138.5,0.63,1059803,0.63,0.6347,-13.82274,3.12742,-0.63851,-0.66676,0.61865,53.23005,39.73984,-34.97515
36.079027,-79.007998,9,0.02,138.5,-3.38,1060603,-3.38,-3.38046,-7.79223,-0.67837,-0.15226,-0.09911,0.10033,50.89156,40.29523,-34.93131
36.079027,-79.007998,9,0.02,138.4,-4.46,1060803,-4.46,-4.45603,-9.03051,-1.78744,-0.11729,-0.00153,0.08079,51.56387,39.38907,-34.34668
36.079026,-79.007996,9,0.03,138.4,-7.06,1061603,-7.06,-7.06242,-9.71486,-2.80738,0.48869,0.22174,-0.51053,52.10464,39.87138,-33.06051
36.079026,-79.007996,9,0.03,138.4,-6.45,1061803,-6.45,-6.44626,-7.69891,-2.91506,0.14584,0.12049,-0.05834,52.68927,39.40368,-33.25051
36.079029,-79.007993,9,0.9,138.4,-2.27,1062603,-2.27,-2.2672,-9.28116,-2.01296,-1.80709,0.04765,0.44349,59.09091,37.76674,-39.73984
36.079029,-79.007993,10,0.9,139.3,-1.23,1062803,-1.23,-1.22632,-9.402,2.94138,-0.45907,0.09224,0.22083,64.35253,31.75972,-49.54692
36.079028,-79.007993,10,0.16,139.3,0.39,1063603,0.39,0.38524,-9.62154,0.94217,-0.16585,0.05574,-0.11805,65.27332,32.89974,-45.26454
36.079028,-79.007993,10,0.16,139.1,-0.12,1063803,-0.12,-0.12144,-9.6682,1.29691,0.07254,0.11118,0.00168,66.00409,33.71821,-43.83221
36.079028,-79.007992,10,0.12,139.1,-9.07,1064603,-9.07,-9.067,-5.00459,-9.47199,4.6496,0.09835,-4.58317,48.07074,60.56709,-24.80269
36.079028,-79.007992,10,0.12,138.8,-6.23,1064803,-6.23,-6.23211,0.10229,-6.34277,1.36987,0.65408,-0.79962,18.78106,36.49517,2.10465
36.079029,-79.007991,10,0.49,138.8,-6.85,1065603,-6.85,-6.84826,-0.48754,-7.24726,-0.27932,-0.38958,0.6576,-13.56329,109.22245,-22.63958
36.079029,-79.007991,10,0.49,138.8,-4.46,1065803,-4.46,-4.46022,0.71366,-6.44148,-0.52779,-1.57588,-0.32819,-10.72786,52.66004,-7.62935
36.079034,-79.007994,10,0.92,138.8,-4.9,1066603,-4.9,-4.89691,-1.95613,-10.72882,-0.11912,0.74342,0.00657,73.79421,105.87548,-3.09851
36.079034,-79.007994,9,0.92,138.3,-1.61,1066803,-1.61,-1.60678,-0.8339,-9.91287,0.20036,0.38744,0.27275,75.41655,98.36305,1.35925
36.079031,-79.007999,9,0.84,138.3,-4.75,1067603,-4.75,-4.74557,-3.59043,-9.59701,-1.19943,4.33882,2.02334,24.99269,44.0076,4.94008
36.079031,-79.007999,10,0.84,138,-7.24,1067803,-7.24,-7.24008,-5.2325,-5.45384,0.29749,1.16935,0.54932,14.45484,53.06927,-13.73867
36.079031,-79.007997,10,0.12,138,-6.52,1068603,-6.52,-6.51925,-7.133,-0.83031,0.45876,-0.63393,0.22984,16.34025,60.55247,-16.09179
36.079031,-79.007997,10,0.12,137.7,-5.28,1068803,-5.28,-5.28275,-8.00878,-2.67338,-0.07773,-0.46563,-0.26618,19.32183,60.91786,-13.60713
36.079031,-79.007997,10,0.15,137.7,-7.5,1069603,-7.5,-7.49731,-7.19043,-1.24008,-0.99647,0.0533,-0.55894,20.00877,58.78399,-41.06986
36.079031,-79.007997,10,0.15,137.4,-5.89,1069803,-5.89,-5.89173,-4.66541,-0.02034,-0.61499,0.52183,-0.85567,20.44724,55.97779,-56.12394
36.079031,-79.007998,10,0.32,137.4,-5.63,1070603,-5.63,-5.62612,-6.00539,2.16491,0.18983,-0.23213,1.79747,27.09734,53.39082,-66.22333
36.079031,-79.007998,10,0.32,137.6,-7.15,1070803,-7.15,-7.14856,-7.21017,1.92383,0.73747,-0.19334,-0.02214,30.07892,61.89711,-59.41245
36.079035,-79.007997,10,0.31,137.6,-8.53,1071603,-8.53,-8.53041,-5.13918,-2.0327,-0.02963,-0.00183,-0.14462,39.18445,44.06606,-39.54984
36.079035,-79.007997,10,0.31,137.4,-8.08,1071803,-8.08,-8.08295,-7.07498,0.28654,-0.61835,0.79122,0.81016,44.06606,46.31686,-40.85063
36.079036,-79.007997,10,0.6,137.4,-6.82,1072603,-6.82,-6.81536,-6.11964,0.35533,0.09621,0.22785,-0.08308,36.08594,56.32856,-51.94387
36.079036,-79.007997,9,0.6,137.2,-8.02,1072803,-8.02,-8.01775,-7.09292,1.0331,0.07407,0.26542,0.10385,40.076,50.40924,-46.93072
36.079034,-79.007996,9,0.08,137.2,-6.62,1073603,-6.62,-6.61795,-8.97129,1.61874,-2.98484,0.82345,-0.64294,63.68021,43.59836,-44.79684
36.079034,-79.007996,10,0.08,137.5,-5.18,1073803,-5.18,-5.18046,-6.58325,5.22413,-0.52458,0.34758,-0.35476,68.40105,28.88044,-57.35165
36.079031,-79.007995,10,0.1,137.5,-1.19,1074603,-1.19,-1.19462,-7.08275,5.03031,-0.29993,-0.00107,0.40012,56.2701,29.2166,-51.54926
36.079031,-79.007995,9,0.1,137.4,-8.19,1074803,-8.19,-8.18525,-5.28395,4.83769,-0.10339,0.49052,-0.11438,56.34317,27.21426,-51.2131
36.079027,-79.007991,9,0.03,137.4,-4.08,1075603,-4.08,-4.08395,-5.99462,8.39941,-0.23763,0.44868,0.23747,68.37182,23.06343,-52.96697
36.079027,-79.007991,10,0.03,137.5,-2.49,1075803,-2.49,-2.49272,-5.37129,7.28375,0.03604,-0.34376,-0.42944,69.13184,23.88191,-51.2131
36.079025,-79.007989,10,0.13,137.5,-5.25,1076603,-5.25,-5.25284,-7.24128,5.97368,0.08033,-0.18219,-0.06826,63.53406,28.54429,-47.52996
36.079025,-79.007989,9,0.13,137.7,4.4,1076803,4.4,4.39861,-10.2694,8.8355,-0.10324,-0.20678,-0.17578,64.10406,25.79655,-46.78456
36.079024,-79.00799,9,0.02,137.7,-5.77,1077603,-5.77,-5.7667,-6.9673,5.07697,-0.19395,-0.05925,-0.29734,59.96785,27.94505,-43.86144
36.079024,-79.00799,9,0.02,137.7,-5.8,1077803,-5.8,-5.8008,-6.48096,5.28754,0.52489,-0.10736,-0.10385,61.45863,28.60275,-41.7568
36.079024,-79.007992,9,0.07,137.7,0.06,1078603,0.06,0.05563,-5.37607,10.0361,-0.63591,0.14569,0.56826,57.36627,32.08126,-37.70827
36.079024,-79.007992,8,0.07,137.7,-2.14,1078803,-2.14,-2.14277,-7.95853,7.7013,-0.11301,-0.15241,0.00458,58.9886,27.69658,-38.30751
36.079025,-79.007993,8,0.08,137.7,-0.01,1079603,-0.01,-0.01256,-5.65065,5.51785,-0.68615,0.15134,0.27458,58.65244,26.33733,-38.7606
36.079025,-79.007993,9,0.08,137.7,-3.95,1079803,-3.95,-3.95414,-3.9338,4.83051,-0.39019,0.08415,0.16005,58.66706,27.78427,-36.96288
36.079024,-79.007992,9,0.23,137.7,-6.67,1080603,-6.67,-6.67358,-9.70828,2.36949,0.58368,-0.20433,-0.03039,54.29699,27.95966,-35.80824
36.079024,-79.007992,9,0.23,137.4,-2.21,1080803,-2.21,-2.20798,-5.93599,7.41775,-0.05651,-0.09468,-0.06063,52.51389,31.56972,-36.75826
36.079024,-79.007992,9,0.06,137.4,-3.66,1081603,-3.66,-3.65504,-6.3996,6.45643,-0.04444,-0.04215,0.02169,53.63929,31.01432,-33.54282
36.079024,-79.007992,9,0.06,137.3,-4.97,1081803,-4.97,-4.9675,-7.47637,6.45643,0.03268,-0.03818,-0.01069,52.57235,32.7682,-34.1713
36.079023,-79.007992,9,0.23,137.3,-3.95,1082603,-3.95,-3.95474,-8.31386,4.30828,-0.03497,-0.00687,-0.0226,54.22391,35.8667,-29.59661
36.079023,-79.007992,8,0.23,137.1,-3.25,1082803,-3.25,-3.25484,-6.27458,5.62612,0.20861,-0.52092,0.04368,52.2508,36.3344,-32.03741
36.079022,-79.007993,8,0.28,137.1,0.83,1083603,0.83,0.82612,-6.7687,6.99901,-0.03772,0.21762,0.08827,70.28647,22.77112,-36.8021
36.079022,-79.007993,9,0.28,137.4,0.37,1083803,0.37,0.36909,-7.57508,2.50349,1.1298,-0.23992,-0.25488,70.76878,28.79275,-28.70506
36.07902,-79.007991,9,0.49,137.4,-4.6,1084603,-4.6,-4.59542,-7.96571,2.47837,0.34453,-0.50335,0.22831,52.00234,35.63285,-32.59281
36.07902,-79.007991,10,0.49,137.5,-1.13,1084803,-1.13,-1.13001,-12.49771,-1.35135,0.33598,-5.00421,-1.88956,62.10172,40.58755,-39.1406
36.079019,-79.00799,10,0.39,137.5,-7.54,1085603,-7.54,-7.54038,-3.91346,-1.35374,-5.00421,-0.3123,0.15715,-22.99035,6.05086,-69.61415
36.079019,-79.00799,9,0.39,137.5,-8.51,1085803,-8.51,-8.50768,-0.18544,-1.77189,-0.64462,2.29716,0.44257,-19.74569,-0.26308,-65.39024
36.079018,-79.007984,9,1.12,137.5,-9.69,1086603,-9.69,-9.68555,-4.5332,3.03888,-0.48335,0.7222,0.87659,16.39871,35.53055,-89.12598
36.079018,-79.007984,9,1.12,137.7,-6.57,1086803,-6.57,-6.57368,-6.41396,3.03948,0.19746,0.35522,1.23044,20.65186,50.64309,-100.02923
36.079014,-79.007988,9,0.44,137.7,-9.07,1087603,-9.07,-9.07239,-5.96591,1.84666,-0.31964,-0.77901,-1.0038,-4.10699,27.44811,-39.94446
36.079014,-79.007988,10,0.44,137.8,-9.89,1087803,-9.89,-9.88894,0.8674,-1.84247,3.30432,-0.53374,-3.56379,-2.85004,-2.51388,-32.3005
36.079014,-79.007988,10,0.17,137.8,-5.61,1088603,-5.61,-5.61476,7.36511,0.53061,-0.44975,0.69562,0.28818,20.44724,-26.90734,-46.65303
36.079014,-79.007988,10,0.17,138.1,-6.55,1088803,-6.55,-6.55035,8.48016,0.0676,0.27886,-0.32422,-0.03161,18.81029,-25.5627,-49.26922
36.079013,-79.00799,10,0.32,138.1,-4.54,1089603,-4.54,-4.53918,8.56391,1.10189,-1.09864,1.08123,0.37721,28.5589,-26.11809,-47.98305
36.079013,-79.00799,10,0.32,138.2,-7.44,1089803,-7.44,-7.43689,9.08315,-1.71446,-0.57788,0.10201,-0.53435,27.52119,-28.85121,-38.27828
36.079012,-79.007995,10,0.4,138.2,-3.59,1090603,-3.59,-3.58564,9.27279,-3.64965,1.50364,-1.41308,-3.23346,48.23151,-38.70213,-30.7074
36.079012,-79.007995,10,0.4,138.1,0.92,1090803,0.92,0.91825,9.5019,-2.90668,-0.15699,-1.15835,-0.78221,67.07103,-33.68898,-37.69366
36.07901,-79.007993,10,0.02,138.1,1.4,1091603,1.4,1.401,8.28216,-3.24826,0.92088,0.28039,-2.90818,61.82403,-38.92137,-38.78983
36.07901,-79.007993,10,0.02,137.9,0.72,1091803,0.72,0.71845,8.82353,-3.31226,-0.12431,0.86957,-0.07529,66.19409,-31.62818,-38.2929
36.079008,-79.007988,10,0.89,137.9,-1.01,1092603,-1.01,-1.00738,9.55454,-2.25165,0.42348,-0.7222,1.17744,49.66384,-27.21426,-61.12248
36.079008,-79.007988,10,0.89,138.6,1.8,1092803,1.8,1.80419,9.68974,-2.48196,-0.6495,-0.00733,-1.5684,59.13476,-23.39959,-59.99707
36.079003,-79.007986,10,0.1,138.6,5.08,1093603,5.08,5.07817,7.49731,-3.88355,0.29077,-0.46762,-0.58842,69.11722,-15.08331,-56.8401
36.079003,-79.007986,10,0.1,138.7,6.18,1093803,6.18,6.17827,6.08196,-2.41316,0.60919,-0.58735,-0.83566,71.66033,-9.29553,-66.19409
36.079,-79.007981,10,0.87,138.7,7.17,1094603,7.17,7.17428,5.09133,-2.16969,-0.01787,0.02382,0.02153,75.16808,-0.77463,-65.62408
36.079,-79.007981,10,0.87,138.7,7.45,1094803,7.45,7.44587,5.72722,-1.98903,-0.2106,-0.0336,0.02596,75.69424,0.4677,-63.51944
36.078998,-79.007981,10,0.1,138.7,7.52,1095603,7.52,7.51885,5.58784,-0.97149,0.08415,-0.09255,0.05009,75.05116,2.74773,-69.46799
36.078998,-79.007981,10,0.1,139,7.17,1095803,7.17,7.17069,5.19661,-1.34357,-0.19639,0.39599,-0.06949,75.44578,3.55159,-70.41801
36.078997,-79.007981,10,0.03,139,8.2,1096603,8.2,8.19781,4.8347,-3.34397,-0.61575,0.94852,0.59972,74.46653,0.77463,-64.84946
36.078997,-79.007981,10,0.03,139.5,5.87,1096803,5.87,5.86959,6.02154,-2.46939,-0.26389,0.52382,1.3355,73.06343,-4.34084,-57.04473
36.078996,-79.007982,10,0.07,139.5,5.61,1097603,5.61,5.60758,6.12981,-3.80638,0.22052,0.0058,0.12004,70.85648,-11.19556,-52.29465
36.078996,-79.007982,9,0.07,139,4.75,1097803,4.75,4.74796,6.66102,-2.88874,0.1127,0.00214,-0.15653,70.24262,-12.54019,-54.56007
36.078995,-79.007981,9,0.07,139,4.9,1098603,4.9,4.90289,8.45324,-5.19901,-0.08354,0.19884,0.11652,61.5171,-17.11488,-51.2131
36.078995,-79.007981,9,0.07,138.5,3.84,1098803,3.84,3.83809,7.34118,-2.82233,-0.07086,0.18265,0.13057,62.13096,-15.9164,-53.33236
36.078994,-79.007981,9,0.13,138.5,4.7,1099603,4.7,4.7019,8.32882,-4.21197,-0.08628,0.01344,0.16997,60.07016,-15.97486,-54.75007
36.078994,-79.007981,9,0.13,137.8,4.41,1099803,4.41,4.40698,8.22114,-3.54198,-0.06231,0.06124,0.41142,58.7109,-16.25256,-55.77316
36.078993,-79.007979,9,0.08,137.8,3.83,1100603,3.83,3.82672,8.34736,-3.9356,0.17898,-0.0985,0.57742,55.437,-19.02952,-55.74393
36.078993,-79.007979,9,0.08,137.2,3.1,1100803,3.1,3.0993,8.02254,-1.8347,-0.19868,0.10797,-0.10079,53.20082,-20.27185,-54.99854
36.078992,-79.007978,9,0.03,137.2,4.21,1101603,4.21,4.20897,7.40459,-1.92682,-0.05391,-0.06857,-0.04536,53.09851,-19.27799,-56.70856
36.078992,-79.007978,9,0.03,136.6,4.53,1101803,4.53,4.52543,8.28216,-2.89532,0.04444,0.0788,0.07804,53.4639,-19.64338,-56.16779
36.078992,-79.007976,9,0.21,136.6,5.47,1102603,5.47,5.47358,6.8686,-1.53141,-0.13714,0.07376,-0.04917,53.34697,-18.64952,-57.67319
36.078992,-79.007976,10,0.21,136.1,4.06,1102803,4.06,4.05763,8.53998,-2.29113,0.10293,-0.0139,0.10812,54.13622,-19.24876,-57.92166
36.078992,-79.007974,10,0.06,136.1,5.66,1103603,5.66,5.65783,8.39761,-1.37348,0.63591,-0.12843,-0.41249,53.96083,-16.2964,-64.10406
36.078992,-79.007974,9,0.06,135.9,5.49,1103803,5.49,5.48614,7.49731,0.1681,0.28955,-0.11576,-0.24877,55.27623,-12.49635,-68.47413
36.078994,-79.007973,9,0.3,135.9,4.53,1104603,4.53,4.5326,8.54657,0.94098,0.03864,-0.08506,0.57223,48.96229,-14.45484,-72.02572
36.078994,-79.007973,9,0.3,135.5,2.83,1104803,2.83,2.82772,8.51067,1.07019,0.06903,-0.06872,0.14813,45.10377,-15.66793,-74.14499
36.078994,-79.007972,9,0.03,135.5,3.66,1105603,3.66,3.65563,8.41795,2.55494,0.16738,-0.08338,0.04551,45.10377,-14.42561,-76.92195
36.078994,-79.007972,10,0.03,135.4,4.19,1105803,4.19,4.18505,9.06222,1.67677,0.00107,-0.04337,0.14707,41.97603,-13.75329,-79.23122
36.078991,-79.007973,10,0.46,135.4,2.5,1106603,2.5,2.4999,8.88814,4.71865,1.15041,0.32788,0.09148,38.21982,-7.23473,-85.99825
36.078991,-79.007973,10,0.46,135.1,4.45,1106803,4.45,4.45125,5.99283,4.27298,-0.2109,0.42409,-0.2781,40.74832,-1.8708,-86.81672
36.078992,-79.007974,10,0.15,135.1,-2.02,1107603,-2.02,-2.02074,7.85923,-1.59003,-3.65221,-1.84298,4.94098,65.14177,-25.95732,-59.2663
36.078992,-79.007974,9,0.15,134.8,-3.03,1107803,-3.03,-3.03171,9.47737,-4.7019,1.3126,0.57925,-3.73636,41.39141,-38.77521,-34.69746
36.078992,-79.007973,9,0.28,134.8,8.13,1108603,8.13,8.12662,5.72603,1.35494,0.24786,-0.37843,-0.2219,117.43642,-13.40251,-102.51389
36.078992,-79.007973,10,0.28,134.9,8.16,1108803,8.16,8.15833,5.1021,2.41316,-0.23411,0.12523,-1.54641,115.43409,-2.11926,-108.68166
36.078992,-79.007972,10,0.49,134.9,-11.24,1109603,-11.24,-11.23909,0.6682,0.40857,-0.62308,0.96104,-0.9499,7.62935,-22.0988,-46.31686
36.078992,-79.007972,10,0.49,134.7,-11.18,1109803,-11.18,-11.17628,5.48375,4.6002,0.41401,-0.2532,0.15638,14.96638,-25.47501,-46.60918
36.078994,-79.007976,10,0.28,134.7,-6.66,1110603,-6.66,-6.66461,5.40419,2.07996,0.57146,-0.34865,-0.05971,21.83572,-46.69687,-34.12745
36.078994,-79.007976,10,0.28,135,-6.73,1110803,-6.73,-6.734,4.25564,3.09093,0.70143,-1.72249,1.61711,16.95411,-47.09149,-39.25753
36.078996,-79.007978,10,0.26,135,-8.72,1111603,-8.72,-8.72004,-2.40957,-3.50429,0.91828,0.20571,0.41875,-1.09617,16.25256,-44.27068
36.078996,-79.007978,10,0.26,134.8,-8.51,1111803,-8.51,-8.50708,-2.9348,-1.98903,-0.76572,0.57131,1.87184,0.54078,26.33733,-47.06226
36.078999,-79.007981,10,0.43,134.8,-9.2,1112603,-9.2,-9.2004,-3.24706,-5.62672,0.47403,0.69089,0.72617,-0.32154,29.36276,-35.93978
36.078999,-79.007981,10,0.43,134.5,-8.92,1112803,-8.92,-8.91566,-5.89532,-5.01356,0.71303,0.45021,0.66493,3.47852,37.89827,-40.03215
36.079004,-79.007983,10,0.41,134.5,-9.85,1113603,-9.85,-9.84587,-5.54596,-0.61196,-0.60033,0.35751,-0.54734,10.87401,43.83221,-52.96697
36.079004,-79.007983,10,0.41,134.2,-8.86,1113803,-8.86,-8.85943,-5.51127,-0.62692,-0.79229,-0.72082,-0.81825,6.57702,35.80824,-54.80853
36.079005,-79.007987,10,0.18,134.2,-10.24,1114603,-10.24,-10.24188,-1.14975,8.02254,-0.62415,-0.01069,-0.32193,23.26805,10.69863,-75.44578
36.079005,-79.007987,10,0.18,133.6,-14.67,1114803,-14.67,-14.67398,-3.46002,6.36192,0.06842,-3.76797,-2.02487,9.19322,6.63549,-65.88716
36.078999,-79.007987,10,0.2,133.6,-9.75,1115603,-9.75,-9.74716,0.94875,2.17567,0.06582,-0.03512,0.64981,7.74627,-5.247,-58.19936
36.078999,-79.007987,10,0.2,134.6,-10.26,1115803,-10.26,-10.26341,-2.02134,2.15055,0.13378,0.73579,1.92499,4.98392,5.84624,-61.72172
36.078998,-79.007989,10,0.06,134.6,-9.54,1116603,-9.54,-9.5354,-2.15115,2.98146,-0.01802,0.02092,-0.00092,5.94855,7.36627,-62.75943
36.078998,-79.007989,10,0.06,135.5,-9.54,1116803,-9.54,-9.536,-2.13141,3.00598,-0.01329,0.01909,-0.00687,6.02163,7.41011,-63.12482
36.078997,-79.007988,10,0.03,135.5,-9.57,1117603,-9.57,-9.56531,-2.18644,3.00359,-0.01939,0.01268,-0.01069,5.74393,7.48319,-63.92868
36.078997,-79.007988,10,0.03,135.5,-9.56,1117803,-9.56,-9.56052,-2.18285,3.02154,-0.02138,0.01558,-0.01313,6.22625,7.45396,-63.18328
36.078995,-79.007988,10,0.02,135.5,-9.57,1118603,-9.57,-9.57069,-2.19063,3.00419,-0.01634,0.01848,-0.01054,6.54779,6.88395,-63.59252
36.078995,-79.007988,10,0.02,135.6,-9.55,1118803,-9.55,-9.54916,-2.17268,2.99342,-0.02627,0.01863,-0.01069,6.81087,6.72318,-64.00175
36.078996,-79.007988,10,0.05,135.6,-9.54,1119603,-9.54,-9.54437,-2.18405,3.0006,-0.02031,0.01176,-0.01329,6.7378,7.71704,-63.65098
36.078996,-79.007988,10,0.05,135.6,-9.56,1119803,-9.56,-9.55753,-2.17029,2.94616,-0.02169,0.01604,-0.01191,6.16779,7.33704,-63.13943
36.078995,-79.007989,10,0.02,135.6,-9.55,1120603,-9.55,-9.55215,-2.17508,3.05324,-0.01756,0.01084,-0.00367,5.93394,7.54165,-63.49021
36.078995,-79.007989,9,0.02,135.5,-9.42,1120803,-9.42,-9.42054,-4.73061,2.98744,-0.00565,0.34483,0.22709,6.1824,7.42473,-63.25636
36.078993,-79.007989,9,0.05,135.5,-9.88,1121603,-9.88,-9.88475,-2.09193,2.90907,0.031,-0.01741,0.16585,6.2701,7.90704,-63.24174
36.078993,-79.007989,9,0.05,135.4,-9.68,1121803,-9.68,-9.68196,-2.57707,2.89113,-0.00168,0.07407,0.09468,6.66472,8.60859,-63.31482
36.078992,-79.007989,9,0.05,135.4,-9.58,1122603,-9.58,-9.58146,-2.12243,3.0353,-0.02306,0.01038,-0.0252,6.94241,8.00935,-63.51944
36.078992,-79.007989,10,0.05,135.4,-9.54,1122803,-9.54,-9.54437,-1.98305,3.02094,-0.01619,-0.0113,-0.01634,6.85472,7.89243,-63.40252
36.078992,-79.007989,10,0.05,135.4,-9.54,1123603,-9.54,-9.54497,-2.15892,3.04666,-0.02016,-0.00504,-0.00809,7.65858,7.81935,-63.75329
36.078992,-79.007989,10,0.05,135.2,-9.54,1123803,-9.54,-9.53959,-2.13021,3.0664,-0.02505,0.01359,-0.01252,7.67319,8.37474,-63.12482
36.078992,-79.007989,10,0.03,135.2,-9.53,1124603,-9.53,-9.52762,-2.17268,3.05504,-0.01833,0.01497,-0.00886,8.06782,8.15551,-63.18328
36.078992,-79.007989,10,0.03,135.1,-9.56,1124803,-9.56,-9.55813,-2.17986,3.03769,-0.02001,0.011,-0.01115,8.59398,8.02397,-62.20403
36.078992,-79.007989,10,0.05,135.1,-9.54,1125603,-9.54,-9.54078,-2.18166,3.01795,-0.02398,0.01115,-0.00809,8.11166,8.22859,-62.48173
36.078992,-79.007989,10,0.05,135.2,-9.57,1125803,-9.57,-9.5677,-2.135,2.98026,-0.04734,-0.01939,-0.0197,7.98012,7.99474,-61.13709
36.078992,-79.007988,10,0.03,135.2,-9.54,1126603,-9.54,-9.5354,-2.18704,3.02094,-0.02077,0.01344,-0.01161,7.89243,8.14089,-60.45016
36.078992,-79.007988,10,0.03,135.1,-9.57,1126803,-9.57,-9.56531,-2.17747,3.11187,-0.02077,0.01374,-0.01038,8.2432,8.08243,-60.84478
36.078991,-79.007987,10,0.05,135.1,-9.54,1127603,-9.54,-9.54258,-2.19183,3.05444,-0.0168,0.01772,-0.00825,7.89243,7.62935,-61.72172
36.078991,-79.007987,10,0.05,135.4,-9.51,1127803,-9.51,-9.51087,-2.19422,3.04188,-0.01909,0.01038,-0.01054,7.80474,7.3955,-61.80941
36.078992,-79.007987,10,0.0,135.4,-9.52,1128603,-9.52,-9.52164,-2.18704,3.05085,-0.0252,0.01527,-0.00901,8.09705,7.43935,-61.45863
36.078992,-79.007987,10,0.0,135.7,-9.53,1128803,-9.53,-9.52882,-2.19661,3.18844,-0.02092,0.01222,-0.00779,7.76089,7.41011,-62.02865
36.078992,-79.007987,10,0.03,135.7,-9.53,1129603,-9.53,-9.5348,-2.19661,3.01555,-0.0168,0.01298,-0.01344,7.81935,8.2432,-61.40018
36.078992,-79.007987,10,0.03,135.7,-9.56,1129803,-9.56,-9.56471,-2.17328,3.09033,-0.01985,0.01252,-0.01115,8.21397,7.92166,-61.76556
36.078991,-79.007988,10,0.06,135.7,-9.53,1130603,-9.53,-9.52942,-2.19721,3.05623,-0.01909,0.01481,-0.01191,7.98012,8.47705,-61.9848
36.078991,-79.007988,10,0.06,135.8,-9.53,1130803,-9.53,-9.5336,-2.17328,3.04726,-0.01619,0.01573,-0.01084,8.15551,7.70243,-61.91172
36.078991,-79.007988,10,0.01,135.8,-9.53,1131603,-9.53,-9.5336,-2.18943,3.09452,-0.02077,0.01481,-0.00657,8.3309,7.92166,-62.73019
36.078991,-79.007988,10,0.01,135.8,-9.51,1131803,-9.51,-9.51087,-2.17448,3.05025,-0.0171,0.0171,-0.01023,8.06782,8.14089,-61.95557
36.078991,-79.007989,10,0.06,135.8,-9.53,1132603,-9.53,-9.52882,-2.18465,3.04965,-0.01863,0.01191,-0.011,8.27244,7.96551,-61.18094
36.078991,-79.007989,9,0.06,135.8,-9.53,1132803,-9.53,-9.52523,-2.19003,3.07657,-0.01848,0.01237,-0.00993,8.06782,8.00935,-61.57556
36.078992,-79.007989,9,0.05,135.8,-9.52,1133603,-9.52,-9.52284,-2.18046,2.91625,-0.01817,0.01329,-0.01344,8.19936,8.02397,-62.24788
36.078992,-79.007989,9,0.05,135.9,-9.51,1133803,-9.51,-9.50609,-2.17687,3.03051,-0.02138,0.01619,-0.00764,8.06782,8.00935,-61.31248
36.078991,-79.007989,9,0.01,135.9,-9.53,1134603,-9.53,-9.52882,-2.19601,3.03709,-0.01741,0.01436,-0.01329,8.36013,7.87781,-61.7948
36.078991,-79.007989,9,0.01,136,-9.51,1134803,-9.51,-9.51446,-2.19063,3.05085,-0.01833,0.01527,-0.01161,7.95089,7.96551,-61.99942
36.078992,-79.00799,9,0.06,136,-9.53,1135603,-9.53,-9.52643,-2.18345,3.06879,-0.01833,0.01344,-0.01222,8.08243,8.08243,-60.88863
36.078992,-79.00799,9,0.06,136,-9.55,1135803,-9.55,-9.54557,-2.19362,3.04726,-0.02107,0.01374,-0.01191,7.93628,7.81935,-61.64864
36.078992,-79.007991,9,0.05,136,-9.53,1136603,-9.53,-9.52882,-2.18405,3.05863,-0.01863,0.01665,-0.01069,8.37474,7.52704,-61.48787
36.078992,-79.007991,10,0.05,136,-9.54,1136803,-9.54,-9.53899,-2.18584,3.01675,-0.02062,0.01619,-0.01344,7.93628,7.90704,-61.86787
36.078991,-79.007991,10,0.02,136,-9.53,1137603,-9.53,-9.53301,-2.20678,3.04905,-0.01878,0.01344,-0.01038,8.22859,8.40398,-61.29786
36.078991,-79.007991,10,0.02,135.9,-9.54,1137803,-9.54,-9.5366,-2.19422,3.06401,-0.01924,0.01283,-0.00932,8.34551,7.71704,-61.48787
36.078992,-79.007992,10,0.03,135.9,-9.53,1138603,-9.53,-9.53181,-2.20379,3.0682,-0.01863,0.01726,-0.01115,8.55013,7.81935,-61.9848
36.078992,-79.007992,10,0.03,135.8,-9.53,1138803,-9.53,-9.52942,-2.19541,3.04666,-0.0168,0.01772,-0.00993,8.43321,8.57936,-61.7948
36.078991,-79.007992,10,0.03,135.8,-9.53,1139603,-9.53,-9.53301,-2.19183,3.05922,-0.01894,0.01329,-0.00932,8.2432,7.84858,-62.10172
36.078991,-79.007992,10,0.03,135.8,-9.52,1139803,-9.52,-9.51626,-2.19003,3.00778,-0.01787,0.01329,-0.00794,7.8632,8.27244,-61.7071
36.078991,-79.007993,10,0.01,135.8,-9.53,1140603,-9.53,-9.5342,-2.19541,3.1011,-0.0197,0.01558,-0.00733,8.46244,8.41859,-61.48787
36.078991,-79.007993,10,0.01,135.9,-9.52,1140803,-9.52,-9.52224,-2.17926,3.0658,-0.01939,0.01726,-0.01084,8.17013,8.00935,-61.94095
36.07899,-79.007992,10,0.0,135.9,-9.53,1141603,-9.53,-9.53121,-2.20439,3.07657,-0.01894,0.01588,-0.00809,7.64396,8.25782,-61.07863
36.07899,-79.007992,10,0.0,136,-9.52,1141803,-9.52,-9.52104,-2.18285,3.05743,-0.01939,0.01542,-0.00962,8.25782,8.03858,-61.61941
36.078989,-79.007992,10,0.0,136,-9.52,1142603,-9.52,-9.51865,-2.19721,3.04427,-0.02062,0.00993,-0.00901,7.68781,8.5209,-60.62555
36.078989,-79.007992,10,0.0,136,-9.53,1142803,-9.53,-9.52822,-2.19661,2.99581,-0.02107,0.01955,-0.00825,7.76089,8.47705,-61.83865
36.078988,-79.00799,10,0.01,136,-9.52,1143603,-9.52,-9.52403,-2.20798,3.20997,-0.02169,0.01665,-0.011,7.93628,8.31628,-60.8594
36.078988,-79.00799,10,0.01,136.1,-9.53,1143803,-9.53,-9.5336,-2.20678,3.06341,-0.01848,0.01191,-0.00947,7.46858,7.84858,-61.3271
36.078987,-79.007988,10,0.01,136.1,-9.53,1144603,-9.53,-9.53061,-2.19601,3.08973,-0.02077,0.01817,-0.01206,7.96551,7.43935,-60.93248
36.078987,-79.007988,10,0.01,136.2,-9.54,1144803,-9.54,-9.5354,-2.18883,3.07538,-0.01558,0.01634,-0.01084,7.55627,8.00935,-60.9617
36.078986,-79.007987,10,0.02,136.2,-9.53,1145603,-9.53,-9.52822,-2.20798,3.04726,-0.0226,0.01313,-0.01237,7.52704,8.19936,-60.72786
36.078986,-79.007987,10,0.02,136.4,-9.54,1145803,-9.54,-9.54198,-2.19362,3.05623,-0.01909,0.0142,-0.011,7.54165,8.18474,-61.50249
36.078975,-79.007973,10,0.01,136.4,-9.52,1146603,-9.52,-9.52463,-2.20499,3.04846,-0.0168,0.01466,-0.01252,7.89243,8.00935,-61.28325
36.078975,-79.007973,10,0.01,137.4,-9.55,1146803,-9.55,-9.54557,-2.18883,3.08913,-0.01848,0.01695,-0.011,7.51242,8.17013,-61.45863
36.078965,-79.007959,10,0.02,137.4,-9.51,1147603,-9.51,-9.51446,-2.20259,3.07538,-0.01527,0.01008,-0.01084,8.36013,8.06782,-62.0871
36.078965,-79.007959,10,0.02,138.6,-9.53,1147803,-9.53,-9.52523,-2.22533,3.04247,-0.02077,0.01436,-0.01206,8.37474,8.56475,-61.86787
36.078956,-79.007945,10,0.03,138.6,-9.53,1148603,-9.53,-9.52762,-2.19183,3.03051,-0.01894,0.01512,-0.01084,7.71704,8.08243,-61.10786
36.078956,-79.007945,10,0.03,139.3,-9.53,1148803,-9.53,-9.53241,-2.19123,3.06401,-0.02077,0.01466,-0.01252,8.28705,8.02397,-61.41479
36.07895,-79.007935,10,0.02,139.3,-9.54,1149603,-9.54,-9.5366,-2.20858,3.07717,-0.02046,0.01466,-0.0084,8.25782,8.40398,-61.7071
36.07895,-79.007935,10,0.02,139.5,-9.52,1149803,-9.52,-9.52403,-2.19422,3.09332,-0.02046,0.01817,-0.01405,7.74627,8.69629,-61.45863
36.078948,-79.007932,10,0.03,139.5,-9.53,1150603,-9.53,-9.5342,-2.18644,3.03709,-0.01802,0.0142,-0.00779,7.64396,8.06782,-60.88863
36.078948,-79.007932,9,0.03,139.3,-9.53,1150803,-9.53,-9.53301,-2.19183,3.06879,-0.02092,0.01466,-0.00977,8.09705,8.49167,-61.92633
36.078949,-79.007931,9,0.02,139.3,-9.55,1151603,-9.55,-9.54736,-2.21456,3.09691,-0.01878,0.01527,-0.00977,8.06782,7.8632,-61.82403
36.078949,-79.007931,10,0.02,139,-9.54,1151803,-9.54,-9.5366,-2.19541,3.07657,-0.01985,0.01833,-0.00825,7.84858,7.62935,-61.56095
36.07895,-79.007931,10,0.06,139,-9.54,1152603,-9.54,-9.54018,-2.21276,3.05025,-0.02092,0.01527,-0.01069,8.06782,8.09705,-61.95557
36.07895,-79.007931,10,0.06,138.8,-9.52,1152803,-9.52,-9.52463,-2.20678,3.06162,-0.02016,0.01405,-0.01344,7.93628,8.55013,-61.00556
36.078951,-79.007931,10,0.02,138.8,-9.55,1153603,-9.55,-9.54676,-2.20977,3.21117,-0.02138,0.01344,-0.00977,8.08243,8.18474,-61.53172
36.078951,-79.007931,10,0.02,138.7,-9.52,1153803,-9.52,-9.51745,-2.21755,3.02393,-0.01741,0.01405,-0.00748,8.21397,8.53552,-61.0494
36.078952,-79.007931,10,0.03,138.7,-9.51,1154603,-9.51,-9.51207,-2.21695,3.01555,-0.01985,0.01191,-0.00962,8.25782,8.30167,-61.02017
36.078952,-79.007931,10,0.03,138.4,-9.52,1154803,-9.52,-9.51685,-2.22353,3.08614,-0.02199,0.01145,-0.01145,8.43321,7.89243,-60.62555
36.07895,-79.00793,10,0.25,138.4,-9.51,1155603,-9.51,-9.50728,-2.19242,3.06879,-0.01436,0.01451,-0.01038,8.15551,8.30167,-60.84478
36.07895,-79.00793,10,0.25,138,-9.53,1155803,-9.53,-9.53001,-2.20977,2.91087,-0.01894,0.01344,-0.01252,8.11166,8.03858,-61.26863
36.078949,-79.00793,10,0.02,138,-9.53,1156603,-9.53,-9.52882,-2.23071,3.06281,-0.01756,0.01542,-0.0084,8.78398,7.68781,-61.18094
36.078949,-79.00793,10,0.02,137.7,-9.52,1156803,-9.52,-9.52463,-2.22592,3.05324,-0.01863,0.01527,-0.01161,8.43321,7.76089,-62.01403
36.078949,-79.00793,10,0.05,137.7,-9.53,1157603,-9.53,-9.53121,-2.21575,3.09631,-0.02001,0.01206,-0.01161,8.44782,7.84858,-61.02017
36.078949,-79.00793,10,0.05,137.3,-9.53,1157803,-9.53,-9.52762,-2.20977,3.05982,-0.01787,0.01573,-0.00977,8.37474,7.7755,-61.40018
36.078949,-79.007931,10,0.09,137.3,-9.51,1158603,-9.51,-9.50848,-2.22832,3.04965,-0.01985,0.01283,-0.01283,8.2432,8.25782,-60.93248
36.078949,-79.007931,10,0.09,136.8,-9.53,1158803,-9.53,-9.53301,-2.20738,3.05683,-0.02184,0.01772,-0.01054,8.63783,7.89243,-62.33558
36.07895,-79.007932,10,0.03,136.8,-9.52,1159603,-9.52,-9.52284,-2.20499,3.05085,-0.02169,0.01359,-0.01237,7.76089,8.11166,-61.19556
36.07895,-79.007932,10,0.03,136.4,-9.51,1159803,-9.51,-9.51386,-2.22772,3.01795,-0.01848,0.01237,-0.01313,7.95089,7.99474,-61.9848
36.07895,-79.007933,10,0.03,136.4,-9.53,1160603,-9.53,-9.52702,-2.2014,3.02991,-0.02184,0.01481,-0.01054,8.30167,8.06782,-61.60479
36.07895,-79.007933,9,0.03,136.1,-9.53,1160803,-9.53,-9.52523,-2.20917,3.09093,-0.01817,0.01695,-0.01023,8.50628,8.44782,-61.60479
36.078951,-79.007935,9,0.1,136.1,-9.52,1161603,-9.52,-9.51566,-2.21516,3.09751,-0.0226,0.01374,-0.0142,8.22859,8.3309,-62.02865
36.078951,-79.007935,9,0.1,135.8,-9.52,1161803,-9.52,-9.51985,-2.23011,3.07478,-0.01619,0.01542,-0.01145,8.5209,8.68167,-61.91172
36.078952,-79.007936,9,0.05,135.8,-9.53,1162603,-9.53,-9.52822,-2.18345,3.0682,-0.01878,0.01665,-0.00657,8.22859,8.60859,-62.04326
36.078952,-79.007936,9,0.05,135.4,-9.54,1162803,-9.54,-9.53959,-2.21456,3.05563,-0.01863,0.01497,-0.01161,7.60012,8.57936,-62.78866
36.078952,-79.007936,9,0.05,135.4,-9.53,1163603,-9.53,-9.52762,-2.23131,3.09093,-0.01955,0.01527,-0.01038,7.64396,8.50628,-61.28325
36.078952,-79.007936,9,0.05,134.6,-9.52,1163803,-9.52,-9.52224,-2.22054,3.09033,-0.01878,0.01298,-0.01176,8.69629,8.38936,-61.86787
36.078952,-79.007936,9,0.08,134.6,-9.52,1164603,-9.52,-9.51566,-2.22174,3.1011,-0.01741,0.01634,-0.00947,8.11166,8.40398,-61.41479
36.078952,-79.007936,9,0.08,134.1,-9.52,1164803,-9.52,-9.51805,-2.20678,3.06461,-0.0171,0.01558,-0.01115,8.34551,8.43321,-62.14557
36.078951,-79.007935,9,0.03,134.1,-9.49,1165603,-9.49,-9.49412,-2.19183,3.09751,-0.01863,0.01481,-0.01161,7.8632,8.46244,-61.53172
36.078951,-79.007935,10,0.03,133.7,-9.51,1165803,-9.51,-9.51386,-2.22054,3.20937,-0.01848,0.01344,-0.01023,8.49167,8.9886,-61.99942
36.078951,-79.007934,10,0.1,133.7,-9.52,1166603,-9.52,-9.51626,-2.23191,3.08016,-0.01787,0.01512,-0.00916,7.87781,8.74013,-61.7071
36.078951,-79.007934,10,0.1,133.5,-9.52,1166803,-9.52,-9.51805,-2.21336,3.12323,-0.02092,0.0139,-0.01023,7.84858,8.5209,-61.66326
36.078951,-79.007934,10,0.06,133.5,-9.52,1167603,-9.52,-9.52403,-2.23011,3.08913,-0.01833,0.01878,-0.01069,8.31628,8.3309,-61.75095
36.078951,-79.007934,10,0.06,133.4,-9.5,1167803,-9.5,-9.49831,-2.22712,3.09631,-0.02016,0.01466,-0.01115,8.19936,7.8632,-61.5171
36.078949,-79.007932,10,0.02,133.4,-9.5,1168603,-9.5,-9.50489,-2.21456,3.05264,-0.02123,0.01588,-0.00993,8.49167,8.5209,-61.48787
36.078949,-79.007932,10,0.02,133.4,-9.52,1168803,-9.52,-9.51805,-2.2008,3.08136,-0.01833,0.00993,-0.01161,7.54165,8.19936,-61.7948
36.078947,-79.007934,10,0.01,133.4,-9.54,1169603,-9.54,-9.54018,-2.22114,3.07358,-0.01985,0.0139,-0.01206,8.0532,8.22859,-61.95557
36.078947,-79.007934,10,0.01,133.5,-9.52,1169803,-9.52,-9.51506,-2.22413,3.06879,-0.02107,0.01497,-0.00932,8.00935,8.15551,-61.63403
36.078947,-79.007936,10,0.0,133.5,-9.52,1170603,-9.52,-9.51566,-2.21516,2.92283,-0.01894,0.01237,-0.01191,7.49781,7.96551,-62.1748
36.078947,-79.007936,10,0.0,133.6,-9.53,1170803,-9.53,-9.52583,-2.21635,3.10529,-0.01909,0.01573,-0.00962,7.26396,8.50628,-61.35633
36.078947,-79.007938,10,0.0,133.6,-9.51,1171603,-9.51,-9.50788,-2.20499,3.13101,-0.01787,0.01329,-0.00886,7.67319,8.0532,-61.78018
36.078947,-79.007938,10,0.0,134,-9.51,1171803,-9.51,-9.51386,-2.21934,3.0676,-0.02046,0.01329,-0.0113,7.52704,7.81935,-62.14557
36.078946,-79.007939,10,0.06,134,-9.53,1172603,-9.53,-9.53001,-2.21336,3.06939,-0.01619,0.01222,-0.01191,7.68781,8.50628,-61.2394
36.078946,-79.007939,10,0.06,133.9,-9.49,1172803,-9.49,-9.48993,-2.22473,2.92164,-0.02016,0.01436,-0.01054,7.90704,8.65244,-61.60479
36.078945,-79.007942,10,0.07,133.9,-9.52,1173603,-9.52,-9.51805,-2.24088,3.0999,-0.0168,0.01237,-0.0113,7.74627,7.71704,-60.87402
36.078945,-79.007942,10,0.07,133.9,-9.51,1173803,-9.51,-9.50788,-2.22114,3.06939,-0.01863,0.0139,-0.00672,7.65858,8.09705,-61.35633
36.078945,-79.007943,10,0.07,133.9,-9.52,1174603,-9.52,-9.52463,-2.20917,3.10349,-0.01787,0.01222,-0.01176,7.98012,8.34551,-61.31248
36.078945,-79.007943,10,0.07,133.7,-9.52,1174803,-9.52,-9.52284,-2.20738,3.06461,-0.01558,0.01466,-0.00702,7.67319,8.19936,-60.88863
36.078944,-79.007945,10,0.02,133.7,-9.51,1175603,-9.51,-9.51087,-2.22832,3.06102,-0.01848,0.01542,-0.00855,8.15551,7.93628,-61.80941
36.078944,-79.007945,10,0.02,133.9,-9.51,1175803,-9.51,-9.51087,-2.21216,3.0999,-0.01955,0.01741,-0.0142,7.3078,7.80474,-61.76556
36.078944,-79.007946,10,0.02,133.9,-9.52,1176603,-9.52,-9.52224,-2.21216,3.0993,-0.01833,0.01481,-0.01176,7.67319,7.70243,-61.0494
36.078944,-79.007946,10,0.02,134,-9.53,1176803,-9.53,-9.52822,-2.22652,3.11067,-0.01634,0.01268,-0.01283,8.40398,7.89243,-61.7071
36.078943,-79.007948,10,0.12,134,-9.49,1177603,-9.49,-9.49113,-2.22413,2.91446,-0.01588,0.01451,-0.00977,7.51242,7.87781,-61.37094
36.078943,-79.007948,10,0.12,134.1,-9.52,1177803,-9.52,-9.52403,-2.22293,3.02034,-0.02062,0.01451,-0.01069,7.96551,8.3309,-62.29173
36.078942,-79.00795,10,0.01,134.1,-9.47,1178603,-9.47,-9.47019,-2.23968,3.09332,-0.01939,0.01374,-0.01329,8.41859,7.87781,-62.55481
36.078942,-79.00795,10,0.01,134.2,-9.51,1178803,-9.51,-9.51027,-2.20558,3.0682,-0.0197,0.01497,-0.00596,8.0532,8.11166,-61.16633
36.078943,-79.007954,10,0.06,134.2,-9.52,1179603,-9.52,-9.51805,-2.20379,3.08196,-0.01848,0.01313,-0.01298,7.98012,8.02397,-61.28325
36.078943,-79.007954,10,0.06,134.2,-9.59,1179803,-9.59,-9.59223,-2.22712,3.07478,-0.0197,0.01665,-0.01191,7.99474,8.0532,-60.5817
36.078941,-79.007956,10,0.01,134.2,-9.23,1180603,-9.23,-9.22613,-3.48574,3.3679,-0.04368,0.18158,0.0055,6.67933,7.00088,-64.26483
36.078941,-79.007956,10,0.01,134.5,-9.41,1180803,-9.41,-9.41097,-1.8006,2.98265,0.00107,0.02566,0.05055,6.38702,7.8632,-64.19176
36.078941,-79.007956,10,0.05,134.5,-9.52,1181603,-9.52,-9.52044,-2.25165,3.09691,-0.01909,0.01665,-0.00886,6.2701,8.43321,-63.87022
36.078941,-79.007956,10,0.05,134.5,-9.49,1181803,-9.49,-9.49293,-2.22233,3.09571,-0.02169,0.01145,-0.01008,6.29933,8.41859,-63.84098
36.078942,-79.007957,10,0.03,134.5,-9.52,1182603,-9.52,-9.51985,-2.22054,3.13998,-0.01833,0.01359,-0.00977,6.03625,8.68167,-64.22099
36.078942,-79.007957,10,0.03,134.4,-9.51,1182803,-9.51,-9.50549,-2.22652,3.10229,-0.02337,0.01268,-0.00855,6.38702,7.96551,-63.06636
36.078942,-79.007958,10,0.03,134.4,-9.5,1183603,-9.5,-9.50309,-2.21994,3.08913,-0.01833,0.01206,-0.01206,6.09471,8.59398,-63.56329
36.078942,-79.007958,10,0.03,134.2,-9.51,1183803,-9.51,-9.50968,-2.22533,3.08734,-0.01939,0.01726,-0.0113,6.21163,8.55013,-62.80328
36.078943,-79.007958,10,0.07,134.2,-9.52,1184603,-9.52,-9.51566,-2.24447,3.09392,-0.01512,0.01497,-0.01069,5.84624,8.06782,-63.75329
36.078943,-79.007958,10,0.07,134,-9.49,1184803,-9.49,-9.49053,-2.22413,3.12084,-0.01634,0.01268,-0.0113,6.09471,8.63783,-63.40252
36.078944,-79.007958,10,0.03,134,-9.46,1185603,-9.46,-9.45883,-2.2331,3.08255,-0.01772,0.01145,-0.00855,6.03625,8.46244,-63.9579
36.078944,-79.007958,10,0.03,133.8,-9.51,1185803,-9.51,-9.51267,-2.2343,3.12323,-0.01863,0.01268,-0.00977,5.91932,8.68167,-64.0456
36.078946,-79.007958,10,0.07,133.8,-9.51,1186603,-9.51,-9.51386,-2.23071,3.1322,-0.01939,0.0142,-0.00886,6.29933,8.38936,-63.19789
36.078946,-79.007958,10,0.07,133.7,-9.5,1186803,-9.5,-9.5013,-2.23908,3.09811,-0.02138,0.01741,-0.01161,5.59778,8.12628,-63.8556
36.078947,-79.007957,10,0.05,133.7,-9.5,1187603,-9.5,-9.5025,-2.22473,3.08554,-0.02092,0.01298,-0.01038,5.75855,8.55013,-62.78866
36.078947,-79.007957,10,0.05,133.5,-9.51,1187803,-9.51,-9.51087,-2.24866,3.09452,-0.02031,0.00916,-0.01115,5.72932,8.88629,-63.7679
36.078946,-79.007957,10,0.07,133.5,-9.49,1188603,-9.49,-9.49113,-2.25045,3.12024,-0.02199,0.0139,-0.00733,5.68547,8.31628,-64.16253
36.078946,-79.007957,10,0.07,133.4,-9.49,1188803,-9.49,-9.48694,-2.22951,3.08554,-0.02046,0.01802,-0.01069,5.70009,9.07629,-63.69483
36.078946,-79.007956,10,0.07,133.4,-9.5,1189603,-9.5,-9.5001,-2.23789,3.1011,-0.02092,0.01481,-0.00947,6.15317,8.46244,-63.73867
36.078946,-79.007956,10,0.07,133.2,-9.49,1189803,-9.49,-9.48694,-2.23908,3.12443,-0.01878,0.01252,-0.01206,6.10932,8.53552,-64.38176
36.078945,-79.007954,10,0.06,133.2,-9.51,1190603,-9.51,-9.50728,-2.22592,3.13579,-0.02077,0.01726,-0.01252,5.94855,8.28705,-63.43175
36.078945,-79.007954,10,0.06,133,-9.51,1190803,-9.51,-9.51207,-2.1996,3.14417,-0.01741,0.01451,-0.01252,5.93394,8.06782,-63.34405
36.078944,-79.007953,10,0.07,133,-9.49,1191603,-9.49,-9.49472,-2.25643,3.10708,-0.02001,0.01405,-0.01237,5.48085,8.7109,-63.88483
36.078944,-79.007953,10,0.07,132.9,-9.51,1191803,-9.51,-9.51267,-2.2337,3.12802,-0.01985,0.01436,-0.01206,5.37854,8.18474,-62.94943
36.078943,-79.007951,10,0.07,132.9,-9.49,1192603,-9.49,-9.49472,-2.2337,3.12981,-0.02077,0.01878,-0.01329,5.83163,9.13476,-63.03712
36.078943,-79.007951,10,0.07,132.6,-9.51,1192803,-9.51,-9.50609,-2.22712,3.12742,-0.0171,0.01604,-0.01038,5.68547,8.5209,-63.60713
36.078942,-79.00795,10,0.03,132.6,-9.5,1193603,-9.5,-9.49592,-2.22832,3.12024,-0.01527,0.01512,-0.011,5.53932,8.87168,-63.7679
36.078942,-79.00795,10,0.03,132.5,-9.5,1193803,-9.5,-9.50429,-2.22174,3.1011,-0.01985,0.01237,-0.00962,5.7147,8.76937,-63.82636
36.07894,-79.00795,10,0.1,132.5,-9.5,1194603,-9.5,-9.49592,-2.22951,3.11546,-0.01985,0.01451,-0.01084,5.64162,8.40398,-62.62789
36.07894,-79.00795,9,0.1,132.4,-9.49,1194803,-9.49,-9.49472,-2.23968,3.08375,-0.01878,0.01497,-0.0113,5.97778,8.3309,-63.65098
36.07894,-79.00795,9,0.08,132.4,-9.49,1195603,-9.49,-9.49233,-2.25942,3.11546,-0.01726,0.01298,-0.01084,5.65624,8.84244,-63.02251
36.07894,-79.00795,9,0.08,132.7,-9.52,1195803,-9.52,-9.51985,-2.2337,3.12921,-0.01955,0.01237,-0.01069,6.25548,8.41859,-63.06636
36.078939,-79.00795,9,0.02,132.7,-9.51,1196603,-9.51,-9.50908,-2.20439,3.11246,-0.01741,0.01329,-0.00947,6.12394,8.7109,-63.49021
36.078939,-79.00795,9,0.02,132.8,-9.52,1196803,-9.52,-9.51865,-2.22712,3.1005,-0.01924,0.01436,-0.01084,6.09471,8.82783,-63.41713
36.078938,-79.00795,9,0.05,132.8,-9.48,1197603,-9.48,-9.47976,-2.24148,3.09512,-0.01787,0.01665,-0.01237,5.58316,8.68167,-63.35867
36.078938,-79.00795,10,0.05,133,-9.51,1197803,-9.51,-9.51386,-2.24267,3.134,-0.02062,0.01436,-0.01313,6.12394,8.0532,-63.68021
36.078937,-79.007949,10,0.08,133,-9.49,1198603,-9.49,-9.48515,-2.23789,3.11187,-0.01909,0.01191,-0.01283,5.96317,8.30167,-63.69483
36.078937,-79.007949,10,0.08,133.1,-9.49,1198803,-9.49,-9.48993,-2.24447,3.10409,-0.02123,0.01634,-0.00901,6.02163,8.40398,-63.82636
36.078937,-79.007949,10,0.08,133.1,-9.5,1199603,-9.5,-9.49652,-2.2325,3.07657,-0.01955,0.01512,-0.0139,6.79626,8.50628,-63.13943
36.078937,-79.007949,10,0.08,133.1,-9.51,1199803,-9.51,-9.50968,-2.23549,3.11904,-0.01787,0.01374,-0.01451,6.51856,8.31628,-62.80328
36.078938,-79.00795,10,0.03,133.1,-9.5,1200603,-9.5,-9.49532,-2.22293,3.15135,-0.0197,0.01436,-0.00993,6.28471,8.40398,-62.94943
36.078938,-79.00795,10,0.03,133.3,-9.51,1200803,-9.51,-9.51446,-2.22174,3.08495,-0.01772,0.0171,-0.01161,6.15317,8.49167,-63.22713
36.078937,-79.007951,10,0.03,133.3,-9.52,1201603,-9.52,-9.51506,-2.25165,3.11605,-0.01649,0.0168,-0.00886,5.89009,8.7986,-62.77404
36.078937,-79.007951,10,0.03,133.5,-9.5,1201803,-9.5,-9.49771,-2.2331,3.12323,-0.02001,0.01512,-0.01329,5.72932,8.37474,-63.03712
36.078938,-79.007952,10,0.05,133.5,-9.36,1202603,-9.36,-9.35653,-2.24148,3.09452,-0.01649,0.01283,-0.01268,6.24087,8.21397,-63.66559
36.078938,-79.007952,10,0.05,133.9,-9.49,1202803,-9.49,-9.48993,-2.23729,3.11546,-0.01741,0.01466,-0.0113,6.12394,8.21397,-62.77404
36.07894,-79.007952,10,0.06,133.9,-9.5,1203603,-9.5,-9.5025,-2.24267,3.09691,-0.0171,0.01313,-0.01008,6.29933,8.17013,-63.21251
36.07894,-79.007952,10,0.06,134,-9.5,1203803,-9.5,-9.49711,-2.23669,3.12084,-0.01542,0.0168,-0.01038,6.31394,8.62321,-63.60713
36.078942,-79.007951,10,0.05,134,-9.49,1204603,-9.49,-9.49173,-2.23131,3.11486,-0.02107,0.00932,-0.01237,5.77317,8.50628,-62.99327
36.078942,-79.007951,10,0.05,134.3,-9.35,1204803,-9.35,-9.35115,-2.22413,3.09272,-0.01466,0.01329,-0.01313,5.89009,8.12628,-63.15405
36.078944,-79.007951,10,0.01,134.3,-9.49,1205603,-9.49,-9.48575,-2.22533,3.1005,-0.02046,0.01283,-0.0113,6.41625,8.57936,-63.5779
36.078944,-79.007951,10,0.01,134.5,-9.51,1205803,-9.51,-9.50609,-2.22533,3.08614,-0.01909,0.01542,-0.01176,6.41625,8.53552,-64.14791
36.078946,-79.007951,10,0.09,134.5,-9.48,1206603,-9.48,-9.48395,-2.22712,3.09571,-0.01283,0.0142,-0.00916,6.40164,8.0532,-63.22713
36.078946,-79.007951,10,0.09,134.7,-9.49,1206803,-9.49,-9.49472,-2.25763,3.12682,-0.01894,0.01573,-0.00886,6.1824,8.15551,-62.52558
36.078947,-79.007951,10,0.07,134.7,-9.5,1207603,-9.5,-9.49652,-2.20259,3.11785,-0.01894,0.01145,-0.00947,6.22625,7.89243,-62.3648
36.078947,-79.007951,10,0.07,134.6,-9.5,1207803,-9.5,-9.5025,-2.23609,3.10289,-0.02046,0.01451,-0.0113,5.83163,8.49167,-63.51944
36.078949,-79.007952,10,0.03,134.6,-9.49,1208603,-9.49,-9.48874,-2.24028,3.10469,-0.01817,0.0113,-0.01222,6.08009,8.17013,-62.89096
36.078949,-79.007952,10,0.03,134.7,-9.5,1208803,-9.5,-9.5013,-2.2331,3.11366,-0.02016,0.0142,-0.01268,6.2701,8.94475,-62.8325
36.07895,-79.007951,10,0.06,134.7,-9.5,1209603,-9.5,-9.5001,-2.24387,3.13579,-0.0171,0.01558,-0.00855,5.87547,9.00321,-62.96405
36.07895,-79.007951,11,0.06,134.4,-9.49,1209803,-9.49,-9.48694,-2.23011,3.11725,-0.01634,0.01344,-0.011,6.22625,8.78398,-63.02251
36.078952,-79.007952,11,0.03,134.4,-9.5,1210603,-9.5,-9.50309,-2.24387,3.13879,-0.01894,0.01573,-0.011,5.65624,8.7986,-63.22713
36.078952,-79.007952,11,0.03,134.3,-9.5,1210803,-9.5,-9.49831,-2.23908,3.08913,-0.01756,0.01573,-0.01206,6.41625,8.88629,-62.80328
36.078953,-79.007953,11,0.02,134.3,-9.5,1211603,-9.5,-9.5019,-2.22473,3.11187,-0.02046,0.01145,-0.01313,5.77317,8.59398,-63.9579
36.078953,-79.007953,11,0.02,134.1,-9.35,1211803,-9.35,-9.35175,-2.21336,3.08554,-0.01802,0.01374,-0.00764,5.58316,8.46244,-63.81175
36.078953,-79.007954,11,0.07,134.1,-9.53,1212603,-9.53,-9.53061,-2.23729,3.14237,-0.01833,0.01252,-0.00977,6.22625,8.43321,-63.87022
36.078953,-79.007954,11,0.07,133.5,-9.51,1212803,-9.51,-9.51207,-2.22114,3.11127,-0.02077,0.01542,-0.01237,6.28471,8.46244,-62.9202
36.078954,-79.007954,11,0.03,133.5,-9.48,1213603,-9.48,-9.47677,-2.22233,3.0993,-0.02077,0.01558,-0.01329,6.34317,8.08243,-63.30021
36.078954,-79.007954,11,0.03,133,-9.49,1213803,-9.49,-9.48515,-2.25224,3.10409,-0.01405,0.01451,-0.01161,6.1824,8.2432,-63.56329
36.078954,-79.007953,11,0.02,133,-9.52,1214603,-9.52,-9.51865,-2.24327,3.11904,-0.01695,0.01298,-0.01283,6.2701,8.02397,-63.37329
36.078954,-79.007953,11,0.02,132.3,-9.5,1214803,-9.5,-9.5001,-2.21874,3.10768,-0.01817,0.01313,-0.00535,6.21163,8.37474,-63.08097
36.078953,-79.007952,11,0.14,132.3,-9.52,1215603,-9.52,-9.51626,-2.2331,3.11127,-0.02306,0.01436,-0.01252,6.12394,8.68167,-64.19176
36.078953,-79.007952,11,0.14,131.4,-9.5,1215803,-9.5,-9.49652,-2.22233,3.11845,-0.0168,0.01497,-0.01145,5.94855,8.56475,-62.89096
36.078954,-79.007953,11,0.1,131.4,-9.49,1216603,-9.49,-9.48754,-2.24088,3.11605,-0.0171,0.0113,-0.01161,6.06548,8.57936,-62.90559
36.078954,-79.007953,11,0.1,131.1,-9.51,1216803,-9.51,-9.51267,-2.2331,3.11605,-0.01985,0.01741,-0.01222,6.19702,9.39784,-63.79713
36.078954,-79.007954,11,0.12,131.1,-9.51,1217603,-9.51,-9.50788,-2.24447,3.11366,-0.01817,0.01558,-0.01084,5.97778,8.31628,-64.25022
36.078954,-79.007954,11,0.12,131,-9.52,1217803,-9.52,-9.52284,-2.24566,3.12443,-0.01817,0.01451,-0.0084,6.37241,8.22859,-63.78252
36.078955,-79.007954,11,0.12,131,-9.5,1218603,-9.5,-9.5001,-2.23609,3.12383,-0.01802,0.01573,-0.01038,6.32856,8.14089,-63.44636
36.078955,-79.007954,11,0.12,130.8,-9.35,1218803,-9.35,-9.34936,-2.23729,3.09631,-0.01955,0.01268,-0.01145,6.13856,8.09705,-63.63636
36.078955,-79.007955,11,0.02,130.8,-9.5,1219603,-9.5,-9.5019,-2.26062,3.10887,-0.01772,0.01619,-0.00962,6.47471,8.68167,-64.07483
36.078955,-79.007955,11,0.02,130.6,-9.51,1219803,-9.51,-9.51207,-2.25105,3.13819,-0.02046,0.0142,-0.011,6.51856,8.82783,-63.40252
36.078956,-79.007956,11,0.03,130.6,-9.53,1220603,-9.53,-9.52583,-2.24507,3.14477,-0.01497,0.01023,-0.01344,6.10932,9.06168,-64.01637
36.078956,-79.007956,11,0.03,130.4,-9.5,1220803,-9.5,-9.50429,-2.22832,3.13579,-0.02092,0.01405,-0.011,5.81701,8.69629,-63.8556
36.078957,-79.007957,11,0.1,130.4,-9.49,1221603,-9.49,-9.48635,-2.25105,3.11306,-0.01878,0.01252,-0.01237,5.94855,8.47705,-64.17715
36.078957,-79.007957,11,0.1,130.3,-9.5,1221803,-9.5,-9.50429,-2.26002,3.10289,-0.01817,0.01268,-0.00794,5.83163,8.68167,-64.64484
36.078957,-79.007956,11,0.13,130.3,-9.5,1222603,-9.5,-9.5001,-2.22652,3.11605,-0.01863,0.01313,-0.01405,6.40164,8.75475,-63.60713
36.078957,-79.007956,11,0.13,129.9,-9.47,1222803,-9.47,-9.47139,-2.23908,3.14656,-0.01817,0.00977,-0.01161,5.7147,8.43321,-63.44636
36.078957,-79.007955,11,0.02,129.9,-9.46,1223603,-9.46,-9.46361,-2.24387,3.08255,-0.01848,0.01252,-0.011,6.06548,8.62321,-64.71792
36.078957,-79.007955,11,0.02,129.8,-9.49,1223803,-9.49,-9.48814,-2.24207,3.12443,-0.02016,0.01542,-0.01115,6.09471,9.01783,-64.2356
36.078956,-79.007955,11,0.06,129.8,-9.5,1224603,-9.5,-9.5019,-2.23729,3.12144,-0.01894,0.01695,-0.01115,5.91932,8.34551,-63.50482
36.078956,-79.007955,11,0.06,129.6,-9.49,1224803,-9.49,-9.48993,-2.24866,3.14776,-0.02001,0.0142,-0.01084,6.05086,8.7986,-63.44636
36.078955,-79.007955,11,0.1,129.6,-9.48,1225603,-9.48,-9.48156,-2.25224,3.13041,-0.01955,0.01298,-0.01466,5.39316,8.84244,-63.49021
36.078955,-79.007955,11,0.1,129.5,-9.49,1225803,-9.49,-9.49233,-2.22114,3.12622,-0.01756,0.01695,-0.01145,6.47471,9.09091,-63.28559
36.078955,-79.007955,11,0.06,129.5,-9.46,1226603,-9.46,-9.46361,-2.23849,3.0993,-0.01787,0.01512,-0.01206,6.53318,8.62321,-64.19176
36.078955,-79.007955,11,0.06,129.4,-9.47,1226803,-9.47,-9.469,-2.23549,3.12144,-0.01695,0.01573,-0.01206,5.87547,8.95937,-63.81175
36.078953,-79.007955,11,0.01,129.4,-9.51,1227603,-9.51,-9.51446,-2.2666,3.11665,-0.01817,0.01298,-0.00977,6.85472,9.55861,-63.84098
36.078953,-79.007955,11,0.01,129.4,-9.48,1227803,-9.48,-9.47558,-2.25583,3.12682,-0.01512,0.01863,-0.00947,6.40164,9.36861,-64.49869
36.07895,-79.007953,11,0.05,129.4,-9.49,1228603,-9.49,-9.48754,-2.24088,3.13161,-0.01894,0.01573,-0.01038,6.21163,9.09091,-63.94329
36.07895,-79.007953,11,0.05,129.5,-9.49,1228803,-9.49,-9.48754,-2.23849,3.10289,-0.01939,0.01604,-0.01145,5.91932,8.97398,-65.11254
36.078946,-79.007951,11,0.2,129.5,-9.49,1229603,-9.49,-9.49173,-2.25464,3.12981,-0.01695,0.01329,-0.01176,6.6501,9.04706,-63.84098
36.078946,-79.007951,11,0.2,129.2,-9.51,1229803,-9.51,-9.51267,-2.24566,3.12981,-0.01756,0.01466,-0.01222,6.37241,8.59398,-64.51331
36.07894,-79.007946,11,0.09,129.2,-9.5,1230603,-9.5,-9.5025,-2.23609,3.15553,-0.01512,0.01359,-0.01176,6.38702,8.34551,-63.44636
36.07894,-79.007946,11,0.09,129,-9.49,1230803,-9.49,-9.49412,-2.25583,3.12144,-0.01695,0.01649,-0.00855,6.53318,8.47705,-63.41713
36.078937,-79.007945,11,0.06,129,-9.48,1231603,-9.48,-9.48156,-2.23191,3.14297,-0.01772,0.01359,-0.01222,6.06548,8.18474,-63.09559
36.078937,-79.007945,11,0.06,129,-9.51,1231803,-9.51,-9.50549,-2.25284,3.1328,-0.01787,0.01756,-0.01176,5.72932,8.9886,-63.50482
36.078935,-79.007946,11,0.03,129,-9.5,1232603,-9.5,-9.49652,-2.24746,3.11665,-0.01955,0.01466,-0.00962,6.38702,8.18474,-64.54253
36.078935,-79.007946,11,0.03,129,-9.5,1232803,-9.5,-9.49652,-2.26241,3.15015,-0.0171,0.01604,-0.01329,6.66472,8.50628,-64.08945
36.078934,-79.007947,11,0.03,129,-9.49,1233603,-9.49,-9.49472,-2.25823,3.13759,-0.01863,0.01634,-0.00977,6.10932,8.55013,-64.36714
36.078934,-79.007947,11,0.03,129.1,-9.51,1233803,-9.51,-9.50728,-2.24507,3.14537,-0.01604,0.01374,-0.00962,6.67933,8.63783,-64.06022
36.078932,-79.007947,11,0.09,129.1,-9.47,1234603,-9.47,-9.47079,-2.25643,3.10708,-0.01985,0.01359,-0.01268,6.57702,8.62321,-63.87022
36.078932,-79.007947,11,0.09,129.2,-9.51,1234803,-9.51,-9.50609,-2.24686,3.12921,-0.01894,0.0142,-0.01161,6.54779,8.27244,-64.10406
36.078931,-79.007948,11,0.02,129.2,-9.5,1235603,-9.5,-9.5013,-2.22832,3.12682,-0.01833,0.01237,-0.00916,6.31394,8.25782,-64.14791
36.078931,-79.007948,11,0.02,129.4,-9.48,1235803,-9.48,-9.48156,-2.24746,3.12802,-0.02046,0.01466,-0.0113,6.79626,8.75475,-63.92868
36.078929,-79.007949,11,0.01,129.4,-9.48,1236603,-9.48,-9.48096,-2.24148,3.13998,-0.01619,0.01436,-0.00947,6.54779,8.41859,-63.72406
36.078929,-79.007949,10,0.01,129.5,-9.51,1236803,-9.51,-9.50968,-2.24566,3.12562,-0.01817,0.01038,-0.01161,6.13856,8.90091,-64.19176
36.078927,-79.00795,10,0.03,129.5,-9.48,1237603,-9.48,-9.48335,-2.2666,3.09691,-0.01466,0.01038,-0.01497,6.59164,8.37474,-64.48407
36.078927,-79.00795,10,0.03,129.7,-9.46,1237803,-9.46,-9.45763,-2.24985,3.12263,-0.02092,0.0142,-0.01115,6.34317,7.99474,-63.02251
36.078927,-79.007952,10,0.0,129.7,-9.5,1238603,-9.5,-9.5007,-2.25464,3.13161,-0.02016,0.01619,-0.01283,6.38702,8.69629,-64.13329
36.078927,-79.007952,10,0.0,130,-9.47,1238803,-9.47,-9.4666,-2.24507,3.15135,-0.02184,0.01665,-0.01176,6.84011,8.22859,-63.50482
36.078925,-79.007953,10,0.06,130,-9.5,1239603,-9.5,-9.5001,-2.25045,3.1328,-0.02031,0.01542,-0.0087,6.41625,8.37474,-64.17715
36.078925,-79.007953,10,0.06,130.2,-9.5,1239803,-9.5,-9.5001,-2.25105,3.16391,-0.01833,0.01436,-0.011,6.54779,8.21397,-64.99561
36.078923,-79.007954,10,0.05,130.2,-9.51,1240603,-9.51,-9.51027,-2.25284,3.15613,-0.01909,0.01939,-0.01038,6.10932,8.50628,-64.33791
36.078923,-79.007954,10,0.05,130.3,-9.49,1240803,-9.49,-9.49472,-2.2349,3.1352,-0.02031,0.0142,-0.0113,5.86086,7.98012,-65.0687
36.078921,-79.007955,10,0.05,130.3,-9.51,1241603,-9.51,-9.50848,-2.25464,3.14417,-0.01848,0.01573,-0.00916,5.90471,9.20783,-64.41099
36.078921,-79.007955,10,0.05,130.3,-9.48,1241803,-9.48,-9.47737,-2.24866,3.13819,-0.01726,0.01833,-0.01054,6.12394,8.36013,-63.98714
36.078919,-79.007954,10,0.07,130.3,-9.51,1242603,-9.51,-9.50728,-2.25105,3.14417,-0.02199,0.01741,-0.01161,6.16779,8.94475,-63.92868
36.078919,-79.007954,10,0.07,130.2,-9.5,1242803,-9.5,-9.49532,-2.25284,3.1322,-0.02169,0.01405,-0.00886,5.90471,8.62321,-64.38176
36.078918,-79.007954,10,0.15,130.2,-9.47,1243603,-9.47,-9.47319,-2.27318,3.14417,-0.01924,0.01115,-0.01206,6.43087,8.11166,-64.25022
36.078918,-79.007954,11,0.15,130.1,-9.5,1243803,-9.5,-9.50309,-2.2331,3.0999,-0.01588,0.01405,-0.01298,5.87547,8.63783,-64.7033
36.078918,-79.007955,11,0.05,130.1,-9.64,1244603,-9.64,-9.64367,-2.25823,3.14537,-0.01619,0.011,-0.01145,6.7378,8.41859,-64.99561
36.078918,-79.007955,11,0.05,130.1,-9.48,1244803,-9.48,-9.47857,-2.24447,3.13101,-0.01573,0.01374,-0.01115,6.81087,8.31628,-64.48407
36.078918,-79.007957,11,0.07,130.1,-9.47,1245603,-9.47,-9.47259,-2.25404,3.13101,-0.02031,0.01466,-0.01222,6.15317,8.44782,-63.9579
36.078918,-79.007957,11,0.07,130.1,-9.49,1245803,-9.49,-9.48575,-2.25105,3.12204,-0.01222,0.01329,-0.01023,6.2701,9.20783,-64.65946
36.078917,-79.007958,11,0.03,130.1,-9.47,1246603,-9.47,-9.47319,-2.25464,3.14537,-0.01848,0.01634,-0.0084,6.22625,8.3309,-63.75329
36.078917,-79.007958,11,0.03,130.1,-9.5,1246803,-9.5,-9.5025,-2.25524,3.11486,-0.02123,0.01558,-0.01008,6.00702,8.2432,-63.56329
36.078919,-79.007962,11,0.03,130.1,-9.48,1247603,-9.48,-9.48096,-2.24925,3.1669,-0.02153,0.01619,-0.011,6.22625,8.75475,-63.65098
36.078919,-79.007962,11,0.03,130.4,-9.49,1247803,-9.49,-9.48814,-2.25643,3.17228,-0.02001,0.01344,-0.00855,6.16779,8.78398,-64.82023
36.07892,-79.007963,11,0.07,130.4,-9.48,1248603,-9.48,-9.48216,-2.25882,3.10289,-0.02016,0.01252,-0.0113,6.06548,8.44782,-63.87022
36.07892,-79.007963,11,0.07,130.3,-9.51,1248803,-9.51,-9.51087,-2.24746,3.1328,-0.02031,0.01283,-0.01206,6.31394,8.41859,-63.79713
36.078923,-79.007967,11,0.05,130.3,-9.49,1249603,-9.49,-9.49053,-2.24626,3.15135,-0.01741,0.01604,-0.01023,6.54779,7.71704,-64.84946
36.078923,-79.007967,11,0.05,130.4,-9.51,1249803,-9.51,-9.50728,-2.25942,3.11605,-0.01772,0.01176,-0.01161,6.66472,8.19936,-63.73867
36.078926,-79.00797,11,0.02,130.4,-9.49,1250603,-9.49,-9.48694,-2.24985,3.10828,-0.02245,0.01512,-0.00993,6.19702,8.46244,-63.28559
36.078926,-79.00797,11,0.02,130.2,-9.49,1250803,-9.49,-9.49113,-2.25703,3.13998,-0.01512,0.01497,-0.01206,6.53318,8.27244,-63.30021
36.07893,-79.007976,11,0.09,130.2,-9.49,1251603,-9.49,-9.49053,-2.23789,3.20878,-0.01939,0.01466,-0.01038,6.1824,8.40398,-63.62175
36.07893,-79.007976,11,0.09,130.3,-9.48,1251803,-9.48,-9.47618,-2.25583,3.12862,-0.01878,0.01191,-0.00886,6.31394,8.84244,-64.03099
36.078935,-79.007981,11,0.08,130.3,-9.48,1252603,-9.48,-9.48276,-2.26899,3.14477,-0.02321,0.01222,-0.01222,6.41625,8.40398,-62.86174
36.078935,-79.007981,11,0.08,130.2,-9.49,1252803,-9.49,-9.49233,-2.26122,3.12742,-0.01558,0.01451,-0.01008,6.57702,8.19936,-63.43175
36.078937,-79.007982,11,0.05,130.2,-9.46,1253603,-9.46,-9.46002,-2.37009,3.18425,-0.01237,0.03176,0.00809,6.24087,8.3309,-64.06022
36.078937,-79.007982,11,0.05,130.1,-9.5,1253803,-9.5,-9.49652,-2.35573,3.22253,-0.03451,0.0368,-0.011,6.15317,8.0532,-64.84946
36.078938,-79.007983,11,0.06,130.1,-9.47,1254603,-9.47,-9.47319,-2.2995,3.1687,-0.01466,0.01298,-0.00977,6.41625,8.31628,-64.52792
36.078938,-79.007983,11,0.06,130.2,-9.43,1254803,-9.43,-9.43011,-2.29113,3.15613,-0.01527,0.02214,-0.00596,5.81701,8.75475,-64.3233
36.078938,-79.007982,11,0.01,130.2,-9.45,1255603,-9.45,-9.44746,-2.44247,3.1687,-0.02107,0.01497,0.0058,6.09471,8.76937,-63.7679
36.078938,-79.007982,11,0.01,130.3,-9.45,1255803,-9.45,-9.44507,-2.11167,3.18186,-0.01558,0.01023,-0.00672,5.9924,8.59398,-63.8556
36.078939,-79.007981,11,0.02,130.3,-9.53,1256603,-9.53,-9.53001,-1.97348,3.06939,-0.02581,0.04581,0.03054,6.40164,7.05934,-64.57176
36.078939,-79.007981,11,0.02,130.2,-9.57,1256803,-9.57,-9.57129,-1.84487,3.1017,-0.01939,-0.02566,-0.09957,6.57702,6.56241,-64.22099
36.078939,-79.007981,11,0.05,130.2,-9.98,1257603,-9.98,-9.97987,-3.02333,3.03111,0.05528,0.2054,0.65347,6.43087,7.65858,-63.70944
36.078939,-79.007981,11,0.05,130.2,-9.57,1257803,-9.57,-9.57308,-2.82592,3.20578,-0.01268,0.02871,-0.0223,6.4601,8.19936,-64.79099
36.078941,-79.007981,11,0.05,130.2,-9.46,1258603,-9.46,-9.46062,-1.99143,3.15793,-0.01634,0.02001,-0.00229,6.21163,7.8632,-64.00175
36.078941,-79.007981,11,0.05,130.3,-9.5,1258803,-9.5,-9.50489,-2.03749,3.21296,-0.02611,0.00229,-0.05742,6.38702,7.70243,-64.22099
36.078942,-79.007982,11,0.06,130.3,-9.52,1259603,-9.52,-9.51506,-2.17986,3.1334,-0.01252,0.00962,0.00764,6.48933,7.93628,-65.02485
36.078942,-79.007982,11,0.06,130.2,-9.51,1259803,-9.51,-9.51207,-2.07876,3.1005,-0.01481,0.00229,-0.00718,6.25548,8.34551,-64.58638
36.078944,-79.007982,11,0.06,130.2,-9.47,1260603,-9.47,-9.4684,-2.07278,3.15374,-0.01817,0.00718,-0.01939,6.34317,7.83397,-64.25022
36.078944,-79.007982,11,0.06,130.1,-9.56,1260803,-9.56,-9.56351,-2.15892,3.18963,-0.01787,0.01909,-0.01359,6.41625,7.7755,-64.86407
36.078946,-79.007982,11,0.02,130.1,-9.5,1261603,-9.5,-9.5019,-2.08714,3.20818,-0.02611,0.01206,-0.0223,6.44548,8.47705,-65.03946
36.078946,-79.007982,11,0.02,129.9,-9.53,1261803,-9.53,-9.52523,-2.06501,3.1675,-0.01527,0.011,-0.01588,5.75855,8.41859,-65.01023
36.078947,-79.007982,11,0.03,129.9,-9.54,1262603,-9.54,-9.54317,-2.27019,3.22911,-0.02123,0.0307,-0.02428,6.72318,7.67319,-63.98714
36.078947,-79.007982,11,0.03,129.7,-9.48,1262803,-9.48,-9.47857,-2.10927,3.21655,-0.01802,0.01237,-0.01206,6.31394,8.02397,-64.48407
36.078948,-79.007983,11,0.05,129.7,-9.49,1263603,-9.49,-9.49293,-2.10688,3.16212,-0.02001,0.02779,0.00733,6.48933,8.02397,-64.42561
36.078948,-79.007983,11,0.05,129.7,-9.52,1263803,-9.52,-9.51985,-2.13081,3.21954,-0.01985,0.0252,0.0055,6.85472,8.5209,-64.00175
36.078949,-79.007985,11,0.06,129.7,-9.49,1264603,-9.49,-9.49053,-1.87837,3.16989,-0.01222,0.00061,-0.00244,7.16165,7.76089,-64.41099
36.078949,-79.007985,11,0.06,129.7,-9.52,1264803,-9.52,-9.51805,-1.91545,3.21416,-0.02306,0.00504,-0.0365,6.48933,7.29319,-64.52792
36.07895,-79.007987,11,0.07,129.7,-9.56,1265603,-9.56,-9.55574,-1.96451,3.22373,-0.01924,0.01145,-0.01833,6.15317,7.73166,-64.63022
36.07895,-79.007987,11,0.07,129.8,-9.52,1265803,-9.52,-9.51506,-1.95853,3.14836,-0.01573,0.00993,0.00015,6.94241,7.64396,-64.3233
36.078952,-79.007988,11,0.07,129.8,-9.54,1266603,-9.54,-9.54018,-1.76172,3.05444,0.01741,0.09117,0.3992,7.00088,7.73166,-64.27945
36.078952,-79.007988,11,0.07,129.8,-9.55,1266803,-9.55,-9.55155,-2.12542,3.05623,-0.01604,0.00397,-0.02337,6.69395,8.2432,-64.73254
36.078954,-79.007988,11,0.08,129.8,-9.49,1267603,-9.49,-9.49293,-2.15593,3.1687,-0.01665,0.01405,-0.01359,6.47471,8.68167,-64.51331
36.078954,-79.007988,11,0.08,129.7,-9.51,1267803,-9.51,-9.51027,-2.15952,3.22373,-0.02016,0.01283,-0.01054,6.37241,8.78398,-65.03946
36.078955,-79.007989,11,0.02,129.7,-9.48,1268603,-9.48,-9.48036,-2.18166,3.16331,-0.01909,0.01268,-0.0084,6.31394,8.63783,-63.5779
36.078955,-79.007989,11,0.02,129.9,-9.48,1268803,-9.48,-9.48395,-2.1661,3.1998,-0.01817,0.01191,-0.01161,6.15317,8.62321,-64.82023
36.078956,-79.00799,11,0.07,129.9,-9.49,1269603,-9.49,-9.49293,-2.18046,3.21894,-0.01863,0.01313,-0.01329,6.15317,8.63783,-64.26483
36.078956,-79.00799,11,0.07,130,-9.47,1269803,-9.47,-9.4696,-2.12363,3.24945,-0.02841,0.03512,-0.02214,6.44548,8.31628,-64.19176
36.078956,-79.00799,11,0.05,130,-9.51,1270603,-9.51,-9.50549,-2.18285,3.21954,-0.01924,0.01298,-0.01069,6.25548,9.07629,-64.68869
36.078956,-79.00799,11,0.05,130,-9.48,1270803,-9.48,-9.48395,-2.18345,3.14417,-0.01939,0.0139,-0.01283,6.51856,8.65244,-63.82636
36.078958,-79.007991,11,0.06,130,-9.47,1271603,-9.47,-9.47498,-2.18345,3.17886,-0.02077,0.0139,-0.00947,6.43087,8.46244,-64.74715
36.078958,-79.007991,11,0.06,130,-9.46,1271803,-9.46,-9.45644,-2.18166,3.19561,-0.01909,0.01512,-0.01023,6.28471,8.37474,-64.86407
36.078958,-79.007991,11,0.01,130,-9.35,1272603,-9.35,-9.34756,-2.1661,3.15733,-0.01863,0.01145,-0.01329,6.4601,8.18474,-65.17101
36.078958,-79.007991,11,0.01,129.9,-9.49,1272803,-9.49,-9.49053,-2.17208,3.19083,-0.01787,0.01542,-0.01268,6.24087,8.76937,-64.55714
36.07896,-79.007991,11,0.02,129.9,-9.5,1273603,-9.5,-9.49652,-2.17208,3.20818,-0.01848,0.01359,-0.01313,6.91318,8.62321,-64.65946
36.07896,-79.007991,11,0.02,129.8,-9.49,1273803,-9.49,-9.49053,-2.19302,3.12862,-0.02062,0.01512,-0.01298,6.54779,8.46244,-64.73254
36.07896,-79.007991,11,0.01,129.8,-9.48,1274603,-9.48,-9.47737,-2.15653,3.19442,-0.01512,0.01237,-0.01206,6.48933,8.47705,-63.70944
36.07896,-79.007991,11,0.01,129.6,-9.64,1274803,-9.64,-9.64008,-2.17986,3.22971,-0.01863,0.01512,-0.0113,6.25548,8.0532,-64.64484
36.078961,-79.007991,11,0.01,129.6,-9.49,1275603,-9.49,-9.49173,-2.1661,3.19561,-0.02001,0.00977,-0.01145,6.41625,8.31628,-64.45483
36.078961,-79.007991,11,0.01,129.5,-9.48,1275803,-9.48,-9.47737,-2.18824,3.15972,-0.01924,0.01558,-0.01206,6.44548,8.56475,-65.02485
36.078961,-79.007992,11,0.01,129.5,-9.49,1276603,-9.49,-9.49293,-2.17687,3.20758,-0.01817,0.01206,-0.01191,6.35779,8.49167,-65.49255
36.078961,-79.007992,11,0.01,129.5,-9.49,1276803,-9.49,-9.48934,-2.18405,3.19741,-0.01833,0.01374,-0.01115,6.43087,8.76937,-64.96638
36.07896,-79.007993,11,0.03,129.5,-9.49,1277603,-9.49,-9.48814,-2.19003,3.18126,-0.01772,0.01649,-0.00809,6.43087,8.56475,-64.57176
36.07896,-79.007993,11,0.03,129.4,-9.51,1277803,-9.51,-9.51147,-2.17627,3.19262,-0.01772,0.01573,-0.01313,6.05086,9.12014,-65.20023
36.078959,-79.007993,11,0.06,129.4,-9.49,1278603,-9.49,-9.48575,-2.17926,3.19143,-0.01756,0.01481,-0.00916,6.35779,8.81321,-64.45483
36.078959,-79.007993,11,0.06,129.3,-9.48,1278803,-9.48,-9.48335,-2.1655,3.17228,-0.02123,0.01481,-0.01191,6.53318,8.46244,-64.0456
36.078959,-79.007993,11,0.02,129.3,-9.63,1279603,-9.63,-9.63051,-2.16192,3.1663,-0.01924,0.01451,-0.01268,6.32856,8.85706,-65.05408
36.078959,-79.007993,11,0.02,129.3,-9.5,1279803,-9.5,-9.50309,-2.18225,3.19083,-0.01833,0.01298,-0.01313,6.32856,8.74013,-64.82023
36.078959,-79.007993,11,0.02,129.3,-9.48,1280603,-9.48,-9.47797,-2.19183,3.20399,-0.0171,0.01649,-0.00901,6.51856,9.09091,-64.83485
36.078959,-79.007993,11,0.02,129.2,-9.5,1280803,-9.5,-9.49592,-2.19063,3.3338,-0.01436,0.01359,-0.0113,6.72318,8.34551,-64.74715
36.07896,-79.007994,11,0.02,129.2,-9.48,1281603,-9.48,-9.48395,-2.18525,3.22194,-0.02016,0.01451,-0.01344,6.69395,8.75475,-65.08331
36.07896,-79.007994,11,0.02,129.1,-9.48,1281803,-9.48,-9.48156,-2.17567,3.19621,-0.01604,0.01512,-0.01145,6.02163,9.04706,-64.33791
36.07896,-79.007994,11,0.05,129.1,-9.5,1282603,-9.5,-9.49592,-2.18704,3.24646,-0.01894,0.01512,-0.01206,5.90471,8.75475,-64.3233
36.07896,-79.007994,11,0.05,129,-9.49,1282803,-9.49,-9.48575,-2.16909,3.2004,-0.02046,0.01252,-0.011,6.21163,8.57936,-64.27945
36.07896,-79.007995,11,0.01,129,-9.5,1283603,-9.5,-9.49711,-2.19482,3.22253,-0.01863,0.01558,-0.01023,6.63549,8.68167,-64.03099
36.07896,-79.007995,11,0.01,129.1,-9.48,1283803,-9.48,-9.48096,-2.1996,3.20219,-0.02016,0.01481,-0.01084,6.67933,9.66092,-64.83485
36.078959,-79.007996,11,0.05,129.1,-9.49,1284603,-9.49,-9.49472,-2.17149,3.18664,-0.01955,0.01374,-0.01252,6.40164,8.47705,-64.90792
36.078959,-79.007996,11,0.05,129.3,-9.49,1284803,-9.49,-9.49412,-2.19302,3.23988,-0.01817,0.01542,-0.01329,7.13242,8.9886,-64.46945
36.078958,-79.007998,11,0.03,129.3,-9.48,1285603,-9.48,-9.48216,-2.18883,3.36012,-0.02001,0.01497,-0.00962,6.24087,8.72552,-64.71792
36.078958,-79.007998,11,0.03,129.4,-9.53,1285803,-9.53,-9.52643,-2.19302,3.18066,-0.01665,0.01298,-0.0139,6.72318,8.60859,-64.83485
36.078957,-79.007998,11,0.01,129.4,-9.48,1286603,-9.48,-9.48096,-2.17149,3.16511,-0.01848,0.01619,-0.01268,6.4601,8.44782,-64.76176
36.078957,-79.007998,11,0.01,129.7,-9.47,1286803,-9.47,-9.47139,-2.19063,3.2004,-0.02092,0.01405,-0.01268,6.76703,8.85706,-64.57176
36.078956,-79.007999,11,0.03,129.7,-9.48,1287603,-9.48,-9.47797,-2.16192,3.18485,-0.02107,0.01466,-0.00886,6.32856,8.69629,-65.55101
36.078956,-79.007999,11,0.03,130,-9.46,1287803,-9.46,-9.46301,-2.17268,3.35713,-0.01985,0.01115,-0.01069,6.41625,8.31628,-64.61561
36.078956,-79.008002,11,0.06,130,-9.5,1288603,-9.5,-9.5025,-2.19063,3.18963,-0.01649,0.0139,-0.01023,6.38702,8.30167,-64.30868
36.078956,-79.008002,11,0.06,130.4,-9.49,1288803,-9.49,-9.48934,-2.18046,3.24048,-0.0223,0.01023,-0.01038,6.37241,8.62321,-63.66559
36.078956,-79.008004,11,0.06,130.4,-9.51,1289603,-9.51,-9.50968,-2.1667,3.17288,-0.02077,0.01405,-0.01038,6.29933,8.5209,-64.54253
36.078956,-79.008004,11,0.06,130.6,-9.49,1289803,-9.49,-9.48754,-2.20499,3.22253,-0.01726,0.011,-0.01283,6.51856,8.11166,-65.14177
36.078955,-79.008006,11,0.02,130.6,-9.45,1290603,-9.45,-9.44806,-2.2002,3.20519,-0.01939,0.01542,-0.0113,6.1824,8.22859,-65.53639
36.078955,-79.008006,11,0.02,130.9,-9.46,1290803,-9.46,-9.46481,-2.18106,3.21715,-0.01878,0.01145,-0.01191,6.60626,8.21397,-65.34639
36.078956,-79.008007,11,0.05,130.9,-9.46,1291603,-9.46,-9.45943,-2.18824,3.19382,-0.01833,0.0168,-0.00932,6.57702,8.00935,-64.92254
36.078956,-79.008007,11,0.05,131.1,-9.46,1291803,-9.46,-9.46182,-2.18285,3.22852,-0.01772,0.0142,-0.01573,6.1824,8.21397,-65.77025
36.078955,-79.008009,11,0.01,131.1,-9.47,1292603,-9.47,-9.4678,-2.18106,3.18545,-0.02199,0.01634,-0.0113,5.91932,8.5209,-65.22946
36.078955,-79.008009,11,0.01,131.3,-9.5,1292803,-9.5,-9.49891,-2.19721,3.18066,-0.01726,0.01481,-0.01191,6.10932,8.57936,-65.52177
36.078955,-79.00801,11,0.02,131.3,-9.48,1293603,-9.48,-9.47558,-2.14576,3.22732,-0.01787,0.01405,-0.01283,6.06548,8.09705,-64.90792
36.078955,-79.00801,11,0.02,131.6,-9.48,1293803,-9.48,-9.47737,-2.18644,3.18784,-0.02291,0.01069,-0.01084,6.40164,8.49167,-64.86407
36.078955,-79.00801,11,0.06,131.6,-9.47,1294603,-9.47,-9.469,-2.2014,3.18724,-0.01817,0.01588,-0.01191,5.84624,8.65244,-65.40485
36.078955,-79.00801,11,0.06,131.7,-9.46,1294803,-9.46,-9.46122,-2.17089,3.20219,-0.01924,0.01298,-0.01084,5.83163,8.15551,-65.0687
36.078955,-79.008011,11,0.05,131.7,-9.46,1295603,-9.46,-9.46242,-2.18345,3.20698,-0.01878,0.01481,-0.01237,5.39316,8.62321,-66.22333
36.078955,-79.008011,11,0.05,131.9,-9.48,1295803,-9.48,-9.48216,-2.17208,3.2339,-0.0197,0.01527,-0.01084,6.41625,8.5209,-65.05408
36.078954,-79.008012,11,0.03,131.9,-9.46,1296603,-9.46,-9.46421,-2.18166,3.16331,-0.01772,0.01802,-0.01206,6.15317,8.12628,-64.22099
36.078954,-79.008012,11,0.03,132,-9.47,1296803,-9.47,-9.4684,-2.18345,3.18066,-0.01863,0.01741,-0.01283,5.7147,8.46244,-65.09792
36.07895,-79.00801,11,0.01,132,-9.49,1297603,-9.49,-9.48814,-2.17268,3.22014,-0.01833,0.01008,-0.00947,6.19702,8.27244,-64.55714
36.07895,-79.00801,11,0.01,132.1,-9.49,1297803,-9.49,-9.49173,-2.17687,3.20339,-0.01787,0.01023,-0.01283,5.75855,8.38936,-65.65332
36.078947,-79.008007,11,0.06,132.1,-9.47,1298603,-9.47,-9.47019,-2.21037,3.19561,-0.02046,0.01604,-0.01466,5.53932,8.44782,-63.91406
36.078947,-79.008007,11,0.06,132.1,-9.47,1298803,-9.47,-9.47079,-2.19541,3.19561,-0.0168,0.01573,-0.01115,5.81701,8.74013,-65.0687
36.078945,-79.008005,11,0.1,132.1,-9.5,1299603,-9.5,-9.49592,-2.20738,3.19203,-0.01985,0.01344,-0.01084,5.59778,8.38936,-65.2587
36.078945,-79.008005,11,0.1,131.9,-9.49,1299803,-9.49,-9.49352,-2.19003,3.20459,-0.01955,0.01374,-0.01466,5.74393,8.03858,-64.60099
36.078942,-79.008002,11,0.07,131.9,-9.46,1300603,-9.46,-9.45943,-2.17627,3.17827,-0.01695,0.01145,-0.01558,5.91932,8.47705,-64.8933
36.078942,-79.008002,11,0.07,131.7,-9.49,1300803,-9.49,-9.49233,-2.16431,3.2016,-0.01802,0.01542,-0.01054,5.93394,8.72552,-64.68869
36.078938,-79.008,11,0.01,131.7,-9.45,1301603,-9.45,-9.45105,-2.19362,3.20279,-0.01955,0.01222,-0.011,5.72932,8.41859,-64.68869
36.078938,-79.008,11,0.01,131.7,-9.62,1301803,-9.62,-9.62274,-2.23729,3.13101,-0.02306,0.01191,-0.00367,6.06548,8.31628,-64.54253
36.078934,-79.007995,11,0.13,131.7,-9.5,1302603,-9.5,-9.49831,-2.20439,3.19203,-0.01833,0.01298,-0.00718,6.06548,8.46244,-63.49021
36.078934,-79.007995,11,0.13,131.5,-9.49,1302803,-9.49,-9.48993,-2.18405,3.23569,-0.01558,0.0113,-0.00779,5.7147,8.0532,-64.42561
36.078932,-79.007992,11,0.01,131.5,-9.46,1303603,-9.46,-9.45943,-2.19661,3.16032,-0.01939,0.01542,-0.00993,6.15317,8.18474,-64.38176
36.078932,-79.007992,11,0.01,131.5,-9.51,1303803,-9.51,-9.50549,-2.18166,3.21775,-0.01924,0.01023,-0.00932,6.19702,8.06782,-63.88483
36.07893,-79.007989,11,0.03,131.5,-9.49,1304603,-9.49,-9.48575,-2.17986,3.20997,-0.01604,0.01527,-0.0113,6.02163,8.15551,-63.97252
36.07893,-79.007989,11,0.03,131.2,-9.5,1304803,-9.5,-9.49711,-2.1996,3.19741,-0.02321,0.01573,-0.01038,5.96317,8.14089,-64.29407
36.078929,-79.007988,11,0.01,131.2,-9.48,1305603,-9.48,-9.48036,-2.17926,3.21954,-0.01955,0.01451,-0.00993,6.66472,8.41859,-64.22099
36.078929,-79.007988,11,0.01,130.9,-9.48,1305803,-9.48,-9.48216,-2.18465,3.16451,-0.0197,0.01298,-0.01191,5.45162,7.60012,-64.27945
36.078929,-79.007987,11,0.03,130.9,-9.48,1306603,-9.48,-9.48096,-2.19541,3.20698,-0.01772,0.01359,-0.01268,5.55393,8.36013,-63.79713
36.078929,-79.007987,11,0.03,131,-9.48,1306803,-9.48,-9.48276,-2.2008,3.16391,-0.01481,0.01741,-0.01252,5.9924,8.19936,-64.14791
36.078928,-79.007985,11,0.03,131,-9.5,1307603,-9.5,-9.5001,-2.18584,3.17587,-0.01604,0.01527,-0.00993,6.1824,8.22859,-64.3233
36.078928,-79.007985,11,0.03,131,-9.49,1307803,-9.49,-9.48575,-2.20558,3.16929,-0.01451,0.0113,-0.01466,6.05086,7.81935,-64.84946
36.078928,-79.007984,11,0.05,131,-9.48,1308603,-9.48,-9.47558,-2.15414,3.23809,-0.01542,0.01038,-0.01206,6.35779,8.47705,-64.45483
36.078928,-79.007984,11,0.05,130.8,-9.49,1308803,-9.49,-9.49293,-2.19302,3.20698,-0.02092,0.01252,-0.01115,5.70009,8.46244,-64.57176
36.078928,-79.007982,11,0.02,130.8,-9.5,1309603,-9.5,-9.49592,-2.18106,3.20818,-0.02001,0.01451,-0.01405,6.62087,8.46244,-64.74715
36.078928,-79.007982,11,0.02,130.5,-9.47,1309803,-9.47,-9.4672,-2.20439,3.20399,-0.01817,0.01329,-0.00977,5.94855,8.11166,-64.7033
36.078928,-79.007982,11,0.12,130.5,-9.47,1310603,-9.47,-9.4684,-2.17807,3.17348,-0.01833,0.01405,-0.01161,6.08009,8.47705,-64.981
36.078928,-79.007982,11,0.12,130.4,-9.45,1310803,-9.45,-9.45165,-2.18285,3.22134,-0.01527,0.01145,-0.011,6.4601,9.01783,-64.51331
36.078927,-79.007981,11,0.05,130.4,-9.5,1311603,-9.5,-9.49532,-2.17867,3.21177,-0.01939,0.0113,-0.01298,6.00702,8.12628,-63.92868
36.078927,-79.007981,11,0.05,130.3,-9.49,1311803,-9.49,-9.48515,-2.19482,3.21416,-0.01787,0.01298,-0.01634,6.37241,8.30167,-64.33791
36.078926,-79.00798,11,0.0,130.3,-9.48,1312603,-9.48,-9.47558,-2.18883,3.15853,-0.01604,0.01634,-0.0113,6.21163,8.5209,-64.00175
36.078926,-79.00798,11,0.0,130.2,-9.47,1312803,-9.47,-9.47079,-2.18883,3.22792,-0.01802,0.01573,-0.01298,5.96317,8.62321,-63.75329
36.078925,-79.007978,11,0.02,130.2,-9.49,1313603,-9.49,-9.49113,-2.18764,3.20339,-0.01985,0.01344,-0.01206,5.37854,8.46244,-64.33791
36.078925,-79.007978,11,0.02,130,-9.48,1313803,-9.48,-9.47677,-2.18225,3.21715,-0.01176,0.0142,-0.01313,6.41625,8.34551,-64.981
36.078925,-79.007978,11,0.08,130,-9.47,1314603,-9.47,-9.47319,-2.19601,3.22253,-0.01894,0.01604,-0.00977,6.4601,8.55013,-64.36714
36.078925,-79.007978,11,0.08,129.9,-9.5,1314803,-9.5,-9.49592,-2.19721,3.17827,-0.02138,0.01329,-0.01252,6.44548,8.46244,-64.55714
36.078924,-79.007977,11,0.01,129.9,-9.49,1315603,-9.49,-9.48874,-2.21874,3.17348,-0.01695,0.01237,-0.01634,5.86086,8.08243,-64.14791
36.078924,-79.007977,11,0.01,129.8,-9.51,1315803,-9.51,-9.50968,-2.19422,3.20758,-0.01878,0.01665,-0.01161,5.96317,8.12628,-64.61561
36.078924,-79.007979,11,0.0,129.8,-9.48,1316603,-9.48,-9.48455,-2.20798,3.21416,-0.02214,0.01542,-0.01252,5.94855,7.95089,-64.87869
36.078924,-79.007979,11,0.0,129.7,-9.47,1316803,-9.47,-9.46541,-2.20379,3.21416,-0.01863,0.01634,-0.00962,6.10932,8.57936,-64.29407
36.078924,-79.007979,11,0.05,129.7,-9.47,1317603,-9.47,-9.469,-2.19661,3.23091,-0.02046,0.01359,-0.01084,6.21163,8.06782,-64.57176
36.078924,-79.007979,11,0.05,129.7,-9.34,1317803,-9.34,-9.34457,-2.18943,3.25484,-0.01619,0.01481,-0.01069,6.12394,8.37474,-64.74715
36.078923,-79.00798,11,0.05,129.7,-9.47,1318603,-9.47,-9.47319,-2.20319,3.18604,-0.01955,0.01237,-0.01374,5.8024,8.27244,-64.61561
36.078923,-79.00798,11,0.05,129.7,-9.42,1318803,-9.42,-9.42054,-2.15294,3.21954,-0.02077,0.00748,-0.01802,5.65624,7.87781,-64.60099
36.078925,-79.007983,11,0.07,129.7,-9.52,1319603,-9.52,-9.52104,-2.20798,3.21057,-0.01955,0.01695,-0.01176,6.56241,8.74013,-64.76176
36.078925,-79.007983,11,0.07,129.2,-9.53,1319803,-9.53,-9.52882,-2.21755,3.19741,-0.02138,0.02428,-0.01313,5.84624,8.49167,-64.82023
36.078927,-79.007985,11,0.03,129.2,-9.49,1320603,-9.49,-9.49053,-2.01535,3.18006,-0.02321,0.00046,-0.03696,6.35779,8.14089,-64.44022
36.078927,-79.007985,11,0.03,129.1,-9.46,1320803,-9.46,-9.45644,-2.19242,3.15254,-0.01924,0.00794,-0.01817,6.28471,7.99474,-65.0687
36.078926,-79.007984,11,0.08,129.1,-9.49,1321603,-9.49,-9.49352,-2.13141,3.20399,-0.01481,0.01741,0.01054,6.2701,8.78398,-64.60099
36.078926,-79.007984,11,0.08,129,-9.54,1321803,-9.54,-9.53839,-2.08056,3.22911,-0.01726,0.0029,-0.0223,5.96317,8.11166,-64.36714
36.078926,-79.007985,11,0.06,129,-9.47,1322603,-9.47,-9.4672,-2.14875,3.18245,-0.01634,0.0139,-0.01115,5.56855,7.57089,-65.02485
36.078926,-79.007985,11,0.06,129.1,-9.52,1322803,-9.52,-9.52343,-2.14397,3.25005,-0.01802,0.01619,-0.01084,6.50395,7.81935,-64.79099
36.078927,-79.007987,11,0.02,129.1,-9.5,1323603,-9.5,-9.5007,-2.16251,3.2327,-0.01436,0.01252,-0.01237,6.22625,8.09705,-65.59486
36.078927,-79.007987,11,0.02,129.3,-9.48,1323803,-9.48,-9.47857,-2.1332,3.23689,-0.01756,0.01084,-0.01268,6.4601,7.65858,-65.43409
36.078929,-79.007989,11,0.07,129.3,-9.5,1324603,-9.5,-9.50369,-2.14576,3.24706,-0.01863,0.01756,-0.01069,6.1824,7.87781,-65.21485
36.078929,-79.007989,11,0.07,129.4,-9.47,1324803,-9.47,-9.47079,-2.19601,3.21715,-0.0168,0.01726,0.00428,5.86086,8.15551,-65.36101
36.078929,-79.007989,11,0.06,129.4,-9.49,1325603,-9.49,-9.49173,-2.28993,3.19801,-0.01894,0.01588,-0.01038,5.81701,8.57936,-65.31716
36.078929,-79.007989,11,0.06,129.4,-9.48,1325803,-9.48,-9.47558,-2.08893,3.2339,-0.01848,0.01359,-0.01069,5.61239,7.90704,-64.67407
36.078929,-79.00799,11,0.03,129.4,-9.49,1326603,-9.49,-9.49113,-2.13859,3.23749,-0.01756,0.01817,-0.01313,6.38702,8.06782,-65.2587
36.078929,-79.00799,11,0.03,129.5,-9.5,1326803,-9.5,-9.5025,-2.12363,3.22493,-0.0197,0.01909,-0.01008,6.4601,7.57089,-65.28793
36.07893,-79.00799,11,0.02,129.5,-9.46,1327603,-9.46,-9.46481,-2.13978,3.22852,-0.02291,0.01466,-0.01756,6.31394,8.50628,-64.54253
36.07893,-79.00799,11,0.02,129.4,-9.48,1327803,-9.48,-9.48036,-2.12542,3.21236,-0.02016,0.01436,-0.00962,5.67086,8.22859,-65.27332
36.078931,-79.007991,11,0.03,129.4,-9.49,1328603,-9.49,-9.48694,-2.15175,3.35773,-0.02046,0.00916,-0.01252,6.41625,8.27244,-65.94563
36.078931,-79.007991,11,0.03,129.5,-9.49,1328803,-9.49,-9.49113,-2.14935,3.17647,-0.01909,0.01481,-0.01069,6.29933,8.44782,-64.36714
36.078931,-79.007991,11,0.02,129.5,-9.45,1329603,-9.45,-9.44926,-2.16192,3.22253,-0.01695,0.01054,-0.01161,6.32856,7.96551,-65.01023
36.078931,-79.007991,11,0.02,129.6,-9.48,1329803,-9.48,-9.47737,-2.16251,3.21954,-0.01817,0.01054,-0.00901,5.89009,7.65858,-65.09792
36.078932,-79.007992,11,0.02,129.6,-9.52,1330603,-9.52,-9.51626,-2.17388,3.22493,-0.02138,0.01298,-0.00779,6.47471,8.36013,-64.68869
36.078932,-79.007992,11,0.02,129.6,-9.47,1330803,-9.47,-9.469,-2.16132,3.22433,-0.01405,0.01588,-0.01344,6.29933,7.8632,-64.64484
36.078932,-79.007992,11,0.03,129.6,-9.49,1331603,-9.49,-9.49412,-2.15414,3.21655,-0.01619,0.0113,-0.00748,5.87547,8.84244,-65.05408
36.078932,-79.007992,10,0.03,129.5,-9.47,1331803,-9.47,-9.4666,-2.17388,3.23569,-0.01894,0.01405,-0.01145,6.08009,7.84858,-64.54253
36.078932,-79.007992,10,0.02,129.5,-9.46,1332603,-9.46,-9.46122,-2.12303,3.19801,-0.01817,0.0142,-0.01237,6.13856,7.73166,-64.76176
36.078932,-79.007992,10,0.02,129.6,-9.48,1332803,-9.48,-9.48096,-2.11645,3.20578,-0.01848,0.0142,-0.00764,5.83163,8.31628,-65.37562
36.078933,-79.007992,10,0.01,129.6,-9.55,1333603,-9.55,-9.54557,-2.20379,3.22194,-0.03161,0.02062,-0.05803,6.12394,7.71704,-65.12716
36.078933,-79.007992,10,0.01,129.6,-8.88,1333803,-8.88,-8.87677,-0.45643,4.9992,1.01663,3.38129,0.18295,7.96551,7.08857,-67.81643
36.078933,-79.007992,10,0.06,129.6,-8.3,1334603,-8.3,-8.30489,-1.99621,5.70269,-0.02688,0.00458,-0.01695,17.34873,7.19088,-75.69424
36.078933,-79.007992,10,0.06,129.6,-8.39,1334803,-8.39,-8.39163,-1.9669,5.71885,-0.02917,0.04246,-0.00855,17.74335,7.00088,-75.05116
36.078934,-79.007993,10,0.08,129.6,-8.31,1335603,-8.31,-8.31087,-1.9998,5.78345,-0.02016,0.0171,-0.00916,17.90412,7.3078,-75.97194
36.078934,-79.007993,10,0.08,129.6,-8.31,1335803,-8.31,-8.30908,-1.98903,5.74337,-0.01985,0.01558,-0.01023,17.87489,6.84011,-75.31424
36.078935,-79.007993,10,0.02,129.6,-8.31,1336603,-8.31,-8.30968,-2.00519,5.78166,-0.01863,0.01787,-0.01222,17.87489,7.19088,-75.29962
36.078935,-79.007993,10,0.02,129.7,-8.32,1336803,-8.32,-8.31566,-2.00519,5.79542,-0.01772,0.01802,-0.00809,18.03566,7.16165,-75.50423
36.078936,-79.007994,10,0.07,129.7,-8.35,1337603,-8.35,-8.34856,-1.99861,5.79063,-0.02046,0.01298,-0.01084,18.24028,6.94241,-74.80269
36.078936,-79.007994,10,0.07,129.7,-8.32,1337803,-8.32,-8.31745,-2.00937,5.77568,-0.02169,0.01497,-0.01176,17.86028,7.13242,-75.40193
36.078936,-79.007994,10,0.03,129.7,-8.3,1338603,-8.3,-8.30429,-2.00519,5.76192,-0.01542,0.0142,-0.01145,18.22567,7.41011,-74.91961
36.078936,-79.007994,11,0.03,129.6,-8.31,1338803,-8.31,-8.30968,-2.01057,5.81396,-0.02046,0.0168,-0.01237,18.28413,7.55627,-75.78194
36.078937,-79.007993,11,0.02,129.6,-8.31,1339603,-8.31,-8.30728,-2.01954,5.77209,-0.02107,0.01161,-0.01268,18.4449,6.75241,-75.76732
36.078937,-79.007993,11,0.02,129.6,-8.66,1339803,-8.66,-8.66022,-2.19601,5.74397,-0.01909,0.02505,-0.01451,18.57644,7.79012,-75.98655
36.078938,-79.007993,11,0.02,129.6,-8.25,1340603,-8.25,-8.24746,-2.0339,5.86959,-0.01924,0.0171,-0.01436,18.48874,7.74627,-76.22041
36.078938,-79.007993,11,0.02,129.5,-8.24,1340803,-8.24,-8.24447,-2.00758,5.88455,-0.02398,0.0197,-0.01206,18.50336,7.17626,-76.13271
36.078938,-79.007994,11,0.13,129.5,-8.18,1341603,-8.18,-8.17508,-1.97408,5.95394,-0.02535,0.0339,-0.0139,18.75183,6.95703,-77.43349
36.078938,-79.007994,11,0.13,129.6,-8.18,1341803,-8.18,-8.18046,-1.98544,6.01795,-0.01665,0.01649,-0.01084,18.95645,6.47471,-76.99503
36.078939,-79.007995,11,0.14,129.6,-8.09,1342603,-8.09,-8.09133,-1.96152,6.12323,-0.01756,0.01924,-0.01283,19.3803,6.7378,-77.84274
36.078939,-79.007995,11,0.14,129.6,-8.25,1342803,-8.25,-8.24746,-1.94596,6.11486,-0.02443,0.02092,-0.00748,19.68723,6.78164,-76.77579
36.078939,-79.007995,11,0.09,129.6,-7.9,1343603,-7.9,-7.9005,-1.94716,6.38405,-0.01145,0.06246,0.01023,19.87723,6.19702,-78.03274
36.078939,-79.007995,11,0.09,129.6,-7.92,1343803,-7.92,-7.91964,-1.92024,6.31406,-0.03558,0.02459,-0.01787,20.3157,6.08009,-77.85735
36.07894,-79.007996,11,0.03,129.6,-7.89,1344603,-7.89,-7.89332,-1.62293,6.48096,-0.01848,0.02169,-0.00855,21.54341,4.03391,-79.46507
36.07894,-79.007996,11,0.03,129.6,-7.87,1344803,-7.87,-7.87119,-1.64088,6.46481,-0.01619,0.02382,-0.01436,21.45571,4.48699,-77.7112
36.07894,-79.007996,11,0.08,129.6,-7.88,1345603,-7.88,-7.87598,-1.74257,6.4678,0.00076,0.01619,-0.00137,21.22186,5.61239,-79.12891
36.07894,-79.007996,11,0.08,129.7,-7.87,1345803,-7.87,-7.867,-1.7653,6.4666,-0.01817,0.01588,-0.01038,21.00263,5.21777,-79.12891
36.07894,-79.007997,11,0.01,129.7,-7.86,1346603,-7.86,-7.85683,-1.77667,6.46541,-0.03497,0.02443,-0.00641,20.85647,5.94855,-77.44811
36.07894,-79.007997,11,0.01,129.8,-7.87,1346803,-7.87,-7.86581,-1.78744,6.44148,-0.01023,0.01115,-0.01008,20.62263,5.62701,-78.67583
36.07894,-79.007998,11,0.12,129.8,-7.91,1347603,-7.91,-7.90708,-1.80419,6.44268,-0.05253,0.02398,-0.02443,21.22186,4.7793,-78.01812
36.07894,-79.007998,11,0.12,129.9,-7.93,1347803,-7.93,-7.92503,-1.72343,6.47139,-0.03558,0.01726,-0.01344,20.94417,4.98392,-78.19351
36.07894,-79.007998,11,0.05,129.9,-7.85,1348603,-7.85,-7.84906,-1.50927,6.55454,-0.12706,0.01985,-0.05605,21.60187,7.32242,-77.52119
36.07894,-79.007998,11,0.05,130,-7.9,1348803,-7.9,-7.90469,-1.47099,6.52762,0.02443,0.01848,0.00962,21.32417,3.55159,-78.82198
36.07894,-79.007998,11,0.02,130,-7.92,1349603,-7.92,-7.91546,-1.30887,6.5354,-0.03024,0.02138,-0.01405,21.61649,3.24467,-78.80737
36.07894,-79.007998,11,0.02,129.9,-7.85,1349803,-7.85,-7.84846,-1.35673,6.48515,-0.01833,0.01405,-0.01955,21.68956,3.01082,-78.69044
36.078941,-79.007998,11,0.05,129.9,-7.85,1350603,-7.85,-7.85384,-1.31904,6.64427,-0.01634,0.01329,-0.00764,21.99649,3.20082,-78.39812
36.078941,-79.007998,11,0.05,129.7,-7.84,1350803,-7.84,-7.83829,-1.32323,6.58804,-0.04765,0.01161,-0.01604,21.85034,2.95235,-78.2812
36.078941,-79.007997,11,0.08,129.7,-7.82,1351603,-7.82,-7.82393,-1.20299,6.58505,-0.0171,0.01772,-0.01283,22.20111,2.44081,-78.64659
36.078941,-79.007997,11,0.08,129.5,-7.81,1351803,-7.81,-7.81257,-1.19462,6.61376,-0.01359,0.01924,-0.01054,22.08418,3.25928,-78.14967
36.078941,-79.007997,11,0.13,129.5,-7.83,1352603,-7.83,-7.82632,-1.15035,6.64606,-0.0171,0.01772,-0.01329,22.25957,2.76235,-78.06197
36.078941,-79.007997,11,0.13,129.4,-7.81,1352803,-7.81,-7.81436,-1.14855,6.70589,-0.01604,0.01787,-0.01451,21.93803,2.20696,-78.83659
36.078941,-79.007997,11,0.1,129.4,-7.88,1353603,-7.88,-7.88435,-1.02532,6.65923,-0.03467,0.01283,-0.01588,22.58112,2.01695,-78.95352
36.078941,-79.007997,11,0.1,129.3,-7.79,1353803,-7.79,-7.78624,-1.03789,6.70409,-0.04536,0.01161,-0.03146,22.40573,1.82695,-78.99737
36.078941,-79.007997,11,0.1,129.3,-7.81,1354603,-7.81,-7.80718,0.05623,6.83629,-0.03528,0.04612,-0.17074,25.00731,-3.56621,-77.88658
36.078941,-79.007997,11,0.1,129.2,-7.48,1354803,-7.48,-7.47757,0.23569,6.83689,-0.31215,-0.02352,-0.30177,25.44578,-4.44315,-77.37504
36.078942,-79.007996,11,0.18,129.2,-8.46,1355603,-8.46,-8.46102,2.29651,5.19362,-0.00809,0.00015,-0.00336,22.14265,-12.23327,-71.04648
36.078942,-79.007996,11,0.18,129,-8.51,1355803,-8.51,-8.50529,2.25882,5.2337,-0.02474,0.00275,-0.011,22.21573,-12.05788,-70.40339
36.078943,-79.007996,11,0.06,129,-8.47,1356603,-8.47,-8.46999,2.27857,5.18704,-0.02031,0.01344,-0.01833,21.98188,-11.69249,-70.73955
36.078943,-79.007996,10,0.06,129,-8.5,1356803,-8.5,-8.49931,2.3013,5.15713,-0.01878,0.01619,-0.00779,21.98188,-11.57556,-70.44724
36.078944,-79.007996,10,0.12,129,-8.51,1357603,-8.51,-8.50708,2.30429,5.15952,-0.01878,0.01222,-0.01329,21.96726,-11.67787,-69.43876
36.078944,-79.007996,10,0.12,129,-8.49,1357803,-8.49,-8.48914,2.28455,5.21755,-0.02062,0.01344,-0.01191,21.83572,-11.92634,-69.90646
36.078944,-79.007997,10,0.02,129,-8.49,1358603,-8.49,-8.48794,2.27976,5.22772,-0.01909,0.01466,-0.01038,21.85034,-11.5171,-70.05262
36.078944,-79.007997,11,0.02,129,-8.48,1358803,-8.48,-8.48315,2.27438,5.18943,-0.01787,0.00916,-0.00947,21.80649,-11.92634,-71.0611
36.078945,-79.007997,11,0.02,129,-8.52,1359603,-8.52,-8.51905,2.31446,5.18584,-0.0197,0.01283,-0.01313,21.70418,-11.54633,-69.65799
36.078945,-79.007997,11,0.02,128.8,-8.51,1359803,-8.51,-8.51067,2.30848,5.17388,-0.01939,0.0142,-0.01222,22.14265,-11.86788,-69.97954
36.078946,-79.007998,11,0.06,128.8,-8.52,1360603,-8.52,-8.52383,2.33719,5.14756,-0.01344,0.01329,-0.01252,21.96726,-12.02865,-69.96492
36.078946,-79.007998,10,0.06,128.8,-8.43,1360803,-8.43,-8.43291,2.3324,5.11406,-0.01924,0.01329,-0.01206,22.04034,-11.64864,-71.13417
36.078947,-79.007998,10,0.05,128.8,-8.46,1361603,-8.46,-8.46461,2.35514,5.1691,-0.02184,0.01405,-0.01436,22.61035,-11.95557,-70.85648
36.078947,-79.007998,10,0.05,128.9,-8.46,1361803,-8.46,-8.46461,2.32642,5.20618,-0.01497,0.01588,-0.01359,22.12803,-12.07249,-70.63724
36.078947,-79.007999,10,0.03,128.9,-8.48,1362603,-8.48,-8.48136,2.33659,5.16012,-0.01909,0.01069,-0.01161,22.49342,-11.80941,-70.98801
36.078947,-79.007999,11,0.03,129,-8.48,1362803,-8.48,-8.48375,2.33539,5.18405,-0.01802,0.01726,-0.011,22.7565,-11.80941,-70.34493
36.078948,-79.008,11,0.03,129,-8.52,1363603,-8.52,-8.51606,2.32044,5.21516,-0.01374,0.02153,-0.00611,22.66881,-12.35019,-70.24262
36.078948,-79.008,11,0.03,128.9,-8.49,1363803,-8.49,-8.48674,2.31266,5.17687,-0.02367,0.01145,-0.01268,22.69804,-12.74481,-70.06723
36.078949,-79.008,11,0.05,128.9,-8.37,1364603,-8.37,-8.3665,2.51306,5.269,0,0.01115,-0.01542,23.18036,-12.61327,-69.95031
36.078949,-79.008,10,0.05,128.9,-8.42,1364803,-8.42,-8.41616,2.49153,5.26241,-0.01573,0.0142,-0.01069,22.99035,-12.36481,-70.27185
36.078949,-79.007998,10,0.32,128.9,-8.37,1365603,-8.37,-8.37129,2.49512,5.24387,-0.01497,0.01481,-0.01359,22.77112,-12.35019,-70.02338
36.078949,-79.007998,10,0.32,128.6,-8.39,1365803,-8.39,-8.39462,2.48255,5.26541,-0.01497,0.0142,-0.01252,23.09266,-12.81789,-70.43262
36.078949,-79.007997,10,0.17,128.6,-8.38,1366603,-8.38,-8.37847,2.56451,5.3007,-0.02031,0.0171,-0.0281,23.2242,-12.07249,-70.71032
36.078949,-79.007997,11,0.17,128.5,-8.37,1366803,-8.37,-8.36531,2.60279,5.25225,-0.01619,0.0168,-0.0142,23.73575,-12.70096,-71.14879
36.078949,-79.007996,11,0.02,128.5,-8.31,1367603,-8.31,-8.30908,2.67099,5.27917,-0.01863,0.01512,-0.01038,24.05729,-12.29173,-71.48495
36.078949,-79.007996,10,0.02,128.5,-8.27,1367803,-8.27,-8.269,2.62074,5.35035,-0.0223,0.0084,-0.01588,23.75036,-12.49635,-71.32417
36.07895,-79.007997,10,0.01,128.5,-8.23,1368603,-8.23,-8.23191,2.67039,5.3994,-0.0223,0.0255,-0.02718,24.2473,-13.1102,-72.05495
36.07895,-79.007997,10,0.01,128.7,-8.28,1368803,-8.28,-8.28156,2.68953,5.40359,-0.02169,0.01726,-0.01298,24.36422,-12.9202,-71.16341
36.078951,-79.007997,10,0.07,128.7,-8.33,1369603,-8.33,-8.33241,2.68475,5.40479,-0.00229,0.02016,-0.00519,24.39345,-12.35019,-70.38878
36.078951,-79.007997,10,0.07,128.8,-8.22,1369803,-8.22,-8.22473,2.67757,5.41017,-0.0168,0.04108,-0.04016,24.20345,-12.2625,-71.61649
36.07895,-79.007999,10,0.03,128.8,-8.18,1370603,-8.18,-8.17687,2.81875,5.52563,-0.02046,0,0.0058,25.48962,-12.61327,-71.4411
36.07895,-79.007999,10,0.03,129.1,-8.11,1370803,-8.11,-8.10629,2.78166,5.51725,-0.02123,0.00641,-0.0055,25.72347,-12.36481,-71.96726
36.078951,-79.007999,10,0.02,129.1,-8.16,1371603,-8.16,-8.16311,2.8002,5.44248,-0.01878,0.01008,-0.02001,25.41654,-13.1102,-71.70418
36.078951,-79.007999,10,0.02,129,-8.13,1371803,-8.13,-8.12662,2.81157,5.48495,-0.01542,0.01787,-0.01451,25.43116,-12.70096,-72.24496
36.078951,-79.008,10,0.06,129,-8.08,1372603,-8.08,-8.07937,2.93839,5.48914,-0.01374,0.02642,-0.03803,26.32271,-13.35867,-72.12804
36.078951,-79.008,10,0.06,129.2,-8.09,1372803,-8.09,-8.09133,2.89232,5.4993,-0.01023,0.00458,-0.01451,26.33733,-13.35867,-71.89418
36.078953,-79.008,10,0.02,129.2,-8.07,1373603,-8.07,-8.06501,2.89113,5.55613,-0.01512,0.01451,-0.01497,26.29348,-13.13943,-71.03186
36.078953,-79.008,10,0.02,129.1,-8.08,1373803,-8.08,-8.07757,2.9001,5.53161,-0.02107,0.01481,-0.01237,26.11809,-13.06635,-71.66033
36.078954,-79.007999,10,0.06,129.1,-8.02,1374603,-8.02,-8.01835,2.92882,5.51426,-0.02367,0.01634,-0.01252,26.54194,-13.18328,-71.20725
36.078954,-79.007999,10,0.06,129.1,-8.07,1374803,-8.07,-8.07398,2.94796,5.3659,-0.00962,0.01191,-0.01756,26.43964,-12.90558,-72.47881
36.078955,-79.007999,10,0.01,129.1,-7.9,1375603,-7.9,-7.89632,3.09153,5.68056,-0.02016,0.02062,-0.0336,27.40427,-13.16866,-72.31804
36.078955,-79.007999,11,0.01,129.3,-7.81,1375803,-7.81,-7.81436,3.07717,5.70927,-0.04123,0.01863,-0.0029,27.82812,-12.58404,-72.75651
36.078956,-79.007999,11,0.03,129.3,-8.06,1376603,-8.06,-8.05843,3.0012,5.49033,-0.0139,0.01481,-0.01176,26.36656,-13.3002,-72.24496
36.078956,-79.007999,10,0.03,129.2,-8.02,1376803,-8.02,-8.02074,3.00479,5.5005,-0.01909,0.01649,-0.00672,26.81964,-13.22713,-72.61035
36.078957,-79.007999,10,0.08,129.2,-8,1377603,-8,-7.9998,3.00479,5.55494,-0.00794,0.0562,-0.04139,26.73195,-12.89097,-72.40573
36.078957,-79.007999,10,0.08,129.4,-8.01,1377803,-8.01,-8.00997,3.01675,5.55853,-0.0171,0.01222,-0.01481,26.48348,-13.1979,-72.01111
36.078958,-79.007999,10,0.12,129.4,-7.77,1378603,-7.77,-7.7665,3.53719,5.8026,-0.07804,0.07407,-0.15012,29.45045,-14.14791,-71.47033
36.078958,-79.007999,10,0.12,129.3,-7.35,1378803,-7.35,-7.35195,3.90509,5.88694,-0.06124,0.02062,-0.10492,30.92663,-15.2587,-71.25109
36.078958,-79.007999,10,0.05,129.3,-7.07,1379603,-7.07,-7.06601,4.22333,5.98924,-0.0507,0.04872,-0.07468,33.17743,-16.12102,-72.68343
36.078958,-79.007999,11,0.05,129.3,-6.9,1379803,-6.9,-6.9027,4.25444,5.98325,-0.0058,0.08766,-0.00962,34.18591,-16.2964,-72.42035
36.078958,-79.007999,11,0.01,129.3,-6.79,1380603,-6.79,-6.79023,4.29631,6.15015,-0.04581,0.04887,-0.0394,35.4867,-16.70564,-72.15726
36.078958,-79.007999,10,0.01,129.5,-6.66,1380803,-6.66,-6.66222,4.49731,6.16929,-0.00825,0.00519,-0.00565,35.50132,-17.36334,-71.11955
36.078958,-79.007999,10,0.07,129.5,-6.68,1381603,-6.68,-6.68136,4.53978,6.18545,-0.02841,0.02932,-0.02474,35.99825,-17.45104,-71.55802
36.078958,-79.007999,9,0.07,129.7,-6.61,1381803,-6.61,-6.61077,4.62473,6.11306,-0.02062,0.00275,-0.03757,36.10056,-17.58258,-71.51418
36.078958,-79.008,9,0.03,129.7,-6.58,1382603,-6.58,-6.57787,4.77069,6.16212,-0.01665,0.0252,-0.02016,36.75826,-17.62642,-71.23648
36.078958,-79.008,9,0.03,129.9,-6.55,1382803,-6.55,-6.55215,4.78146,6.18066,-0.02245,0.00702,-0.01695,36.43671,-18.28413,-70.59339
36.078958,-79.008002,9,0.01,129.9,-6.44,1383603,-6.44,-6.44327,4.82812,6.17707,-0.02886,0.02459,-0.01481,36.58287,-17.87489,-70.56416
36.078958,-79.008002,9,0.01,130.3,-6.43,1383803,-6.43,-6.42772,4.80539,6.12862,-0.02275,0.01772,-0.01222,37.12365,-18.03566,-70.43262
36.078958,-79.008003,9,0.06,130.3,-6.46,1384603,-6.46,-6.46421,4.88196,6.14357,-0.01329,-0.05605,-0.01405,37.05057,-18.50336,-70.8857
36.078958,-79.008003,10,0.06,130.4,-6.47,1384803,-6.47,-6.47199,4.82154,6.16271,-0.01665,0.03009,-0.01145,36.74364,-18.57644,-71.20725
36.078959,-79.008004,10,0.02,130.4,-6.46,1385603,-6.46,-6.45883,4.82333,6.17169,-0.01817,0.02077,-0.0113,37.21134,-18.60567,-71.13417
36.078959,-79.008004,10,0.02,130.6,-6.47,1385803,-6.47,-6.47139,4.85982,6.14955,-0.02413,0.0307,-0.01374,36.83134,-18.69337,-71.64572
36.07896,-79.008004,10,0.15,130.6,-6.43,1386603,-6.43,-6.42951,4.90469,6.16032,-0.0139,0.01268,-0.01374,37.62058,-18.53259,-72.31804
36.07896,-79.008004,10,0.15,130.7,-6.41,1386803,-6.41,-6.40918,4.89272,6.18066,-0.02306,0.02352,-0.02642,37.67904,-18.29874,-72.50803
36.078961,-79.008005,10,0.09,130.7,-6.32,1387603,-6.32,-6.31885,4.95075,6.19861,-0.02321,0.02306,-0.02367,38.26367,-18.51798,-70.59339
36.078961,-79.008005,10,0.09,130.9,-6.34,1387803,-6.34,-6.3356,4.97169,6.17528,-0.02382,0.02306,-0.0255,37.91289,-18.64952,-70.41801
36.078963,-79.008008,10,0.07,130.9,-6.22,1388603,-6.22,-6.22254,5.04228,6.12144,-0.02291,0.01481,-0.01542,38.68752,-19.26337,-71.49957
36.078963,-79.008008,10,0.07,131.1,-6.24,1388803,-6.24,-6.24347,5.11227,6.17827,-0.02443,0.01817,-0.0139,38.40982,-19.27799,-70.18416
36.078964,-79.008009,10,0.02,131.1,-5.66,1389603,-5.66,-5.66261,5.04467,6.05324,-0.0252,0.10217,-0.02566,39.53522,-19.30722,-71.20725
36.078964,-79.008009,10,0.02,131.3,-5.98,1389803,-5.98,-5.97667,5.20618,6.39841,0.00382,0.05773,-0.00626,39.97369,-18.60567,-70.38878
36.078964,-79.008011,10,0.06,131.3,-6.09,1390603,-6.09,-6.08794,5.07578,6.29671,-0.01436,0.01344,-0.00993,39.18445,-19.35107,-71.93803
36.078964,-79.008011,10,0.06,131.4,-6.01,1390803,-6.01,-6.00718,5.04347,6.38585,-0.01252,-0.01222,-0.01298,39.03829,-18.37182,-71.51418
36.078966,-79.008012,10,0.12,131.4,-6.13,1391603,-6.13,-6.1346,4.91426,6.27338,-0.01665,0.01542,-0.00947,39.09676,-18.82491,-71.35341
36.078966,-79.008012,11,0.12,131.5,-6.18,1391803,-6.18,-6.17767,5.07877,6.30808,-0.02107,0.0029,0.02107,39.00906,-19.27799,-71.01725
36.078967,-79.008013,11,0.05,131.5,-6.16,1392603,-6.16,-6.15972,5.13978,6.17647,-0.02764,0.0171,-0.01802,39.08214,-19.32183,-69.99415
36.078967,-79.008013,11,0.05,131.6,-6.11,1392803,-6.11,-6.11366,5.2026,6.18545,-0.0171,0.01329,-0.03146,39.18445,-19.78954,-69.77492
36.078967,-79.008014,11,0.02,131.6,-6.11,1393603,-6.11,-6.10708,5.22413,6.2345,-0.02413,0.01695,-0.01665,39.50599,-20.00877,-70.72494
36.078967,-79.008014,11,0.02,131.7,-6.07,1393803,-6.07,-6.07119,5.24567,6.23629,-0.01772,0.01222,-0.0113,39.03829,-19.26337,-70.5057
36.078969,-79.008016,11,0.14,131.7,-6,1394603,-6,-6.00419,5.29412,6.18365,-0.0252,0.01878,-0.01833,39.38907,-20.18416,-70.9734
36.078969,-79.008016,11,0.14,132,-6.03,1394803,-6.03,-6.02932,5.29891,6.19921,-0.01939,0.01161,-0.01955,39.40368,-19.96492,-70.1403
36.07897,-79.008018,11,0.03,132,-5.96,1395603,-5.96,-5.96232,5.35215,6.20339,-0.02275,0.01191,-0.01527,39.75446,-21.09032,-70.81263
36.07897,-79.008018,11,0.03,132.2,-5.93,1395803,-5.93,-5.92642,5.40539,6.18724,-0.02123,0.02169,-0.0197,39.90061,-20.68109,-70.53493
36.078971,-79.008018,11,0.0,132.2,-6,1396603,-6,-6.00479,5.47059,5.97907,-0.06277,0.01527,-0.02107,39.886,-21.00263,-69.62876
36.078971,-79.008018,11,0.0,132.2,-5.93,1396803,-5.93,-5.92882,5.51845,6.06042,-0.06704,0.05101,-0.02062,40.11985,-22.02572,-69.04414
36.078972,-79.008019,11,0.06,132.2,-5.73,1397603,-5.73,-5.72722,5.71286,6.10708,-0.08506,0.07972,-0.01909,41.42064,-22.85881,-68.53259
36.078972,-79.008019,11,0.06,132.3,-5.62,1397803,-5.62,-5.62014,5.96471,6.0006,-0.02886,0.02337,-0.0226,41.97603,-23.01958,-68.07951
36.078972,-79.008021,11,0.05,132.3,-5.62,1398603,-5.62,-5.62373,5.85643,6.06162,-0.02841,0.02275,-0.0168,42.1368,-23.38498,-68.59105
36.078972,-79.008021,11,0.05,132.6,-5.55,1398803,-5.55,-5.55494,5.94856,6.11546,-0.06765,0.09453,-0.02092,42.53143,-23.53113,-67.62642
36.078973,-79.008023,11,0.05,132.6,-5.46,1399603,-5.46,-5.46102,5.92224,6.09093,-0.02016,0.00504,-0.0142,42.22449,-24.01345,-67.58258
36.078973,-79.008023,11,0.05,133,-5.49,1399803,-5.49,-5.49392,5.93659,6.09332,-0.01939,0.00993,-0.01604,42.23911,-23.92575,-67.59719
36.078973,-79.008024,11,0.09,133,-5.44,1400603,-5.44,-5.44307,5.96411,6.1011,-0.01985,0.0055,-0.00977,42.70681,-23.88191,-68.83952
36.078973,-79.008024,11,0.09,133.2,-5.44,1400803,-5.44,-5.43709,5.98624,6.04666,-0.02337,0.0026,-0.05101,42.67758,-23.72113,-68.09412
36.078974,-79.008025,11,0.07,133.2,-5.27,1401603,-5.27,-5.27438,6.01077,6.0999,-0.02841,-0.03009,0.02214,43.67144,-24.14499,-67.2318
36.078974,-79.008025,11,0.07,133.3,-5.36,1401803,-5.36,-5.35992,6.0006,6.12204,-0.02138,0.01909,-0.00855,43.24759,-24.26191,-67.96259
36.078974,-79.008025,11,0.02,133.3,-5.36,1402603,-5.36,-5.36411,6.04128,6.08674,-0.02046,0.01191,-0.01283,43.91991,-23.7796,-67.34873
36.078974,-79.008025,11,0.02,133.5,-5.35,1402803,-5.35,-5.34557,6.03171,6.0676,-0.02275,0.02199,-0.01359,43.75914,-24.11576,-67.59719
36.078974,-79.008026,11,0.08,133.5,-5.33,1403603,-5.33,-5.32583,6.05863,6.14417,-0.02138,0.01405,-0.00779,43.74452,-24.27653,-67.8895
36.078974,-79.008026,11,0.08,133.8,-5.3,1403803,-5.3,-5.3007,6.04606,6.1352,-0.01939,0.01542,-0.01313,44.08068,-23.79421,-67.77258
36.078974,-79.008026,11,0.05,133.8,-5.28,1404603,-5.28,-5.27617,6.04965,6.1352,-0.01298,0.02734,-0.0113,43.5399,-23.98421,-68.21105
36.078974,-79.008026,10,0.05,133.9,-5.31,1404803,-5.31,-5.30728,6.0341,6.12742,-0.01756,0.00916,-0.00794,43.67144,-23.79421,-67.9772
36.078973,-79.008026,10,0.01,133.9,-5.3,1405603,-5.3,-5.29771,5.97727,6.15972,-0.01619,0.0142,-0.00702,43.62759,-23.34113,-67.10027
36.078973,-79.008026,10,0.01,134,-5.36,1405803,-5.36,-5.36291,5.97847,6.11306,-0.01909,-0.01604,0.00214,42.79451,-23.60421,-68.85413
36.078973,-79.008027,10,0.06,134,-5.31,1406603,-5.31,-5.30549,5.97607,6.15374,-0.0142,0.01588,-0.00535,43.64221,-23.19497,-67.20258
36.078973,-79.008027,10,0.06,134.5,-5.34,1406803,-5.34,-5.33719,5.99103,6.14656,-0.01634,0.01038,-0.00977,43.65683,-23.85267,-68.34259
36.078972,-79.008028,10,0.05,134.5,-5.29,1407603,-5.29,-5.29173,5.97249,6.17408,-0.01588,0.00489,-0.00596,43.52528,-23.67729,-67.77258
36.078972,-79.008028,10,0.05,134.9,-5.34,1407803,-5.34,-5.34497,5.93599,6.14058,-0.02169,0.00061,-0.00397,43.36451,-23.95498,-67.61181
36.078972,-79.008029,10,0.03,134.9,-5.39,1408603,-5.39,-5.38744,5.95095,6.15972,-0.01802,0.0087,-0.01588,43.40836,-23.6919,-68.19643
36.078972,-79.008029,9,0.03,135.1,-5.37,1408803,-5.37,-5.37428,5.97667,6.13041,-0.01604,0.01848,-0.02169,43.58375,-23.94037,-68.12336
36.078972,-79.008029,9,0.03,135.1,-5.36,1409603,-5.36,-5.35992,5.97548,6.13879,-0.01955,0.01206,-0.01344,43.29144,-23.6919,-67.99181
36.078972,-79.008029,9,0.03,135.1,-5.51,1409803,-5.51,-5.51127,5.99043,6.12264,-0.01955,0.0142,-0.01359,43.08682,-23.66267,-68.10873
36.078972,-79.00803,9,0.09,135.1,-5.37,1410603,-5.37,-5.36531,5.98804,6.1346,-0.02275,0.00977,-0.01283,42.94066,-23.63344,-67.42181
36.078972,-79.00803,9,0.09,135.3,-5.33,1410803,-5.33,-5.32583,5.99342,6.11067,-0.01573,0.01451,-0.01329,43.39374,-23.67729,-68.73721
36.078972,-79.008031,9,0.02,135.3,-5.34,1411603,-5.34,-5.34437,6.01974,6.11725,-0.01802,0.01313,-0.01481,43.0722,-23.7796,-68.0649
36.078972,-79.008031,9,0.02,135.6,-5.31,1411803,-5.31,-5.30967,5.9994,6.11725,-0.01863,0.01772,-0.01817,43.80298,-23.80883,-67.71412
36.078971,-79.008034,9,0.05,135.6,-5.31,1412603,-5.31,-5.31266,6.00838,6.11247,-0.02291,0.02001,-0.00916,43.33528,-24.26191,-68.85413
36.078971,-79.008034,10,0.05,136.2,-5.31,1412803,-5.31,-5.31147,6.01735,6.18425,-0.02734,0.03619,-0.02718,43.05759,-23.95498,-68.4449
36.078971,-79.008037,10,0.03,136.2,-5.35,1413603,-5.35,-5.35035,5.93839,6.2016,-0.01848,0.01176,-0.00855,43.67144,-23.39959,-68.43028
36.078971,-79.008037,10,0.03,136.8,-5.31,1413803,-5.31,-5.31266,5.93839,6.20878,-0.0168,0.01038,-0.01115,44.03683,-23.91114,-67.33411
36.078971,-79.008039,10,0.05,136.8,-5.66,1414603,-5.66,-5.65962,5.68355,6.12682,0.0675,-0.06658,0.0982,42.57527,-22.85881,-69.04414
36.078971,-79.008039,11,0.05,137.3,-5.67,1414803,-5.67,-5.66561,5.67398,6.28116,-0.01619,0.01924,-0.02138,41.84449,-22.21573,-68.94183
36.078973,-79.008042,11,0.07,137.3,-5.63,1415603,-5.63,-5.6345,5.64527,6.26441,-0.02459,0.07285,-0.0336,41.96141,-21.83572,-68.67875
36.078973,-79.008042,11,0.07,137.4,-5.55,1415803,-5.55,-5.54716,5.65603,6.25185,-0.00199,0.01374,0.00473,41.81526,-22.01111,-68.57644
36.078974,-79.008042,11,0.06,137.4,-5.88,1416603,-5.88,-5.88395,5.38385,6.20878,-0.01268,0.0171,-0.03314,40.52908,-21.14879,-69.90646
36.078974,-79.008042,11,0.06,137.5,-5.93,1416803,-5.93,-5.9342,5.21037,6.21117,-0.01481,0.01436,-0.02062,40.38293,-21.09032,-70.05262
36.078974,-79.008043,11,0.02,137.5,-5.9,1417603,-5.9,-5.89891,5.42453,6.24646,-0.01313,0.00076,-0.01497,40.60216,-21.33879,-69.16106
36.078974,-79.008043,11,0.02,137.5,-5.86,1417803,-5.86,-5.86122,5.45504,6.22254,-0.01802,0.01665,-0.02062,39.95908,-20.90032,-69.71646
36.078975,-79.008044,11,0.1,137.5,-5.83,1418603,-5.83,-5.82892,5.44427,6.23031,-0.01909,0.02214,-0.0171,40.5437,-20.63724,-69.16106
36.078975,-79.008044,11,0.1,137.4,-5.87,1418803,-5.87,-5.86959,5.47538,6.20878,-0.02321,0.0223,-0.01268,40.45601,-21.30956,-68.43028
36.078976,-79.008045,11,0.07,137.4,-5.8,1419603,-5.8,-5.8014,5.49871,6.18664,-0.01955,-0.01268,0.01161,40.7337,-22.0988,-68.78106
36.078976,-79.008045,11,0.07,137.4,-5.83,1419803,-5.83,-5.8331,5.48315,6.2022,-0.02917,0.0168,-0.0113,40.39754,-21.14879,-69.30722
36.078977,-79.008045,11,0.08,137.4,-5.69,1420603,-5.69,-5.69073,5.60638,6.19382,-0.02214,0.02642,-0.01802,41.2891,-21.4411,-68.34259
36.078977,-79.008045,11,0.08,137.3,-5.71,1420803,-5.71,-5.70987,5.61177,6.14836,-0.02275,0.01115,-0.01313,41.44987,-21.49956,-69.42415
36.078978,-79.008046,11,0.01,137.3,-5.64,1421603,-5.64,-5.64287,5.50768,6.22852,-0.02932,0.0788,-0.03161,41.30371,-21.55802,-68.76644
36.078978,-79.008046,11,0.01,137.3,-5.68,1421803,-5.68,-5.68116,5.47837,6.29432,-0.06292,0.12553,-0.14462,41.6691,-22.12803,-69.00029
36.078979,-79.008046,11,0.01,137.3,-5.77,1422603,-5.77,-5.77089,5.46281,6.42174,0.02092,-0.00351,0.01878,41.50833,-21.09032,-68.32797
36.078979,-79.008046,11,0.01,137.1,-5.94,1422803,-5.94,-5.94377,5.32762,6.35354,0.02886,-0.02291,0.03329,41.43525,-21.04648,-69.2926
36.07898,-79.008047,11,0.09,137.1,-4.74,1423603,-4.74,-4.73779,6.08794,6.18664,0.00351,0.08384,-0.09484,45.48378,-24.97808,-66.77872
36.07898,-79.008047,11,0.09,137,-5.03,1423803,-5.03,-5.03151,6.03051,6.19263,-0.01176,0.01726,-0.07483,46.03917,-24.75884,-67.11488
36.078981,-79.008048,11,0.05,137,-4.82,1424603,-4.82,-4.82273,6.21595,6.2339,-0.01939,0.00321,-0.03803,45.26454,-24.91961,-67.02719
36.078981,-79.008048,10,0.05,137.1,-4.87,1424803,-4.87,-4.8682,6.26082,6.28475,-0.02382,0.01527,-0.01359,45.83455,-25.60655,-66.98334
36.078981,-79.008048,10,0.0,137.1,-4.84,1425603,-4.84,-4.84128,6.34457,6.20579,-0.01451,0.00046,-0.00962,45.64455,-25.3727,-65.75563
36.078981,-79.008048,10,0.0,137.1,-4.81,1425803,-4.81,-4.81376,6.34218,6.2016,-0.01985,0.06109,-0.03543,46.02456,-24.89038,-65.81409
36.078981,-79.008048,10,0.07,137.1,-4.74,1426603,-4.74,-4.74437,6.36969,6.2004,-0.02123,0.05437,-0.03986,45.96609,-25.43116,-66.58871
36.078981,-79.008048,11,0.07,137,-4.74,1426803,-4.74,-4.74317,6.30928,6.2333,-0.02184,-0.01283,0.02779,46.41918,-25.94271,-67.08565
36.078981,-79.008048,11,0.02,137,-4.75,1427603,-4.75,-4.74557,6.38166,6.2351,-0.01665,0.00321,-0.01512,45.99532,-25.63578,-65.75563
36.078981,-79.008048,11,0.02,137,-4.72,1427803,-4.72,-4.72403,6.35833,6.24347,-0.01833,0.03986,-0.03161,46.37533,-25.76732,-65.36101
36.078982,-79.008047,11,0.08,137,-4.72,1428603,-4.72,-4.71865,6.37927,6.26979,-0.01649,0.00672,-0.00932,46.21456,-25.44578,-66.16486
36.078982,-79.008047,11,0.08,136.9,-4.73,1428803,-4.73,-4.72582,6.36371,6.23031,-0.01848,0.01054,-0.00947,46.02456,-25.72347,-66.92487
36.078981,-79.008047,11,0.07,136.9,-4.73,1429603,-4.73,-4.7342,6.35952,6.23271,-0.0168,0.01772,-0.011,46.98919,-25.48962,-66.79333
36.078981,-79.008047,11,0.07,136.9,-4.76,1429803,-4.76,-4.75873,6.35235,6.2686,-0.01817,0.01833,-0.01573,46.08302,-25.82578,-66.17948
36.078982,-79.008047,11,0.1,136.9,-4.72,1430603,-4.72,-4.72224,6.3673,6.21296,-0.0171,-0.0026,-0.0055,46.30225,-25.60655,-66.41333
36.078982,-79.008047,11,0.1,136.9,-4.76,1430803,-4.76,-4.75633,6.36252,6.22612,-0.02046,0.02871,-0.01069,46.22917,-25.67963,-66.53025
36.078982,-79.008047,11,0.06,136.9,-4.66,1431603,-4.66,-4.66421,6.34935,6.23271,-0.02199,0.01833,-0.01176,46.37533,-25.8404,-66.76411
36.078982,-79.008047,11,0.06,137,-4.71,1431803,-4.71,-4.71446,6.37747,6.21237,-0.02092,0.01817,-0.01145,46.55072,-25.27039,-65.81409
36.078982,-79.008047,11,0.02,137,-4.71,1432603,-4.71,-4.70668,6.35474,6.22074,-0.01268,0.05589,-0.03039,46.05378,-25.89886,-66.17948
36.078982,-79.008047,11,0.02,137.1,-4.73,1432803,-4.73,-4.72882,6.42293,6.29133,-0.02398,-0.02169,0.0223,45.95148,-26.2204,-66.13564
36.078982,-79.008047,11,0.02,137.1,-4.75,1433603,-4.75,-4.74676,6.35833,6.21835,-0.02214,0.0055,-0.00214,45.71763,-25.76732,-66.20871
36.078982,-79.008047,10,0.02,137.1,-4.75,1433803,-4.75,-4.75394,6.35833,6.21954,-0.02031,0.01145,-0.01084,46.11225,-25.53347,-65.98948
36.078981,-79.008048,10,0.06,137.1,-4.74,1434603,-4.74,-4.73599,6.35952,6.24467,-0.02031,0.0197,-0.01665,45.6884,-25.78193,-65.17101
36.078981,-79.008048,10,0.06,137.4,-4.78,1434803,-4.78,-4.78325,6.37268,6.21117,-0.02443,0.0168,-0.01298,45.96609,-25.34347,-65.31716
36.07898,-79.008047,10,0.05,137.4,-4.72,1435603,-4.72,-4.71506,6.4349,6.2357,-0.01772,0.05925,-0.04887,45.80532,-25.85501,-66.13564
36.07898,-79.008047,10,0.05,137.3,-4.73,1435803,-4.73,-4.72882,6.40678,6.18844,-0.02245,0.00641,-0.00015,45.46916,-25.63578,-66.83718
36.07898,-79.008047,10,0.0,137.3,-4.69,1436603,-4.69,-4.68874,6.41755,6.21655,-0.02214,0.02107,-0.02367,45.96609,-25.82578,-65.68255
36.07898,-79.008047,10,0.0,137.2,-4.66,1436803,-4.66,-4.65524,6.42174,6.22014,-0.02306,0.01787,-0.01008,45.61532,-25.91348,-66.3841
36.07898,-79.008046,10,0.17,137.2,-4.65,1437603,-4.65,-4.64626,6.39661,6.23629,-0.01909,0.00932,-0.00626,46.33148,-26.16194,-66.36948
36.07898,-79.008046,10,0.17,137.1,-4.64,1437803,-4.64,-4.63908,6.41695,6.19083,-0.01573,0.03207,-0.02107,46.19994,-26.48348,-66.93949
36.078979,-79.008045,10,0.12,137.1,-4.58,1438603,-4.58,-4.57627,6.46959,6.25065,-0.01604,0.02169,-0.01573,46.40456,-26.83426,-65.97486
36.078979,-79.008045,10,0.12,137,-4.56,1438803,-4.56,-4.56491,6.43669,6.2668,-0.01985,0.01878,-0.0026,46.91611,-26.98042,-66.3841
36.078979,-79.008044,10,0.01,137,-4.45,1439603,-4.45,-4.44945,6.39661,6.18006,-0.0252,0.01191,0.01313,47.13534,-26.9658,-66.22333
36.078979,-79.008044,10,0.01,136.9,-4.62,1439803,-4.62,-4.62473,6.47917,6.28475,-0.01405,0.07193,-0.0452,46.98919,-26.58579,-65.59486
36.078979,-79.008045,10,0.03,136.9,-4.56,1440603,-4.56,-4.55952,6.38405,6.22852,-0.02153,0.0252,-0.00947,46.8138,-26.98042,-65.14177
36.078979,-79.008045,10,0.03,136.9,-4.63,1440803,-4.63,-4.62951,6.3996,6.19322,-0.02352,-0.01955,0.01359,46.59456,-26.84887,-64.58638
36.078979,-79.008044,10,0.12,136.9,-4.56,1441603,-4.56,-4.56251,6.45703,6.22134,-0.01619,0.02138,-0.03085,46.21456,-26.48348,-65.58024
36.078979,-79.008044,10,0.12,136.8,-4.63,1441803,-4.63,-4.63131,6.44686,6.2339,-0.0226,0.02275,-0.01481,46.95995,-26.76118,-65.37562
36.078979,-79.008043,10,0.1,136.8,-4.61,1442603,-4.61,-4.61336,6.469,6.25544,-0.01619,0.01512,-0.0113,47.12073,-26.65887,-65.17101
36.078979,-79.008043,10,0.1,136.7,-4.57,1442803,-4.57,-4.57149,6.46541,6.24287,-0.01695,0.01512,-0.01161,47.33996,-26.60041,-64.48407
36.078979,-79.008043,10,0.07,136.7,-4.58,1443603,-4.58,-4.57747,6.45643,6.29073,-0.02153,-0.01191,0.02001,46.75533,-26.81964,-65.4487
36.078979,-79.008043,10,0.07,136.6,-4.52,1443803,-4.52,-4.52363,6.45464,6.21057,-0.01909,-0.00458,-0.01023,46.44841,-27.08272,-64.981
36.078979,-79.008043,10,0.1,136.6,-4.53,1444603,-4.53,-4.52782,6.55275,6.18963,-0.00809,0.07834,-0.06109,47.51535,-26.79041,-64.65946
36.078979,-79.008043,10,0.1,136.6,-4.48,1444803,-4.48,-4.48355,6.52523,6.16989,-0.02596,-0.04337,0.02566,47.06226,-26.98042,-64.63022
36.078979,-79.008043,10,0.03,136.6,-4.58,1445603,-4.58,-4.58285,6.51745,6.15374,-0.01497,0.00061,-0.00825,46.49226,-27.72581,-65.90178
36.078979,-79.008043,10,0.03,136.6,-4.58,1445803,-4.58,-4.57687,6.54796,6.18545,-0.01741,0.01497,-0.01069,46.60918,-27.56504,-65.34639
36.078979,-79.008042,10,0.09,136.6,-4.5,1446603,-4.5,-4.50389,6.50848,6.14896,-0.01344,0.03696,-0.03818,46.36071,-27.17042,-64.87869
36.078979,-79.008042,10,0.09,136.7,-4.6,1446803,-4.6,-4.60379,6.52762,6.12921,-0.02077,0.01558,0.00275,46.31686,-27.06811,-65.41946
36.078979,-79.008042,10,0.07,136.7,-4.69,1447603,-4.69,-4.68993,6.58086,6.15972,-0.03268,0.02886,-0.01069,46.08302,-27.41888,-65.41946
36.078979,-79.008042,10,0.07,136.8,-4.69,1447803,-4.69,-4.68515,6.57249,6.14477,-0.01359,0.02062,-0.01985,46.60918,-27.2435,-65.58024
36.078979,-79.008041,10,0.06,136.8,-4.47,1448603,-4.47,-4.468,6.53719,6.19263,-0.00565,0.05742,-0.03757,47.09149,-26.92195,-64.92254
36.078979,-79.008041,10,0.06,136.6,-4.48,1448803,-4.48,-4.48236,6.55035,6.22313,-0.01848,0.00932,-0.01634,47.04765,-26.71733,-65.90178
36.078979,-79.00804,10,0.07,136.6,-4.56,1449603,-4.56,-4.56072,6.57667,6.1358,-0.01756,0.01924,-0.0084,46.37533,-26.83426,-65.33177
36.078979,-79.00804,10,0.07,136.5,-4.55,1449803,-4.55,-4.54756,6.52702,6.09572,-0.02153,-0.00428,0.02352,46.84303,-27.6235,-65.60947
36.078978,-79.00804,10,0.01,136.5,-4.58,1450603,-4.58,-4.57568,6.55035,6.15255,-0.02001,0.0197,-0.00947,46.59456,-27.36042,-64.86407
36.078978,-79.00804,10,0.01,136.5,-4.6,1450803,-4.6,-4.59781,6.57189,6.15494,-0.01817,0.00993,-0.00779,46.36071,-27.31657,-65.79948
36.078978,-79.008039,10,0.05,136.5,-4.46,1451603,-4.46,-4.46202,6.57129,6.17887,-0.02046,0.01298,-0.01023,46.95995,-27.55042,-65.72639
36.078978,-79.008039,10,0.05,136.4,-4.4,1451803,-4.4,-4.40279,6.52882,6.1681,-0.01558,0.00519,-0.00932,46.78456,-26.89272,-65.66793
36.078978,-79.008038,10,0.02,136.4,-4.45,1452603,-4.45,-4.45125,6.57009,6.19442,-0.0223,0.01619,-0.00947,47.07688,-27.60889,-64.87869
36.078978,-79.008038,10,0.02,136.2,-4.49,1452803,-4.49,-4.49432,6.58804,6.23271,-0.01802,0.0168,-0.0113,46.69687,-27.02426,-65.53639
36.078978,-79.008038,10,0.05,136.2,-4.45,1453603,-4.45,-4.44706,6.61855,6.19263,-0.02092,0.01252,-0.0113,47.23765,-27.34581,-65.37562
36.078978,-79.008038,10,0.05,136.1,-4.58,1453803,-4.58,-4.57747,6.51685,6.20638,-0.02077,-0.00641,-0.00336,47.54458,-27.06811,-64.67407
36.078979,-79.008038,10,0.09,136.1,-4.45,1454603,-4.45,-4.44886,6.49831,6.11845,-0.01787,0.01237,-0.00962,47.10611,-27.21426,-64.26483
36.078979,-79.008038,10,0.09,135.9,-4.51,1454803,-4.51,-4.50868,6.62632,6.11546,-0.02077,0.00321,-0.01252,47.79304,-26.73195,-64.63022
36.078979,-79.008037,10,0.02,135.9,-4.45,1455603,-4.45,-4.45364,6.52583,6.16212,-0.0168,0.02306,-0.02184,47.29611,-27.08272,-64.68869
36.078979,-79.008037,9,0.02,135.7,-4.45,1455803,-4.45,-4.45304,6.59043,6.21536,-0.01802,0.00718,-0.00565,47.48611,-27.17042,-64.49869
36.078978,-79.008038,9,0.1,135.7,-4.46,1456603,-4.46,-4.45902,6.61556,6.19023,-0.01558,0.01817,-0.01374,47.69073,-27.17042,-65.39024
36.078978,-79.008038,9,0.1,135.7,-4.44,1456803,-4.44,-4.44048,6.59043,6.1675,-0.02138,0.01374,-0.00947,47.7492,-27.06811,-65.56562
36.078978,-79.008039,9,0.03,135.7,-4.42,1457603,-4.42,-4.42194,6.58146,6.19442,-0.01359,0.01619,-0.0113,47.50073,-27.55042,-64.87869
36.078978,-79.008039,10,0.03,135.8,-4.43,1457803,-4.43,-4.42672,6.58206,6.21715,-0.01619,0.01359,-0.01359,47.31073,-26.62964,-65.72639
36.078978,-79.008042,10,0.17,135.8,-4.46,1458603,-4.46,-4.46441,6.6012,6.19382,-0.02321,-0.00702,-0.01069,47.99766,-26.9658,-64.95177
36.078978,-79.008042,10,0.17,136.2,-4.93,1458803,-4.93,-4.9328,6.29312,7.40698,0.1544,0.14905,-0.32651,47.54458,-26.93657,-65.31716
36.078978,-79.008042,10,0.1,136.2,-4.57,1459603,-4.57,-4.57149,6.61855,6.20519,-0.01619,0.01634,-0.01191,47.16457,-27.17042,-64.83485
36.078978,-79.008042,10,0.1,136.2,-4.41,1459803,-4.41,-4.41356,6.58505,6.20579,-0.01695,0.01329,-0.01481,47.54458,-26.65887,-65.36101
36.078978,-79.008043,10,0.09,136.2,-4.43,1460603,-4.43,-4.42852,6.58684,6.20698,-0.0171,0.0197,-0.01222,47.64688,-26.98042,-64.44022
36.078978,-79.008043,10,0.09,136.2,-4.44,1460803,-4.44,-4.44048,6.60299,6.15913,-0.01634,0.01558,-0.00977,47.98305,-26.84887,-64.39638
36.078978,-79.008043,10,0.13,136.2,-4.44,1461603,-4.44,-4.43928,6.59821,6.2016,-0.02001,0.01405,-0.01145,47.3838,-26.92195,-65.741
36.078978,-79.008043,10,0.13,136.2,-4.41,1461803,-4.41,-4.41356,6.61077,6.22792,-0.01985,0.01649,-0.01069,48.04151,-26.45425,-64.96638
36.07898,-79.008043,10,0.07,136.2,-4.44,1462603,-4.44,-4.43928,6.59163,6.18246,-0.02169,0.01558,-0.01176,47.71996,-26.95119,-65.02485
36.07898,-79.008043,10,0.07,136.2,-4.41,1462803,-4.41,-4.40698,6.61615,6.18305,-0.01955,0.01588,-0.01038,47.80766,-27.02426,-65.60947
36.078982,-79.008044,10,0.13,136.2,-4.43,1463603,-4.43,-4.42792,6.5665,6.20459,-0.01649,0.011,-0.01084,47.32534,-26.86349,-65.69717
36.078982,-79.008044,10,0.13,136.4,-4.43,1463803,-4.43,-4.43211,6.59761,6.18425,-0.01848,0.01512,-0.011,47.95382,-26.92195,-65.69717
36.078982,-79.008045,10,0.06,136.4,-4.43,1464603,-4.43,-4.43091,6.60539,6.19921,-0.01756,0.01802,-0.01237,47.76381,-26.95119,-65.94563
36.078982,-79.008045,11,0.06,136.6,-4.42,1464803,-4.42,-4.42253,6.59582,6.2028,-0.01955,0.01558,-0.01176,47.92458,-26.3081,-65.50716
36.078982,-79.008044,11,0.05,136.6,-4.42,1465603,-4.42,-4.42194,6.60359,6.19861,-0.01909,0.01604,-0.01145,47.44227,-26.9658,-65.34639
36.078982,-79.008044,11,0.05,136.5,-4.58,1465803,-4.58,-4.57568,6.6024,6.24646,-0.01802,0.01405,-0.01558,47.80766,-26.71733,-64.86407
36.078982,-79.008043,11,0.0,136.5,-4.4,1466603,-4.4,-4.40279,6.58266,6.18844,-0.01741,0.01649,-0.01084,47.36919,-26.84887,-65.65332
36.078982,-79.008043,11,0.0,136.5,-4.4,1466803,-4.4,-4.4022,6.59761,6.19382,-0.01924,0.01374,-0.00886,47.96843,-26.87811,-66.04794
36.078982,-79.008044,11,0.02,136.5,-4.54,1467603,-4.54,-4.54277,6.59761,6.2339,-0.01924,0.01558,-0.00809,47.76381,-27.30196,-66.07717
36.078982,-79.008044,11,0.02,136.7,-4.4,1467803,-4.4,-4.39861,6.58206,6.19143,-0.02138,0.01619,-0.01252,47.3838,-26.52733,-65.87255
36.078981,-79.008044,11,0.03,136.7,-4.41,1468603,-4.41,-4.40937,6.61496,6.2022,-0.01588,0.01268,-0.01329,47.64688,-26.95119,-65.68255
36.078981,-79.008044,11,0.03,136.8,-4.4,1468803,-4.4,-4.40339,6.59462,6.18305,-0.01878,0.01787,-0.01374,47.58842,-26.93657,-66.12102
36.07898,-79.008043,11,0.13,136.8,-4.41,1469603,-4.41,-4.41057,6.62094,6.19621,-0.01833,0.01344,-0.01069,47.69073,-26.84887,-65.27332
36.07898,-79.008043,11,0.13,136.8,-4.42,1469803,-4.42,-4.42194,6.61197,6.14537,-0.01787,0.01634,-0.01252,47.64688,-26.98042,-65.69717
36.07898,-79.008043,11,0.08,136.8,-4.39,1470603,-4.39,-4.39322,6.59103,6.21117,-0.02001,0.01588,-0.01038,47.89535,-27.28734,-65.47793
36.07898,-79.008043,10,0.08,136.8,-4.39,1470803,-4.39,-4.38545,6.62034,6.20638,-0.01619,0.01497,-0.01145,47.2815,-26.54194,-65.71178
36.078979,-79.008041,10,0.07,136.8,-4.4,1471603,-4.4,-4.4022,6.62932,6.18066,-0.01649,0.01527,-0.01206,47.55919,-27.12657,-65.78486
36.078979,-79.008041,10,0.07,136.7,-4.41,1471803,-4.41,-4.40758,6.59282,6.21296,-0.01237,0.01359,-0.01344,47.14996,-27.22888,-65.2587
36.078979,-79.00804,10,0.01,136.7,-4.43,1472603,-4.43,-4.42971,6.60359,6.19861,-0.01985,0.01283,-0.01145,47.16457,-27.12657,-66.01871
36.078979,-79.00804,9,0.01,136.5,-4.42,1472803,-4.42,-4.41835,6.60359,6.18066,-0.01634,0.01542,-0.01222,47.31073,-26.87811,-65.66793
36.078978,-79.008039,9,0.09,136.5,-4.42,1473603,-4.42,-4.41775,6.60718,6.2004,-0.01787,0.01069,-0.01298,47.57381,-27.08272,-65.52177
36.078978,-79.008039,9,0.09,136.3,-4.4,1473803,-4.4,-4.40459,6.60658,6.20339,-0.01741,0.01298,-0.0087,47.76381,-27.11196,-65.52177
36.078978,-79.008038,9,0.06,136.3,-4.41,1474603,-4.41,-4.40878,6.59462,6.20878,-0.01695,0.01665,-0.01283,47.48611,-26.76118,-65.36101
36.078978,-79.008038,9,0.06,136.1,-4.39,1474803,-4.39,-4.39203,6.61436,6.16092,-0.01451,0.01787,-0.0113,46.91611,-27.1558,-65.90178
36.078977,-79.008036,9,0.26,136.1,-4.43,1475603,-4.43,-4.4339,6.59342,6.23211,-0.01878,0.01481,-0.01069,47.33996,-26.58579,-65.21485
36.078977,-79.008036,9,0.26,135.9,-4.41,1475803,-4.41,-4.40878,6.62632,6.2004,-0.01542,0.01848,-0.00993,47.86612,-26.45425,-65.79948
36.078977,-79.008035,9,0.14,135.9,-4.4,1476603,-4.4,-4.39621,6.61376,6.17109,-0.01741,0.01466,-0.011,47.51535,-27.28734,-66.03333
36.078977,-79.008035,9,0.14,135.7,-4.4,1476803,-4.4,-4.4016,6.60838,6.20339,-0.02138,0.01527,-0.00764,47.7492,-26.92195,-65.62408
36.078976,-79.008035,9,0.03,135.7,-4.39,1477603,-4.39,-4.39083,6.60598,6.2004,-0.01756,0.0142,-0.01222,47.67612,-26.71733,-65.15639
36.078976,-79.008035,9,0.03,135.6,-4.41,1477803,-4.41,-4.41296,6.60419,6.14417,-0.01512,0.01145,-0.00947,48.01228,-26.81964,-65.49255
36.078968,-79.008016,9,0.15,135.6,-4.36,1478603,-4.36,-4.36391,6.58505,6.19322,-0.01665,0.01619,-0.01176,47.76381,-26.98042,-64.95177
36.078968,-79.008016,10,0.15,134,-4.39,1478803,-4.39,-4.39442,6.59103,6.21237,-0.01833,0.01252,-0.01145,47.50073,-27.00965,-66.23795
36.078964,-79.008005,10,0.25,134,-4.4,1479603,-4.4,-4.3992,6.58325,6.20758,-0.01665,0.01115,-0.01023,47.6615,-26.73195,-65.88716
36.078964,-79.008005,10,0.25,133.1,-4.38,1479803,-4.38,-4.38245,6.61974,6.20698,-0.02275,0.01374,-0.011,47.3838,-26.62964,-66.04794
36.078959,-79.007999,10,0.16,133.1,-4.38,1480603,-4.38,-4.38006,6.59402,6.22912,-0.01833,0.01588,-0.01069,47.50073,-26.64426,-66.19409
36.078959,-79.007999,10,0.16,132.5,-4.41,1480803,-4.41,-4.41057,6.58804,6.17587,-0.01527,0.01741,-0.011,47.90997,-27.05349,-65.96024
36.078956,-79.007997,10,0.1,132.5,-4.39,1481603,-4.39,-4.39322,6.60359,6.19801,-0.01665,0.0168,-0.01329,47.77843,-27.17042,-65.72639
36.078956,-79.007997,10,0.1,132.2,-4.4,1481803,-4.4,-4.40339,6.61915,6.23271,-0.01527,0.01222,-0.01283,47.52996,-26.87811,-65.6387
36.078955,-79.007995,10,0.07,132.2,-4.41,1482603,-4.41,-4.41177,6.61316,6.17946,-0.01878,0.01619,-0.01206,47.70535,-26.79041,-65.56562
36.078955,-79.007995,10,0.07,132.2,-4.39,1482803,-4.39,-4.38664,6.59761,6.20878,-0.02046,0.01833,-0.0113,47.83689,-26.83426,-65.90178
36.078952,-79.007992,10,0.15,132.2,-4.39,1483603,-4.39,-4.39203,6.61137,6.18006,-0.01619,0.01527,-0.00947,47.61766,-27.17042,-66.6618
36.078952,-79.007992,10,0.15,132.2,-4.4,1483803,-4.4,-4.40339,6.60718,6.18545,-0.01466,0.01222,-0.01512,48.02689,-27.06811,-66.16486
36.078951,-79.007993,10,0.06,132.2,-4.37,1484603,-4.37,-4.37049,6.6341,6.24945,-0.02001,0.01329,-0.00886,47.50073,-27.06811,-66.09179
36.078951,-79.007993,10,0.06,132.3,-4.39,1484803,-4.39,-4.38664,6.59582,6.19681,-0.02077,0.01787,-0.01283,47.2815,-26.92195,-65.78486
36.078949,-79.007995,10,0.03,132.3,-4.42,1485603,-4.42,-4.41835,6.6359,6.17827,-0.01741,0.01573,-0.01176,47.67612,-26.76118,-64.981
36.078949,-79.007995,9,0.03,132.6,-4.37,1485803,-4.37,-4.37229,6.62692,6.18724,-0.0223,0.01741,-0.0142,47.98305,-26.55656,-65.96024
36.078949,-79.007996,9,0.02,132.6,-4.38,1486603,-4.38,-4.37767,6.59761,6.2022,-0.01542,0.01604,-0.00947,47.99766,-26.51271,-65.84332
36.078949,-79.007996,9,0.02,132.5,-4.38,1486803,-4.38,-4.38425,6.59761,6.19681,-0.01863,0.01038,-0.00962,47.80766,-26.65887,-65.84332
36.078949,-79.007995,9,0.05,132.5,-4.4,1487603,-4.4,-4.39621,6.59641,6.2339,-0.0113,0.02169,-0.01756,47.64688,-26.98042,-66.1064
36.078949,-79.007995,10,0.05,132.7,-4.39,1487803,-4.39,-4.38784,6.61735,6.20339,-0.01802,0.01481,-0.0139,47.86612,-27.08272,-65.58024
36.07895,-79.007993,10,0.1,132.7,-4.38,1488603,-4.38,-4.38425,6.60957,6.25544,-0.01802,0.01848,-0.0084,48.07074,-26.9658,-66.06256
36.07895,-79.007993,11,0.1,132.6,-4.41,1488803,-4.41,-4.41177,6.59103,6.2028,-0.01405,0.01237,-0.01023,48.05612,-26.77579,-65.84332
36.078953,-79.007992,11,0.05,132.6,-4.4,1489603,-4.4,-4.4016,6.61436,6.18784,-0.01848,0.01344,-0.01054,48.27536,-26.92195,-65.6387
36.078953,-79.007992,11,0.05,132.5,-4.33,1489803,-4.33,-4.32981,6.58206,6.18066,-0.01726,0.01206,-0.01283,47.76381,-26.87811,-65.98948
36.078955,-79.007992,11,0.02,132.5,-4.38,1490603,-4.38,-4.38245,6.62333,6.20638,-0.02016,0.01558,-0.01344,48.27536,-26.86349,-65.50716
36.078955,-79.007992,10,0.02,132.7,-4.4,1490803,-4.4,-4.39621,6.62214,6.2016,-0.02031,0.01298,-0.01619,48.24613,-27.06811,-65.53639
36.078958,-79.007992,10,0.02,132.7,-4.4,1491603,-4.4,-4.39861,6.59282,6.21895,-0.01542,0.01817,-0.00993,48.4069,-26.65887,-65.9164
36.078958,-79.007992,10,0.02,132.7,-4.38,1491803,-4.38,-4.37827,6.59402,6.21476,-0.01604,0.01451,-0.01008,47.88074,-26.35194,-66.13564
36.078963,-79.007994,10,0.06,132.7,-4.39,1492603,-4.39,-4.39143,6.61795,6.19681,-0.01924,0.01726,-0.01145,47.80766,-26.98042,-66.19409
36.078963,-79.007994,10,0.06,132.8,-4.37,1492803,-4.37,-4.37049,6.61795,6.21476,-0.01695,0.01283,-0.0113,47.89535,-26.6881,-66.12102
36.078966,-79.007996,10,0.01,132.8,-4.37,1493603,-4.37,-4.37408,6.62513,6.17288,-0.02214,0.0168,-0.00855,47.89535,-26.23502,-66.28179
36.078966,-79.007996,10,0.01,132.9,-4.38,1493803,-4.38,-4.37707,6.59522,6.20698,-0.01527,0.01252,-0.01313,48.47998,-26.71733,-65.22946
36.078967,-79.007997,10,0.08,132.9,-4.38,1494603,-4.38,-4.38485,6.61137,6.19621,-0.01817,0.0139,-0.01054,48.37767,-27.1558,-65.97486
36.078967,-79.007997,10,0.08,132.8,-4.38,1494803,-4.38,-4.38245,6.63111,6.24287,-0.02214,0.01558,-0.01161,48.62613,-26.70272,-65.49255
36.078968,-79.007999,10,0.07,132.8,-4.37,1495603,-4.37,-4.3675,6.60778,6.23091,-0.01604,0.01069,-0.01512,47.63227,-26.52733,-65.59486
36.078968,-79.007999,10,0.07,132.9,-4.4,1495803,-4.4,-4.4016,6.62991,6.23869,-0.01772,0.01909,-0.011,47.9392,-26.61502,-65.97486
36.078969,-79.008001,10,0.07,132.9,-4.36,1496603,-4.36,-4.36212,6.61795,6.19502,-0.01894,0.01206,-0.01237,47.83689,-26.58579,-65.47793
36.078969,-79.008001,10,0.07,132.8,-4.38,1496803,-4.38,-4.37587,6.60359,6.20579,-0.01298,0.01726,-0.00916,47.88074,-26.19117,-64.84946
36.07897,-79.008005,10,0.01,132.8,-4.4,1497603,-4.4,-4.40279,6.62214,6.19741,-0.01878,0.0139,-0.01252,48.05612,-26.48348,-64.83485
36.07897,-79.008005,10,0.01,133.2,-4.39,1497803,-4.39,-4.39203,6.59282,6.18904,-0.01848,0.01252,-0.01191,48.11459,-26.42502,-65.18562
36.078971,-79.00801,10,0.1,133.2,-4.38,1498603,-4.38,-4.38425,6.62034,6.19382,-0.01848,0.01069,-0.01206,48.39228,-26.79041,-66.58871
36.078971,-79.00801,10,0.1,133.4,-4.39,1498803,-4.39,-4.39023,6.62154,6.19203,-0.02306,0.01756,-0.00886,47.92458,-26.84887,-65.62408
36.078972,-79.008013,10,0.12,133.4,-4.37,1499603,-4.37,-4.37288,6.61436,6.1998,-0.01588,0.01787,-0.01145,47.63227,-26.48348,-66.22333
36.078972,-79.008013,10,0.12,133.5,-4.38,1499803,-4.38,-4.37707,6.60598,6.24646,-0.01695,0.01527,-0.01069,47.90997,-26.87811,-65.741
36.078972,-79.008017,10,0.07,133.5,-4.36,1500603,-4.36,-4.36271,6.62333,6.18605,-0.01863,0.01054,-0.00977,47.3838,-26.87811,-65.79948
36.078972,-79.008017,10,0.07,133.6,-4.39,1500803,-4.39,-4.39083,6.59881,6.20818,-0.01985,0.01206,-0.01237,47.64688,-26.74656,-66.70564
36.078972,-79.00802,10,0.02,133.6,-4.38,1501603,-4.38,-4.38245,6.61077,6.201,-0.01848,0.01252,-0.01145,47.60304,-26.52733,-65.65332
36.078972,-79.00802,10,0.02,133.7,-4.38,1501803,-4.38,-4.37827,6.60479,6.20519,-0.01924,0.01298,-0.01329,47.6615,-26.64426,-65.22946
36.078973,-79.008024,10,0.05,133.7,-4.37,1502603,-4.37,-4.3687,6.59941,6.20399,-0.02214,0.01268,-0.01329,47.77843,-26.43964,-65.36101
36.078973,-79.008024,10,0.05,133.6,-4.36,1502803,-4.36,-4.36391,6.62154,6.21775,-0.01833,0.01405,-0.01115,47.76381,-26.73195,-65.52177
36.078973,-79.00803,10,0.1,133.6,-4.37,1503603,-4.37,-4.3675,6.60898,6.2022,-0.02046,0.0113,-0.00993,48.02689,-26.58579,-65.71178
36.078973,-79.00803,10,0.1,133.9,-4.37,1503803,-4.37,-4.36929,6.58266,6.19741,-0.01878,0.01604,-0.0113,47.82227,-26.2204,-66.12102
36.078973,-79.008034,10,0.06,133.9,-4.39,1504603,-4.39,-4.38724,6.6018,6.18485,-0.01955,0.01359,-0.01115,48.43613,-26.16194,-65.37562
36.078973,-79.008034,10,0.06,133.9,-4.38,1504803,-4.38,-4.38305,6.61257,6.2004,-0.01329,0.01512,-0.01237,48.01228,-25.97194,-65.22946
36.078975,-79.008038,10,0.06,133.9,-4.38,1505603,-4.38,-4.38186,6.61915,6.18066,-0.01848,0.01268,-0.01023,47.54458,-26.51271,-65.24408
36.078975,-79.008038,10,0.06,134.2,-4.36,1505803,-4.36,-4.35853,6.60299,6.19921,-0.01512,0.01359,-0.01084,48.4069,-26.43964,-64.95177
36.078976,-79.008042,10,0.12,134.2,-4.36,1506603,-4.36,-4.35853,6.60898,6.22852,-0.01497,0.01558,-0.01206,47.64688,-26.55656,-65.59486
36.078976,-79.008042,10,0.12,134.4,-4.38,1506803,-4.38,-4.37528,6.61855,6.15972,-0.01802,0.01451,-0.01054,47.4715,-26.57118,-65.14177
36.078977,-79.008049,10,0.2,134.4,-4.36,1507603,-4.36,-4.36391,6.61197,6.2022,-0.01588,0.01283,-0.01206,47.55919,-26.43964,-65.97486
36.078977,-79.008049,10,0.2,135.1,-4.38,1507803,-4.38,-4.38066,6.59043,6.23211,-0.01573,0.0197,-0.011,47.71996,-26.71733,-65.03946
36.078978,-79.008056,10,0.21,135.1,-4.37,1508603,-4.37,-4.36989,6.62991,6.16929,-0.01497,0.01619,-0.01069,47.48611,-27.00965,-65.37562
36.078978,-79.008056,10,0.21,135.6,-4.38,1508803,-4.38,-4.37887,6.62513,6.22134,-0.0168,0.01588,-0.01008,48.20228,-26.2204,-65.34639
36.078978,-79.008059,10,0.06,135.6,-4.35,1509603,-4.35,-4.35254,6.59282,6.24527,-0.01772,0.01481,-0.01115,48.01228,-26.51271,-65.41946
36.078978,-79.008059,10,0.06,135.9,-4.37,1509803,-4.37,-4.37169,6.61496,6.21057,-0.0168,0.01359,-0.00962,48.27536,-26.46887,-65.31716
36.078977,-79.008063,10,0.12,135.9,-4.37,1510603,-4.37,-4.37468,6.60419,6.22971,-0.01787,0.01298,-0.01298,47.86612,-26.76118,-65.66793
36.078977,-79.008063,10,0.12,136.2,-4.35,1510803,-4.35,-4.35314,6.62094,6.2345,-0.01527,0.01588,-0.01038,47.82227,-26.46887,-65.69717
36.078976,-79.008066,10,0.13,136.2,-4.38,1511603,-4.38,-4.38365,6.63769,6.20698,-0.02153,0.01604,-0.01268,47.86612,-26.77579,-65.20023
36.078976,-79.008066,10,0.13,136.3,-4.34,1511803,-4.34,-4.34118,6.6359,6.23151,-0.01939,0.01741,-0.01283,48.28997,-26.24964,-65.6387
36.078975,-79.008066,10,0.02,136.3,-4.31,1512603,-4.31,-4.31187,6.61556,6.22373,-0.01634,0.01542,-0.01084,47.67612,-26.55656,-65.60947
36.078975,-79.008066,10,0.02,136.4,-4.37,1512803,-4.37,-4.3675,6.62932,6.20638,-0.0197,0.01451,-0.01145,47.73458,-26.19117,-65.2587
36.078974,-79.008068,10,0.01,136.4,-4.4,1513603,-4.4,-4.39562,6.61915,6.24467,-0.01955,0.01008,-0.011,47.20842,-26.57118,-65.741
36.078974,-79.008068,10,0.01,136.7,-4.37,1513803,-4.37,-4.3663,6.62274,6.22313,-0.01894,0.0139,-0.00993,47.67612,-26.46887,-65.0687
36.078972,-79.008069,10,0.03,136.7,-4.38,1514603,-4.38,-4.38425,6.62154,6.21595,-0.01833,0.01802,-0.00916,48.20228,-26.39579,-66.01871
36.078972,-79.008069,10,0.03,136.8,-4.35,1514803,-4.35,-4.35434,6.60778,6.22014,-0.01481,0.0168,-0.01115,47.79304,-26.27887,-64.93715
36.078971,-79.008067,10,0.0,136.8,-4.37,1515603,-4.37,-4.36989,6.62453,6.20937,-0.01833,0.01588,-0.01145,47.19381,-26.65887,-65.59486
36.078971,-79.008067,10,0.0,136.7,-4.36,1515803,-4.36,-4.36212,6.62513,6.24467,-0.01573,0.01466,-0.01038,47.26688,-27.08272,-65.87255
36.078969,-79.008065,10,0.06,136.7,-4.4,1516603,-4.4,-4.40279,6.62632,6.22553,-0.01649,0.01252,-0.00779,47.42765,-26.52733,-65.46332
36.078969,-79.008065,10,0.06,136.6,-4.36,1516803,-4.36,-4.36391,6.62214,6.22553,-0.01558,0.01329,-0.01145,47.51535,-26.80503,-65.4487
36.078967,-79.008062,10,0.17,136.6,-4.38,1517603,-4.38,-4.38365,6.62274,6.24168,-0.01481,0.01252,-0.01436,47.60304,-26.70272,-65.01023
36.078967,-79.008062,10,0.17,136.4,-4.38,1517803,-4.38,-4.38006,6.61915,6.23749,-0.01772,0.01252,-0.0113,48.09997,-26.33733,-64.54253
36.078964,-79.008059,10,0.07,136.4,-4.35,1518603,-4.35,-4.34955,6.63171,6.23869,-0.02016,0.01084,-0.01145,47.51535,-26.73195,-65.17101
36.078964,-79.008059,10,0.07,136.3,-4.36,1518803,-4.36,-4.35673,6.62393,6.20459,-0.01283,0.01405,-0.01084,48.17305,-26.76118,-65.41946
36.078961,-79.008058,10,0.07,136.3,-4.36,1519603,-4.36,-4.36271,6.62692,6.1669,-0.01787,0.0087,-0.00901,47.70535,-26.84887,-66.00409
36.078961,-79.008058,10,0.07,136.4,-4.35,1519803,-4.35,-4.34955,6.61077,6.21057,-0.01863,0.0113,-0.01176,47.48611,-26.52733,-65.71178
36.078958,-79.008056,10,0.02,136.4,-4.36,1520603,-4.36,-4.36032,6.62632,6.21715,-0.01817,0.01359,-0.01069,47.39842,-26.39579,-65.40485
36.078958,-79.008056,10,0.02,136.5,-4.4,1520803,-4.4,-4.4004,6.6682,6.18545,-0.02535,0.00199,-0.01084,47.55919,-26.41041,-65.34639
36.078953,-79.008053,10,0.14,136.5,-4.44,1521603,-4.44,-4.43689,6.48934,6.32124,-0.00764,0.02291,0.00092,47.17919,-26.33733,-65.741
36.078953,-79.008053,9,0.14,136.9,-4.3,1521803,-4.3,-4.30289,6.49352,6.20937,-0.01878,0.01619,-0.00489,46.82841,-26.3081,-65.40485
36.078952,-79.008048,9,0.24,136.9,-4.41,1522603,-4.41,-4.41356,6.70828,7.08335,0.01344,0.01145,-0.02535,47.32534,-26.07425,-69.76031
36.078952,-79.008048,9,0.24,136.6,-4.06,1522803,-4.06,-4.05524,6.09512,6.95055,-0.01436,0.00321,-0.01817,46.98919,-26.9658,-67.59719
36.078951,-79.008041,9,0.25,136.6,-4.05,1523603,-4.05,-4.04686,6.1334,6.94636,-0.02275,0.01512,-0.01466,47.96843,-26.77579,-65.50716
36.078951,-79.008041,10,0.25,136.1,-4.08,1523803,-4.08,-4.07558,6.09871,6.95294,-0.01466,0.0142,-0.0113,48.20228,-27.06811,-66.01871
36.078952,-79.008033,10,0.17,136.1,-3.68,1524603,-3.68,-3.67777,6.05623,6.80339,-0.06445,0.03253,-0.04383,48.05612,-26.51271,-65.62408
36.078952,-79.008033,10,0.17,135.6,-4.05,1524803,-4.05,-4.04806,6.02872,6.87637,-0.02245,0.03436,-0.00855,47.61766,-26.70272,-65.68255
36.078954,-79.008025,10,0.22,135.6,-4.07,1525603,-4.07,-4.07378,6.09631,6.95294,-0.01527,0.01542,-0.00962,48.04151,-26.76118,-65.87255
36.078954,-79.008025,10,0.22,135,-4.07,1525803,-4.07,-4.06541,6.06521,6.98166,-0.01023,0.01573,-0.01268,47.2815,-26.81964,-66.32564
36.078955,-79.008019,10,0.06,135,-4.06,1526603,-4.06,-4.06241,6.09452,6.97867,-0.01741,0.01604,-0.01206,47.92458,-26.2204,-65.31716
36.078955,-79.008019,10,0.06,134.6,-4.07,1526803,-4.07,-4.07498,6.09392,6.9679,-0.01497,0.0139,-0.011,47.89535,-26.46887,-65.81409
36.078955,-79.008014,10,0.09,134.6,-4.09,1527603,-4.09,-4.09352,6.06162,6.99063,-0.01665,0.01527,-0.01115,48.15844,-26.83426,-66.89565
36.078955,-79.008014,10,0.09,134.1,-4.07,1527803,-4.07,-4.07318,6.09452,6.97209,-0.01848,0.01374,-0.01115,48.09997,-27.31657,-65.49255
36.078958,-79.008008,10,0.06,134.1,-4.1,1528603,-4.1,-4.10429,6.09751,7.01635,-0.01268,0.00687,-0.01145,47.4715,-26.79041,-65.65332
36.078958,-79.008008,10,0.06,133.6,-4.03,1528803,-4.03,-4.0325,6.08734,6.91107,-0.01787,0.01374,-0.0139,47.70535,-26.77579,-65.18562
36.078959,-79.008003,10,0.12,133.6,-4.06,1529603,-4.06,-4.06002,6.08495,7.00439,-0.01604,0.01512,-0.00779,47.51535,-27.60889,-66.3841
36.078959,-79.008003,10,0.12,133.3,-4.06,1529803,-4.06,-4.05583,6.09572,6.94756,-0.01772,0.0139,-0.00993,47.52996,-26.99503,-66.28179
36.07896,-79.007998,10,0.16,133.3,-4.07,1530603,-4.07,-4.0672,6.08973,6.94756,-0.01497,0.0142,-0.00932,47.64688,-26.54194,-67.0418
36.07896,-79.007998,10,0.16,132.9,-4.04,1530803,-4.04,-4.04267,6.09332,6.97328,-0.01726,0.0139,-0.011,47.86612,-26.95119,-66.23795
36.078961,-79.007993,10,0.21,132.9,-4.06,1531603,-4.06,-4.06421,6.09811,6.97448,-0.02031,0.01466,-0.0113,48.02689,-27.14119,-66.39871
36.078961,-79.007993,10,0.21,132.5,-4.03,1531803,-4.03,-4.0325,6.08196,6.93978,-0.01955,0.01634,-0.00916,47.42765,-27.00965,-66.4864
36.078964,-79.007987,10,0.15,132.5,-4.07,1532603,-4.07,-4.0684,6.0999,6.98106,-0.01298,0.01772,-0.01374,47.23765,-27.21426,-66.12102
36.078964,-79.007987,9,0.15,132.2,-4.06,1532803,-4.06,-4.06241,6.11007,6.9685,-0.01894,0.01283,-0.01237,47.64688,-27.41888,-65.9164
36.078966,-79.007984,9,0.12,132.2,-4.07,1533603,-4.07,-4.07258,6.1017,6.95833,-0.01756,0.01145,-0.01237,47.50073,-27.27273,-66.50102
36.078966,-79.007984,11,0.12,131.9,-4.07,1533803,-4.07,-4.07199,6.07777,6.95474,-0.01649,0.01573,-0.01268,47.64688,-26.92195,-65.33177
36.078967,-79.007983,11,0.08,131.9,-4.06,1534603,-4.06,-4.06062,6.08076,6.96551,-0.01695,0.01604,-0.00977,47.57381,-27.37504,-66.5741
36.078967,-79.007983,11,0.08,132,-4.08,1534803,-4.08,-4.07558,6.08495,6.91346,-0.01787,0.01573,-0.01038,47.90997,-27.4335,-66.36948
36.078969,-79.007982,11,0.06,132,-4.04,1535603,-4.04,-4.04208,6.09153,6.94756,-0.01787,0.01451,-0.0113,47.98305,-26.95119,-66.28179
36.078969,-79.007982,11,0.06,131.9,-4.07,1535803,-4.07,-4.06959,6.08315,6.93081,-0.02001,0.01451,-0.01359,48.4069,-26.74656,-66.26717
36.078969,-79.007983,11,0.13,131.9,-4.05,1536603,-4.05,-4.05404,6.08375,6.99781,-0.01542,0.01558,-0.01038,47.69073,-27.06811,-66.61795
36.078969,-79.007983,11,0.13,132,-4.06,1536803,-4.06,-4.05763,6.09033,6.97807,-0.01634,0.01344,-0.00886,47.36919,-26.84887,-66.45718
36.07897,-79.007984,11,0.07,132,-4.05,1537603,-4.05,-4.05284,6.08973,6.95115,-0.01344,0.01649,-0.01069,47.86612,-27.47734,-66.3841
36.07897,-79.007984,11,0.07,132,-4.06,1537803,-4.06,-4.06421,6.11546,6.97927,-0.02062,0.01466,-0.011,47.23765,-27.05349,-65.87255
36.078969,-79.007984,11,0.07,132,-4.06,1538603,-4.06,-4.06481,6.08734,6.96969,-0.01405,0.01772,-0.00962,48.14382,-26.95119,-66.09179
36.078969,-79.007984,11,0.07,132,-4.05,1538803,-4.05,-4.05045,6.08914,6.93261,-0.01481,0.01466,-0.01023,48.17305,-26.80503,-67.17335
36.078969,-79.007984,11,0.06,132,-4.04,1539603,-4.04,-4.03908,6.08255,7.01097,-0.01772,0.01344,-0.01237,47.69073,-27.12657,-65.8287
36.078969,-79.007984,11,0.06,131.9,-4.06,1539803,-4.06,-4.06361,6.0993,7.0008,-0.01619,0.0168,-0.0113,47.99766,-26.60041,-67.3195
36.078967,-79.007984,11,0.06,131.9,-4.06,1540603,-4.06,-4.06481,6.11007,6.97867,-0.01802,0.01481,-0.01191,47.51535,-27.14119,-66.45718
36.078967,-79.007984,11,0.06,131.7,-4.06,1540803,-4.06,-4.06062,6.09572,6.96431,-0.01772,0.01329,-0.00962,47.9392,-26.99503,-66.70564
36.078966,-79.007986,11,0.1,131.7,-4.06,1541603,-4.06,-4.06361,6.09871,6.98704,-0.01909,0.01405,-0.01252,47.90997,-26.89272,-66.61795
36.078966,-79.007986,11,0.1,131.7,-4.06,1541803,-4.06,-4.06241,6.06102,6.99183,-0.01604,0.01405,-0.00977,47.79304,-26.58579,-66.2964
36.078966,-79.007988,11,0.03,131.7,-4.04,1542603,-4.04,-4.03968,6.09332,6.9673,-0.02062,0.01283,-0.01054,47.70535,-26.87811,-67.53873
36.078966,-79.007988,11,0.03,131.7,-4.06,1542803,-4.06,-4.06301,6.06102,6.99661,-0.01787,0.01649,-0.01191,48.1292,-26.61502,-66.93949
36.078967,-79.007989,11,0.01,131.7,-4.06,1543603,-4.06,-4.05942,6.0993,6.96551,-0.0142,0.01512,-0.01191,48.09997,-26.70272,-66.42795
36.078967,-79.007989,11,0.01,131.7,-4.03,1543803,-4.03,-4.0343,6.10888,6.95474,-0.01649,0.01604,-0.00962,47.57381,-27.36042,-65.741
36.078967,-79.007992,11,0.03,131.7,-4.08,1544603,-4.08,-4.07737,6.0682,6.98943,-0.01604,0.01206,-0.01222,48.39228,-27.14119,-65.97486
36.078967,-79.007992,11,0.03,131.6,-4.06,1544803,-4.06,-4.06122,6.08315,6.97448,-0.01619,0.01206,-0.01084,47.96843,-27.38965,-66.12102
36.078968,-79.007994,11,0.1,131.6,-4.05,1545603,-4.05,-4.04746,6.09631,6.94876,-0.01512,0.01741,-0.00947,47.4715,-27.30196,-66.2964
36.078968,-79.007994,11,0.1,131.8,-4.06,1545803,-4.06,-4.05883,6.08555,6.9685,-0.01817,0.01329,-0.01405,48.34843,-27.30196,-66.70564
36.07897,-79.007997,11,0.06,131.8,-4.06,1546603,-4.06,-4.05703,6.10409,6.97388,-0.02031,0.01359,-0.00901,48.02689,-27.12657,-65.50716
36.07897,-79.007997,11,0.06,131.6,-4.06,1546803,-4.06,-4.05823,6.08495,6.92004,-0.01588,0.01252,-0.00947,48.07074,-27.11196,-66.01871
36.078971,-79.008,11,0.03,131.6,-4.05,1547603,-4.05,-4.04686,6.08914,6.97149,-0.02627,0.00382,-0.00687,47.98305,-27.00965,-65.4487
36.078971,-79.008,11,0.03,131.5,-4.1,1547803,-4.1,-4.1019,6.09871,6.9027,-0.02169,0.01329,-0.011,48.02689,-26.67349,-65.43409
36.078972,-79.008003,11,0.02,131.5,-4.07,1548603,-4.07,-4.06899,6.09033,6.94876,-0.01436,0.01695,-0.011,47.64688,-26.92195,-66.07717
36.078972,-79.008003,11,0.02,131.5,-4.06,1548803,-4.06,-4.05524,6.07956,6.97149,-0.01787,0.01527,-0.011,47.89535,-26.86349,-66.72026
36.078975,-79.008006,11,0.01,131.5,-4.04,1549603,-4.04,-4.03908,6.09691,6.94936,-0.01405,0.01344,-0.01466,48.20228,-26.70272,-65.96024
36.078975,-79.008006,11,0.01,131.5,-4.03,1549803,-4.03,-4.03071,6.09691,6.9691,-0.01497,0.01344,-0.00947,47.9392,-27.52119,-66.53025
36.078977,-79.008009,11,0.08,131.5,-4.07,1550603,-4.07,-4.07258,6.09512,6.98884,-0.01802,0.01527,-0.01054,47.85151,-27.00965,-66.63256
36.078977,-79.008009,11,0.08,131.5,-4.04,1550803,-4.04,-4.04088,6.08375,6.97927,-0.01985,0.01451,-0.01191,47.92458,-26.81964,-66.50102
36.078979,-79.008013,11,0.02,131.5,-4.06,1551603,-4.06,-4.05703,6.08914,6.9667,-0.01466,0.01329,-0.01008,48.18766,-27.40427,-65.75563
36.078979,-79.008013,11,0.02,131.6,-4.05,1551803,-4.05,-4.04746,6.11187,6.92004,-0.01909,0.01405,-0.01298,48.5969,-27.21426,-65.81409
36.078981,-79.008016,11,0.02,131.6,-4.05,1552603,-4.05,-4.04985,6.11067,6.95773,-0.01756,0.01588,-0.01405,48.17305,-27.02426,-66.42795
36.078981,-79.008016,11,0.02,131.6,-4.07,1552803,-4.07,-4.06541,6.08136,6.97687,-0.01756,0.01405,-0.00702,48.14382,-27.2435,-66.47179
36.078981,-79.00802,11,0.06,131.6,-4.06,1553603,-4.06,-4.05883,6.09033,6.93799,-0.01741,0.01497,-0.01023,48.14382,-26.80503,-67.01257
36.078981,-79.00802,11,0.06,131.8,-4.06,1553803,-4.06,-4.05643,6.08973,6.97089,-0.0168,0.01436,-0.01084,48.04151,-26.92195,-67.1441
36.078981,-79.008023,11,0.08,131.8,-4.05,1554603,-4.05,-4.04806,6.09213,6.97448,-0.01863,0.0142,-0.01161,47.51535,-26.9658,-66.55949
36.078981,-79.008023,11,0.08,131.9,-4.04,1554803,-4.04,-4.04447,6.1005,6.98285,-0.01863,0.01481,-0.00977,47.96843,-27.33119,-67.05642
36.078981,-79.008027,11,0.09,131.9,-4.09,1555603,-4.09,-4.08754,6.03769,6.9691,-0.01985,0.00993,-0.00764,48.18766,-27.33119,-66.72026
36.078981,-79.008027,11,0.09,132.3,-4.06,1555803,-4.06,-4.05524,6.10648,7.00918,-0.01542,0.01405,-0.01191,47.82227,-27.53581,-66.69102
36.078981,-79.008031,11,0.02,132.3,-4.05,1556603,-4.05,-4.05225,6.09572,7.0014,-0.01802,0.01497,-0.01145,48.04151,-27.50658,-66.91026
36.078981,-79.008031,11,0.02,132.6,-4.05,1556803,-4.05,-4.05344,6.08255,6.93619,-0.01756,0.01695,-0.01512,47.96843,-27.30196,-66.6618
36.078982,-79.008034,11,0.03,132.6,-4.06,1557603,-4.06,-4.06241,6.11665,6.98046,-0.01848,0.01206,-0.00932,47.6615,-26.95119,-66.92487
36.078982,-79.008034,11,0.03,132.8,-4.07,1557803,-4.07,-4.07498,6.08136,6.97029,-0.01772,0.01481,-0.01084,48.18766,-26.87811,-66.35487
36.078982,-79.008035,11,0.03,132.8,-4.04,1558603,-4.04,-4.04387,6.09512,6.98226,-0.02016,0.0142,-0.01237,47.88074,-27.31657,-66.95411
36.078982,-79.008035,11,0.03,133,-4.02,1558803,-4.02,-4.02473,6.08495,6.94876,-0.0171,0.01313,-0.01268,47.64688,-27.41888,-66.67641
36.078982,-79.008036,11,0.02,133,-4.07,1559603,-4.07,-4.07199,6.10768,6.94457,-0.01741,0.01222,-0.01206,47.50073,-27.09734,-66.36948
36.078982,-79.008036,11,0.02,133.2,-4.03,1559803,-4.03,-4.0343,6.10768,6.97209,-0.01588,0.01649,-0.01283,47.85151,-26.80503,-66.19409
36.078982,-79.008036,11,0.01,133.2,-4.01,1560603,-4.01,-4.00858,6.08375,6.98166,-0.01787,0.01649,-0.00611,47.82227,-27.05349,-66.50102
36.078982,-79.008036,11,0.01,133.3,-4.05,1560803,-4.05,-4.04566,6.0993,6.92662,-0.02107,0.0139,-0.01084,48.24613,-27.05349,-66.82256
36.078981,-79.008035,11,0.0,133.3,-4.04,1561603,-4.04,-4.03849,6.08734,6.95354,-0.01863,0.01527,-0.011,48.14382,-26.79041,-67.48026
36.078981,-79.008035,11,0.0,133.2,-4.07,1561803,-4.07,-4.06899,6.08614,6.9679,-0.0171,0.01466,-0.00886,47.9392,-27.12657,-66.12102
36.078981,-79.008033,11,0.0,133.2,-4.01,1562603,-4.01,-4.01217,6.08196,6.99661,-0.01436,0.02138,-0.01649,48.62613,-26.77579,-65.98948
36.078981,-79.008033,11,0.0,133.2,-4.06,1562803,-4.06,-4.05763,6.09871,6.97149,-0.01863,0.01558,-0.0113,48.85999,-26.70272,-65.71178
36.07898,-79.008033,11,0.01,133.2,-4.05,1563603,-4.05,-4.04566,6.11426,7.01456,-0.01848,0.01161,-0.0113,48.42151,-26.4981,-66.01871
36.07898,-79.008033,11,0.01,133.2,-4.04,1563803,-4.04,-4.04267,6.09631,6.99422,-0.02031,0.01802,-0.011,48.37767,-27.17042,-66.42795
36.07898,-79.008032,11,0.02,133.2,-4.08,1564603,-4.08,-4.07617,6.09332,6.96969,-0.02107,0.01359,-0.01145,48.36305,-26.80503,-66.12102
36.07898,-79.008032,11,0.02,133.1,-4.01,1564803,-4.01,-4.00618,6.14597,7.03191,-0.01894,0.01542,-0.01787,48.33382,-26.77579,-65.58024
36.078979,-79.008031,11,0.0,133.1,-4.03,1565603,-4.03,-4.02951,6.09213,6.9673,-0.01436,0.01405,-0.0113,48.62613,-26.89272,-66.13564
36.078979,-79.008031,11,0.0,133,-4.11,1565803,-4.11,-4.10728,6.08495,6.88714,-0.01619,0.011,-0.01069,48.72844,-26.65887,-66.6618
36.078979,-79.00803,11,0.03,133,-4.03,1566603,-4.03,-4.02533,6.07358,6.97867,-0.0223,0.01283,-0.01344,48.34843,-26.61502,-66.44256
36.078979,-79.00803,11,0.03,133.1,-4.05,1566803,-4.05,-4.04925,6.11426,6.99841,-0.01878,0.01374,-0.01161,48.33382,-27.2435,-65.08331
36.078979,-79.008029,11,0.02,133.1,-4.07,1567603,-4.07,-4.0672,6.09392,7.01456,-0.01634,0.01329,-0.01268,48.64075,-27.08272,-66.19409
36.078979,-79.008029,11,0.02,133.1,-4.07,1567803,-4.07,-4.06959,6.10529,6.98704,-0.01894,0.01481,-0.0113,48.39228,-26.90734,-65.11254
36.078979,-79.008028,11,0.01,133.1,-4.05,1568603,-4.05,-4.04746,6.06581,7.02293,-0.01802,0.01222,-0.01161,48.02689,-27.34581,-66.42795
36.078979,-79.008028,11,0.01,133.1,-4.03,1568803,-4.03,-4.03191,6.08854,6.97029,-0.01955,0.01542,-0.01237,48.69921,-27.33119,-66.58871
36.078979,-79.008027,11,0.05,133.1,-4.06,1569603,-4.06,-4.05643,6.09213,6.97807,-0.01649,0.01649,-0.01206,48.01228,-27.12657,-65.93102
36.078979,-79.008027,11,0.05,133.2,-4.03,1569803,-4.03,-4.03071,6.08196,6.91047,-0.01649,0.01252,-0.01145,47.61766,-27.17042,-66.12102
36.07898,-79.008026,11,0.05,133.2,-4.06,1570603,-4.06,-4.05583,6.09572,6.98106,-0.01726,0.01542,-0.01176,48.20228,-26.79041,-66.2964
36.07898,-79.008026,11,0.05,133.2,-4.05,1570803,-4.05,-4.05464,6.10469,7.00618,-0.01802,0.01588,-0.01359,48.02689,-27.17042,-66.1064
36.07898,-79.008025,11,0.01,133.2,-4.05,1571603,-4.05,-4.04566,6.1005,6.96551,-0.01268,0.01344,-0.01069,48.23151,-26.48348,-65.40485
36.07898,-79.008025,10,0.01,133.2,-4.02,1571803,-4.02,-4.01815,6.09093,6.97448,-0.01573,0.01329,-0.01084,48.31921,-26.64426,-65.741
36.07898,-79.008026,10,0.01,133.2,-4.02,1572603,-4.02,-4.02114,6.08555,7.01336,-0.01985,0.01588,-0.00977,48.45074,-26.71733,-65.77025
36.07898,-79.008026,10,0.01,133.5,-4.07,1572803,-4.07,-4.066,6.08375,6.97029,-0.01604,0.01451,-0.01298,48.8746,-27.02426,-66.22333
36.078981,-79.008027,10,0.03,133.5,-4.06,1573603,-4.06,-4.05583,6.09033,6.98405,-0.01756,0.0139,-0.01008,48.50921,-27.02426,-66.09179
36.078981,-79.008027,10,0.03,133.6,-4.06,1573803,-4.06,-4.06241,6.0999,6.97986,-0.01466,0.01451,-0.01405,48.4069,-27.02426,-66.2964
36.078981,-79.008028,10,0.02,133.6,-4.04,1574603,-4.04,-4.04387,6.09213,6.99243,-0.01695,0.01604,-0.01176,52.04618,-27.46273,-66.5741
36.078981,-79.008028,10,0.02,133.6,-4.05,1574803,-4.05,-4.05225,6.08614,6.97508,-0.01772,0.01588,-0.01344,48.39228,-26.79041,-65.33177
36.078982,-79.00803,10,0.13,133.6,-4.03,1575603,-4.03,-4.02951,6.1005,6.96551,-0.02153,0.01695,-0.01161,48.4069,-27.53581,-66.58871
36.078982,-79.00803,10,0.13,133.7,-4.06,1575803,-4.06,-4.05524,6.09153,7.02234,-0.01741,0.01726,-0.01374,48.69921,-27.14119,-65.96024
36.078983,-79.008031,10,0.09,133.7,-4.04,1576603,-4.04,-4.0355,6.08914,7.01456,-0.01634,0.01573,-0.00794,48.43613,-27.36042,-66.17948
36.078983,-79.008031,10,0.09,133.8,-4,1576803,-4,-4.0002,6.08854,6.99482,-0.01405,0.01451,-0.01222,48.18766,-27.06811,-65.20023
36.078983,-79.008031,10,0.07,133.8,-4.02,1577603,-4.02,-4.01994,6.10828,6.97986,-0.0171,0.01161,-0.01252,47.83689,-27.02426,-65.59486
36.078983,-79.008031,10,0.07,133.9,-4.04,1577803,-4.04,-4.0355,6.0688,6.98405,-0.02153,0.0139,-0.01237,48.62613,-26.73195,-65.71178
36.078983,-79.008031,10,0.03,133.9,-4.02,1578603,-4.02,-4.01755,6.07538,6.95175,-0.01741,0.01222,-0.01145,48.1292,-26.77579,-66.35487
36.078983,-79.008031,10,0.03,133.9,-4.01,1578803,-4.01,-4.01456,6.06581,6.99661,-0.01481,0.01619,-0.0113,47.32534,-27.11196,-66.17948
36.078983,-79.008031,10,0.02,133.9,-4.07,1579603,-4.07,-4.07139,6.0993,7.00499,-0.01726,0.01649,-0.01252,48.07074,-26.90734,-65.98948
36.078983,-79.008031,10,0.02,134,-4.06,1579803,-4.06,-4.06182,6.08076,6.97927,-0.0171,0.01344,-0.01084,48.55305,-27.08272,-65.65332
36.078982,-79.00803,10,0.09,134,-4.06,1580603,-4.06,-4.05883,6.09691,6.97328,-0.01848,0.01665,-0.00901,47.89535,-27.18504,-65.31716
36.078982,-79.00803,10,0.09,134,-4.03,1580803,-4.03,-4.0349,6.08794,6.97269,-0.01466,0.01451,-0.01084,47.82227,-27.11196,-66.45718
36.078981,-79.008029,10,0.09,134,-4.05,1581603,-4.05,-4.04866,6.09153,6.98704,-0.0168,0.01329,-0.00977,47.88074,-27.27273,-65.97486
36.078981,-79.008029,10,0.09,134,-4.04,1581803,-4.04,-4.04088,6.10589,6.98166,-0.01833,0.01527,-0.01222,48.04151,-26.93657,-66.3841
36.078979,-79.008029,10,0.05,134,-4.03,1582603,-4.03,-4.0337,6.08196,6.98525,-0.01756,0.0139,-0.01145,48.02689,-27.27273,-66.98334
36.078979,-79.008029,10,0.05,133.9,-4.02,1582803,-4.02,-4.01516,6.09811,7.14796,-0.01542,0.01069,-0.00916,48.43613,-27.05349,-65.88716
36.078978,-79.008027,10,0.02,133.9,-4.03,1583603,-4.03,-4.02652,6.11187,6.98704,-0.01619,0.01252,-0.00947,48.24613,-26.9658,-65.55101
36.078978,-79.008027,10,0.02,133.7,-4.03,1583803,-4.03,-4.0331,6.08375,7.00499,-0.01252,0.01894,-0.0087,48.27536,-27.37504,-65.55101
36.078977,-79.008026,10,0.07,133.7,-4.03,1584603,-4.03,-4.0337,6.11187,6.99003,-0.01863,0.01481,-0.01023,47.86612,-27.46273,-65.71178
36.078977,-79.008026,10,0.07,133.7,-4.03,1584803,-4.03,-4.0343,6.09691,6.99063,-0.0168,0.0139,-0.0113,48.37767,-27.12657,-66.28179
36.078976,-79.008025,10,0.1,133.7,-4.05,1585603,-4.05,-4.05404,6.08734,6.98285,-0.01466,0.01542,-0.011,47.77843,-26.87811,-65.4487
36.078976,-79.008025,10,0.1,133.6,-4.04,1585803,-4.04,-4.04447,6.09153,6.98226,-0.01955,0.01145,-0.01115,47.76381,-26.64426,-65.2587
36.078975,-79.008025,10,0.12,133.6,-4.03,1586603,-4.03,-4.02652,6.10708,6.99243,-0.01772,0.01344,-0.01268,47.60304,-27.14119,-64.68869
36.078975,-79.008025,10,0.12,133.8,-4.02,1586803,-4.02,-4.02174,6.08315,6.96252,-0.01772,0.01329,-0.01115,48.31921,-27.30196,-64.92254
36.078974,-79.008024,10,0.06,133.8,-4.06,1587603,-4.06,-4.05583,6.09213,6.97747,-0.01817,0.01054,-0.01283,47.95382,-26.93657,-65.78486
36.078974,-79.008024,10,0.06,133.8,-4.05,1587803,-4.05,-4.05045,6.1023,6.935,-0.01588,0.01374,-0.01023,47.88074,-27.03888,-66.13564
36.078973,-79.008025,10,0.01,133.8,-4.05,1588603,-4.05,-4.04866,6.09033,6.98525,-0.01634,0.01436,-0.01161,47.39842,-26.87811,-65.21485
36.078973,-79.008025,10,0.01,133.8,-4.03,1588803,-4.03,-4.0325,6.09691,7.01157,-0.01588,0.01542,-0.00916,48.43613,-27.40427,-65.69717
36.078972,-79.008023,10,0.02,133.8,-4.03,1589603,-4.03,-4.0343,6.10828,7.01935,-0.02153,0.01726,-0.01054,48.31921,-27.34581,-65.87255
36.078972,-79.008023,10,0.02,133.8,-4.05,1589803,-4.05,-4.04925,6.10708,6.99123,-0.01405,0.00993,-0.01329,48.04151,-27.12657,-66.39871
36.07897,-79.008022,10,0.01,133.8,-4.03,1590603,-4.03,-4.03131,6.11426,6.99422,-0.01894,0.0139,-0.01069,47.90997,-27.41888,-66.34025
36.07897,-79.008022,10,0.01,133.7,-4.04,1590803,-4.04,-4.04208,6.10289,6.97568,-0.01512,0.01329,-0.01329,48.28997,-27.40427,-65.4487
36.078969,-79.00802,10,0.06,133.7,-4.05,1591603,-4.05,-4.05284,6.10289,6.9661,-0.0142,0.01222,-0.01145,48.20228,-27.06811,-64.80562
36.078969,-79.00802,10,0.06,133.7,-4.05,1591803,-4.05,-4.04806,6.07119,6.97269,-0.01573,0.01588,-0.01084,48.18766,-26.90734,-65.741
36.078968,-79.008019,10,0.06,133.7,-4.02,1592603,-4.02,-4.02234,6.10529,6.97986,-0.01481,0.01359,-0.01206,47.89535,-27.18504,-65.4487
36.078968,-79.008019,10,0.06,133.7,-4.04,1592803,-4.04,-4.03789,6.09093,6.93799,-0.01939,0.01955,-0.01176,48.34843,-27.27273,-65.21485
36.078967,-79.008018,10,0.01,133.7,-4.03,1593603,-4.03,-4.0343,6.10469,6.97627,-0.01604,0.01649,-0.01451,47.82227,-27.55042,-66.03333
36.078967,-79.008018,10,0.01,133.8,-4.03,1593803,-4.03,-4.03011,6.09093,6.98884,-0.01787,0.01741,-0.01145,48.20228,-27.27273,-65.53639
36.078967,-79.008015,10,0.05,133.8,-4.06,1594603,-4.06,-4.06062,6.10828,7.01635,-0.0142,0.01481,-0.01359,48.68459,-27.17042,-66.45718
36.078967,-79.008015,10,0.05,133.7,-4.04,1594803,-4.04,-4.03729,6.09093,6.98943,-0.01848,0.01481,-0.01252,48.5969,-27.34581,-66.53025
36.078968,-79.008013,10,0.12,133.7,-4.06,1595603,-4.06,-4.05763,6.08614,7.002,-0.01558,0.01573,-0.00962,48.31921,-26.87811,-66.60333
36.078968,-79.008013,10,0.12,133.6,-4.04,1595803,-4.04,-4.03849,6.09033,6.97448,-0.01604,0.01176,-0.0113,48.56767,-27.28734,-66.92487
36.078969,-79.00801,10,0.05,133.6,-4.03,1596603,-4.03,-4.02951,6.10648,6.97927,-0.01527,0.01191,-0.01176,48.26074,-27.40427,-65.90178
36.078969,-79.00801,10,0.05,133.6,-4.04,1596803,-4.04,-4.04327,6.08435,6.94457,-0.01802,0.01283,-0.0113,48.01228,-27.41888,-67.30488
36.078969,-79.008008,10,0.08,133.6,-4.03,1597603,-4.03,-4.02891,6.08016,6.97986,-0.01619,0.01313,-0.01283,48.17305,-27.44811,-66.92487
36.078969,-79.008008,10,0.08,133.7,-4.04,1597803,-4.04,-4.03609,6.11905,6.9338,-0.01451,0.01604,-0.01268,48.24613,-27.11196,-67.24642
36.07897,-79.008004,10,0.03,133.7,-4.04,1598603,-4.04,-4.04447,6.09392,6.94038,-0.01619,0.01252,-0.01268,48.08536,-27.6235,-66.01871
36.07897,-79.008004,10,0.03,133.7,-4.02,1598803,-4.02,-4.01755,6.08674,6.98226,-0.01466,0.01405,-0.01374,48.1292,-27.65273,-66.74949
36.07897,-79.008,10,0.03,133.7,-4.04,1599603,-4.04,-4.04387,6.07239,6.97029,-0.01802,0.01115,-0.01344,48.24613,-27.33119,-65.98948
36.07897,-79.008,10,0.03,133.5,-4.04,1599803,-4.04,-4.03849,6.09572,6.98764,-0.0168,0.01161,-0.01298,47.99766,-27.44811,-66.22333
36.07897,-79.007998,10,0.01,133.5,-4.06,1600603,-4.06,-4.05583,6.09572,6.9685,-0.01878,0.01344,-0.01298,48.31921,-26.90734,-66.35487
36.07897,-79.007998,10,0.01,133.5,-4.05,1600803,-4.05,-4.04925,6.08734,7.14138,-0.01924,0.01451,-0.01222,47.58842,-27.19965,-66.61795
36.078969,-79.007998,10,0.03,133.5,-4.03,1601603,-4.03,-4.03071,6.0993,6.98046,-0.0139,0.01252,-0.00504,48.09997,-27.12657,-66.04794
36.078969,-79.007998,10,0.03,133.6,-4.05,1601803,-4.05,-4.05284,6.10888,6.94278,-0.01619,0.01206,-0.0113,47.67612,-27.17042,-66.12102
36.078969,-79.007999,10,0.06,133.6,-4.06,1602603,-4.06,-4.05583,6.09691,7.00678,-0.01909,0.01268,-0.01176,48.28997,-27.44811,-66.39871
36.078969,-79.007999,10,0.06,133.7,-4.03,1602803,-4.03,-4.0349,6.08555,6.96252,-0.01374,0.01604,-0.01038,48.24613,-27.57966,-66.12102
36.078968,-79.007999,10,0.09,133.7,-4.02,1603603,-4.02,-4.02473,6.09691,6.95294,-0.0171,0.01604,-0.00962,47.39842,-26.79041,-66.39871
36.078968,-79.007999,10,0.09,133.8,-4.04,1603803,-4.04,-4.04387,6.09691,6.98943,-0.01848,0.0171,-0.00977,47.50073,-27.46273,-65.49255
36.078967,-79.007999,10,0.02,133.8,-4.01,1604603,-4.01,-4.01097,6.11007,6.96431,-0.01512,0.01848,-0.01115,48.33382,-27.11196,-66.26717
36.078967,-79.007999,10,0.02,134,-4.06,1604803,-4.06,-4.05942,6.09691,6.99542,-0.01665,0.01695,-0.01191,48.1292,-26.90734,-66.4864
36.078967,-79.008002,10,0.08,134,-4.03,1605603,-4.03,-4.02533,6.09153,6.99721,-0.01665,0.0139,-0.01436,47.82227,-26.43964,-66.31102
36.078967,-79.008002,10,0.08,134.5,-4.05,1605803,-4.05,-4.04626,6.09751,7.03609,-0.01665,0.01558,-0.01222,47.82227,-26.92195,-66.12102
36.078966,-79.008003,10,0.03,134.5,-4.02,1606603,-4.02,-4.01994,6.09452,6.99422,-0.01726,0.01527,-0.01176,48.05612,-27.1558,-65.84332
36.078966,-79.008003,10,0.03,134.6,-4.04,1606803,-4.04,-4.03729,6.08914,6.92902,-0.0197,0.01374,-0.01054,48.09997,-26.90734,-67.01257
36.078966,-79.008005,10,0.02,134.6,-4.03,1607603,-4.03,-4.02592,6.09452,7.01217,-0.01558,0.01588,-0.01206,48.14382,-27.38965,-65.53639
36.078966,-79.008005,10,0.02,134.7,-4.05,1607803,-4.05,-4.04686,6.10708,6.99542,-0.01649,0.01268,-0.01298,48.08536,-26.74656,-66.32564
36.078966,-79.008006,10,0.14,134.7,-4.02,1608603,-4.02,-4.02234,6.08315,6.94278,-0.01772,0.01451,-0.0113,48.78691,-27.46273,-66.39871
36.078966,-79.008006,10,0.14,134.8,-4.03,1608803,-4.03,-4.02951,6.11187,6.97568,-0.01802,0.01466,-0.01176,48.28997,-27.28734,-66.12102
36.078966,-79.008007,10,0.01,134.8,-4.03,1609603,-4.03,-4.02832,6.12024,7.01336,-0.01649,0.01359,-0.00947,48.11459,-27.4335,-66.04794
36.078966,-79.008007,10,0.01,134.5,-4.02,1609803,-4.02,-4.01934,6.08136,6.98046,-0.01939,0.0142,-0.00932,48.39228,-27.28734,-65.33177
36.078967,-79.008008,10,0.08,134.5,-4.02,1610603,-4.02,-4.02054,6.08854,7.0002,-0.0142,0.01466,-0.01222,48.37767,-27.00965,-65.21485
36.078967,-79.008008,10,0.08,134.4,-4.04,1610803,-4.04,-4.03849,6.10947,6.99123,-0.01619,0.01512,-0.01283,48.96229,-27.14119,-66.3841
36.078966,-79.008011,10,0.07,134.4,-4.02,1611603,-4.02,-4.02353,6.10289,6.97927,-0.01726,0.01313,-0.01145,48.14382,-27.18504,-65.85793
36.078966,-79.008011,10,0.07,134.4,-4.04,1611803,-4.04,-4.03609,6.1017,6.93021,-0.01222,0.01298,-0.011,47.76381,-27.4335,-65.47793
36.078966,-79.008016,10,0.24,134.4,-4.05,1612603,-4.05,-4.05165,6.09691,7.02353,-0.01802,0.01054,-0.01512,47.98305,-26.74656,-65.93102
36.078966,-79.008016,10,0.24,134.5,-4.04,1612803,-4.04,-4.04387,6.09093,6.96311,-0.01527,0.01634,-0.01268,48.05612,-27.33119,-65.72639
36.078966,-79.008021,10,0.18,134.5,-4.05,1613603,-4.05,-4.04746,6.07897,6.97388,-0.01634,0.01405,-0.01084,48.33382,-27.65273,-65.71178
36.078966,-79.008021,10,0.18,134.8,-4.03,1613803,-4.03,-4.02592,6.10888,6.97568,-0.01252,0.01268,-0.01161,48.36305,-27.37504,-65.39024
36.078966,-79.008025,10,0.09,134.8,-4.04,1614603,-4.04,-4.0355,6.11546,6.99901,-0.01313,0.01405,-0.0113,48.45074,-27.03888,-64.83485
36.078966,-79.008025,10,0.09,135,-4.02,1614803,-4.02,-4.02174,6.08674,6.97687,-0.01924,0.01588,-0.00764,48.27536,-27.18504,-66.01871
36.078966,-79.008027,10,0.06,135,-4.04,1615603,-4.04,-4.04387,6.09691,6.99901,-0.01573,0.01329,-0.01206,48.74306,-27.38965,-65.50716
36.078966,-79.008027,10,0.06,135,-4.04,1615803,-4.04,-4.03609,6.09811,7.0008,-0.01497,0.01405,-0.01054,47.88074,-27.40427,-65.69717
36.078965,-79.008028,10,0.12,135,-4.01,1616603,-4.01,-4.01037,6.09452,6.97807,-0.01359,0.01298,-0.0139,48.50921,-27.28734,-65.77025
36.078965,-79.008028,10,0.12,135,-4.05,1616803,-4.05,-4.04507,6.08076,6.94517,-0.01772,0.01466,-0.01252,48.69921,-27.4335,-64.96638
36.078965,-79.008029,10,0.03,135,-4.03,1617603,-4.03,-4.0337,6.10409,6.96491,-0.01374,0.01451,-0.01268,48.77229,-27.52119,-64.95177
36.078965,-79.008029,10,0.03,134.9,-4.04,1617803,-4.04,-4.03789,6.09572,6.97807,-0.01817,0.01878,-0.01115,48.04151,-26.90734,-65.31716
36.078964,-79.008028,10,0.0,134.9,-4,1618603,-4,-4.00259,6.10708,7.02054,-0.01527,0.01298,-0.01451,48.55305,-27.14119,-65.65332
36.078964,-79.008028,10,0.0,134.8,-4.02,1618803,-4.02,-4.02114,6.08614,6.98285,-0.01634,0.01512,-0.01069,48.15844,-27.30196,-65.27332
36.078964,-79.008027,10,0.03,134.8,-4.02,1619603,-4.02,-4.02293,6.09631,6.98226,-0.01955,0.00947,-0.01023,48.27536,-27.09734,-65.28793
36.078964,-79.008027,10,0.03,134.5,-4.04,1619803,-4.04,-4.04028,6.09272,6.94337,-0.01665,0.01558,-0.00993,48.20228,-27.31657,-64.981
36.078964,-79.008024,10,0.06,134.5,-4.02,1620603,-4.02,-4.01875,6.08854,6.98585,-0.01115,0.01451,-0.01191,47.70535,-26.93657,-65.11254
36.078964,-79.008024,10,0.06,134.2,-4.05,1620803,-4.05,-4.05344,6.11785,7.03909,-0.01497,0.01329,-0.00932,48.09997,-26.4981,-65.21485
36.078965,-79.008021,10,0.05,134.2,-4.02,1621603,-4.02,-4.01934,6.1023,6.96551,-0.01924,0.01359,-0.01206,47.85151,-27.46273,-65.47793
36.078965,-79.008021,10,0.05,133.9,-3.98,1621803,-3.98,-3.98046,6.1011,7.03011,-0.01802,0.01955,-0.00962,47.95382,-26.81964,-65.69717
36.078966,-79.008017,10,0.1,133.9,-4.04,1622603,-4.04,-4.03789,6.08734,7.02293,-0.02153,0.01252,-0.01115,47.33996,-27.18504,-65.46332
36.078966,-79.008017,10,0.1,133.5,-4.04,1622803,-4.04,-4.04148,6.10888,6.99422,-0.01848,0.01374,-0.01206,48.45074,-27.49196,-66.61795
36.078966,-79.008013,10,0.12,133.5,-4.02,1623603,-4.02,-4.02293,6.09751,6.98525,-0.01772,0.01756,-0.01206,48.1292,-27.38965,-65.66793
36.078966,-79.008013,10,0.12,133.2,-4.03,1623803,-4.03,-4.0343,6.08614,6.97089,-0.01649,0.01313,-0.01405,48.69921,-27.66735,-65.53639
36.078966,-79.00801,10,0.07,133.2,-4.01,1624603,-4.01,-4.01037,6.08315,7.00798,-0.01772,0.01298,-0.01436,48.47998,-27.21426,-66.07717
36.078966,-79.00801,10,0.07,132.9,-4.02,1624803,-4.02,-4.02293,6.0993,7.01037,-0.0171,0.01527,-0.011,47.83689,-27.44811,-65.79948
36.078966,-79.008009,10,0.05,132.9,-4.04,1625603,-4.04,-4.03789,6.09691,6.99542,-0.01558,0.01161,-0.01313,48.01228,-27.09734,-65.58024
36.078966,-79.008009,10,0.05,132.7,-4.05,1625803,-4.05,-4.04925,6.1017,7.02533,-0.02016,0.01466,-0.01313,48.28997,-26.93657,-65.65332
36.078966,-79.008008,10,0.1,132.7,-4.02,1626603,-4.02,-4.01695,6.07418,6.95893,-0.01726,0.01191,-0.01176,48.01228,-27.08272,-65.53639
36.078966,-79.008008,10,0.1,132.5,-4.02,1626803,-4.02,-4.02353,6.09512,6.98943,-0.01772,0.0171,-0.00702,47.85151,-27.30196,-65.49255
36.078964,-79.008007,10,0.05,132.5,-4.03,1627603,-4.03,-4.03191,6.12383,6.99183,-0.01649,0.01084,-0.01222,47.86612,-27.72581,-65.96024
36.078964,-79.008007,10,0.05,132.3,-4.02,1627803,-4.02,-4.02114,6.10469,6.96431,-0.01512,0.01451,-0.01283,47.80766,-27.52119,-65.40485
36.078963,-79.008006,10,0.03,132.3,-4,1628603,-4,-3.99781,6.0993,6.88953,-0.01665,0.0226,-0.01451,48.30459,-27.40427,-66.54488
36.078963,-79.008006,10,0.03,132,-3.98,1628803,-3.98,-3.97867,6.08315,6.97448,-0.01436,0.01573,-0.01313,47.99766,-27.36042,-66.07717
36.078961,-79.008004,10,0.06,132,-4.02,1629603,-4.02,-4.01875,6.0359,6.97627,-0.0171,0.01298,-0.01313,48.07074,-27.4335,-65.52177
36.078961,-79.008004,10,0.06,131.7,-3.95,1629803,-3.95,-3.94756,6.11306,7.01994,-0.01283,0.02367,-0.01405,48.31921,-26.90734,-65.41946
36.07896,-79.008005,10,0.05,131.7,-4.07,1630603,-4.07,-4.0666,6.07598,6.99781,-0.01619,0.01558,-0.00764,49.63461,-27.75504,-65.93102
36.07896,-79.008005,11,0.05,131.7,-4.01,1630803,-4.01,-4.00559,6.08495,6.95055,-0.01787,0.01573,-0.01176,49.54692,-27.84274,-66.00409
36.078959,-79.008006,11,0.07,131.7,-4.03,1631603,-4.03,-4.02951,6.08255,7.0343,-0.01634,0.01252,-0.01191,49.63461,-27.55042,-66.06256
36.078959,-79.008006,10,0.07,131.9,-3.97,1631803,-3.97,-3.97448,6.07418,6.96192,-0.0197,0.01436,-0.01436,49.09383,-27.40427,-65.6387
36.078958,-79.008007,10,0.05,131.9,-4,1632603,-4,-4.002,6.04307,7.01935,-0.01649,0.03421,0.0142,48.26074,-27.82812,-65.31716
36.078958,-79.008007,10,0.05,131.9,-4.02,1632803,-4.02,-4.02293,6.15673,6.92124,-0.02016,0.01298,-0.01176,49.00614,-28.26659,-65.33177
36.078957,-79.008008,10,0.1,131.9,-4.04,1633603,-4.04,-4.03669,6.13221,6.93081,-0.02138,0.01405,-0.01038,48.66998,-27.71119,-64.87869
36.078957,-79.008008,10,0.1,131.8,-4.04,1633803,-4.04,-4.04148,6.14896,6.95235,-0.01726,0.01573,-0.01405,48.43613,-27.44811,-65.50716
36.078956,-79.008007,10,0.07,131.8,-4.04,1634603,-4.04,-4.03908,6.13041,6.94756,-0.01772,0.01344,-0.011,48.90383,-28.19351,-64.82023
36.078956,-79.008007,10,0.07,131.8,-4.03,1634803,-4.03,-4.02592,6.15015,6.96431,-0.01115,0.01344,-0.00962,48.74306,-28.2812,-64.93715
36.078955,-79.008005,10,0.02,131.8,-3.99,1635603,-3.99,-3.99063,6.15015,6.95653,-0.01451,0.0168,-0.01313,48.99152,-27.34581,-65.49255
36.078955,-79.008005,10,0.02,131.6,-4.01,1635803,-4.01,-4.01396,6.12204,6.89731,-0.02001,0.01451,-0.01466,48.66998,-27.82812,-66.61795
36.078952,-79.008002,10,0.05,131.6,-4.03,1636603,-4.03,-4.02832,6.15195,6.96371,-0.01466,0.01466,-0.01054,48.72844,-28.32505,-64.96638
36.078952,-79.008002,10,0.05,131.4,-4.02,1636803,-4.02,-4.01875,6.15554,6.94337,-0.01726,0.01466,-0.01298,48.49459,-27.69658,-65.41946
36.078951,-79.007999,10,0.07,131.4,-4.03,1637603,-4.03,-4.02712,6.15075,6.91167,-0.01344,0.01405,-0.01069,48.47998,-27.25811,-65.62408
36.078951,-79.007999,10,0.07,131.2,-4.04,1637803,-4.04,-4.04028,6.13819,6.91705,-0.02031,0.0142,-0.01054,48.64075,-27.41888,-65.39024
36.07895,-79.007996,10,0.02,131.2,-4.04,1638603,-4.04,-4.03789,6.1352,6.96012,-0.0168,0.01497,-0.01176,48.55305,-27.49196,-65.96024
36.07895,-79.007996,11,0.02,131.1,-4.03,1638803,-4.03,-4.03131,6.12563,6.97328,-0.01512,0.01497,-0.01268,48.14382,-27.25811,-65.56562
36.078949,-79.007992,11,0.05,131.1,-4.02,1639603,-4.02,-4.01994,6.14537,6.95893,-0.01619,0.01298,-0.01176,47.83689,-27.6235,-65.88716
36.078949,-79.007992,11,0.05,131,-4.01,1639803,-4.01,-4.01217,6.15314,6.9679,-0.01909,0.01466,-0.00886,48.52382,-27.19965,-66.3841
36.078948,-79.007988,11,0.05,131,-4.05,1640603,-4.05,-4.04866,6.14417,6.9691,-0.0139,0.01374,-0.01283,48.45074,-27.28734,-65.96024
36.078948,-79.007988,11,0.05,130.9,-4.04,1640803,-4.04,-4.04447,6.14058,6.91945,-0.01451,0.01512,-0.01084,48.71383,-27.53581,-65.9164
36.078947,-79.007987,11,0.06,130.9,-3.99,1641603,-3.99,-3.98824,6.41635,6.52642,-0.03864,0.02138,-0.00107,48.75767,-27.71119,-65.68255
36.078947,-79.007987,11,0.06,130.8,-4.02,1641803,-4.02,-4.02174,6.15554,6.95115,-0.01206,0.02031,-0.01298,48.74306,-27.49196,-65.22946
36.078946,-79.007983,11,0.07,130.8,-4.13,1642603,-4.13,-4.12822,6.20758,6.87578,-0.02596,0.01268,-0.00458,48.61152,-27.79889,-65.741
36.078946,-79.007983,10,0.07,130.6,-3.88,1642803,-3.88,-3.88295,6.15733,7.14377,-0.01038,0.0391,-0.01756,48.47998,-27.74043,-65.66793
36.078944,-79.00798,10,0.08,130.6,-4.01,1643603,-4.01,-4.00917,6.76271,5.92164,-0.51526,-0.57085,-0.25901,47.12073,-28.73429,-64.33791
36.078944,-79.00798,10,0.08,130.5,-3.88,1643803,-3.88,-3.87757,7.58704,5.23849,-0.10354,0.01512,-0.05925,47.41304,-30.88278,-62.62789
36.078944,-79.007976,10,0.13,130.5,-1.9,1644603,-1.9,-1.9017,5.74277,5.69731,-0.24725,-0.08888,-0.56536,50.36539,-25.91348,-69.51183
36.078944,-79.007976,10,0.13,130.3,-3.55,1644803,-3.55,-3.55095,6.51566,6.81177,-0.02566,-0.00611,-0.04093,50.71617,-26.52733,-69.43876
36.078944,-79.007972,10,0.0,130.3,-3.39,1645603,-3.39,-3.38943,6.6359,6.79382,-0.01558,0.0139,-0.0168,50.99386,-26.92195,-68.21105
36.078944,-79.007972,10,0.0,130.1,-3.38,1645803,-3.38,-3.38166,6.63111,6.78425,-0.01588,0.01466,-0.01283,51.44695,-27.00965,-69.32184
36.078946,-79.00797,10,0.03,130.1,-3.51,1646603,-3.51,-3.51266,6.86142,7.04626,-0.11362,-0.04612,-0.2529,50.26308,-26.32271,-70.15492
36.078946,-79.00797,10,0.03,129.9,-1.76,1646803,-1.76,-1.76411,5.89053,7.72822,0.02642,-0.46853,-0.16829,49.91231,-26.39579,-70.30108
36.078948,-79.007969,10,0.05,129.9,-3.45,1647603,-3.45,-3.44566,6.51446,6.82612,-0.06384,0.09575,-0.06842,49.56153,-25.94271,-71.32417
36.078948,-79.007969,10,0.05,130,-3.87,1647803,-3.87,-3.86501,6.469,7.21376,-0.05406,0.04398,-0.01191,48.88921,-25.40193,-71.73341
36.07895,-79.007968,10,0.03,130,-3.74,1648603,-3.74,-3.73819,6.39721,6.78365,-0.02657,0.00855,-0.00825,49.32768,-26.01579,-72.02572
36.07895,-79.007968,10,0.03,129.9,-6.1,1648803,-6.1,-6.1005,3.08913,3.24407,-0.50855,-1.21593,-0.52672,49.44461,-27.25811,-70.6957
36.078951,-79.007968,10,0.06,129.9,-3.54,1649603,-3.54,-3.53958,6.60658,6.79921,-0.02184,-0.01237,-0.05284,50.13154,-26.38117,-71.10493
36.078951,-79.007968,10,0.06,129.8,-3.51,1649803,-3.51,-3.50728,6.56291,6.71785,-0.02428,0.02062,-0.01008,50.20462,-26.99503,-70.44724
36.07896,-79.007972,10,0.15,129.8,-3.53,1650603,-3.53,-3.52582,6.58385,6.73101,-0.01756,0.01329,-0.01008,50.30693,-26.81964,-71.7188
36.07896,-79.007972,10,0.15,129.6,-3.54,1650803,-3.54,-3.5354,6.58684,6.77408,-0.01985,0.01313,-0.00977,50.62847,-26.57118,-71.07571
36.078961,-79.007972,10,0.0,129.6,-3.51,1651603,-3.51,-3.51266,6.60539,6.74477,-0.01924,0.01512,-0.01252,50.90617,-26.86349,-71.33879
36.078961,-79.007972,10,0.0,129.6,-3.52,1651803,-3.52,-3.51565,6.57189,6.77827,-0.0171,0.0168,-0.01436,50.30693,-26.61502,-71.10493
36.078961,-79.007971,10,0.02,129.6,-3.53,1652603,-3.53,-3.5324,6.58325,6.7687,-0.01756,0.01542,-0.01115,50.45308,-26.45425,-71.74802
36.078961,-79.007971,11,0.02,129.8,-3.53,1652803,-3.53,-3.52642,6.58565,6.78844,-0.01405,0.01634,-0.00962,50.52616,-26.57118,-71.41187
36.07896,-79.007971,11,0.01,129.8,-3.54,1653603,-3.54,-3.54138,6.58983,6.75554,-0.01649,0.01573,-0.01405,50.45308,-26.32271,-71.36802
36.07896,-79.007971,11,0.01,130.1,-3.51,1653803,-3.51,-3.51087,6.57368,6.77288,-0.01772,0.01497,-0.00993,50.68693,-26.90734,-71.03186
36.07896,-79.007969,11,0.02,130.1,-3.52,1654603,-3.52,-3.51625,6.58206,6.76451,-0.01542,0.01558,-0.01359,50.5554,-26.71733,-71.19263
36.07896,-79.007969,11,0.02,130,-3.53,1654803,-3.53,-3.53061,6.59163,6.72144,-0.01695,0.01573,-0.01115,50.30693,-26.20579,-70.84186
36.078961,-79.007967,11,0.03,130,-3.52,1655603,-3.52,-3.52343,6.56172,6.74896,-0.01436,0.01344,-0.01374,50.19,-26.3081,-71.92342
36.078961,-79.007967,11,0.03,130,-3.5,1655803,-3.5,-3.50429,6.58624,6.76271,-0.01497,0.01512,-0.01069,50.5554,-27.06811,-71.07571
36.078963,-79.007967,11,0.03,130,-3.53,1656603,-3.53,-3.53121,6.58924,6.78545,-0.01817,0.01787,-0.01313,50.54078,-26.2204,-71.61649
36.078963,-79.007967,11,0.03,129.8,-3.53,1656803,-3.53,-3.5342,6.57667,6.75075,-0.01451,0.01772,-0.01298,50.19,-26.2204,-70.87109
36.078965,-79.007968,11,0.02,129.8,-3.54,1657603,-3.54,-3.54257,6.58684,6.75135,-0.01497,0.01222,-0.01237,50.49693,-26.62964,-71.80649
36.078965,-79.007968,11,0.02,129.7,-3.56,1657803,-3.56,-3.55514,6.58026,6.80878,-0.01405,0.0142,-0.01313,50.20462,-26.08886,-71.54341
36.078966,-79.007968,11,0.05,129.7,-3.52,1658603,-3.52,-3.52403,6.58325,6.76989,-0.01542,0.01405,-0.01161,50.48232,-26.43964,-71.20725
36.078966,-79.007968,11,0.05,129.5,-3.57,1658803,-3.57,-3.5671,6.57428,6.65623,-0.02046,0.00825,-0.01176,51.11079,-26.61502,-71.13417
36.078969,-79.007968,11,0.05,129.5,-3.53,1659603,-3.53,-3.53061,6.57907,6.74955,-0.01787,0.01268,-0.01573,50.40924,-26.13271,-70.71032
36.078969,-79.007968,11,0.05,129.4,-3.55,1659803,-3.55,-3.55215,6.59462,6.75853,-0.01542,0.01604,-0.01038,50.04385,-26.41041,-70.84186
36.078972,-79.007969,11,0.05,129.4,-3.54,1660603,-3.54,-3.53599,6.59223,6.76152,-0.01695,0.01222,-0.00748,50.23385,-26.19117,-71.03186
36.078972,-79.007969,11,0.05,129.2,-3.51,1660803,-3.51,-3.50788,6.58206,6.78066,-0.01405,0.0139,-0.01283,50.39462,-26.29348,-70.47646
36.078975,-79.00797,11,0.06,129.2,-3.52,1661603,-3.52,-3.51805,6.59223,6.74716,-0.01497,0.01726,-0.01558,50.71617,-26.38117,-70.44724
36.078975,-79.00797,11,0.06,129.1,-3.58,1661803,-3.58,-3.58445,6.61675,6.78545,-0.02001,0.00596,-0.00916,50.29231,-25.81116,-70.81263
36.078976,-79.00797,11,0.06,129.1,-3.52,1662603,-3.52,-3.52283,6.59462,6.7681,-0.01649,0.01726,-0.01069,50.2777,-26.26425,-70.72494
36.078976,-79.00797,11,0.06,128.9,-3.67,1662803,-3.67,-3.67298,6.57249,6.72742,-0.01619,0.01466,-0.01344,50.17539,-26.35194,-72.01111
36.078978,-79.007971,11,0.01,128.9,-3.47,1663603,-3.47,-3.47498,6.52343,6.75195,-0.0171,0.0087,-0.01268,50.33616,-26.2204,-70.9734
36.078978,-79.007971,11,0.01,128.8,-3.51,1663803,-3.51,-3.50668,6.5677,6.77229,-0.01527,0.01558,-0.01268,50.07307,-25.79655,-71.11955
36.078979,-79.007972,11,0.02,128.8,-3.53,1664603,-3.53,-3.53001,6.59103,6.80459,-0.01817,0.01405,-0.01359,50.48232,-26.20579,-70.59339
36.078979,-79.007972,11,0.02,128.7,-3.52,1664803,-3.52,-3.51805,6.59223,6.76092,-0.01527,0.01573,-0.01268,50.5554,-26.39579,-70.00877
36.07898,-79.007974,11,0.01,128.7,-3.51,1665603,-3.51,-3.51266,6.60838,6.78844,-0.01649,0.01283,-0.00794,50.39462,-26.05963,-71.00263
36.07898,-79.007974,10,0.01,128.8,-3.52,1665803,-3.52,-3.51625,6.58325,6.8016,-0.01405,0.01772,-0.01084,50.26308,-26.19117,-70.79801
36.07898,-79.007977,10,0.0,128.8,-3.53,1666603,-3.53,-3.52582,6.57069,6.76571,-0.01604,0.01909,-0.01176,50.45308,-26.32271,-70.57878
36.07898,-79.007977,10,0.0,128.8,-3.51,1666803,-3.51,-3.50549,6.58206,6.77707,-0.01817,0.01298,-0.01313,50.13154,-26.11809,-71.58725
36.078981,-79.007979,10,0.0,128.8,-3.54,1667603,-3.54,-3.53659,6.58505,6.76152,-0.01909,0.01573,-0.01252,50.77463,-25.97194,-70.81263
36.078981,-79.007979,10,0.0,128.8,-3.49,1667803,-3.49,-3.49173,6.57069,6.74896,-0.01634,0.01497,-0.0113,50.01461,-25.53347,-70.5057
36.078982,-79.007982,10,0.01,128.8,-3.51,1668603,-3.51,-3.51147,6.4355,6.78724,-0.01878,0.01283,-0.01359,50.57001,-25.88424,-71.41187
36.078982,-79.007982,10,0.01,128.9,-3.53,1668803,-3.53,-3.52523,6.58565,6.7669,-0.01726,0.0142,-0.00733,50.32154,-26.11809,-71.30956
36.078983,-79.007985,10,0.03,128.9,-3.37,1669603,-3.37,-3.36969,6.57667,6.74238,-0.0171,0.01634,-0.01054,50.57001,-26.23502,-71.25109
36.078983,-79.007985,11,0.03,129.1,-3.54,1669803,-3.54,-3.5354,6.59282,6.74776,-0.01695,0.01344,-0.00855,50.45308,-26.36656,-70.66647
36.078985,-79.007987,11,0.08,129.1,-3.52,1670603,-3.52,-3.52164,6.57428,6.78724,-0.01558,0.01436,-0.01161,50.35077,-26.4981,-70.81263
36.078985,-79.007987,11,0.08,129.3,-3.53,1670803,-3.53,-3.52941,6.57488,6.79861,-0.01985,0.01802,-0.01038,50.42385,-26.35194,-72.4642
36.078986,-79.007991,11,0.01,129.3,-3.52,1671603,-3.52,-3.52104,6.60658,6.78066,-0.01436,0.01634,-0.01054,50.23385,-25.76732,-71.36802
36.078986,-79.007991,11,0.01,129.7,-3.5,1671803,-3.5,-3.5013,6.55693,6.76092,-0.01619,0.01772,-0.0055,50.26308,-26.80503,-70.84186
36.078988,-79.007996,11,0.09,129.7,-3.53,1672603,-3.53,-3.52582,6.58325,6.76152,-0.01512,0.01772,-0.01283,50.40924,-26.19117,-70.38878
36.078988,-79.007996,11,0.09,130.2,-3.52,1672803,-3.52,-3.51625,6.55394,6.7681,-0.01542,0.01909,-0.01145,50.36539,-26.24964,-70.94417
36.07899,-79.008,11,0.1,130.2,-3.5,1673603,-3.5,-3.50489,6.58206,6.72563,-0.01604,0.01985,-0.01069,50.36539,-26.57118,-69.64338
36.07899,-79.008,11,0.1,130.7,-3.52,1673803,-3.52,-3.51984,6.58266,6.75613,-0.01909,0.01451,-0.01329,50.43847,-25.79655,-69.54107
36.078993,-79.008004,11,0.07,130.7,-3.53,1674603,-3.53,-3.5348,6.59941,6.77288,-0.0168,0.0171,-0.01069,50.35077,-25.69424,-70.08185
36.078993,-79.008004,11,0.07,131.1,-3.5,1674803,-3.5,-3.4995,6.57548,6.78246,-0.0142,0.01542,-0.0142,50.33616,-26.05963,-70.15492
36.078995,-79.008007,11,0.09,131.1,-3.5,1675603,-3.5,-3.4989,6.57189,6.75314,-0.01787,0.0139,-0.01222,50.61386,-25.8404,-70.57878
36.078995,-79.008007,11,0.09,131.5,-3.5,1675803,-3.5,-3.50489,6.57787,6.73819,-0.01878,0.01512,-0.01084,50.17539,-26.10348,-70.33031
36.078996,-79.008009,11,0.02,131.5,-3.49,1676603,-3.49,-3.49113,6.58505,6.78724,-0.01695,0.0168,-0.01161,50.29231,-26.10348,-70.66647
36.078996,-79.008009,11,0.02,131.6,-3.52,1676803,-3.52,-3.51924,6.58983,6.79562,-0.01772,0.01481,-0.01161,50.68693,-26.2204,-70.27185
36.078996,-79.008009,11,0.03,131.6,-3.51,1677603,-3.51,-3.50668,6.58624,6.75195,-0.01817,0.0139,-0.01298,50.52616,-26.23502,-70.94417
36.078996,-79.008009,11,0.03,131.7,-3.54,1677803,-3.54,-3.54018,6.6006,6.73879,-0.0139,0.01573,-0.00764,50.11693,-25.53347,-70.43262
36.078996,-79.008009,11,0.06,131.7,-3.5,1678603,-3.5,-3.49831,6.59163,6.78605,-0.01237,0.01802,-0.0113,50.54078,-25.69424,-70.15492
36.078996,-79.008009,11,0.06,131.6,-3.52,1678803,-3.52,-3.52343,6.6,6.74955,-0.01405,0.01237,-0.01451,50.45308,-25.91348,-70.44724
36.078996,-79.008007,11,0.01,131.6,-3.55,1679603,-3.55,-3.55155,6.58026,6.78425,-0.01772,0.01588,-0.01023,50.29231,-25.44578,-71.04648
36.078996,-79.008007,11,0.01,131.6,-3.53,1679803,-3.53,-3.52882,6.58086,6.74896,-0.01634,0.01344,-0.01222,50.0877,-26.29348,-70.3157
36.078996,-79.008005,11,0.02,131.6,-3.52,1680603,-3.52,-3.51805,6.58924,6.75314,-0.01268,0.01695,-0.01176,50.97924,-25.81116,-70.24262
36.078996,-79.008005,11,0.02,131.4,-3.52,1680803,-3.52,-3.51565,6.59761,6.78425,-0.01756,0.01451,-0.01176,50.67232,-26.10348,-70.3157
36.078997,-79.008004,11,0.06,131.4,-3.49,1681603,-3.49,-3.48933,6.57667,6.77767,-0.01527,0.01359,-0.01176,50.5554,-26.20579,-70.52032
36.078997,-79.008004,11,0.06,131.5,-3.49,1681803,-3.49,-3.48694,6.58206,6.75075,-0.01451,0.01787,-0.00886,50.45308,-25.98655,-70.47646
36.078998,-79.008003,11,0.29,131.5,-3.51,1682603,-3.51,-3.51326,6.5677,6.77887,-0.0168,0.01405,-0.011,50.2777,-26.04502,-70.21339
36.078998,-79.008003,11,0.29,131.8,-3.49,1682803,-3.49,-3.48634,6.58744,6.77827,-0.01726,0.01298,-0.0139,50.4677,-26.2204,-70.91493
36.078998,-79.008002,11,0.05,131.8,-3.51,1683603,-3.51,-3.51266,6.57548,6.80279,-0.01817,0.01634,-0.01344,50.49693,-26.46887,-70.40339
36.078998,-79.008002,11,0.05,132,-3.51,1683803,-3.51,-3.51207,6.59103,6.76271,-0.01741,0.0139,-0.01252,50.38,-26.04502,-70.41801
36.078997,-79.008002,11,0.05,132,-3.53,1684603,-3.53,-3.52882,6.58565,6.74178,-0.01558,0.01665,-0.01069,50.49693,-25.86963,-70.81263
36.078997,-79.008002,11,0.05,132.1,-3.5,1684803,-3.5,-3.49532,6.59163,6.7681,-0.01909,0.01313,-0.01115,50.42385,-26.42502,-71.33879
36.078995,-79.008002,11,0.06,132.1,-3.51,1685603,-3.51,-3.50907,6.57907,6.75195,-0.01833,0.01344,-0.01191,50.73078,-26.48348,-69.97954
36.078995,-79.008002,11,0.06,132.2,-3.51,1685803,-3.51,-3.50907,6.57428,6.76271,-0.01741,0.01604,-0.01084,49.97077,-26.3081,-71.00263
36.078994,-79.008002,11,0.05,132.2,-3.51,1686603,-3.51,-3.51207,6.57129,6.76212,-0.0168,0.01298,-0.01069,50.81847,-26.46887,-71.25109
36.078994,-79.008002,11,0.05,132.2,-3.67,1686803,-3.67,-3.667,6.58206,6.72981,-0.01436,0.01512,-0.01405,50.39462,-26.27887,-70.18416
36.078992,-79.008002,11,0.03,132.2,-3.5,1687603,-3.5,-3.50369,6.57488,6.7675,-0.02031,0.01466,-0.00977,50.78924,-26.33733,-69.89185
36.078992,-79.008002,11,0.03,132.3,-3.51,1687803,-3.51,-3.50907,6.58924,6.7669,-0.01542,0.01741,-0.01283,50.6577,-26.43964,-70.35954
36.07899,-79.008003,11,0.02,132.3,-3.67,1688603,-3.67,-3.6676,6.57727,6.8016,-0.01939,0.0113,-0.0113,50.80386,-26.19117,-70.28647
36.07899,-79.008003,11,0.02,132.2,-3.52,1688803,-3.52,-3.52223,6.58325,6.76152,-0.01237,0.01787,-0.01069,50.80386,-25.91348,-70.6957
36.078988,-79.008003,11,0.02,132.2,-3.52,1689603,-3.52,-3.51924,6.58983,6.78246,-0.01939,0.01894,-0.01206,50.61386,-26.19117,-71.68957
36.078988,-79.008003,11,0.02,132.3,-3.54,1689803,-3.54,-3.53958,6.59043,6.7334,-0.0171,0.01542,-0.01023,50.67232,-25.69424,-70.37416
36.078987,-79.008004,11,0.05,132.3,-3.5,1690603,-3.5,-3.50429,6.59462,6.76032,-0.0139,0.01588,-0.01222,50.30693,-25.70886,-70.16954
36.078987,-79.008004,11,0.05,132.5,-3.52,1690803,-3.52,-3.51924,6.5677,6.76271,-0.02123,0.01894,-0.00932,50.38,-26.23502,-70.78339
36.078986,-79.008004,11,0.05,132.5,-3.51,1691603,-3.51,-3.51207,6.59522,6.7681,-0.01848,0.01497,-0.011,50.80386,-26.24964,-70.65186
36.078986,-79.008004,11,0.05,132.6,-3.49,1691803,-3.49,-3.49472,6.57488,6.71127,-0.0142,0.01695,-0.01313,50.16077,-26.35194,-70.72494
36.078986,-79.008004,11,0.03,132.6,-3.47,1692603,-3.47,-3.4678,6.73699,6.76451,-0.01833,0.01497,-0.01008,50.89156,-26.48348,-70.9734
36.078986,-79.008004,11,0.03,132.8,-3.51,1692803,-3.51,-3.50668,6.59701,6.75613,-0.01741,0.01558,-0.01038,50.35077,-26.07425,-70.71032
36.078986,-79.008004,11,0.03,132.8,-3.49,1693603,-3.49,-3.48993,6.56112,6.74537,-0.01741,0.0171,-0.01222,51.35925,-25.41654,-70.65186
36.078986,-79.008004,11,0.03,132.9,-3.52,1693803,-3.52,-3.52403,6.57847,6.77528,-0.0168,0.01313,-0.01038,51.16925,-25.81116,-70.6957
36.078986,-79.008004,11,0.03,132.9,-3.5,1694603,-3.5,-3.49831,6.59223,6.74357,-0.01558,0.01726,-0.00947,50.90617,-26.14733,-70.78339
36.078986,-79.008004,11,0.03,133,-3.52,1694803,-3.52,-3.51805,6.58864,6.76331,-0.01634,0.01497,-0.00886,51.19848,-26.70272,-70.8857
36.078987,-79.008003,11,0.01,133,-3.52,1695603,-3.52,-3.52164,6.58864,6.76391,-0.01619,0.01558,-0.01268,50.7454,-26.14733,-70.90032
36.078987,-79.008003,11,0.01,133.1,-3.52,1695803,-3.52,-3.52164,6.59223,6.76391,-0.0142,0.01787,-0.01298,50.10231,-25.97194,-70.82725
36.078988,-79.008003,11,0.05,133.1,-3.51,1696603,-3.51,-3.50907,6.58385,6.74955,-0.01344,0.01497,-0.01252,50.39462,-26.13271,-70.63724
36.078988,-79.008003,11,0.05,133.2,-3.54,1696803,-3.54,-3.54257,6.59881,6.79143,-0.02092,0.01695,-0.01069,50.61386,-26.08886,-71.01725
36.07899,-79.008003,11,0.0,133.2,-3.5,1697603,-3.5,-3.50489,6.44327,6.77827,-0.0139,0.01619,-0.011,50.9354,-25.88424,-69.67261
36.07899,-79.008003,11,0.0,133.3,-3.52,1697803,-3.52,-3.52104,6.58924,6.75554,-0.01558,0.01451,-0.01161,50.59924,-25.82578,-70.75417
36.078992,-79.008004,11,0.0,133.3,-3.51,1698603,-3.51,-3.51386,6.60479,6.79562,-0.01619,0.01542,-0.01283,51.06694,-26.41041,-70.91493
36.078992,-79.008004,11,0.0,133.5,-3.48,1698803,-3.48,-3.48275,6.59163,6.75195,-0.01787,0.01634,-0.01176,50.81847,-26.11809,-70.18416
36.078995,-79.008005,11,0.08,133.5,-3.5,1699603,-3.5,-3.4995,6.5677,6.7358,-0.01466,0.01436,-0.01313,50.54078,-25.97194,-70.34493
36.078995,-79.008005,11,0.08,133.7,-3.5,1699803,-3.5,-3.4995,6.57907,6.77647,-0.01955,0.0139,-0.01145,50.30693,-26.33733,-70.46185
36.078997,-79.008006,11,0.02,133.7,-3.52,1700603,-3.52,-3.51565,6.58924,6.75554,-0.01649,0.01558,-0.01268,50.52616,-26.08886,-70.9734
36.078997,-79.008006,11,0.02,133.9,-3.49,1700803,-3.49,-3.48933,6.58206,6.7693,-0.01542,0.01695,-0.01023,50.05846,-26.33733,-70.63724
36.078999,-79.008006,11,0.02,133.9,-3.52,1701603,-3.52,-3.52164,6.58744,6.75972,-0.01374,0.01604,-0.0087,50.35077,-25.76732,-70.71032
36.078999,-79.008006,11,0.02,134.1,-3.51,1701803,-3.51,-3.51446,6.57847,6.78904,-0.01313,0.01604,-0.01191,50.10231,-25.59193,-70.91493
36.079,-79.008005,11,0.06,134.1,-3.51,1702603,-3.51,-3.50668,6.59462,6.76451,-0.01817,0.01772,-0.01313,50.54078,-25.89886,-70.27185
36.079,-79.008005,11,0.06,134.2,-3.5,1702803,-3.5,-3.50489,6.57129,6.7681,-0.01894,0.01252,-0.01252,50.36539,-26.00117,-70.47646
36.079001,-79.008005,11,0.02,134.2,-3.49,1703603,-3.49,-3.49053,6.59522,6.78724,-0.01924,0.01573,-0.00779,50.61386,-25.65039,-70.1403
36.079001,-79.008005,11,0.02,134.3,-3.51,1703803,-3.51,-3.50728,6.59941,6.74118,-0.01222,0.01344,-0.0113,50.57001,-26.10348,-70.59339
36.079002,-79.008003,11,0.03,134.3,-3.49,1704603,-3.49,-3.48574,6.58325,6.75733,-0.01848,0.01542,-0.00764,50.68693,-26.14733,-71.29494
36.079002,-79.008003,11,0.03,134.4,-3.5,1704803,-3.5,-3.4989,6.58565,6.73939,-0.01649,0.01665,-0.01161,50.64309,-22.55189,-70.95878
36.079003,-79.008002,11,0.02,134.4,-3.52,1705603,-3.52,-3.52223,6.58804,6.78066,-0.01573,0.01466,-0.01558,50.81847,-25.62116,-71.0611
36.079003,-79.008002,11,0.02,134.5,-3.51,1705803,-3.51,-3.51386,6.58684,6.76331,-0.01863,0.01436,-0.0084,50.51154,-26.24964,-71.07571
36.079004,-79.008001,11,0.03,134.5,-3.49,1706603,-3.49,-3.48694,6.57966,6.75733,-0.01527,0.01451,-0.01069,50.26308,-26.93657,-69.4826
36.079004,-79.008001,11,0.03,134.6,-3.49,1706803,-3.49,-3.48993,6.57069,6.75972,-0.01909,0.01542,-0.01054,50.59924,-26.4981,-69.78954
36.079005,-79.007999,11,0.08,134.6,-3.67,1707603,-3.67,-3.67358,6.58565,6.73101,-0.01497,0.01344,-0.01313,50.52616,-26.07425,-70.19878
36.079005,-79.007999,11,0.08,134.5,-3.5,1707803,-3.5,-3.50249,6.59282,6.75853,-0.01451,0.0142,-0.01176,51.05233,-26.41041,-69.83338
36.079005,-79.007998,11,0.01,134.5,-3.52,1708603,-3.52,-3.51506,6.59223,6.76331,-0.02031,0.01802,-0.01023,50.32154,-25.98655,-71.42648
36.079005,-79.007998,11,0.01,134.5,-3.52,1708803,-3.52,-3.51924,6.59701,6.75673,-0.01665,0.01268,-0.00916,50.68693,-25.81116,-71.17802
36.079006,-79.007997,11,0.03,134.5,-3.48,1709603,-3.48,-3.48395,6.56949,6.76451,-0.0171,0.01772,-0.00947,50.78924,-26.11809,-71.29494
36.079006,-79.007997,11,0.03,134.3,-3.48,1709803,-3.48,-3.48335,6.57847,6.77408,-0.01466,0.01756,-0.01023,50.42385,-25.81116,-70.90032
36.079006,-79.007996,11,0.06,134.3,-3.52,1710603,-3.52,-3.51924,6.59043,6.77946,-0.01405,0.01726,-0.01115,51.05233,-26.41041,-70.54955
36.079006,-79.007996,11,0.06,134.3,-3.49,1710803,-3.49,-3.49352,6.5665,6.71187,-0.01863,0.01451,-0.01023,50.49693,-25.81116,-70.68109
36.079006,-79.007995,11,0.03,134.3,-3.51,1711603,-3.51,-3.51027,6.58924,6.69811,-0.02046,0.01817,-0.01023,50.90617,-25.67963,-70.27185
36.079006,-79.007995,11,0.03,134.2,-3.53,1711803,-3.53,-3.52822,6.58924,6.75913,-0.01787,0.01649,-0.01222,50.14616,-25.98655,-70.19878
36.079006,-79.007994,11,0.05,134.2,-3.51,1712603,-3.51,-3.50668,6.58804,6.80638,-0.0139,0.01802,-0.01436,50.49693,-25.8404,-70.94417
36.079006,-79.007994,11,0.05,134,-3.52,1712803,-3.52,-3.52283,6.57907,6.75793,-0.01848,0.01756,-0.00977,50.40924,-26.10348,-70.73955
36.079006,-79.007993,11,0.01,134,-3.52,1713603,-3.52,-3.51924,6.59641,6.75374,-0.01497,0.01069,-0.01069,50.76001,-25.91348,-70.59339
36.079006,-79.007993,10,0.01,133.9,-3.49,1713803,-3.49,-3.49292,6.61974,6.75135,-0.01573,0.01268,-0.01054,50.6577,-26.05963,-71.41187
36.079006,-79.007993,10,0.02,133.9,-3.47,1714603,-3.47,-3.47378,6.57488,6.77348,-0.01329,0.01802,-0.00977,50.33616,-25.59193,-70.72494
36.079006,-79.007993,10,0.02,133.8,-3.5,1714803,-3.5,-3.50489,6.59163,6.77946,-0.0168,0.01649,-0.01145,50.14616,-26.00117,-71.51418
36.079006,-79.007992,10,0.03,133.8,-3.52,1715603,-3.52,-3.51685,6.59402,6.75733,-0.01802,0.0142,-0.01206,50.96463,-25.86963,-70.68109
36.079006,-79.007992,10,0.03,133.7,-3.5,1715803,-3.5,-3.4989,6.58505,6.79263,-0.01588,0.01527,-0.01145,50.57001,-25.59193,-70.18416
36.079007,-79.007991,10,0.02,133.7,-3.5,1716603,-3.5,-3.49831,6.59402,6.78724,-0.01741,0.01466,-0.01145,50.40924,-25.81116,-71.47033
36.079007,-79.007991,10,0.02,133.6,-3.48,1716803,-3.48,-3.48335,6.57727,6.77528,-0.01619,0.01298,-0.01283,50.26308,-26.35194,-70.21339
36.079007,-79.007991,10,0.08,133.6,-3.53,1717603,-3.53,-3.53181,6.60539,6.77707,-0.01573,0.01695,-0.01038,50.62847,-26.3081,-70.33031
36.079007,-79.007991,10,0.08,133.5,-3.5,1717803,-3.5,-3.4995,6.58864,6.74178,-0.01497,0.01741,-0.01023,50.29231,-25.94271,-70.73955
36.079007,-79.00799,10,0.01,133.5,-3.5,1718603,-3.5,-3.50429,6.59641,6.73819,-0.01542,0.01344,-0.01206,50.90617,-26.14733,-70.44724
36.079007,-79.00799,11,0.01,133.4,-3.53,1718803,-3.53,-3.53061,6.57249,6.76511,-0.01558,0.01802,-0.0087,50.49693,-26.20579,-70.41801
36.079006,-79.007989,11,0.02,133.4,-3.51,1719603,-3.51,-3.50549,6.57308,6.74357,-0.01329,0.0139,-0.01191,49.85384,-25.95732,-70.28647
36.079006,-79.007989,11,0.02,133.4,-3.51,1719803,-3.51,-3.50549,6.58445,6.79681,-0.01558,0.01237,-0.00794,49.82461,-26.19117,-70.53493
36.079006,-79.007988,11,0.02,133.4,-3.51,1720603,-3.51,-3.51446,6.58206,6.77109,-0.01558,0.01436,-0.01115,49.98539,-26.26425,-70.28647
36.079006,-79.007988,10,0.02,133.4,-3.51,1720803,-3.51,-3.51027,6.57847,6.801,-0.01466,0.01558,-0.01145,50.26308,-25.89886,-70.43262
36.079006,-79.007987,10,0.07,133.4,-3.52,1721603,-3.52,-3.51506,6.59941,6.75135,-0.0142,0.01695,-0.00932,50.49693,-26.16194,-70.38878
36.079006,-79.007987,10,0.07,133.4,-3.51,1721803,-3.51,-3.51087,6.58146,6.74357,-0.01756,0.01588,-0.01115,50.02923,-26.11809,-69.93569
36.079006,-79.007986,10,0.02,133.4,-3.52,1722603,-3.52,-3.51745,6.58505,6.78545,-0.0168,0.01344,-0.01161,50.36539,-26.16194,-71.13417
36.079006,-79.007986,10,0.02,133.3,-3.49,1722803,-3.49,-3.48754,6.58385,6.77049,-0.01527,0.01619,-0.01115,50.13154,-25.5627,-70.66647
36.079005,-79.007985,10,0.03,133.3,-3.5,1723603,-3.5,-3.4989,6.58684,6.78066,-0.01604,0.01405,-0.01206,50.23385,-26.41041,-70.41801
36.079005,-79.007985,10,0.03,133.3,-3.5,1723803,-3.5,-3.5019,6.59522,6.76989,-0.01772,0.01634,-0.00809,50.58463,-26.00117,-70.95878
36.079005,-79.007984,10,0.07,133.3,-3.51,1724603,-3.51,-3.50967,6.58565,6.78724,-0.01329,0.01329,-0.01145,50.48232,-26.11809,-70.25723
36.079005,-79.007984,10,0.07,133.1,-3.52,1724803,-3.52,-3.51565,6.59402,6.79382,-0.01619,0.01649,-0.01145,50.42385,-26.20579,-70.65186
36.079005,-79.007983,10,0.02,133.1,-3.49,1725603,-3.49,-3.48574,6.57787,6.76032,-0.01374,0.01726,-0.0142,50.61386,-25.92809,-71.57264
36.079005,-79.007983,10,0.02,133.1,-3.5,1725803,-3.5,-3.49831,6.59522,6.75075,-0.0171,0.01619,-0.01084,50.5554,-25.92809,-71.73341
36.079004,-79.007982,10,0.05,133.1,-3.51,1726603,-3.51,-3.50668,6.59043,6.77348,-0.01695,0.01634,-0.01054,49.66384,-25.34347,-71.68957
36.079004,-79.007982,10,0.05,133,-3.49,1726803,-3.49,-3.48515,6.58565,6.734,-0.01573,0.01374,-0.0139,50.04385,-25.25577,-71.4411
36.079004,-79.007981,10,0.06,133,-3.48,1727603,-3.48,-3.47797,6.5689,6.77408,-0.01573,0.01512,-0.01115,50.54078,-25.69424,-71.16341
36.079004,-79.007981,10,0.06,133.1,-3.51,1727803,-3.51,-3.51027,6.58983,6.76391,-0.01466,0.01741,-0.00764,50.23385,-26.39579,-70.34493
36.079004,-79.00798,10,0.02,133.1,-3.53,1728603,-3.53,-3.52582,6.57607,6.7675,-0.01649,0.01527,-0.00809,50.19,-26.17656,-71.13417
36.079004,-79.00798,10,0.02,133.1,-3.51,1728803,-3.51,-3.50608,6.59043,6.77528,-0.01863,0.01344,-0.0142,50.67232,-25.85501,-70.98801
36.079005,-79.007979,10,0.02,133.1,-3.49,1729603,-3.49,-3.49053,6.57907,6.7669,-0.01268,0.01741,-0.00901,50.33616,-25.86963,-70.75417
36.079005,-79.007979,10,0.02,133,-3.67,1729803,-3.67,-3.6658,6.57548,6.79143,-0.01359,0.01649,-0.00977,50.14616,-25.62116,-71.17802
36.079004,-79.007979,10,0.06,133,-3.49,1730603,-3.49,-3.49053,6.58744,6.75853,-0.01649,0.01497,-0.01008,50.51154,-25.86963,-71.83572
36.079004,-79.007979,10,0.06,132.9,-3.5,1730803,-3.5,-3.50249,6.59223,6.77827,-0.01939,0.01512,-0.01008,50.43847,-25.72347,-71.64572
36.079003,-79.007979,10,0.02,132.9,-3.67,1731603,-3.67,-3.66939,6.58804,6.8004,-0.01481,0.01619,-0.00977,50.5554,-25.5627,-70.75417
36.079003,-79.007979,10,0.02,132.9,-3.48,1731803,-3.48,-3.47857,6.59522,6.7663,-0.01939,0.0168,-0.01115,50.54078,-25.47501,-70.5057
36.079003,-79.00798,10,0.07,132.9,-3.5,1732603,-3.5,-3.49831,6.58864,6.75613,-0.01451,0.0171,-0.01069,50.76001,-25.66501,-70.9734
36.079003,-79.00798,10,0.07,133,-3.5,1732803,-3.5,-3.4989,6.58804,6.76212,-0.01802,0.01481,-0.01206,50.73078,-25.48962,-71.48495
36.079003,-79.007981,10,0.0,133,-3.51,1733603,-3.51,-3.51087,6.57368,6.79023,-0.01955,0.01558,-0.01084,50.19,-26.08886,-70.84186
36.079003,-79.007981,10,0.0,133,-3.52,1733803,-3.52,-3.51565,6.57488,6.7328,-0.01313,0.0171,-0.01176,50.30693,-25.19731,-70.84186
36.079003,-79.007982,10,0.01,133,-3.52,1734603,-3.52,-3.52283,6.58505,6.76451,-0.01909,0.01436,-0.011,50.05846,-25.44578,-70.43262
36.079003,-79.007982,10,0.01,133,-3.67,1734803,-3.67,-3.67238,6.61197,6.79502,-0.01863,0.01161,-0.01038,50.13154,-25.12423,-70.60801
36.079003,-79.007983,10,0.02,133,-3.52,1735603,-3.52,-3.51865,6.43849,6.72323,-0.01527,0.01313,-0.00962,50.54078,-25.54809,-70.46185
36.079003,-79.007983,10,0.02,133.1,-3.52,1735803,-3.52,-3.52164,6.58266,6.76212,-0.01512,0.01436,-0.01054,50.73078,-25.47501,-70.3157
36.079002,-79.007983,10,0.05,133.1,-3.52,1736603,-3.52,-3.51865,6.59522,6.77528,-0.01939,0.01359,-0.00962,51.2131,-25.54809,-71.17802
36.079002,-79.007983,10,0.05,133.3,-3.52,1736803,-3.52,-3.51984,6.60419,6.77528,-0.0197,0.01497,-0.01481,50.52616,-25.98655,-70.94417
36.079001,-79.007984,10,0.09,133.3,-3.5,1737603,-3.5,-3.4989,6.59582,6.80698,-0.01772,0.01604,-0.01023,50.49693,-26.17656,-70.94417
36.079001,-79.007984,10,0.09,133.4,-3.51,1737803,-3.51,-3.50848,6.58804,6.7663,-0.01817,0.0171,-0.01069,50.17539,-25.85501,-71.4411
36.079,-79.007984,10,0.08,133.4,-3.51,1738603,-3.51,-3.51147,6.62333,6.74357,-0.01436,0.0168,-0.01054,50.40924,-25.43116,-70.84186
36.079,-79.007984,10,0.08,133.5,-3.5,1738803,-3.5,-3.50489,6.7334,6.71067,-0.02062,0.01344,-0.01252,51.15463,-25.72347,-70.49109
36.078999,-79.007984,10,0.07,133.5,-3.51,1739603,-3.51,-3.51147,6.57607,6.74597,-0.01512,0.01436,-0.01145,50.78924,-26.13271,-70.66647
36.078999,-79.007984,10,0.07,133.4,-3.53,1739803,-3.53,-3.5324,6.57727,6.78425,-0.01939,0.01497,-0.01222,50.42385,-26.05963,-70.5057
36.078998,-79.007985,10,0.08,133.4,-3.49,1740603,-3.49,-3.48694,6.43191,6.75135,-0.01756,0.01527,-0.01084,50.70155,-25.73809,-71.52879
36.078998,-79.007985,10,0.08,133.4,-3.49,1740803,-3.49,-3.49113,6.59941,6.77169,-0.01665,0.0113,-0.01161,49.95615,-25.65039,-70.84186
36.078999,-79.007986,10,0.02,133.4,-3.5,1741603,-3.5,-3.50489,6.6012,6.78186,-0.01405,0.01497,-0.01344,51.2131,-25.59193,-71.00263
36.078999,-79.007986,10,0.02,133.2,-3.49,1741803,-3.49,-3.48993,6.59582,6.78186,-0.01298,0.01359,-0.01344,50.76001,-25.85501,-70.94417
36.078999,-79.007988,10,0.05,133.2,-3.51,1742603,-3.51,-3.50668,6.59821,6.75494,-0.01481,0.01359,-0.01329,50.59924,-26.10348,-71.38264
36.078999,-79.007988,10,0.05,133.1,-3.51,1742803,-3.51,-3.50728,6.58804,6.7663,-0.01878,0.01726,-0.01222,50.36539,-25.66501,-71.13417
36.079,-79.00799,10,0.01,133.1,-3.52,1743603,-3.52,-3.52164,6.58565,6.73639,-0.0168,0.0139,-0.01252,50.62847,-25.79655,-71.01725
36.079,-79.00799,10,0.01,133.2,-3.51,1743803,-3.51,-3.50668,6.59163,6.78006,-0.01268,0.01497,-0.01283,50.52616,-26.19117,-70.54955
36.079,-79.007993,10,0.08,133.2,-3.49,1744603,-3.49,-3.48874,6.58804,6.77707,-0.01512,0.01191,-0.011,50.52616,-26.01579,-70.82725
36.079,-79.007993,10,0.08,133.3,-3.55,1744803,-3.55,-3.54796,6.58146,6.75135,-0.01741,0.01436,-0.01084,50.71617,-25.95732,-70.27185
36.079,-79.007996,10,0.06,133.3,-3.51,1745603,-3.51,-3.51147,6.44746,6.73101,-0.01649,0.01359,-0.01145,50.58463,-26.00117,-71.54341
36.079,-79.007996,10,0.06,133.3,-3.49,1745803,-3.49,-3.49113,6.58565,6.76212,-0.01436,0.01573,-0.01283,50.23385,-26.05963,-70.27185
36.079,-79.007998,10,0.01,133.3,-3.5,1746603,-3.5,-3.4989,6.5689,6.75314,-0.01665,0.01466,-0.00932,50.48232,-26.32271,-70.05262
36.079,-79.007998,10,0.01,133.3,-3.52,1746803,-3.52,-3.51685,6.60359,6.76092,-0.01038,0.01451,-0.01268,50.23385,-26.04502,-70.46185
36.079,-79.008,10,0.02,133.3,-3.52,1747603,-3.52,-3.52463,6.5689,6.77229,-0.01466,0.01695,-0.01023,50.57001,-26.42502,-71.55802
36.079,-79.008,10,0.02,133.2,-3.5,1747803,-3.5,-3.50309,6.58086,6.77767,-0.01344,0.01374,-0.01527,50.71617,-25.95732,-70.94417
36.078999,-79.008001,10,0.05,133.2,-3.51,1748603,-3.51,-3.50907,6.58266,6.74836,-0.01374,0.01344,-0.01374,50.76001,-26.32271,-70.43262
36.078999,-79.008001,9,0.05,133.1,-3.48,1748803,-3.48,-3.47737,6.59043,6.77169,-0.01665,0.01161,-0.01237,50.13154,-25.91348,-71.11955
36.079,-79.008002,9,0.0,133.1,-3.49,1749603,-3.49,-3.48754,6.6006,6.75913,-0.01665,0.01756,-0.01054,50.49693,-25.41654,-70.43262
36.079,-79.008002,9,0.0,132.9,-3.52,1749803,-3.52,-3.52283,6.57667,6.77647,-0.01451,0.01237,-0.00962,50.54078,-25.34347,-71.36802
36.079,-79.008003,9,0.01,132.9,-3.49,1750603,-3.49,-3.49053,6.57667,6.76571,-0.0226,0.01497,-0.01069,50.17539,-25.97194,-70.63724
36.079,-79.008003,9,0.01,133,-3.5,1750803,-3.5,-3.49771,6.59402,6.8004,-0.0171,0.01619,-0.01252,50.38,-25.5627,-70.87109
36.079001,-79.008004,9,0.03,133,-3.51,1751603,-3.51,-3.50549,6.58684,6.80758,-0.01573,0.01665,-0.00977,50.68693,-25.89886,-70.6957
36.079001,-79.008004,10,0.03,133.1,-3.49,1751803,-3.49,-3.48694,6.57249,6.75972,-0.01649,0.0168,-0.01191,50.38,-26.43964,-69.74569
36.079001,-79.008005,10,0.08,133.1,-3.49,1752603,-3.49,-3.48933,6.58924,6.74597,-0.0226,0.01512,-0.01115,50.80386,-26.07425,-70.6957
36.079001,-79.008005,10,0.08,133.1,-3.48,1752803,-3.48,-3.48395,6.58086,6.77408,-0.01772,0.01588,-0.00809,50.24847,-25.12423,-70.60801
36.079001,-79.008005,10,0.07,133.1,-3.49,1753603,-3.49,-3.49173,6.59821,6.76451,-0.01894,0.01466,-0.01008,50.26308,-25.94271,-70.1403
36.079001,-79.008005,9,0.07,133.2,-3.5,1753803,-3.5,-3.4989,6.58983,6.74118,-0.01497,0.0142,-0.01283,51.06694,-26.17656,-69.74569
36.079001,-79.008004,9,0.08,133.2,-3.5,1754603,-3.5,-3.5007,6.58565,6.77109,-0.01588,0.01374,-0.01054,50.68693,-25.92809,-71.35341
36.079001,-79.008004,9,0.08,133.2,-3.51,1754803,-3.51,-3.51446,6.59821,6.78186,-0.01038,0.01497,-0.0113,50.83309,-25.81116,-70.71032
36.079001,-79.008004,9,0.02,133.2,-3.5,1755603,-3.5,-3.49591,6.59821,6.77468,-0.01542,0.01573,-0.00916,51.03771,-25.53347,-70.19878
36.079001,-79.008004,9,0.02,133.2,-3.49,1755803,-3.49,-3.49113,6.58146,6.7681,-0.01695,0.01573,-0.00962,50.76001,-25.69424,-70.56416
36.079,-79.008004,9,0.06,133.2,-3.53,1756603,-3.53,-3.52642,6.59462,6.72383,-0.01497,0.01527,-0.01084,51.03771,-26.00117,-70.56416
36.079,-79.008004,10,0.06,133.3,-3.5,1756803,-3.5,-3.5013,6.59223,6.75015,-0.0139,0.01695,-0.01222,50.58463,-25.67963,-70.30108
36.078999,-79.008003,10,0.01,133.3,-3.49,1757603,-3.49,-3.49412,6.58684,6.76152,-0.01451,0.01481,-0.01054,50.35077,-25.82578,-71.23648
36.078999,-79.008003,9,0.01,133.4,-3.52,1757803,-3.52,-3.51745,6.57727,6.75793,-0.01329,0.01283,-0.01161,50.17539,-25.72347,-71.45572
36.078997,-79.008,9,0.06,133.4,-3.51,1758603,-3.51,-3.50549,6.58206,6.76989,-0.01695,0.01466,-0.01176,50.38,-25.54809,-70.92955
36.078997,-79.008,9,0.06,133.5,-3.49,1758803,-3.49,-3.49232,6.58624,6.74058,-0.0168,0.02031,-0.01344,50.42385,-26.07425,-71.33879
36.078996,-79.007999,9,0.05,133.5,-3.49,1759603,-3.49,-3.49352,6.57847,6.75135,-0.02046,0.01726,-0.01145,50.86232,-26.11809,-70.95878
36.078996,-79.007999,9,0.05,133.6,-3.45,1759803,-3.45,-3.45404,6.59941,6.75853,-0.02169,0.01481,-0.01237,51.09617,-26.19117,-71.45572
36.078991,-79.007996,9,0.2,133.6,-3.5,1760603,-3.5,-3.50249,6.58624,6.70948,-0.02184,0.01939,-0.0084,50.89156,-25.73809,-70.59339
36.078991,-79.007996,9,0.2,134,-3.5,1760803,-3.5,-3.49771,6.6024,6.75554,-0.01772,0.01481,-0.01206,50.62847,-25.65039,-70.8857
36.078989,-79.007994,9,0.05,134,-3.49,1761603,-3.49,-3.49232,6.58026,6.70828,-0.01863,0.01649,-0.01176,50.36539,-25.69424,-70.66647
36.078989,-79.007994,9,0.05,134.4,-3.49,1761803,-3.49,-3.49352,6.59282,6.75434,-0.01817,0.01298,-0.01359,50.38,-25.3727,-71.26571
36.078988,-79.007993,9,0.02,134.4,-3.51,1762603,-3.51,-3.51386,6.59462,6.76092,-0.01787,0.01497,-0.00932,51.35925,-26.19117,-70.92955
36.078988,-79.007993,9,0.02,134.4,-3.5,1762803,-3.5,-3.4989,6.59941,6.7693,-0.0139,0.01649,-0.01161,50.78924,-25.53347,-70.9734
36.078987,-79.007993,9,0.03,134.4,-3.5,1763603,-3.5,-3.5007,6.58565,6.75733,-0.01252,0.01436,-0.01038,50.04385,-25.70886,-70.68109
36.078987,-79.007993,9,0.03,134.5,-3.49,1763803,-3.49,-3.49173,6.58086,6.72922,-0.01527,0.01695,-0.01405,50.78924,-25.47501,-70.15492
36.078987,-79.007993,9,0.03,134.5,-3.53,1764603,-3.53,-3.533,6.58385,6.75434,-0.0139,0.01466,-0.0139,50.86232,-25.38731,-71.19263
36.078987,-79.007993,9,0.03,134.5,-3.49,1764803,-3.49,-3.49053,6.5683,6.78425,-0.01878,0.01481,-0.00932,50.23385,-25.63578,-70.3157
36.078986,-79.007992,9,0.02,134.5,-3.51,1765603,-3.51,-3.50788,6.5671,6.73639,-0.01649,0.01588,-0.01023,50.24847,-26.01579,-70.62262
36.078986,-79.007992,10,0.02,134.5,-3.52,1765803,-3.52,-3.51924,6.59881,6.75015,-0.01833,0.01573,-0.01252,50.81847,-25.60655,-70.28647
36.078984,-79.007992,10,0.03,134.5,-3.52,1766603,-3.52,-3.52343,6.59821,6.7687,-0.01588,0.01573,-0.00855,50.01461,-25.47501,-69.99415
36.078984,-79.007992,10,0.03,134.3,-3.52,1766803,-3.52,-3.52403,6.59342,6.7675,-0.01695,0.01695,-0.01451,50.59924,-26.04502,-70.038
36.078982,-79.007992,10,0.06,134.3,-3.5,1767603,-3.5,-3.50489,6.59522,6.75135,-0.01298,0.01359,-0.00947,50.78924,-25.82578,-70.94417
36.078982,-79.007992,10,0.06,134.2,-3.52,1767803,-3.52,-3.51984,6.59163,6.82074,-0.01573,0.01634,-0.01008,51.09617,-26.0304,-70.57878
36.078981,-79.007993,10,0.02,134.2,-3.48,1768603,-3.48,-3.47857,6.57966,6.74477,-0.01665,0.01451,-0.01206,50.9354,-26.07425,-69.49722
36.078981,-79.007993,10,0.02,134.2,-3.5,1768803,-3.5,-3.49831,6.58864,6.75793,-0.01374,0.01436,-0.011,50.54078,-25.91348,-69.40953
36.078979,-79.007992,10,0.08,134.2,-3.51,1769603,-3.51,-3.51147,6.58684,6.82014,-0.01802,0.0139,-0.01466,50.14616,-26.27887,-69.90646
36.078979,-79.007992,10,0.08,134.1,-3.5,1769803,-3.5,-3.49651,6.56531,6.78006,-0.01726,0.01329,-0.011,50.61386,-25.97194,-70.34493
36.078977,-79.007991,10,0.07,134.1,-3.47,1770603,-3.47,-3.47318,6.57249,6.74656,-0.01436,0.01649,-0.01268,50.36539,-26.23502,-70.30108
36.078977,-79.007991,10,0.07,134.1,-3.47,1770803,-3.47,-3.47139,6.57249,6.78365,-0.01924,0.01405,-0.01145,49.83923,-25.69424,-70.25723
36.078974,-79.00799,10,0.03,134.1,-3.51,1771603,-3.51,-3.50549,6.58565,6.79562,-0.01512,0.01497,-0.01191,50.29231,-25.76732,-70.08185
36.078974,-79.00799,10,0.03,134.2,-3.49,1771803,-3.49,-3.48814,6.59821,6.78126,-0.01298,0.01283,-0.01145,50.23385,-25.95732,-69.93569
36.078972,-79.007989,10,0.03,134.2,-3.49,1772603,-3.49,-3.49412,6.59821,6.77288,-0.01756,0.01466,-0.01237,50.20462,-25.70886,-71.23648
36.078972,-79.007989,10,0.03,134.3,-3.5,1772803,-3.5,-3.4989,6.58744,6.72144,-0.0171,0.01451,-0.01268,49.86846,-26.33733,-70.9734
36.078967,-79.007988,10,0.07,134.3,-3.52,1773603,-3.52,-3.51625,6.58385,6.75434,-0.01619,0.01283,-0.01145,50.40924,-26.24964,-70.47646
36.078967,-79.007988,10,0.07,134.5,-3.49,1773803,-3.49,-3.48515,6.59163,6.76391,-0.01176,0.01573,-0.01649,50.43847,-25.13885,-70.52032
36.078964,-79.007988,10,0.06,134.5,-3.52,1774603,-3.52,-3.51506,6.60419,6.76152,-0.01573,0.0139,-0.01054,50.52616,-25.88424,-70.43262
36.078964,-79.007988,10,0.06,134.8,-3.49,1774803,-3.49,-3.49352,6.57428,6.74896,-0.01695,0.01405,-0.01222,50.11693,-26.04502,-71.23648
36.078961,-79.007988,10,0.09,134.8,-3.52,1775603,-3.52,-3.51984,6.58445,6.72144,-0.01863,0.01313,-0.01161,49.83923,-26.05963,-70.81263
36.078961,-79.007988,10,0.09,135,-3.51,1775803,-3.51,-3.50788,6.57129,6.77827,-0.01802,0.01481,-0.0087,50.39462,-26.36656,-71.03186
36.07896,-79.007987,10,0.02,135,-3.5,1776603,-3.5,-3.5013,6.58325,6.78844,-0.01573,0.01604,-0.00825,49.92692,-26.3081,-71.09032
36.07896,-79.007987,10,0.02,135.1,-3.48,1776803,-3.48,-3.47976,6.58684,6.76331,-0.01466,0.01802,-0.01313,49.85384,-26.19117,-71.41187
36.07896,-79.007987,10,0.1,135.1,-3.5,1777603,-3.5,-3.49771,6.57787,6.7693,-0.02123,0.01573,-0.00932,49.85384,-25.82578,-69.96492
36.07896,-79.007987,11,0.1,135.4,-3.51,1777803,-3.51,-3.50549,6.58983,6.7328,-0.01802,0.01466,-0.0084,49.82461,-26.16194,-70.79801
36.078961,-79.007989,11,0.14,135.4,-3.49,1778603,-3.49,-3.49173,6.59043,6.76511,-0.01573,0.01405,-0.01313,50.30693,-26.35194,-70.09647
36.078961,-79.007989,11,0.14,135.6,-3.51,1778803,-3.51,-3.51027,6.6,6.70648,-0.01634,0.01344,-0.01222,50.04385,-26.29348,-70.72494
36.078961,-79.00799,11,0.06,135.6,-3.51,1779603,-3.51,-3.51147,6.61376,6.76271,-0.01527,0.01451,-0.01145,50.07307,-26.19117,-70.33031
36.078961,-79.00799,11,0.06,135.8,-3.49,1779803,-3.49,-3.49352,6.59282,6.73879,-0.01222,0.01329,-0.011,50.01461,-26.29348,-70.73955
36.078963,-79.007993,11,0.08,135.8,-3.49,1780603,-3.49,-3.49412,6.60419,6.7687,-0.01848,0.01359,-0.01115,50.14616,-26.71733,-69.62876
36.078963,-79.007993,11,0.08,136,-3.49,1780803,-3.49,-3.48874,6.59043,6.74955,-0.01268,0.01619,-0.01359,49.97077,-26.48348,-70.63724
36.078966,-79.007997,11,0.07,136,-3.53,1781603,-3.53,-3.52523,6.58983,6.75554,-0.0142,0.01268,-0.01145,49.75153,-26.19117,-70.11108
36.078966,-79.007997,11,0.07,136.1,-3.5,1781803,-3.5,-3.5019,6.58804,6.74776,-0.01955,0.01145,-0.011,50.24847,-26.10348,-70.62262
36.07897,-79.008001,11,0.1,136.1,-3.5,1782603,-3.5,-3.49831,6.6024,6.77946,-0.01527,0.0142,-0.01497,50.19,-25.76732,-69.96492
36.07897,-79.008001,11,0.1,136.2,-3.49,1782803,-3.49,-3.49472,6.59163,6.76271,-0.01374,0.01604,-0.0113,49.57615,-25.73809,-70.24262
36.078972,-79.008003,11,0.15,136.2,-3.52,1783603,-3.52,-3.51506,6.59761,6.75673,-0.01634,0.01313,-0.01512,49.31306,-25.97194,-71.01725
36.078972,-79.008003,11,0.15,136.3,-3.48,1783803,-3.48,-3.48216,6.59163,6.78545,-0.01619,0.01466,-0.0113,50.16077,-25.91348,-70.91493
36.078973,-79.008004,11,0.08,136.3,-3.49,1784603,-3.49,-3.49412,6.6006,6.77528,-0.01604,0.01283,-0.01161,50.32154,-26.60041,-70.76878
36.078973,-79.008004,10,0.08,136.4,-3.52,1784803,-3.52,-3.51984,6.59522,6.76271,-0.01451,0.01497,-0.01191,49.95615,-26.27887,-71.51418
36.078973,-79.008005,10,0.06,136.4,-3.49,1785603,-3.49,-3.49352,6.56351,6.73101,-0.01588,0.01649,-0.01054,50.04385,-25.92809,-69.52645
36.078973,-79.008005,10,0.06,136.3,-3.51,1785803,-3.51,-3.50549,6.59282,6.77169,-0.01222,0.01298,-0.01542,49.81,-26.07425,-69.92107
36.078973,-79.008006,10,0.06,136.3,-3.5,1786603,-3.5,-3.49711,6.58086,6.72981,-0.01741,0.01558,-0.01191,50.11693,-25.95732,-70.08185
36.078973,-79.008006,10,0.06,136.1,-3.51,1786803,-3.51,-3.50549,6.59103,6.77348,-0.0168,0.01374,-0.01329,50.61386,-26.16194,-70.19878
36.078974,-79.008005,10,0.02,136.1,-3.51,1787603,-3.51,-3.50788,6.59462,6.75793,-0.01695,0.01451,-0.01359,49.73692,-25.97194,-70.54955
36.078974,-79.008005,10,0.02,135.9,-3.51,1787803,-3.51,-3.50788,6.43729,6.7334,-0.01588,0.01512,-0.01252,50.10231,-25.98655,-70.54955
36.078973,-79.008005,10,0.01,135.9,-3.52,1788603,-3.52,-3.51924,6.59701,6.77767,-0.01604,0.01527,-0.01497,50.33616,-26.2204,-71.32417
36.078973,-79.008005,10,0.01,135.8,-3.48,1788803,-3.48,-3.47916,6.58744,6.78963,-0.01542,0.01619,-0.0113,49.89769,-25.81116,-70.98801
36.078974,-79.008003,10,0.01,135.8,-3.51,1789603,-3.51,-3.50608,6.59043,6.79442,-0.01542,0.01481,-0.01527,50.05846,-26.13271,-70.94417
36.078974,-79.008003,11,0.01,135.6,-3.49,1789803,-3.49,-3.48574,6.59043,6.77528,-0.01741,0.01115,-0.01313,49.89769,-26.10348,-70.6957
36.078974,-79.008001,11,0.14,135.6,-3.49,1790603,-3.49,-3.48694,6.56591,6.75374,-0.01634,0.01497,-0.01054,50.29231,-25.89886,-71.6311
36.078974,-79.008001,11,0.14,135.3,-3.49,1790803,-3.49,-3.49173,6.59641,6.74955,-0.01756,0.01222,-0.01313,49.66384,-25.79655,-72.01111
36.078975,-79.007999,11,0.09,135.3,-3.5,1791603,-3.5,-3.50489,6.58385,6.77049,-0.01374,0.01542,-0.01008,50.76001,-25.97194,-70.81263
36.078975,-79.007999,11,0.09,135.1,-3.49,1791803,-3.49,-3.49472,6.59282,6.77109,-0.01588,0.01313,-0.00794,50.36539,-26.05963,-70.40339
36.078975,-79.007998,11,0.05,135.1,-3.5,1792603,-3.5,-3.50429,6.59701,6.78305,-0.01542,0.01161,-0.01237,49.81,-25.65039,-70.228
36.078975,-79.007998,11,0.05,135,-3.51,1792803,-3.51,-3.50848,6.59163,6.76989,-0.01802,0.01481,-0.0087,49.88308,-25.62116,-70.87109
36.078976,-79.007996,11,0.02,135,-3.49,1793603,-3.49,-3.48574,6.59462,6.7663,-0.01634,0.01466,-0.01252,50.05846,-25.62116,-70.11108
36.078976,-79.007996,11,0.02,135,-3.46,1793803,-3.46,-3.46002,6.59522,6.75195,-0.01604,0.01466,-0.01466,49.75153,-26.14733,-70.038
36.078977,-79.007993,11,0.06,135,-3.58,1794603,-3.58,-3.57667,6.58146,6.76391,-0.01573,0.01451,-0.0113,50.48232,-25.69424,-70.84186
36.078977,-79.007993,10,0.06,135,-3.49,1794803,-3.49,-3.48634,6.58325,6.76152,-0.01817,0.01344,-0.00901,50.45308,-26.04502,-71.03186
36.078979,-79.007991,10,0.06,135,-3.51,1795603,-3.51,-3.51087,6.61436,6.80519,-0.0139,0.01481,-0.01298,50.0877,-25.82578,-71.55802
36.078979,-79.007991,9,0.06,134.9,-3.49,1795803,-3.49,-3.49352,6.60299,6.76212,-0.01405,0.01329,-0.01497,50.20462,-25.54809,-70.9734
36.078983,-79.007989,9,0.09,134.9,-3.49,1796603,-3.49,-3.48754,6.58983,6.78844,-0.02107,0.01649,-0.0142,50.26308,-25.86963,-70.76878
36.078983,-79.007989,9,0.09,134.8,-3.5,1796803,-3.5,-3.50249,6.59163,6.78545,-0.01588,0.0139,-0.01069,50.58463,-25.51886,-70.75417
36.078983,-79.007988,9,0.02,134.8,-3.5,1797603,-3.5,-3.5007,6.59582,6.76989,-0.01894,0.01619,-0.01405,50.6577,-26.24964,-71.6311
36.078983,-79.007988,10,0.02,134.7,-3.51,1797803,-3.51,-3.51326,6.60898,6.76092,-0.01481,0.01374,-0.01008,50.48232,-26.13271,-70.68109
36.078985,-79.007987,10,0.05,134.7,-3.52,1798603,-3.52,-3.51685,6.59641,6.74238,-0.01573,0.01374,-0.01283,50.70155,-26.24964,-70.3157
36.078985,-79.007987,10,0.05,134.7,-3.52,1798803,-3.52,-3.52164,6.59163,6.71785,-0.01695,0.01604,-0.01206,49.97077,-25.60655,-70.72494
36.078987,-79.007986,10,0.07,134.7,-3.49,1799603,-3.49,-3.49472,6.73041,6.73639,-0.01512,0.01191,-0.00977,50.24847,-25.43116,-70.57878
36.078987,-79.007986,10,0.07,134.6,-3.51,1799803,-3.51,-3.50848,6.58026,6.75613,-0.01481,0.01604,-0.01206,50.11693,-25.41654,-70.33031
36.078988,-79.007985,10,0.02,134.6,-3.53,1800603,-3.53,-3.52882,6.57787,6.77887,-0.01237,0.01206,-0.01176,50.01461,-25.89886,-70.87109
36.078988,-79.007985,10,0.02,134.6,-3.53,1800803,-3.53,-3.53181,6.58445,6.75673,-0.01497,0.01726,-0.01268,50.19,-25.60655,-71.20725
36.07899,-79.007984,10,0.03,134.6,-3.49,1801603,-3.49,-3.48814,6.57308,6.76212,-0.01344,0.01313,-0.01313,49.97077,-26.00117,-71.07571
36.07899,-79.007984,10,0.03,134.8,-3.5,1801803,-3.5,-3.50489,6.58983,6.88295,-0.0168,0.01634,-0.0087,49.85384,-26.04502,-70.43262
36.078992,-79.007983,10,0.06,134.8,-3.5,1802603,-3.5,-3.4995,6.60299,6.7669,-0.01466,0.01268,-0.01191,49.86846,-25.81116,-70.82725
36.078992,-79.007983,10,0.06,134.8,-3.5,1802803,-3.5,-3.49831,6.60479,6.80519,-0.02016,0.01191,-0.01206,49.97077,-25.7527,-70.49109
36.078993,-79.007982,10,0.02,134.8,-3.48,1803603,-3.48,-3.47797,6.59103,6.76092,-0.01848,0.01313,-0.01405,50.01461,-25.53347,-70.79801
36.078993,-79.007982,10,0.02,134.8,-3.47,1803803,-3.47,-3.46899,6.59342,6.75972,-0.01405,0.0142,-0.00702,49.69307,-26.0304,-70.62262
36.078995,-79.007983,10,0.06,134.8,-3.49,1804603,-3.49,-3.49472,6.58983,6.77647,-0.01619,0.01359,-0.01222,50.68693,-25.60655,-70.71032
36.078995,-79.007983,10,0.06,134.8,-3.5,1804803,-3.5,-3.49831,6.6012,6.75733,-0.0171,0.01649,-0.01206,49.76615,-25.73809,-69.93569
36.078996,-79.007982,10,0.07,134.8,-3.5,1805603,-3.5,-3.50309,6.5689,6.74716,-0.01863,0.01374,-0.01038,49.69307,-25.28501,-70.228
36.078996,-79.007982,10,0.07,134.8,-3.51,1805803,-3.51,-3.51207,6.57607,6.79083,-0.01726,0.01252,-0.01115,49.86846,-25.5627,-71.00263
36.078997,-79.007983,10,0.05,134.8,-3.49,1806603,-3.49,-3.48933,6.58565,6.76212,-0.01497,0.01558,-0.01191,50.29231,-25.59193,-70.08185
36.078997,-79.007983,10,0.05,134.8,-3.49,1806803,-3.49,-3.48694,6.59582,6.7669,-0.01451,0.01191,-0.01695,49.94154,-25.97194,-71.09032
36.078998,-79.007983,10,0.01,134.8,-3.5,1807603,-3.5,-3.49711,6.6006,6.77887,-0.01313,0.01436,-0.01176,49.98539,-26.0304,-71.16341
36.078998,-79.007983,10,0.01,134.8,-3.5,1807803,-3.5,-3.4989,6.58146,6.72742,-0.01283,0.01573,-0.01268,50.26308,-25.98655,-71.48495
36.078999,-79.007982,10,0.05,134.8,-3.5,1808603,-3.5,-3.50309,6.59163,6.77707,-0.01329,0.01726,-0.01222,49.86846,-25.81116,-70.59339
36.078999,-79.007982,10,0.05,134.7,-3.51,1808803,-3.51,-3.50728,6.55275,6.7328,-0.01481,0.01466,-0.01313,49.64923,-25.95732,-71.45572
36.079,-79.007982,10,0.06,134.7,-3.5,1809603,-3.5,-3.50309,6.57847,6.77408,-0.01252,0.01588,-0.01191,50,-25.78193,-70.08185
36.079,-79.007982,10,0.06,134.5,-3.5,1809803,-3.5,-3.50369,6.59641,6.77049,-0.01802,0.0142,-0.00962,49.91231,-26.42502,-70.71032
36.079001,-79.007983,10,0.02,134.5,-3.5,1810603,-3.5,-3.49532,6.60539,6.72264,-0.01878,0.01833,-0.0084,49.69307,-26.24964,-70.34493
36.079001,-79.007983,10,0.02,134.1,-3.5,1810803,-3.5,-3.49711,6.58924,6.75733,-0.01665,0.01283,-0.01252,49.67846,-25.97194,-70.35954
36.079,-79.007983,10,0.05,134.1,-3.48,1811603,-3.48,-3.47557,6.6018,6.75494,-0.01542,0.01252,-0.01145,50.01461,-25.53347,-71.39725
36.079,-79.007983,10,0.05,133.9,-3.48,1811803,-3.48,-3.48455,6.73639,6.73879,-0.0168,0.01298,-0.01008,50.01461,-25.57732,-71.33879
36.078998,-79.007983,10,0.03,133.9,-3.5,1812603,-3.5,-3.50369,6.58385,6.75733,-0.01252,0.01527,-0.01176,49.69307,-25.91348,-70.56416
36.078998,-79.007983,10,0.03,133.6,-3.46,1812803,-3.46,-3.46481,6.60957,6.7352,-0.01374,0.01329,-0.01237,50,-25.32885,-70.25723
36.078996,-79.007982,10,0.08,133.6,-3.52,1813603,-3.52,-3.51865,6.58744,6.78126,-0.01665,0.01451,-0.01145,50.90617,-26.11809,-71.41187
36.078996,-79.007982,10,0.08,133.3,-3.47,1813803,-3.47,-3.4684,6.60658,6.77767,-0.01695,0.01436,-0.011,49.75153,-25.7527,-71.28033
36.078995,-79.007981,10,0.05,133.3,-3.51,1814603,-3.51,-3.51386,6.58565,6.78844,-0.01604,0.01252,-0.01023,49.98539,-25.86963,-71.55802
36.078995,-79.007981,10,0.05,133,-3.49,1814803,-3.49,-3.49292,6.58266,6.77408,-0.01573,0.01512,-0.0139,50,-25.76732,-71.58725
36.078994,-79.007981,10,0.18,133,-3.49,1815603,-3.49,-3.48874,6.58565,6.76032,-0.01497,0.01436,-0.01145,49.95615,-25.65039,-70.98801
36.078994,-79.007981,11,0.18,132.8,-3.48,1815803,-3.48,-3.48275,6.58505,6.75135,-0.01604,0.01344,-0.00947,49.78077,-25.62116,-70.66647
36.078992,-79.00798,11,0.05,132.8,-3.51,1816603,-3.51,-3.50728,6.59761,6.76511,-0.01329,0.01466,-0.01206,49.79538,-25.82578,-70.38878
36.078992,-79.00798,11,0.05,132.5,-3.5,1816803,-3.5,-3.50309,6.59342,6.75673,-0.02245,0.01298,-0.00962,50.14616,-25.3727,-69.87723
36.078992,-79.007979,11,0.07,132.5,-3.47,1817603,-3.47,-3.46959,6.58804,6.76271,-0.01649,0.01573,-0.01283,49.54692,-25.79655,-70.57878
36.078992,-79.007979,11,0.07,132.2,-3.66,1817803,-3.66,-3.65623,6.58325,6.80878,-0.01619,0.01665,-0.01466,50.07307,-25.65039,-70.72494
36.078991,-79.007978,11,0.02,132.2,-3.49,1818603,-3.49,-3.49173,6.44088,6.71007,-0.0142,0.01726,-0.011,49.92692,-25.67963,-70.52032
36.078991,-79.007978,10,0.02,132,-3.5,1818803,-3.5,-3.50249,6.59223,6.75434,-0.01695,0.01649,-0.01084,49.76615,-25.24116,-70.43262
36.078989,-79.007977,10,0.08,132,-3.5,1819603,-3.5,-3.4989,6.6006,6.77468,-0.01115,0.01558,-0.0142,50.14616,-25.73809,-70.62262
36.078989,-79.007977,10,0.08,131.8,-3.5,1819803,-3.5,-3.50429,6.59701,6.76092,-0.01497,0.01772,-0.011,50.43847,-26.38117,-71.14879
36.078987,-79.007977,10,0.08,131.8,-3.49,1820603,-3.49,-3.49352,6.61197,6.78126,-0.01374,0.01481,-0.01161,50.04385,-25.31424,-72.04034
36.078987,-79.007977,10,0.08,131.5,-3.5,1820803,-3.5,-3.5001,6.60598,6.60359,-0.01878,0.01833,-0.01054,50.51154,-25.73809,-71.95264
36.078986,-79.007977,10,0.08,131.5,-3.52,1821603,-3.52,-3.52463,6.59941,6.76511,-0.01374,0.01436,-0.01298,50.54078,-25.70886,-70.52032
36.078986,-79.007977,10,0.08,131.3,-3.48,1821803,-3.48,-3.48156,6.59821,6.73161,-0.01695,0.01573,-0.00901,50.51154,-25.34347,-71.42648
36.078985,-79.007975,10,0.09,131.3,-3.5,1822603,-3.5,-3.4989,6.60718,6.76989,-0.01466,0.01649,-0.01191,49.95615,-25.66501,-71.04648
36.078985,-79.007975,10,0.09,131.1,-3.5,1822803,-3.5,-3.50489,6.59701,6.74417,-0.01344,0.01787,-0.01466,50.19,-25.3727,-71.66033
36.078984,-79.007976,10,0.03,131.1,-3.51,1823603,-3.51,-3.50907,6.6,6.74417,-0.01466,0.01191,-0.01115,49.76615,-25.69424,-70.60801
36.078984,-79.007976,10,0.03,131.2,-3.49,1823803,-3.49,-3.48874,6.58445,6.76152,-0.01329,0.01329,-0.00977,50.04385,-25.81116,-70.73955
36.078983,-79.007978,10,0.02,131.2,-3.51,1824603,-3.51,-3.51147,6.59761,6.77348,-0.01848,0.01329,-0.01161,50.20462,-26.0304,-71.23648
36.078983,-79.007978,10,0.02,131.7,-3.5,1824803,-3.5,-3.5013,6.59641,6.75255,-0.01741,0.0171,-0.01298,50.24847,-25.43116,-72.05495
36.078983,-79.007979,10,0.1,131.7,-3.49,1825603,-3.49,-3.49053,6.58983,6.74836,-0.01955,0.0142,-0.01206,50.16077,-25.73809,-71.36802
36.078983,-79.007979,11,0.1,131.7,-3.51,1825803,-3.51,-3.50788,6.58744,6.77049,-0.01374,0.01405,-0.01038,50.35077,-26.23502,-70.66647
36.078981,-79.00798,11,0.01,131.7,-3.5,1826603,-3.5,-3.49591,6.61376,6.76271,-0.01405,0.01481,-0.01115,50.26308,-25.92809,-71.32417
36.078981,-79.00798,11,0.01,132.1,-3.5,1826803,-3.5,-3.50369,6.59462,6.77647,-0.01848,0.01817,-0.01069,50.92078,-26.05963,-71.82111
36.078979,-79.007981,11,0.06,132.1,-3.5,1827603,-3.5,-3.49771,6.58624,6.60898,-0.01802,0.01542,-0.01084,50.20462,-25.34347,-71.16341
36.078979,-79.007981,11,0.06,132.3,-3.49,1827803,-3.49,-3.48694,6.59522,6.72204,-0.01283,0.01451,-0.01191,50.24847,-25.51886,-71.20725
36.078978,-79.007981,11,0.06,132.3,-3.5,1828603,-3.5,-3.49771,6.59103,6.74836,-0.01405,0.01481,-0.01038,50.45308,-25.57732,-70.84186
36.078978,-79.007981,11,0.06,132.6,-3.47,1828803,-3.47,-3.47258,6.59282,6.74656,-0.01665,0.01145,-0.01405,50.38,-25.32885,-70.75417
36.078978,-79.007983,11,0.09,132.6,-3.47,1829603,-3.47,-3.47378,6.6024,6.75015,-0.01817,0.0171,-0.01252,50.54078,-25.19731,-71.74802
36.078978,-79.007983,11,0.09,132.9,-3.49,1829803,-3.49,-3.48515,6.59402,6.76092,-0.01374,0.01741,-0.01191,49.38614,-25.10962,-71.00263
36.078976,-79.007984,11,0.08,132.9,-3.49,1830603,-3.49,-3.49472,6.61376,6.74477,-0.01756,0.01802,-0.00947,49.7223,-25.8404,-71.28033
36.078976,-79.007984,11,0.08,133.3,-3.49,1830803,-3.49,-3.48694,6.59282,6.61974,-0.0139,0.01817,-0.01054,50,-25.65039,-71.25109
36.078976,-79.007985,11,0.08,133.3,-3.47,1831603,-3.47,-3.47258,6.61735,6.75913,-0.0113,0.01573,-0.011,50.26308,-26.42502,-71.07571
36.078976,-79.007985,11,0.08,133.6,-3.5,1831803,-3.5,-3.4995,6.58684,6.77946,-0.01588,0.0139,-0.01161,50.38,-25.91348,-71.03186
36.078978,-79.007987,11,0.09,133.6,-3.5,1832603,-3.5,-3.50429,6.58684,6.75494,-0.01329,0.01359,-0.01191,49.85384,-26.23502,-70.40339
36.078978,-79.007987,11,0.09,134.1,-3.49,1832803,-3.49,-3.48515,6.59043,6.77588,-0.01619,0.01405,-0.00993,49.88308,-25.94271,-70.21339
36.078978,-79.007988,11,0.07,134.1,-3.48,1833603,-3.48,-3.47857,6.59941,6.77468,-0.01985,0.01573,-0.01084,50.30693,-25.95732,-70.87109
36.078978,-79.007988,11,0.07,134.5,-3.47,1833803,-3.47,-3.47258,6.59103,6.77109,-0.01344,0.01573,-0.00977,50.7454,-25.78193,-71.22186
36.078979,-79.00799,11,0.14,134.5,-3.51,1834603,-3.51,-3.51386,6.59761,6.80698,-0.01466,0.01665,-0.01176,50.5554,-25.70886,-70.68109
36.078979,-79.00799,11,0.14,134.9,-3.52,1834803,-3.52,-3.51805,6.57907,6.76451,-0.01298,0.01359,-0.01283,50.17539,-25.8404,-71.03186
36.078978,-79.00799,11,0.08,134.9,-3.49,1835603,-3.49,-3.49053,6.57787,6.74297,-0.01604,0.01817,-0.01176,50.24847,-25.54809,-70.41801
36.078978,-79.00799,11,0.08,135.4,-3.5,1835803,-3.5,-3.50489,6.60419,6.74477,-0.01542,0.01466,-0.01283,50.35077,-26.0304,-71.11955
36.078977,-79.007989,11,0.02,135.4,-3.5,1836603,-3.5,-3.49711,6.59402,6.74896,-0.01512,0.0142,-0.01161,50.17539,-25.66501,-69.80415
36.078977,-79.007989,10,0.02,135.4,-3.47,1836803,-3.47,-3.46541,6.58624,6.73879,-0.01313,0.01466,-0.01145,50.01461,-26.3081,-70.84186
36.078978,-79.007989,10,0.08,135.4,-3.5,1837603,-3.5,-3.4995,6.58565,6.60957,-0.01542,0.01604,-0.00809,50.68693,-26.0304,-71.26571
36.078978,-79.007989,10,0.08,135.3,-3.49,1837803,-3.49,-3.49232,6.60479,6.72264,-0.01497,0.01466,-0.01741,50.42385,-25.69424,-70.95878
36.078978,-79.007989,10,0.14,135.3,-3.49,1838603,-3.49,-3.49352,6.58864,6.7669,-0.0168,0.01604,-0.01512,49.92692,-26.58579,-70.73955
36.078978,-79.007989,10,0.14,135.2,-3.5,1838803,-3.5,-3.50429,6.6024,6.7681,-0.01512,0.01054,-0.00977,50.77463,-25.82578,-71.89418
36.07898,-79.007989,10,0.06,135.2,-3.5,1839603,-3.5,-3.49651,6.59941,6.78963,-0.01405,0.01191,-0.01222,49.79538,-25.53347,-71.54341
36.07898,-79.007989,10,0.06,135.2,-3.52,1839803,-3.52,-3.51745,6.59582,6.74477,-0.01573,0.01115,-0.01268,50.42385,-25.82578,-71.32417
36.078981,-79.007989,10,0.1,135.2,-3.49,1840603,-3.49,-3.49472,6.61077,6.73879,-0.01772,0.01313,-0.01115,50.40924,-25.66501,-70.94417
36.078981,-79.007989,10,0.1,135,-3.49,1840803,-3.49,-3.48694,6.61077,6.73879,-0.01695,0.01161,-0.01374,50,-25.53347,-72.08419
36.078981,-79.007988,10,0.12,135,-3.5,1841603,-3.5,-3.4989,6.59342,6.75195,-0.01604,0.01649,-0.01008,49.79538,-25.60655,-70.6957
36.078981,-79.007988,10,0.12,134.8,-3.48,1841803,-3.48,-3.48036,6.59701,6.7334,-0.01527,0.01374,-0.01313,49.76615,-25.8404,-71.42648
36.078982,-79.007988,10,0.12,134.8,-3.49,1842603,-3.49,-3.49232,6.59641,6.79621,-0.0168,0.01542,-0.01038,49.83923,-25.53347,-71.0611
36.078982,-79.007988,10,0.12,134.6,-3.47,1842803,-3.47,-3.466,6.60299,6.80997,-0.0139,0.01512,-0.01161,50.20462,-25.86963,-71.16341
36.078982,-79.007989,10,0.02,134.6,-3.49,1843603,-3.49,-3.49472,6.61017,6.79681,-0.01573,0.01649,-0.01451,49.67846,-25.81116,-71.0611
36.078982,-79.007989,10,0.02,134.4,-3.48,1843803,-3.48,-3.48275,6.59582,6.75853,-0.01573,0.01191,-0.00886,49.92692,-26.41041,-71.10493
36.078983,-79.007988,10,0.26,134.4,-3.51,1844603,-3.51,-3.51147,6.6012,6.74836,-0.01527,0.01237,-0.01268,50.05846,-25.69424,-70.62262
36.078983,-79.007988,10,0.26,134,-3.48,1844803,-3.48,-3.48335,6.59282,6.77827,-0.01985,0.01619,-0.01023,50.51154,-26.35194,-71.14879
36.078983,-79.007988,10,0.14,134,-3.52,1845603,-3.52,-3.51625,6.6012,6.76092,-0.01955,0.01497,-0.01344,50.33616,-26.05963,-71.74802
36.078983,-79.007988,10,0.14,133.8,-3.49,1845803,-3.49,-3.48814,6.61974,6.76152,-0.01878,0.0139,-0.01573,50.40924,-25.92809,-70.9734
36.078983,-79.007989,10,0.07,133.8,-3.49,1846603,-3.49,-3.49113,6.61915,6.75494,-0.01756,0.01497,-0.01145,50.43847,-26.05963,-71.66033
36.078983,-79.007989,10,0.07,133.7,-3.51,1846803,-3.51,-3.51446,6.59641,6.75494,-0.01497,0.01665,-0.01161,50.49693,-25.88424,-70.56416
36.078985,-79.00799,10,0.13,133.7,-3.5,1847603,-3.5,-3.50309,6.59282,6.79621,-0.01787,0.01512,-0.01023,50.04385,-25.48962,-70.5057
36.078985,-79.00799,10,0.13,133.4,-3.45,1847803,-3.45,-3.45045,6.61017,6.73819,-0.01054,0.01573,-0.00993,50.30693,-25.86963,-70.95878
36.078985,-79.007989,10,0.15,133.1,-3.5,1848803,-3.5,-3.49771,6.58804,6.79083,-0.0142,0.01481,-0.01206,49.92692,-25.98655,-71.04648
36.078985,-79.007987,10,0.22,133.1,-3.41,1849603,-3.41,-3.41396,6.67239,6.75613,-0.02016,0.01802,-0.01069,50.16077,-25.44578,-70.65186
36.078985,-79.007987,10,0.22,132.5,-3.48,1849803,-3.48,-3.48455,6.58864,6.76271,-0.01497,0.01649,-0.01268,50.48232,-25.65039,-70.57878
36.078986,-79.007987,10,0.08,132.5,-3.49,1850603,-3.49,-3.49352,6.59223,6.75673,-0.01665,0.01298,-0.01054,50.17539,-25.18269,-70.43262
36.078986,-79.007987,10,0.08,132.2,-3.52,1850803,-3.52,-3.52343,6.59941,6.74297,-0.01588,0.01649,-0.01161,50.24847,-24.86115,-70.56416
36.078985,-79.007986,10,0.15,132.2,-3.5,1851603,-3.5,-3.5007,6.58146,6.72742,-0.01558,0.01695,-0.01084,49.98539,-25.69424,-70.60801
36.078985,-79.007986,10,0.15,132.3,-3.52,1851803,-3.52,-3.52104,6.63051,6.68854,-0.01863,0.01313,-0.01313,50.16077,-25.72347,-70.81263
36.078984,-79.007987,10,0.17,132.3,-3.5,1852603,-3.5,-3.50489,6.65444,6.69093,-0.01038,0.02031,-0.00718,49.97077,-25.66501,-70.81263
36.078984,-79.007987,10,0.17,132.3,-3.3,1852803,-3.3,-3.29671,6.67837,6.72622,-0.01726,0.01084,-0.01161,50.11693,-26.14733,-71.80649
36.078983,-79.007986,10,0.26,132.3,-2.67,1853603,-2.67,-2.6656,5.18046,6.3338,-0.02184,0.07605,-0.02321,50.87694,-25.35808,-69.87723
36.078983,-79.007986,10,0.26,132.4,-4.73,1853803,-4.73,-4.73241,5.2331,6.38824,0.05498,0.2558,0.18066,50.11693,-25.63578,-70.33031
36.078981,-79.007985,10,0.14,132.4,-3.87,1854603,-3.87,-3.87219,6.48395,6.58624,-0.00687,0.04215,0.00504,48.81614,-25.05116,-71.57264
36.078981,-79.007985,10,0.14,132.9,-3.91,1854803,-3.91,-3.91047,6.6012,6.54975,-0.01374,0.00611,-0.02092,49.02076,-24.59807,-73.00497
36.078981,-79.007986,10,0.02,132.9,-3.06,1855603,-3.06,-3.05683,6.24407,7.24427,-0.04078,-0.26267,-0.09438,50.9354,-22.17188,-67.90412
36.078981,-79.007986,11,0.02,133,-3.13,1855803,-3.13,-3.12802,6.31346,7.31426,-0.01955,-0.02169,-0.01939,48.31921,-21.6311,-66.89565
36.078983,-79.007987,11,0.09,133,-3.29,1856603,-3.29,-3.29252,6.32303,7.22513,-0.01833,0.01665,-0.00962,46.85764,-21.3534,-68.19643
36.078983,-79.007987,11,0.09,132.8,-3.17,1856803,-3.17,-3.17288,6.35594,7.22812,-0.02016,0.01787,-0.01268,47.22303,-21.45571,-67.65565
36.078986,-79.007987,11,0.13,132.8,-3.18,1857603,-3.18,-3.18305,6.29492,7.15394,-0.01558,0.01466,-0.01069,46.95995,-21.61649,-66.64718
36.078986,-79.007987,11,0.13,132.7,-3.16,1857803,-3.16,-3.16212,6.3003,7.22513,-0.01512,0.01619,-0.01038,46.97457,-21.61649,-67.10027
36.078985,-79.007989,11,0.22,132.7,-2.12,1858603,-2.12,-2.11526,5.3677,9.62094,-0.06429,-1.14553,-0.38378,46.97457,-21.82111,-66.17948
36.078985,-79.007989,10,0.22,132.8,-4.71,1858803,-4.71,-4.70907,4.69591,9.00479,2.0945,-0.28069,-0.03772,56.67933,-18.78106,-68.78106
36.078987,-79.007989,10,0.55,132.8,0.87,1859603,0.87,0.8674,-2.69551,9.16391,1.15469,1.26037,1.83611,65.53639,11.00555,-73.29728
36.078987,-79.007989,10,0.55,132.8,2.98,1859803,2.98,2.97547,-1.84606,8.78345,1.12033,0.95387,1.44393,71.93803,7.17626,-67.40719
36.078989,-79.007989,10,0.63,132.8,8.21,1860603,8.21,8.21157,-0.46002,6.66102,-0.47938,0.7984,1.52884,75.51885,-11.13709,-54.26776
36.078989,-79.007989,9,0.63,133.3,8.43,1860803,8.43,8.43291,3.91107,4.97946,-1.25304,1.56259,2.78555,66.23795,-25.62116,-42.23911
36.078992,-79.007979,9,1.48,133.3,-7.74,1861603,-7.74,-7.74317,2.27797,0.1663,-1.19088,1.59573,1.93217,-3.24467,12.78866,-37.83981
36.078992,-79.007979,9,1.48,132.1,-12.48,1861803,-12.48,-12.48336,0.98943,-1.05823,-0.58811,0.45051,1.41034,-1.52002,25.22654,-47.10611
36.078989,-79.007981,9,1.42,132.1,-10.19,1862603,-10.19,-10.19283,-6.72622,1.7653,-0.15699,-0.23228,0.25213,21.03186,49.92692,-61.25402
36.078989,-79.007981,11,1.42,131.9,-9.05,1862803,-9.05,-9.04846,-6.12144,1.85145,-0.03482,-0.25015,-0.07361,20.52032,49.37153,-61.44402
36.07899,-79.007978,11,0.32,131.9,-7.85,1863603,-7.85,-7.84966,-5.10808,5.12901,0.04765,1.2254,1.46272,19.08799,44.95761,-58.0532
36.07899,-79.007978,10,0.32,131.4,-7.83,1863803,-7.83,-7.8335,-5.17986,3.51506,0.01451,0.80176,0.27031,23.39959,46.40456,-59.55861
36.078988,-79.007979,10,0.14,131.4,-8.41,1864603,-8.41,-8.41496,-4.82154,3.64247,0.01634,-0.06078,-0.09194,25.47501,46.28764,-61.88249
36.078988,-79.007979,10,0.14,131.6,-8.14,1864803,-8.14,-8.14218,-4.72044,3.75673,-0.04475,0.01252,-0.06093,24.83192,46.63841,-61.78018
36.078986,-79.007984,10,0.35,131.6,-7.74,1865603,-7.74,-7.73719,-5.5358,4.74437,-0.0168,0.73136,-0.22144,25.16808,44.2853,-60.80093
36.078986,-79.007984,10,0.35,132.5,-8.24,1865803,-8.24,-8.2355,-5.47717,4.79163,-0.10033,0.34346,0.02581,28.07659,45.05993,-62.61327
36.078991,-79.007984,10,1.1,132.5,-8,1866603,-8,-8.00339,-5.71466,5.05962,0.20907,-0.21655,0.06704,26.61502,46.11225,-62.46712
36.078991,-79.007984,10,1.1,133.1,-7.53,1866803,-7.53,-7.535,-4.51107,3.03171,0.13531,-0.42608,-0.28069,23.85267,46.43379,-60.31862
36.078996,-79.007979,10,1.24,133.1,-9.09,1867603,-9.09,-9.08974,-4.81735,3.99063,0.05253,-0.15882,-0.02245,21.61649,45.10377,-59.70476
36.078996,-79.007979,10,1.24,133.7,-8.99,1867803,-8.99,-8.99103,-4.51107,3.85185,-0.02993,-0.13164,-0.12126,20.56416,45.6884,-59.06168
36.078996,-79.007984,10,0.72,133.7,-8.81,1868603,-8.81,-8.81396,-3.30987,3.48395,-0.23411,-0.00565,-0.0394,14.64484,40.25139,-58.53551
36.078996,-79.007984,11,0.72,133.4,-8.63,1868803,-8.63,-8.63211,-2.89352,2.75713,-0.28207,-0.10095,-0.00229,13.60713,39.27214,-59.52938
36.078992,-79.00799,11,1.13,133.4,-9.41,1869603,-9.41,-9.41097,-3.533,3.23569,-0.29535,-0.18204,0.06582,15.43408,34.5513,-62.42327
36.078992,-79.00799,11,1.13,132.7,-8.75,1869803,-8.75,-8.74876,-3.12562,2.73559,-0.29612,-0.08491,0.09774,15.03946,33.83514,-62.78866
36.078989,-79.007996,11,1.31,132.7,-8.22,1870603,-8.22,-8.21935,-5.18824,3.85603,-0.08644,-0.13332,0.24587,16.31102,31.8328,-64.68869
36.078989,-79.007996,11,1.31,131.9,-7.81,1870803,-7.81,-7.81077,-5.01775,3.42413,-0.13882,-0.16585,0.27596,15.21485,32.27127,-63.65098
36.078988,-79.008005,11,0.53,131.9,-8.67,1871603,-8.67,-8.6686,-4.24965,3.61376,-0.16157,-0.49892,-0.13103,18.09412,26.89272,-68.62029
36.078988,-79.008005,10,0.53,132.5,-7.84,1871803,-7.84,-7.83949,-4.41775,4.47338,-0.21869,-0.03329,-0.06536,17.5095,24.78807,-69.07337
36.078989,-79.008008,10,0.91,132.5,-9.6,1872603,-9.6,-9.59642,-4.401,2.27258,0.17654,-0.17517,0.49908,15.361,27.34581,-65.65332
36.078989,-79.008008,11,0.91,132.5,-7.06,1872803,-7.06,-7.06421,-6.84108,5.42931,0.00672,0.00214,0.62232,14.38176,29.2166,-64.48407
36.078989,-79.008008,11,0.35,132.5,-10.1,1873603,-10.1,-10.09771,-4.08156,4.07258,-0.23992,0.05513,0.13714,14.33791,23.60421,-66.13564
36.078989,-79.008008,11,0.35,133,-9.29,1873803,-9.29,-9.28654,-4.51944,3.54556,-0.20403,-0.28588,0.00031,13.95791,21.41187,-65.75563
36.078987,-79.008008,11,0.96,133,-8.2,1874603,-8.2,-8.19781,-2.34138,1.9998,0.06842,-0.47373,0.10751,7.96551,13.1102,-59.35399
36.078987,-79.008008,11,0.96,132.8,-9.04,1874803,-9.04,-9.04427,-3.48814,2.01356,-0.02077,-0.01802,0.36453,7.17626,16.22333,-58.12628
36.078993,-79.008011,11,0.49,132.8,-8.37,1875603,-8.37,-8.37428,-3.89252,2.75294,-0.14432,0.0336,0.14661,6.72318,18.73721,-59.12014
36.078993,-79.008011,11,0.49,132.1,-9.52,1875803,-9.52,-9.52403,-3.83869,1.90469,-0.15776,0.18692,0.13424,7.52704,18.09412,-59.09091
36.07899,-79.008013,11,0.61,132.1,-9.35,1876603,-9.35,-9.34995,-3.04965,3.04427,-0.05376,0.12889,-0.00611,9.42707,10.56709,-60.91786
36.07899,-79.008013,11,0.61,131.9,-8.58,1876803,-8.58,-8.57528,-2.82293,1.84546,0.12202,-0.21838,0.03833,7.41011,11.10786,-58.21397
36.078986,-79.008013,11,0.35,131.9,-9.47,1877603,-9.47,-9.47079,-4.88016,2.68774,0.30482,-0.02214,0.4383,8.5209,21.11956,-60.05554
36.078986,-79.008013,11,0.35,131.5,-9.04,1877803,-9.04,-9.04427,-5.37607,3.13938,0.21502,-0.22495,0.20846,8.44782,22.74189,-59.12014
36.078983,-79.008014,11,0.72,131.5,-10.3,1878803,-10.3,-10.3023,-4.20299,2.16371,-0.03604,0.51099,0.12905,6.24087,19.77492,-57.05934
36.078985,-79.008015,11,0.24,131.5,-9.48,1879603,-9.48,-9.47857,-2.76072,0.56052,0.11087,-0.17165,0.17043,7.95089,17.0418,-60.49401
36.078985,-79.008015,11,0.24,131,-9.33,1879803,-9.33,-9.3338,-4.19402,3.05264,-0.07422,0.41692,0.31841,8.25782,19.32183,-60.40631
36.078987,-79.008016,11,0.38,131,-9.01,1880603,-9.01,-9.00958,-4.19342,2.74756,0.05131,0.03558,-0.43463,10.49401,22.17188,-63.12482
36.078987,-79.008016,11,0.38,131,-8.58,1880803,-8.58,-8.58246,-4.39681,3.1011,0.0591,-0.16249,-0.36652,10.55247,20.75417,-62.35019
36.078989,-79.008015,11,0.96,131,-9.18,1881603,-9.18,-9.17887,-3.52941,2.61595,0.2839,-0.02123,-0.09209,9.06168,20.56416,-61.44402
36.078989,-79.008015,10,0.96,130.9,-9.59,1881803,-9.59,-9.58565,-3.12144,1.95135,0.25885,0.08812,-0.16295,9.44168,21.29494,-60.52324
36.078992,-79.008011,10,1.13,130.9,-9.8,1882603,-9.8,-9.79921,-2.41675,2.4658,0.23289,0.16096,-0.00321,9.47091,25.92809,-61.29786
36.078992,-79.008011,11,1.13,130.8,-10.14,1882803,-10.14,-10.13659,-1.67677,2.25344,0.19028,-0.06216,-0.00015,9.99708,27.18504,-59.8363
36.078994,-79.008011,11,0.06,130.8,-9.71,1883603,-9.71,-9.70529,-1.47398,2.60937,-0.09789,0.33704,-0.09667,9.77784,25.28501,-60.90324
36.078994,-79.008011,11,0.06,130.8,-9.23,1883803,-9.23,-9.2333,-1.65703,2.82353,-0.1605,0.14645,-0.03482,10.49401,25.06577,-61.29786
36.078988,-79.00801,11,1.07,129.9,-9.33,1884803,-9.33,-9.33021,-2.81097,4.50868,-0.1576,0.99067,0.17517,15.68255,24.96346,-67.55334
36.078988,-79.00801,11,0.09,129.9,-8.12,1885603,-8.12,-8.12124,-2.41077,3.63171,0.00764,-0.42883,-0.00336,15.77024,23.57498,-68.62029
36.078988,-79.00801,11,0.09,129.9,-7.47,1885803,-7.47,-7.4668,-2.70568,3.61914,-0.05116,0.04826,0.15653,14.35253,24.14499,-67.33411
36.078997,-79.008016,11,0.02,129.9,-8.51,1886603,-8.51,-8.50589,-3.77887,3.34696,-0.03787,0.29169,0.03803,13.78252,29.18737,-64.2356
36.078997,-79.008016,11,0.02,129.4,-10.77,1886803,-10.77,-10.77309,-3.19382,4.17727,-0.04429,0.26237,-0.31796,16.22333,28.2812,-66.70564
36.078998,-79.008018,11,0.71,129.4,-9.06,1887603,-9.06,-9.05743,-1.44526,2.88754,0.09667,-0.08323,-0.50839,10.02631,21.42648,-63.06636
36.078998,-79.008018,11,0.71,129.6,-8.02,1887803,-8.02,-8.01895,-1.17069,2.1344,0.01604,-0.47128,0.18204,9.31014,18.15259,-62.61327
36.079001,-79.008018,11,0.41,129.6,-9.57,1888603,-9.57,-9.57189,-2.01117,1.16889,-0.05101,-0.42058,-0.31872,4.91084,12.80327,-53.56621
36.079001,-79.008018,11,0.41,129,-8.54,1888803,-8.54,-8.53879,0.71545,0.54138,0.11545,0.59773,0.56383,1.90003,12.13096,-48.30459
36.079002,-79.008019,11,0.49,129,-12.45,1889603,-12.45,-12.45105,-0.22672,0.90927,0.09102,0.59147,0.66294,3.15697,14.63023,-50.67232
36.079002,-79.008019,11,0.49,128.7,-14.37,1889803,-14.37,-14.3683,0.93141,0.07956,0.01726,-0.0113,-0.09346,4.63315,16.80795,-54.3116
36.079003,-79.008017,11,0.54,128.7,-10.68,1890603,-10.68,-10.67857,0.1011,-0.58026,0.17455,0.11026,0.20815,2.19234,15.361,-49.02076
36.079003,-79.008017,11,0.54,128.5,-10.45,1890803,-10.45,-10.45424,1.79462,0.97448,0.04627,0.24862,-0.31689,2.93774,17.05642,-51.1254
36.079,-79.008019,11,0.72,128.8,-9.44,1891803,-9.44,-9.4355,-0.50847,-1.31306,-0.19166,0.05391,0.11561,3.04005,13.5779,-49.64923
36.079,-79.008023,11,0.37,128.8,-9.8,1892603,-9.8,-9.79741,-0.30568,-1.16949,-0.04001,0.07559,-0.01542,3.15697,12.56942,-50.64309
36.079,-79.008023,11,0.37,127.9,-9.8,1892803,-9.8,-9.79981,0.40319,-0.52941,0.00458,0.16906,0.00321,3.7416,12.36481,-51.95849
36.079002,-79.008026,11,0.09,128.3,-9.84,1893803,-9.84,-9.84108,0.3009,0.02154,-0.04429,-0.06735,0.00657,4.15083,11.22479,-51.57849
36.079002,-79.008027,11,0.16,128.3,-10.33,1894603,-10.33,-10.33041,-0.45643,1.17966,0.00214,0.29673,0.31765,5.45162,10.59632,-54.677
36.079002,-79.008027,11,0.16,128.5,-10.82,1894803,-10.82,-10.81735,0.34457,2.18525,-0.07223,0.61423,0.23335,4.3993,10.09939,-52.82081
36.078998,-79.008028,11,0.1,129,-10.06,1895803,-10.06,-10.06122,0.53061,-0.33559,-0.08659,-0.02718,0.0507,5.70009,10.45016,-53.71236
36.078998,-79.008028,11,0.28,129,-11.75,1896603,-11.75,-11.74696,0,0.83749,-0.03619,0.05773,0.03574,6.12394,12.08711,-56.72318
36.078998,-79.008028,11,0.28,128.8,-11.56,1896803,-11.56,-11.55973,-0.2656,-0.6993,-0.08781,-0.09652,0.04001,6.06548,12.29173,-56.85472
36.079,-79.00803,11,0.94,129.2,-10.26,1897803,-10.26,-10.26282,0.44207,-0.2339,-0.03986,0.12446,0.11484,4.13622,9.85092,-53.36159
36.079006,-79.008034,11,0.52,129.6,-9.56,1898803,-9.56,-9.56471,-0.32124,-0.69512,0.11209,-0.208,-0.04291,3.14236,10.55247,-49.23999
36.079007,-79.008032,11,0.84,129.6,-10.56,1899603,-10.56,-10.56072,0.02871,-1.35673,0.17562,0.06368,-0.08308,3.23005,16.50102,-50.13154
36.079007,-79.008032,11,0.84,129.5,-10.76,1899803,-10.76,-10.75753,-0.21236,-1.12343,0.13851,0.15501,-0.09041,2.87928,16.44256,-49.2546
36.079005,-79.008031,11,0.47,129.5,-9.38,1900603,-9.38,-9.38166,-0.37567,-1.2999,0.07987,0.78649,0.31918,2.57235,13.44636,-48.45074
36.079005,-79.008031,11,0.47,128.9,-9.19,1900803,-9.19,-9.19442,1.03011,-2.20199,0.00107,0.1153,0.43417,2.17773,14.19176,-47.39842
36.079002,-79.008032,11,0.69,127.9,-10.92,1901803,-10.92,-10.92324,0.88834,-0.46241,-0.03421,-0.33078,-0.42379,2.11926,14.93715,-47.29611
36.079009,-79.008039,11,0.58,127.2,-10.36,1902803,-10.36,-10.36331,0.0317,-1.31486,-0.13714,-0.00535,-0.07071,2.77697,12.48173,-47.17919
36.079007,-79.008038,12,0.22,126.5,-9.64,1903803,-9.64,-9.64008,0.3667,-1.82273,0.03986,0.00321,0.08858,2.11926,12.8325,-46.95995
36.079008,-79.008041,12,0.25,126.7,-11.13,1904803,-11.13,-11.12962,0.07836,-0.67657,0.0142,0.07178,-0.10446,2.39696,15.18562,-48.56767
36.079004,-79.008039,12,1.22,126.4,-9.6,1905803,-9.6,-9.603,1.27717,-2.67218,0.04887,0.17853,-0.21609,1.00848,11.80941,-44.69453
36.079004,-79.008037,12,0.28,125.2,-11.28,1906803,-11.28,-11.27857,-0.57368,-0.06939,-0.09804,0.45571,0.35949,3.05466,11.63402,-49.35691
36.079004,-79.008042,12,0.87,125.5,-8.18,1907803,-8.18,-8.18405,0.734,0.8668,-0.03665,0.43998,-0.05849,5.04239,5.18854,-51.43233
36.078999,-79.008037,11,0.69,125.4,-10.44,1908803,-10.44,-10.44048,0.8668,1.76052,-0.12507,-0.07682,0.10079,10.69863,8.57936,-61.16633
36.078996,-79.008033,12,0.7,125.6,-9.83,1909803,-9.83,-9.82553,-1.09173,1.16471,0.00809,-0.13806,-0.04627,7.95089,8.49167,-57.36627
36.078991,-79.008033,12,0.03,125.6,-9.97,1910603,-9.97,-9.96611,-0.77527,1.34836,0.02505,-0.04688,-0.06292,7.32242,9.54399,-58.09705
36.078991,-79.008033,12,0.03,125.6,-9.89,1910803,-9.89,-9.89013,-0.44028,1.42313,0.05299,0.06597,-0.12584,7.41011,9.28091,-58.40398
36.078986,-79.008033,12,0.2,125.5,-10.11,1911803,-10.11,-10.11267,-0.87936,1.96092,0.01268,-0.22373,-0.06643,7.93628,9.48553,-58.76936
36.078981,-79.008027,12,0.15,125.5,-9.94,1912603,-9.94,-9.93679,-0.18425,1.39382,-0.06735,0.1263,-0.02031,7.35165,9.16399,-57.36627
36.078981,-79.008027,11,0.15,125.2,-9.29,1912803,-9.29,-9.29193,0.55334,0.05803,-0.10843,0.03955,-0.04963,7.60012,8.19936,-57.51242
36.078981,-79.008027,12,0.21,125.4,-9.91,1913803,-9.91,-9.90808,0,1.04028,-0.03635,-0.01665,0.00443,8.53552,7.51242,-58.94476
36.078983,-79.008029,12,0.08,125.7,-10.07,1914803,-10.07,-10.07019,-0.17767,1.60379,-0.02062,0.05635,0.00397,8.19936,6.75241,-57.80473
36.078986,-79.008029,12,0.05,125.8,-10.3,1915803,-10.3,-10.3035,0.02692,1.67198,0.01756,-0.02596,-0.03986,9.03245,6.95703,-59.79246
36.078987,-79.008029,12,0.05,125.8,-10.06,1916803,-10.06,-10.06421,0.25184,1.59003,-0.00107,0.00718,-0.0255,8.14089,6.62087,-58.68167
36.078986,-79.008028,12,0.0,125.9,-9.92,1917803,-9.92,-9.91586,0.28235,1.38963,0.00076,0.03635,0.01161,8.38936,6.79626,-59.09091
36.078984,-79.008025,12,0.17,126.1,-9.92,1918803,-9.92,-9.92124,0.3667,2.07518,-0.01909,0.01298,-0.01604,8.40398,6.94241,-59.38322
36.078983,-79.008021,12,0.05,126.5,-10.64,1919803,-10.64,-10.64328,0.12861,2.10209,-0.04108,-0.00825,-0.09529,9.99708,6.10932,-60.47939
36.078986,-79.008023,12,1.66,127.2,-5.06,1920803,-5.06,-5.05663,2.30369,0.13101,-0.20571,0.22297,-0.55528,17.12949,-9.00321,-60.8594
36.078989,-79.008026,12,0.79,127.6,-7.98,1921803,-7.98,-7.98485,2.52921,2.27019,-0.19212,0.25885,-0.06826,14.65946,-4.95469,-61.63403
36.078989,-79.008026,12,0.32,127.6,-11.46,1922803,-11.46,-11.45863,2.6662,2.95872,0.49801,0.34651,-0.41447,13.09559,-6.2701,-58.28705
36.078994,-79.008025,12,0.79,127.6,-10.72,1923803,-10.72,-10.71984,1.81256,2.29591,-0.20983,-0.0368,0.062,8.65244,-4.82315,-52.92312
36.078997,-79.008026,12,0.41,127.7,-9.5,1924803,-9.5,-9.5013,3.00778,-4.02473,0.11209,0.24755,-0.19105,4.37007,-0.76001,-41.49371
36.079001,-79.008025,12,0.85,127.2,-10.91,1925803,-10.91,-10.91366,2.46221,-1.9657,-0.31307,-0.67333,0.37599,4.53084,-4.16545,-38.39521
36.079004,-79.008027,10,0.37,127.3,-8.31,1926803,-8.31,-8.31207,1.9334,-2.99522,0.20708,0.48869,-0.1266,2.83543,1.15463,-34.21514
36.079003,-79.008025,10,0.63,127.4,-8.63,1927803,-8.63,-8.63211,3.04307,-0.84287,0.22312,-0.28268,-0.04047,7.95089,-8.43321,-44.76761
36.079009,-79.008032,10,0.96,126.3,-9.3,1928803,-9.3,-9.29791,4.03131,-3.59462,-0.03879,0.1631,0.27917,5.46624,-6.47471,-38.42444
36.079008,-79.008032,10,0.82,126.4,-9.96,1929803,-9.96,-9.96072,3.10289,-3.93081,-0.10553,-0.3963,-0.21808,4.1216,-2.28004,-40.29523
36.079009,-79.008033,10,0.23,126.8,-10.07,1930803,-10.07,-10.06661,2.21157,-1.05165,0.21487,0.08292,-0.08751,4.57469,-2.2508,-42.00526
36.079008,-79.008033,11,0.3,126.3,-12.82,1931803,-12.82,-12.81656,-1.70489,11.64347,0.26756,5.00344,2.11863,7.07396,-3.77083,-50.26308
36.079006,-79.008033,11,0.24,126.7,-8.62,1932803,-8.62,-8.62134,2.73619,-2.29292,-0.22052,-0.1744,0.36698,4.91084,-4.76469,-41.88834
36.079003,-79.00803,12,0.99,126.2,-10.14,1933803,-10.14,-10.14437,1.45543,-3.15553,0.26359,0.51343,-0.43219,4.07775,0.40924,-44.88454
36.079004,-79.00803,12,0.58,126.4,-9.24,1934803,-9.24,-9.2357,2.86002,-1.72044,0.08628,0.18723,-0.37446,3.04005,0.30693,-40.03215
36.079003,-79.008031,12,0.29,126.6,-10.08,1935803,-10.08,-10.08096,2.41436,-0.40977,0.06154,0.43081,0.43417,8.14089,-6.94241,-47.67612
36.079006,-79.008033,11,0.13,126.4,-9.81,1936803,-9.81,-9.81297,3.62752,-1.84188,-0.10782,-0.12462,0.34361,5.91932,-4.867,-45.83455
36.079001,-79.008028,11,0.13,126.1,-6.54,1937803,-6.54,-6.54198,4.90588,-4.86401,-0.17394,-0.30467,-0.37645,6.81087,-8.27244,-41.77141
36.079,-79.008027,12,0.68,125.9,-8.74,1938803,-8.74,-8.74457,2.84686,-2.04407,-0.04688,0.02795,0.24542,6.24087,-3.37621,-46.71149
36.078997,-79.008023,12,1.02,125.8,-8.7,1939803,-8.7,-8.69851,2.34198,-1.58046,-0.04169,0.21762,0.0846,3.84391,3.49313,-49.07922
36.078996,-79.008019,12,1.27,125.5,0.11,1940803,0.11,0.11127,6.68973,-7.11805,-1.33978,-3.15848,-2.63176,4.03391,4.38468,-53.11313
36.078997,-79.008018,12,0.6,125.5,-10.2,1941803,-10.2,-10.20479,0.81416,1.35254,-0.04643,-0.79412,0,5.37854,5.21777,-56.25549
36.078998,-79.00802,12,0.06,125,-9.06,1942803,-9.06,-9.06042,0.62333,-3.8022,0.35155,-0.42516,-0.05956,-6.66472,10.18708,-40.76294
36.078995,-79.00802,12,0.12,125,-8.9,1943803,-8.9,-8.90369,0.05623,-4.54158,0.17578,0.09255,0.22205,-4.72084,23.3119,-33.83514
36.078995,-79.008021,12,0.1,125.4,-8.91,1944803,-8.91,-8.91446,0.22074,-4.39502,0.17562,0.05253,0.13485,-3.42005,28.89506,-31.61356
36.078997,-79.008023,12,0.07,125.2,-8.82,1945803,-8.82,-8.81576,0.0993,-4.54935,0.25763,0.02001,0.14584,-2.11926,34.46361,-27.56504
36.078998,-79.008025,12,0.05,125.4,-9.06,1946803,-9.06,-9.05624,0.15254,-4.39502,0.2474,0.03894,0.21044,0.59924,38.11751,-21.87957
36.078998,-79.008026,12,0.02,125.5,-8.82,1947803,-8.82,-8.82234,0.11605,-4.64088,0.26374,0.1127,0.14859,5.3347,39.34522,-15.05408
36.079005,-79.008031,11,0.15,126,-8.83,1948803,-8.83,-8.8337,0.09392,-4.52363,0.29764,-0.14233,0.07162,8.11166,37.7375,-9.10552
36.079004,-79.008028,12,0.09,126.5,-8.89,1949803,-8.89,-8.89293,0.07657,-4.37468,0.17807,-0.03497,0.27733,11.57556,33.49897,-3.33236
36.079005,-79.008028,12,0.0,126.6,-8.84,1950803,-8.84,-8.84148,0.30449,-4.48056,0.21838,-0.15043,0.19868,14.08945,26.32271,2.73312
36.079003,-79.008024,11,0.13,127.1,-8.93,1951803,-8.93,-8.9348,0.10828,-4.48714,0.39905,0.12691,-0.11927,15.85794,20.60801,5.32008
36.079001,-79.008021,12,0.17,127.4,-8.7,1952803,-8.7,-8.7021,-0.02632,-4.59482,0.25168,0.09865,0.11347,17.5095,14.14791,7.03011
36.078999,-79.008019,12,0.07,127.6,-8.89,1953803,-8.89,-8.88694,0.11486,-4.65284,0.13149,-0.18631,0.29276,16.80795,5.75855,6.38702
36.078997,-79.008017,12,0.07,127.7,-8.86,1954803,-8.86,-8.85643,0.32841,-4.4674,0.24633,-0.1263,0.09911,14.38176,-1.1254,2.63081
36.078995,-79.008016,11,0.07,127.9,-8.85,1955803,-8.85,-8.84627,0.24526,-4.53799,0.27046,-0.1069,0.07605,12.1748,-5.72932,0.83309
36.078993,-79.008016,11,0.16,127.9,-8.75,1956803,-8.75,-8.75474,0.16391,-4.52842,0.40729,-0.15348,-0.05773,9.33937,-8.88629,-5.74393
36.078992,-79.008015,11,0.16,127.7,-8.86,1957803,-8.86,-8.86421,-0.04187,-4.38245,0.33017,-0.07223,0.10766,5.13008,-8.14089,-14.55715
36.07899,-79.008013,11,0.17,127.4,-8.84,1958803,-8.84,-8.84268,0.05982,-4.35853,0.22068,0.02718,0.30895,2.03157,-5.74393,-21.1634
36.078989,-79.008013,11,0.08,127.2,-8.45,1959803,-8.45,-8.45205,0.7663,-6.15434,-3.15649,-0.31215,-2.91123,3.4639,-8.28705,-15.69716
36.078989,-79.008017,11,0.81,127,-9.6,1960803,-9.6,-9.6006,1.75514,-3.5001,-0.8181,-0.5371,0.63683,9.25168,-10.84478,-10.43554
36.07899,-79.008021,11,1.0,126.8,-8.33,1961803,-8.33,-8.3336,2.48734,-4.32921,-4.49062,0.77748,1.65575,3.47852,23.51652,-12.23327
36.078991,-79.008024,11,0.37,126.9,-8.86,1962803,-8.86,-8.85883,-0.39302,-4.32503,-1.62933,-0.06888,-1.24097,0.42385,1.60772,-26.13271
36.078987,-79.008026,11,0.14,126.2,-8.55,1963803,-8.55,-8.55374,0.33739,-5.09791,-1.47982,0.26618,-0.88652,19.40953,4.29699,4.63315
36.07899,-79.008028,11,0.14,126.1,-8.57,1964803,-8.57,-8.56571,0.09033,-4.92921,-1.27197,-0.26374,-0.82207,11.5171,36.3344,-7.52704
36.078991,-79.00803,11,0.09,125.8,-8.64,1965803,-8.64,-8.64048,0.18843,-4.74257,-1.14537,0.03314,-0.63331,-1.66618,26.05963,-30.25431
36.078991,-79.008031,11,0.08,125.8,-8.73,1966803,-8.73,-8.73141,0.42772,-4.92921,-0.95875,0.26328,-0.58796,1.27156,-1.28617,-25.59193
36.07899,-79.008031,12,0.02,126.1,-8.58,1967803,-8.58,-8.58126,0.06102,-4.80359,-0.84467,0.08063,-0.50671,11.40018,-7.13242,-7.52704
36.078991,-79.008033,12,0.96,126.1,4.96,1968803,4.96,4.96391,3.67717,5.70927,3.24522,0.88484,-4.46039,79.83046,0.7454,-51.69541
36.078994,-79.008038,11,1.15,126.1,7.84,1969803,7.84,7.84068,-1.60558,6.22912,1.56565,0.69058,-2.16995,79.78661,32.3005,-45.43993
36.078995,-79.008036,12,0.58,126.5,8.27,1970803,8.27,8.27318,-2.56869,5.06561,-0.32452,-0.15989,0.88178,80.16662,33.76206,-35.88132
36.078993,-79.008034,12,0.94,126.6,7.89,1971803,7.89,7.89093,-1.86401,5.31147,0.39889,0.08323,-0.32727,82.4905,27.37504,-37.56212
36.078991,-79.008036,11,0.23,127.6,7.88,1972803,7.88,7.88136,-2.37787,5.28754,-0.00305,0.00993,0.32345,83.29436,25.67963,-37.44519
36.078992,-79.008037,10,0.37,127.6,8,1973803,8,8.0022,-2.0345,5.08236,0.20174,-0.13989,-0.10583,83.99591,19.76031,-37.0798
36.078991,-79.008037,10,0.06,127.9,8.01,1974803,8.01,8.00579,-2.36949,5.2666,0.05483,0.07223,0.3146,83.68898,17.14411,-37.53288
36.078991,-79.008039,10,0.2,127.7,7.75,1975803,7.75,7.74916,-2.03091,5.32762,0.24679,-0.07697,-0.04902,82.62204,10.90324,-39.24291
36.078993,-79.008041,11,0.14,127.9,8.31,1976803,8.31,8.31326,-1.64626,4.72882,0.16371,-0.14172,0.19517,79.40661,6.9278,-39.50599
36.078993,-79.008045,11,0.6,127.7,7.9,1977803,7.9,7.89572,-2.28275,5.38325,0.69287,-0.20357,0.22739,70.87109,-0.39462,-55.87547
36.078992,-79.008044,11,0.14,127.6,8.22,1978803,8.22,8.22473,-2.10568,5.1003,-0.17547,-0.15455,-0.011,74.84653,-1.11079,-51.97311
36.078991,-79.008044,11,0.36,127.6,7.89,1979603,7.89,7.88854,-2.1326,5.47956,-0.11347,-0.13531,-0.06857,76.61502,-0.10231,-51.7831
36.078991,-79.008044,10,0.36,127.3,7.96,1979803,7.96,7.95853,-2.20379,5.2337,-0.01512,0.30986,-0.04749,77.75504,0.21923,-50.36539
36.078991,-79.008044,10,0.17,127.4,7.92,1980803,7.92,7.91785,-2.25763,5.24028,-0.14539,-0.09178,0.00443,79.84508,1.43233,-49.78077
36.07899,-79.008043,11,0.09,127.6,7.97,1981803,7.97,7.97229,-2.25823,5.20798,-0.06933,0.15501,-0.0562,81.48203,2.51388,-47.73458
36.078989,-79.008041,11,0.02,127.6,7.9,1982803,7.9,7.89931,-2.05484,5.31805,-0.10415,-0.07941,-0.03482,82.0228,2.29465,-46.50687
36.078987,-79.00804,12,0.1,127.6,8.03,1983803,8.03,8.03031,-2.32044,5.24626,-0.10156,-0.02764,0.02214,83.19205,4.32622,-45.39608
36.078986,-79.008038,11,0.08,127.8,7.94,1984803,7.94,7.94357,-2.21276,5.21516,0.02627,0.08079,-0.18601,84.15668,4.79392,-45.20608
36.078985,-79.008037,11,0.35,127.9,8,1985803,8,8.0022,-2.15234,5.25942,-0.17761,-0.05055,0.0814,83.76205,5.247,-44.59222
36.078984,-79.008037,11,0.22,128,8.02,1986803,8.02,8.02493,-2.27019,5.10987,0.00993,0.13393,-0.13989,83.99591,6.21163,-41.21602
36.078984,-79.008036,11,0.06,128,7.91,1987803,7.91,7.91426,-2.07577,5.49093,-0.08354,0.08491,0.11286,84.49284,6.21163,-43.36451
36.078982,-79.008035,11,0.3,128.2,7.96,1988803,7.96,7.95673,-2.15474,5.26241,0.10996,-0.19502,-0.1263,84.27361,6.25548,-42.77989
36.078983,-79.008037,12,0.35,128,8.13,1989803,8.13,8.1344,-2.31027,5.24866,0.08476,0.10996,0.1518,84.01052,5.247,-44.13914
36.078984,-79.00804,12,0.58,128,7.76,1990803,7.76,7.75514,-2.12423,5.34856,0.13531,-0.06048,0.042,82.4905,2.70389,-48.20228
36.078983,-79.008038,12,0.22,128.2,8,1991803,8,7.99741,-2.18106,5.11346,0.13027,0.04016,0.13638,80.85355,1.97311,-49.82461
36.078983,-79.008041,12,0.54,128.4,7.93,1992803,7.93,7.92802,-2.16311,5.36052,0.17165,-0.04016,0.06109,77.24349,-0.6577,-53.99006
36.078983,-79.008042,11,0.26,128.6,8.12,1993803,8.12,8.11645,-2.25464,5.35873,0.12752,-0.02306,0.17089,74.72961,-0.01462,-57.16165
36.078982,-79.008042,11,0.32,128.6,8,1994603,8,7.99741,-2.17268,5.29771,0.16616,-0.11805,0.07086,72.43496,1.38848,-61.19556
36.078982,-79.008042,10,0.32,128.8,7.88,1994803,7.88,7.87897,-2.1661,5.34258,0.18479,0.05208,0.10308,71.51418,2.10465,-61.64864
36.078981,-79.008042,11,0.15,128.9,8.16,1995803,8.16,8.16072,-2.23669,5.20858,0.13561,-0.15455,0.12966,70.05262,5.07162,-65.08331
36.078983,-79.008041,12,0.43,129.6,8,1996803,8,7.99562,-2.24387,5.19601,0.20647,0.24664,0.14004,67.8895,8.60859,-68.73721
36.07898,-79.008041,12,0.47,128.9,7.88,1997803,7.88,7.87957,-2.18943,5.44367,0.19884,-0.19258,-0.02459,66.13564,12.59865,-71.16341
36.078976,-79.008042,12,0.74,129,8.12,1998803,8.12,8.11586,-2.1679,5.14457,0.15837,0.00718,0.11988,65.31716,17.08565,-72.2888
36.078974,-79.008042,12,0.28,129.2,7.9,1999803,7.9,7.89512,-2.12722,5.30429,0.17028,0.0649,0.08445,63.02251,20.94417,-74.02806
36.078975,-79.008045,12,0.22,128.8,7.82,2000803,7.82,7.82274,-2.11825,5.24327,0.09132,-0.07941,0.13347,63.25636,25.57732,-73.26805
36.078975,-79.008049,12,0.31,128.8,8.02,2001803,8.02,8.01596,-2.28754,5.14038,0.13974,-0.04322,0.01939,63.47559,29.6843,-71.41187
36.078973,-79.008049,12,0.15,128.7,7.91,2002803,7.91,7.90708,-2.11944,5.23071,0.1011,-0.01069,0.06704,63.32943,32.65127,-71.86495
36.078971,-79.008048,12,0.09,128.5,8,2003803,8,8.00399,-2.24866,5.2026,0.10217,-0.04643,0.02642,63.13943,35.61824,-69.65799
36.07897,-79.008047,11,0.15,128.3,7.98,2004803,7.98,7.97827,-2.15354,5.32822,0.10812,0.10232,0.03986,63.32943,36.96288,-68.78106
36.07897,-79.00805,10,0.22,128.6,7.93,2005803,7.93,7.92922,-2.14756,5.2684,0.07361,-0.01588,0.06154,64.51331,38.7606,-66.67641
36.078969,-79.008051,11,0.15,128.4,8,2006803,8,8.0004,-2.18046,5.18465,0.12202,-0.06093,-0.02352,64.55714,40.74832,-65.79948
36.078973,-79.008053,11,0.17,128.8,8.04,2007803,8.04,8.04347,-2.16251,5.27498,0.08964,0.02642,0.07132,65.84332,42.70681,-63.87022
36.078974,-79.008056,11,0.4,128.4,7.96,2008803,7.96,7.96212,-2.15354,5.26241,0.12217,0.01008,0.02275,66.32564,43.39374,-60.91786
36.078977,-79.008058,12,0.31,128.2,7.96,2009803,7.96,7.95614,-2.17926,5.18285,0.09453,0.03497,0.08827,67.42181,44.34376,-58.3309
36.078978,-79.008065,11,0.89,128.3,7.98,2010803,7.98,7.98126,-2.17747,5.28874,0.08048,-0.07773,0.07743,69.00029,45.10377,-56.70856
36.078973,-79.008065,10,0.53,128.3,8.07,2011803,8.07,8.06621,-2.17268,5.30309,0.10996,-0.00993,0.10232,70.63724,44.37299,-53.11313
36.078976,-79.008076,11,1.19,128.1,7.99,2012803,7.99,7.98605,-2.12662,5.29412,0.15653,-0.03558,0.04597,72.24496,43.68606,-50.68693
36.078975,-79.008076,12,0.07,127.9,7.92,2013803,7.92,7.91785,-2.18225,5.4024,0.135,-0.06597,0.11545,74.72961,42.51681,-47.51535
36.078973,-79.008077,11,0.51,127.7,8.01,2014803,8.01,8.00997,-2.12483,5.21037,0.19441,-0.06322,0.03176,76.9658,39.4183,-43.80298
36.078972,-79.008079,12,0.18,127.5,7.89,2015803,7.89,7.89093,-2.20558,5.31865,0.15134,0.03238,0.14416,79.59661,36.3344,-40.70448
36.078974,-79.008078,11,0.87,127.4,8,2016803,8,8.00459,-2.2672,5.32343,0.11377,-0.12828,0.12355,81.52587,32.44665,-38.74598
36.078976,-79.008076,11,0.63,127.9,8.06,2017803,8.06,8.05963,-2.18525,5.28275,0.17669,0.06231,0.0281,82.81204,28.20813,-37.31365
36.078977,-79.008075,11,0.4,128,7.91,2018803,7.91,7.91067,-2.09492,5.32224,0.06796,0.02046,0.15241,83.84975,24.1596,-36.45133
36.078979,-79.008073,12,0.53,128.3,8,2019803,8,7.99622,-2.35873,5.25225,0.07773,-0.04108,0.06246,84.03976,22.14265,-36.65595
36.078979,-79.008073,12,0.23,128.3,8.02,2020803,8.02,8.01895,-2.19063,5.25524,0.09743,0.03879,-0.03864,85.31131,19.13183,-36.08594
36.07898,-79.008074,12,0.2,128.5,8,2021803,8,7.9998,-2.20319,5.24267,-0.02153,0.03299,0.02688,85.06285,18.53259,-36.84595
36.078972,-79.008075,12,0.16,130.3,7.91,2022803,7.91,7.91366,-2.1667,5.23909,-0.03925,0.03238,-0.06154,85.04823,18.85414,-36.81672
36.078973,-79.008076,11,0.17,129.9,7.97,2023803,7.97,7.96989,-2.27916,5.22652,-0.13378,-0.00962,-0.03115,84.47823,21.06109,-36.87518
36.078971,-79.008073,11,0.15,129.8,8,2024803,8,8.00459,-2.20858,5.28874,-0.14768,0.11591,-0.04154,83.90821,23.38498,-36.20287
36.078972,-79.008073,11,0.22,129.5,8.02,2025803,8.02,8.02254,-2.2666,5.35394,-0.15653,0.00993,-0.1292,83.03128,27.21426,-37.79597
36.078976,-79.008072,11,0.48,130.2,8,2026803,8,7.99681,-2.19003,5.23909,-0.19792,0.08919,-0.06154,82.31511,30.72201,-38.33675
36.078978,-79.008075,11,0.44,129.7,7.94,2027803,7.94,7.94417,-2.28395,5.34915,-0.20342,-0.01604,-0.11225,80.13738,35.44285,-40.58755
36.078977,-79.008075,10,0.31,130,8.01,2028803,8.01,8.01057,-2.07338,5.2002,-0.11973,0.08063,-0.17929,78.66121,37.60596,-41.88834
36.078977,-79.008075,10,0.15,129.9,7.95,2029803,7.95,7.94776,-2.23609,5.42991,-0.18112,0.11072,-0.00672,76.26425,41.09909,-44.73838
36.078978,-79.008076,11,0.32,129.6,8,2030803,8,8.0016,-2.16311,5.22951,-0.06536,-0.00122,-0.17165,74.49577,42.29757,-46.09763
36.078975,-79.00808,12,0.43,129.1,7.94,2031803,7.94,7.93699,-2.11406,5.33121,-0.08079,0.15027,-0.07101,73.89652,42.73604,-48.68459
36.078974,-79.008085,12,0.37,128.4,8.01,2032803,8.01,8.01297,-2.18106,5.36471,-0.06521,0.00504,-0.14661,71.57264,44.05145,-51.28617
36.078972,-79.008089,12,0.38,128.7,8,2033803,8,7.99681,-2.19183,5.12961,-0.1405,-0.011,-0.00107,71.26571,44.62146,-52.04618
36.07897,-79.008092,12,0.78,128.4,8,2034803,8,8.0022,-2.20798,5.32104,-0.09362,0.11026,-0.05742,69.81876,44.88454,-53.69775
36.078969,-79.008094,12,0.54,128.7,7.95,2035803,7.95,7.95255,-2.2666,5.40957,-0.15379,-0.08583,-0.03085,68.13797,45.52762,-56.38702
36.07897,-79.008098,12,0.45,128.4,7.95,2036803,7.95,7.94656,-2.23609,5.31865,-0.05544,0.00367,-0.07529,67.59719,45.39608,-57.93628
36.078967,-79.0081,12,0.96,128.7,7.76,2037803,7.76,7.75514,-2.05424,5.3665,-0.03436,-0.08598,0.05421,67.2318,44.62146,-59.44168
36.078965,-79.008102,12,0.38,128.5,8,2038803,8,7.99681,-2.2014,5.14218,0.06628,-0.06613,0.02871,68.81029,45.11839,-56.1824
36.078966,-79.008105,11,0.22,128.4,7.97,2039803,7.97,7.97169,-2.10628,5.38445,0.08231,0.03238,0.13118,70.06723,44.97223,-54.44315
36.078963,-79.008106,11,0.38,128.4,8.01,2040803,8.01,8.00698,-2.18704,5.22234,0.14157,-0.19013,0.01329,71.42648,44.43145,-51.73926
36.07896,-79.008105,12,0.32,128.6,7.99,2041803,7.99,7.98724,-2.05185,5.30907,0.18692,0.13027,0.07559,73.99883,42.85297,-48.26074
36.078953,-79.008096,11,0.13,128.4,7.94,2042803,7.94,7.93879,-2.17328,5.26421,0.11225,-0.14508,0.14218,76.32271,40.71909,-45.16224
36.078949,-79.008091,12,0.1,128.3,8.04,2043803,8.04,8.03809,-2.31506,5.50828,0.15424,-0.10049,0.104,78.29582,37.53288,-41.08448
36.07895,-79.00809,11,0.26,127.9,8.03,2044803,8.03,8.03091,-2.43051,5.21934,0.20174,-0.07712,0.04841,80.95586,33.4259,-38.4829
36.078951,-79.008087,11,0.47,127.8,7.96,2045803,7.96,7.95793,-2.18465,5.28754,0.20876,0.11698,0.12004,82.34435,28.39813,-37.12365
36.078955,-79.00809,10,0.31,127.8,7.87,2046803,7.87,7.87478,-1.98365,5.14098,0.12599,-0.22907,-0.01863,84.05437,23.28267,-37.51827
36.078955,-79.008092,10,0.18,127.8,8.08,2047803,8.08,8.08415,-2.14457,5.18943,0.10751,0.02428,0.08873,85.17977,20.66647,-36.46595
36.078956,-79.008089,12,0.43,128.1,7.95,2048803,7.95,7.94836,-2.22712,5.37308,0.24312,0.10385,-0.20052,84.43438,18.19643,-37.95674
36.078955,-79.008087,12,0.18,128,7.86,2049803,7.86,7.86162,-2.00459,5.25284,0.18906,0.01497,-0.22907,85.63286,15.84332,-37.43058
36.078955,-79.008088,11,0.2,127.3,7.82,2050803,7.82,7.82333,-2.0345,5.20319,0.00641,0.04108,0.11148,85.00439,14.86407,-37.79597
36.078954,-79.008088,11,0.22,127.1,8.19,2051803,8.19,8.18645,-2.3336,5.22353,-0.01115,-0.1014,0.04337,84.87284,12.40865,-39.09676
36.078952,-79.008088,11,0.18,126.9,7.82,2052803,7.82,7.82154,-2.02911,5.26959,0.093,0.15043,-0.09881,85.12131,12.16019,-39.35984
36.078951,-79.008089,12,0.36,126.9,7.94,2053803,7.94,7.94178,-2.25165,5.34915,-0.09392,-0.0084,0.0785,85.54517,12.21865,-39.37445
36.078952,-79.008093,12,0.16,126.6,8.04,2054803,8.04,8.04168,-2.25165,5.18704,-0.02642,0.042,-0.08827,85.04823,12.68635,-38.13213
36.07895,-79.008094,12,0.33,126.5,8.11,2055803,8.11,8.10688,-2.26241,5.42094,-0.1069,0.04001,-0.02764,84.77054,13.32944,-37.95674
36.078953,-79.008098,12,0.38,126.6,8.1,2056803,8.1,8.1027,-2.48016,5.29173,-0.12355,0.03619,-0.01863,85.09208,17.12949,-37.59135
36.078954,-79.008098,12,0.03,126.5,7.97,2057803,7.97,7.9693,-2.27258,5.34497,-0.07422,0.24358,-0.11713,84.69746,18.7226,-36.55364
36.078956,-79.008101,12,0.09,126.3,7.87,2058803,7.87,7.8682,-2.12064,5.42393,-0.14203,0.0898,-0.07193,84.21514,21.64572,-37.98597
36.078958,-79.008096,12,1.15,126.7,8.04,2059803,8.04,8.03929,-2.2014,5.17029,-0.14691,-0.00046,-0.12355,82.7682,25.78193,-36.52441
36.078961,-79.008092,11,0.74,127.4,7.96,2060803,7.96,7.96272,-2.333,5.36291,-0.20082,0.0058,-0.02566,82.24203,29.28968,-38.2929
36.078958,-79.00809,10,0.15,126.8,7.87,2061803,7.87,7.8694,-2.50469,5.34198,-0.16417,-0.0704,-0.10644,80.4297,33.74744,-39.24291
36.078959,-79.008091,10,0.21,126.8,7.9,2062803,7.9,7.9023,-2.10329,5.41436,-0.08964,0.15287,-0.06658,79.31891,34.88746,-44.37299
36.078961,-79.008096,12,0.87,126.5,7.91,2063803,7.91,7.90888,-2.21934,5.17448,-0.15776,0.02902,-0.0168,78.32505,37.70827,-42.35603
36.078963,-79.008101,11,0.51,126.3,7.92,2064803,7.92,7.92024,-1.90708,5.11585,-0.07758,0.06964,-0.14065,77.06811,38.42444,-42.47296
36.07896,-79.008102,11,0.28,126.1,7.93,2065803,7.93,7.9346,-2.20558,5.26062,-0.11988,-0.04566,-0.07147,75.3727,41.11371,-45.57147
36.078953,-79.008099,11,0.6,125.4,7.97,2066803,7.97,7.97109,-2.16431,5.13141,-0.08751,-0.01649,-0.09026,74.08652,42.16603,-45.57147
36.078951,-79.008101,12,0.22,125.4,7.9,2067803,7.9,7.89691,-2.19601,5.21695,-0.10217,0.03344,-0.03818,73.39959,43.18913,-47.80766
36.078947,-79.008098,12,1.36,125.1,8.02,2068803,8.02,8.02493,-2.26899,5.28275,-0.08155,-0.01634,-0.01939,72.49342,43.83221,-49.42999
36.078943,-79.008098,12,0.44,124.8,7.9,2069803,7.9,7.90469,-2.16431,5.27857,-0.08537,0.00519,-0.02871,71.58725,44.05145,-51.75387
36.078941,-79.008101,11,0.25,124.9,7.97,2070803,7.97,7.96571,-2.16431,5.32104,-0.04749,0.00397,-0.05803,71.4411,44.753,-52.5285
36.078941,-79.008106,12,0.44,125,7.91,2071803,7.91,7.91007,-2.14756,5.30788,-0.06796,0.05864,0.00275,70.63724,44.69453,-52.86466
36.078937,-79.008104,12,1.32,124.8,7.91,2072803,7.91,7.90529,-2.11047,5.12363,-0.00305,-0.01268,-0.09942,70.53493,44.31453,-52.77697
36.078931,-79.008105,12,0.49,125,8.01,2073803,8.01,8.00997,-2.23131,5.20798,-0.10431,-0.06216,0.0869,70.52032,44.62146,-53.56621
36.078927,-79.008106,12,0.31,124.9,7.94,2074803,7.94,7.9358,-2.19422,5.28575,0.00107,0.02703,-0.02825,70.56416,45.04531,-53.7416
36.078926,-79.008107,11,0.09,124.8,7.96,2075803,7.96,7.96092,-2.08834,5.28814,-0.0142,0.03971,0.00122,70.38878,44.73838,-53.91698
36.078923,-79.008108,11,0.26,124.7,8,2076803,8,8.00399,-2.25583,5.33001,-0.03268,-0.06628,-0.00672,70.3157,44.91377,-52.66004
36.078919,-79.008109,12,0.32,124.9,7.86,2077803,7.86,7.86281,-2.11047,5.18465,0.02489,0.13454,-0.02566,69.97954,44.60684,-52.82081
36.078916,-79.008111,12,0.35,125.1,7.93,2078803,7.93,7.92862,-2.16431,5.28874,-0.02199,-0.00733,0.00901,70.09647,44.95761,-53.28851
36.078913,-79.008114,12,0.25,125.3,7.97,2079803,7.97,7.9693,-2.15653,5.24088,-0.02275,-0.01787,0.00855,69.86262,45.01608,-52.96697
36.078914,-79.008122,12,0.36,125.4,8.02,2080803,8.02,8.01955,-2.14517,5.31506,0.02367,-0.0171,-0.05528,70.228,45.4107,-52.29465
36.078912,-79.008124,12,0.4,125.5,8.04,2081803,8.04,8.04467,-2.2014,5.31207,-0.01619,-0.01115,0.01726,70.81263,45.05993,-52.09003
36.078907,-79.008124,12,0.3,125.8,8,2082803,8,8.001,-2.21575,5.36291,0.01145,0.07911,0.00489,70.8857,44.98685,-52.38234
36.078902,-79.008123,12,0.44,126,7.9,2083803,7.9,7.89871,-2.11944,5.22174,-0.00535,-0.00702,0.01604,70.52032,44.19761,-51.97311
36.0789,-79.008123,12,0.3,125.9,8.03,2084803,8.03,8.03271,-2.1673,5.33599,0.04184,0.02337,-0.0759,71.23648,44.73838,-51.94387
36.078896,-79.008122,12,0.4,125.8,7.92,2085803,7.92,7.92383,-2.08714,5.38923,0.0139,-0.01252,0.01542,71.19263,44.0076,-51.34464
36.078893,-79.008122,12,0.33,125.5,7.93,2086803,7.93,7.92682,-2.18046,5.28455,0.03833,0.06384,0.03054,71.74802,44.6653,-49.67846
36.078893,-79.008125,12,1.19,125.3,7.94,2087803,7.94,7.93699,-2.16072,5.2325,0.01955,-0.05253,0.04123,72.61035,43.64221,-49.04998
36.078887,-79.008126,12,0.45,125.3,7.96,2088803,7.96,7.95733,-2.27737,5.22353,0.01145,-0.00229,0.07712,73.18035,43.27682,-47.58842
36.078884,-79.008127,12,0.6,125.1,7.95,2089803,7.95,7.95374,-2.14875,5.32403,0.08155,0.02611,-0.0029,74.32037,41.91757,-47.26688
36.078885,-79.00813,12,0.35,125,7.91,2090803,7.91,7.90768,-2.2008,5.36411,0.05192,0.05864,0.07621,75.66501,40.96755,-46.36071
36.078881,-79.00813,12,0.41,125.3,8.03,2091803,8.03,8.02792,-2.1332,5.25763,0.0449,-0.0733,0.03787,76.64426,39.38907,-43.78836
36.078881,-79.008134,11,0.58,125.3,8.06,2092803,8.06,8.06441,-2.07757,5.3659,0.11927,0.04551,-0.00748,78.10582,38.26367,-42.76527
36.078882,-79.008134,12,0.58,125.2,7.99,2093803,7.99,7.98904,-2.12363,5.24507,0.05131,0.03299,0.10049,78.57352,35.34055,-40.48524
36.078887,-79.008147,12,0.36,125.5,7.92,2094803,7.92,7.91665,-2.266,5.33061,0.08094,-0.05391,0.03833,79.88892,34.20052,-40.04677
36.078885,-79.008132,11,3.27,127.7,7.97,2095803,7.97,7.97468,-2.07996,5.24626,0.11164,0.11057,0.02718,81.07278,31.71587,-38.89214
36.078888,-79.008126,10,0.38,128.2,7.97,2096803,7.97,7.9681,-2.12184,5.37189,0.02734,-0.11179,0.0223,81.51125,29.88892,-38.40982
36.078894,-79.008126,10,0.53,128.3,8,2097803,8,7.99921,-2.21456,5.26541,0.03344,0.02016,0.06765,82.3005,28.10582,-37.98597
36.078899,-79.008129,10,0.05,128.5,7.93,2098803,7.93,7.93101,-2.17807,5.34377,0.073,-0.01222,-0.03757,82.89973,25.89886,-38.26367
36.078905,-79.008132,10,0.28,128.1,8.02,2099803,8.02,8.02314,-2.31027,5.32642,0.01054,0.07193,0.00183,83.16282,25.05116,-37.48904
36.078911,-79.008139,12,0.68,127,7.94,2100803,7.94,7.93699,-2.18285,5.23968,-0.06399,-0.00229,-0.01206,83.55744,25.41654,-36.43671
36.078916,-79.00814,11,0.12,127.4,7.97,2101803,7.97,7.97169,-2.1673,5.19542,-0.09743,0.03512,-0.00168,82.62204,26.55656,-37.59135
36.078915,-79.008134,12,0.56,128.4,8,2102803,8,7.99741,-2.21755,5.32164,-0.09194,0.02779,-0.05452,82.81204,28.54429,-37.94212
36.078917,-79.008134,11,0.08,128.5,7.95,2103803,7.95,7.95195,-2.15534,5.32822,-0.05406,0.05269,-0.10705,81.52587,29.88892,-38.74598
36.078918,-79.008134,10,0.16,128.2,7.97,2104803,7.97,7.96631,-2.1673,5.3019,-0.11683,-0.04001,-0.02871,80.54662,32.11049,-39.22829
36.078918,-79.008133,10,0.24,127.5,7.89,2105803,7.89,7.89153,-2.19302,5.27318,-0.06292,0.05498,-0.07834,80.02046,34.0836,-39.97369
36.078918,-79.008131,11,0.12,127.5,7.96,2106803,7.96,7.96092,-2.15055,5.29053,-0.07101,-0.01222,-0.05773,79.24583,35.36977,-40.44139
36.078918,-79.008134,12,0.3,127.6,7.92,2107803,7.92,7.91845,-2.21516,5.29651,-0.09071,0.10293,0.02566,78.66121,36.65595,-41.74218
36.078917,-79.008134,10,0.22,127.2,7.96,2108803,7.96,7.96331,-2.16909,5.26301,-0.06277,-0.01878,-0.0452,78.14967,37.00673,-41.61064
36.078913,-79.008136,11,0.24,127,7.99,2109803,7.99,7.99203,-2.17926,5.24088,-0.03482,0.09759,-0.05589,77.9012,38.80444,-41.87372
36.078912,-79.008139,11,0.21,126.6,7.95,2110803,7.95,7.95255,-2.11466,5.33181,-0.07498,-0.09468,-0.0391,77.5358,38.65829,-44.19761
36.07891,-79.00814,11,0.21,125.9,8.02,2111803,8.02,8.02074,-2.11406,5.17986,-0.0336,0.0646,-0.05147,76.84888,39.4183,-43.40836
36.078911,-79.008143,12,0.14,125.8,7.9,2112803,7.9,7.9011,-2.10987,5.25584,-0.01772,0.00916,-0.06139,76.83426,39.63753,-44.32914
36.07891,-79.008143,12,0.23,125.9,8,2113803,8,7.9998,-2.01476,5.16371,-0.00977,0.04749,-0.02184,75.81116,40.45601,-43.3499
36.07891,-79.008145,12,0.14,125.8,8.11,2114803,8.11,8.10928,-2.15055,5.31566,0.04414,0.06597,-0.03222,76.54195,39.68138,-44.48991
36.078907,-79.008145,12,0.25,125.9,7.93,2115803,7.93,7.92981,-2.19242,5.30309,0.00092,-0.11545,0.05956,77.03888,39.12599,-43.74452
36.078905,-79.008146,12,0.16,125.5,8.09,2116803,8.09,8.08714,-2.19482,5.24626,0.13576,0.07911,-0.03864,78.06197,37.88366,-42.99912
36.078906,-79.008146,11,0.13,125.3,8,2117803,8,7.99681,-2.15234,5.4664,0.07239,0.03161,0.08674,79.1143,35.91055,-41.59602
36.078906,-79.008147,11,0.24,125.7,8.06,2118803,8.06,8.05843,-2.24447,5.26481,0.09835,-0.04368,0.03207,80.16662,34.25899,-39.53522
36.078907,-79.008148,11,0.21,125.5,7.95,2119803,7.95,7.94537,-2.1667,5.40598,0.08506,0.02138,0.06872,81.14587,31.59895,-38.6729
36.078911,-79.008152,12,0.67,125.3,7.96,2120803,7.96,7.96391,-2.21037,5.35215,0.05681,-0.03207,0.08063,81.46741,29.53815,-37.7375
36.078916,-79.008153,10,0.07,124.9,7.97,2121803,7.97,7.97229,-2.20798,5.32702,0.10828,0.02841,-0.00855,83.19205,26.45425,-37.40134
36.078915,-79.008154,10,0.15,125.1,8.04,2122803,8.04,8.04048,-1.98126,5.14457,0.06246,-0.104,0.03787,83.96667,23.6919,-37.6352
36.078916,-79.008155,11,0.2,124.8,8.01,2123803,8.01,8.00938,-2.24626,5.34138,0.07346,0.05192,0.08537,84.50745,21.57264,-37.60596
36.078919,-79.008158,11,0.29,124.4,7.91,2124803,7.91,7.91127,-2.1996,5.41675,0.10049,-0.04093,-0.00275,84.71207,18.76644,-38.42444
36.078918,-79.008159,12,0.52,124.4,7.98,2125803,7.98,7.98485,-2.21695,5.29831,0.06888,-0.01344,0.06384,84.97515,16.58872,-37.89827
36.078921,-79.008164,12,0.52,123.9,7.91,2126803,7.91,7.91187,-2.16311,5.17627,0.08002,-0.03635,0.03299,85.2967,14.00175,-38.78983
36.078921,-79.008167,12,0.49,123.4,7.91,2127803,7.91,7.91306,-2.1015,5.37607,0.00351,0.02947,0.1489,84.5513,11.76557,-39.97369
36.078918,-79.008167,12,0.25,123,7.95,2128803,7.95,7.94716,-2.16909,5.23609,0.10766,-0.02841,-0.07239,85.1067,10.52324,-40.8214
36.078913,-79.008165,12,0.24,122.9,7.99,2129803,7.99,7.99442,-2.09432,5.27617,0.00702,0.01222,0.09988,84.49284,8.69629,-41.27448
36.078904,-79.008155,12,0.13,123.5,8.07,2130803,8.07,8.06501,-2.25942,5.32343,0.07391,0.01756,-0.07514,84.1713,8.22859,-42.38527
36.078902,-79.008154,12,0.49,123.4,7.9,2131803,7.9,7.90349,-2.17508,5.41496,-0.06139,-0.04902,0.09896,83.29436,7.48319,-42.99912
36.078898,-79.008152,12,0.38,123.2,8.03,2132803,8.03,8.03091,-2.2349,5.24327,0.01756,-0.00458,-0.06933,84.03976,7.42473,-42.58989
36.078895,-79.008152,11,0.23,123.1,7.97,2133803,7.97,7.96631,-2.23789,5.37607,-0.03635,0.09743,0.04139,84.05437,7.13242,-43.91991
36.078891,-79.00815,12,0.41,123,7.95,2134803,7.95,7.94836,-2.19003,5.19542,-0.02657,-0.10415,-0.04688,84.14207,7.22011,-42.50219
36.07889,-79.008153,12,0.45,122.7,7.95,2135803,7.95,7.94776,-2.05902,5.40898,0.00443,0.12462,-0.06002,84.0836,7.16165,-42.76527
36.078886,-79.008153,12,0.53,122.3,7.92,2136803,7.92,7.92024,-2.29232,5.39163,-0.08705,-0.08476,0.01298,84.03976,8.46244,-41.81526
36.078877,-79.008146,12,2.21,123,7.89,2137803,7.89,7.89452,-2.20499,5.36112,0.00473,0.12171,-0.0785,83.93744,8.93014,-41.2891
36.078874,-79.008146,11,0.3,122.7,7.94,2138803,7.94,7.93759,-2.16311,5.3994,-0.03268,0.01115,-0.05391,84.20052,9.1786,-41.8591
36.078873,-79.008149,11,0.47,122.4,7.89,2139803,7.89,7.88555,-2.14158,5.27318,-0.04475,0.05101,-0.04536,84.87284,10.49401,-40.95294
36.078871,-79.008152,12,0.3,122,8,2140803,8,8.001,-2.18046,5.40898,-0.05941,0.10782,-0.04215,84.84361,10.59632,-40.8214
36.078871,-79.008156,12,0.37,121.8,7.95,2141803,7.95,7.95434,-2.18644,5.06919,-0.06353,-0.00901,-0.05574,84.81438,12.87635,-39.24291
36.078866,-79.008155,12,0.3,121.5,8.01,2142803,8.01,8.01356,-2.11047,5.32044,-0.0339,0.05544,-0.06353,85.15054,12.93481,-38.62906
36.078865,-79.008156,12,0.18,121.5,7.96,2143803,7.96,7.96451,-2.26122,5.14038,-0.10507,-0.01741,0.02352,85.20901,14.65946,-37.83981
36.078862,-79.008155,11,0.47,121.5,8.07,2144803,8.07,8.07338,-2.33779,5.34915,-0.07269,0.08384,-0.04169,84.7413,16.48641,-37.76674
36.078859,-79.008157,11,0.74,121.3,8.01,2145803,8.01,8.00638,-2.18644,5.30668,-0.08842,0.00015,-0.04536,84.7413,17.30488,-38.13213
36.078857,-79.008159,11,0.23,121.4,7.98,2146803,7.98,7.98066,-2.1003,5.21875,-0.09514,0.04688,-0.01573,84.47823,19.16106,-37.50365
36.078857,-79.008158,11,0.15,121.5,8.01,2147803,8.01,8.00997,-2.16072,5.25284,-0.05727,0.02138,-0.0733,84.65361,20.27185,-37.41596
36.078858,-79.008158,10,0.28,121.7,7.96,2148803,7.96,7.95733,-2.05424,5.22832,-0.06765,-0.04826,-0.06414,84.14207,22.02572,-37.34288
36.078858,-79.008159,10,0.16,122.1,8,2149803,8,8.0016,-2.1996,5.3683,-0.06124,-0.02764,-0.09575,83.52821,24.34961,-36.58287
36.078859,-79.008159,11,0.36,122,8,2150803,8,7.99622,-2.14158,5.31745,-0.0814,0.09346,-0.00412,83.48436,25.22654,-37.60596
36.078859,-79.008159,11,0.53,122,7.89,2151803,7.89,7.89033,-2.17926,5.28634,-0.03604,0.0391,-0.11759,83.25051,26.87811,-37.29903
36.078867,-79.00816,11,1.07,123.3,8.01,2152803,8.01,8.01416,-2.17149,5.14696,-0.11469,-0.10476,-0.01237,82.94358,28.61736,-37.92751
36.07887,-79.008161,10,0.13,123.7,7.97,2153803,7.97,7.97229,-2.20499,5.28335,-0.01833,0.06689,-0.11362,82.08126,29.83046,-37.86905
36.078873,-79.008161,11,0.47,123.9,7.82,2154803,7.82,7.81615,-2.14158,5.31207,-0.08308,-0.05223,-0.06445,81.67203,31.02894,-38.23443
36.078873,-79.008162,11,0.14,124.2,8.04,2155803,8.04,8.03629,-2.14816,5.3007,-0.07895,0.13241,-0.02764,80.99971,32.85589,-38.68752
36.07887,-79.008162,11,0.18,123.8,7.94,2156803,7.94,7.93699,-2.1332,5.29412,-0.08033,-0.04704,-0.1095,80.86816,33.90821,-39.31599
36.078871,-79.008167,10,0.28,123.5,7.96,2157803,7.96,7.96092,-2.18166,5.34317,-0.08613,0.09377,-0.06078,79.53815,35.82286,-40.7337
36.078871,-79.00817,11,0.36,123.6,8.01,2158803,8.01,8.00997,-2.15713,5.30728,-0.10614,-0.01955,-0.0898,78.52967,37.40134,-41.44987
36.078866,-79.008171,11,0.43,122.9,8.04,2159803,8.04,8.04168,-2.1679,5.31446,-0.10873,0.0562,-0.05941,77.34581,39.73984,-43.14528
36.07886,-79.008173,11,0.35,123,8.11,2160803,8.11,8.11346,-2.08594,5.22054,-0.11637,0.0533,-0.06628,76.04502,40.67524,-45.35223
36.078855,-79.008175,11,0.21,122.9,7.96,2161803,7.96,7.95793,-2.17508,5.34377,-0.10828,0.02764,-0.08873,74.58345,42.63373,-47.52996
36.078853,-79.008178,11,0.41,122.8,7.97,2162803,7.97,7.97049,-2.15534,5.21815,-0.12355,0.0255,-0.04184,73.3119,43.43759,-49.04998
36.078846,-79.00818,11,0.58,122.5,8,2163803,8,7.99861,-2.16072,5.37009,-0.07117,0.09163,-0.08323,71.42648,43.94914,-51.41771
36.078843,-79.008184,11,0.66,122.2,8.01,2164803,8.01,8.01476,-2.17448,5.2995,-0.11912,0.00809,-0.02016,71.29494,44.37299,-51.90003
36.07884,-79.008186,11,0.47,122.4,7.89,2165803,7.89,7.88555,-2.12901,5.37607,-0.08949,0.04108,-0.03344,70.15492,45.05993,-53.80006
36.078838,-79.008188,11,0.59,122.8,7.94,2166803,7.94,7.93939,-2.26062,5.23909,-0.05177,0.08216,-0.06842,68.94183,45.46916,-55.96317
36.078835,-79.008189,10,0.43,123.1,7.98,2167803,7.98,7.98365,-2.14576,5.202,-0.04673,-0.00962,-0.06689,68.89798,44.65068,-56.6501
36.078837,-79.008192,10,0.38,122.9,8.01,2168803,8.01,8.01237,-2.15892,5.29771,0.00779,0.05895,-0.08186,68.75183,45.20608,-57.07396
36.078836,-79.008194,10,0.51,122.9,7.99,2169803,7.99,7.99203,-2.19661,5.35813,-0.04291,-0.011,0.00214,68.16721,44.32914,-57.07396
36.07883,-79.008197,10,0.59,123.7,8.04,2170803,8.04,8.03629,-2.13799,5.33001,-0.01344,0.01573,-0.03512,68.34259,44.59222,-57.38089
36.07883,-79.008201,10,0.38,123.8,8.1,2171803,8.1,8.09612,-2.15892,5.32403,-0.00458,0.03696,-0.04673,67.81643,44.63607,-57.2055
36.07883,-79.008206,10,0.39,124.1,8,2172803,8,7.9998,-2.15892,5.31266,-0.042,-0.03039,-0.01787,68.12336,44.12453,-58.46244
36.078829,-79.008206,10,0.35,124.4,7.97,2173803,7.97,7.96631,-2.08475,5.40419,-0.01084,0.05208,-0.02932,67.59719,44.40222,-59.25168
36.07883,-79.008209,10,0.29,124.3,7.99,2174803,7.99,7.99023,-2.26182,5.19422,-0.05055,-0.02489,0.00947,67.56796,44.15376,-58.50629
36.078827,-79.008211,10,0.45,124.6,7.94,2175803,7.94,7.94118,-2.0674,5.29771,-0.01619,0.05269,-0.02443,67.64104,44.0076,-59.12014
36.078825,-79.008211,10,0.33,124.6,7.97,2176803,7.97,7.9675,-2.21396,5.29771,-0.02062,0.04551,-0.03146,67.11488,44.46069,-59.16399
36.078824,-79.008217,10,0.49,125,7.93,2177803,7.93,7.92563,-2.15234,5.35873,0.00489,0.10965,-0.0394,67.02719,44.15376,-59.12014
36.078817,-79.008214,10,0.3,125.4,8.01,2178803,8.01,8.00698,-2.14816,5.18764,-0.04704,-0.06826,-0.03635,66.77872,44.32914,-59.74862
36.078809,-79.00821,10,0.46,126,8.02,2179803,8.02,8.02433,-2.08774,5.37787,-0.02321,0.01833,-0.02611,67.45103,43.58375,-59.95323
36.078809,-79.008214,10,0.53,126.1,8.01,2180803,8.01,8.00997,-2.13918,5.1667,-0.01008,0.00657,-0.03604,67.18796,43.23297,-59.1786
36.078807,-79.008212,10,0.44,125.9,7.91,2181803,7.91,7.91426,-2.22054,5.27737,-0.02779,-0.00321,0.0533,67.12949,43.27682,-60.42093
36.078806,-79.008215,10,0.37,125.9,8.04,2182803,8.04,8.03749,-2.15294,5.23011,0.06994,0.01833,0.00382,67.12949,43.65683,-58.81321
36.078804,-79.008216,10,0.3,126.2,7.96,2183803,7.96,7.95733,-2.17807,5.24327,0.13057,0.00886,0.07117,68.22566,43.97837,-56.31394
36.078799,-79.008212,10,0.2,126.4,8.01,2184803,8.01,8.01117,-2.16012,5.37249,0.16203,-0.0785,0.1489,70.3157,43.62759,-52.70389
36.078799,-79.008216,10,0.51,126.7,7.99,2185803,7.99,7.98904,-2.22592,5.25344,0.27199,0.0197,0.16814,73.94037,42.75066,-46.91611
36.078799,-79.008218,10,0.24,126.4,7.88,2186803,7.88,7.87657,-2.12004,5.16132,0.31857,-0.07132,0.18433,77.72581,38.33675,-41.49371
36.0788,-79.008218,10,0.23,126.2,8.04,2187803,8.04,8.04347,-2.20199,5.26301,0.35094,-0.08522,0.21365,81.9351,31.11663,-38.51213
36.078801,-79.008219,10,0.17,126,7.82,2188803,7.82,7.82094,-2.08594,5.32642,0.39279,-0.08201,0.2167,84.65361,20.15493,-36.29056
36.0788,-79.00822,10,0.48,126,8.02,2189803,8.02,8.02014,-2.26062,5.29532,0.38652,-0.09728,0.31444,84.68284,10.24554,-39.52061
36.0788,-79.008223,10,0.56,125.9,7.95,2190803,7.95,7.94597,-2.10628,5.27917,0.46365,-0.04184,0.19578,81.70126,2.44081,-47.42765
36.078803,-79.00823,10,0.39,125.8,7.95,2191803,7.95,7.95434,-2.15115,5.32283,0.40485,-0.12065,0.27443,76.92195,0.59924,-57.45396
36.078805,-79.008233,10,0.13,125.9,8.01,2192803,8.01,8.00997,-2.21575,5.21695,0.41829,-0.07987,0.22602,71.82111,5.49547,-64.76176
36.078803,-79.008235,10,0.28,125.9,7.96,2193803,7.96,7.96092,-2.17029,5.34616,0.39324,-0.05635,0.24709,66.69102,14.2356,-71.00263
36.078797,-79.008237,10,0.38,126.2,8.02,2194803,8.02,8.02314,-2.132,5.27677,0.35369,-0.10278,0.24343,63.89944,25.24116,-72.31804
36.078791,-79.008235,10,0.59,127.1,7.96,2195803,7.96,7.95554,-2.16311,5.29472,0.37782,-0.04856,0.19563,63.79713,34.75592,-69.62876
36.078791,-79.00824,10,0.41,127.4,7.96,2196803,7.96,7.95972,-2.18704,5.27857,0.34865,-0.07743,0.21105,65.52177,41.24525,-65.18562
36.078788,-79.008238,10,0.36,127.4,7.96,2197803,7.96,7.95673,-2.19841,5.25942,0.33857,-0.02856,0.21976,68.59105,43.97837,-56.19702
36.078789,-79.008246,10,0.51,127.7,8.02,2198803,8.02,8.01835,-2.17867,5.27917,0.33735,-0.06322,0.18662,73.80882,42.91143,-49.03537
36.078787,-79.008249,10,0.61,127.7,8.03,2199803,8.03,8.02971,-2.23549,5.22413,0.3178,-0.0733,0.20067,77.82812,38.59982,-42.86758
36.078787,-79.00825,10,0.38,127.7,8,2200803,8,7.99861,-2.1655,5.28335,0.30833,-0.03986,0.20021,81.2774,30.97047,-38.0152
36.078788,-79.008251,10,0.58,127.4,8.01,2201803,8.01,8.00698,-2.17687,5.30489,0.29993,-0.05635,0.17303,83.60129,23.10728,-37.60596
36.078786,-79.008254,10,0.68,127.4,7.99,2202803,7.99,7.98784,-2.15534,5.27558,0.29673,-0.07529,0.12507,85.09208,14.87869,-38.08828
36.078785,-79.00826,10,1.06,127.5,8.04,2203803,8.04,8.03929,-2.15294,5.32523,0.26741,-0.0365,0.16997,84.98977,8.65244,-40.92371
36.078786,-79.008265,10,0.36,127,8.01,2204803,8.01,8.01297,-2.29232,5.27917,0.25611,-0.05971,0.15195,82.60742,3.21543,-46.19994
36.078786,-79.008268,10,0.56,126.9,7.97,2205803,7.97,7.97109,-2.19302,5.22293,0.25702,-0.0391,0.14279,80.03508,0.90617,-51.3154
36.078792,-79.008264,10,2.5,126.6,7.97,2206803,7.97,7.9681,-2.18225,5.25105,0.23702,-0.00321,0.09911,77.14119,0.29231,-58.18474
36.078795,-79.008263,10,0.24,126.7,7.92,2207803,7.92,7.91606,-2.14995,5.28395,0.24465,-0.03589,0.10889,73.98421,2.66004,-62.55481
36.078796,-79.008267,10,0.45,126.6,8.03,2208803,8.03,8.02971,-2.12004,5.23909,0.21411,-0.07025,0.12492,71.10493,6.24087,-67.11488
36.078794,-79.008268,10,0.38,126.5,7.96,2209803,7.96,7.96092,-2.14397,5.31087,0.22709,0.00504,0.12171,67.62642,11.15171,-70.5057
36.07879,-79.008267,10,0.79,126.8,8.01,2210803,8.01,8.00938,-2.11346,5.31446,0.19823,-0.07559,0.11927,65.49255,16.55949,-71.7188
36.078787,-79.008269,10,0.62,127.4,7.96,2211803,7.96,7.96451,-2.15055,5.29113,0.1773,-0.01115,0.14325,63.88483,22.01111,-73.48728
36.078783,-79.008269,10,0.62,127.4,8,2212803,8,8.00459,-2.14337,5.26301,0.1573,-0.02627,0.07575,63.18328,27.59427,-72.90266
36.07878,-79.008271,10,0.67,127.7,7.98,2213803,7.98,7.98425,-2.17926,5.29412,0.14615,-0.01359,0.13179,63.63636,32.3005,-70.6957
36.07878,-79.008273,10,0.48,127.7,8.01,2214803,8.01,8.01297,-2.19482,5.2678,0.16677,-0.03955,0.06384,63.66559,36.65595,-68.05028
36.078781,-79.008277,10,1.27,127.6,7.98,2215803,7.98,7.97707,-2.10927,5.33958,0.16295,-0.00275,0.0649,64.10406,39.56445,-66.64718
36.078776,-79.00828,10,0.64,128,8,2216803,8,7.99502,-2.19063,5.27857,0.10996,-0.04597,0.1011,65.47793,41.71295,-63.46098
36.078776,-79.008283,10,0.2,127.5,8.04,2217803,8.04,8.03689,-2.17029,5.24746,0.13744,0.02367,0.05009,67.18796,42.99912,-59.88015
36.078775,-79.008287,10,0.61,128.1,7.96,2218803,7.96,7.95614,-2.12483,5.31685,0.11668,-0.02245,0.04994,68.19643,43.30605,-58.19936
36.078772,-79.008291,10,0.62,127.9,8.03,2219803,8.03,8.02852,-2.18225,5.26481,0.11377,-0.00229,0.04307,69.21952,44.03683,-55.10085
36.078766,-79.00829,10,1.07,128,7.97,2220803,7.97,7.97229,-2.10688,5.32283,0.10217,-0.02123,0.03024,70.25723,44.0076,-53.47852
36.078763,-79.008293,10,0.68,128.1,7.99,2221803,7.99,7.98724,-2.15952,5.24267,0.06949,-0.01191,0.07666,71.68957,43.7299,-50.40924
36.078755,-79.008293,10,0.7,127.9,7.96,2222803,7.96,7.95554,-2.12961,5.35574,0.09178,-0.00336,0.02474,73.72114,42.76527,-49.18153
36.078752,-79.008296,10,0.77,127.9,8.04,2223803,8.04,8.03988,-2.19422,5.23011,0.06994,0.00504,0.06979,75.53347,41.90295,-45.95148
36.078749,-79.008299,10,0.74,127.8,7.95,2224803,7.95,7.94537,-2.16072,5.29771,0.09392,0.01573,0.01451,76.01579,40.66063,-44.97223
36.078749,-79.008303,10,0.87,127.6,8.01,2225803,8.01,8.00638,-2.17328,5.25105,0.04154,-0.04765,0.06933,77.02426,38.62906,-42.51681
36.078749,-79.008308,10,1.02,127.4,17.3,2226803,17.3,17.29652,-15.69213,6.81177,-1.1918,1.72921,-0.60873,68.32797,41.30371,-60.49401
36.078746,-79.008311,10,0.66,127.8,8.03,2227803,8.03,8.03151,-2.42632,4.82931,-0.91645,0.40103,-0.58719,64.39638,36.6121,-67.99181
36.078747,-79.008318,10,0.69,128,7.95,2228803,7.95,7.94955,-1.67797,5.44906,-0.94058,0.20082,-0.74846,65.60947,9.80707,-72.31804
36.078744,-79.008318,10,0.58,128.2,8.08,2229803,8.08,8.07578,-2.3019,5.14397,-1.13713,0.24114,-0.4467,79.71353,1.91464,-52.83543
36.078745,-79.00832,10,0.48,127.9,8.03,2230803,8.03,8.03031,-1.96929,5.27558,-0.9415,0.27825,-0.87216,84.63899,18.60567,-37.13826
36.078749,-79.008326,10,0.32,127.8,7.97,2231803,7.97,7.96989,-2.05484,5.31147,-1.0991,0.31276,-0.52412,73.09267,42.19526,-48.2169
36.078751,-79.008332,10,0.77,127.4,8.07,2232803,8.07,8.068,-2.04885,5.21575,-0.97402,0.1405,-0.69287,63.88483,35.7644,-69.08799
36.078749,-79.008334,10,0.46,127.3,8.01,2233803,8.01,8.00519,-2.02313,5.32283,-0.86743,0.27901,-0.53038,66.32564,12.67173,-71.77726
36.078747,-79.008337,10,1.25,127.5,8.02,2234803,8.02,8.02194,-2.00877,5.24626,-0.79031,0.13408,-0.46487,77.00965,-0.10231,-57.5855
36.078743,-79.00834,10,1.0,127.9,8.06,2235803,8.06,8.05783,-2.0656,5.2995,-0.69364,0.22006,-0.45112,83.84975,5.89009,-43.11605
36.078739,-79.008342,10,1.12,128,8.04,2236803,8.04,8.04168,-2.01894,5.28814,-0.63591,0.11164,-0.43768,84.21514,21.41187,-36.96288
36.078742,-79.008347,10,0.66,127.7,8.03,2237803,8.03,8.02553,-2.04347,5.26481,-0.60766,0.1657,-0.34407,78.90968,36.29056,-41.39141
36.078744,-79.008353,10,0.52,127.9,7.99,2238803,7.99,7.99083,-2.01476,5.31087,-0.54795,0.12416,-0.36102,71.32417,43.27682,-52.57235
36.078745,-79.008359,10,0.83,128.5,7.98,2239803,7.98,7.97647,-2.01835,5.35454,-0.52733,0.13851,-0.32162,65.08331,40.60216,-63.98714
36.078745,-79.008364,10,0.59,128.9,8.02,2240803,8.02,8.01655,-1.97886,5.27617,-0.51633,0.12294,-0.32513,63.73867,31.05817,-71.35341
36.078745,-79.008371,10,0.62,128.9,7.97,2241803,7.97,7.97169,-2.02433,5.29412,-0.4583,0.11225,-0.2755,64.51331,19.08799,-72.87343
36.078741,-79.008372,10,0.71,129,8.06,2242803,8.06,8.05963,-1.99861,5.29651,-0.41966,0.09117,-0.2697,68.83952,7.87781,-68.81029
36.078742,-79.008379,10,0.91,129.2,7.98,2243803,7.98,7.97827,-2.00459,5.30668,-0.40164,0.11454,-0.22587,74.08652,2.28004,-63.09559
36.078744,-79.008383,10,0.68,129,7.98,2244803,7.98,7.98006,-2.00937,5.26002,-0.36453,0.08583,-0.25076,78.98275,-0.32154,-54.45776
36.078742,-79.008381,10,0.45,128.9,8.02,2245803,8.02,8.02254,-2.04467,5.26241,-0.36469,0.11026,-0.22342,82.13972,3.14236,-46.63841
36.07874,-79.008381,10,0.52,128.5,8,2246803,8,7.99861,-2.02433,5.26301,-0.354,0.10492,-0.22541,84.78515,8.12628,-40.90909
36.078739,-79.008383,10,0.53,128.6,8,2247803,8,7.99502,-2.01356,5.27079,-0.32773,0.07285,-0.21502,85.22362,16.01871,-37.98597
36.078742,-79.008387,10,0.55,128.4,8.02,2248803,8.02,8.02314,-2.02014,5.28874,-0.32437,0.08781,-0.19716,83.74744,24.51038,-37.18211
36.078741,-79.00839,10,0.7,128.1,8.04,2249803,8.04,8.03629,-2.01775,5.28216,-0.3062,0.07789,-0.19792,81.3651,32.22742,-38.97983
36.078744,-79.008395,10,0.47,128,8.02,2250803,8.02,8.01955,-2.04467,5.32882,-0.3007,0.07789,-0.17318,78.33967,37.62058,-43.3499
36.078747,-79.008406,10,0.44,128,8,2251803,8,8.0004,-2.02253,5.28993,-0.281,0.0675,-0.18372,74.68576,41.62526,-47.7492
36.078744,-79.008409,10,0.84,128,8.02,2252803,8.02,8.02314,-1.99442,5.29831,-0.28085,0.06964,-0.17394,71.28033,43.33528,-54.56007
36.07874,-79.008411,10,0.77,127.7,8.01,2253803,8.01,8.01177,-2.05723,5.26062,-0.26878,0.04765,-0.12004,67.78719,43.01374,-60.09939
36.078738,-79.008416,10,0.82,127.8,8.02,2254803,8.02,8.01835,-2.01715,5.25344,-0.21961,0.10614,-0.15821,65.30254,40.28062,-63.32943
36.078736,-79.008418,10,0.84,128,7.94,2255803,7.94,7.94297,-2.06381,5.3342,-0.23976,0.01069,-0.11606,64.33791,37.24057,-67.18796
36.078735,-79.008422,10,0.79,127.6,8.04,2256803,8.04,8.0357,-2.00638,5.25464,-0.16371,0.07132,-0.17043,63.49021,32.00819,-70.76878
36.078735,-79.008426,10,0.72,127.8,8.01,2257803,8.01,8.00938,-2.01057,5.35035,-0.21884,0.04597,-0.0646,63.30021,27.72581,-72.06956
36.078732,-79.008429,10,0.72,127.5,7.97,2258803,7.97,7.96989,-2.0662,5.34796,-0.29688,0.04734,-0.22052,64.01637,22.55189,-72.34727
36.078732,-79.008434,10,0.49,127.2,7.99,2259803,7.99,7.99263,-2.00279,5.30967,-0.36728,0.13347,-0.21915,66.42795,14.00175,-71.36802
36.078728,-79.008437,10,0.32,127.7,7.96,2260803,7.96,7.96212,-2.0351,5.33121,-0.39172,0.0449,-0.19899,70.53493,6.72318,-66.70564
36.078725,-79.008436,10,0.7,127.6,8,2261803,8,8.0016,-1.98245,5.31446,-0.3288,0.13363,-0.26832,75.03654,1.6808,-61.5171
36.078723,-79.008438,10,0.78,127.3,8.05,2262803,8.05,8.04766,-2.03809,5.25225,-0.32926,0.04398,-0.19563,79.3043,0.36539,-53.56621
36.078722,-79.008445,10,0.79,127.1,7.97,2263803,7.97,7.9687,-2.0339,5.2672,-0.27077,0.10415,-0.19838,81.97895,2.89389,-46.62379
36.07872,-79.008448,10,0.54,127.1,8.01,2264803,8.01,8.01237,-1.85025,5.2026,-0.44975,0.1124,-0.27382,84.50745,7.81935,-39.75446
36.078719,-79.00845,10,0.46,126.8,8,2265803,8,7.99562,-2.09133,5.34377,-0.46273,0.10599,-0.31597,84.69746,19.39491,-36.08594
36.078719,-79.008453,10,0.54,127,8.03,2266803,8.03,8.02971,-1.98963,5.30967,-0.46762,0.12782,-0.27978,81.42356,31.16048,-39.03829
36.078719,-79.008456,10,0.69,127.1,7.98,2267803,7.98,7.97947,-2.02373,5.22951,-0.47693,0.03558,-0.29108,75.92809,41.02602,-45.35223
36.078715,-79.008459,10,0.86,127.3,7.84,2268803,7.84,7.84248,-1.666,6.87338,-0.54596,0.03971,-0.06307,70.41801,38.62906,-60.99094
36.078709,-79.008455,10,1.9,127.1,8.09,2269803,8.09,8.09013,-1.37348,5.41436,-0.23335,0.35858,-0.33735,68.78106,38.6729,-62.74482
36.07871,-79.008466,10,2.09,127.3,8.3,2270803,8.3,8.29891,-1.95254,5.13619,-0.11301,-0.18479,-0.20754,65.21485,39.28676,-65.68255
36.07871,-79.008471,10,1.16,128.1,8.18,2271803,8.18,8.17508,-2.02552,4.88555,0.1182,0.07147,0.18479,66.50102,39.56445,-64.16253
36.078708,-79.008473,10,0.64,128.5,7.84,2272803,7.84,7.8359,-1.98485,5.18166,0.28161,0.08201,0.01619,66.95411,41.72756,-60.9617
36.078706,-79.008473,10,1.13,129.3,8.16,2273803,8.16,8.16311,-1.84367,5.32882,0.19258,0.00473,0.2868,70.41801,42.19526,-56.25549
36.078704,-79.008479,10,1.36,129.4,8.14,2274803,8.14,8.13919,-1.9017,5.13739,0.30345,-0.08964,-0.00641,73.01958,42.95528,-50.9354
36.078704,-79.008488,10,0.94,129.4,8.12,2275803,8.12,8.11944,-1.86999,5.48136,0.32605,0.02642,0.25275,77.30196,39.09676,-45.89301
36.078702,-79.008494,10,1.04,130.1,8.28,2276803,8.28,8.27977,-2.10449,5.32822,0.36744,-0.35064,0.27428,81.39433,32.59281,-38.90675
36.078698,-79.008495,10,0.87,130.8,7.94,2277803,7.94,7.9358,-2.10509,4.99083,0.48274,0.02856,0.41432,84.30283,20.05262,-36.78749
36.078696,-79.008499,10,1.0,131.4,7.85,2278803,7.85,7.85265,-1.79103,5.21575,0.46456,-0.07285,0.3934,83.48436,6.00702,-42.99912
36.078683,-79.008491,10,3.2,131.9,7.93,2279803,7.93,7.92503,-1.80419,5.34437,0.24725,-0.05177,0.53527,80.32739,0.84771,-50.20462
36.078682,-79.008488,10,0.96,132.9,8.02,2280803,8.02,8.02433,-1.80479,5.11585,0.49327,-0.18295,0.29505,75.22654,1.19848,-59.82169
36.07868,-79.008488,10,0.23,133.8,8.33,2281803,8.33,8.3342,-2.08953,4.98425,0.49923,-0.08063,0.27351,70.38878,11.56095,-68.38644
36.078675,-79.008488,10,0.66,134.3,7.59,2282803,7.59,7.58824,-1.84905,5.51546,0.55818,0.31185,0.3062,64.14791,23.47267,-73.72114
36.078672,-79.008494,10,0.92,133.9,8.26,2283803,8.26,8.26122,-1.7348,5.42154,0.53298,-0.24969,0.03757,64.7033,35.019,-68.69337
36.078668,-79.008496,10,1.12,134.3,7.91,2284803,7.91,7.91306,-1.55833,5.34796,0.44364,0.25091,0.29428,68.28413,40.38293,-62.42327
36.078663,-79.008497,10,0.81,134.7,4.58,2285803,4.58,4.58106,3.48515,10.09233,0.86957,0.77626,0.04749,69.05875,22.87343,-69.33645
36.078666,-79.008504,10,1.24,134.9,8.78,2286803,8.78,8.77568,-2.33539,4.91964,1.18615,1.31947,0.13653,82.63666,29.28968,-33.82052
36.078666,-79.008509,10,0.87,135,7.81,2287803,7.81,7.80658,-1.81137,5.14098,0.30864,-0.77763,0.14691,85.66209,12.99328,-38.21982
36.078663,-79.008508,10,0.97,135.3,7.74,2288803,7.74,7.74078,-1.82632,5.17807,0.35308,0.17623,0.38851,83.6159,4.44315,-43.93452
36.078659,-79.008512,10,0.68,135.6,8.02,2289803,8.02,8.01536,-1.91426,5.38265,0.22999,0.03879,0.16234,81.32125,1.06694,-50.7454
36.078658,-79.008516,10,0.87,135.5,8.25,2290803,8.25,8.25285,-2.08953,5.22892,0.09988,0.0672,0.06903,79.69892,0.84771,-52.83543
36.078657,-79.008515,10,0.69,135,8.37,2291803,8.37,8.36531,-1.83888,5.57109,0.21121,-0.01894,0.09545,77.24349,-0.87694,-58.14089
36.078654,-79.008511,10,1.21,135.5,8.13,2292803,8.13,8.12782,-1.80538,5.29891,0.18815,-0.02153,0.19532,75.05116,1.27156,-61.00556
36.078656,-79.008518,10,0.91,135,8.16,2293803,8.16,8.15713,-1.98664,4.88375,0.28894,-0.27901,0.06506,71.17802,6.03625,-65.69717
36.078654,-79.008522,10,1.1,135.8,7.76,2294803,7.76,7.75813,-1.70608,5.34138,0.34102,0.13699,0.05788,67.46565,11.76557,-71.60188
36.078652,-79.008529,10,0.74,136.3,8.19,2295803,8.19,8.18645,-1.91845,5.37667,0.08964,-0.38759,0.22556,65.56562,17.08565,-72.91727
36.078649,-79.008534,10,1.28,135.8,8.61,2296803,8.61,8.60878,-1.82453,5.51845,0.14279,0.02169,0.25275,64.20638,23.67729,-72.97574
36.078651,-79.008542,10,1.85,136.1,8.61,2297803,8.61,8.60938,-1.45364,5.75893,0.1434,0.20525,0.35277,65.18562,28.07659,-70.90032
36.078649,-79.008545,10,0.72,136.4,8.2,2298803,8.2,8.202,-2.02313,5.40778,0.177,-0.10263,0.12981,63.47559,33.68898,-69.96492
36.078646,-79.008554,10,1.78,136.8,11.18,2299803,11.18,11.17867,-1.14616,8.96471,1.05145,0.68478,-1.53434,63.34405,33.93745,-70.11108
36.078642,-79.008561,10,1.97,137.4,9.41,2300803,9.41,9.40858,-4.31964,3.05623,0.49358,-0.44807,-0.11912,67.62642,49.85384,-47.25227
36.078633,-79.008563,10,1.68,137.8,7.4,2301803,7.4,7.39562,-2.11884,4.1671,-0.35048,-1.23578,1.00396,73.63344,40.41216,-51.49079
36.078625,-79.008567,10,1.91,138.3,6.44,2302803,6.44,6.44088,-1.15753,4.30588,-0.06979,1.04427,0.50702,77.31657,35.06285,-48.36305
36.078621,-79.008574,10,1.16,138.2,5.31,2303803,5.31,5.30668,-1.30768,3.18724,-0.11072,0.57024,0.4641,78.20812,36.56825,-45.11839
36.078618,-79.008584,10,1.32,137.7,6.61,2304803,6.61,6.60898,-1.25803,5.20379,-0.42134,-0.34667,0.74831,78.54428,35.15054,-46.43379
36.078612,-79.008582,10,0.72,137.9,7.65,2305803,7.65,7.64806,-2.03151,4.934,0.47724,0.66279,-0.61087,78.70506,37.40134,-42.67758
36.078612,-79.008585,10,1.02,138.1,8.32,2306803,8.32,8.31984,-1.85922,5.12901,-0.02321,-0.60491,-0.1886,79.72815,35.66209,-43.24759
36.078609,-79.008587,10,0.72,138.4,7.87,2307803,7.87,7.87059,-3.86202,6.21536,-0.05483,0.5229,0.06231,75.67963,42.35603,-46.47764
36.078606,-79.008587,10,0.85,138.9,8.1,2308803,8.1,8.10329,-1.99262,4.99262,-0.33002,1.00503,0.41493,77.52119,39.73984,-42.26834
36.078601,-79.008585,10,1.19,139.1,8,2309803,8,8.0004,-2.15175,5.6333,-0.37141,-0.0055,-0.39309,72.0988,44.67992,-51.60772
36.078598,-79.008585,10,0.79,139.8,8.3,2310803,8.3,8.30369,-2.08415,5.55195,-0.66248,0.177,-0.43097,66.41333,41.90295,-64.83485
36.078594,-79.008588,10,0.87,140.1,8.9,2311803,8.9,8.90489,-3.91286,4.3334,-0.85811,-1.04916,0.31261,64.76176,40.3537,-66.23795
36.078594,-79.008591,10,0.58,140.4,19.6,2312803,19.6,19.59961,12.95953,-0.67178,1.66751,4.50834,0.43173,65.8287,25.48962,-72.0988
36.07859,-79.008591,10,0.94,140.1,7.05,2313803,7.05,7.05404,-2.21994,4.97468,-0.0901,0.43539,-0.80176,68.34259,12.36481,-71.01725
36.07859,-79.008597,10,1.05,140.6,6.92,2314803,6.92,6.91945,-1.35314,5.08236,-0.43203,0.67806,0.11759,71.01725,1.72464,-65.12716
36.078587,-79.0086,10,0.86,139.9,8.73,2315803,8.73,8.72543,-4.69352,5.17687,-0.37965,-0.67837,-0.52993,78.12044,9.00321,-59.14937
36.078574,-79.008591,10,2.92,141.8,6.56,2316803,6.56,6.55873,-1.67857,5.74277,-0.25901,0.90958,-0.27214,80.16662,-2.66004,-49.03537
36.078558,-79.008589,10,2.8,142.4,7.22,2317803,7.22,7.21795,-2.63689,6.11964,-0.73777,0.61606,-0.13515,84.56591,7.04472,-42.6922
36.078552,-79.008582,10,1.39,142.1,7.05,2318803,7.05,7.04507,-2.39821,8.67697,-0.49954,1.31947,-3.46223,62.13096,48.68459,-61.00556
36.078545,-79.008575,10,1.47,142.6,7.18,2319803,7.18,7.18445,-3.02931,5.51127,-0.69242,1.17561,0.51771,60.97632,31.30664,-73.38498
36.078541,-79.008574,10,0.83,143,7.27,2320803,7.27,7.27059,-1.85145,5.62971,-0.65118,-0.37782,-0.19349,64.20638,12.6425,-72.91727
36.078539,-79.008576,10,0.67,143.5,7.51,2321803,7.51,7.51227,-2.16491,5.25942,-0.30849,0.24984,-0.46563,69.80415,5.67086,-67.62642
36.078533,-79.008576,10,1.04,143.5,7.82,2322803,7.82,7.81974,-1.53858,5.38086,-0.43998,0.16952,-0.29444,76.52734,-1.95849,-58.17013
36.078536,-79.008584,10,1.01,142.9,5.24,2323803,5.24,5.24028,-1.06062,4.67916,0.17685,1.23792,-0.63057,80.03508,1.3154,-51.52003
36.07854,-79.008584,10,1.58,142.9,8.18,2324803,8.18,8.18345,-3.03948,5.4664,0.00489,0.68264,-0.05391,83.44051,7.52704,-45.14762
36.078539,-79.008586,10,0.77,142.8,7.9,2325803,7.9,7.90469,-2.17627,4.55593,-0.06292,-0.15684,0.35659,84.12745,3.39082,-44.06606
36.078536,-79.008589,10,1.37,143.6,7.07,2326803,7.07,7.069,-1.78026,5.24267,0.13424,0.20464,0.17822,82.06665,4.10699,-50.87694
36.078534,-79.008592,10,0.96,144.9,7.54,2327803,7.54,7.5356,-1.99262,4.90648,-0.26114,-0.43799,0.71853,81.3651,2.22157,-52.63081
36.078529,-79.008592,10,1.23,145.7,7.35,2328803,7.35,7.34537,-1.92981,5.09253,0.66905,0.17761,-0.23686,77.36042,1.6808,-58.40398
36.078529,-79.008599,10,1.07,146,7.83,2329803,7.83,7.82812,-2.12184,5.20678,0.16692,0.07697,0.84437,70.95878,3.50775,-66.3841
36.078531,-79.008605,10,0.98,146.4,4.99,2330803,4.99,4.99143,-1.39801,5.75115,0.85613,0.5116,-0.87934,58.0532,7.2055,-75.54808
36.078528,-79.00862,10,1.88,146.5,5.44,2331803,5.44,5.43649,5.78824,2.91625,-1.43416,-0.39294,0.53939,52.04618,-20.5934,-60.94709
36.078531,-79.008626,9,0.66,145.7,6.35,2332803,6.35,6.34756,-6.39482,6.52583,2.7069,-0.40363,-3.58395,56.02163,35.7644,-73.48728
36.07853,-79.008632,9,1.22,145.6,7.06,2333803,7.06,7.06182,-4.97288,6.134,-0.60552,-0.30711,1.29076,55.15931,37.94212,-72.78574
36.078529,-79.008632,9,0.22,145.9,9.28,2334803,9.28,9.27877,-1.72702,4.30888,0.1799,-0.37843,-0.27611,67.62642,23.51652,-71.00263
36.078526,-79.008631,9,0.54,146,8.25,2335803,8.25,8.24626,-3.29193,6.17169,-0.21472,1.71012,-0.89446,65.87255,13.25636,-72.78574
36.078523,-79.008637,10,1.29,145.8,8.33,2336803,8.33,8.33001,-3.11665,5.29113,-1.28572,-0.21625,-0.166,80.79509,3.42005,-52.00234
36.078522,-79.00864,10,0.58,145.8,7.73,2337803,7.73,7.7336,-2.5657,5.97607,-0.69455,0.45509,-0.64232,84.82899,15.59486,-40.32447
36.078524,-79.008638,10,0.69,146.9,7.64,2338803,7.64,7.63669,-2.49212,5.25344,-0.72403,0.24771,-0.62278,77.50658,38.02982,-40.266
36.078526,-79.00864,10,0.7,147.7,7.29,2339803,7.29,7.28973,-2.40897,5.08714,-0.79412,-0.07514,-0.33094,67.40719,44.8553,-57.98012
36.078525,-79.008642,10,0.82,148.4,7.21,2340803,7.21,7.20838,-2.24566,5.68116,-0.03039,0.83246,-0.58597,62.52558,40.20754,-67.67027
36.078525,-79.008648,10,1.2,148.9,7.56,2341803,7.56,7.55773,-2.58245,5.43948,-0.38103,-0.21961,-0.09148,60.93248,33.27974,-72.53727
36.078525,-79.008655,10,1.08,149.3,7.6,2342803,7.6,7.59901,-2.57288,5.59562,-0.17562,0.29031,-0.28207,62.39404,28.33967,-73.6919
36.078521,-79.008655,10,0.69,149.8,8.48,2343803,8.48,8.47897,-2.25882,5.04407,-1.03572,0.06384,-0.76389,74.07191,4.03391,-64.61561
36.078522,-79.00866,10,0.74,149.6,7.9,2344803,7.9,7.9011,-3.81296,5.96591,-0.96608,0.07101,-0.71487,83.04589,10.15785,-49.16691
36.078517,-79.008661,10,0.44,149.8,9.32,2345803,9.32,9.31825,0.60359,4.70907,-1.90651,1.11483,-0.3065,84.46361,20.79801,-38.80444
36.078513,-79.00866,10,0.9,149.9,8.76,2346803,8.76,8.76012,-2.63629,3.97268,-0.28008,1.16171,-0.97265,69.13184,46.0684,-52.93774
36.078512,-79.008666,10,0.39,149.3,7.53,2347803,7.53,7.53081,-3.15195,5.98565,-0.44364,-0.71303,0.18036,59.85092,44.16837,-65.88716
36.078511,-79.008669,10,0.55,149.1,7.74,2348803,7.74,7.74377,-2.52622,5.44666,0.21304,0.36591,-0.19899,62.86174,41.99065,-64.99561
36.078506,-79.008664,10,1.97,148.8,7.32,2349803,7.32,7.31606,-3.20459,5.56212,-0.06994,-0.07834,0.05483,60.09939,43.99298,-65.18562
36.078502,-79.008663,10,0.58,148.3,7.58,2350803,7.58,7.58046,-2.65484,5.6327,0.05315,0.08583,0.15821,62.48173,42.79451,-64.17715
36.078503,-79.008667,10,0.87,147.9,7.39,2351803,7.39,7.39203,-2.97787,5.41376,-0.06735,0.03818,0.0391,62.21865,44.59222,-62.8325
36.078502,-79.008669,10,0.63,147.8,7.59,2352803,7.59,7.59003,-2.80858,5.56212,-0.02184,0.01833,-0.00626,62.07249,43.84683,-62.94943
36.0785,-79.008669,10,0.58,147.7,7.56,2353803,7.56,7.55713,-2.89053,5.43111,-0.02749,0.10675,0.02642,62.68635,43.97837,-63.09559
36.078495,-79.008669,10,0.28,146.9,7.62,2354803,7.62,7.62054,-2.91446,5.76012,-0.05559,0.04887,-0.04734,61.41479,43.64221,-64.38176
36.078493,-79.008674,10,0.56,146.2,7.64,2355803,7.64,7.63849,-2.90728,5.47897,-0.12187,-0.01848,-0.06017,61.86787,43.11605,-64.67407
36.078491,-79.008677,10,0.29,145.9,7.63,2356803,7.63,7.62952,-2.81157,5.67458,-0.14737,0.20204,0.03314,60.90324,41.0114,-66.92487
36.078491,-79.00868,10,0.28,145.8,7.67,2357803,7.67,7.67139,-2.85942,5.37787,-0.11729,-0.11286,-0.17975,61.53172,39.16983,-68.25489
36.078491,-79.008685,10,0.13,145.4,7.64,2358803,7.64,7.64088,-2.95334,5.50768,-0.15165,0.05651,-0.0087,60.68401,37.37211,-70.46185
36.078488,-79.008687,10,0.41,145.3,7.72,2359803,7.72,7.72284,-2.75294,5.60519,-0.03222,0.00657,-0.18326,60.20169,34.22976,-71.47033
36.078487,-79.008691,10,0.49,145.1,7.6,2360803,7.6,7.60499,-2.77029,5.30788,-0.02795,0.19655,-0.09865,60.78632,32.82666,-71.29494
36.078485,-79.008692,10,0.22,145.2,7.49,2361803,7.49,7.49133,-2.8684,5.90549,-0.04765,0.08858,-0.15379,59.20783,30.19585,-73.42882
36.078481,-79.008695,10,0.67,145.1,7.64,2362803,7.64,7.64327,-2.63749,5.35753,-0.13408,0.01023,-0.06246,62.01403,26.9658,-72.91727
36.078479,-79.008696,10,0.4,145,7.3,2363803,7.3,7.3017,-2.94736,5.79123,-0.07437,0.18998,-0.05391,59.77784,24.87577,-74.20345
36.078474,-79.008696,10,0.58,145,7.9,2364803,7.9,7.89811,-2.99761,5.28036,-0.18234,-0.20403,-0.08995,63.62175,22.88804,-72.72727
36.078472,-79.008697,10,0.3,144.7,7.46,2365803,7.46,7.45783,-2.77328,5.65304,-0.01054,0.24801,-0.04414,62.94943,19.40953,-74.02806
36.07847,-79.008699,10,0.14,145.2,7.52,2366803,7.52,7.52064,-2.93659,5.33899,-0.0507,-0.00565,-0.00565,64.57176,19.17568,-72.69804
36.078466,-79.0087,10,0.26,145.4,7.6,2367803,7.6,7.6002,-2.72842,5.67159,0.08796,0.16539,-0.07773,63.91406,18.7226,-73.72114
36.078462,-79.008703,10,0.23,145.3,7.76,2368803,7.76,7.75514,-2.97009,5.61655,-0.1211,-0.20708,0.12798,64.03099,19.73107,-73.23882
36.078464,-79.008707,10,0.41,145,7.84,2369803,7.84,7.83769,-2.70389,5.63031,0.13347,0.12767,-0.10263,64.16253,20.12569,-73.56036
36.078463,-79.008703,10,0.12,145.8,7.75,2370803,7.75,7.74856,-2.99522,5.8337,-0.062,-0.02275,0.14645,62.90559,21.29494,-74.02806
36.078463,-79.008703,10,0.63,146.3,7.68,2371803,7.68,7.67737,-2.92343,5.38385,0.02688,-0.02688,-0.03039,63.50482,22.27419,-73.56036
36.078463,-79.008706,10,0.24,146.7,7.62,2372803,7.62,7.62473,-2.75833,5.70269,-0.02963,0.12126,0.08079,62.07249,22.04034,-73.06343
36.078457,-79.008708,10,0.16,146.7,7.78,2373803,7.78,7.77847,-2.87258,5.52204,0.01008,-0.01542,-0.0591,62.16019,22.5665,-72.84419
36.078452,-79.008705,10,0.14,146.4,7.43,2374803,7.43,7.4339,-2.87857,5.50648,0.00596,0.06857,0.0142,61.89711,23.48729,-74.48115
36.078448,-79.008702,10,0.44,146.7,7.61,2375803,7.61,7.61097,-2.84387,5.78465,0.0617,0.05238,-0.10293,61.31248,23.57498,-74.81731
36.078448,-79.0087,10,0.31,147.3,7.77,2376803,7.77,7.77129,-2.81516,5.55733,-0.02489,0.01848,0.05101,62.10172,22.90266,-73.83806
36.078447,-79.0087,10,0.06,147.5,7.59,2377803,7.59,7.59123,-2.87438,5.52742,0.0814,0.04368,-0.07773,61.59018,24.26191,-74.5396
36.078445,-79.008695,10,0.43,147.4,7.55,2378803,7.55,7.55055,-2.69731,5.41735,0.04016,0.12401,0.07254,61.86787,24.97808,-73.63344
36.078442,-79.008697,10,0.22,146.9,7.48,2379803,7.48,7.48236,-3.01137,5.58485,-0.02413,-0.13118,0.08247,60.66939,26.67349,-73.99883
36.07844,-79.008698,10,0.29,146.4,7.63,2380803,7.63,7.62832,-2.91924,5.38325,0.07071,0.03925,0.03207,61.47326,28.32505,-72.75651
36.078437,-79.008698,10,0.2,147,7.7,2381803,7.7,7.70309,-2.95633,5.71406,0.06888,0.06231,0.02841,60.12862,30.73663,-72.72727
36.078435,-79.008695,10,0.52,147.3,7.63,2382803,7.63,7.62593,-2.81217,5.64826,0.02673,0.1182,0.10278,60.46478,31.29202,-72.91727
36.078436,-79.008698,10,0.02,146.8,7.51,2383803,7.51,7.51107,-2.89711,5.65005,0.02398,0.14172,0.09911,60.02631,33.38205,-72.02572
36.078436,-79.008699,10,0.3,145.8,7.69,2384803,7.69,7.68934,-2.71705,5.58365,0.04047,-0.16402,-0.08415,60.42093,33.52821,-72.08419
36.078437,-79.008699,10,0.22,146.1,7.64,2385803,7.64,7.63729,-2.94736,5.57946,-0.00626,0.14462,0.15134,60.9617,35.42824,-72.02572
36.078435,-79.008698,10,0.31,145.9,7.55,2386803,7.55,7.55474,-2.80678,5.48794,0.00046,-0.04749,0.04811,60.52324,36.40748,-70.63724
36.078434,-79.0087,10,0.23,145.7,7.46,2387803,7.46,7.45604,-2.79362,5.40718,0.05681,0.0898,0.04093,60.99094,37.50365,-70.44724
36.078435,-79.008705,10,0.22,145.6,7.75,2388803,7.75,7.75394,-2.91924,5.6333,0.01222,-0.15043,-0.02886,60.84478,38.6729,-68.97106
36.078435,-79.008709,10,0.32,145.2,7.74,2389803,7.74,7.73839,-2.89113,5.6686,-0.00947,0.05849,0.11026,60.36246,39.15522,-68.79568
36.078437,-79.008718,10,0.39,145.2,7.35,2390803,7.35,7.35434,-2.7667,5.43829,0.06689,0.0252,-0.05544,60.90324,40.22216,-67.10027
36.078439,-79.008726,10,0.15,144,7.58,2391803,7.58,7.57927,-2.81635,5.37308,-0.05147,-0.15272,0.00687,61.53172,40.83601,-67.17335
36.078441,-79.008728,10,0.25,143.8,7.63,2392803,7.63,7.62593,-2.72483,5.68953,0.14065,0.1434,-0.14844,61.72172,40.67524,-67.75797
36.078439,-79.008727,10,0.23,143.3,7.6,2393803,7.6,7.602,-2.88515,5.57468,-0.01665,0.10247,0.09209,61.35633,41.50833,-66.92487
36.078438,-79.00873,10,0.16,142.8,7.67,2394803,7.67,7.67378,-2.80259,5.4682,-0.01268,-0.10721,-0.02077,62.14557,41.24525,-66.07717
36.078433,-79.008729,10,0.24,142.8,7.56,2395803,7.56,7.56012,-3.02632,5.64826,-0.04963,0.16936,0.1576,60.81555,42.03449,-65.14177
36.078432,-79.008733,10,0.13,142.6,7.66,2396803,7.66,7.65763,-2.94377,5.55853,0.03711,-0.08491,-0.13607,62.37942,42.63373,-64.95177
36.078434,-79.008735,10,0.29,142.3,7.46,2397803,7.46,7.46202,-2.77508,5.79781,-0.03283,0.05971,0.10079,61.72172,41.93218,-65.52177
36.078429,-79.008735,10,0.23,142.3,7.58,2398803,7.58,7.58465,-2.90967,5.41316,-0.00412,-0.06429,0.02459,62.18942,43.20374,-63.72406
36.078429,-79.008732,10,0.29,141.7,7.4,2399803,7.4,7.39621,-2.67458,5.44726,0.01955,0.08247,0.09056,62.27711,43.37913,-64.07483
36.078427,-79.008735,10,0.56,141.7,7.53,2400803,7.53,7.53201,-2.87557,5.56391,0.04276,-0.03024,0.04658,62.43789,44.15376,-63.03712
36.078427,-79.008735,10,0.06,141.9,7.72,2401803,7.72,7.71566,-2.8666,5.52742,0.10446,0.00489,0.03528,64.13329,45.46916,-60.49401
36.078427,-79.008737,10,0.16,142,7.56,2402803,7.56,7.55653,-2.76491,5.65723,0.09652,0.04123,0.09468,64.67407,46.36071,-58.88629
36.078425,-79.008741,10,0.31,142.1,7.56,2403803,7.56,7.55653,-2.77448,5.59502,0.12431,0.00168,0.04032,66.36948,46.38994,-56.37241
36.078424,-79.008745,10,0.4,142.1,7.63,2404803,7.63,7.6349,-2.8002,5.41795,0.0336,-0.13454,0.12324,68.38644,46.28764,-53.24467
36.078423,-79.008747,10,0.12,142.6,7.6,2405803,7.6,7.59542,-2.74217,5.43948,0.18402,0.09453,-0.01909,70.16954,45.98071,-50.77463
36.078421,-79.008744,10,0.3,143.4,7.44,2406803,7.44,7.43869,-2.74816,5.41735,0.05467,-0.04872,0.11469,71.26571,44.15376,-49.2546
36.078422,-79.008745,10,0.28,143.8,7.71,2407803,7.71,7.71326,-2.80917,5.55015,0.1069,0.00565,0.05391,73.54575,42.85297,-46.15609
36.078422,-79.008747,10,0.48,143.7,7.5,2408803,7.5,7.5009,-2.73978,5.46521,0.0956,0.00672,0.09438,75.05116,41.6691,-44.6653
36.07842,-79.008746,10,0.28,143.2,7.61,2409803,7.61,7.61097,-2.81815,5.48674,0.10858,-0.03161,0.04856,76.46886,39.52061,-43.46682
36.078421,-79.008744,10,0.17,142.9,7.72,2410803,7.72,7.71566,-2.75294,5.54537,0.12355,-0.03039,0.0197,78.14967,37.15288,-41.71295
36.078419,-79.008742,10,0.89,143,7.56,2411803,7.56,7.56431,-2.82832,5.6351,0.12431,-0.04337,0.01542,79.80122,33.79129,-40.7337
36.07842,-79.00874,10,0.87,142.2,7.58,2412803,7.58,7.58166,-2.81456,5.64766,0.08079,-0.0252,0.0788,81.10202,31.30664,-39.31599
36.078422,-79.008741,10,0.38,141.4,7.67,2413803,7.67,7.67079,-2.91446,5.62553,0.135,0.05101,0.03054,81.84741,29.28968,-39.43291
36.078419,-79.008739,10,0.53,141.7,7.65,2414803,7.65,7.64567,-2.85284,5.67338,0.08552,-0.0452,0.04414,83.17744,25.85501,-39.81292
36.078411,-79.008727,10,0.32,142,7.66,2415803,7.66,7.65703,-2.92702,5.54297,0.08934,-0.02352,0.04459,83.86436,23.26805,-40.45601
36.078409,-79.008724,10,0.61,142.2,7.71,2416803,7.71,7.70549,-2.86421,5.60878,0.03436,-0.04047,0.10507,83.60129,19.86261,-40.03215
36.078408,-79.008724,10,0.17,142.6,7.55,2417803,7.55,7.55115,-2.86541,5.56571,0.10354,0.06796,0.02627,84.1713,17.81643,-41.68372
36.078409,-79.008723,10,0.41,142.6,7.74,2418803,7.74,7.73958,-2.79601,5.50768,0.01329,-0.13363,0.00764,84.3613,15.98948,-41.61064
36.078403,-79.008715,10,1.28,143,7.48,2419803,7.48,7.47518,-2.96172,5.54477,0.03329,0.10797,0.05834,84.39053,14.981,-42.19526
36.078405,-79.008714,10,0.46,143.3,7.63,2420803,7.63,7.63011,-2.86182,5.57288,0.00794,-0.02917,-0.02566,84.37592,13.8556,-41.99065
36.078404,-79.008712,10,0.55,143.3,7.74,2421803,7.74,7.74437,-2.89591,5.60279,-0.00947,0.06552,-0.01512,84.3613,13.3879,-42.94066
36.078403,-79.008712,10,1.0,143.5,7.69,2422803,7.69,7.69113,-2.92343,5.63749,-0.03757,0.01665,-0.02764,83.7036,14.5133,-42.07834
36.078404,-79.008707,10,0.84,144,7.48,2423803,7.48,7.48176,-2.81516,5.55494,-0.01069,0.04688,-0.07834,84.24437,15.31716,-42.9845
36.078404,-79.008702,10,0.12,144.4,7.56,2424803,7.56,7.56252,-2.84447,5.57229,-0.05925,-0.00535,-0.02963,84.82899,16.28179,-41.25987
36.078402,-79.008695,10,0.69,144.2,7.68,2425803,7.68,7.67558,-2.91805,5.59083,-0.01649,0.01038,-0.08506,83.55744,17.58258,-41.9468
36.078395,-79.008689,10,0.77,143.5,7.65,2426803,7.65,7.64985,-2.82652,5.40539,-0.06842,0.00733,0.02062,84.82899,17.52412,-40.67524
36.078391,-79.008686,10,0.48,143.7,7.47,2427803,7.47,7.47099,-2.80319,5.63809,0.00641,0.10003,-0.03009,84.41976,18.22567,-41.25987
36.078385,-79.008681,10,0.75,143.9,7.63,2428803,7.63,7.63191,-2.85823,5.57707,-0.07285,-0.01176,0.04765,84.46361,18.45951,-41.31833
36.078385,-79.008682,10,0.28,144,7.6,2429803,7.6,7.59602,-2.84925,5.59143,-0.01084,0.06781,-0.00122,84.66823,18.45951,-40.52908
36.078383,-79.008682,10,0.58,143.9,7.62,2430803,7.62,7.62413,-2.90668,5.66202,-0.01084,-0.03665,-0.02535,84.3613,18.95645,-41.77141
36.078381,-79.00868,10,0.62,144.2,7.59,2431803,7.59,7.58884,-2.85105,5.56092,-0.00916,-0.02825,-0.01756,84.33207,18.54721,-41.21602
36.078379,-79.008681,10,0.68,144.1,7.63,2432803,7.63,7.62952,-2.87617,5.51127,-0.00733,0.0139,0.04307,84.85823,17.67027,-40.64601
36.078382,-79.008688,10,1.82,143.7,7.64,2433803,7.64,7.63789,-2.89232,5.59143,0.04246,0.07208,-0.00825,84.53668,17.01257,-41.7568
36.078381,-79.008694,10,0.64,143.9,7.6,2434803,7.6,7.59901,-2.87318,5.60519,-0.00916,-0.03314,0.03283,84.58054,16.67641,-42.72143
36.078379,-79.008696,10,0.49,143.9,7.36,2435803,7.36,7.36391,-2.81635,5.55554,0.05849,0.02398,-0.05345,85.1067,15.56562,-42.53143
36.078375,-79.008692,10,0.38,144.6,7.57,2436803,7.57,7.56551,-2.82832,5.57707,-0.00657,-0.031,0.01344,85.09208,15.46332,-43.75914
36.078376,-79.008696,10,0.76,145,7.64,2437803,7.64,7.63849,-2.89053,5.51964,-0.00932,0.02459,0.03482,84.81438,14.63023,-43.32067
36.078376,-79.008701,10,0.12,144.6,7.51,2438803,7.51,7.51047,-2.79781,5.5687,0.01665,0.06567,0.01298,84.81438,14.07483,-42.72143
36.078374,-79.008698,10,0.55,145.8,7.57,2439803,7.57,7.57448,-2.82413,5.57229,-0.00428,-0.04719,-0.02673,84.7413,13.09559,-43.37913
36.078373,-79.008702,10,0.58,146.8,7.61,2440803,7.61,7.60858,-2.87617,5.55554,0.01268,0.06613,-0.00336,84.96054,13.15405,-42.82373
36.078372,-79.008704,10,0.62,146.7,7.55,2441803,7.55,7.55235,-2.90608,5.51546,0.01252,-0.04643,-0.03772,84.81438,14.06022,-45.16224
36.078369,-79.008702,10,0.13,147.6,7.6,2442803,7.6,7.602,-2.89651,5.65185,0.01268,0.11851,0.04352,85.48669,12.07249,-44.44607
36.078365,-79.0087,10,0.71,148.3,7.61,2443803,7.61,7.60559,-2.89472,5.59801,-0.00412,-0.14508,0.01237,84.24437,11.64864,-44.21222
36.07836,-79.008701,10,0.78,148.6,7.59,2444803,7.59,7.59422,-2.8995,5.56511,0.1434,0.06216,0.03222,84.87284,10.2017,-45.2207
36.078357,-79.008702,10,0.56,148.2,7.62,2445803,7.62,7.62174,-2.93001,5.52563,-0.00046,-0.01985,-0.00626,84.47823,9.16399,-46.03917
36.078348,-79.008698,10,1.8,148.2,7.56,2446803,7.56,7.56252,-2.77926,5.50888,-0.1211,0.05208,-0.09865,84.43438,9.2663,-44.76761
36.078345,-79.008698,10,0.59,148.3,7.6,2447803,7.6,7.59721,-2.82652,5.54417,-0.13668,0.00718,-0.07712,84.79977,12.01403,-45.03069
36.078346,-79.008701,10,0.56,148.8,7.66,2448803,7.66,7.65643,-2.92223,5.45923,-0.09865,0.15149,0.02062,84.85823,13.98714,-42.04911
36.078343,-79.008696,10,0.63,149.1,7.6,2449803,7.6,7.59781,-2.78525,5.5669,-0.04704,-0.06658,-0.21579,84.85823,15.171,-41.90295
36.078337,-79.008693,10,0.6,148.9,7.68,2450803,7.68,7.68395,-2.86122,5.46999,-0.14035,0.14264,-0.02321,84.56591,18.94183,-40.68986
36.078336,-79.008694,10,0.38,149,7.6,2451803,7.6,7.59781,-2.84148,5.5675,-0.12614,0.07621,-0.11668,84.50745,21.64572,-39.84215
36.078327,-79.008696,10,0.75,147.5,7.64,2452803,7.64,7.6355,-2.84088,5.52622,-0.18509,0.00641,-0.10186,83.73283,25.28501,-38.43905
36.078324,-79.008698,10,0.6,147.2,7.66,2453803,7.66,7.66062,-2.8325,5.46042,-0.2164,0.13164,-0.12034,81.84741,29.772,-38.97983
36.078324,-79.008698,10,0.56,147.2,7.6,2454803,7.6,7.6002,-2.85344,5.60878,-0.31948,0.09789,-0.1938,80.12277,36.17363,-41.02602
36.078326,-79.008701,10,0.78,147.3,7.61,2455803,7.61,7.60977,-2.8002,5.5346,-0.3178,0.08735,-0.2645,75.18269,42.58989,-44.72376
36.078325,-79.008702,10,0.55,147.4,7.56,2456803,7.56,7.56012,-2.80858,5.60399,-0.33995,0.14936,-0.20647,69.96492,45.86378,-52.55773
36.078321,-79.008703,10,0.35,148,7.62,2457803,7.62,7.62353,-2.86062,5.53161,-0.27367,0.09514,-0.25061,66.16486,45.67378,-58.19936
36.078325,-79.008708,10,1.2,147.9,7.66,2458803,7.66,7.66361,-2.83849,5.54776,-0.27122,0.03894,-0.19303,63.79713,44.25607,-64.13329
36.078326,-79.008712,10,0.6,148,7.62,2459803,7.62,7.61815,-2.76909,5.60937,-0.23595,0.18372,-0.17944,61.9848,39.73984,-68.47413
36.078327,-79.008715,10,0.81,148.4,7.67,2460803,7.67,7.66601,-2.94915,5.51845,-0.29688,-0.02275,-0.20815,61.02017,34.60976,-71.89418
36.078327,-79.008719,10,0.44,148.3,7.75,2461803,7.75,7.75035,-2.79063,5.58724,-0.2135,0.22266,-0.17898,62.4525,26.84887,-73.47266
36.078327,-79.008726,10,1.17,148,7.64,2462803,7.64,7.64268,-2.91266,5.60578,-0.2332,0.08537,-0.18127,63.60713,21.82111,-73.83806
36.078324,-79.008731,10,0.74,148.2,7.62,2463803,7.62,7.62174,-2.85464,5.4329,-0.24282,0.05345,-0.13622,66.99795,16.03332,-71.7188
36.078321,-79.008733,10,0.44,149,7.59,2464803,7.59,7.59482,-2.82174,5.601,-0.18662,0.13256,-0.16875,69.39491,11.06402,-69.73107
36.07832,-79.008737,10,0.59,149.5,7.62,2465803,7.62,7.61935,-2.94437,5.51845,-0.2193,-0.00321,-0.10843,72.27419,8.37474,-66.55949
36.078314,-79.008737,10,1.15,149.7,7.63,2466803,7.63,7.6343,-2.85464,5.48734,-0.1431,0.07758,-0.14233,74.77346,5.59778,-63.81175
36.07831,-79.00874,10,0.94,149.7,7.56,2467803,7.56,7.56431,-2.88395,5.54417,-0.16112,0.08094,-0.05299,76.80502,5.26162,-61.37094
36.078307,-79.008741,10,0.63,149.6,7.68,2468803,7.68,7.68335,-2.94078,5.47657,-0.13027,0.00916,-0.05757,78.71967,4.96931,-58.19936
36.078302,-79.00874,10,0.74,150.1,7.69,2469803,7.69,7.68874,-2.85284,5.62014,-0.04047,0.07957,-0.11164,79.90353,4.51622,-58.19936
36.078298,-79.008745,10,1.21,150.1,7.64,2470803,7.64,7.63729,-2.88395,5.53221,-0.07697,0.02321,0.0029,80.73663,4.34084,-55.97779
36.078292,-79.008746,10,1.28,150.6,7.59,2471803,7.59,7.59063,-2.89053,5.56212,-0.02611,0.02764,-0.06796,81.29202,4.99854,-55.72932
36.078293,-79.008746,10,0.52,151.2,7.65,2472803,7.65,7.65404,-2.90788,5.5334,-0.06292,0.00687,0.04444,81.14587,4.64776,-54.69161
36.07829,-79.008747,10,0.28,150.9,7.62,2473803,7.62,7.61755,-2.84507,5.51247,-0.01802,-0.03955,-0.03192,81.33587,4.09237,-55.17393
36.078286,-79.008746,10,0.56,151,7.65,2474803,7.65,7.64985,-2.8995,5.55494,-0.04872,0.03787,0.01955,81.46741,4.64776,-55.34932
36.078283,-79.00875,10,0.53,151.4,7.64,2475803,7.64,7.64327,-2.94975,5.51486,-0.0142,-0.01252,-0.07529,81.42356,4.75007,-54.53084
36.078281,-79.008755,10,0.59,151.7,7.65,2476803,7.65,7.64866,-2.84387,5.52563,-0.0646,0.04444,0.04276,81.83279,3.78544,-53.61006
36.07828,-79.00876,10,0.68,152.6,7.63,2477803,7.63,7.6349,-2.93839,5.61476,-0.00855,-0.00641,-0.05956,81.94972,3.9316,-54.35545
36.078275,-79.008763,10,0.69,152.2,7.69,2478803,7.69,7.68754,-2.85344,5.5346,-0.0168,-0.00183,-0.04169,81.89127,3.87314,-52.07542
36.07827,-79.008765,10,0.6,152.9,7.61,2479803,7.61,7.61456,-2.85464,5.53101,-0.0562,0.00351,0.00748,81.51125,4.48699,-52.47004
36.078265,-79.008764,10,0.6,153,7.65,2480803,7.65,7.64985,-2.802,5.47358,0.01451,-0.02398,-0.01405,81.96434,4.15083,-53.06927
36.07826,-79.008764,10,0.81,152.5,7.57,2481803,7.57,7.57149,-2.88215,5.48375,0.02718,0.01787,0.03558,81.32125,4.15083,-53.62467
36.078254,-79.008768,10,0.94,152.5,7.55,2482803,7.55,7.55354,-2.82413,5.57946,0.05864,-0.0026,-0.01283,80.76585,3.87314,-55.23239
36.078253,-79.008769,10,0.12,152.4,7.67,2483803,7.67,7.6678,-2.87318,5.48076,-0.02367,-0.03543,0.07865,80.47355,4.25314,-56.34317
36.078255,-79.008772,10,0.15,152.7,7.6,2484803,7.6,7.6014,-2.91565,5.5358,0.03176,0.05788,-0.00382,79.91815,3.52236,-56.89857
36.078251,-79.008774,10,0.47,152.4,7.65,2485803,7.65,7.65165,-2.85583,5.52503,0.00611,-0.02306,0.01176,79.1143,3.52236,-57.35165
36.078248,-79.008774,10,0.09,152.1,7.58,2486803,7.58,7.57508,-2.88215,5.47657,0.04841,0.03696,-0.01481,78.57352,3.24467,-58.02397
36.078244,-79.008769,10,0.92,152.2,7.63,2487803,7.63,7.63131,-2.85404,5.53879,0.00092,-0.03329,0.04307,77.95966,3.09851,-58.27243
36.078242,-79.008767,10,0.61,152,7.58,2488803,7.58,7.58465,-2.85464,5.52204,0.06368,0.01985,0.00748,77.85735,3.21543,-60.45016
36.078238,-79.008767,10,0.58,152.2,7.63,2489803,7.63,7.62892,-2.84507,5.59023,0.02825,-0.04429,0.04047,76.60041,3.68313,-60.9617
36.078232,-79.008764,10,1.02,152.2,7.66,2490803,7.66,7.65643,-2.91805,5.51546,0.07819,0.01878,0.01191,75.70885,4.70623,-63.00789
36.078231,-79.008765,10,0.29,152.1,7.61,2491803,7.61,7.61157,-2.85703,5.5358,0.03054,-0.05024,0.0365,74.04268,5.02777,-64.30868
36.078229,-79.008766,10,0.46,152.7,7.63,2492803,7.63,7.63191,-2.88096,5.54477,0.05406,0.04887,0.03711,72.96112,5.39316,-66.00409
36.078229,-79.008766,10,0.49,153.4,7.63,2493803,7.63,7.63071,-2.88993,5.51306,0.02871,-0.03528,0.02993,72.3765,6.86934,-67.12949
36.078231,-79.008764,10,0.4,154.6,7.61,2494803,7.61,7.61277,-2.85942,5.49093,0.06857,0.03879,0.03176,70.62262,7.98012,-67.53873
36.078232,-79.008763,10,0.28,155.6,7.62,2495803,7.62,7.61875,-2.86421,5.58126,0.01619,-0.0533,0.07361,70.43262,8.93014,-69.19029
36.078229,-79.008766,10,1.06,155.5,7.64,2496803,7.64,7.64268,-2.87318,5.4993,0.10934,0.00092,-0.0055,68.97106,10.43554,-70.44724
36.078229,-79.008766,10,0.35,156.7,7.63,2497803,7.63,7.63071,-2.82114,5.50529,0.07559,-0.05147,0.10522,67.55334,12.29173,-71.52879
36.078227,-79.008766,10,0.86,157.2,7.59,2498803,7.59,7.59422,-2.90549,5.52383,0.13638,0.00718,0.07682,65.22946,15.68255,-73.28266
36.078224,-79.008772,10,0.46,158.4,7.62,2499803,7.62,7.62054,-2.82054,5.50529,0.12309,-0.09102,0.0391,63.56329,18.51798,-74.33499
36.078218,-79.008776,10,1.4,158.9,7.64,2500803,7.64,7.63849,-2.88096,5.50947,0.12278,0.00428,0.10354,62.86174,22.61035,-74.86115
36.078215,-79.008786,10,0.49,158.3,7.65,2501803,7.65,7.65165,-2.87797,5.57707,0.09988,-0.0394,0.11897,61.38556,27.55042,-73.89652
36.078213,-79.008788,10,0.61,157.8,7.61,2502803,7.61,7.61456,-2.85823,5.48794,0.146,-0.0142,0.05467,60.75709,31.26279,-73.64806
36.07821,-79.008794,10,0.87,158.8,7.63,2503803,7.63,7.6331,-2.82772,5.52622,0.10431,-0.07315,0.07941,60.09939,34.02514,-71.93803
36.078209,-79.008801,10,0.47,159.2,7.63,2504803,7.63,7.63011,-2.87498,5.48136,0.1263,0.00168,0.07178,60.61093,37.59135,-70.06723
36.078208,-79.008801,10,0.46,159,7.6,2505803,7.6,7.6026,-2.82832,5.59861,0.10095,-0.03054,0.06017,60.77171,39.65215,-68.31336
36.078205,-79.008803,10,0.89,159.1,7.61,2506803,7.61,7.61097,-2.88515,5.47179,0.09927,-0.04917,0.03833,61.82403,41.81526,-67.10027
36.078201,-79.008805,10,0.6,159.5,7.63,2507803,7.63,7.6343,-2.76371,5.54178,0.08109,-0.01588,0.07422,62.68635,43.27682,-64.83485
36.078198,-79.008807,10,0.38,159.6,7.65,2508803,7.65,7.65225,-2.95992,5.52921,0.07223,0.00076,0.0788,63.62175,45.14762,-61.92633
36.078195,-79.008807,10,0.21,160.2,7.64,2509803,7.64,7.64208,-2.80319,5.58305,0.05635,-0.07605,0.0055,65.4487,45.70301,-60.02631
36.07819,-79.008809,10,0.16,161,7.69,2510803,7.69,7.68575,-2.8672,5.49871,0.01634,0.04765,0.05925,65.36101,45.6007,-59.42707
36.078185,-79.008811,10,0.31,162,7.6,2511803,7.6,7.6008,-2.80259,5.61895,-0.00244,-0.00458,-0.02627,65.27332,46.66764,-59.93861
36.078183,-79.008817,10,0.49,162.5,7.65,2512803,7.65,7.64926,-2.86301,5.49691,-0.09102,0.03283,0.00733,66.4864,46.60918,-59.98246
36.078179,-79.008824,9,0.25,163.4,7.58,2513803,7.58,7.58106,-2.86002,5.5352,-0.00367,0.01115,-0.04933,64.96638,47.31073,-60.65478
36.07817,-79.008824,9,0.87,164.8,7.66,2514803,7.66,7.66421,-2.89113,5.47059,-0.01237,0.04307,0.03971,66.23795,46.38994,-60.114
36.078165,-79.008828,9,0.82,165.5,7.59,2515803,7.59,7.58704,-2.88335,5.59861,0.0588,-0.00962,-0.0142,66.17948,46.90149,-60.02631
36.078163,-79.008834,9,0.66,165.7,7.66,2516803,7.66,7.65883,-2.79183,5.53101,0.08567,-0.04536,0.02734,67.24642,47.06226,-57.52704
36.078159,-79.008838,9,0.71,165.6,7.6,2517803,7.6,7.59901,-2.86182,5.52921,0.06124,0.01558,0.09743,68.09412,47.64688,-55.49547
36.078151,-79.008841,9,0.46,166.5,7.58,2518803,7.58,7.58286,-2.80439,5.53759,0.06185,-0.03986,0.00626,69.92107,47.45689,-54.2093
36.078147,-79.00884,9,0.48,167.1,7.66,2519803,7.66,7.66301,-2.82772,5.54238,0.05895,0.03848,0.02566,70.49109,46.69687,-51.72464
36.078144,-79.008838,9,0.32,167.9,7.6,2520803,7.6,7.5996,-2.87079,5.53639,0.04536,-0.06536,0.06322,71.20725,45.45455,-51.28617
36.078136,-79.008833,10,0.58,167.4,7.69,2521803,7.69,7.68694,-2.85284,5.54357,0.11133,0.02535,0.04261,73.12189,45.24993,-49.10845
36.078134,-79.008834,10,0.45,167.2,7.58,2522803,7.58,7.58166,-2.81695,5.57707,0.05223,-0.05803,0.05742,74.39345,43.18913,-47.35458
36.078133,-79.008831,10,0.78,167.2,7.66,2523803,7.66,7.66002,-2.87557,5.48555,0.05666,0.01772,0.01802,76.05963,43.05759,-45.73224
36.078136,-79.008833,10,0.1,166.9,7.61,2524803,7.61,7.60678,-2.87318,5.56511,0.02703,-0.01604,0.03635,76.57118,41.62526,-45.16224
36.078133,-79.008838,10,1.38,167.5,7.79,2525803,7.79,7.79342,-2.86062,5.46999,0.05696,0.02153,0.00733,77.36042,40.33908,-42.34142
36.078131,-79.008839,10,0.36,167.4,7.58,2526803,7.58,7.57927,-2.84806,5.59502,0.02443,0.01558,0.06032,78.01812,39.52061,-43.13066
36.078134,-79.008842,10,0.2,167.6,7.64,2527803,7.64,7.63909,-2.86182,5.52323,0.08216,0.00351,-0.03039,78.9389,38.51213,-42.56065
36.078132,-79.008845,10,0.23,167.5,7.62,2528803,7.62,7.62413,-2.83968,5.52862,0.02062,-0.01863,0.06811,79.65507,36.75826,-41.09909
36.078134,-79.008847,10,0.55,168.1,7.64,2529803,7.64,7.63789,-2.86361,5.55255,0.06139,-0.00718,0.00519,80.28354,35.74978,-40.52908
36.078135,-79.008842,10,1.63,167.7,7.63,2530803,7.63,7.62832,-2.83131,5.54178,0.02978,-0.01268,0.05253,81.56972,33.71821,-39.84215
36.078137,-79.00884,10,0.69,168.3,7.61,2531803,7.61,7.60977,-2.91745,5.54716,0.06216,0.02428,0.02688,81.94972,32.57819,-39.09676
36.078137,-79.008841,10,0.44,168.8,7.59,2532803,7.59,7.58824,-2.84148,5.54656,0.04062,-0.04184,0.0142,83.16282,30.152,-38.68752
36.078142,-79.008846,10,0.7,169,7.62,2533803,7.62,7.62473,-2.85224,5.51725,0.0336,0.05238,0.05238,83.38205,28.92429,-38.68752
36.078139,-79.00885,10,0.98,168.8,7.6,2534803,7.6,7.59602,-2.87139,5.57348,0.02795,-0.03115,-0.00809,83.76205,27.68196,-38.07366
36.078134,-79.008852,10,1.1,170,7.65,2535803,7.65,7.64507,-2.85105,5.55374,-0.03238,0.01588,0.00443,84.03976,27.11196,-38.55598
36.07813,-79.008849,10,0.44,170.6,7.64,2536803,7.64,7.64268,-2.87677,5.50589,-0.04902,-0.0029,-0.04093,83.80591,27.37504,-38.14674
36.078127,-79.008846,10,0.39,170.9,7.62,2537803,7.62,7.61635,-2.87019,5.53041,-0.06002,0.09194,-0.01161,83.1482,28.66121,-39.40368
36.078124,-79.008844,10,0.54,171.5,7.63,2538803,7.63,7.63131,-2.85344,5.52323,-0.06399,-0.01604,-0.07544,82.9582,29.85969,-38.08828
36.078124,-79.008843,10,0.43,171.9,7.64,2539803,7.64,7.63729,-2.86959,5.60279,-0.06918,0.0675,-0.00748,81.52587,31.59895,-39.02368
36.078125,-79.00883,10,0.06,172.3,7.64,2540803,7.64,7.63968,-2.84148,5.56929,-0.06658,-0.02245,-0.07697,81.48203,32.28588,-38.7606
36.078126,-79.008823,10,0.52,170.9,7.65,2541803,7.65,7.64985,-2.84566,5.57587,-0.05253,0.07453,-0.0391,80.60509,33.52821,-39.66676
36.078129,-79.008824,10,0.29,171.4,7.64,2542803,7.64,7.64387,-2.9007,5.59442,-0.09728,-0.03131,-0.02825,80.00585,34.98977,-39.56445
36.078128,-79.008827,10,0.52,170.8,7.67,2543803,7.67,7.6666,-2.82293,5.65663,-0.03528,0.06552,-0.07743,79.91815,36.34902,-39.79831
36.078127,-79.008827,10,0.41,170,7.59,2544803,7.59,7.59063,-2.88694,5.60997,-0.11561,0.01558,0.00473,78.52967,37.81058,-41.33294
36.078129,-79.008827,10,0.49,170.1,7.7,2545803,7.7,7.7001,-2.90728,5.44427,-0.04917,0.00764,-0.12569,77.84274,39.19906,-41.0114
36.078128,-79.008829,10,0.16,170.1,7.61,2546803,7.61,7.60858,-2.82772,5.58485,-0.10889,0.04551,-0.02657,77.05349,40.85063,-44.02221
36.078127,-79.008833,10,0.91,170.5,7.65,2547803,7.65,7.65105,-2.91027,5.46461,-0.07697,0.04765,-0.08919,75.15347,41.80064,-43.70067
36.078128,-79.008833,10,0.51,171,7.6,2548803,7.6,7.59841,-2.82293,5.54357,-0.10843,0.02993,-0.06536,73.89652,43.2622,-46.75533
36.078125,-79.008833,10,0.58,172,7.64,2549803,7.64,7.64088,-3.05504,5.46042,-0.10293,0.01481,-0.09331,72.61035,44.43145,-47.31073
36.078119,-79.008837,10,0.58,172.3,7.62,2550803,7.62,7.61935,-2.81097,5.55195,-0.11118,0.06246,-0.06979,71.42648,45.35223,-49.13768
36.078109,-79.008839,10,0.79,172.5,7.63,2551803,7.63,7.62892,-2.88993,5.51785,-0.11515,0.03848,-0.05727,69.80415,45.93686,-50.61386
36.078106,-79.008839,10,0.64,173.1,7.6,2552803,7.6,7.59661,-2.81396,5.56152,-0.08155,0.05284,-0.06735,68.73721,46.44841,-53.52236
36.078102,-79.00884,10,0.52,173.5,7.62,2553803,7.62,7.62234,-2.86122,5.38146,-0.09759,0.03238,-0.03971,67.81643,46.75533,-54.50161
36.078098,-79.008841,10,0.1,173.6,7.6,2554803,7.6,7.60319,-2.88754,5.50947,-0.08338,0.05849,-0.05421,66.73487,47.04765,-55.59777
36.078091,-79.00884,10,0.81,173.4,7.62,2555803,7.62,7.62353,-2.87498,5.54896,-0.09911,0.02031,-0.06063,65.12716,46.22917,-57.00088
36.078087,-79.008837,10,0.33,173.8,7.64,2556803,7.64,7.64028,-2.85524,5.52921,-0.07834,0.07895,-0.04765,64.981,45.58609,-59.07629
36.078082,-79.008834,10,1.1,173.3,7.64,2557803,7.64,7.64208,-2.85284,5.54297,-0.0814,0.00397,-0.06185,63.47559,44.51915,-60.34785
36.078078,-79.008837,10,0.91,173,7.66,2558803,7.66,7.65584,-2.86301,5.49871,-0.06277,0.05009,-0.04795,63.82636,44.69453,-62.07249
36.078075,-79.008843,10,0.56,172.5,7.61,2559803,7.61,7.61157,-2.85583,5.58305,-0.04429,0.0339,-0.08445,63.3879,44.35838,-64.25022
36.07807,-79.008844,10,1.09,172.1,7.62,2560803,7.62,7.62114,-2.8002,5.51725,-0.07498,0.031,-0.02275,63.19789,42.9845,-63.81175
36.078067,-79.008843,10,0.29,172.4,7.6,2561803,7.6,7.60319,-2.87258,5.54058,-0.05315,0.05238,-0.04612,62.42327,42.42912,-65.46332
36.078065,-79.008843,10,0.1,172.6,7.65,2562803,7.65,7.64806,-2.82174,5.47837,-0.05467,0.00443,-0.04719,62.46712,41.8591,-66.45718
36.078063,-79.008846,10,0.59,172.7,7.59,2563803,7.59,7.58525,-2.86241,5.54417,-0.04032,0.08063,-0.02642,62.11634,41.50833,-67.01257
36.078062,-79.008851,10,0.96,172.4,7.6,2564803,7.6,7.59901,-2.81217,5.5675,-0.05223,-0.02062,-0.05757,62.93481,40.90909,-67.29027
36.078066,-79.00886,10,1.7,172.8,7.65,2565803,7.65,7.64567,-2.85045,5.56571,-0.03543,0.05727,-0.02413,61.80941,40.00293,-67.46565
36.078067,-79.008866,10,1.06,171.9,7.59,2566803,7.59,7.59482,-2.8337,5.54118,-0.04581,0.00092,-0.01924,61.37094,39.94446,-68.66413
36.078067,-79.008872,10,0.61,171.2,7.62,2567803,7.62,7.62054,-2.83729,5.5005,-0.011,0.03299,-0.04963,62.0871,39.53522,-68.85413
36.078068,-79.008877,10,0.38,170.8,7.58,2568803,7.58,7.58166,-2.8678,5.55733,-0.04856,0.00962,0.00443,61.61941,39.15522,-70.02338
36.078069,-79.008879,10,0.29,170.3,7.61,2569803,7.61,7.60618,-2.86122,5.49153,0.00107,0.00519,-0.06475,61.89711,39.12599,-69.61415
36.078068,-79.00888,10,0.38,170.6,7.64,2570803,7.64,7.6361,-2.81097,5.5011,-0.0255,0.01634,-0.0026,61.47326,39.11137,-68.09412
36.078069,-79.008888,10,0.56,170.2,7.6,2571803,7.6,7.602,-2.85045,5.51187,0.00443,0.06017,-0.00718,61.31248,39.22829,-69.11722
36.078067,-79.008893,10,0.41,170.2,7.62,2572803,7.62,7.62174,-2.80798,5.5675,-0.02581,-0.02749,-0.00397,61.85326,39.52061,-69.54107
36.078066,-79.008895,10,0.43,169.9,7.65,2573803,7.65,7.64866,-2.83789,5.57408,0.00702,0.05055,0.0055,61.41479,39.76907,-68.89798
36.078064,-79.008899,10,0.18,169.5,7.6,2574803,7.6,7.6026,-2.82533,5.5352,0.00076,-0.02611,-0.01038,61.34171,39.72523,-68.66413
36.078062,-79.008903,10,0.28,169.7,7.67,2575803,7.67,7.66541,-2.85045,5.51845,0.00351,0.01191,0.02947,61.63403,40.33908,-68.4449
36.078061,-79.008906,10,0.44,169.8,7.63,2576803,7.63,7.62772,-2.85703,5.56451,0.02092,-0.01283,0.01329,61.73633,40.60216,-67.36334
36.078063,-79.008911,10,0.74,169.6,7.6,2577803,7.6,7.6002,-2.83968,5.4993,0.03421,0.01604,0.03024,61.69249,41.99065,-65.93102
36.078062,-79.008921,10,0.56,169.7,7.59,2578803,7.59,7.59422,-2.85583,5.52323,0.04765,-0.00596,0.011,62.16019,43.14528,-65.40485
36.07806,-79.008924,10,0.2,169,7.68,2579803,7.68,7.67737,-2.81815,5.55853,0.04597,-0.00092,0.03894,62.4525,44.15376,-63.81175
36.078055,-79.008928,10,0.09,169.2,7.62,2580803,7.62,7.62174,-2.83549,5.5023,0.06216,0.00733,0.0226,63.13943,45.17685,-62.81789
36.078054,-79.008931,10,0.09,169.6,7.65,2581803,7.65,7.65284,-2.82832,5.55135,0.04887,-0.02321,0.04933,64.00175,46.27302,-61.7071
36.078052,-79.008931,10,0.17,170.3,7.58,2582803,7.58,7.57508,-2.87438,5.57528,0.08445,-0.00748,0.04108,64.92254,47.2815,-60.114
36.078051,-79.008934,10,0.33,170.5,7.63,2583803,7.63,7.63011,-2.78764,5.60459,0.06735,-0.02779,0.04887,65.41946,47.0038,-57.51242
36.078047,-79.008935,10,0.21,171.3,7.63,2584803,7.63,7.62832,-2.8684,5.47538,0.093,-0.01466,0.06246,66.82256,47.4715,-54.82315
36.078044,-79.008938,10,0.32,172,7.61,2585803,7.61,7.61097,-2.86421,5.55554,0.09194,-0.00855,0.0336,68.00643,46.68225,-53.53698
36.078041,-79.008942,10,0.64,172.5,7.64,2586803,7.64,7.63669,-2.87139,5.52802,0.04856,-0.03207,0.05666,69.62876,46.17071,-51.34464
36.078036,-79.008942,10,0.7,172.4,7.56,2587803,7.56,7.56311,-2.86062,5.56271,0.08384,0.0084,0.03604,70.82725,46.12686,-48.30459
36.078034,-79.008943,10,0.13,172,7.64,2588803,7.64,7.6361,-2.87677,5.56212,0.05009,-0.06399,0.05101,72.72727,45.38147,-48.2169
36.078028,-79.008943,10,0.35,171.6,7.65,2589803,7.65,7.65045,-2.86899,5.47717,0.07468,0.01466,0.05666,73.95498,44.03683,-45.38147
36.078022,-79.008945,10,0.71,171.5,7.63,2590803,7.63,7.62952,-2.84267,5.53639,0.07391,-0.02825,0.02703,76.1181,42.34142,-43.71529
36.07802,-79.008946,10,0.37,171.8,7.62,2591803,7.62,7.61994,-2.8337,5.4993,0.05803,0.00305,0.06078,77.03888,40.45601,-42.6922
36.078018,-79.008947,10,0.12,171.6,7.63,2592803,7.63,7.62712,-2.84866,5.55853,0.07407,-0.02337,0.02199,77.60889,39.6083,-41.27448
36.078018,-79.008949,10,0.31,172,7.6,2593803,7.6,7.602,-2.88574,5.49691,0.05742,0.01436,0.05986,78.89507,37.56212,-39.11137
36.078018,-79.008952,10,0.48,171.8,7.63,2594803,7.63,7.62892,-2.86002,5.51067,0.05345,-0.01237,0.0252,80.16662,36.4221,-40.22216
36.078023,-79.008951,10,0.85,172.2,7.66,2595803,7.66,7.65703,-2.82832,5.53759,0.04261,-0.00779,0.02932,80.97047,34.71207,-38.65829
36.078021,-79.008953,10,0.82,172.7,7.62,2596803,7.62,7.61635,-2.85583,5.57348,0.06017,0.02107,0.02611,81.0874,32.44665,-39.31599
36.078023,-79.008952,10,0.23,172.5,7.66,2597803,7.66,7.65763,-2.82652,5.52383,0.0504,-0.05467,0.00061,81.89127,30.8974,-38.2052
36.078024,-79.008948,10,0.31,172,7.63,2598803,7.63,7.6343,-2.86541,5.5005,0.03421,0.02321,0.04872,82.32973,29.37737,-38.77521
36.078026,-79.008943,10,0.15,171.2,7.65,2599803,7.65,7.64627,-2.85404,5.51306,0.04719,-0.01237,0.0055,82.65127,28.19351,-38.38059
36.078028,-79.008942,10,0.05,171.5,7.63,2600803,7.63,7.63131,-2.85344,5.55255,0.042,0.01939,0.03512,84.15668,26.51271,-38.13213
36.078029,-79.008937,10,0.3,172.4,7.63,2601803,7.63,7.63251,-2.84566,5.54955,0.03375,-0.02718,0.0197,83.8936,24.34961,-38.52674
36.078029,-79.008934,10,0.16,173,7.63,2602803,7.63,7.6343,-2.84447,5.52263,0.0339,0.00809,0.01802,84.56591,22.99035,-38.10289
36.078028,-79.008935,10,0.6,173.3,7.64,2603803,7.64,7.64028,-2.85224,5.53879,0.031,-0.00214,0.0223,84.75592,21.55802,-37.41596
36.078026,-79.008936,9,0.28,174,7.62,2604803,7.62,7.61935,-2.87019,5.53161,0.02474,0.02505,0.0339,85.48669,20.16954,-39.73984
36.078024,-79.008938,9,0.2,174.2,7.64,2605803,7.64,7.64268,-2.8343,5.56989,0.0336,-0.03314,-0.01023,85.39901,19.27799,-39.6083
36.078025,-79.008938,9,0.23,174.9,7.63,2606803,7.63,7.62832,-2.87976,5.38026,0.01604,0.04551,0.04856,85.42824,17.56796,-39.98831
36.078021,-79.008939,9,0.49,175.3,7.58,2607803,7.58,7.57568,-2.85763,5.61835,0.01283,-0.00932,0.00702,84.97515,16.96872,-39.87138
36.078018,-79.008941,9,0.29,175.8,7.66,2608803,7.66,7.66062,-2.82473,5.51247,0.02596,0.01145,-0.00901,85.64747,15.93102,-39.84215
36.078014,-79.008941,10,0.66,176,7.6,2609803,7.6,7.59602,-2.87378,5.57528,-0.01115,0.03406,0.04475,84.79977,16.20871,-40.58755
36.07801,-79.008943,10,0.6,175.6,7.61,2610803,7.61,7.61277,-2.83968,5.49392,0.02932,-0.00641,-0.04337,84.87284,15.05408,-41.31833
36.07801,-79.008946,10,0.75,175.6,7.64,2611803,7.64,7.6361,-2.81097,5.50828,-0.00596,0.02596,0.02535,84.75592,14.5133,-41.37679
36.078007,-79.00895,10,0.29,174.9,7.63,2612803,7.63,7.62892,-2.91147,5.49272,-0.00519,-0.00458,-0.00519,84.43438,14.82023,-40.68986
36.078007,-79.008954,10,0.58,174.2,7.59,2613803,7.59,7.58944,-2.82592,5.5346,0.0029,0.02291,-0.0084,84.90208,12.90558,-40.04677
36.078008,-79.008961,10,1.1,173.6,7.62,2614803,7.62,7.61635,-2.8684,5.53041,-0.01436,-0.00489,0.00199,85.019,14.10406,-40.33908
36.078006,-79.008965,10,0.35,173.4,7.66,2615803,7.66,7.66182,-2.84267,5.5352,0.00489,0.01848,-0.02413,85.12131,13.34405,-40.92371
36.078005,-79.00897,10,0.14,172.9,7.65,2616803,7.65,7.64686,-2.88215,5.54297,-0.02184,0.00244,0.00794,84.77054,13.3879,-41.0114
36.078001,-79.008972,10,0.12,172.9,7.63,2617803,7.63,7.6337,-2.84267,5.49332,-0.00641,0.02214,-0.0171,85.25285,13.13943,-41.63987
36.077996,-79.008972,10,0.1,173,7.64,2618803,7.64,7.63909,-2.82891,5.54537,-0.02275,0,-0.00901,85.50131,13.16866,-41.15755
36.077993,-79.008972,10,0.35,172.8,7.64,2619803,7.64,7.63909,-2.86421,5.55255,-0.01145,0.02611,-0.01054,84.77054,13.24174,-41.78603
36.077989,-79.00897,10,0.13,173.1,7.63,2620803,7.63,7.62832,-2.85703,5.53699,-0.0226,0.00305,-0.01863,85.32593,13.81175,-42.45835
36.077983,-79.008966,10,0.75,173,7.65,2621803,7.65,7.64686,-2.8678,5.49332,-0.01802,0.02566,-0.02214,84.82899,13.08097,-41.82988
36.077978,-79.008968,10,0.71,171.9,7.6,2622803,7.6,7.6008,-2.84806,5.50828,-0.02734,0.0197,-0.00962,85.47208,13.49021,-42.77989
36.077973,-79.008966,10,0.48,171.9,7.63,2623803,7.63,7.62892,-2.88574,5.55853,-0.01313,0.02199,-0.03696,84.56591,13.87021,-41.17217
36.077968,-79.008962,10,0.33,172.3,7.62,2624803,7.62,7.62174,-2.84626,5.5675,-0.0336,0.02245,-0.00993,85.15054,13.40251,-42.32681
36.077965,-79.008959,10,0.24,172.8,7.65,2625803,7.65,7.64985,-2.87857,5.52084,-0.02352,0.02092,-0.02306,85.57439,14.83484,-41.37679
36.077957,-79.008957,10,0.92,172.4,7.63,2626803,7.63,7.62652,-2.81815,5.52921,-0.02321,0.01573,-0.02795,85.23824,14.71792,-41.69833
36.077953,-79.008959,10,0.24,171.5,7.63,2627803,7.63,7.62533,-2.85823,5.47777,-0.04383,0.02688,-0.00137,84.85823,15.11254,-40.83601
36.077949,-79.008957,10,0.39,171.5,7.6,2628803,7.6,7.6008,-2.84626,5.50289,-0.02535,0.0226,-0.03161,85.31131,15.65332,-40.95294
36.077946,-79.008954,9,0.24,171.3,7.63,2629803,7.63,7.62952,-2.85045,5.5017,-0.0336,0.01542,-0.02138,84.7413,15.77024,-40.6314
36.07794,-79.008953,9,0.48,170.7,7.61,2630803,7.61,7.60918,-2.87199,5.52204,-0.03085,0.02718,-0.02352,85.07746,16.72026,-40.80678
36.077936,-79.008953,9,1.02,171.4,7.63,2631803,7.63,7.63071,-2.84208,5.51964,-0.03711,0.00183,-0.02932,85.04823,16.66179,-39.71061
36.077936,-79.008955,9,0.38,171.5,7.62,2632803,7.62,7.62413,-2.88156,5.47597,-0.03054,0.02871,-0.02581,84.87284,17.56796,-40.51447
36.077931,-79.008959,9,0.3,170.3,7.62,2633803,7.62,7.62114,-2.85165,5.55374,-0.03009,0.01206,-0.03894,84.9313,17.72873,-40.266
36.07793,-79.00896,10,0.39,170.1,7.63,2634803,7.63,7.63191,-2.85165,5.52981,-0.04307,0.02779,-0.0084,84.53668,18.73721,-39.84215
36.077928,-79.008963,10,0.28,169.1,7.6,2635803,7.6,7.60319,-2.84327,5.52862,-0.03283,0.03253,-0.02963,84.96054,19.2926,-40.33908
36.077927,-79.008964,10,0.35,169.2,7.62,2636803,7.62,7.61576,-2.85344,5.52921,-0.04444,0.01848,-0.01665,85.00439,19.42414,-39.40368
36.077926,-79.008963,10,0.53,169.5,7.61,2637803,7.61,7.60858,-2.86301,5.51007,-0.03726,0.0226,-0.03314,84.75592,20.05262,-39.4183
36.077924,-79.008964,10,0.46,169.8,7.64,2638803,7.64,7.63669,-2.84507,5.49213,-0.04933,0.02016,-0.01955,85.12131,21.42648,-39.12599
36.07792,-79.008958,10,0.81,170.2,7.62,2639803,7.62,7.62353,-2.84866,5.52503,-0.0391,0.02611,-0.04505,84.28822,21.67495,-38.49752
36.077919,-79.008956,10,0.33,170,7.63,2640803,7.63,7.62652,-2.82652,5.54716,-0.05131,0.01512,-0.02932,84.18591,23.04882,-39.3306
36.077919,-79.008954,10,0.39,169.7,7.61,2641803,7.61,7.61336,-2.8678,5.47597,-0.05956,0.02275,-0.00932,84.06898,24.05729,-38.36597
36.077922,-79.008954,10,0.23,169.9,7.6,2642803,7.6,7.60319,-2.84806,5.54477,-0.03589,0.02474,-0.0452,84.09822,24.37884,-39.03829
36.077921,-79.008953,10,0.35,169.9,7.62,2643803,7.62,7.62353,-2.84985,5.52563,-0.05101,0.02367,-0.02169,83.87898,25.21193,-38.42444
36.077922,-79.008956,10,0.43,169.7,7.65,2644803,7.65,7.64507,-2.85284,5.56032,-0.05162,0.02046,-0.04078,84.24437,25.95732,-38.13213
36.077923,-79.008957,10,0.26,169.4,7.63,2645803,7.63,7.63011,-2.83908,5.55075,-0.04933,0.0336,-0.03161,83.49898,26.86349,-39.03829
36.077923,-79.008952,10,0.35,168.1,7.63,2646803,7.63,7.63131,-2.86899,5.55494,-0.05681,0.01741,-0.02001,83.25051,27.87197,-39.66676
36.077924,-79.008952,10,0.59,168,7.62,2647803,7.62,7.61516,-2.85165,5.57528,-0.04979,0.04612,-0.03772,83.20667,28.85121,-38.80444
36.077923,-79.008952,10,0.2,168.1,7.61,2648803,7.61,7.60798,-2.86002,5.55972,-0.06796,0.01863,-0.02917,82.89973,29.69892,-38.35136
36.077923,-79.00895,10,0.21,168.2,7.63,2649803,7.63,7.6331,-2.85045,5.54238,-0.05299,0.04307,-0.0533,82.03741,31.35048,-38.46828
36.077925,-79.008949,10,0.21,168.2,7.6,2650803,7.6,7.6008,-2.85224,5.52921,-0.06506,0.02886,-0.02978,81.65741,32.38819,-39.19906
36.077926,-79.008948,10,0.06,168,7.61,2651803,7.61,7.60618,-2.81755,5.54118,-0.05498,0.02153,-0.05116,81.24817,33.60129,-39.44753
36.077928,-79.008943,10,0.28,168.2,7.61,2652803,7.61,7.60977,-2.84327,5.52742,-0.07193,0.03879,-0.02382,80.13738,34.85823,-39.97369
36.077933,-79.008943,10,0.31,168.8,7.64,2653803,7.64,7.63968,-2.84088,5.49811,-0.06674,0.04062,-0.05513,80.09354,36.21748,-40.71909
36.077935,-79.008943,10,0.36,169.2,7.6,2654803,7.6,7.59781,-2.83908,5.56451,-0.07071,0.05116,-0.0449,79.0266,37.29903,-41.88834
36.077936,-79.008941,10,0.26,169.5,7.63,2655803,7.63,7.62772,-2.85045,5.52204,-0.07223,0.02566,-0.06032,78.23736,38.83368,-42.10757
36.077938,-79.008937,10,0.2,169.5,7.6,2656803,7.6,7.59542,-2.87677,5.52503,-0.08002,0.04902,-0.0368,77.37504,39.79831,-42.56065
36.077936,-79.008928,10,0.28,168.4,7.6,2657803,7.6,7.59602,-2.87199,5.53101,-0.07239,0.01772,-0.06292,76.51272,41.21602,-43.80298
36.077938,-79.008929,10,0.32,167.9,7.65,2658803,7.65,7.65464,-2.83549,5.50947,-0.0701,0.03833,-0.05208,75.25578,42.72143,-43.91991
36.077937,-79.00893,10,0.28,168.3,7.63,2659803,7.63,7.62533,-2.85763,5.55075,-0.08201,0.04169,-0.04719,74.42268,43.42298,-46.40456
36.077936,-79.008927,10,0.6,169.1,7.67,2660803,7.67,7.669,-2.88156,5.51247,-0.07727,0.02978,-0.07193,73.28266,44.48991,-46.97457
36.077935,-79.008925,10,0.36,169.3,7.63,2661803,7.63,7.62533,-2.84208,5.57348,-0.0872,0.05498,-0.06093,72.17188,45.26454,-47.64688
36.077936,-79.008928,10,0.31,169.8,7.58,2662803,7.58,7.58226,-2.84447,5.52084,-0.09957,0.01863,-0.06139,71.33879,45.98071,-49.21076
36.077939,-79.008928,10,0.46,169.9,7.64,2663803,7.64,7.64148,-2.86361,5.55135,-0.10308,0.06032,-0.04688,70.41801,47.41304,-51.06694
36.07794,-79.008929,10,0.18,170.1,7.63,2664803,7.63,7.6331,-2.86899,5.5675,-0.0927,0.0365,-0.0846,69.1026,47.44227,-53.28851
36.077937,-79.008931,10,0.12,170.4,7.63,2665803,7.63,7.62892,-2.82473,5.48315,-0.09575,0.04215,-0.07437,68.12336,46.94534,-54.70623
36.077936,-79.008932,10,0.08,170.9,7.62,2666803,7.62,7.62353,-2.86481,5.51665,-0.10385,0.06154,-0.05391,66.61795,47.13534,-58.06782
36.077934,-79.008934,10,0.44,171.1,7.63,2667803,7.63,7.62832,-2.82951,5.50349,-0.09804,0.02627,-0.08155,65.37562,46.97457,-58.90091
36.077932,-79.008938,10,0.37,170.9,7.61,2668803,7.61,7.61157,-2.83789,5.52622,-0.10828,0.06231,-0.0507,64.27945,46.00994,-60.49401
36.077931,-79.008943,10,0.4,170.5,7.62,2669803,7.62,7.61516,-2.84267,5.52742,-0.09988,0.0368,-0.06445,63.73867,44.53376,-62.74482
36.07793,-79.008947,10,0.59,170.2,7.63,2670803,7.63,7.63071,-2.83131,5.53879,-0.09239,0.03558,-0.06796,63.00789,43.75914,-64.17715
36.077929,-79.008952,10,0.59,169.7,7.6,2671803,7.6,7.6014,-2.87378,5.55913,-0.09636,0.04597,-0.04963,62.23326,42.58989,-66.15025
36.077929,-79.008955,10,0.22,170.1,7.62,2672803,7.62,7.62114,-2.85045,5.53819,-0.07422,0.03085,-0.07117,61.99942,41.09909,-67.52412
36.077928,-79.008957,10,0.28,169.7,7.63,2673803,7.63,7.63191,-2.83669,5.52862,-0.08613,0.05849,-0.0368,61.97018,39.92985,-68.45952
36.077925,-79.008959,9,0.31,169.1,7.61,2674803,7.61,7.61277,-2.86541,5.53221,-0.07804,0.01787,-0.0649,61.10786,38.80444,-68.64952
36.077926,-79.008963,10,0.52,168.4,7.63,2675803,7.63,7.63011,-2.84686,5.53041,-0.07911,0.05315,-0.0452,61.99942,37.00673,-69.64338
36.077926,-79.008964,9,0.38,167.7,7.62,2676803,7.62,7.61935,-2.87737,5.59562,-0.0759,0.03329,-0.05742,61.37094,35.50132,-70.98801
36.077927,-79.008967,10,0.3,167.6,7.62,2677803,7.62,7.62413,-2.83011,5.53041,-0.07117,0.04749,-0.0504,61.66326,33.74744,-71.74802
36.077922,-79.008972,10,0.15,167.7,7.62,2678803,7.62,7.61994,-2.86122,5.55135,-0.08781,0.04429,-0.02413,60.97632,32.75358,-72.63958
36.077916,-79.008974,10,0.24,169.4,7.61,2679803,7.61,7.60559,-2.88275,5.54058,-0.06796,0.03375,-0.06261,61.31248,30.88278,-72.69804
36.077909,-79.008973,10,1.2,169,7.65,2680803,7.65,7.64866,-2.83789,5.52862,-0.0733,0.0507,-0.0339,61.99942,29.962,-72.88805
36.077903,-79.008974,10,0.15,169.1,7.65,2681803,7.65,7.65045,-2.866,5.58305,-0.06872,0.0142,-0.05437,61.83865,28.32505,-73.53114
36.077901,-79.008977,10,0.26,169,7.64,2682803,7.64,7.64088,-2.82233,5.5346,-0.06964,0.03054,-0.04123,62.07249,26.55656,-72.91727
36.077897,-79.008981,10,0.24,169.1,7.63,2683803,7.63,7.63071,-2.87019,5.53699,-0.0701,0.04215,-0.03451,62.21865,25.29962,-74.01345
36.077897,-79.008984,10,0.39,170.3,7.61,2684803,7.61,7.61097,-2.8684,5.37428,-0.06185,0.0113,-0.06338,62.97866,23.6919,-74.13037
36.077895,-79.008987,10,0.47,171,7.66,2685803,7.66,7.65943,-2.84866,5.534,-0.07315,0.03864,-0.04032,63.9579,22.61035,-73.09267
36.077894,-79.008989,9,0.12,171.1,7.63,2686803,7.63,7.62652,-2.85224,5.55195,-0.06597,0.03711,-0.05116,64.17715,20.60801,-74.23268
36.077892,-79.008993,9,0.28,172,7.62,2687803,7.62,7.62234,-2.85105,5.51426,-0.06826,0.04444,-0.04902,64.26483,19.83338,-72.0988
36.07789,-79.008996,9,0.09,173.2,7.61,2688803,7.61,7.60738,-2.86182,5.56152,-0.0785,0.04597,-0.03894,64.64484,18.12336,-72.2888
36.07789,-79.009004,9,0.71,173.2,7.66,2689803,7.66,7.65883,-2.85284,5.47777,-0.07911,0.01985,-0.05162,65.37562,16.45718,-72.01111
36.077892,-79.009005,9,0.23,174.4,7.62,2690803,7.62,7.62473,-2.84866,5.53101,-0.07193,0.05666,-0.04811,66.50102,15.02485,-72.01111
36.077889,-79.009005,8,0.2,174.4,7.65,2691803,7.65,7.65165,-2.866,5.51546,-0.08796,0.00748,-0.05009,67.36334,13.21251,-71.39725
36.077888,-79.009007,8,0.47,174.9,7.62,2692803,7.62,7.62353,-2.86301,5.5352,-0.07575,0.05513,-0.0507,68.51797,11.53172,-70.73955
36.077881,-79.009002,8,1.84,174.7,7.61,2693803,7.61,7.60858,-2.87916,5.54836,-0.08995,0.01252,-0.04948,69.32184,10.91786,-70.53493
36.077877,-79.008998,8,0.83,174.2,7.64,2694803,7.64,7.64028,-2.86421,5.51426,-0.07559,0.04444,-0.06735,70.3157,9.57322,-69.14645
36.077878,-79.008998,9,0.28,174.9,7.61,2695803,7.61,7.60618,-2.83729,5.57887,-0.09194,0.04429,-0.04352,70.66647,7.79012,-68.19643
36.077878,-79.008998,9,0.46,174.5,7.63,2696803,7.63,7.62772,-2.8666,5.50768,-0.08491,0.02382,-0.0646,72.52265,6.98626,-67.12949
36.077877,-79.008999,10,0.55,173.9,7.63,2697803,7.63,7.62533,-2.83609,5.56511,-0.09056,0.05559,-0.04734,73.00497,5.55393,-65.8287
36.077877,-79.009003,10,0.37,173.9,7.61,2698803,7.61,7.61277,-2.89232,5.51366,-0.08842,0.02703,-0.06154,74.65653,5.08623,-64.19176
36.077873,-79.009,10,0.72,174.3,7.63,2699803,7.63,7.62712,-2.85464,5.5669,-0.08354,0.05971,-0.05849,75.29962,4.76469,-63.56329
36.077874,-79.009,10,0.28,174.7,7.59,2700803,7.59,7.59003,-2.87139,5.54357,-0.09835,0.02413,-0.0675,76.6881,4.06314,-61.35633
36.077869,-79.008997,10,0.45,174.5,7.64,2701803,7.64,7.64028,-2.85524,5.53998,-0.09865,0.04688,-0.06674,78.06197,3.59544,-59.48553
36.077871,-79.009,10,0.52,174.9,7.63,2702803,7.63,7.62533,-2.85045,5.54178,-0.10293,0.04291,-0.06017,79.50891,3.7416,-57.76089
36.077868,-79.009005,10,0.59,175.3,7.63,2703803,7.63,7.62712,-2.86421,5.66561,-0.10431,0.03604,-0.07926,80.44431,3.58082,-55.10085
36.077865,-79.00901,10,0.81,175.6,7.63,2704803,7.63,7.62652,-2.84746,5.52862,-0.10629,0.05406,-0.06185,81.99357,4.13622,-53.53698
36.077863,-79.009015,10,0.51,175.3,7.6,2705803,7.6,7.60319,-2.89173,5.51306,-0.09652,0.0478,-0.08644,82.00819,4.50161,-51.50541
36.07786,-79.009021,10,0.18,174.8,7.64,2706803,7.64,7.63968,-2.82473,5.52862,-0.11057,0.0507,-0.05742,82.8559,5.15931,-49.97077
36.077857,-79.009024,10,0.35,174.6,7.61,2707803,7.61,7.61396,-2.86241,5.52084,-0.10507,0.03574,-0.08292,84.18591,7.41011,-47.76381
36.077852,-79.009033,10,0.25,174.1,7.63,2708803,7.63,7.6337,-2.84327,5.54357,-0.11255,0.05528,-0.0646,85.07746,8.02397,-46.56533
36.077854,-79.009033,10,0.58,174.3,7.63,2709803,7.63,7.62533,-2.86481,5.57229,-0.10797,0.04093,-0.08338,85.23824,10.02631,-44.21222
36.077856,-79.009037,10,0.66,175,7.59,2710803,7.59,7.58525,-2.85045,5.53161,-0.11209,0.05605,-0.06597,85.54517,12.20403,-42.6045
36.077855,-79.009037,10,0.2,174.7,7.63,2711803,7.63,7.62652,-2.87079,5.4999,-0.11133,0.04536,-0.0675,85.44286,14.16253,-41.78603
36.077854,-79.009045,10,1.48,173,7.63,2712803,7.63,7.63071,-2.83729,5.55434,-0.10644,0.04597,-0.08231,85.55978,16.83718,-40.00293
36.077852,-79.009046,10,0.33,171.9,7.63,2713803,7.63,7.63251,-2.87617,5.51905,-0.1153,0.042,-0.06888,85.54517,19.68723,-38.61444
36.077853,-79.009045,10,0.22,171.7,7.63,2714803,7.63,7.63071,-2.84806,5.55913,-0.10553,0.05864,-0.07117,85.09208,21.77726,-39.15522
36.077855,-79.00904,10,0.36,171.9,7.66,2715803,7.66,7.65823,-2.84088,5.51247,-0.11286,0.02734,-0.06506,84.40514,24.01345,-38.55598
36.077857,-79.009036,10,0.36,170.1,7.63,2716803,7.63,7.6337,-2.8349,5.55673,-0.0956,0.0591,-0.06704,83.74744,26.58579,-38.14674
36.07786,-79.009034,10,0.72,168.3,7.64,2717803,7.64,7.64028,-2.83849,5.54896,-0.09606,0.03146,-0.06994,83.7036,28.25197,-37.66442
36.077866,-79.009032,10,0.2,167.6,7.65,2718803,7.65,7.64866,-2.84148,5.5328,-0.08796,0.05315,-0.04536,82.59281,30.57585,-38.23443
36.077873,-79.00903,10,0.15,167.2,7.63,2719803,7.63,7.6331,-2.83191,5.57348,-0.07285,0.0252,-0.06903,82.06665,33.06051,-38.04443
36.077877,-79.009032,10,0.36,166.9,7.64,2720803,7.64,7.64208,-2.85942,5.49332,-0.08659,0.03787,-0.0223,81.14587,34.14207,-39.54984
36.077879,-79.00903,10,0.25,166.6,7.64,2721803,7.64,7.64268,-2.85703,5.49871,-0.03589,0.02779,-0.03833,80.91201,34.78515,-38.52674
36.077885,-79.009032,10,0.08,166.2,7.64,2722803,7.64,7.63849,-2.85464,5.66202,-0.03207,0.01344,-0.02184,80.06431,35.92517,-39.75446
36.077887,-79.009032,10,0.29,166.7,7.64,2723803,7.64,7.6361,-2.84208,5.48435,-0.00993,0.02764,0.00428,80.41508,36.27594,-39.35984
36.077882,-79.00903,10,1.06,166.5,7.61,2724803,7.61,7.60977,-2.85344,5.56032,-0.00122,0.01512,0.01283,80.19585,35.17977,-39.79831
36.077876,-79.009028,10,1.16,166,7.62,2725803,7.62,7.62114,-2.87378,5.54836,0.02718,-0.01038,-0.00779,80.98509,34.88746,-39.696
36.077873,-79.009029,10,0.66,165.7,7.65,2726803,7.65,7.65344,-2.85344,5.49512,0.00199,0.00702,0.04826,81.68664,34.27361,-38.83368
36.077874,-79.009035,10,0.26,165.6,7.62,2727803,7.62,7.61516,-2.84686,5.54716,0.04963,0.01054,-0.00305,81.74511,32.85589,-38.77521
36.077873,-79.009036,10,0.49,166,7.63,2728803,7.63,7.62712,-2.8678,5.53879,0.0142,-0.03039,0.03833,82.41742,31.29202,-38.59982
36.077874,-79.009035,10,0.15,166,7.64,2729803,7.64,7.6361,-2.88215,5.5011,0.05788,0.02474,0.00351,82.8559,29.64046,-37.56212
36.077874,-79.009035,10,0.21,165.6,7.64,2730803,7.64,7.63909,-2.82473,5.53221,0.02046,-0.01604,0.02077,83.4259,28.25197,-37.00673
36.077872,-79.009035,10,0.05,165.6,7.64,2731803,7.64,7.63729,-2.91446,5.5011,0.01894,0.00504,0.00809,83.6159,27.52119,-37.6352
36.077869,-79.009032,10,0.08,165.5,7.62,2732803,7.62,7.62473,-2.85643,5.5681,-0.00092,0.00443,0.04246,84.82899,26.70272,-38.71675
36.077866,-79.00903,10,0.33,166,7.61,2733803,7.61,7.61396,-2.86122,5.50708,0.0536,-0.00183,-0.00336,84.60976,25.22654,-37.15288
36.077866,-79.009031,10,0.31,166.3,7.66,2734803,7.66,7.66122,-2.8002,5.55314,0.04749,-0.01038,0.04811,85.09208,23.60421,-37.19672
36.077863,-79.00903,10,0.64,166.9,7.62,2735803,7.62,7.62353,-2.82652,5.52144,0.05941,0.0142,0.05009,85.23824,20.79801,-38.0152
36.077862,-79.009032,10,0.33,167.7,7.62,2736803,7.62,7.61576,-2.8666,5.63929,0.04047,-0.03421,0.03039,85.6767,19.49722,-38.65829
36.077858,-79.00903,10,0.41,168.3,7.63,2737803,7.63,7.62832,-2.8331,5.48914,0.07437,0.0226,0.0449,86.01286,17.87489,-39.37445
36.077854,-79.009023,10,0.74,168.7,7.63,2738803,7.63,7.62772,-2.83191,5.52443,0.03146,-0.03329,0.05483,86.05671,15.30254,-39.40368
36.077851,-79.009019,10,0.81,168.6,7.63,2739803,7.63,7.63011,-2.79362,5.50349,0.07773,0.01588,0.02627,85.85209,13.24174,-40.76294
36.077851,-79.009016,9,0.3,168,7.61,2740803,7.61,7.61217,-2.87916,5.60519,1.05603,-0.23366,0.73319,80.13738,4.04852,-55.68547
36.077851,-79.009016,10,0.36,168.1,7.62,2741803,7.62,7.61635,-2.88933,5.55434,0.83353,-0.3401,0.51358,65.97486,16.31102,-71.74802
36.077849,-79.009019,10,0.76,167.9,7.64,2742803,7.64,7.64028,-2.802,5.57109,0.69012,-0.17043,0.49923,61.45863,36.90441,-70.37416
36.07785,-79.009021,10,0.54,168.6,7.58,2743803,7.58,7.58345,-2.91027,5.49811,0.60659,-0.22251,0.37461,66.36948,46.65303,-57.61473
36.077849,-79.009023,10,0.41,168.5,7.67,2744803,7.67,7.6672,-2.81336,5.51845,0.53023,-0.14355,0.41218,74.905,42.82373,-43.84683
36.077849,-79.009019,10,0.51,167.7,7.62,2745803,7.62,7.62054,-2.88754,5.52204,0.50671,-0.19609,0.31292,82.24203,30.85355,-37.95674
36.077847,-79.00902,10,0.64,167.3,7.64,2746803,7.64,7.63909,-2.81336,5.54955,0.48319,-0.14157,0.29245,86.26133,16.93949,-39.00906
36.077845,-79.009022,10,0.53,167.5,7.65,2747803,7.65,7.64627,-2.86541,5.5328,0.42623,-0.15882,0.33659,84.44899,6.98626,-47.14996
36.077844,-79.00902,10,0.18,167.3,7.62,2748803,7.62,7.62054,-2.89053,5.55972,0.44776,-0.1179,0.25336,78.95352,3.37621,-57.13242
36.077846,-79.009023,10,0.38,166.2,7.62,2749803,7.62,7.62054,-2.85583,5.54537,0.38744,-0.14004,0.30223,72.14265,6.95703,-66.36948
36.07784,-79.009024,10,0.36,165.4,7.63,2750803,7.63,7.62772,-2.84985,5.51785,0.4134,-0.10385,0.22022,66.03333,14.48407,-72.17188
36.077836,-79.009026,10,0.48,165.7,7.62,2751803,7.62,7.61516,-2.85404,5.54836,0.32651,-0.13149,0.2584,62.32096,25.06577,-73.15112
36.077832,-79.009032,10,0.47,166,7.68,2752803,7.68,7.67797,-2.88096,5.54297,0.33384,-0.1069,0.19746,60.74247,34.71207,-70.87109
36.077828,-79.009035,10,0.81,165.8,7.59,2753803,7.59,7.58644,-2.84507,5.56152,0.30604,-0.08369,0.20388,61.54633,42.25373,-65.87255
36.077825,-79.009037,10,0.41,165.5,7.63,2754803,7.63,7.62832,-2.88275,5.53879,0.27794,-0.12217,0.19517,64.82023,46.19994,-58.66706
36.077824,-79.009043,10,0.36,165.6,7.59,2755803,7.59,7.59482,-2.84566,5.56092,0.2781,-0.05208,0.1828,69.16106,46.19994,-52.13388
36.077822,-79.009045,10,0.33,165.5,7.63,2756803,7.63,7.62712,-2.8343,5.52323,0.25931,-0.08338,0.1631,72.97574,44.06606,-45.90763
36.077823,-79.009045,10,0.26,164.8,7.65,2757803,7.65,7.64926,-2.87378,5.50888,0.23488,-0.05284,0.20021,77.81351,39.84215,-40.96755
36.077821,-79.009042,10,0.54,164.7,7.6,2758803,7.6,7.6014,-2.84387,5.54716,0.25687,-0.07941,0.12981,81.10202,33.70359,-38.96522
36.07782,-79.00904,9,0.22,164,7.61,2759803,7.61,7.60977,-2.84387,5.52622,0.22174,-0.04337,0.17517,83.74744,26.90734,-37.37211
36.077823,-79.00904,9,0.23,163.5,7.62,2760803,7.62,7.61576,-2.82712,5.57887,0.23366,-0.06063,0.13134,85.12131,19.86261,-38.62906
36.077824,-79.00904,9,0.54,163.4,7.62,2761803,7.62,7.62413,-2.86002,5.49213,0.20357,-0.07575,0.13103,85.57439,13.82637,-40.44139
36.077824,-79.009042,9,0.37,162.7,7.63,2762803,7.63,7.62772,-2.85404,5.50828,0.19639,-0.03222,0.12859,85.55978,9.38322,-43.59836
36.077824,-79.009043,9,0.14,162.5,7.59,2763803,7.59,7.59422,-2.83549,5.5687,0.1715,-0.07544,0.12874,83.60129,6.22625,-47.92458
36.07782,-79.009039,9,0.64,162.2,7.64,2764803,7.64,7.63849,-2.84208,5.52921,0.1744,-0.03451,0.10308,81.80357,3.81467,-51.46156
36.077817,-79.009033,9,0.43,162.5,7.59,2765803,7.59,7.59422,-2.87976,5.53699,0.15104,-0.04597,0.12859,79.59661,3.14236,-56.37241
36.077814,-79.009031,9,0.77,161.7,7.59,2766803,7.59,7.59183,-2.8672,5.56511,0.18127,-0.04597,0.06017,76.74657,3.12774,-58.81321
36.077816,-79.009035,9,0.26,161.6,7.62,2767803,7.62,7.61635,-2.7996,5.55075,0.13011,-0.0391,0.12202,74.32037,5.3347,-62.80328
36.077817,-79.009036,9,0.23,162.1,7.59,2768803,7.59,7.58884,-2.90249,5.534,0.14325,-0.03543,0.08323,71.74802,8.14089,-66.72026
36.077818,-79.009037,9,0.21,162.6,7.64,2769803,7.64,7.64447,-2.85643,5.53101,0.12065,-0.03543,0.10675,69.55569,9.77784,-69.58492
36.077815,-79.009038,9,1.09,162.4,7.6,2770803,7.6,7.59901,-2.8666,5.52204,0.14523,-0.01481,0.08109,67.40719,14.06022,-71.54341
36.07781,-79.009037,9,0.79,162.6,7.61,2771803,7.61,7.60738,-2.80917,5.52742,0.11683,-0.05177,0.0869,65.20023,16.7641,-72.58112
36.077807,-79.009039,10,0.46,162.2,7.66,2772803,7.66,7.66122,-2.89651,5.52981,0.11729,-0.01741,0.09132,63.63636,20.62263,-73.07805
36.077807,-79.009041,10,1.31,162,7.65,2773803,7.65,7.65464,-2.85583,5.5663,0.11729,-0.00977,0.09209,62.51096,24.29114,-72.90266
36.077803,-79.009045,10,0.96,161.1,7.65,2774803,7.65,7.65225,-2.89173,5.51546,0.11316,-0.04246,0.07101,61.66326,27.47734,-72.17188
36.077802,-79.009046,9,0.51,160.4,7.61,2775803,7.61,7.60798,-2.8349,5.51187,0.12584,0.00229,0.07514,61.60479,31.67202,-71.77726
36.077794,-79.009046,9,0.46,161.4,7.63,2776803,7.63,7.6337,-2.85045,5.50469,0.11087,-0.07636,0.07743,61.34171,35.63285,-70.49109
36.077792,-79.009049,9,0.33,160.4,7.63,2777803,7.63,7.63011,-2.84327,5.53041,0.14187,0.01161,0.08369,61.5171,38.23443,-67.9772
36.07779,-79.009051,9,0.14,159.4,7.63,2778803,7.63,7.62952,-2.86182,5.52682,0.10996,-0.05651,0.09835,62.3648,41.12833,-66.13564
36.077789,-79.009055,9,0.62,158.7,7.62,2779803,7.62,7.61695,-2.85823,5.5328,0.15776,-0.01008,0.06246,63.1102,43.01374,-64.26483
36.07779,-79.009057,10,0.3,159.3,7.62,2780803,7.62,7.62054,-2.86481,5.55195,0.1295,-0.06567,0.1069,64.93715,44.76761,-60.55247
36.077788,-79.009058,10,0.62,160.2,7.62,2781803,7.62,7.62353,-2.85404,5.51964,0.16249,-0.00916,0.08858,67.30488,46.66764,-57.01549
36.077785,-79.009061,10,0.36,160.2,7.62,2782803,7.62,7.61755,-2.83609,5.5681,0.14661,-0.05788,0.10018,69.00029,46.55072,-52.98159
36.077782,-79.009063,10,0.37,160.9,7.63,2783803,7.63,7.6349,-2.83131,5.46999,0.15394,-0.03375,0.10125,71.39725,45.27916,-49.76615
36.077777,-79.009062,10,0.32,161.3,7.62,2784803,7.62,7.61755,-2.88036,5.5334,0.14233,-0.05574,0.10507,74.86115,43.17451,-45.19146
36.07777,-79.009058,10,0.46,162.4,7.63,2785803,7.63,7.6349,-2.82592,5.55853,0.15043,-0.04704,0.07193,77.22888,40.92371,-41.78603
36.077762,-79.009052,10,0.45,163,7.62,2786803,7.62,7.61695,-2.85464,5.56511,0.11332,-0.02627,0.11209,79.07045,38.00058,-39.90061
36.077757,-79.009048,10,0.92,163.3,7.63,2787803,7.63,7.62832,-2.88634,5.52862,0.12401,-0.0507,0.04734,80.23969,34.59515,-39.52061
36.077756,-79.009046,10,0.15,162.9,7.59,2788803,7.59,7.59362,-2.80558,5.52921,0.10446,-0.0139,0.08262,82.8559,30.88278,-38.7606
36.07775,-79.009043,10,0.86,162.5,7.63,2789803,7.63,7.63251,-2.8684,5.53699,0.0898,-0.03787,0.05651,83.57205,28.06197,-37.29903
36.077745,-79.009041,10,0.28,162,7.64,2790803,7.64,7.64327,-2.84387,5.58186,0.04001,-0.00183,0.05742,84.58054,24.89038,-37.78135
36.077741,-79.00904,10,0.64,161.8,7.6,2791803,7.6,7.5996,-2.87617,5.52084,0.06582,-0.05544,0.03558,85.06285,22.7565,-38.33675
36.077738,-79.009038,10,0.47,161.9,7.65,2792803,7.65,7.64507,-2.83849,5.51665,0.07666,0.03314,0.04994,85.53055,19.64338,-38.70213
36.077736,-79.009037,10,0.3,161.6,7.55,2793803,7.55,7.55474,-2.86062,5.57288,0.04093,-0.0478,0.05299,86.11517,18.67875,-39.15522
36.077733,-79.009032,10,0.82,162.1,7.62,2794803,7.62,7.61755,-2.84028,5.49512,0.06552,0.00809,0.02688,85.98363,16.12102,-40.51447
36.077732,-79.009034,10,0.43,161.6,7.62,2795803,7.62,7.61695,-2.85105,5.58963,0.04811,-0.00657,0.0423,86.24671,14.44022,-40.92371
36.077728,-79.00903,10,0.45,162.3,7.65,2796803,7.65,7.65105,-2.85165,5.54477,0.05284,-0.01023,0.02886,86.08594,13.49021,-41.56679
36.077726,-79.00903,10,0.35,161.6,7.6,2797803,7.6,7.602,-2.85464,5.57767,0.04429,-0.00015,0.07789,85.54517,11.91172,-42.6922
36.077725,-79.009033,10,0.58,161,7.6,2798803,7.6,7.6014,-2.84925,5.4993,0.04734,-0.02001,0.02321,85.55978,10.28939,-44.19761
36.077718,-79.009031,10,0.75,160.3,7.6,2799803,7.6,7.59602,-2.84088,5.53759,0.05101,0.01054,0.03344,85.63286,9.35399,-44.37299
36.07771,-79.009024,10,0.81,160.2,7.61,2800803,7.61,7.61456,-2.89292,5.52323,0.03696,-0.02153,0.03512,85.04823,7.76089,-46.82841
36.077703,-79.009022,10,0.36,159.5,7.61,2801803,7.61,7.61097,-2.84626,5.54238,0.05941,-0.0084,0.01665,84.77054,6.34317,-47.95382
36.077699,-79.009019,10,0.3,159.3,7.62,2802803,7.62,7.62353,-2.8666,5.51426,0.04062,0.00214,0.04612,83.65975,5.5247,-48.43613
36.077696,-79.009016,10,0.17,159.5,7.59,2803803,7.59,7.59362,-2.88096,5.51486,0.03955,0.00458,0.0281,83.10435,4.92546,-49.57615
36.077686,-79.009013,10,0.44,158.8,7.63,2804803,7.63,7.62892,-2.80738,5.54656,0.03161,-0.01436,0.00977,82.25665,4.16545,-51.18386
36.077683,-79.009012,10,0.35,159.4,7.65,2805803,7.65,7.64746,-2.89412,5.51785,0.0142,0.01359,0.04291,82.22742,4.37007,-52.20696
36.077685,-79.009013,10,0.36,159.9,7.6,2806803,7.6,7.59781,-2.83789,5.53998,0.03115,-0.00137,-0.00428,81.42356,4.1216,-53.71236
36.077683,-79.009016,10,0.55,159.8,7.65,2807803,7.65,7.65045,-2.89173,5.55554,-0.00031,-0.00641,0.03772,80.94125,3.43467,-53.58083
36.077679,-79.009018,10,0.55,159.9,7.62,2808803,7.62,7.62293,-2.85583,5.5346,0.0368,0.02031,-0.01512,80.16662,3.24467,-53.96083
36.077675,-79.009017,9,0.66,159.2,7.63,2809803,7.63,7.62772,-2.85823,5.53879,-0.00504,-0.01161,0.02459,80.00585,3.37621,-54.57469
36.077676,-79.009017,9,0.17,159.2,7.61,2810803,7.61,7.60678,-2.87318,5.53998,0.02474,0.00382,-0.02184,79.61122,3.25928,-56.06548
36.077677,-79.009019,9,0.31,158.8,7.65,2811803,7.65,7.65105,-2.82533,5.55015,-0.00183,0.01405,0.0281,79.07045,3.12774,-56.22625
36.077683,-79.009022,10,0.33,159.2,7.62,2812803,7.62,7.61695,-2.89591,5.55913,0.0055,0.00321,0.00031,79.14352,3.75621,-56.82549
36.07768,-79.00903,9,0.84,158.4,7.63,2813803,7.63,7.62772,-2.79362,5.57767,-0.04597,0.04016,0.07086,78.39812,3.25928,-57.16165
36.077684,-79.009037,9,0.43,159,7.62,2814803,7.62,7.62054,-2.89591,5.48136,0.01084,0.02107,-0.05299,79.18737,3.39082,-56.9278
36.077684,-79.00904,9,0.86,159.3,7.59,2815803,7.59,7.59063,-2.71466,5.56989,-0.02459,-0.01344,-0.00977,77.98889,2.13388,-58.09705
36.077682,-79.00904,9,0.59,158.8,7.57,2816803,7.57,7.5691,-2.95813,5.53759,-0.04673,-0.01588,0.01176,78.50043,3.58082,-57.1178
36.07768,-79.009037,9,0.64,158.8,7.62,2817803,7.62,7.62293,-2.76969,5.52383,0.01741,0.06994,-0.05055,78.96814,2.83543,-57.49781
36.077675,-79.009034,9,1.93,158.7,7.64,2818803,7.64,7.6355,-2.95514,5.54656,-0.07025,-0.01054,0.01298,79.07045,4.19468,-56.63549
36.077677,-79.009036,9,0.43,159,7.64,2819803,7.64,7.64028,-2.82832,5.55195,-0.02856,0.05513,-0.08735,80.07893,3.15697,-55.62701
36.077677,-79.009041,9,0.46,158.5,7.8,2820803,7.8,7.80479,-2.67398,5.40718,-0.32574,-0.22449,0.15608,81.01432,1.72464,-53.80006
36.077674,-79.009045,9,0.71,157.8,7.47,2821803,7.47,7.4674,-2.98385,5.53938,0.00107,0.25427,-0.17578,81.61356,5.61239,-53.12774
36.077669,-79.009047,9,0.71,157.1,7.56,2822803,7.56,7.55952,-2.8002,5.52443,-0.27993,-0.10553,0.00046,83.1482,5.65624,-49.94154
36.077667,-79.009052,10,0.29,156.8,7.68,2823803,7.68,7.67737,-2.95872,5.47298,-0.1098,0.15302,-0.21121,84.53668,8.15551,-45.36685
36.07766,-79.009056,10,0.64,156.1,7.53,2824803,7.53,7.53261,-2.69671,5.60279,-0.24984,0.02398,-0.07193,85.17977,10.75709,-43.37913
36.077657,-79.009061,10,0.76,156.4,7.6,2825803,7.6,7.60499,-2.93839,5.4682,-0.17119,0.13042,-0.15669,85.79362,15.22947,-40.42678
36.077647,-79.009061,10,0.97,156.5,7.62,2826803,7.62,7.61755,-2.78465,5.57528,-0.2671,0.00932,-0.13851,85.28208,20.21339,-38.61444
36.077644,-79.00906,10,0.66,156.3,7.67,2827803,7.67,7.67199,-2.94437,5.44965,-0.23992,0.13515,-0.14844,84.39053,26.65887,-37.62058
36.077644,-79.009056,10,0.51,156.2,7.61,2828803,7.61,7.61456,-2.79123,5.6674,-0.21594,0.08858,-0.21411,80.99971,32.85589,-39.16983
36.077645,-79.009057,10,0.52,155.9,7.66,2829803,7.66,7.66421,-2.91326,5.41615,-0.29825,0.02596,-0.06536,78.41275,38.17597,-40.48524
36.077642,-79.009061,10,1.14,156.7,7.62,2830803,7.62,7.61875,-2.82054,5.66919,-0.16554,0.11484,-0.23717,75.43116,42.35603,-45.89301
36.077639,-79.009066,10,1.02,156.9,7.66,2831803,7.66,7.66301,-2.80917,5.43111,-0.31154,0.0423,-0.08262,71.96726,44.48991,-48.39228
36.077643,-79.009072,10,0.83,157.1,7.58,2832803,7.58,7.57986,-2.91685,5.5663,-0.18189,0.219,-0.19838,68.18182,47.36919,-53.72698
36.077645,-79.009073,10,0.2,157.1,7.67,2833803,7.67,7.67259,-2.76491,5.49631,-0.26893,-0.0368,-0.1602,65.65332,45.55685,-58.57936
36.077642,-79.009076,9,1.15,157.8,7.58,2834803,7.58,7.58345,-2.93181,5.5346,-0.17547,0.23045,-0.0478,63.43175,44.37299,-62.59866
36.07764,-79.009076,10,0.52,157.9,7.58,2835803,7.58,7.57687,-2.75294,5.52563,-0.14768,-0.07193,-0.16616,62.71558,41.93218,-65.43409
36.077639,-79.009075,10,0.59,158.5,7.71,2836803,7.71,7.70728,-2.77209,5.39103,-0.14203,0.12538,-0.04139,62.20403,39.43291,-68.00643
36.077638,-79.009074,10,0.85,159.5,7.59,2837803,7.59,7.59302,-2.9324,5.53639,-0.166,0.0617,-0.00993,61.15171,37.09442,-69.81876
36.077636,-79.00907,10,1.85,160.4,7.68,2838803,7.68,7.68276,-2.93599,5.57647,-0.1066,0.04475,-0.09774,60.91786,34.21514,-71.39725
36.077637,-79.009074,10,0.76,160.8,7.65,2839803,7.65,7.64926,-2.85763,5.60758,-0.09438,0.08583,-0.05651,61.07863,32.19819,-72.3765
36.077637,-79.009078,10,0.75,160.8,7.6,2840803,7.6,7.6008,-2.87976,5.50648,-0.06307,0.00489,-0.05803,61.28325,30.79509,-73.58959
36.077641,-79.009085,9,1.32,160.8,7.64,2841803,7.64,7.64028,-2.82114,5.47777,-0.02581,0.03604,-0.00367,61.44402,29.07045,-74.04268
36.077632,-79.009083,9,1.97,161.4,7.68,2842803,7.68,7.68276,-2.90309,5.50529,0.00687,0.0223,-0.00458,61.16633,29.84507,-73.06343
36.077627,-79.009086,9,1.05,162.2,7.63,2843803,7.63,7.62952,-2.84028,5.55494,0.00122,0.01512,0.02367,60.9617,30.54662,-72.72727
36.07762,-79.009091,9,0.91,162.1,7.67,2844803,7.67,7.66959,-2.90429,5.5334,0.03696,-0.03436,-0.0197,60.91786,31.92049,-72.01111
36.077611,-79.009092,9,1.48,161.5,7.59,2845803,7.59,7.58525,-2.79183,5.5346,0.04841,0.04872,0.07453,61.47326,33.2359,-71.35341
36.077608,-79.009096,9,0.77,161.1,7.6,2846803,7.6,7.59602,-2.86062,5.53639,0.06154,-0.04276,-0.02001,61.09325,34.49284,-71.42648
36.077603,-79.009102,9,0.26,161.4,7.67,2847803,7.67,7.67438,-2.81336,5.5346,-0.0255,0.01542,0.01069,61.59018,35.51593,-70.60801
36.077591,-79.009104,9,1.83,160.8,7.62,2848803,7.62,7.62353,-2.84148,5.49213,-0.0536,-0.00412,-0.04475,61.40018,34.78515,-70.33031
36.077585,-79.00911,9,1.25,160.9,7.62,2849803,7.62,7.61935,-2.82772,5.48375,-0.0646,0.08949,-0.01222,61.56095,34.09822,-71.42648
36.077578,-79.00912,9,1.07,160.4,7.6,2850803,7.6,7.59542,-2.81456,5.54058,-0.09316,-0.00397,-0.04078,61.00556,32.65127,-71.33879
36.077571,-79.009128,9,0.6,160.9,7.65,2851803,7.65,7.65045,-2.91805,5.5346,-0.07727,0.05269,-0.03803,60.81555,31.58433,-72.3765
36.077567,-79.009137,9,0.83,160.4,7.79,2852803,7.79,7.79103,-2.81276,5.53819,-0.07315,0.01237,-0.07178,61.22479,28.90967,-73.48728
36.077562,-79.009143,9,0.79,159.5,7.63,2853803,7.63,7.62712,-2.91625,5.52981,-0.08491,0.07239,-0.01726,61.73633,28.04736,-73.32651
36.077558,-79.009148,9,0.31,158.6,7.59,2854803,7.59,7.58644,-2.88574,5.57049,-0.09438,-0.00275,-0.06216,62.39404,25.70886,-73.29728
36.077554,-79.009156,9,0.39,158.2,7.62,2855803,7.62,7.62114,-2.84806,5.52742,-0.11133,0.09636,-0.04398,63.1102,23.63344,-73.9696
36.077548,-79.009162,9,0.17,158.2,7.57,2856803,7.57,7.57328,-2.84806,5.58066,-0.1237,0.02581,-0.08964,63.65098,21.42648,-73.85268
36.077543,-79.009167,10,0.17,159.1,7.7,2857803,7.7,7.70369,-2.87916,5.51546,-0.1263,0.06979,-0.07636,65.31716,18.88337,-74.11575
36.077539,-79.009175,10,0.38,159.4,7.55,2858803,7.55,7.54995,-2.82772,5.55434,-0.14096,0.07437,-0.06078,66.09179,15.08331,-73.20959
36.077534,-79.009182,10,0.25,159.3,7.64,2859803,7.64,7.63729,-2.82293,5.47538,-0.12187,0.02535,-0.11087,68.12336,12.08711,-71.0611
36.077527,-79.009184,10,0.75,160.3,7.63,2860803,7.63,7.62652,-2.85404,5.6004,-0.11668,0.09056,-0.07437,69.32184,9.734,-69.11722
36.077522,-79.009183,10,0.53,160.7,7.5,2861803,7.5,7.50449,-2.86182,5.53998,-0.10308,0.01924,-0.08262,71.48495,8.76937,-67.07103
36.077513,-79.009182,10,1.12,160.6,7.6,2862803,7.6,7.5996,-2.86541,5.57468,-0.10965,0.09682,-0.04551,71.70418,7.70243,-66.93949
36.077509,-79.00918,10,0.58,160.6,7.6,2863803,7.6,7.5996,-2.84806,5.5675,-0.08476,0.00351,-0.09392,72.78574,6.43087,-65.21485
36.077502,-79.009182,10,0.52,161.5,7.62,2864803,7.62,7.62114,-2.64586,5.56451,0.03467,0.04917,-0.2697,75.43116,2.45542,-62.8325
36.077497,-79.009184,10,1.33,161.1,7.7,2865803,7.7,7.7013,-2.75713,5.47119,-0.30284,0.11851,0.35934,75.97194,3.34697,-61.12248
36.077491,-79.009185,10,0.96,161,7.53,2866803,7.53,7.52782,-2.97308,5.57109,0.0872,0.01863,-0.07285,76.29348,4.5893,-60.77171
36.077485,-79.009187,10,1.06,161.2,7.65,2867803,7.65,7.64567,-2.78525,5.55613,0.11011,0.02275,0.00916,75.40193,4.677,-62.20403
36.077486,-79.009188,10,0.32,162.2,7.52,2868803,7.52,7.52363,-2.87857,5.39402,0.06338,-0.04307,0.10247,73.61882,6.35779,-64.99561
36.077483,-79.009188,10,0.69,161.8,7.63,2869803,7.63,7.6343,-2.87199,5.60399,0.15409,-0.0197,0.0197,71.57264,8.15551,-65.71178
36.07748,-79.009187,10,0.77,161.9,7.54,2870803,7.54,7.54278,-2.77807,5.54178,0.07972,-0.07223,0.17532,68.94183,10.52324,-68.94183
36.077477,-79.009192,10,0.85,161.9,7.69,2871803,7.69,7.68754,-2.85464,5.47418,0.19258,-0.06277,0.02841,67.3195,13.7679,-70.87109
36.077472,-79.009192,10,0.35,161.2,7.6,2872803,7.6,7.59721,-2.8008,5.58784,0.14722,-0.04001,0.17028,64.17715,18.70798,-73.51652
36.077471,-79.009191,10,0.49,160.9,7.51,2873803,7.51,7.51466,-2.8666,5.63031,0.17608,-0.08186,0.07804,62.74482,23.64806,-73.79421
36.077468,-79.009193,10,1.04,160.8,7.6,2874803,7.6,7.6008,-2.82413,5.58844,0.19517,-0.02245,0.11316,61.40018,29.0266,-73.04882
36.077468,-79.009195,10,0.62,160.9,7.59,2875803,7.59,7.58944,-2.86122,5.52084,0.17608,-0.07391,0.12233,60.65478,34.39053,-71.36802
36.077466,-79.009191,10,0.94,160.4,7.62,2876803,7.62,7.61755,-2.93898,5.60459,0.18143,-0.01329,0.11774,61.31248,38.61444,-68.73721
36.077464,-79.009187,10,0.85,160.2,7.59,2877803,7.59,7.58585,-2.81516,5.61775,0.14355,-0.08186,0.10537,62.07249,42.50219,-65.28793
36.077459,-79.009186,10,0.96,160.4,7.68,2878803,7.68,7.67558,-2.8678,5.57707,0.16386,-0.01772,0.08644,63.73867,44.05145,-62.21865
36.077457,-79.009184,9,0.58,161.1,7.63,2879803,7.63,7.63131,-2.90489,5.56032,0.13485,-0.04841,0.13042,64.7033,46.52148,-57.42473
36.077457,-79.009182,9,0.82,160.8,7.62,2880803,7.62,7.62114,-2.84447,5.52323,0.17975,-0.03574,0.07086,67.52412,46.55072,-53.94622
36.077458,-79.00918,9,0.78,161.1,7.65,2881803,7.65,7.64806,-2.81336,5.54417,0.11057,-0.08109,0.17226,70.62262,45.95148,-50.2777
36.077454,-79.00918,10,0.77,161.5,7.63,2882803,7.63,7.62593,-2.91984,5.51665,0.18479,-0.02856,0.09285,73.61882,43.99298,-46.27302
36.077452,-79.009176,9,0.96,161.7,7.63,2883803,7.63,7.63011,-2.88335,5.55255,0.04933,-0.11545,0.25229,75.73809,41.71295,-43.46682
36.077451,-79.009172,9,0.74,161.1,7.62,2884803,7.62,7.61875,-2.98684,5.47478,0.25641,0.08583,0.03757,78.3689,38.64367,-40.32447
36.077448,-79.009169,9,1.02,161.2,7.59,2885803,7.59,7.59362,-2.84746,5.64347,0.05712,-0.14203,0.08048,80.8974,34.14207,-39.47676
36.077449,-79.009155,9,0.45,159.4,7.63,2886803,7.63,7.62652,-2.95813,5.54297,0.03009,0.14661,-0.00809,81.01432,33.79129,-39.27214
36.077452,-79.009151,9,0.58,159,7.59,2887803,7.59,7.58824,-2.7661,5.57169,-0.04826,-0.05986,-0.05864,80.48817,33.13359,-39.56445
36.077451,-79.009146,9,0.9,158.9,7.66,2888803,7.66,7.65823,-2.92702,5.51546,-0.07682,0.07117,-0.02703,80.82432,34.3613,-38.9506
36.07745,-79.009148,9,1.02,158.3,7.64,2889803,7.64,7.6361,-2.81575,5.54776,-0.10385,0.03558,-0.08735,80.15201,35.64747,-40.29523
36.077451,-79.009144,9,0.43,158.3,7.51,2890803,7.51,7.50928,-2.88156,5.46341,-0.13683,0.05437,-0.06063,78.51505,38.71675,-41.77141
36.077456,-79.009144,9,0.37,158.2,7.64,2891803,7.64,7.63968,-2.89472,5.54955,-0.12034,0.08323,-0.06597,77.24349,40.49986,-43.18913
36.077458,-79.009145,9,0.6,158.5,7.6,2892803,7.6,7.59661,-2.89532,5.51426,-0.12859,0.03085,-0.05773,75.41655,41.90295,-45.19146
36.077458,-79.00914,9,1.09,159.2,7.65,2893803,7.65,7.64746,-2.88215,5.51546,-0.08292,0.06231,-0.11286,73.18035,43.59836,-46.52148
36.077455,-79.009137,10,1.02,159.1,7.63,2894803,7.63,7.6337,-2.86481,5.51247,-0.12706,0.04093,-0.04643,72.05495,45.07454,-47.95382
36.07745,-79.009135,9,1.05,159.3,7.61,2895803,7.61,7.61456,-2.88694,5.49093,-0.09392,0.04627,-0.08949,70.41801,46.0684,-49.16691
36.077444,-79.009131,9,0.62,159.2,7.62,2896803,7.62,7.62413,-2.81516,5.52981,-0.1011,0.03848,-0.07773,69.35107,46.38994,-51.98772
36.077436,-79.009129,9,1.21,159,7.64,2897803,7.64,7.6355,-2.84686,5.53221,-0.10599,0.05177,-0.0759,68.03566,46.74072,-53.21543
36.077435,-79.009127,9,0.31,158.7,7.57,2898803,7.57,7.56969,-2.87617,5.5017,-0.12141,0.07147,-0.042,66.98334,47.04765,-56.57703
36.077429,-79.009127,10,0.96,157.9,7.58,2899803,7.58,7.58465,-2.92044,5.58186,-0.22617,0.06322,0.09774,65.31716,47.06226,-58.55013
36.077422,-79.009124,10,1.28,158.1,7.67,2900803,7.67,7.67199,-2.85643,5.56212,-0.03864,0.03894,-0.22816,64.55714,45.52762,-60.31862
36.077421,-79.009119,10,0.52,158.7,7.56,2901803,7.56,7.55893,-2.83789,5.55135,-0.23747,0.0617,0.09835,62.21865,44.78223,-67.18796
36.077413,-79.009121,9,1.94,160,8.71,2902803,8.71,8.70569,-1.79402,5.19242,-0.20479,0.39798,0.49816,65.40485,40.42678,-64.10406
36.077407,-79.00912,9,1.2,160.7,7.8,2903803,7.8,7.79701,-3.02213,5.52503,0.33491,-0.3123,-0.50259,64.17715,44.88454,-61.5171
36.077411,-79.009122,9,1.19,161.2,7.67,2904803,7.67,7.67019,-3.18963,5.68714,-0.13607,-0.1489,0.3963,62.73019,47.64688,-59.63169
36.077405,-79.00912,9,0.87,161.5,7.71,2905803,7.71,7.71147,-2.73799,5.59322,0.3146,-0.042,0.11988,67.17335,46.94534,-55.53931
36.077405,-79.009113,9,0.64,161.9,7.48,2906803,7.48,7.48236,-2.90907,5.44128,0.35323,-0.13974,0.24297,72.20111,45.57147,-48.31921
36.077405,-79.009115,9,0.01,162.2,7.55,2907803,7.55,7.54756,-2.82114,5.40718,0.44257,-0.0814,0.12278,78.03274,38.77521,-40.6314
36.077404,-79.009116,9,0.49,163.3,7.66,2908803,7.66,7.66421,-2.802,5.6686,0.35323,-0.07178,0.22174,82.97281,28.98275,-40.11985
36.077402,-79.00911,9,1.17,164.3,7.63,2909803,7.63,7.62952,-2.89113,5.53879,0.31841,-0.06368,0.17394,85.13593,19.848,-38.46828
36.077398,-79.009106,9,0.99,164.3,7.57,2910803,7.57,7.5673,-2.78345,5.47777,0.26771,-0.06032,0.21029,83.77667,12.01403,-41.84449
36.077391,-79.009101,10,0.81,166,7.64,2911803,7.64,7.64327,-2.86541,5.55434,0.26573,-0.03604,0.15455,84.56591,7.03011,-46.43379
36.077382,-79.009083,10,1.12,166.3,7.62,2912803,7.62,7.62413,-2.9007,5.61536,0.1095,-0.13332,0.30467,81.78895,5.17393,-52.26542
36.077381,-79.009075,10,0.23,166,7.11,2913803,7.11,7.11027,-3.49173,5.97667,0.39599,-0.10049,0.1996,75.97194,6.37241,-63.02251
36.077377,-79.00907,10,1.22,166.3,7.69,2914803,7.69,7.68694,-2.63928,5.40359,0.30849,-0.22663,0.56826,71.07571,5.43701,-67.94797
36.077372,-79.009062,10,0.74,166.8,7.52,2915803,7.52,7.52423,-3.01914,5.64108,0.67073,-0.04948,0.26252,64.08945,19.80415,-73.34113
36.077368,-79.00906,10,1.14,167.8,7.58,2916803,7.58,7.58166,-2.77627,5.59382,0.55451,-0.44807,0.38973,61.22479,35.9544,-71.14879
36.077365,-79.009055,10,0.85,168.6,7.71,2917803,7.71,7.70908,-2.96471,5.49751,0.5681,-0.02398,0.48839,65.68255,46.05378,-58.46244
36.077361,-79.009046,10,1.7,168.2,7.66,2918803,7.66,7.66301,-2.91685,5.58186,0.53939,-0.36331,0.30757,73.41421,44.10991,-46.74072
36.07736,-79.009046,10,0.79,169,7.69,2919803,7.69,7.68634,-2.79841,5.6357,0.59559,-0.04032,0.42134,82.62204,31.73049,-38.90675
36.077356,-79.009045,10,0.64,168.6,7.63,2920803,7.63,7.62652,-2.9677,5.57468,0.53924,-0.26557,0.41829,85.93978,15.96025,-40.22216
36.077352,-79.00904,10,0.38,168.2,7.56,2921803,7.56,7.56252,-2.83131,5.50289,0.59727,-0.07941,0.38958,82.38819,5.84624,-51.60772
36.077345,-79.009037,10,1.13,167.7,7.6,2922803,7.6,7.59841,-2.90249,5.51486,0.5174,-0.28314,0.33521,75.25578,5.247,-63.3879
36.077337,-79.00904,10,0.86,166.5,7.53,2923803,7.53,7.52603,-2.75474,5.57587,0.55436,-0.06384,0.43051,67.05642,14.61561,-71.67495
36.077329,-79.009045,10,1.02,166.8,7.52,2924803,7.52,7.52064,-2.90309,5.56152,0.52153,-0.42898,0.3175,60.94709,30.95586,-73.76498
36.077327,-79.009049,10,0.6,166.6,7.5,2925803,7.5,7.5021,-2.87079,5.46999,0.5452,0.04704,0.50748,62.93481,45.16224,-63.98714
36.077326,-79.009056,10,0.3,167.3,8.96,2926803,8.96,8.96112,-2.63928,4.91785,-0.3653,-0.22526,0.78496,69.13184,46.17071,-52.07542
36.077323,-79.009061,10,0.7,167.4,7.67,2927803,7.67,7.67378,-2.85763,5.74696,0.13439,-0.30849,-0.08552,69.05875,45.81993,-54.63315
36.07732,-79.009063,9,0.28,167.3,7.44,2928803,7.44,7.4351,-2.90608,5.9665,-0.23427,0.02443,0.26603,70.81263,45.03069,-56.12394
36.077317,-79.009066,9,0.9,167,7.81,2929803,7.81,7.81436,-2.57408,5.52563,0.03879,0.35598,-0.34178,69.59953,46.12686,-54.69161
36.07731,-79.009066,9,1.44,166.6,7.54,2930803,7.54,7.54158,-2.99222,5.68595,-0.32834,0.1967,0.07101,66.06256,46.08302,-59.85092
36.077303,-79.009065,9,1.01,166.5,7.18,2931803,7.18,7.17787,-2.73201,5.47119,-0.06277,0.15562,0.10339,61.7948,49.18153,-62.02865
36.077305,-79.009063,9,0.45,166.9,7.8,2932803,7.8,7.8012,-2.66501,5.39821,0.04887,-0.1967,0.01329,66.83718,44.34376,-61.18094
36.077303,-79.009058,9,1.01,166.9,7.18,2933803,7.18,7.18146,-2.57528,5.85404,0.14859,0.32406,0.1124,64.90792,46.3461,-60.65478
36.077306,-79.009062,9,0.92,166.8,7.74,2934803,7.74,7.74018,-2.9994,5.47478,0.04505,-0.05528,-0.04795,67.26103,48.20228,-56.4601
36.077307,-79.009063,9,0.39,166.7,7.62,2935803,7.62,7.61755,-2.83669,5.68953,0.07544,0.02505,0.07147,67.56796,48.42151,-55.64163
36.077301,-79.009059,9,0.17,165.1,7.68,2936803,7.68,7.68335,-2.75115,5.4018,0.07162,-0.06521,0.03039,70.65186,47.36919,-52.73312
36.077295,-79.009055,10,0.58,164,7.39,2937803,7.39,7.38664,-1.93579,10.98784,-0.21304,3.42695,1.91277,75.41655,45.19146,-45.51301
36.077289,-79.009057,10,0.32,162.5,9.51,2938803,9.51,9.51087,3.12802,1.50269,0.10324,-0.72907,0.21197,84.71207,10.304,-17.40719
36.077292,-79.009069,9,0.05,164,8.48,2939803,8.48,8.48375,-4.00439,4.68933,-1.84344,-3.47109,-3.48285,61.63403,48.80152,-64.0456
36.077286,-79.009065,9,0.78,163.7,7.25,2940803,7.25,7.24726,-3.61256,5.87079,-1.49005,1.05955,0.14691,67.61181,10.8594,-72.80035
36.077282,-79.009062,9,0.13,163.3,7.42,2941803,7.42,7.41955,-3.01197,5.99283,-0.42822,0.36087,-0.61682,83.73283,5.46624,-54.00468
36.077281,-79.009057,10,0.71,163.7,11.03,2942803,11.03,11.0339,-1.08694,11.71526,0.33582,0.81856,-1.43843,84.12745,15.05408,-47.2815
36.077275,-79.009047,10,1.73,164.4,9.47,2943803,9.47,9.47019,-3.81715,6.31286,-0.7535,-0.4247,-0.6072,82.4905,31.10202,-36.39287
36.077276,-79.009045,10,0.51,165.2,9.03,2944803,9.03,9.0335,-2.5011,6.1005,-0.56566,-0.90271,-1.42103,70.30108,44.73838,-51.92926
36.077268,-79.009038,10,2.21,165.9,6.85,2945803,6.85,6.85245,-2.82712,6.268,-0.69684,0.81306,0.33399,60.55247,44.34376,-65.36101
36.077262,-79.009033,10,1.33,165.7,6.2,2946803,6.2,6.2016,-3.01735,5.47478,-0.07223,-0.43478,-0.49068,59.734,36.94826,-70.21339
36.077256,-79.009027,10,1.75,166.5,7.46,2947803,7.46,7.46202,-2.12542,5.31446,0.13928,0.11591,-0.00565,63.32943,37.89827,-68.00643
36.077253,-79.009025,10,0.38,166.2,8.29,2948803,8.29,8.28934,-3.05444,3.30269,-0.07804,-1.21226,0.17959,64.86407,45.36685,-59.80708
36.07725,-79.009021,10,1.4,167.4,7.78,2949803,7.78,7.77667,-4.52961,5.05544,0.47006,0.76664,0.3766,60.42093,52.29465,-54.37007
36.077249,-79.009018,10,1.4,168.6,9.66,2950803,9.66,9.65803,-2.98265,3.97687,-0.05147,-2.2912,-0.51084,72.44958,45.29377,-47.03303
36.077244,-79.009013,10,2.83,168.8,7.05,2951803,7.05,7.05165,-3.14955,8.28634,-0.00702,0.37339,0.6663,71.86495,40.3537,-55.247
36.077236,-79.009003,10,2.44,169.2,7.3,2952803,7.3,7.29691,-2.99761,3.43191,0.54046,0.29841,-0.99602,75.9427,41.7568,-41.49371
36.077228,-79.008997,10,2.24,169.7,6.38,2953803,6.38,6.38226,-0.81416,6.51805,0.23534,0.19028,-0.71227,74.37884,40.76294,-51.1254
36.077219,-79.008984,10,3.34,169.7,7.45,2954803,7.45,7.45005,-3.83091,4.17847,0.05956,-0.13653,0.15653,71.66033,47.60304,-41.14294
36.077219,-79.008984,10,3.34,170.8,7.25,2955003,7.25,7.25025,-2.45025,5.17867,0.06216,-0.36621,0.15226,75.285,42.63373,-44.16837
36.077212,-79.008971,10,2.39,170.8,7.07,2955803,7.07,7.069,-2.35873,5.80918,0.53833,-0.56612,-0.13073,76.73195,40.52908,-42.34142
36.077212,-79.008971,10,2.39,170.1,7.08,2956003,7.08,7.08156,-4.02951,5.12961,0.14462,0.0927,0.92653,76.54195,40.95294,-39.28676
36.07721,-79.008959,10,2.11,169,8.73,2956803,8.73,8.72543,-2.69013,6.19143,0.3346,-0.90148,-0.16448,83.54282,28.45659,-37.67904
36.077205,-79.00895,10,1.67,168.9,7.78,2957803,7.78,7.78325,-1.82273,5.59023,1.04901,0.90591,-0.14813,85.34054,16.48641,-39.4183
36.077197,-79.008946,10,1.88,169.1,6.1,2958803,6.1,6.10289,-1.21675,4.28794,0.15165,0.59071,0.80268,83.19205,-3.75621,-43.36451
36.077192,-79.008934,10,2.76,168.7,8.64,2959803,8.64,8.6357,-5.47777,5.51964,-0.27825,0.19273,-1.21807,85.04823,20.24262,-40.39754
36.077182,-79.008928,10,2.44,167.9,5.07,2960803,5.07,5.06979,-2.04826,6.98046,-0.68234,1.20402,0.12675,80.53201,24.67115,-53.39082
36.077172,-79.008922,10,2.41,167.4,10.19,2961803,10.19,10.19283,-1.02772,7.13241,0.44929,0.28237,-1.28694,76.60041,40.39754,-41.04063
36.07716,-79.008916,10,2.58,166.4,8.56,2962803,8.56,8.55913,-1.26461,4.14856,-0.58399,-0.23518,0.7732,78.58813,37.7375,-39.35984
36.077161,-79.008919,10,0.41,166.7,8.12,2963803,8.12,8.11885,-0.90269,4.93041,0.29352,-0.78038,-1.55099,77.49197,38.99445,-45.58609
36.077157,-79.008917,10,0.45,167.2,9.34,2964803,9.34,9.34457,-3.06401,3.88176,0.30513,-0.59422,-0.40821,71.11955,47.95382,-41.84449
36.077155,-79.008917,10,0.76,166.6,8.11,2965803,8.11,8.10748,-2.28515,7.37947,-0.26954,-0.50457,0.64431,75.95732,40.58755,-48.02689
36.07715,-79.008915,10,0.62,164.8,6.66,2966803,6.66,6.65863,-4.47936,5.81276,0.09224,0.43188,0.38714,74.49577,43.29144,-43.05759
36.077143,-79.00891,10,1.37,164.5,7.48,2967803,7.48,7.47757,-3.78365,5.93659,-0.24557,0.40424,0.68493,76.10348,41.44987,-41.27448
36.077139,-79.008913,10,1.44,164.4,6.9,2968803,6.9,6.9003,-2.93121,4.53201,0.08888,-0.3233,0.30284,81.52587,33.26513,-37.22596
36.077133,-79.008914,10,0.97,164.1,7.49,2969803,7.49,7.48954,-2.12961,5.73201,0.48732,0.44425,0.23976,83.04589,26.23502,-41.31833
36.077123,-79.008906,10,3.37,164.1,7.99,2970803,7.99,7.99322,-3.94995,5.92104,0.43768,-0.41676,0.02932,85.50131,20.84186,-39.4183
36.077123,-79.008906,10,3.37,164.3,7.49,2971003,7.49,7.49312,-2.81755,5.84507,-0.24969,-0.11637,1.20463,86.4221,12.49635,-40.52908
36.077112,-79.008896,10,2.55,164.4,6.82,2971803,6.82,6.82373,-2.43769,5.92283,0.70662,-0.73625,-0.52092,83.5136,7.70243,-49.07922
36.077104,-79.008885,10,2.57,164.4,7.9,2972803,7.9,7.90289,-3.6012,5.71526,0.83994,-0.55818,-0.6576,79.74277,7.10319,-56.32856
36.077104,-79.008885,10,2.57,164.3,6.93,2973003,6.93,6.93081,-4.31306,6.5348,-0.10369,-0.43738,0.84147,77.38965,6.70856,-61.63403
36.077104,-79.008882,10,1.28,164.8,8.52,2973803,8.52,8.52323,-3.05205,5.55135,0.88591,-0.37354,-0.51908,73.8819,7.22011,-64.73254
36.077103,-79.00888,10,0.66,165.2,7.44,2974803,7.44,7.43689,-2.33599,5.17926,0.34132,0.32101,0.50259,67.2318,12.08711,-70.8857
36.077098,-79.008877,10,0.87,165.7,8.18,2975803,8.18,8.17508,-3.18066,5.4012,-0.37522,-1.05955,0.94959,63.32943,22.43496,-73.70652
36.077099,-79.008878,10,0.09,165.8,6.74,2976803,6.74,6.73819,-1.74138,7.56969,-2.59725,2.28021,-2.9769,60.99094,37.79597,-69.08799
36.077103,-79.008877,10,1.13,166.2,6.98,2977803,6.98,6.97568,-1.18923,6.54975,-1.05939,0.95646,0.18158,80.00585,-0.32154,-52.57235
36.077102,-79.008874,10,0.79,166.3,9.13,2978803,9.13,9.134,1.54636,-1.57567,0.9586,0.20082,0.68951,75.19731,-16.36948,-18.15259
36.077093,-79.008877,9,2.65,165.9,1.07,2979803,1.07,1.07079,9.02154,-3.13699,0.35675,0.47556,0.41371,34.65361,-33.07512,-30.60509
36.077091,-79.008887,8,2.11,165.1,0.28,2980803,0.28,0.27637,9.13939,-2.84208,0.06933,0.06429,0.15317,31.21894,-32.38819,-32.16896
36.077097,-79.008906,8,3.23,164.1,-4.71,2981803,-4.71,-4.70788,7.09831,5.75414,-0.20907,0.04261,-0.21518,25.21193,-4.3993,-71.39725
36.077092,-79.008899,6,0.67,163.4,-4.22,2982803,-4.22,-4.21795,7.30708,5.46042,-0.05299,-0.00137,-0.042,25.85501,-4.70623,-70.75417
36.07714,-79.008831,4,0.97,163.4,-8.69,3195803,-8.69,-8.69073,2.34377,-4.10728,-1.73532,-0.04551,-0.97128,6.03625,25.48962,-9.58784
36.07714,-79.008831,6,0.97,159.6,-8.24,3196003,-8.24,-8.23849,1.38963,-4.95314,-2.027,0.00107,-0.46792,4.48699,30.7074,-14.48407
36.077078,-79.00885,6,0.87,159.6,-7.9,3196803,-7.9,-7.90469,1.49432,-4.47996,-1.64857,-0.0339,-0.60231,-2.00234,7.70243,-30.60509
36.077078,-79.00885,7,0.87,151.7,-8.93,3197003,-8.93,-8.93301,0.36491,-5.4993,-1.38834,0.18524,-0.89706,0.07308,4.53084,-27.14119
36.077032,-79.008857,7,1.09,151.7,-8.67,3197803,-8.67,-8.67338,1.49851,-4.47996,-1.09437,-0.02947,-0.69776,12.51096,-13.62175,-12.40865
36.077032,-79.008857,7,1.09,144,-8.36,3198003,-8.36,-8.35514,1.54576,-4.64686,-1.30404,0.0591,-0.28695,15.50716,-12.16019,-5.75855
36.077027,-79.008843,7,1.38,144,-8.15,3198803,-8.15,-8.14816,1.81914,-3.38824,-1.50716,0.4696,-1.36223,14.38176,8.72552,2.29465
36.077027,-79.008843,9,1.38,141.3,-8.98,3199003,-8.98,-8.97966,1.8018,-4.29691,-1.98959,-0.12156,-0.44761,15.20023,17.58258,2.68927
36.077016,-79.008839,9,1.24,141.3,-9.37,3199803,-9.37,-9.37328,1.55234,-5.61177,-1.3607,0.22434,-0.75839,3.52236,32.43204,-17.90412
36.077016,-79.008839,8,1.24,140.2,-7.14,3200003,-7.14,-7.13719,1.04207,-4.09053,-0.89614,0.16112,-1.19103,-0.01462,26.27887,-23.3119
36.077011,-79.008836,8,0.72,140.2,2.85,3200803,2.85,2.85224,-6.70888,6.1023,-1.84603,0.16646,0.7758,56.51856,29.42122,-74.51038
36.077011,-79.008836,8,0.72,142.5,6.64,3201003,6.64,6.63948,-0.95773,7.57029,-2.67147,1.32558,2.59343,64.71792,-2.28004,-70.33031
36.077002,-79.00883,8,0.99,142.5,5.14,3201803,5.14,5.1356,-4.46919,7.67019,0.00351,0.41065,0.42073,64.14791,16.91026,-73.10728
36.077002,-79.00883,8,0.99,143.4,6.99,3202003,6.99,6.99003,-1.87179,6.55454,-1.41705,0.22571,1.98944,67.07103,2.8062,-69.96492
36.076999,-79.008828,8,0.67,143.4,7.87,3202803,7.87,7.8694,-2.3677,6.13161,-0.83062,0.04948,0.36408,74.68576,3.66852,-63.25636
36.076999,-79.008828,9,0.67,145.7,7.28,3203003,7.28,7.27538,-1.81436,6.51386,-0.32819,-0.85933,-0.90851,72.97574,2.60158,-65.43409
36.076999,-79.008824,9,0.28,145.7,4.65,3203803,4.65,4.65344,-3.97388,7.94955,-0.75228,-0.02795,-0.03864,74.42268,7.19088,-64.8933
36.076999,-79.008824,9,0.28,149.3,6.32,3204003,6.32,6.32303,-0.83868,6.6664,-0.49709,0.79412,-0.25855,77.33119,0.67232,-59.1786
36.076999,-79.008816,9,0.54,149.3,6.4,3204803,6.4,6.39781,-1.73121,6.08854,-0.45555,-0.10217,0.13729,82.97281,2.58696,-49.21076
36.076999,-79.008816,9,0.54,151.6,7.68,3205003,7.68,7.67618,-2.99043,6.4002,0.74113,0.41905,-1.01327,83.92283,9.44168,-47.71996
36.077,-79.008814,9,0.23,151.6,6.43,3205803,6.43,6.42892,-3.05384,6.76391,0.64828,0.40241,-0.52809,82.34435,9.48553,-52.9962
36.077,-79.008814,9,0.23,153.8,7.57,3206003,7.57,7.5679,-3.45883,6.0664,-0.21961,0.36346,0.54153,84.46361,10.50862,-47.36919
36.077005,-79.008808,9,0.94,153.8,7.95,3206803,7.95,7.94955,-2.59561,6.05264,-0.16173,0.17211,0.20968,84.18591,6.40164,-46.75533
36.077005,-79.008808,10,0.94,156.5,7.24,3207003,7.24,7.23948,-2.35214,6.15015,0.03375,-0.38882,-0.30406,84.40514,5.18854,-47.50073
36.07701,-79.008809,10,0.48,156.5,5.73,3207803,5.73,5.7326,-1.82692,8.69671,-2.25654,-1.60902,-2.49783,80.19585,22.43496,-57.98012
36.07701,-79.008809,10,0.48,159.2,6.13,3208003,6.13,6.1346,-2.09312,8.4006,-0.69012,3.11129,-2.5609,74.64192,33.65975,-59.20783
36.077007,-79.008802,10,1.44,159.2,6.42,3208803,6.42,6.41695,-2.67876,6.08555,-1.14064,1.38636,-1.22662,55.90471,35.72055,-74.65653
36.077007,-79.008802,10,1.44,160.3,8.01,3209003,8.01,8.00938,-3.28893,5.73739,-1.40621,0.8068,-0.77549,62.54019,29.90354,-73.28266
36.077006,-79.0088,10,0.4,160.3,6.97,3209803,6.97,6.97029,-2.57528,5.65484,-0.27245,0.59788,-1.54732,71.85033,4.3993,-67.37796
36.077006,-79.0088,10,0.4,162.1,7.66,3210003,7.66,7.66242,-4.21556,6.47139,-1.1104,-0.37919,-0.65821,73.26805,8.37474,-66.20871
36.077004,-79.008795,10,1.15,162.1,6.72,3210803,6.72,6.71605,-2.47418,6.9015,-0.55604,0.0672,-0.8323,81.65741,7.2055,-54.32622
36.077004,-79.008795,10,1.15,163.7,6.86,3211003,6.86,6.85544,-2.95155,7.27298,-0.77656,0.51007,-0.16509,82.98743,9.28091,-52.7185
36.076998,-79.008794,10,1.19,163.7,7.89,3211803,7.89,7.88674,-4.74377,7.71685,0.74434,2.04121,0.34957,84.94592,16.15025,-46.41918
36.076998,-79.008794,9,1.19,164.8,6.31,3212003,6.31,6.30868,-1.79163,3.54736,-0.0869,-1.19562,-0.32834,86.53902,14.03099,-41.88834
36.07699,-79.0088,9,2.22,164.8,6.94,3212803,6.94,6.93619,-1.42493,6.30748,0.3769,-0.75793,-1.45203,85.55978,5.81701,-44.86992
36.07699,-79.0088,9,2.22,166.6,6.27,3213003,6.27,6.27099,-3.91944,6.25544,0.05544,0.13103,-0.91019,83.83514,20.38877,-49.41538
36.076976,-79.008802,9,2.57,166.6,6.56,3213803,6.56,6.56471,-3.81595,6.85723,0.01191,0.41371,-0.44135,82.81204,28.70506,-43.58375
36.076976,-79.008802,9,2.57,166.4,7.22,3214003,7.22,7.22453,-3.25185,5.81875,-0.70845,0.09316,0.49786,84.11284,25.32885,-41.62526
36.076966,-79.008805,9,2.43,166.4,7.36,3214803,7.36,7.36331,-3.31047,7.3334,0.50564,0.08628,-0.47388,82.92897,28.92429,-43.86144
36.076966,-79.008805,9,2.43,167.3,6.28,3215003,6.28,6.27637,-3.25544,6.39422,-0.18173,0.062,0.34285,82.75358,28.04736,-43.21836
36.076965,-79.008803,9,1.04,167.3,7.36,3215803,7.36,7.36152,-2.88874,7.26581,0.33445,0.19761,-0.08399,83.83514,25.15346,-43.17451
36.076965,-79.008803,9,1.04,167.6,6.83,3216003,6.83,6.83031,-2.94856,5.86002,-0.12996,0.20097,0.60598,84.259,23.01958,-41.82988
36.076963,-79.008802,9,1.05,167.6,6.95,3216803,6.95,6.94816,-2.42094,6.98704,0.03665,0.01665,0.29535,84.0836,18.79567,-46.76995
36.076963,-79.008802,9,1.05,168.5,7.14,3217003,7.14,7.13719,-2.82891,6.08255,0.36224,0.55192,0.0982,85.54517,17.15873,-42.34142
36.076957,-79.008806,9,1.71,168.5,6.7,3217803,6.7,6.7023,-3.58385,6.77169,-0.02734,0.07437,0.32865,84.24437,19.00029,-47.7492
36.076957,-79.008806,9,1.71,169.3,7.1,3218003,7.1,7.1001,-2.39522,6.28176,-0.1547,-0.19624,0.40638,84.66823,13.41713,-45.81993
36.076953,-79.00881,9,1.25,169.3,6.23,3218803,6.23,6.23091,-1.88315,6.57249,0.41493,0.19364,-0.20724,83.36744,7.62935,-49.83923
36.076953,-79.00881,9,1.25,170.3,7.32,3219003,7.32,7.32024,-3.78784,6.37627,0.71578,0.65042,-0.17226,84.40514,14.41099,-46.41918
36.076952,-79.008816,9,1.05,170.3,7.5,3219803,7.5,7.50449,-4.74975,6.72383,0.19303,0.75671,0.17043,84.43438,9.93861,-47.3838
36.076952,-79.008816,9,1.05,171,6.26,3220003,6.26,6.26262,-2.56331,5.28335,-0.21396,-0.92378,-0.38393,83.7036,9.90938,-51.09617
36.076946,-79.008817,9,1.35,171,7.63,3220803,7.63,7.62652,-3.40379,5.77508,-0.33063,-0.4528,0.28085,84.43438,11.25402,-46.59456
36.076946,-79.008817,9,1.35,171.7,6.12,3221003,6.12,6.12264,-2.37428,6.52224,-0.10415,-0.48411,-0.03971,82.32973,8.75475,-53.88776
36.076944,-79.008813,9,0.91,171.7,6.61,3221803,6.61,6.60898,-2.74337,6.59282,-0.52763,-0.43341,0.51389,82.43204,7.1178,-52.7185
36.076944,-79.008813,9,0.91,172.6,7.01,3222003,7.01,7.00559,-2.68295,6.08674,0.82543,0.96227,-0.6382,83.52821,7.03011,-50.02923
36.076941,-79.008816,9,1.42,172.6,6.24,3222803,6.24,6.24228,-2.41017,5.92583,0.28756,-0.11102,-0.27825,82.40281,6.75241,-51.72464
36.076941,-79.008816,9,1.42,172.7,7.62,3223003,7.62,7.61635,-4.11326,6.49233,0.0113,0.1295,0.24435,83.00205,9.54399,-51.19848
36.076936,-79.008816,9,1.21,172.7,7.73,3223803,7.73,7.72523,-3.74297,6.0353,0.02902,-0.24694,-0.13057,82.73897,8.7109,-51.28617
36.076936,-79.008816,9,1.21,172.9,6.53,3224003,6.53,6.52822,-3.03829,6.36969,-0.11011,0.3062,0.34697,81.83279,7.1178,-53.62467
36.076932,-79.008815,9,1.2,172.9,7.06,3224803,7.06,7.06361,-2.19063,5.6351,0.02321,0.37599,0.15791,82.66589,3.33236,-50.83309
36.076932,-79.008815,9,1.2,174.8,7.12,3225003,7.12,7.11745,-3.6682,7.15215,-0.15852,-0.50244,0.00397,81.21894,4.00468,-53.11313
36.076923,-79.00881,9,2.3,174.8,6.96,3225803,6.96,6.96371,-3.12383,7.18266,-0.40867,-0.29077,0.40852,81.21894,4.66238,-53.4639
36.076923,-79.00881,9,2.3,175.8,7.18,3226003,7.18,7.17787,-2.71047,6.08375,0.28588,0.43234,0.00504,79.99123,2.32388,-54.44315
36.076919,-79.008811,9,0.98,175.8,7.37,3226803,7.37,7.37408,-3.30927,6.34816,0.08903,0.36148,0.28329,81.10202,4.10699,-53.09851
36.076919,-79.008811,9,0.98,176.7,7.03,3227003,7.03,7.03191,-2.78644,5.5681,0.39798,-0.50473,-0.52046,80.57585,5.04239,-54.09237
36.076916,-79.008809,9,0.75,176.7,7.03,3227803,7.03,7.0337,-2.65364,5.7332,-0.104,-0.53084,0.0759,79.09968,2.7185,-57.33703
36.076916,-79.008809,9,0.75,176.9,7.09,3228003,7.09,7.08874,-3.10469,6.81954,0.23427,0.23137,0.02001,77.85735,3.04005,-58.9886
36.076914,-79.008803,9,0.39,176.9,7.19,3228803,7.19,7.18864,-2.80678,6.38764,0.18097,0.46349,0.12843,77.21426,2.17773,-60.64016
36.076914,-79.008803,9,0.39,177,7.06,3229003,7.06,7.05524,-2.64108,6.3015,-0.0255,-0.09224,0.19578,77.5358,1.54925,-59.67553
36.076909,-79.008803,9,0.76,177,7.23,3229803,7.23,7.22991,-2.5352,6.37568,0.07712,-0.17959,0.04322,75.29962,1.73926,-62.27711
36.076909,-79.008803,9,0.76,177.5,6.95,3230003,6.95,6.94517,-2.7673,6.35294,0.2558,-0.08323,-0.22327,74.33499,3.88775,-63.87022
36.076905,-79.008799,9,1.05,177.5,6.89,3230803,6.89,6.89253,-3.05623,6.67119,0.24297,0.27397,-0.04505,73.04882,5.29085,-65.43409
36.076905,-79.008799,9,1.05,177.2,7.24,3231003,7.24,7.24427,-2.97248,6.03649,-0.04398,0.01222,0.22785,73.79421,5.30547,-63.15405
36.076899,-79.008793,9,1.3,177.2,7.3,3231803,7.3,7.29691,-2.8989,6.25544,0.28986,0.25473,0.09056,72.06956,4.96931,-66.4864
36.076899,-79.008793,9,1.3,177.4,7.27,3232003,7.27,7.27179,-2.89591,6.0993,0.06521,-0.35568,0.12584,71.55802,5.75855,-67.37796
36.076895,-79.008784,9,0.98,177.4,7.34,3232803,7.34,7.34118,-3.10469,6.61257,0.24083,-0.05651,0.02627,67.99181,8.5209,-70.5057
36.076895,-79.008784,9,0.98,179.1,6.78,3233003,6.78,6.77827,-2.77209,6.17049,0.02795,-0.11668,0.2926,66.92487,8.49167,-72.15726
36.076886,-79.008784,9,1.85,179.1,7.21,3233803,7.21,7.21257,-3.01436,6.5013,0.1857,-0.03451,0.15577,65.62408,12.89097,-73.00497
36.076886,-79.008784,9,1.85,180.2,6.78,3234003,6.78,6.77946,-2.62313,6.01615,0.20006,-0.00168,0.17028,64.33791,12.58404,-73.73575
36.076882,-79.008783,9,0.37,180.2,6.71,3234803,6.71,6.70589,-2.69073,6.34277,0.15317,-0.06857,0.16936,61.83865,16.26717,-74.36422
36.076882,-79.008783,9,0.37,180.6,7.32,3235003,7.32,7.31665,-3.07298,6.27637,0.25763,0.09194,0.12187,62.21865,18.78106,-74.78808
36.076869,-79.008781,9,1.3,180.6,6.81,3235803,6.81,6.80758,-2.74517,6.16152,0.19884,0.0788,0.21197,59.71938,22.36188,-75.4604
36.076869,-79.008781,9,1.3,179.5,7.53,3236003,7.53,7.52902,-2.85284,6.57907,0.1689,-0.10278,0.15348,60.33323,23.92575,-75.27039
36.076859,-79.008791,9,0.63,179.5,7.27,3236803,7.27,7.2664,-2.74876,6.50489,0.24053,-0.00947,0.21762,58.66706,28.71967,-74.15961
36.076859,-79.008791,9,0.63,177.9,6.73,3237003,6.73,6.7328,-2.69492,6.34816,0.27901,-0.19395,0.13928,56.54779,30.34201,-75.62116
36.07685,-79.008798,9,0.7,177.9,7.38,3237803,7.38,7.38365,-2.52203,6.24587,0.21105,-0.37843,0.40195,58.68167,37.94212,-71.61649
36.07685,-79.008798,9,0.7,176.7,7.11,3238003,7.11,7.11446,-2.58784,6.09751,0.4919,0.21823,0.20052,60.21631,37.29903,-70.78339
36.076842,-79.008803,9,1.02,176.7,6.26,3238803,6.26,6.26202,-2.69193,5.97607,0.28085,-0.25763,0.48151,60.50862,44.91377,-64.48407
36.076842,-79.008803,9,1.02,177,7.68,3239003,7.68,7.67558,-2.62313,6.37927,0.49587,0.06506,0.27611,63.97252,45.46916,-61.78018
36.076836,-79.008809,9,0.22,177,6.49,3239803,6.49,6.48874,-2.39402,5.98266,0.50732,-0.11942,0.16616,67.91874,45.45455,-56.24086
36.076836,-79.008809,9,0.22,176.5,7.5,3240003,7.5,7.49671,-3.22493,6.3003,0.43035,-0.03421,0.26893,69.67261,46.94534,-51.82695
36.076827,-79.00881,9,1.24,176.5,6.91,3240803,6.91,6.90628,-2.67398,6.11964,0.41936,-0.18631,0.27611,76.01579,40.20754,-47.51535
36.076827,-79.00881,9,1.24,175.7,7.21,3241003,7.21,7.20957,-2.84267,6.78844,0.44883,-0.15348,0.3149,76.62964,40.13446,-44.89915
36.076819,-79.008802,9,1.4,175.7,7.46,3241803,7.46,7.46381,-3.03051,6.37448,0.44563,0.04001,0.21594,82.06665,31.68664,-41.52295
36.076819,-79.008802,9,1.4,174.8,6.87,3242003,6.87,6.8686,-2.82951,6.16571,0.18906,-0.31964,0.36423,82.72435,29.64046,-42.03449
36.076808,-79.008795,9,1.74,174.8,7.34,3242803,7.34,7.33699,-3.1322,6.19143,0.13928,-0.21228,0.33017,84.259,22.06957,-41.37679
36.076808,-79.008795,9,1.74,175.2,6.71,3243003,6.71,6.71127,-2.5322,6.58804,0.25687,-0.20235,0.16875,84.81438,19.99415,-43.56913
36.076802,-79.008791,9,0.92,175.2,7.09,3243803,7.09,7.08934,-2.99043,6.84467,0.15333,-0.06643,0.18295,84.71207,15.06869,-45.17685
36.076802,-79.008791,9,0.92,175.1,6.82,3244003,6.82,6.82134,-2.70449,5.92283,0.21243,0.11912,0.16921,84.52207,13.09559,-44.91377
36.076797,-79.008788,9,1.07,175.1,7.22,3244803,7.22,7.22214,-2.92104,6.39362,0.1179,-0.06002,0.17211,84.90208,10.5817,-47.57381
36.076797,-79.008788,9,1.07,175.2,6.83,3245003,6.83,6.82672,-2.66202,6.25544,0.19487,-0.01939,0.08292,83.92283,8.65244,-48.17305
36.076792,-79.008788,9,0.54,175.2,6.88,3245803,6.88,6.87757,-2.56092,6.11247,-0.03192,-0.01008,0.30146,83.04589,6.37241,-50.04385
36.076792,-79.008788,9,0.54,175.1,7.3,3246003,7.3,7.29572,-2.89651,6.45524,0.18036,-0.06521,-0.04994,82.72435,6.22625,-50.35077
36.076791,-79.00879,9,0.48,175.1,7.18,3246803,7.18,7.17966,-2.75593,6.47438,0.10858,-0.11332,-0.00183,82.16895,5.51008,-53.63929
36.076791,-79.00879,9,0.48,174.5,6.84,3247003,6.84,6.84467,-2.77567,6.32782,0.1825,0.2193,0.06811,81.62818,5.9924,-53.59544
36.076786,-79.008779,9,1.7,174.5,6.82,3247803,6.82,6.82313,-2.53101,6.15613,0.11057,0.05696,0.09071,80.63432,3.44928,-54.34083
36.076786,-79.008779,9,1.7,173.9,7.32,3248003,7.32,7.32383,-3.01735,6.3356,0.16188,-0.1014,-0.0336,80.02046,4.3993,-55.48085
36.076783,-79.008765,9,1.31,173.9,6.78,3248803,6.78,6.77528,-2.6016,6.30389,0.02046,-0.14875,0.19044,78.86583,3.24467,-58.0532
36.076783,-79.008765,9,1.31,172.6,7.09,3249003,7.09,7.09412,-2.85105,6.27937,0.26023,0.12141,0.01726,78.13505,4.34084,-58.19936
36.076777,-79.008757,9,0.7,172.6,6.82,3249803,6.82,6.81655,-2.36471,6.20399,0.06933,0.03344,0.21655,75.03654,1.14002,-61.47326
36.076777,-79.008757,9,0.7,171.4,7.21,3250003,7.21,7.20599,-2.90489,6.23151,0.46594,0.09041,-0.30956,76.10348,4.01929,-61.63403
36.076774,-79.008756,9,0.67,171.4,6.95,3250803,6.95,6.94517,-2.84746,6.19861,0.52718,0.23259,-0.41188,74.40807,4.83777,-64.35253
36.076774,-79.008756,9,0.67,171.2,7.44,3251003,7.44,7.43929,-3.6335,6.18963,-0.2532,-0.28818,0.38698,74.5396,6.79626,-64.27945
36.076768,-79.008753,9,1.12,171.2,7.23,3251803,7.23,7.22573,-2.58186,6.44268,-0.13806,-0.27077,0.21838,70.78339,3.7416,-66.67641
36.076768,-79.008753,9,1.12,171.3,6.71,3252003,6.71,6.70589,-2.2325,6.55932,0.36973,0.33185,-0.17868,69.49722,2.64543,-67.78719
36.076769,-79.008755,9,0.45,171.3,6.33,3252803,6.33,6.32603,-3.52822,7.61935,0.13378,0.34819,-0.04749,67.40719,8.90091,-69.96492
36.076769,-79.008755,9,0.45,172.2,7.31,3253003,7.31,7.31306,-2.95514,6.01615,-0.3259,0.74159,0.77305,72.01111,5.02777,-66.16486
36.076758,-79.008748,9,2.82,172.2,8.46,3253803,8.46,8.46341,-3.03051,5.94916,-0.49297,0.82497,0.6718,74.91961,2.14849,-62.80328
36.076758,-79.008748,9,2.82,173.4,7.27,3254003,7.27,7.2694,-1.25324,5.41256,-0.11469,-0.76068,-0.59529,74.72961,-2.11926,-61.67787
36.076754,-79.008744,9,1.2,173.4,7.24,3254803,7.24,7.24307,-3.0993,6.36431,-0.10064,-0.1825,-0.23381,76.61502,3.2739,-62.40865
36.076754,-79.008744,9,1.2,173.6,6.63,3255003,6.63,6.62872,-2.7015,5.99582,0.02703,-0.31154,-0.46578,74.37884,5.77317,-64.83485
36.076746,-79.008742,9,1.01,173.6,5.95,3255803,5.95,5.95334,-5.23191,8.08535,-1.30542,1.66201,0.99311,77.34581,13.15405,-61.66326
36.076746,-79.008742,9,1.01,173.7,5.96,3256003,5.96,5.95574,-1.85145,4.32263,-0.84299,0.14371,-0.58887,81.75972,1.66618,-51.82695
36.076745,-79.008742,9,0.09,173.7,7.47,3256803,7.47,7.468,-2.65603,4.71027,-1.19775,-0.97769,-0.36713,86.11517,17.5095,-37.8252
36.076745,-79.008742,9,0.09,174.2,6.41,3257003,6.41,6.40559,-2.77747,7.50449,-0.51939,-0.10064,-0.85139,84.05437,21.83572,-47.71996
36.076739,-79.008737,9,1.45,174.2,6.55,3257803,6.55,6.55095,-2.39402,6.75255,-0.80955,0.15837,-0.11347,80.26893,33.92283,-47.0038
36.076739,-79.008737,9,1.45,173.4,7.26,3258003,7.26,7.25743,-2.07218,6.36431,-0.37248,0.51389,-0.39599,80.54662,34.94592,-44.69453
36.076734,-79.00873,9,1.55,173.4,7.44,3258803,7.44,7.43809,-2.51725,6.18006,0.01985,0.17318,-0.63606,74.55422,42.76527,-48.05612
36.076734,-79.00873,9,1.55,172.3,6.91,3259003,6.91,6.90987,-3.32602,6.14477,-0.16096,-0.10354,-0.3908,71.04648,46.98919,-48.5969
36.076727,-79.008733,9,1.32,172.3,6.96,3259803,6.96,6.96311,-3.47199,6.35594,-0.37049,0.16875,0.374,68.9126,47.79304,-51.15463
36.076727,-79.008733,9,1.32,170.7,7.2,3260003,7.2,7.20359,-2.30788,6.15733,-0.08369,0.00137,-0.06048,69.84799,46.11225,-53.81467
36.076724,-79.008734,9,0.36,170.7,6.99,3260803,6.99,6.99302,-2.48854,6.50668,-0.13912,-0.09377,0.13729,70.47646,44.98685,-54.53084
36.076724,-79.008734,9,0.36,170.5,7.35,3261003,7.35,7.34836,-2.88275,6.43011,0.39401,0.03574,-0.48747,69.59953,46.08302,-53.14236
36.076716,-79.008739,9,0.72,170.5,6.9,3261803,6.9,6.9021,-3.27518,6.27637,0.26512,0.6127,0.03192,69.30722,47.88074,-52.1485
36.076716,-79.008739,9,0.72,169.5,7.56,3262003,7.56,7.56132,-2.76192,6.14716,-0.14065,-0.22052,0.14126,71.09032,46.66764,-50.90617
36.076713,-79.00874,9,0.54,169.5,6.83,3262803,6.83,6.82971,-2.74457,6.134,-0.04979,-0.01588,0.12981,71.52879,45.11839,-51.49079
36.076713,-79.00874,9,0.54,167.9,7.37,3263003,7.37,7.3663,-2.69193,6.49173,0.06918,-0.06078,-0.01176,71.49957,44.78223,-51.62233
36.076704,-79.008741,9,0.72,167.9,6.78,3263803,6.78,6.77946,-2.90728,6.28834,0.10186,0.26848,0.18402,72.65419,43.49606,-51.2131
36.076704,-79.008741,9,0.72,165.4,7.43,3264003,7.43,7.43211,-2.69551,6.17767,0.13393,-0.05147,-0.01237,72.66881,45.03069,-47.07688
36.076701,-79.008743,9,0.36,165.4,7.75,3264803,7.75,7.74975,-2.98445,5.93181,0.18738,-0.19151,0.06475,75.31424,43.04297,-42.86758
36.076701,-79.008743,9,0.36,164.3,7.02,3265003,7.02,7.02174,-3.0018,6.23809,0.00137,-0.26145,0.32788,76.24963,41.33294,-44.08068
36.076697,-79.008736,9,0.86,164.3,7.04,3265803,7.04,7.04088,-2.74517,6.8351,0.01054,-0.21197,0.17853,78.26659,37.4598,-45.19146
36.076697,-79.008736,9,0.86,163.6,6.8,3266003,6.8,6.79562,-2.74457,6.22912,0.27611,0.45586,0.13607,79.07045,36.75826,-44.8553
36.076695,-79.00873,9,0.32,163.6,7.3,3266803,7.3,7.30469,-3.19801,6.27996,0.22831,0.07269,0.03176,80.64893,34.49284,-42.53143
36.076695,-79.00873,9,0.32,163.3,6.82,3267003,6.82,6.81655,-2.70927,5.95932,0.11179,-0.08155,0.09071,80.92663,33.6159,-42.07834
36.076699,-79.008726,9,0.14,163.3,7.17,3267803,7.17,7.16591,-2.84327,6.02034,0.146,0.03238,0.13928,83.03128,30.02046,-40.64601
36.076699,-79.008726,9,0.14,162.9,7.22,3268003,7.22,7.21556,-2.80618,6.50489,0.07559,-0.27718,0.12004,83.01666,29.62584,-42.00526
36.076697,-79.008725,9,0.82,162.9,7.29,3268803,7.29,7.29332,-2.8684,6.46002,-0.00794,-0.23045,0.28085,83.92283,24.56884,-40.90909
36.076697,-79.008725,9,0.82,163.3,6.87,3269003,6.87,6.8668,-2.49751,6.10648,0.35064,0.18097,-0.01985,84.39053,22.34727,-42.1368
36.076696,-79.008722,9,0.07,163.3,7.2,3269803,7.2,7.20479,-2.3988,6.24826,0.18005,-0.02123,0.21915,84.88746,17.30488,-42.6922
36.076696,-79.008722,9,0.07,163.9,7.14,3270003,7.14,7.13839,-2.77687,6.40319,0.33643,-0.10324,0.042,84.98977,17.37796,-43.45221
36.076695,-79.008719,9,0.46,163.9,6.97,3270803,6.97,6.97209,-2.91924,6.34397,0.10033,-0.26924,0.32773,84.47823,12.1748,-48.01228
36.076695,-79.008719,9,0.46,164.7,7.06,3271003,7.06,7.06122,-2.74816,6.3344,0.35125,0.05483,0.08613,84.0836,10.5817,-47.63227
36.076693,-79.008717,9,0.98,164.7,7.1,3271803,7.1,7.09592,-2.90249,6.31167,0.29184,0.02367,0.14539,83.30898,7.68781,-49.38614
36.076693,-79.008717,9,0.98,164.9,7.21,3272003,7.21,7.21436,-2.79721,6.1681,0.16768,-0.30238,0.16784,82.59281,6.2701,-51.18386
36.076692,-79.008707,9,0.91,164.9,7,3272803,7,7.00439,-2.80618,6.17408,0.14432,-0.22113,0.12966,80.03508,4.15083,-55.11546
36.076692,-79.008707,9,0.91,165.4,7.08,3273003,7.08,7.08156,-2.91266,6.39183,0.26649,0.12034,0.10568,79.56738,4.5893,-56.2701
36.076691,-79.0087,9,1.2,165.4,6.82,3273803,6.82,6.81596,-2.54178,5.99582,0.20403,0.03039,-0.02428,77.49197,2.22157,-58.15551
36.076691,-79.0087,9,1.2,165.5,7.36,3274003,7.36,7.35853,-3.05863,6.35893,0.17181,-0.00183,-0.01145,77.69658,4.34084,-59.07629
36.076696,-79.008691,9,0.56,165.5,7.23,3274803,7.23,7.2329,-2.95334,6.31286,0.1883,-0.05253,-0.06154,75.38731,3.50775,-61.0494
36.076696,-79.008691,9,0.56,165.7,6.79,3275003,6.79,6.79442,-2.6656,6.19023,0.1376,-0.10766,-0.03696,75.00731,5.04239,-63.41713
36.076696,-79.008685,9,0.77,165.7,3.43,3275803,3.43,3.43071,-3.12204,8.80499,1.26144,-1.75349,-1.35001,73.60421,17.43642,-65.52177
36.076696,-79.008685,9,0.77,165,6.49,3276003,6.49,6.49412,-6.48455,9.23809,-1.16859,-1.28602,2.10535,64.64484,14.82023,-72.66881
36.07669,-79.008673,9,2.54,165,5.85,3276803,5.85,5.84567,-3.19561,5.81576,-0.42211,-0.98548,1.17026,60.64016,20.08185,-75.18269
36.07669,-79.008673,9,2.54,165.3,7.56,3277003,7.56,7.56072,-1.69831,6.74896,0.04902,-0.36698,0.70219,60.61093,12.21865,-75.05116
36.076681,-79.008667,9,1.77,165.3,6.5,3277803,6.5,6.5013,-2.61954,6.30808,0.47663,0.24251,-0.06032,57.87782,25.92809,-75.79655
36.076681,-79.008667,9,1.77,165.1,7.7,3278003,7.7,7.69592,-2.62373,5.48375,0.26817,0.06613,0.14096,60.45016,27.06811,-73.75037
36.076674,-79.008668,9,1.38,165.1,8,3278803,8,8.0004,-3.15254,5.6339,0.58918,-0.16157,-0.32238,59.88015,35.15054,-71.86495
36.076674,-79.008668,9,1.38,165.2,6.51,3279003,6.51,6.51326,-3.13759,6.18006,-0.0452,-0.47953,0.45372,55.84624,37.44519,-72.42035
36.076668,-79.008668,9,1.02,165.2,7.31,3279803,7.31,7.30708,-3.10828,6.28774,-0.03329,-0.35461,0.5142,58.60859,41.43525,-69.13184
36.076668,-79.008668,9,1.02,166.1,6.78,3280003,6.78,6.77767,-2.17567,6.48874,0.20769,-0.06231,0.29367,58.22859,38.92137,-70.78339
36.076661,-79.008674,9,1.54,166.1,7.38,3280803,7.38,7.37827,-2.60459,6.44387,0.14416,-0.37248,0.17272,61.19556,43.78836,-64.76176
36.076661,-79.008674,9,1.54,167.6,6.64,3281003,6.64,6.64008,-2.55434,6.47079,0.50228,0.29719,-0.00473,60.8594,44.79684,-63.3879
36.076662,-79.008679,9,0.82,167.6,7.12,3281803,7.12,7.11865,-2.97847,6.27877,0.20372,0.13073,0.10934,64.25022,46.94534,-58.38936
36.076662,-79.008679,9,0.82,168.2,7.13,3282003,7.13,7.13061,-2.95633,6.03769,0.08934,-0.03283,0.14936,64.67407,47.14996,-57.32242
36.076661,-79.008688,9,0.37,168.2,7.38,3282803,7.38,7.37707,-3.02692,6.11247,0.04856,-0.16417,0.00809,65.96024,47.39842,-55.32008
36.076661,-79.008688,9,0.37,168,6.83,3283003,6.83,6.82612,-2.79542,6.13101,-0.01008,0.00473,0.13958,66.01871,47.29611,-56.67933
36.076659,-79.008697,9,1.1,168,7.03,3283803,7.03,7.02832,-2.66381,6.0993,-0.07514,0.0759,0.2587,67.67027,45.96609,-54.53084
36.076659,-79.008697,9,1.1,169.1,7.42,3284003,7.42,7.41955,-2.86959,6.13938,0.12263,0.00794,-0.04505,67.99181,47.29611,-53.43467
36.076655,-79.008698,9,0.48,169.1,7.52,3284803,7.52,7.51945,-2.83011,6.08016,0.04902,-0.17883,-0.0449,68.73721,46.41918,-52.86466
36.076655,-79.008698,9,0.48,168.8,6.76,3285003,6.76,6.75554,-2.76431,6.35594,0.05605,-0.05299,0.0026,68.29874,46.46302,-53.94622
36.076648,-79.008701,9,0.86,168.8,7.13,3285803,7.13,7.12762,-2.56152,6.37687,0.13653,0.29016,0.09911,70.44724,45.42531,-50.70155
36.076648,-79.008701,9,0.86,167.7,7.18,3286003,7.18,7.17548,-2.77149,6.04726,0.04551,-0.21976,-0.01359,70.66647,45.2207,-50.78924
36.076645,-79.00871,9,0.92,167.7,7.15,3286803,7.15,7.14975,-2.54836,6.22792,0.0843,-0.10369,0.00535,72.75651,43.93452,-49.50307
36.076645,-79.00871,9,0.92,167.5,7.09,3287003,7.09,7.09352,-3.08495,6.20758,0.07086,-0.11408,0.04276,71.36802,44.95761,-48.58229
36.076641,-79.008714,9,0.99,167.5,7.05,3287803,7.05,7.04806,-3.0006,6.41396,-0.0478,-0.14752,0.20739,72.96112,43.8176,-48.45074
36.076641,-79.008714,9,0.99,166.7,7.21,3288003,7.21,7.21077,-2.73201,6.35115,0.13531,0.05666,0.05452,73.85268,42.64835,-46.7261
36.076639,-79.008717,9,0.61,166.7,7.24,3288803,7.24,7.24248,-2.86541,6.29073,0.13195,-0.02107,0.03925,75.72347,41.56679,-45.4107
36.076639,-79.008717,9,0.61,167.2,7.08,3289003,7.08,7.08335,-3.12682,6.29611,0.10003,0.01817,0.08216,75.69424,41.59602,-44.2853
36.076641,-79.008719,9,0.1,167.2,7.36,3289803,7.36,7.35853,-2.866,6.2686,0.11087,0.07391,0.08415,77.7112,38.45367,-43.49606
36.076641,-79.008719,9,0.1,167.8,7.01,3290003,7.01,7.01456,-2.71466,6.21775,0.04398,-0.20601,0.05101,77.81351,38.13213,-43.94914
36.076635,-79.008715,9,1.81,167.8,7.12,3290803,7.12,7.11685,-2.94138,6.24587,-0.06597,-0.13821,0.20097,79.33353,36.97749,-42.22449
36.076635,-79.008715,9,1.81,168.5,6.86,3291003,6.86,6.85544,-2.73141,6.32483,0.03146,-0.00137,0.13775,79.81584,35.07746,-43.58375
36.076631,-79.008713,9,0.79,168.5,6.92,3291803,6.92,6.91945,-2.70808,6.19263,0.01206,-0.19074,0.07941,80.41508,33.35282,-43.02835
36.076631,-79.008713,9,0.79,168.4,7.31,3292003,7.31,7.31067,-3.00718,6.48096,0.22694,0.09697,-0.09255,80.72201,34.14207,-41.06986
36.076627,-79.008715,9,0.44,168.4,7.31,3292803,7.31,7.31187,-2.93599,6.31885,0.16707,0.12538,-0.0307,82.03741,31.39433,-41.50833
36.076627,-79.008715,9,0.44,168.3,6.99,3293003,6.99,6.99302,-2.77388,6.15733,0.00596,-0.07178,0.10843,81.87664,30.09354,-41.18679
36.076627,-79.008714,9,0.53,168.3,7.32,3293803,7.32,7.32144,-2.99163,5.97727,-0.02062,-0.17883,0.06613,83.11897,29.3043,-39.91523
36.076627,-79.008714,9,0.53,167.8,7.07,3294003,7.07,7.069,-2.90489,6.37867,-0.01573,-0.12813,0.08644,82.46127,28.90967,-42.23911
36.076628,-79.008713,9,0.26,167.8,6.92,3294803,6.92,6.91526,-2.75773,6.29432,0.05406,-0.08598,0.0029,83.06051,27.19965,-41.36217
36.076628,-79.008713,9,0.26,168.2,7.41,3295003,7.41,7.41057,-2.98684,6.25723,0.00535,0.04887,0.1295,83.82052,26.39579,-40.03215
36.07663,-79.008711,9,0.67,168.2,7.07,3295803,7.07,7.07438,-2.85165,6.35354,0.13867,0.16417,-0.0365,82.79742,24.97808,-41.06986
36.07663,-79.008711,9,0.67,168.5,7.27,3296003,7.27,7.27119,-2.84148,6.21536,0.03894,-0.0898,-0.06063,83.32359,25.59193,-40.83601
36.07663,-79.008708,9,0.37,168.5,7.19,3296803,7.19,7.18924,-3.02812,6.22852,-0.03009,-0.0139,0.01787,84.21514,25.27039,-39.84215
36.07663,-79.008708,9,0.37,168.7,7.05,3297003,7.05,7.04626,-2.83609,6.2345,-0.10522,-0.0423,0.08858,84.12745,24.8173,-41.04063
36.076624,-79.0087,9,0.41,168.7,7.21,3297803,7.21,7.20898,-2.71705,6.12802,-0.10782,-0.17074,-0.01405,84.03976,24.70038,-40.44139
36.076624,-79.0087,9,0.41,168.6,7,3298003,7,7.00379,-2.82652,6.42234,0.03925,0.10889,-0.07682,83.8936,24.64192,-42.01988
36.07662,-79.008693,9,0.55,168.6,6.9,3298803,6.9,6.90449,-2.82652,6.29133,0.07223,0.22281,-0.05055,83.49898,25.28501,-41.87372
36.07662,-79.008693,9,0.55,169,7.21,3299003,7.21,7.20539,-2.86481,6.19203,-0.08537,-0.08399,0.03482,83.64513,25.59193,-40.80678
36.07662,-79.008689,9,0.68,169,6.94,3299803,6.94,6.94278,-2.89831,6.33021,-0.12584,0.01206,0.15944,84.62438,24.99269,-41.44987
36.07662,-79.008689,9,0.68,168.6,7.14,3300003,7.14,7.13719,-2.67876,6.41217,0.03757,-0.01084,-0.12141,84.3613,25.44578,-40.93832
36.076617,-79.008687,9,0.99,168.6,7.04,3300803,7.04,7.04208,-2.8337,6.25245,-0.06765,-0.18418,-0.05925,83.63052,25.095,-42.50219
36.076617,-79.008687,9,0.99,168.5,6.98,3301003,6.98,6.98046,-2.97248,6.47259,-0.0087,0.12706,-0.01252,83.41129,25.69424,-41.52295
36.076616,-79.00868,9,0.49,168.5,7.16,3301803,7.16,7.16172,-2.90249,6.43191,0.19273,0.29062,-0.25427,83.77667,26.01579,-41.56679
36.076616,-79.00868,9,0.49,167.7,7.18,3302003,7.18,7.17607,-3.05504,6.18844,-0.21258,-0.09682,0.10599,83.80591,26.70272,-41.91757
36.076615,-79.008672,9,0.28,167.7,7.15,3302803,7.15,7.14796,-2.8995,6.22074,-0.01665,0.01817,-0.06628,83.04589,27.2435,-41.90295
36.076615,-79.008672,9,0.28,167.1,7.03,3303003,7.03,7.03251,-2.8672,6.26082,-0.06368,-0.06078,-0.04093,82.87051,27.44811,-42.31219
36.076613,-79.008661,9,0.35,167.1,7.2,3303803,7.2,7.2006,-2.75294,6.12383,-0.08338,-0.08063,-0.01878,83.22128,27.50658,-40.67524
36.076613,-79.008661,9,0.35,166.9,6.87,3304003,6.87,6.87039,-2.89173,6.45883,-0.01451,0.0649,-0.042,82.53435,27.49196,-42.66296
36.076613,-79.008655,9,0.18,166.9,7.26,3304803,7.26,7.25623,-3.03171,6.36192,-0.04688,-0.05849,-0.02627,83.1482,28.90967,-41.63987
36.076613,-79.008655,9,0.18,167.4,6.83,3305003,6.83,6.82912,-2.63749,6.07059,0.04276,0.08995,-0.07682,82.98743,28.47121,-42.76527
36.076616,-79.008651,9,0.68,167.4,7.02,3305803,7.02,7.01815,-2.81516,6.21356,-0.03787,-0.06246,-0.01054,82.73897,28.45659,-42.22449
36.076616,-79.008651,9,0.68,167.5,6.98,3306003,6.98,6.98046,-2.91087,6.31765,-0.00031,0.07605,0.01237,82.60742,28.82198,-42.03449
36.076616,-79.008645,9,0.46,167.5,7.12,3306803,7.12,7.12463,-2.76311,6.1675,-0.06628,-0.14813,-0.011,82.51974,28.48582,-42.51681
36.076616,-79.008645,9,0.46,167.3,6.97,3307003,6.97,6.97149,-2.86241,6.41516,0.01894,0.06109,-0.0055,82.78281,28.79275,-41.9468
36.076616,-79.008638,9,0.6,167.3,7,3307803,7,6.99781,-2.75713,6.20698,0.03711,0.05101,-0.06582,82.41742,27.94505,-41.77141
36.076616,-79.008638,9,0.6,166.9,7.16,3308003,7.16,7.16351,-2.92104,6.3015,-0.05696,-0.00076,0.05696,82.43204,28.19351,-41.62526
36.076616,-79.008632,9,0.81,166.9,7.12,3308803,7.12,7.11925,-2.69013,6.2339,-0.03543,-0.06231,0.02947,83.03128,28.14966,-42.66296
36.076616,-79.008632,9,0.81,167,7.06,3309003,7.06,7.05703,-2.93061,6.45105,0.03833,0.01558,-0.0255,83.22128,28.04736,-42.47296
36.076617,-79.008629,9,0.21,167,7.06,3309803,7.06,7.06361,-2.70688,6.42054,0.0704,0.06933,-0.06032,83.11897,27.63812,-42.20988
36.076617,-79.008629,9,0.21,167.2,7.14,3310003,7.14,7.14497,-2.95095,6.23689,-0.04032,-0.07178,0.0113,83.49898,27.78427,-42.64835
36.076619,-79.008627,9,0.03,167.2,7.12,3310803,7.12,7.12164,-2.81336,6.34696,-0.11545,-0.09529,0.08369,83.19205,27.57966,-42.06372
36.076619,-79.008627,9,0.03,166.9,7.04,3311003,7.04,7.04387,-2.799,6.30449,0.05727,0.08063,-0.07422,83.35282,26.90734,-42.77989
36.07662,-79.008629,9,0.52,166.9,6.83,3311803,6.83,6.83031,-2.70389,6.27578,-0.00702,0.09942,0.02001,83.03128,26.07425,-42.73604
36.07662,-79.008629,9,0.52,166.7,7.31,3312003,7.31,7.31067,-3.05922,6.26022,0.011,0.00092,-0.04459,83.30898,27.55042,-41.56679
36.076618,-79.008631,9,0.56,166.7,7.03,3312803,7.03,7.0331,-2.8337,6.22134,0.02474,0.07666,-0.06674,83.41129,27.37504,-42.03449
36.076618,-79.008631,9,0.56,166.9,7.13,3313003,7.13,7.13001,-2.77089,6.26441,-0.08842,-0.04123,0.00794,82.9582,27.85735,-41.68372
36.076614,-79.008632,9,0.47,166.9,7.15,3313803,7.15,7.15334,-2.97488,6.37029,-0.04856,0.011,-0.0391,82.91435,28.3689,-41.4791
36.076614,-79.008632,9,0.47,167.4,6.91,3314003,6.91,6.90928,-2.8672,6.28654,-0.12721,-0.00809,0.04933,82.54897,28.20813,-41.8591
36.076614,-79.008633,9,0.2,167.4,7.26,3314803,7.26,7.26401,-2.84686,6.21476,-0.11606,-0.04505,0.02978,82.88512,29.0266,-41.17217
36.076614,-79.008633,9,0.2,167.5,7.05,3315003,7.05,7.04567,-2.74397,6.22313,0.00901,0.06933,-0.0901,83.26513,28.99737,-41.52295
36.076609,-79.00863,9,0.17,167.5,6.88,3315803,6.88,6.88475,-2.75055,6.24766,-0.10171,-0.09514,-0.00504,82.60742,28.99737,-42.48758
36.076609,-79.00863,9,0.17,167.3,7.27,3316003,7.27,7.27478,-3.02273,6.34038,0.0058,0.14157,-0.03375,82.53435,29.74277,-41.44987
36.076608,-79.008629,9,0.35,167.3,7.21,3316803,7.21,7.20718,-2.8684,6.37747,0.04719,0.18769,-0.08155,82.47588,30.91201,-42.26834
36.076608,-79.008629,9,0.35,167.3,7.11,3317003,7.11,7.11267,-2.95693,6.18784,-0.0759,-0.01924,-0.0255,81.97895,31.01432,-42.72143
36.076605,-79.008627,9,0.54,167.3,7.23,3317803,7.23,7.2329,-2.89591,6.15554,-0.09621,-0.02718,-0.01741,81.89127,31.8328,-41.62526
36.076605,-79.008627,9,0.54,167,7.05,3318003,7.05,7.04806,-2.93181,6.38585,-0.08094,0.00733,-0.00596,81.26279,32.12511,-41.87372
36.076602,-79.008627,9,0.22,167,7.11,3318803,7.11,7.10967,-2.96112,6.21416,-0.02932,0.1744,-0.00321,81.0874,32.91435,-42.28296
36.076602,-79.008627,9,0.22,167.5,7.19,3319003,7.19,7.18565,-2.76072,6.25962,-0.07544,-0.08552,-0.07621,80.53201,32.91435,-42.15142
36.0766,-79.008621,9,1.74,167.5,7.03,3319803,7.03,7.0331,-2.78225,6.25843,-0.05941,0.01939,-0.00519,80.47355,33.06051,-43.59836
36.0766,-79.008621,9,1.74,168.1,7.08,3320003,7.08,7.08036,-2.77687,6.39362,0.00718,0.06475,-0.03085,80.63432,33.26513,-43.14528
36.0766,-79.008617,9,0.81,168.1,6.96,3320803,6.96,6.96012,-2.7685,6.21117,0.04383,0.05192,-0.03131,80.83894,33.5136,-42.26834
36.0766,-79.008617,9,0.81,169.1,7.2,3321003,7.2,7.19701,-2.85942,6.34756,-0.02764,-0.04398,0.02123,80.83894,32.94358,-41.84449
36.076597,-79.008617,9,1.07,169.1,6.98,3321803,6.98,6.98226,-2.70748,6.34935,0.04078,-0.00412,-0.02947,81.33587,32.47588,-41.96141
36.076597,-79.008617,9,1.07,170.6,7.08,3322003,7.08,7.07677,-2.98026,6.40379,0.0982,0.15012,-0.02275,81.2774,32.53435,-41.71295
36.076596,-79.00862,9,0.61,170.6,7.03,3322803,7.03,7.02652,-2.96889,6.18305,0.0226,0.03451,0.03955,81.51125,31.89126,-41.74218
36.076596,-79.00862,9,0.61,170.2,7.05,3323003,7.05,7.05344,-2.82174,6.3685,-0.02459,-0.08247,0.04581,81.84741,31.21894,-42.73604
36.07659,-79.008623,9,0.38,170.2,7.04,3323803,7.04,7.04327,-2.79242,6.44447,0.09789,0.12034,-0.00641,82.16895,30.51739,-41.84449
36.07659,-79.008623,9,0.38,170.2,7.15,3324003,7.15,7.14916,-2.88874,6.18485,-0.04612,-0.08125,0.07651,82.37358,29.84507,-42.18065
36.076583,-79.008623,9,1.13,170.2,7.12,3324803,7.12,7.11625,-2.64706,6.335,0.05986,-0.06872,-0.06613,82.43204,28.88044,-41.91757
36.076583,-79.008623,9,1.13,170.3,7.02,3325003,7.02,7.02293,-2.89412,6.44746,0.04444,0.04001,-0.02153,82.27126,29.0266,-41.7568
36.076579,-79.008626,9,0.3,170.3,7.21,3325803,7.21,7.20658,-2.88754,6.27458,0.06124,0.16539,0.02978,82.9582,27.78427,-41.80064
36.076579,-79.008626,9,0.3,170.7,6.97,3326003,6.97,6.97209,-2.85284,6.26501,-0.02214,-0.10751,-0.00519,82.4905,27.27273,-42.79451
36.076578,-79.008629,9,0.21,170.7,7.05,3326803,7.05,7.04686,-2.75294,6.31645,0.05177,-0.08002,-0.06628,82.65127,26.23502,-42.04911
36.076578,-79.008629,9,0.21,171.4,7.22,3327003,7.22,7.21795,-2.9683,6.28714,0.05452,0.0533,0.0336,82.73897,26.11809,-41.78603
36.076575,-79.008635,9,0.92,171.4,7.1,3327803,7.1,7.10489,-2.97009,6.2357,0.01772,0.02795,0.13668,83.5136,25.16808,-42.9845
36.076575,-79.008635,9,0.92,171.3,7.1,3328003,7.1,7.1025,-2.66261,6.36371,0.08186,0.03176,0.03314,83.7036,24.40807,-42.20988
36.076566,-79.00863,9,0.53,171.3,7.22,3328803,7.22,7.21795,-3.01496,6.17827,0.04276,-0.08292,-0.06597,84.14207,23.39959,-42.45835
36.076566,-79.00863,9,0.53,171.3,6.89,3329003,6.89,6.88595,-2.799,6.46242,-0.04566,-0.03238,0.06414,84.06898,22.8442,-42.72143
36.076559,-79.008628,9,0.49,171.3,7.11,3329803,7.11,7.10848,-2.85942,6.41695,0.03696,0.12523,-0.01481,83.95206,22.68343,-42.92604
36.076559,-79.008628,9,0.49,170.9,7.04,3330003,7.04,7.04148,-2.81157,6.22194,-0.04688,-0.07086,-0.02993,83.8936,22.66881,-42.54604
36.076551,-79.008624,9,0.61,170.9,7.1,3330803,7.1,7.09891,-2.98206,6.47199,-0.01939,0.0058,-0.08628,83.86436,23.56036,-42.10757
36.076551,-79.008624,9,0.61,172.1,6.75,3331003,6.75,6.75075,-2.8337,6.34995,-0.10644,0.04734,0.04414,83.90821,23.25344,-43.13066
36.076545,-79.008623,9,0.48,172.1,7.13,3331803,7.13,7.12702,-2.82772,6.39063,-0.01436,0.05605,-0.06918,83.44051,24.18883,-42.66296
36.076545,-79.008623,9,0.48,172.4,7.14,3332003,7.14,7.14317,-2.83849,6.17169,-0.08735,-0.01084,0.01512,84.33207,24.34961,-42.48758
36.076541,-79.008622,9,0.24,172.4,7.18,3332803,7.18,7.18445,-2.85165,6.62752,-0.08537,-0.05253,0.02825,83.5136,25.59193,-42.12218
36.076541,-79.008622,9,0.24,172.7,6.88,3333003,6.88,6.87996,-2.70748,6.19562,-0.00061,0.03986,-0.05528,83.6159,24.53961,-43.49606
36.076537,-79.00862,9,0.37,172.7,6.96,3333803,6.96,6.96192,-2.62493,6.32244,-0.03528,-0.00947,0.00748,83.39667,23.92575,-43.08682
36.076537,-79.00862,9,0.37,172.7,7.19,3334003,7.19,7.19282,-2.83789,6.21715,0.03833,0.06292,-0.0139,84.33207,24.61269,-42.57527
36.076537,-79.008614,9,0.56,172.7,7.03,3334803,7.03,7.0337,-2.91266,6.41097,0.21793,0.3456,0.02291,83.98129,23.10728,-41.69833
36.076537,-79.008614,9,0.56,172.5,7.33,3335003,7.33,7.32682,-2.82652,5.95454,-0.12966,-0.32605,0.17898,84.43438,22.44958,-41.81526
36.076541,-79.008612,9,1.54,172.5,7.05,3335803,7.05,7.05045,-2.76192,6.05982,0.01084,-0.29108,0.02611,84.5513,20.44724,-44.24145
36.076541,-79.008612,9,1.54,173.4,6.86,3336003,6.86,6.85723,-2.81037,6.72922,0.06552,-0.05956,0.06826,84.7413,20.52032,-44.56299
36.076544,-79.00861,9,1.55,173.4,7.06,3336803,7.06,7.06062,-2.99821,6.51566,0.07926,0.00443,0.08903,84.79977,18.09412,-44.38761
36.076544,-79.00861,9,1.55,173.9,6.97,3337003,6.97,6.97328,-2.6674,6.2016,0.12034,0.1463,0.10079,85.00439,17.83104,-44.19761
36.076546,-79.008608,9,1.05,173.9,7.2,3337803,7.2,7.19641,-2.82832,6.02632,-0.01298,-0.14569,0.15088,84.94592,15.28793,-44.24145
36.076546,-79.008608,9,1.05,174.2,6.95,3338003,6.95,6.94517,-2.78764,6.59282,0.07315,-0.05498,0.09316,84.84361,14.87869,-45.99532
36.076542,-79.008601,9,1.28,174.2,6.86,3338803,6.86,6.85843,-2.8349,6.30808,0.12217,-0.01588,0.07239,84.24437,12.07249,-47.0038
36.076542,-79.008601,9,1.28,174.3,7.31,3339003,7.31,7.31247,-2.8325,6.34636,0.12966,-0.01466,0.04658,84.77054,11.83864,-46.65303
36.076537,-79.008602,9,0.24,174.3,7.08,3339803,7.08,7.07917,-3.04846,6.52164,-0.01649,-0.07712,0.16631,84.31745,10.02631,-47.95382
36.076537,-79.008602,9,0.24,174.4,7.18,3340003,7.18,7.18026,-2.88156,6.22852,0.16906,-0.02703,-0.07254,83.65975,9.93861,-49.54692
36.076538,-79.008601,9,0.56,174.4,6.81,3340803,6.81,6.81296,-2.59502,6.45045,0.13821,-0.06872,-0.04994,83.01666,7.60012,-50
36.076538,-79.008601,9,0.56,173.5,7.14,3341003,7.14,7.14497,-3.18186,6.4014,0.07178,-0.02092,0.07055,82.92897,8.08243,-50.64309
36.076537,-79.008596,9,0.41,173.5,7.14,3341803,7.14,7.14377,-2.92702,6.37508,0.11698,0.08277,0.03818,81.87664,6.72318,-52.55773
36.076537,-79.008596,9,0.41,172.7,7.14,3342003,7.14,7.14138,-2.8331,6.19143,0.06994,-0.02841,0.07804,82.28588,6.4601,-52.07542
36.076537,-79.0086,9,0.58,172.7,7.22,3342803,7.22,7.21616,-3.06401,6.26321,0.08201,0.10996,0.15149,81.49664,5.39316,-53.81467
36.076537,-79.0086,9,0.58,173.7,6.95,3343003,6.95,6.94756,-2.80738,6.26082,0.15134,-0.06017,-0.04154,81.42356,5.11546,-54.04853
36.076537,-79.008602,9,0.37,173.7,6.98,3343803,6.98,6.97986,-2.80618,6.27159,0.27764,0.02199,-0.1463,79.53815,4.60392,-56.40163
36.076537,-79.008602,9,0.37,174.6,7.25,3344003,7.25,7.24607,-3.28475,6.27398,-0.06399,-0.05467,0.27519,79.50891,4.83777,-56.13856
36.076535,-79.008605,9,0.69,174.6,6.85,3344803,6.85,6.84706,-2.66919,6.19203,0.0617,-0.05589,0.08674,77.98889,4.10699,-58.36013
36.076535,-79.008605,9,0.69,175.2,7.18,3345003,7.18,7.17607,-3.29013,6.23211,0.01161,-0.05742,0.15882,77.97428,4.53084,-59.39783
36.076538,-79.008605,9,0.78,175.2,6.93,3345803,6.93,6.9332,-2.54477,6.03709,0.04688,-0.18708,-0.05162,76.57118,3.56621,-60.55247
36.076538,-79.008605,8,0.78,174.9,7.07,3346003,7.07,7.069,-3.44746,6.42353,0.02581,0.14386,0.13439,76.83426,4.98392,-60.52324
36.076541,-79.008597,8,0.3,174.9,6.92,3346803,6.92,6.91705,-3.01675,6.31765,0.12095,0.13958,-0.02535,76.05963,4.69161,-62.14557
36.076541,-79.008597,8,0.3,173.5,7.26,3347003,7.26,7.26341,-2.95514,6.14417,-0.14493,-0.14371,0.22556,76.38118,3.96083,-60.66939
36.076542,-79.008589,8,0.68,173.5,7.19,3347803,7.19,7.18684,-3.11665,6.51386,0.18005,0.21182,-0.04612,75.19731,4.26776,-62.77404
36.076542,-79.008589,8,0.68,173.2,6.95,3348003,6.95,6.95294,-2.61715,5.91207,-0.02428,-0.22495,0.01939,74.77346,3.36159,-62.80328
36.076536,-79.008588,8,1.8,173.2,6.86,3348803,6.86,6.85604,-2.65484,6.09751,0.29841,-0.00275,-0.35888,73.92575,4.37007,-64.29407
36.076536,-79.008588,8,1.8,172.9,7.03,3349003,7.03,7.03251,-3.53061,6.34577,-0.1347,-0.23564,0.09911,74.02806,5.91932,-65.27332
36.076535,-79.008592,8,0.92,172.9,7.19,3349803,7.19,7.18744,-3.31705,6.33919,0.06277,0.08552,0.0785,72.63958,5.23239,-66.16486
36.076535,-79.008592,8,0.92,172,7.1,3350003,7.1,7.09532,-2.63749,6.05564,0.04872,-0.02443,0.02092,72.47881,3.42005,-65.34639
36.07653,-79.008593,8,0.69,172,7.25,3350803,7.25,7.25444,-3.02513,5.99582,0.18692,0.2219,-0.11484,71.93803,5.68547,-66.95411
36.07653,-79.008593,9,0.69,172,6.88,3351003,6.88,6.87637,-2.6686,6.32603,-0.05315,-0.30024,-0.09255,71.01725,4.48699,-67.30488
36.076528,-79.008594,9,0.74,172,6.67,3351803,6.67,6.6682,-2.71585,6.10529,0.17089,-0.05544,-0.1266,69.73107,6.62087,-68.85413
36.076528,-79.008594,9,0.74,172.5,7.3,3352003,7.3,7.3023,-3.17827,6.4002,-0.04948,-0.06322,0.17746,70.92955,6.41625,-67.52412
36.076525,-79.008597,9,0.98,172.5,7.03,3352803,7.03,7.03251,-2.60279,6.12921,0.07682,-0.1938,-0.11774,69.07337,6.2701,-68.73721
36.076525,-79.008597,9,0.98,172.3,7.17,3353003,7.17,7.17009,-3.38345,6.49173,0.04719,0.32147,0.20082,68.94183,7.38088,-69.19029
36.07652,-79.0086,9,0.94,172.3,7.24,3353803,7.24,7.24367,-2.8002,6.2357,0.02749,-0.17807,-0.06429,68.02105,6.91318,-70.08185
36.07652,-79.0086,9,0.94,172.3,7.18,3354003,7.18,7.18086,-2.88275,6.16271,0.04368,0.12294,0.07605,69.23415,7.13242,-69.74569
36.076517,-79.008608,9,1.22,172.3,7.05,3354803,7.05,7.05284,-2.84148,6.13819,0.08613,0.01833,-0.0452,68.50336,7.8632,-70.56416
36.076517,-79.008608,9,1.22,173.2,7.09,3355003,7.09,7.08993,-2.81217,6.09093,-0.03283,-0.23778,-0.05528,67.21719,7.41011,-71.29494
36.076512,-79.008614,9,1.29,173.2,6.73,3355803,6.73,6.72622,-2.59681,6.14477,0.09636,-0.01588,-0.19853,67.37796,7.22011,-71.64572
36.076512,-79.008614,9,1.29,172.2,7.64,3356003,7.64,7.64387,-3.27219,6.08315,-0.11805,-0.00137,0.14936,68.7226,9.00321,-70.78339
36.07651,-79.008612,9,0.24,172.2,7.24,3356803,7.24,7.23829,-2.72363,6.15075,-0.12202,-0.14172,0.04032,67.39258,7.80474,-70.54955
36.07651,-79.008612,9,0.24,171.6,7.11,3357003,7.11,7.11267,-2.94198,6.24228,0.02581,0.04505,-0.0255,67.33411,8.47705,-71.45572
36.07651,-79.008616,9,0.4,171.6,7.08,3357803,7.08,7.08395,-2.95932,6.35474,-0.07957,-0.02978,0.07025,67.18796,8.9886,-71.16341
36.07651,-79.008616,9,0.4,171.3,6.98,3358003,6.98,6.98285,-2.77747,6.23749,-0.01436,0.04398,-0.06277,66.20871,7.93628,-70.82725
36.076507,-79.008623,9,0.12,171.3,7.21,3358803,7.21,7.21017,-3.0335,6.34218,0.01252,0.25015,-0.00336,67.11488,8.97398,-71.14879
36.076507,-79.008623,9,0.12,171.3,6.95,3359003,6.95,6.95115,-2.61236,6.12503,-0.177,-0.14371,0.00489,67.34873,7.60012,-71.13417
36.076503,-79.008634,9,0.31,171.3,6.99,3359803,6.99,6.99422,-2.76311,6.32842,-0.02611,0.06979,-0.09774,67.91874,7.1178,-70.038
36.076503,-79.008634,9,0.31,172.1,7.11,3360003,7.11,7.10848,-2.8666,6.26321,-0.11377,-0.16341,-0.0982,67.71412,7.05934,-70.82725
36.0765,-79.008643,9,0.76,172.1,6.7,3360803,6.7,6.69751,-2.72782,6.28056,-0.09804,0.06613,-0.08903,68.47413,6.40164,-69.70184
36.0765,-79.008643,9,0.76,173.2,7.21,3361003,7.21,7.21316,-3.54257,6.23749,-0.14661,0.10278,0.03711,70.19878,8.06782,-68.35721
36.076499,-79.008646,9,0.29,173.2,7.02,3361803,7.02,7.01815,-2.81635,6.20638,-0.18418,0.02443,0.01665,71.4411,5.18854,-66.92487
36.076499,-79.008646,9,0.29,173.1,7.07,3362003,7.07,7.0672,-2.9659,6.37986,-0.04123,0.09575,-0.15806,71.54341,5.43701,-66.92487
36.076498,-79.008648,9,0.31,173.1,7.3,3362803,7.3,7.29572,-3.08495,6.3661,-0.1321,0.08567,-0.05651,73.15112,4.99854,-64.83485
36.076498,-79.008648,9,0.31,172.6,6.86,3363003,6.86,6.85723,-2.63091,6.17408,-0.13622,0.02581,-0.11133,73.37036,3.66852,-65.75563
36.076499,-79.008647,9,0.46,172.6,7.09,3363803,7.09,7.09233,-2.69013,6.2004,-0.1405,-0.03894,-0.1295,74.99269,3.06928,-61.97018
36.076499,-79.008647,9,0.46,172.6,7.08,3364003,7.08,7.07558,-3.34876,6.34337,-0.08262,0.18479,-0.08079,75.53347,4.85238,-61.73633
36.076499,-79.00865,9,0.17,172.6,7.38,3364803,7.38,7.38365,-2.85643,6.30808,-0.10125,-0.08796,-0.14248,76.99503,3.88775,-59.63169
36.076499,-79.00865,9,0.17,173.5,6.57,3365003,6.57,6.57009,-2.81635,6.41755,-0.05727,0.1689,-0.05864,76.51272,3.28851,-60.55247
36.076503,-79.008646,9,1.02,173.5,7.11,3365803,7.11,7.11267,-2.94437,6.44387,0.00443,0.05345,-0.22617,77.36042,4.89623,-59.63169
36.076503,-79.008646,9,1.02,173.7,7.02,3366003,7.02,7.02353,-2.94257,6.22313,-0.17364,0.03238,-0.01878,78.66121,4.3116,-58.37474
36.076498,-79.008643,9,1.05,173.7,7.17,3366803,7.17,7.16949,-2.66261,6.09392,-0.06674,-0.15898,-0.24404,80.31277,4.35545,-55.72932
36.076498,-79.008643,9,1.05,174.4,7.15,3367003,7.15,7.14557,-3.27099,6.36371,-0.11881,0.00244,-0.07315,79.962,4.72084,-56.79626
36.076495,-79.008647,9,0.24,174.4,6.89,3367803,6.89,6.89073,-2.80319,6.32603,-0.21793,-0.07895,-0.04215,80.73663,5.20316,-55.46624
36.076495,-79.008647,9,0.24,173.9,6.95,3368003,6.95,6.95175,-3.00778,6.38704,-0.11209,0.3065,0.02825,80.76585,4.32622,-55.11546
36.076498,-79.00865,9,0.37,173.9,7.12,3368803,7.12,7.11984,-2.77149,6.12622,-0.12813,-0.05452,-0.15715,81.64279,5.53932,-52.55773
36.076498,-79.00865,9,0.37,174.2,6.99,3369003,6.99,6.99482,-3.26501,6.38405,-0.13531,-0.03803,-0.16264,82.8559,7.24934,-52.7185
36.076495,-79.008655,9,1.1,174.2,6.88,3369803,6.88,6.87518,-3.04188,6.39602,-0.14065,0.09362,-0.03054,83.38205,8.46244,-50.67232
36.076495,-79.008655,9,1.1,173.5,7.13,3370003,7.13,7.12523,-3.07298,6.2686,-0.22006,0.06231,0.07712,83.30898,8.60859,-50.48232
36.076496,-79.008665,9,0.97,173.5,7,3370803,7,6.99602,-2.89173,6.34098,-0.0982,0.05421,-0.12553,83.74744,9.41245,-48.75767
36.076496,-79.008665,9,0.97,173.8,7.11,3371003,7.11,7.10848,-2.81575,6.22493,-0.10996,0.06399,-0.07025,84.43438,10.43554,-48.08536
36.076497,-79.008667,9,0.4,173.8,7.11,3371803,7.11,7.11207,-2.92343,6.27877,-0.10431,0.1492,-0.05208,84.81438,11.86788,-46.19994
36.076497,-79.008667,9,0.4,173.6,7.15,3372003,7.15,7.15275,-2.93839,6.30449,-0.08781,0.0872,-0.09087,85.00439,12.30634,-46.02456
36.076493,-79.008665,9,0.18,173.6,7.05,3372803,7.05,7.04926,-3.1663,6.17348,-0.17349,-0.05483,-0.03238,85.04823,14.54253,-45.80532
36.076493,-79.008665,9,0.18,172.9,6.97,3373003,6.97,6.9691,-2.92463,6.51446,-0.01329,0.11988,-0.18616,84.43438,15.39024,-46.08302
36.076494,-79.008666,9,0.56,172.9,7.04,3373803,7.04,7.03909,-2.9665,6.28595,-0.13699,0.10049,-0.06964,85.00439,17.43642,-43.5399
36.076494,-79.008666,9,0.56,172,7.08,3374003,7.08,7.07857,-2.92164,6.38884,-0.13775,0.09331,-0.04826,84.91669,17.30488,-44.76761
36.076494,-79.008664,9,0.3,172,7.09,3374803,7.09,7.09472,-2.78405,6.29133,-0.09957,0.07071,-0.14997,84.47823,20.15493,-42.76527
36.076494,-79.008664,9,0.3,170.9,7.09,3375003,7.09,7.09173,-3.04307,6.28176,-0.17089,0.05177,-0.03467,84.82899,20.91494,-43.14528
36.076492,-79.008661,9,0.63,170.9,7.22,3375803,7.22,7.22034,-2.90309,6.35594,-0.07789,0.11652,-0.08934,84.259,23.06343,-41.93218
36.076492,-79.008661,9,0.63,171.2,7.08,3376003,7.08,7.08216,-2.74158,6.1681,-0.15944,0.04612,0.00519,84.90208,23.38498,-42.18065
36.07649,-79.00866,9,0.44,171.2,7.24,3376803,7.24,7.23889,-2.82652,6.25364,-0.08674,0.06063,-0.09865,83.77667,25.29962,-41.42064
36.07649,-79.00866,9,0.44,171.1,6.96,3377003,6.96,6.96311,-2.85524,6.28535,-0.06048,0.042,-0.12156,83.71821,26.45425,-41.99065
36.07649,-79.008659,9,0.38,171.1,7.12,3377803,7.12,7.11566,-2.94198,6.44268,-0.05253,0.20815,-0.02688,83.01666,28.29582,-41.8591
36.07649,-79.008659,9,0.38,170.9,7.2,3378003,7.2,7.2,-2.82951,6.04786,-0.05651,0.0759,-0.10446,83.06051,29.12891,-42.26834
36.07649,-79.008658,9,0.51,170.9,7.08,3378803,7.08,7.07677,-2.76969,6.16152,-0.12737,-0.07987,-0.06689,82.65127,29.6843,-42.64835
36.07649,-79.008658,9,0.51,171.3,7.16,3379003,7.16,7.16232,-2.933,6.32004,-0.03635,0.09178,-0.09927,81.97895,30.34201,-42.63373
36.07649,-79.008653,9,0.98,171.3,7.19,3379803,7.19,7.18983,-2.78704,6.18904,-0.05284,-0.00199,-0.06078,82.35896,31.18971,-42.53143
36.07649,-79.008653,9,0.98,171.4,7.11,3380003,7.11,7.10967,-3.01675,6.26262,-0.05956,-0.02611,-0.08415,82.12511,31.6428,-41.81526
36.076489,-79.00865,9,0.84,171.4,7.11,3380803,7.11,7.10609,-2.866,6.22672,-0.08827,-0.07483,-0.09484,81.71587,33.01666,-43.37913
36.076489,-79.00865,9,0.84,171.2,7.11,3381003,7.11,7.11087,-2.94317,6.43849,-0.03879,0.16264,-0.03406,81.13125,34.01052,-42.70681
36.076487,-79.008646,9,0.83,171.2,6.98,3381803,6.98,6.98046,-2.71346,6.2333,-0.01939,0.10263,-0.06964,80.40047,34.56592,-44.2853
36.076487,-79.008646,9,0.83,169.5,7.24,3382003,7.24,7.24307,-2.9671,6.24826,-0.08781,-0.05147,-0.04215,80.57585,34.93131,-43.5399
36.076487,-79.008645,9,0.32,169.5,7.12,3382803,7.12,7.12403,-2.92223,6.3009,-0.00687,0.07697,-0.02428,79.93277,35.91055,-43.23297
36.076487,-79.008645,9,0.32,168.3,7.01,3383003,7.01,7.01396,-2.87079,6.2339,-0.03512,-0.00855,-0.04078,80.03508,35.58901,-44.32914
36.076489,-79.008645,9,0.17,168.3,7.05,3383803,7.05,7.05225,-2.6991,6.28834,-0.03146,-0.04551,-0.03818,79.50891,35.69132,-43.96375
36.076489,-79.008645,9,0.17,167.8,7.24,3384003,7.24,7.23829,-2.94018,6.24467,0.01665,0.11958,0.0168,79.65507,35.63285,-41.93218
36.076492,-79.008645,9,0.38,167.8,7.07,3384803,7.07,7.069,-2.85524,6.05145,0.00519,-0.06384,0.01833,80.57585,34.68284,-42.67758
36.076492,-79.008645,9,0.38,167.2,7.13,3385003,7.13,7.12941,-2.81695,6.45584,-0.02566,-0.10079,0.07957,80.34201,35.34055,-42.56065
36.076486,-79.008639,9,1.12,167.2,7.06,3385803,7.06,7.06481,-2.88096,6.39602,0.08812,0.07605,0.02764,81.16048,33.71821,-42.44373
36.076486,-79.008639,9,1.12,166.6,7.05,3386003,7.05,7.04567,-2.75833,6.21775,0.07285,0.09362,0.04261,81.3651,32.91435,-42.91143
36.076482,-79.008637,9,0.89,166.6,7.21,3386803,7.21,7.20957,-2.93061,6.32662,-0.00367,-0.04902,0.02596,81.83279,32.2128,-41.8591
36.076482,-79.008637,9,0.89,166.1,6.98,3387003,6.98,6.97986,-2.84686,6.29432,0.09774,0.09881,-0.01939,82.03741,32.13972,-42.35603
36.076482,-79.008632,9,0.76,166.1,7.11,3387803,7.11,7.11147,-2.87737,6.21416,0.0084,-0.06582,0.01145,82.13972,30.8974,-41.88834
36.076482,-79.008632,9,0.76,166.1,7.18,3388003,7.18,7.17966,-2.97248,6.2692,-0.00764,-0.0704,0.03497,82.06665,30.18123,-42.32681
36.076481,-79.008627,9,0.21,166.1,7.13,3388803,7.13,7.13181,-2.87498,6.3679,0.00718,-0.02046,0.06582,82.43204,28.70506,-41.78603
36.076481,-79.008627,9,0.21,165.7,7.08,3389003,7.08,7.08395,-2.88814,6.21117,0.07162,0.06643,0.03054,82.59281,28.66121,-43.37913
36.076479,-79.008622,9,0.09,165.7,7.04,3389803,7.04,7.04088,-2.83609,6.2668,0.01298,-0.04047,0.04352,83.52821,27.44811,-42.77989
36.076479,-79.008622,9,0.09,165.7,7.16,3390003,7.16,7.15633,-2.93181,6.28834,0.05391,-0.00718,0.01695,83.82052,27.55042,-41.96141
36.076478,-79.008617,9,0.09,165.7,7.14,3390803,7.14,7.14258,-2.88993,6.22014,-0.02214,-0.04429,0.06735,83.58667,26.14733,-42.96989
36.076478,-79.008617,9,0.09,165.2,7.09,3391003,7.09,7.08515,-2.7661,6.24646,0.05253,-0.02627,-0.02199,83.98129,25.7527,-42.1368
36.076478,-79.008613,9,0.16,165.2,7.02,3391803,7.02,7.02353,-2.8672,6.26561,0.02505,-0.011,0.0368,83.67436,24.89038,-42.96989
36.076478,-79.008613,9,0.16,165.5,7.16,3392003,7.16,7.15633,-2.96112,6.13699,0.06979,-0.00825,-0.02505,83.79129,24.55422,-42.34142
36.07648,-79.008604,9,0.55,165.5,7.13,3392803,7.13,7.12822,-2.92463,6.27219,0.08644,0.07666,0.00916,83.55744,22.94651,-42.23911
36.07648,-79.008604,9,0.55,164.8,7.12,3393003,7.12,7.12224,-2.89292,6.20937,-0.02718,-0.13241,0.05742,84.14207,22.77112,-42.77989
36.07648,-79.008596,9,0.52,164.8,7.1,3393803,7.1,7.10309,-2.98744,6.29133,0.02428,-0.0084,0.04047,84.52207,21.77726,-43.46682
36.07648,-79.008596,9,0.52,165.5,7.03,3394003,7.03,7.02593,-2.87139,6.31885,0.03146,0.03986,0.06429,84.85823,20.92955,-43.61298
36.076479,-79.00859,9,0.1,165.5,7.01,3394803,7.01,7.00858,-2.88694,6.40379,0.03971,0.06567,0.08018,84.40514,19.54107,-43.99298
36.076479,-79.00859,9,0.1,165,7.2,3395003,7.2,7.2,-2.90369,6.25364,0.08323,0.04154,-0.01298,84.77054,19.71646,-43.62759
36.076476,-79.008585,9,0.41,165,7.08,3395803,7.08,7.08036,-2.94437,6.21835,0.04322,0.03406,-0.00367,84.88746,18.6349,-43.32067
36.076476,-79.008585,9,0.41,165.2,7.11,3396003,7.11,7.10609,-3.01376,6.3685,-0.01329,-0.0255,0.05208,84.85823,18.47413,-44.0076
36.076474,-79.008582,9,0.35,165.2,7.04,3396803,7.04,7.03968,-2.82712,6.27817,0.03192,-0.0368,0.00367,84.53668,17.26103,-45.58609
36.076474,-79.008582,9,0.35,166.1,7,3397003,7,7.00379,-2.94856,6.31765,0.03176,0.03589,0.0478,84.65361,17.37796,-44.29991
36.076476,-79.008575,9,0.48,166.1,7.11,3397803,7.11,7.10609,-2.90848,6.2692,0.02779,-0.04795,0.04276,85.15054,15.30254,-45.49839
36.076476,-79.008575,9,0.48,167.2,7.11,3398003,7.11,7.11027,-2.95095,6.27338,0.0759,0.15317,0.08888,85.34054,15.52178,-44.81146
36.076473,-79.008572,9,0.38,167.2,7.15,3398803,7.15,7.14975,-2.91207,6.22313,0.02398,0.0139,0.06674,85.06285,14.73253,-46.02456
36.076473,-79.008572,9,0.38,167.3,7.09,3399003,7.09,7.09412,-2.79482,6.28894,0.06994,0.00672,-0.0087,84.60976,13.54867,-45.45455
36.076473,-79.008569,9,0.38,167.3,7.04,3399803,7.04,7.03849,-2.8684,6.39123,0.07223,0.00611,-0.02245,84.47823,12.6425,-46.50687
36.076473,-79.008569,9,0.38,167.3,7.05,3400003,7.05,7.04746,-2.96052,6.3344,0.03543,0.09285,0.06567,84.39053,12.54019,-47.63227
36.076472,-79.008565,9,0.77,167.3,6.99,3400803,6.99,6.98704,-2.87857,6.28834,0.05253,0.08155,0.03299,84.69746,11.67787,-47.58842
36.076472,-79.008565,9,0.77,167.4,7.17,3401003,7.17,7.1683,-2.95992,6.25962,0.01191,-0.0504,0.01695,84.58054,11.53172,-46.88688
36.076471,-79.008562,9,0.35,167.4,7.13,3401803,7.13,7.12941,-2.89113,6.25843,0.00321,-0.08155,0.01298,84.22975,11.12248,-47.95382
36.076471,-79.008562,9,0.35,167.4,7.08,3402003,7.08,7.08096,-2.84088,6.2668,0.04719,0.08567,0.03772,84.27361,10.46478,-47.42765
36.076468,-79.008554,9,0.09,167.4,7.02,3402803,7.02,7.02293,-2.76311,6.24048,0.01206,-0.06139,-0.00321,84.44899,10.26016,-48.47998
36.076468,-79.008554,9,0.09,166.3,7.11,3403003,7.11,7.11326,-2.90848,6.30987,0.05437,0.0533,-0.01252,84.59515,10.07016,-48.02689
36.076461,-79.008551,9,0.3,166.3,7.12,3403803,7.12,7.11506,-2.96949,6.22553,0.04749,0.03207,-0.02825,83.45512,9.52938,-48.64075
36.076461,-79.008551,9,0.3,165.1,7.07,3404003,7.07,7.07438,-2.94556,6.27697,-0.03864,-0.01955,0.04948,84.21514,9.51476,-48.88921
36.076454,-79.008547,9,0.84,165.1,7.07,3404803,7.07,7.0684,-2.90608,6.25903,-0.01924,0.06338,0.04444,83.6159,8.49167,-49.12306
36.076454,-79.008547,9,0.84,164.9,7.07,3405003,7.07,7.07259,-2.866,6.29253,-0.00748,-0.00596,-0.00153,83.30898,9.19322,-49.7223
36.07645,-79.008545,9,0.23,164.9,7.06,3405803,7.06,7.05643,-2.83729,6.23629,0.02688,-0.00977,-0.04841,83.79129,9.01783,-49.75153
36.07645,-79.008545,9,0.23,163.9,7.18,3406003,7.18,7.18206,-2.95693,6.28295,0.00153,0.05192,0.02627,83.60129,9.00321,-49.45922
36.076444,-79.008542,9,0.32,163.9,7.2,3406803,7.2,7.2006,-2.87258,6.19681,0.00748,0.02275,-0.01298,83.6159,8.22859,-49.47384
36.076444,-79.008542,9,0.32,163.7,7.07,3407003,7.07,7.07079,-2.92164,6.26561,-0.04108,-0.06506,0.01008,83.23589,8.5209,-48.64075
36.076441,-79.008539,9,0.47,163.7,7.08,3407803,7.08,7.07976,-2.89651,6.29133,-0.02291,-0.06857,0.01344,83.60129,9.14937,-51.06694
36.076441,-79.008539,9,0.47,162.7,7.08,3408003,7.08,7.08036,-2.88515,6.33141,0.00733,0.06765,0.0281,83.5136,8.68167,-50.19
36.076438,-79.00854,9,0.69,162.7,7.13,3408803,7.13,7.13121,-2.83549,6.30628,-0.01985,-0.01436,0.02947,83.20667,7.60012,-50.04385
36.076438,-79.00854,9,0.69,162.5,7.02,3409003,7.02,7.01875,-2.8684,6.2662,0.04444,0.04536,-0.0226,83.03128,7.93628,-51.03771
36.07644,-79.008546,9,0.7,162.5,7.04,3409803,7.04,7.04028,-2.89711,6.268,-0.00504,-0.02749,0.00458,82.88512,7.17626,-50.81847
36.07644,-79.008546,9,0.7,161.8,7.11,3410003,7.11,7.11027,-3.04188,6.29492,0.00092,0.07789,0.06384,82.46127,7.57089,-49.0646
36.07644,-79.008552,9,0.79,161.8,7,3410803,7,6.99602,-2.91207,6.24347,0.04688,0.03451,-0.00092,81.81818,7.23473,-51.2131
36.07644,-79.008552,9,0.79,162.1,7.11,3411003,7.11,7.10908,-2.86959,6.24228,0.01084,0.00504,0.02535,82.25665,7.00088,-50.54078
36.07644,-79.008545,9,0.58,162.1,7.17,3411803,7.17,7.1677,-2.88036,6.30449,0.00825,-0.00993,0.03604,82.3005,6.31394,-52.39696
36.07644,-79.008545,9,0.58,160.3,7.05,3412003,7.05,7.05344,-2.82891,6.26142,0.01481,-0.01451,0.04307,81.77434,5.87547,-52.67466
36.076442,-79.008543,9,0.21,160.3,7.14,3412803,7.14,7.14078,-2.94915,6.24826,0.04001,-0.00779,0.03406,81.35048,6.19702,-53.47852
36.076442,-79.008543,9,0.21,160.4,7.11,3413003,7.11,7.11147,-2.98624,6.22373,0.02856,0.03375,0.0591,81.54048,5.83163,-53.61006
36.076442,-79.008541,9,0.35,160.4,7.07,3413803,7.07,7.07079,-2.88036,6.25903,0.07178,0.02627,-0.00611,80.94125,4.73546,-54.37007
36.076442,-79.008541,9,0.35,159.2,7.08,3414003,7.08,7.07797,-2.9348,6.42892,-0.00535,-0.04032,0.06368,80.7074,4.80854,-54.50161
36.076444,-79.008536,9,0.35,159.2,7.06,3414803,7.06,7.05703,-2.90549,6.29312,-0.00061,0.03283,0.08766,80.41508,4.91084,-56.03625
36.076444,-79.008536,9,0.35,159.5,7.14,3415003,7.14,7.14018,-2.82592,6.24347,0.00367,-0.0843,0.02001,79.91815,4.00468,-56.13856
36.076438,-79.008534,9,0.89,159.5,7.08,3415803,7.08,7.07797,-2.78106,6.3015,0.00779,-0.01237,0.03451,79.27506,3.58082,-57.3078
36.076438,-79.008534,9,0.89,160,7.1,3416003,7.1,7.09651,-2.84507,6.29611,0.06674,-0.03085,-0.06109,79.34814,3.96083,-56.94241
36.076437,-79.008538,9,0.35,160,7.07,3416803,7.07,7.0684,-2.91865,6.29312,0.06322,0.03039,-0.03421,78.57352,3.66852,-57.74627
36.076437,-79.008538,9,0.35,159.6,7.13,3417003,7.13,7.12941,-2.92164,6.24347,-0.00947,0.00962,0.05437,79.20199,4.44315,-57.98012
36.07643,-79.008539,9,1.09,159.6,7.2,3417803,7.2,7.19941,-2.81994,6.22433,-0.00657,-0.00932,0.02581,78.31043,4.03391,-58.12628
36.07643,-79.008539,9,1.09,158.7,7.15,3418003,7.15,7.15035,-2.92164,6.24826,0.01374,-0.03925,-0.01298,78.52967,3.23005,-58.53551
36.076427,-79.008539,9,0.81,158.7,7.11,3418803,7.11,7.10788,-2.91446,6.26142,0.01588,0.00183,-0.00748,78.35428,3.99006,-58.5209
36.076427,-79.008539,9,0.81,158.6,7.1,3419003,7.1,7.09711,-2.8989,6.27278,0.02688,0.04398,-0.00626,77.94505,3.34697,-58.91552
36.076428,-79.008541,9,0.6,158.6,7.02,3419803,7.02,7.01695,-2.87079,6.26381,-0.02016,0.00657,0.04581,77.93044,2.95235,-59.8363
36.076428,-79.008541,9,0.6,157.9,7.18,3420003,7.18,7.17966,-2.9007,6.26441,0.02841,0.01176,-0.00977,77.56504,3.37621,-59.8363
36.076432,-79.00854,9,0.7,157.9,7.06,3420803,7.06,7.05763,-2.89591,6.31047,0.03665,0.06139,0.00519,76.57118,3.1862,-60.5817
36.076432,-79.00854,9,0.7,158.2,7.13,3421003,7.13,7.12702,-2.88515,6.3009,-0.00947,-0.00977,0.02596,76.55656,3.1862,-60.78632
36.076434,-79.008538,9,0.25,158.2,7.15,3421803,7.15,7.15035,-2.92343,6.18844,-0.01023,-0.0452,0.011,76.89272,3.09851,-60.62555
36.076434,-79.008538,9,0.25,158.6,7.09,3422003,7.09,7.08814,-2.90608,6.29791,0.03329,0.07132,0.01298,76.41041,3.4639,-60.68401
36.076434,-79.008534,9,0.58,158.6,7.05,3422803,7.05,7.05464,-2.81815,6.25843,0.011,0.02703,0.00382,75.31424,2.5285,-61.31248
36.076434,-79.008534,9,0.58,158.6,7.06,3423003,7.06,7.05763,-2.90369,6.25185,-0.01054,-0.00183,0.02306,76.07425,2.67466,-60.61093
36.076431,-79.008529,9,0.72,158.6,7.07,3423803,7.07,7.07019,-2.8349,6.27877,0.00611,0.00596,-0.00657,75.9427,2.58696,-60.80093
36.076431,-79.008529,9,0.72,159.4,6.92,3424003,6.92,6.92124,-2.91446,6.32902,-0.02016,0.02657,0.04688,75.29962,3.11312,-61.44402
36.076429,-79.008527,9,0.78,159.4,7.23,3424803,7.23,7.2329,-2.81276,6.29611,0.00779,0.02031,0.00641,75.60655,2.85004,-61.10786
36.076429,-79.008527,9,0.78,159.2,7,3425003,7,7.002,-2.84447,6.27099,-0.00305,-0.03222,0.00519,75.3727,2.73312,-62.04326
36.076425,-79.008529,9,0.76,159.2,7.13,3425803,7.13,7.13121,-2.85045,6.29133,-0.01054,-0.03176,-0.00794,75.19731,2.66004,-62.65712
36.076425,-79.008529,9,0.76,159,7.08,3426003,7.08,7.08275,-2.92044,6.28714,0.01359,0.02123,-0.01237,74.72961,2.92312,-61.45863
36.076419,-79.008532,9,0.76,159,7.12,3426803,7.12,7.12044,-2.9348,6.26561,-0.01466,0.011,0.02245,74.51038,3.01082,-63.49021
36.076419,-79.008532,9,0.76,159.6,7.21,3427003,7.21,7.21436,-2.87677,6.42473,-0.02245,-0.02978,0.01237,75.05116,3.77083,-63.41713
36.076416,-79.008534,9,0.99,159.6,7.07,3427803,7.07,7.06959,-2.90369,6.24527,-0.02825,-0.00764,0.02169,74.29115,3.28851,-63.3879
36.076416,-79.008534,9,0.99,160.3,7.08,3428003,7.08,7.08096,-2.7996,6.31047,-0.00092,0.03467,0.00825,74.715,3.62467,-62.29173
36.076411,-79.008538,9,1.1,160.3,7.19,3428803,7.19,7.19043,-2.91625,6.29671,-0.04337,-0.05024,0.01268,74.78808,3.66852,-62.40865
36.076411,-79.008538,9,1.1,160.5,7.07,3429003,7.07,7.07438,-2.81456,6.22971,0.03558,0.09652,-0.0281,74.11575,3.15697,-62.6425
36.07641,-79.008543,9,0.75,160.5,7.06,3429803,7.06,7.05943,-2.83131,6.3015,0.00107,0.04673,0.00519,74.56884,3.02543,-63.00789
36.07641,-79.008543,9,0.75,160.6,7.14,3430003,7.14,7.1354,-2.85524,6.27458,-0.01329,-0.03436,-0.01466,74.64192,3.88775,-62.51096
36.076408,-79.008546,9,0.37,160.6,7.03,3430803,7.03,7.02832,-2.95035,6.32603,-0.02046,0.0252,0.01374,73.77959,3.14236,-63.16866
36.076408,-79.008546,9,0.37,160.8,7.06,3431003,7.06,7.06301,-2.84866,6.27578,-0.02673,0.03176,0.01542,74.55422,3.14236,-63.30021
36.076405,-79.008542,9,0.79,160.8,7.16,3431803,7.16,7.16172,-2.83849,6.30628,0.00275,0.0588,-0.00764,74.18884,3.39082,-63.91406
36.076405,-79.008542,9,0.79,161.2,7.06,3432003,7.06,7.05524,-2.86241,6.29073,-0.01069,-0.05834,-0.04688,73.89652,2.86466,-64.33791
36.076405,-79.008543,9,0.41,161.2,7.11,3432803,7.11,7.10728,-2.87199,6.30509,0.04979,0.12156,-0.05696,73.95498,3.4639,-64.55714
36.076405,-79.008543,9,0.41,161.6,7.09,3433003,7.09,7.09352,-2.8995,6.2674,-0.04536,-0.01939,0.00672,73.75037,3.81467,-63.70944
36.076407,-79.008543,9,0.21,161.6,7.03,3433803,7.03,7.02533,-2.84566,6.25364,0.00244,0.0591,-0.02535,73.8819,4.00468,-62.71558
36.076407,-79.008543,9,0.21,162.1,7.17,3434003,7.17,7.17129,-2.93958,6.26082,-0.04887,-0.04307,-0.00718,73.63344,3.63929,-63.32943
36.076408,-79.008548,9,1.07,162.1,7.23,3434803,7.23,7.22632,-2.88156,6.33081,-0.01542,0.03543,-0.0252,74.20345,3.55159,-63.5779
36.076408,-79.008548,9,1.07,162,7.04,3435003,7.04,7.03968,-2.87019,6.3021,-0.01817,0.03512,-0.0226,73.75037,3.66852,-63.9579
36.076408,-79.008548,9,0.68,162,7.04,3435803,7.04,7.03968,-2.86481,6.30449,-0.01466,0.04246,-0.01833,73.92575,3.78544,-63.50482
36.076408,-79.008548,9,0.68,161.9,7.08,3436003,7.08,7.08455,-2.87079,6.23869,-0.02917,-0.00107,-0.02749,73.67729,4.03391,-64.35253
36.076404,-79.008546,9,1.0,161.9,7.09,3436803,7.09,7.09352,-2.85763,6.32722,-0.04749,0.01558,0.00611,74.52499,3.71236,-62.99327
36.076404,-79.008546,9,1.0,161.7,7.08,3437003,7.08,7.07976,-2.88156,6.26501,-0.02581,0.03665,-0.02459,74.56884,3.91698,-62.48173
36.076406,-79.008548,9,0.4,161.7,7.08,3437803,7.08,7.07917,-2.79003,6.31586,-0.02947,0.00351,-0.04276,74.715,3.06928,-62.04326
36.076406,-79.008548,9,0.4,161.4,7.04,3438003,7.04,7.03968,-2.84985,6.27518,-0.00932,0.01787,-0.06292,74.36422,3.2739,-62.51096
36.076403,-79.008549,9,0.13,161.4,7.13,3438803,7.13,7.12523,-2.88215,6.31466,0.02321,0.13134,-0.05574,75.18269,3.78544,-62.0871
36.076403,-79.008549,9,0.13,161.2,7.11,3439003,7.11,7.10788,-2.91685,6.22254,-0.05696,-0.01848,-0.02413,75.12424,3.7416,-61.54633
36.0764,-79.008545,9,0.48,161.2,7.17,3439803,7.17,7.16591,-2.933,6.30389,-0.0281,0.073,-0.02886,75.88425,3.55159,-60.80093
36.0764,-79.008545,9,0.48,161.9,7.06,3440003,7.06,7.06242,-2.802,6.26501,-0.04154,-0.00626,-0.04933,75.29962,3.25928,-61.10786
36.0764,-79.008538,9,0.75,161.9,7.07,3440803,7.07,7.07019,-2.88156,6.3338,-0.03955,0.0562,-0.02535,76.42502,3.40544,-61.48787
36.0764,-79.008538,9,0.75,162.2,7.12,3441003,7.12,7.11805,-2.85882,6.28236,-0.06093,0.04032,-0.01848,76.08887,3.39082,-60.94709
36.076402,-79.008534,9,0.37,162.2,7.12,3441803,7.12,7.11625,-2.84088,6.25125,-0.0588,-0.02871,-0.06048,76.95118,3.82929,-60.71324
36.076402,-79.008534,9,0.37,162.1,7.11,3442003,7.11,7.10668,-2.89591,6.30449,-0.03635,0.05544,-0.0507,76.84888,3.43467,-59.85092
36.076403,-79.008532,9,0.36,162.1,7.06,3442803,7.06,7.06122,-2.91865,6.31526,-0.07346,0.0029,-0.02871,77.7112,3.1862,-59.66092
36.076403,-79.008532,9,0.36,162,7.1,3443003,7.1,7.1001,-2.86361,6.24646,-0.07758,0.01604,-0.0113,77.21426,2.83543,-58.7986
36.076404,-79.008535,9,0.64,162,7.11,3443803,7.11,7.10967,-2.89053,6.24527,-0.07055,0.05192,-0.00855,77.74043,2.96697,-58.56475
36.076404,-79.008535,9,0.64,161.5,7.16,3444003,7.16,7.15693,-2.81695,6.29671,-0.0649,0.00137,-0.0394,78.23736,3.39082,-57.67319
36.076403,-79.008536,9,0.53,161.5,7.12,3444803,7.12,7.11685,-2.82891,6.27877,-0.00214,0.06032,-0.10263,78.69044,2.60158,-58.76936
36.076403,-79.008536,9,0.53,161.4,7.06,3445003,7.06,7.06361,-2.91924,6.29133,-0.07529,0.00977,-0.02535,78.39812,3.81467,-57.14703
36.076408,-79.008542,9,1.38,161.4,7.08,3445803,7.08,7.08156,-2.90549,6.30868,-0.05437,0.07865,-0.00596,78.9389,3.50775,-56.34317
36.076408,-79.008542,9,1.38,162.5,7.18,3446003,7.18,7.17548,-2.86182,6.25065,-0.08705,-0.01558,-0.01894,79.12891,3.36159,-56.72318
36.076409,-79.008543,9,0.33,162.5,7.15,3446803,7.15,7.15454,-2.83968,6.28295,0.00351,0.07895,-0.09499,79.62584,3.99006,-56.76703
36.076409,-79.008543,9,0.33,163.4,7.08,3447003,7.08,7.08335,-2.91984,6.27697,-0.07727,-0.01741,-0.03192,79.84508,4.18006,-56.25549
36.07641,-79.008547,9,0.31,163.4,7.14,3447803,7.14,7.14377,-2.89591,6.31645,-0.06307,0.04047,-0.03955,80.53201,4.54545,-54.69161
36.07641,-79.008547,9,0.31,164.3,7.1,3448003,7.1,7.0995,-2.84746,6.2668,-0.08231,0.01604,-0.01741,80.25431,3.80006,-54.51623
36.076404,-79.008549,9,0.44,164.3,7.15,3448803,7.15,7.15155,-2.8343,6.26501,-0.0759,-0.03574,-0.05223,81.05817,4.57469,-53.8439
36.076404,-79.008549,9,0.44,164.8,6.98,3449003,6.98,6.98106,-2.88215,6.28176,-0.04765,0.05376,-0.042,80.95586,5.02777,-53.71236
36.076403,-79.00855,9,0.46,164.8,7.06,3449803,7.06,7.05763,-2.84267,6.27398,-0.07972,-0.0171,-0.02856,81.33587,5.49547,-53.87313
36.076403,-79.00855,9,0.46,165.1,7.16,3450003,7.16,7.16232,-2.85643,6.20818,-0.02138,0.08537,-0.06949,81.56972,5.247,-52.55773
36.076401,-79.008555,9,0.52,165.1,7.09,3450803,7.09,7.09053,-2.89711,6.28056,-0.07025,0.03039,-0.03574,81.65741,5.55393,-52.68927
36.076401,-79.008555,9,0.52,165.1,7.09,3451003,7.09,7.09472,-2.88215,6.3003,-0.05544,0.02703,-0.04566,81.80357,6.43087,-52.20696
36.076397,-79.008557,9,0.26,165.1,7.1,3451803,7.1,7.09771,-2.87617,6.27757,-0.07117,-0.00764,-0.05208,82.53435,6.2701,-51.34464
36.076397,-79.008557,9,0.26,164.9,7.07,3452003,7.07,7.06601,-2.8678,6.27398,-0.03696,0.04398,-0.06979,82.60742,7.16165,-51.73926
36.076395,-79.008559,9,0.17,164.9,7.16,3452803,7.16,7.16411,-2.87916,6.31346,-0.06979,0.062,-0.02337,83.38205,7.13242,-50.04385
36.076395,-79.008559,9,0.17,164.9,7.05,3453003,7.05,7.05284,-2.77567,6.24108,-0.03406,0.06307,-0.06628,83.06051,7.52704,-50.4677
36.076391,-79.008556,9,0.71,164.9,7.08,3453803,7.08,7.07617,-2.84566,6.28894,-0.04688,0.00428,-0.08216,82.97281,8.38936,-48.69921
36.076391,-79.008556,9,0.71,165,7.09,3454003,7.09,7.08515,-2.91207,6.28236,-0.07254,0.05742,-0.02596,83.22128,8.31628,-49.45922
36.076391,-79.008559,9,0.4,165,7.08,3454803,7.08,7.08096,-2.81635,6.29013,-0.06903,0.04429,-0.03299,83.73283,8.53552,-48.1292
36.076391,-79.008559,9,0.4,165.1,7.11,3455003,7.11,7.10967,-2.88096,6.2686,-0.0588,-0.02657,-0.08201,83.30898,9.38322,-48.09997
36.07639,-79.00856,9,0.1,165.1,7.18,3455803,7.18,7.18146,-2.87557,6.29193,-0.06475,0.02031,-0.05269,83.95206,9.76323,-47.14996
36.07639,-79.00856,9,0.1,164.7,7.04,3456003,7.04,7.04028,-2.84746,6.30808,-0.08919,-0.00779,-0.01939,84.1713,10.114,-46.50687
36.076389,-79.008561,9,0.26,164.7,7.05,3456803,7.05,7.05404,-2.88096,6.31227,-0.06139,0.09026,-0.01527,84.02514,11.40018,-46.14148
36.076389,-79.008561,9,0.26,164.7,7.14,3457003,7.14,7.14198,-2.84686,6.3015,-0.06048,-0.0142,-0.06628,84.39053,11.2394,-46.38994
36.076385,-79.008561,9,0.45,164.7,7.2,3457803,7.2,7.2024,-2.92044,6.34816,-0.05253,0.0478,-0.04979,85.26746,12.24788,-45.95148
36.076385,-79.008561,9,0.45,164.1,7.02,3458003,7.02,7.01935,-2.83968,6.268,-0.10461,-0.00886,-0.00825,85.15054,12.46711,-46.14148
36.076383,-79.008566,9,0.91,164.1,7.13,3458803,7.13,7.1348,-2.87857,6.3009,-0.04795,0.04016,-0.06017,84.71207,13.54867,-44.88454
36.076383,-79.008566,9,0.91,164.2,7.08,3459003,7.08,7.07857,-2.85703,6.25903,-0.07407,-0.03207,-0.05528,84.97515,13.28559,-45.33762
36.076377,-79.008567,9,0.78,164.2,7.16,3459803,7.16,7.15693,-2.90967,6.29073,-0.05483,0.05666,-0.02902,84.75592,14.08945,-44.8553
36.076377,-79.008567,8,0.78,164.4,7.08,3460003,7.08,7.07976,-2.86301,6.28116,-0.06811,0.04276,-0.02062,85.26746,14.48407,-44.65068
36.076375,-79.008568,8,0.44,164.4,7.12,3460803,7.12,7.11805,-2.85823,6.27398,-0.05208,0.02474,-0.05101,85.38439,15.06869,-44.02221
36.076375,-79.008568,8,0.44,165,7.1,3461003,7.1,7.1013,-2.89831,6.29552,-0.05391,0.01451,-0.05406,85.00439,15.27331,-44.72376
36.076373,-79.008569,8,0.17,165,7.07,3461803,7.07,7.07318,-2.87019,6.29611,-0.05085,0.06811,-0.03176,85.47208,16.44256,-43.49606
36.076373,-79.008569,8,0.17,165.6,7.06,3462003,7.06,7.06122,-2.88096,6.22134,-0.04856,-0.011,-0.07636,85.019,17.12949,-43.30605
36.076371,-79.008564,8,0.62,165.6,7.07,3462803,7.07,7.06959,-2.88395,6.26262,-0.05162,0.01924,-0.04368,84.94592,17.55335,-43.87606
36.076371,-79.008564,9,0.62,166.9,7.11,3463003,7.11,7.10668,-2.89232,6.30688,-0.05666,0.03879,-0.03146,84.65361,17.45104,-43.40836
36.076366,-79.00856,9,0.17,166.9,7.13,3463803,7.13,7.13121,-2.89532,6.28116,-0.05544,0.03192,-0.0339,84.88746,17.99182,-43.24759
36.076366,-79.00856,9,0.17,167.3,7.18,3464003,7.18,7.18026,-2.91147,6.29671,-0.04902,-0.01161,-0.05803,84.77054,18.12336,-42.73604
36.076364,-79.008553,9,0.39,167.3,7.13,3464803,7.13,7.13181,-2.89292,6.31346,-0.02367,0.0336,-0.07422,84.91669,19.51184,-43.32067
36.076364,-79.008553,9,0.39,169.1,7.06,3465003,7.06,7.06182,-2.87617,6.28774,-0.05513,0.0927,0.00351,84.40514,19.55569,-43.24759
36.076362,-79.008549,9,0.61,169.1,7.02,3465803,7.02,7.01875,-2.83549,6.25065,-0.05971,0.02321,-0.0368,84.5513,20.54955,-42.8822
36.076362,-79.008549,9,0.61,170.7,7.19,3466003,7.19,7.18864,-2.91865,6.27937,-0.0588,-0.011,-0.05101,84.37592,21.10494,-41.96141
36.076352,-79.008543,9,0.38,170.7,7.16,3466803,7.16,7.15992,-2.88096,6.30389,-0.04581,-0.00031,-0.0588,84.09822,21.57264,-42.85297
36.076352,-79.008543,9,0.38,170.1,7.19,3467003,7.19,7.18624,-2.87438,6.24108,-0.04826,0.05742,-0.02321,84.3613,21.57264,-42.85297
36.076348,-79.008542,9,0.23,170.1,7.1,3467803,7.1,7.10369,-2.7685,6.28714,-0.06582,-0.02245,-0.03192,84.03976,22.80035,-42.56065
36.076348,-79.008542,9,0.23,169.8,7.06,3468003,7.06,7.05763,-2.86421,6.33141,-0.05162,0.04994,-0.02627,84.14207,22.68343,-42.07834
36.076344,-79.008542,9,0.15,169.8,7.16,3468803,7.16,7.15813,-2.88814,6.29731,-0.07208,-0.01191,-0.03009,84.47823,23.51652,-42.20988
36.076344,-79.008542,9,0.15,169.8,7.11,3469003,7.11,7.10668,-2.86241,6.27877,-0.03971,0.0533,-0.031,84.50745,23.83806,-42.20988
36.076343,-79.008543,9,0.54,169.8,7.07,3469803,7.07,7.07019,-2.87677,6.26022,-0.06399,-0.02734,-0.03512,84.15668,24.18883,-41.84449
36.076343,-79.008543,9,0.54,169.4,7.13,3470003,7.13,7.13061,-2.89711,6.29073,-0.03085,0.02245,-0.05116,83.86436,24.36422,-41.97603
36.076346,-79.008538,9,0.31,169.4,7.09,3470803,7.09,7.09352,-2.89532,6.25245,-0.02642,0.05391,-0.03711,83.86436,25.67963,-42.34142
36.076346,-79.008538,9,0.31,169.7,7.09,3471003,7.09,7.08515,-2.90369,6.31406,-0.05727,0.03894,-0.0055,83.7036,25.73809,-42.82373
36.076345,-79.008534,9,0.38,169.7,7.02,3471803,7.02,7.02353,-2.85165,6.33201,-0.02932,0.03604,-0.03848,83.57205,26.52733,-41.9468
36.076345,-79.008534,9,0.38,169.8,7.05,3472003,7.05,7.04985,-2.90489,6.27697,-0.04505,0.02657,-0.03131,83.65975,26.46887,-43.01374
36.076346,-79.008524,9,0.52,169.8,7.16,3472803,7.16,7.15693,-2.89053,6.28834,-0.0113,0.12507,-0.02734,83.13358,26.90734,-41.06986
36.076346,-79.008524,9,0.52,169.9,7.02,3473003,7.02,7.02293,-2.86959,6.2357,-0.07834,-0.06246,-0.02184,83.10435,27.56504,-41.40602
36.07634,-79.00852,9,0.22,169.9,7.19,3473803,7.19,7.18983,-2.87916,6.28535,-0.04276,0.06246,-0.01313,82.89973,28.07659,-41.9468
36.07634,-79.00852,9,0.22,169.5,7.18,3474003,7.18,7.18325,-2.87498,6.22612,-0.05483,-0.05269,-0.06628,83.16282,28.01812,-42.19526
36.076332,-79.008519,9,0.55,169.5,7.02,3474803,7.02,7.01695,-2.84746,6.27099,-0.05147,0.04352,-0.02505,82.81204,28.67583,-42.10757
36.076332,-79.008519,9,0.55,169.6,7.18,3475003,7.18,7.17548,-2.88634,6.13759,-0.04673,0.01848,-0.04994,82.62204,29.12891,-41.68372
36.076325,-79.008522,9,0.18,169.6,6.99,3475803,6.99,6.99003,-2.85583,6.30509,-0.01451,0.12721,-0.03436,82.1105,26.41041,-42.58989
36.076325,-79.008522,9,0.18,169.1,7.19,3476003,7.19,7.18744,-2.87857,6.29312,-0.07758,-0.03925,-0.03436,82.62204,30.23969,-41.82988
36.076321,-79.008525,9,0.49,169.1,7.15,3476803,7.15,7.14736,-2.9007,6.2674,-0.06277,-0.02153,-0.04841,82.08126,30.83894,-41.77141
36.076321,-79.008525,9,0.49,169.3,7.05,3477003,7.05,7.05404,-2.9013,6.24287,-0.0423,0.03253,-0.0391,82.37358,31.17509,-42.20988
36.076322,-79.008524,9,0.41,169.3,7.04,3477803,7.04,7.04028,-2.85404,6.25185,-0.01374,0.08308,-0.0617,81.83279,31.3651,-43.01374
36.076322,-79.008524,9,0.41,169.2,7.15,3478003,7.15,7.14796,-2.93659,6.32662,-0.08583,-0.01542,-0.01237,81.2774,32.15434,-42.37065
36.076321,-79.008527,9,0.28,169.2,7.03,3478803,7.03,7.03251,-2.84925,6.29312,-0.05345,0.0591,-0.01436,81.59895,33.19205,-43.58375
36.076321,-79.008527,9,0.28,169.5,7.19,3479003,7.19,7.19043,-2.89292,6.27039,-0.04291,0.02398,-0.05284,81.77434,33.06051,-42.99912
36.076319,-79.008528,9,0.49,169.5,7.09,3479803,7.09,7.09412,-2.90967,6.24108,-0.0649,-0.04078,-0.05467,80.48817,33.90821,-42.89681
36.076319,-79.008528,9,0.49,170.8,7.14,3480003,7.14,7.13959,-2.91147,6.29372,-0.05147,0.05391,-0.03024,80.61971,33.52821,-42.70681
36.076316,-79.00853,9,0.26,170.8,7.02,3480803,7.02,7.01935,-2.84746,6.2997,-0.07162,-0.00367,-0.02535,80.23969,34.66822,-43.40836
36.076316,-79.00853,9,0.26,171.4,7.13,3481003,7.13,7.12882,-2.88515,6.30688,-0.04658,0.04627,-0.04108,80.31277,34.88746,-43.43759
36.076307,-79.008533,9,0.28,171.4,7.13,3481803,7.13,7.12822,-2.88874,6.29372,-0.03314,0.05895,-0.04811,79.99123,36.2321,-43.24759
36.076307,-79.008533,9,0.28,172,7.05,3482003,7.05,7.04746,-2.84447,6.28236,-0.04887,0.05773,-0.02382,80.29816,35.82286,-43.70067
36.076299,-79.008536,9,0.21,172,7.12,3482803,7.12,7.11865,-2.90249,6.2357,-0.04673,0.00932,-0.05131,78.73429,36.6121,-43.58375
36.076299,-79.008536,9,0.21,172,7.04,3483003,7.04,7.04447,-2.87258,6.30928,-0.08048,-0.03283,-0.01619,78.77814,36.86057,-44.05145
36.076299,-79.008538,9,0.21,172,7.12,3483803,7.12,7.12104,-2.91865,6.32603,-0.05024,0.02841,-0.0226,77.9012,37.34288,-44.0076
36.076299,-79.008538,9,0.21,171.9,7.09,3484003,7.09,7.08993,-2.86062,6.26979,-0.0646,0.00748,-0.02184,77.94505,36.71441,-44.03683
36.076299,-79.008537,9,0.67,171.9,7.18,3484803,7.18,7.18086,-2.91865,6.27757,-0.05925,-0.03421,-0.04566,77.95966,38.00058,-44.10991
36.076299,-79.008537,9,0.67,172.3,7.01,3485003,7.01,7.01336,-2.82772,6.24527,-0.05452,0.03146,-0.01894,78.00351,37.79597,-45.49839
36.076296,-79.008539,9,0.66,172.3,7.24,3485803,7.24,7.24248,-2.9671,6.28654,-0.06842,-0.00412,-0.01863,77.76966,38.64367,-44.43145
36.076296,-79.008539,9,0.66,172.1,7,3486003,7,6.99781,-2.82233,6.24646,-0.03161,0.06414,-0.03864,77.41888,38.64367,-44.62146
36.076292,-79.008542,9,0.37,172.1,7.15,3486803,7.15,7.14616,-2.92882,6.31406,-0.06414,0.01649,-0.01222,77.19965,39.63753,-45.16224
36.076292,-79.008542,9,0.37,171.3,7.01,3487003,7.01,7.00618,-2.76909,6.22612,-0.03619,0.04368,-0.04322,77.24349,39.56445,-45.27916
36.076292,-79.008542,9,0.67,171.3,7.03,3487803,7.03,7.02952,-2.85942,6.3003,-0.0226,0.07223,-0.0391,77.00965,39.82753,-45.43993
36.076292,-79.008542,9,0.67,171.1,7.1,3488003,7.1,7.09532,-2.90967,6.28056,-0.04734,-0.01023,-0.03833,76.80502,40.20754,-45.52762
36.076291,-79.008542,9,0.17,171.1,7.13,3488803,7.13,7.12822,-2.91326,6.31526,-0.02001,0.07834,-0.03039,76.13271,40.67524,-45.54224
36.076291,-79.008542,9,0.17,170.2,7.07,3489003,7.07,7.07079,-2.83131,6.26321,-0.0536,-0.01344,-0.02688,76.19118,41.0114,-45.51301
36.076288,-79.008543,9,0.64,170.2,7.17,3489803,7.17,7.17069,-2.89053,6.22612,-0.0588,0.00825,-0.011,75.95732,41.08448,-45.73224
36.076288,-79.008543,9,0.64,169.7,7.07,3490003,7.07,7.0678,-2.90429,6.28535,-0.02673,0.00504,-0.04979,76.00117,41.63987,-46.95995
36.076286,-79.008547,9,0.44,169.7,7.04,3490803,7.04,7.04268,-2.84925,6.25364,-0.01451,0.02795,-0.05116,75.50423,40.98217,-46.63841
36.076286,-79.008547,9,0.44,169.4,7.15,3491003,7.15,7.15215,-2.91685,6.29791,-0.06689,-0.00397,-0.00229,75.89886,41.72756,-46.87226
36.076285,-79.008546,9,0.29,169.4,7.07,3491803,7.07,7.07019,-2.84028,6.2357,-0.08537,-0.05635,-0.00275,74.59807,41.36217,-46.79918
36.076285,-79.008546,9,0.29,168.7,7.07,3492003,7.07,7.06959,-2.88814,6.3015,0.00244,0.06872,-0.05666,74.83192,42.51681,-47.03303
36.076286,-79.008552,9,0.55,168.7,6.95,3492803,6.95,6.94636,-2.77567,6.27458,-0.02245,0.06597,-0.01863,74.55422,42.01988,-47.17919
36.076286,-79.008552,9,0.55,168.6,7.28,3493003,7.28,7.27956,-2.97607,6.29372,-0.01268,0.04414,-0.0336,74.84653,42.64835,-46.15609
36.076283,-79.008555,9,1.4,168.6,7.03,3493803,7.03,7.03071,-2.8349,6.26501,0.02153,0.08735,-0.0423,74.33499,42.20988,-46.46302
36.076283,-79.008555,9,1.4,167.5,7.14,3494003,7.14,7.14437,-2.88754,6.31645,-0.0533,-0.04047,0.00748,74.5396,42.32681,-47.99766
36.076278,-79.008559,9,1.48,167.5,6.99,3494803,6.99,6.98704,-2.80977,6.2662,-0.02627,0.01863,0.00809,74.715,42.72143,-47.99766
36.076278,-79.008559,9,1.48,166.3,7.19,3495003,7.19,7.18624,-2.84866,6.32543,0.01374,0.02214,-0.03986,74.77346,42.00526,-47.33996
36.076279,-79.008565,9,0.36,166.3,7.05,3495803,7.05,7.04567,-2.83908,6.25185,0.01115,0.03131,-0.00733,74.5396,41.96141,-47.22303
36.076279,-79.008565,9,0.36,167.6,7.17,3496003,7.17,7.1665,-2.91446,6.32603,-0.00168,0.02169,0.00809,75.40193,42.23911,-47.2815
36.076278,-79.008572,9,0.85,167.6,7.12,3496803,7.12,7.11685,-3.03709,6.23749,0.00214,-0.00443,0.00947,74.87576,42.00526,-46.18533
36.076278,-79.008572,9,0.85,168,7.1,3497003,7.1,7.1013,-2.87438,6.30987,0.01191,-0.01161,-0.0026,75.19731,41.42064,-46.43379
36.076274,-79.008573,9,0.14,168,7.13,3497803,7.13,7.12702,-2.88455,6.30329,-0.02413,-0.06536,0.02153,75.43116,41.63987,-45.84917
36.076274,-79.008573,9,0.14,167.9,7.05,3498003,7.05,7.04806,-2.83071,6.28475,0.02275,0.06124,0.01985,75.43116,41.25987,-46.56533
36.076274,-79.008575,9,0.33,167.9,7.1,3498803,7.1,7.1007,-2.83669,6.27877,0.02275,0.04108,0.02428,76.41041,40.93832,-47.07688
36.076274,-79.008575,9,0.33,168.2,7.09,3499003,7.09,7.09292,-2.87976,6.42772,0.03268,-0.02184,-0.0171,75.65039,41.46449,-45.61532
36.076277,-79.008573,9,0.31,168.2,6.97,3499803,6.97,6.9673,-2.81934,6.27099,-0.00168,-0.01283,0.04536,76.83426,40.10523,-44.91377
36.076277,-79.008573,9,0.31,168.4,7.18,3500003,7.18,7.17667,-2.86421,6.35235,0.06979,0.08079,-0.00687,76.87811,39.91523,-45.42531
36.076279,-79.008574,9,0.44,168.4,7.16,3500803,7.16,7.16172,-2.89591,6.2686,0.06429,0.05574,-0.00351,76.60041,38.83368,-44.44607
36.076279,-79.008574,9,0.44,168.3,7.1,3501003,7.1,7.09891,-2.90848,6.24407,-0.02306,-0.10201,0.04551,77.06811,39.54984,-44.88454
36.076279,-79.008574,9,0.1,168.3,7.12,3501803,7.12,7.11625,-2.87139,6.31346,0.02474,0.02657,0.04154,78.04736,38.36597,-44.50453
36.076279,-79.008574,9,0.1,168.3,7.11,3502003,7.11,7.10788,-2.84686,6.25364,0.02871,-0.00733,0.01772,78.67583,38.38059,-44.60684
36.076282,-79.008577,9,0.33,168.3,7.1,3502803,7.1,7.1019,-2.87797,6.23629,0.01665,-0.01283,0.03329,78.38351,37.89827,-44.51915
36.076282,-79.008577,9,0.33,167.9,7.01,3503003,7.01,7.01037,-2.84447,6.27937,0.04352,0.01436,0.00932,78.45659,37.1675,-43.58375
36.076278,-79.008576,9,0.01,167.9,7.13,3503803,7.13,7.12882,-2.88754,6.24108,0.01634,-0.01084,0.03268,79.74277,36.3344,-43.83221
36.076278,-79.008576,9,0.01,167.1,6.99,3504003,6.99,6.99482,-2.82114,6.28355,0.03604,0.01161,0.01558,79.65507,35.79362,-43.61298
36.076275,-79.008574,9,0.28,167.1,7.06,3504803,7.06,7.05584,-2.8008,6.27219,0.01161,-0.02688,0.02779,79.84508,34.88746,-43.3499
36.076275,-79.008574,9,0.28,165.4,7.14,3505003,7.14,7.13779,-2.92702,6.26381,0.05131,0.05635,0.01833,80.00585,34.85823,-43.10143
36.076273,-79.008577,9,0.38,165.4,7.13,3505803,7.13,7.13121,-2.90369,6.12622,0.03024,0.03696,0.0281,80.18124,33.99591,-43.3499
36.076273,-79.008577,9,0.38,163.9,7.11,3506003,7.11,7.10967,-2.87916,6.25125,0.00687,-0.031,0.02214,80.18124,34.02514,-43.01374
36.07627,-79.008578,9,0.39,163.9,7.09,3506803,7.09,7.09233,-2.86182,6.26979,0.00977,-0.02734,0.0171,81.20432,33.08974,-42.66296
36.07627,-79.008578,9,0.39,163.5,7.11,3507003,7.11,7.11027,-2.89173,6.27996,0.02718,0.03283,0.02413,80.99971,32.57819,-43.17451
36.07627,-79.008577,9,0.36,163.5,7.04,3507803,7.04,7.04447,-2.84267,6.25304,-0.01649,-0.07926,0.0168,81.61356,31.51125,-43.2622
36.07627,-79.008577,9,0.36,162.9,7.08,3508003,7.08,7.08455,-2.90429,6.2997,0.03253,0.04704,0.0087,81.78895,31.46741,-42.39988
36.076273,-79.008583,9,0.9,162.9,7.18,3508803,7.18,7.17667,-2.90608,6.32483,0.00764,0.01497,0.031,81.58434,31.21894,-41.65449
36.076273,-79.008583,9,0.9,163.1,7.06,3509003,7.06,7.05943,-2.84088,6.29552,0.02535,0.00443,-0.00275,81.83279,30.56124,-42.42912
36.076273,-79.008583,9,0.6,163.1,7.13,3509803,7.13,7.13121,-2.91446,6.25962,0.02627,0.02703,0.00641,81.74511,29.42122,-42.25373
36.076273,-79.008583,9,0.6,163.1,7.03,3510003,7.03,7.03191,-2.85404,6.30987,-0.00412,-0.02993,0.0171,82.34435,29.40661,-42.23911
36.076269,-79.008579,9,0.29,163.1,6.98,3510803,6.98,6.98106,-2.86361,6.26441,0.00672,0.03864,0.03772,82.18357,28.2812,-42.10757
36.076269,-79.008579,9,0.29,163.3,7.15,3511003,7.15,7.15275,-2.8672,6.29073,0.03803,0.05391,-0.00809,82.98743,28.45659,-41.52295
36.076265,-79.008574,9,0.44,163.3,7.16,3511803,7.16,7.15693,-2.89711,6.2692,0.02413,0.01558,-0.00351,83.04589,28.47121,-42.47296
36.076265,-79.008574,9,0.44,163.5,7.13,3512003,7.13,7.12523,-2.91087,6.3009,-0.01023,-0.05528,0.0029,82.82665,28.01812,-41.65449
36.076262,-79.008575,9,0.31,163.5,7.07,3512803,7.07,7.0672,-2.88754,6.32722,-0.00351,-0.05467,0.00336,83.45512,27.34581,-42.16603
36.076262,-79.008575,9,0.31,163.3,7.07,3513003,7.07,7.0684,-2.87557,6.32722,0.01145,0.04749,0.03207,83.38205,27.12657,-42.61912
36.076259,-79.008571,9,0.32,163.3,7.03,3513803,7.03,7.02712,-2.81994,6.32124,0.00733,-0.00535,0.01878,83.41129,26.05963,-43.30605
36.076259,-79.008571,9,0.32,163.4,7.11,3514003,7.11,7.10848,-2.88335,6.27817,0.05131,0.08506,0.00336,83.3382,25.88424,-41.52295
36.076259,-79.008571,9,0.36,163.4,7.13,3514803,7.13,7.12941,-2.86122,6.25424,0.03589,-0.00535,0.00611,83.20667,25.46039,-41.52295
36.076259,-79.008571,9,0.36,163,7.05,3515003,7.05,7.04926,-2.89352,6.32244,0.01802,-0.07697,0.01115,83.65975,25.40193,-42.23911
36.076254,-79.008566,9,0.7,163,7.19,3515803,7.19,7.18864,-2.76491,6.31944,0.00458,-0.06674,0.02016,84.11284,23.99883,-42.39988
36.076254,-79.008566,9,0.7,162.8,6.98,3516003,6.98,6.98046,-2.83071,6.3009,0.01512,-0.00428,0.04872,83.58667,23.5019,-42.4145
36.076251,-79.008563,9,0.45,162.8,7.09,3516803,7.09,7.09292,-2.87498,6.34277,0.04414,0.02245,0.07957,83.90821,22.62496,-42.04911
36.076251,-79.008563,9,0.45,163.3,7.13,3517003,7.13,7.12583,-2.84208,6.26202,0.06979,0.00535,0.04459,84.28822,22.14265,-41.15755
36.076244,-79.008555,9,0.47,163.3,7.11,3517803,7.11,7.10609,-2.85763,6.2668,0.0814,-0.05712,0.03146,84.84361,20.15493,-43.10143
36.076244,-79.008555,9,0.47,162.5,7.08,3518003,7.08,7.08156,-2.90549,6.32782,0.06933,-0.01772,0.07147,84.56591,19.19029,-43.32067
36.076241,-79.008549,9,0.82,162.5,7.04,3518803,7.04,7.03669,-2.88096,6.30868,0.09132,-0.01008,0.08109,84.75592,17.34873,-44.60684
36.076241,-79.008549,9,0.82,162.2,7.15,3519003,7.15,7.14916,-2.85763,6.30748,0.07941,0.00504,0.10385,85.41362,16.72026,-43.5399
36.076243,-79.008543,9,1.48,162.2,7.13,3519803,7.13,7.12702,-2.81635,6.25304,0.0956,-0.05162,0.08094,85.28208,13.68021,-44.88454
36.076243,-79.008543,9,1.48,162.3,7.04,3520003,7.04,7.03968,-2.83968,6.28056,0.11836,-0.02291,0.07391,84.62438,13.7679,-45.99532
36.076245,-79.008539,9,0.14,162.3,7.06,3520803,7.06,7.05524,-2.86541,6.29193,0.11897,0.02871,0.12324,84.58054,10.97632,-47.36919
36.076245,-79.008539,9,0.14,161.2,7.14,3521003,7.14,7.14437,-2.88455,6.27996,0.11087,-0.0281,0.10293,84.15668,9.67553,-48.81614
36.076245,-79.008539,9,0.35,161.2,7.05,3521803,7.05,7.04985,-2.84806,6.27757,0.11988,-0.03238,0.10064,82.79742,8.18474,-49.23999
36.076245,-79.008539,9,0.35,160.6,7.14,3522003,7.14,7.1354,-2.86899,6.25603,0.11897,-0.03314,0.10369,83.57205,7.68781,-49.89769
36.076241,-79.008539,9,0.21,160.6,7.07,3522803,7.07,7.0684,-2.90369,6.27937,0.11209,-0.03726,0.11133,81.80357,5.97778,-52.85004
36.076241,-79.008539,9,0.21,159.7,7.09,3523003,7.09,7.09352,-2.82413,6.28295,0.12843,-0.04826,0.09209,81.51125,5.23239,-53.40544
36.076243,-79.008539,9,0.22,159.7,7.03,3523803,7.03,7.02593,-2.92582,6.29911,0.13271,-0.02841,0.10415,80.26893,4.18006,-55.5247
36.076243,-79.008539,9,0.22,159.5,7.12,3524003,7.12,7.12343,-2.8995,6.27697,0.09804,-0.04551,0.14615,79.37738,4.54545,-56.95703
36.076247,-79.008539,9,0.14,159.5,7.12,3524803,7.12,7.12403,-2.87557,6.268,0.11912,-0.06506,0.10354,77.63812,3.02543,-59.57323
36.076247,-79.008539,9,0.14,159.4,7.05,3525003,7.05,7.04985,-2.89831,6.28714,0.12171,-0.06888,0.09316,77.27273,3.36159,-60.20169
36.07625,-79.008536,9,0.63,159.4,7.11,3525803,7.11,7.10609,-2.88395,6.31466,0.0927,-0.05315,0.13806,76.07425,3.2739,-61.89711
36.07625,-79.008536,9,0.63,160.2,7.02,3526003,7.02,7.01695,-2.8331,6.31047,0.13714,-0.00183,0.11209,74.75884,2.9962,-62.77404
36.076248,-79.008532,9,0.46,160.2,7.09,3526803,7.09,7.09352,-2.88275,6.30868,0.13057,-0.04948,0.08216,72.62496,4.23853,-64.03099
36.076248,-79.008532,9,0.46,160.3,7.08,3527003,7.08,7.08395,-2.9336,6.27159,0.13485,-0.02902,0.08323,72.0988,4.69161,-65.98948
36.076246,-79.008531,9,0.25,160.3,7.17,3527803,7.17,7.1665,-2.91386,6.24886,0.13271,-0.01558,0.09575,70.34493,5.68547,-67.17335
36.076246,-79.008531,9,0.25,160.1,7.06,3528003,7.06,7.05943,-2.86361,6.2997,0.09743,-0.09713,0.10064,69.68723,6.34317,-69.05875
36.076243,-79.008532,9,0.17,160.1,7.14,3528803,7.14,7.13899,-2.9013,6.35354,0.11927,-0.04276,0.09453,67.40719,8.44782,-70.66647
36.076243,-79.008532,9,0.17,159,6.99,3529003,6.99,6.98884,-2.84028,6.29253,0.11988,0.03635,0.09865,67.08565,8.69629,-71.60188
36.076239,-79.008535,9,0.45,159,7.07,3529803,7.07,7.07438,-2.87498,6.22852,0.09896,-0.01604,0.08949,65.41946,10.72786,-72.52265
36.076239,-79.008535,9,0.45,157.8,7.11,3530003,7.11,7.11087,-2.92523,6.20339,0.11225,-0.04688,0.04704,64.61561,11.19556,-72.33265
36.076232,-79.008537,9,0.74,157.8,7.1,3530803,7.1,7.09711,-2.90309,6.33978,0.08567,-0.0452,0.06842,62.99327,14.07483,-73.8819
36.076232,-79.008537,9,0.74,156.1,7.06,3531003,7.06,7.06481,-2.88574,6.32124,0.07223,0.00825,0.10751,63.24174,14.07483,-73.54575
36.076227,-79.008539,9,0.36,156.1,7.1,3531803,7.1,7.10369,-2.89053,6.25783,0.06246,-0.0226,0.08048,62.02865,16.1064,-74.86115
36.076227,-79.008539,9,0.36,155,7.16,3532003,7.16,7.16411,-2.8666,6.13639,0.08567,-0.01802,0.0536,61.44402,16.8518,-75.47501
36.076225,-79.008539,9,0.38,155,7.09,3532803,7.09,7.08934,-2.86481,6.2351,0.06842,-0.01405,0.05147,61.21017,18.69337,-75.27039
36.076225,-79.008539,9,0.38,153.7,7.09,3533003,7.09,7.08993,-2.90249,6.31406,0.06414,-0.04184,0.04459,60.45016,20.06723,-75.22654
36.076225,-79.008544,9,0.3,153.7,7.08,3533803,7.08,7.08335,-2.83789,6.27159,0.04276,-0.0171,0.07086,59.67553,21.80649,-75.63578
36.076225,-79.008544,9,0.3,153.1,7.12,3534003,7.12,7.12343,-2.89771,6.17887,0.08583,0.01878,0.0281,59.12014,21.36802,-75.35808
36.076225,-79.00855,9,0.25,153.1,7.08,3534803,7.08,7.07976,-2.85703,6.22732,0.04169,-0.00535,0.05544,58.75475,23.00497,-75.92809
36.076225,-79.00855,9,0.25,152.9,7.1,3535003,7.1,7.09771,-2.87378,6.27697,0.04872,-0.01222,0.03329,58.88629,23.06343,-76.10348
36.076226,-79.008556,9,0.39,152.9,7.11,3535803,7.11,7.10908,-2.8684,6.36132,0.01542,-0.00947,0.05727,58.38936,24.23268,-76.36656
36.076226,-79.008556,9,0.39,152.8,7.07,3536003,7.07,7.07318,-2.8678,6.28714,0.06078,0.02978,0.02199,58.5209,25.13885,-75.35808
36.076227,-79.008568,9,0.16,152.8,7.18,3536803,7.18,7.18086,-2.94257,6.31586,0.07804,-0.01283,0.02138,58.38936,26.2204,-74.81731
36.076227,-79.008568,9,0.16,153.6,7.02,3537003,7.02,7.01516,-2.84746,6.24108,0.02123,-0.01161,0.04566,57.80473,27.1558,-76.01579
36.076227,-79.008578,9,0.24,153.6,7.18,3537803,7.18,7.17548,-2.88096,6.27996,0.02841,-0.04414,0.03085,57.65858,28.22274,-75.41655
36.076227,-79.008578,9,0.24,153.5,7.06,3538003,7.06,7.06002,-2.86541,6.23151,0.04291,0.01237,0.03757,57.98012,28.44198,-74.99269
36.076225,-79.008592,9,0.9,153.5,7.09,3538803,7.09,7.08575,-2.87378,6.23689,0.0394,-0.0307,0.03787,57.89243,29.59661,-74.58345
36.076225,-79.008592,9,0.9,152.9,7.09,3539003,7.09,7.08934,-2.89831,6.268,0.06536,0.02275,0.02917,57.76089,30.31277,-75.4604
36.076226,-79.008598,9,0.32,152.9,7.07,3539803,7.07,7.0672,-2.79542,6.24108,0.05009,0.01374,0.07315,57.46857,32.34435,-73.80882
36.076226,-79.008598,9,0.32,153,7.19,3540003,7.19,7.18565,-2.88395,6.28236,0.09026,-0.02749,-0.00565,57.70243,32.66589,-73.73575
36.076227,-79.008606,9,0.76,153,7.09,3540803,7.09,7.08515,-2.93061,6.25962,0.02734,-0.0785,0.07223,57.62935,34.20052,-72.84419
36.076227,-79.008606,9,0.76,153.5,7.09,3541003,7.09,7.09352,-2.83849,6.28236,0.06414,0.02627,0.0733,57.3078,34.40514,-72.94651
36.076228,-79.008611,9,0.59,153.5,7.1,3541803,7.1,7.09891,-2.79242,6.2357,0.07575,-0.02505,0.06078,57.60012,35.57439,-72.90266
36.076228,-79.008611,9,0.59,153.2,7.14,3542003,7.14,7.13779,-2.90848,6.31765,0.12324,0.02169,0.02688,57.3078,36.77287,-72.01111
36.076228,-79.008618,9,0.97,153.2,7.11,3542803,7.11,7.10967,-2.90848,6.26022,0.09194,0.00305,0.07819,57.81935,38.71675,-70.38878
36.076228,-79.008618,9,0.97,153.8,7.09,3543003,7.09,7.08754,-2.83609,6.25962,0.07773,-0.03955,0.0843,58.02397,39.19906,-70.15492
36.076227,-79.008621,9,0.68,153.8,7.17,3543803,7.17,7.1665,-2.84626,6.24347,0.08812,-0.07682,0.06933,58.55013,41.50833,-68.7226
36.076227,-79.008621,9,0.68,153.4,7.08,3544003,7.08,7.07737,-2.87976,6.3021,0.09789,-0.03207,0.0898,58.60859,41.11371,-68.60567
36.076231,-79.008627,9,0.38,153.4,7.11,3544803,7.11,7.11326,-2.87139,6.30628,0.10156,-0.02673,0.09682,59.77784,43.32067,-65.75563
36.076231,-79.008627,9,0.38,153.1,7.04,3545003,7.04,7.04208,-2.84327,6.26441,0.08583,-0.02138,0.11805,60.56709,43.51067,-66.34025
36.076227,-79.008633,9,0.84,153.1,7.18,3545803,7.18,7.17548,-2.85823,6.22194,0.10095,-0.03833,0.10675,61.00556,45.00146,-63.37329
36.076227,-79.008633,9,0.84,153.3,7.03,3546003,7.03,7.03131,-2.82712,6.43011,0.13317,-0.04414,0.06353,60.97632,45.29377,-63.34405
36.076227,-79.008636,9,0.25,153.3,7.07,3546803,7.07,7.07199,-2.84866,6.2997,0.09194,-0.08384,0.12034,63.06636,46.43379,-60.77171
36.076227,-79.008636,9,0.25,153.2,7.13,3547003,7.13,7.13241,-2.88754,6.29492,0.15653,0.00015,0.07819,62.81789,47.14996,-59.71938
36.076221,-79.008637,9,1.39,153.2,7.06,3547803,7.06,7.05703,-2.88754,6.3015,0.13256,-0.04016,0.09743,64.86407,47.54458,-58.03859
36.076221,-79.008637,9,1.39,154.2,7.09,3548003,7.09,7.09352,-2.84925,6.2692,0.11652,-0.0255,0.1237,65.14177,46.57995,-57.10319
36.076218,-79.008638,9,0.13,154.2,7.13,3548803,7.13,7.1342,-2.86899,6.3009,0.11591,-0.05635,0.10766,67.39258,46.88688,-54.50161
36.076218,-79.008638,9,0.13,152.8,7.08,3549003,7.08,7.07857,-2.87019,6.28056,0.13042,-0.03344,0.10095,67.80182,46.97457,-53.7416
36.076218,-79.008638,9,0.24,152.8,7.17,3549803,7.17,7.17488,-2.91027,6.32902,0.12859,-0.05284,0.09606,70.65186,45.86378,-50.86232
36.076218,-79.008638,9,0.24,152.2,7.04,3550003,7.04,7.0355,-2.8331,6.30449,0.1182,-0.05666,0.1095,70.30108,45.48378,-51.00848
36.076215,-79.008632,9,0.13,152.2,7.15,3550803,7.15,7.15334,-2.90907,6.31944,0.14371,0.00015,0.11225,72.34727,44.05145,-48.24613
36.076215,-79.008632,9,0.13,151.2,7.03,3551003,7.03,7.02892,-2.82592,6.13101,0.12553,-0.04963,0.10629,72.99035,43.42298,-48.53844
36.076212,-79.008628,9,0.58,151.2,7.12,3551803,7.12,7.11865,-2.84686,6.29731,0.11805,-0.05727,0.11393,75.25578,41.56679,-46.37533
36.076212,-79.008628,9,0.58,151.3,7.06,3552003,7.06,7.06122,-2.86959,6.3009,0.14294,-0.01206,0.10324,75.89886,40.58755,-46.65303
36.076213,-79.008616,9,0.56,151.3,7.1,3552803,7.1,7.10369,-2.88335,6.28834,0.11316,-0.0449,0.11836,78.06197,38.39521,-44.2853
36.076213,-79.008616,9,0.56,150.4,7.07,3553003,7.07,7.07199,-2.85524,6.31885,0.13286,-0.042,0.09026,78.23736,37.47442,-44.27068
36.076215,-79.008609,9,0.31,150.4,7.1,3553803,7.1,7.09771,-2.85344,6.30868,0.13317,-0.03009,0.09484,79.84508,34.82899,-43.58375
36.076215,-79.008609,9,0.31,149.6,7.04,3554003,7.04,7.03849,-2.87557,6.29432,0.12187,-0.05085,0.10079,80.69278,34.11283,-43.14528
36.076216,-79.008607,9,0.21,149.6,7.09,3554803,7.09,7.08575,-2.91565,6.30868,0.12538,-0.01878,0.10828,82.06665,30.79509,-42.42912
36.076216,-79.008607,9,0.21,149.3,7.09,3555003,7.09,7.09173,-2.9007,6.27159,0.10537,-0.0452,0.12553,82.50511,29.64046,-42.37065
36.076215,-79.0086,9,0.33,149.3,7.04,3555803,7.04,7.03968,-2.82293,6.26022,0.08018,-0.15928,0.10369,83.36744,26.36656,-42.15142
36.076215,-79.0086,9,0.33,148.7,7.09,3556003,7.09,7.08934,-2.88814,6.38644,0.15211,0.04765,0.10278,83.60129,25.53347,-42.42912
36.076213,-79.008596,9,0.72,148.7,7.03,3556803,7.03,7.02832,-2.83609,6.27757,0.13271,0.00565,0.10247,84.01052,21.83572,-43.84683
36.076213,-79.008596,9,0.72,148.4,7.14,3557003,7.14,7.14497,-2.91865,6.29851,0.13897,-0.00458,0.09377,84.43438,21.41187,-42.85297
36.076212,-79.008595,9,0.6,148.4,7.1,3557803,7.1,7.09532,-2.90668,6.12622,0.13225,-0.00657,0.09743,84.60976,18.02105,-44.91377
36.076212,-79.008595,9,0.6,149.2,7.13,3558003,7.13,7.1342,-2.87737,6.29611,0.11591,-0.04398,0.09682,84.59515,17.52412,-44.16837
36.07621,-79.00859,9,0.43,149.2,7.09,3558803,7.09,7.08993,-2.86541,6.24886,0.12156,-0.03146,0.10033,84.39053,14.17714,-45.57147
36.07621,-79.00859,9,0.43,149.6,7.06,3559003,7.06,7.05943,-2.89651,6.3009,0.09453,-0.09071,0.0982,84.3613,13.78252,-46.27302
36.076206,-79.008587,9,0.83,149.6,7.09,3559803,7.09,7.09233,-2.88215,6.30748,0.09438,-0.03192,0.12294,83.84975,10.96171,-48.28997
36.076206,-79.008587,9,0.83,150.4,7.08,3560003,7.08,7.08096,-2.84806,6.27637,0.12538,-0.00504,0.0927,84.09822,14.57176,-47.86612
36.076205,-79.008585,9,0.16,150.4,7.16,3560803,7.16,7.15873,-2.90907,6.28236,0.14844,0.00473,0.05391,83.30898,8.74013,-49.70769
36.076205,-79.008585,8,0.16,150.5,7.09,3561003,7.09,7.09113,-2.92463,6.28774,0.07086,-0.06246,0.13134,82.56358,8.12628,-50.19
36.076205,-79.008586,8,0.13,150.5,7.08,3561803,7.08,7.08156,-2.88814,6.28415,0.0927,0.00107,0.1098,82.75358,6.54779,-52.66004
36.076205,-79.008586,8,0.13,150.7,7.13,3562003,7.13,7.13241,-2.87139,6.23271,0.11881,-0.00275,0.0617,81.87664,6.08009,-52.76235
36.076207,-79.008579,8,1.35,150.7,7.12,3562803,7.12,7.11745,-2.83669,6.27099,0.09545,-0.0029,0.06506,81.07278,5.30547,-55.04239
36.076207,-79.008579,8,1.35,150.5,7.15,3563003,7.15,7.15155,-2.94018,6.25484,0.07834,-0.05528,0.0617,81.02894,5.15931,-55.30547
36.076209,-79.008579,8,0.38,150.5,6.91,3563803,6.91,6.91107,-2.86361,6.25663,0.10095,-0.02337,0.00794,79.47968,3.7416,-57.01549
36.076209,-79.008579,9,0.38,149.6,7.17,3564003,7.17,7.1665,-2.99761,6.35175,0.03848,-0.03054,0.08598,79.04122,4.48699,-56.72318
36.076209,-79.008579,9,0.49,149.6,7.23,3564803,7.23,7.2329,-2.98624,6.32961,0.08384,0.06826,0.06765,78.41275,3.94621,-59.29553
36.076209,-79.008579,9,0.49,149.2,6.94,3565003,6.94,6.9356,-2.73679,6.22373,0.08766,0.00473,0.01252,77.94505,3.53698,-59.61707
36.076204,-79.008576,9,0.29,149.2,7.09,3565803,7.09,7.08934,-2.84866,6.25544,0.11729,0.05238,-0.03009,77.12657,3.99006,-60.26016
36.076204,-79.008576,9,0.29,147.9,7.08,3566003,7.08,7.07976,-2.93061,6.22553,-0.00122,-0.1069,0.04016,76.55656,4.01929,-60.65478
36.076202,-79.008577,9,0.4,147.9,7.14,3566803,7.14,7.14018,-2.93958,6.24826,0.03589,-0.01649,0.0223,75.88425,4.34084,-61.82403
36.076202,-79.008577,9,0.4,147.7,7.08,3567003,7.08,7.08096,-2.88156,6.25783,-0.01619,-0.00947,0.09591,75.34347,3.14236,-61.80941
36.076204,-79.008578,9,0.35,147.7,7.1,3567803,7.1,7.10369,-2.85344,6.25723,0.03726,0.0252,0.01405,75.15347,3.2739,-62.6425
36.076204,-79.008578,9,0.35,147.7,7.04,3568003,7.04,7.04327,-2.84148,6.25723,0.06093,-0.0113,-0.05681,75.05116,3.88775,-62.51096
36.0762,-79.008571,9,1.36,147.7,7.14,3568803,7.14,7.14138,-3.05264,6.24766,0.06811,0.07208,-0.01436,74.61269,4.50161,-64.00175
36.0762,-79.008571,9,1.36,147.6,7.04,3569003,7.04,7.04208,-2.92882,6.17827,-0.0646,-0.02734,0.10171,74.68576,3.81467,-63.21251
36.076203,-79.008567,9,0.28,147.6,7.06,3569803,7.06,7.05823,-2.72243,6.22074,-0.00809,-0.04887,-0.01863,74.07191,3.62467,-63.02251
36.076203,-79.008567,9,0.28,148.3,7.14,3570003,7.14,7.14138,-3.03051,6.30449,-0.0168,-0.07636,-0.01084,73.89652,4.10699,-64.13329
36.076202,-79.008566,9,0.35,148.3,7.03,3570803,7.03,7.02952,-2.85763,6.2692,0.07025,0.07254,-0.06872,73.67729,4.41391,-64.11868
36.076202,-79.008566,9,0.35,148.4,7.11,3571003,7.11,7.11386,-2.81456,6.20579,-0.0423,-0.02337,0.02413,73.76498,3.99006,-64.52792
36.0762,-79.008563,9,0.6,148.4,7.18,3571803,7.18,7.17907,-3.00957,6.25663,-0.02749,0.0365,0.0197,73.28266,4.83777,-64.20638
36.0762,-79.008563,9,0.6,148.9,7.07,3572003,7.07,7.06601,-2.82413,6.17169,-0.02031,0.05376,-0.00412,73.00497,3.99006,-63.65098
36.076199,-79.00856,9,0.77,148.9,7.18,3572803,7.18,7.17907,-2.8014,6.18605,-0.07621,0.00015,-0.04383,73.86729,3.82929,-62.52558
36.076199,-79.00856,9,0.77,149.7,7.23,3573003,7.23,7.22632,-2.98624,6.22194,-0.06002,0.01497,-0.08537,74.01345,4.3116,-62.43789
36.076198,-79.008557,9,0.75,149.7,7.13,3573803,7.13,7.12642,-2.91685,6.35115,-0.10812,-0.02611,-0.09743,75.15347,4.29699,-61.7071
36.076198,-79.008557,9,0.75,150.3,6.96,3574003,6.96,6.96132,-2.85105,6.29911,-0.12431,0.09071,-0.00687,75.13885,3.44928,-61.72172
36.076202,-79.008555,9,0.33,150.3,7.07,3574803,7.07,7.07139,-2.75593,6.24945,-0.06964,0.00443,-0.15837,76.27886,3.31774,-59.86554
36.076202,-79.008555,9,0.33,150.5,7.21,3575003,7.21,7.21496,-3.05982,6.30748,-0.10018,0.08567,-0.06536,77.08273,3.96083,-59.50014
36.076205,-79.008551,9,0.2,150.5,7.07,3575803,7.07,7.0672,-2.89352,6.27817,-0.13668,0.06994,-0.07468,78.44198,3.7416,-58.00936
36.076205,-79.008551,9,0.2,150.9,7.11,3576003,7.11,7.11087,-3.05384,6.22852,-0.13668,0.02642,-0.0956,78.32505,4.16545,-57.80473
36.076207,-79.008545,9,0.77,150.9,7.09,3576803,7.09,7.09113,-2.86421,6.21237,-0.16341,0,-0.09636,79.59661,4.44315,-55.93394
36.076207,-79.008545,9,0.77,151.4,7.1,3577003,7.1,7.09651,-2.84686,6.27877,-0.13164,0.0901,-0.09942,80.35662,4.677,-55.59777
36.076209,-79.008542,9,0.16,151.4,7.08,3577803,7.08,7.07797,-2.79781,6.27338,-0.1628,-0.01588,-0.11057,81.48203,5.70009,-53.4639
36.076209,-79.008542,9,0.16,152.1,6.99,3578003,6.99,6.99302,-2.90848,6.37986,-0.06643,0.11729,-0.15394,81.20432,6.37241,-52.9085
36.076211,-79.008541,9,0.76,152.1,7.07,3578803,7.07,7.07019,-2.92941,6.43669,-0.09407,0.09881,-0.14707,82.75358,7.73166,-51.71003
36.076211,-79.008541,9,0.76,152.1,7.04,3579003,7.04,7.03669,-2.83789,6.18305,-0.10675,0.0817,-0.12981,82.98743,8.38936,-50.26308
36.076215,-79.008538,9,0.86,152.1,7.08,3579803,7.08,7.08455,-2.91865,6.27159,-0.18143,0.05131,-0.0452,83.48436,10.17246,-48.37767
36.076215,-79.008538,9,0.86,151.8,7.14,3580003,7.14,7.14258,-2.82114,6.25185,-0.13546,0.08766,-0.08735,84.02514,10.33324,-48.75767
36.076216,-79.008532,9,0.16,151.8,7.06,3580803,7.06,7.06062,-2.84866,6.3685,-0.09041,0.04139,-0.18906,84.3613,12.80327,-46.37533
36.076216,-79.008532,9,0.16,151.9,7.1,3581003,7.1,7.1013,-2.88156,6.26022,-0.15424,0.09789,-0.06842,84.01052,13.56329,-46.52148
36.076216,-79.00853,9,0.36,151.9,7.09,3581803,7.09,7.09352,-2.86361,6.35055,-0.06765,0.20067,-0.13607,84.21514,16.61795,-44.27068
36.076216,-79.00853,9,0.36,151.7,7.15,3582003,7.15,7.14796,-2.89232,6.23151,-0.15119,0.00397,-0.11255,85.20901,17.10026,-44.65068
36.076216,-79.008524,9,0.32,151.7,7.03,3582803,7.03,7.03191,-2.91745,6.25304,-0.19135,0.01084,-0.07086,84.50745,20.18416,-42.6922
36.076216,-79.008524,9,0.32,152.7,7.17,3583003,7.17,7.1677,-2.79542,6.31885,-0.09682,0.14203,-0.13836,84.60976,20.60801,-43.0722
36.076216,-79.008522,9,0.68,152.7,7.15,3583803,7.15,7.14916,-2.84148,6.44626,-0.06063,0.12187,-0.20449,83.82052,23.85267,-42.53143
36.076216,-79.008522,9,0.68,153.2,7.01,3584003,7.01,7.01336,-2.90309,6.18425,-0.17898,0.04429,-0.07453,84.0836,23.38498,-42.20988
36.076216,-79.008513,9,0.29,153.2,7.06,3584803,7.06,7.06062,-2.89352,6.25364,-0.18097,0.03864,-0.05696,83.10435,27.38965,-42.4145
36.076216,-79.008513,9,0.29,153.7,7.21,3585003,7.21,7.20838,-2.79242,6.29911,-0.12905,0.04093,-0.12782,82.73897,28.3689,-41.72756
36.076212,-79.008508,9,0.53,153.7,7.16,3585803,7.16,7.15514,-2.89053,6.36371,-0.06063,0.15272,-0.14447,81.68664,30.44431,-41.7568
36.076212,-79.008508,9,0.53,153.8,7.1,3586003,7.1,7.1013,-2.90309,6.20758,-0.18127,-0.01191,-0.05773,81.07278,31.23356,-42.18065
36.076212,-79.008505,9,0.29,153.8,7,3586803,7,6.9996,-2.87677,6.23271,-0.2025,-0.01451,-0.03222,80.7074,34.09822,-43.89067
36.076212,-79.008505,9,0.29,154.1,7.13,3587003,7.13,7.13061,-2.82413,6.34935,-0.11637,0.04398,-0.12691,80.38585,34.20052,-44.18299
36.076214,-79.008504,9,0.39,154.1,6.98,3587803,6.98,6.98405,-2.82891,6.35594,-0.12019,0.06429,-0.10171,78.74891,36.67057,-44.70915
36.076214,-79.008504,9,0.39,154.5,7.2,3588003,7.2,7.20299,-2.89113,6.27578,-0.08812,0.15837,-0.08048,78.86583,37.43058,-43.49606
36.076219,-79.008503,9,0.86,154.5,7.11,3588803,7.11,7.11326,-2.90668,6.11665,-0.05559,0.04749,-0.14325,77.57965,38.62906,-44.24145
36.076219,-79.008503,9,0.86,154.9,7.16,3589003,7.16,7.15574,-2.96172,6.34636,-0.16142,-0.05635,-0.03375,77.24349,39.97369,-45.17685
36.076223,-79.008502,9,0.17,154.9,6.96,3589803,6.96,6.95833,-2.83011,6.31107,-0.13179,0.07804,0.00764,75.59193,40.60216,-45.83455
36.076223,-79.008502,9,0.17,155.3,7.26,3590003,7.26,7.26341,-2.81516,6.30928,-0.05406,0.05528,-0.12691,75.4604,40.95294,-46.28764
36.07622,-79.0085,9,0.54,155.3,7.14,3590803,7.14,7.1354,-2.99701,6.17707,-0.14172,-0.01573,-0.00611,74.68576,42.53143,-46.74072
36.07622,-79.0085,9,0.54,155.6,7.15,3591003,7.15,7.15334,-2.74038,6.34935,-0.062,0.07941,-0.06109,74.45192,42.38527,-47.80766
36.076219,-79.008498,9,0.92,155.6,7.08,3591803,7.08,7.08455,-2.81456,6.3332,-0.06017,0.07758,-0.07804,73.41421,43.08682,-48.02689
36.076219,-79.008498,9,0.92,156.5,7.11,3592003,7.11,7.10908,-2.90249,6.19621,-0.08033,0.04566,-0.07468,73.19498,43.84683,-47.41304
36.076221,-79.008504,9,0.21,156.5,7.07,3592803,7.07,7.07199,-2.89711,6.3009,-0.0927,0.06781,-0.03925,72.08419,44.59222,-49.35691
36.076221,-79.008504,9,0.21,158.2,7.13,3593003,7.13,7.1348,-2.87498,6.25544,-0.12294,-0.01084,-0.0339,71.73341,45.57147,-49.89769
36.076217,-79.008503,9,0.13,158.2,7,3593803,7,7.00439,-2.92523,6.25364,-0.0843,0.06231,-0.03192,70.44724,44.88454,-50.76001
36.076217,-79.008503,9,0.13,158.2,7.2,3594003,7.2,7.19582,-2.78943,6.25065,-0.10079,-0.01558,-0.03482,70.52032,44.95761,-49.37153
36.076208,-79.008505,9,0.46,158.2,7.06,3594803,7.06,7.05584,-2.83908,6.28415,-0.07468,-0.01405,-0.03512,70.34493,46.11225,-50.04385
36.076208,-79.008505,9,0.46,156.9,7.15,3595003,7.15,7.14736,-2.90907,6.20339,-0.0336,0.02627,-0.07789,69.5703,46.14148,-50.40924
36.076206,-79.008509,9,0.55,156.9,7.07,3595803,7.07,7.07139,-2.71765,6.3003,-0.06032,-0.00153,-0.02627,69.19029,45.62993,-51.73926
36.076206,-79.008509,9,0.55,157.9,7.15,3596003,7.15,7.15035,-2.85643,6.35713,0.00916,0.05269,-0.10889,68.89798,45.73224,-51.19848
36.076204,-79.008511,9,0.16,157.9,7.21,3596803,7.21,7.20539,-3.06102,6.24886,-0.0255,0.01542,-0.10644,68.53259,47.07688,-53.11313
36.076204,-79.008511,9,0.16,158.5,7.06,3597003,7.06,7.05763,-2.84208,6.29013,-0.09102,0.04352,0.01069,68.38644,46.66764,-52.5285
36.0762,-79.008517,9,0.01,158.5,7.11,3597803,7.11,7.11207,-2.91027,6.24826,-0.05742,0.05253,-0.02886,67.86028,46.60918,-52.95235
36.0762,-79.008517,9,0.01,158.2,7.08,3598003,7.08,7.08275,-2.85224,6.26082,-0.09957,-0.02611,-0.00901,67.90412,46.79918,-52.96697
36.076197,-79.008522,9,0.44,158.2,7.16,3598803,7.16,7.15933,-2.90429,6.21715,-0.07407,-0.03131,-0.06521,67.55334,46.52148,-53.66852
36.076197,-79.008522,9,0.44,159.4,7.1,3599003,7.1,7.1007,-2.84327,6.23928,-0.04536,0.03406,-0.06124,67.05642,47.10611,-53.9316
36.076194,-79.00853,9,0.58,159.4,6.97,3599803,6.97,6.9691,-2.93839,6.28355,-0.08445,0.00855,-0.0255,66.09179,46.84303,-55.26162
36.076194,-79.00853,9,0.58,160,7.14,3600003,7.14,7.14258,-2.86002,6.3009,-0.0788,0.05131,-0.01924,66.47179,47.3838,-55.18854
36.076194,-79.008533,9,0.46,160,6.99,3600803,6.99,6.98525,-2.86361,6.3009,-0.10201,0.00901,-0.00137,65.01023,46.97457,-56.63549
36.076194,-79.008533,9,0.46,160.9,7.26,3601003,7.26,7.25683,-2.81456,6.21895,-0.03726,-0.03894,-0.11102,65.59486,46.97457,-56.89857
36.076192,-79.008535,9,0.37,160.9,7.13,3601803,7.13,7.12941,-2.84866,6.22433,-0.09621,-0.02657,-0.01802,64.35253,47.31073,-57.87782
36.076192,-79.008535,9,0.37,160.5,7.05,3602003,7.05,7.04626,-2.85823,6.31047,-0.04765,0.03176,-0.05803,64.06022,46.85764,-57.83397
36.076186,-79.008532,9,0.68,160.5,6.92,3602803,6.92,6.91586,-2.88634,6.28056,-0.10431,-0.01527,-0.00641,64.45483,47.36919,-58.06782
36.076186,-79.008532,9,0.68,161.4,7.17,3603003,7.17,7.17189,-2.79302,6.30628,-0.04169,0.08995,-0.04505,64.61561,46.97457,-59.44168
36.076181,-79.008534,9,0.28,161.4,7.17,3603803,7.17,7.1671,-2.8989,6.30509,-0.06078,0.03024,-0.03665,63.25636,46.37533,-59.31014
36.076181,-79.008534,9,0.28,161.6,7.05,3604003,7.05,7.05105,-2.87797,6.30987,-0.07575,0.03497,-0.01756,63.15405,46.69687,-59.4563
36.076179,-79.008539,9,0.26,161.6,7.13,3604803,7.13,7.12882,-2.92702,6.28355,-0.05437,0.0026,-0.07697,62.74482,47.3838,-59.32476
36.076179,-79.008539,9,0.26,161.5,7.06,3605003,7.06,7.05883,-2.87976,6.32303,-0.09865,0.04917,0.00428,62.54019,46.14148,-59.96785
36.076176,-79.008542,9,0.25,161.5,7.01,3605803,7.01,7.00678,-2.83549,6.22074,-0.06567,0.04246,-0.05406,61.99942,46.11225,-60.78632
36.076176,-79.008542,9,0.25,161,7.21,3606003,7.21,7.20599,-2.90668,6.2345,-0.07926,0.02016,-0.06017,61.88249,46.50687,-61.3271
36.076173,-79.008541,9,0.2,161,7.06,3606803,7.06,7.06242,-2.8684,6.25364,-0.06399,0.08002,-0.04276,60.91786,45.98071,-62.52558
36.076173,-79.008541,9,0.2,160.7,7.14,3607003,7.14,7.136,-2.89651,6.29073,-0.09194,0.00794,-0.05055,61.02017,45.70301,-62.96405
36.076172,-79.008542,9,0.26,160.7,7.19,3607803,7.19,7.19103,-2.87258,6.27637,-0.06521,0.0368,-0.05284,60.72786,45.14762,-63.88483
36.076172,-79.008542,9,0.26,160.8,6.95,3608003,6.95,6.94756,-2.82533,6.29671,-0.07407,0.07575,-0.02917,60.15785,44.70915,-64.36714
36.07617,-79.008543,9,0.22,160.8,7.14,3608803,7.14,7.13839,-2.84327,6.27458,-0.0927,0.05024,0.00229,59.96785,44.59222,-64.92254
36.07617,-79.008543,9,0.22,161.2,7.03,3609003,7.03,7.02593,-2.89771,6.29253,-0.0142,0.06322,-0.10415,58.95937,44.6653,-65.40485
36.076167,-79.008542,9,0.22,161.2,7.05,3609803,7.05,7.05225,-2.81815,6.27219,-0.01176,0.05345,-0.08323,59.2663,44.46069,-66.04794
36.076167,-79.008542,9,0.22,160.8,7.24,3610003,7.24,7.23769,-2.90249,6.27219,-0.05956,-0.00565,-0.05009,59.79246,43.58375,-65.31716
36.076166,-79.008543,9,0.25,160.8,7.15,3610803,7.15,7.14557,-2.86481,6.34158,-0.03543,0.0672,-0.03299,59.16399,42.86758,-66.96872
36.076166,-79.008543,9,0.25,160.3,7.02,3611003,7.02,7.02174,-2.82293,6.3003,-0.06658,-0.01222,-0.01802,58.94476,42.96989,-67.01257
36.076159,-79.008541,9,0.54,160.3,7.08,3611803,7.08,7.08156,-2.85464,6.26381,-0.04368,-0.02016,-0.04643,58.95937,42.9845,-67.96259
36.076159,-79.008541,9,0.54,159.9,7.12,3612003,7.12,7.11925,-2.89472,6.29312,-0.03436,0.11805,0.01038,58.82783,42.39988,-67.56796
36.076158,-79.008545,9,0.6,159.9,7.1,3612803,7.1,7.09532,-2.81815,6.26202,-0.0449,-0.01604,-0.02657,58.60859,41.97603,-67.93335
36.076158,-79.008545,9,0.6,160,7.14,3613003,7.14,7.14078,-2.89532,6.28595,-0.00809,0.05864,-0.0507,58.57936,42.35603,-67.07103
36.076155,-79.008547,9,0.41,160,7.06,3613803,7.06,7.05883,-2.87857,6.28595,-0.04688,0.04368,-0.00412,58.28705,41.74218,-68.13797
36.076155,-79.008547,9,0.41,160.3,7.07,3614003,7.07,7.07318,-2.89352,6.22971,-0.02779,0.07544,-0.0139,58.53551,41.8591,-67.67027
36.076154,-79.008544,9,0.55,160.3,7.23,3614803,7.23,7.23171,-2.95992,6.28774,-0.04826,0.00092,-0.05009,58.69629,40.60216,-67.90412
36.076154,-79.008544,9,0.55,160.7,6.99,3615003,6.99,6.98525,-2.82054,6.2357,-0.02367,0.0672,-0.04536,57.70243,40.89447,-68.50336
36.076152,-79.008545,9,0.17,160.7,6.99,3615803,6.99,6.98943,-2.95932,6.26321,-0.08934,0.01955,0.01955,57.9655,40.3537,-68.94183
36.076152,-79.008545,9,0.17,161.3,7.17,3616003,7.17,7.17428,-2.79781,6.23151,-0.00153,0.07498,-0.08002,57.99474,39.94446,-69.52645
36.076154,-79.008552,9,0.46,161.3,6.9,3616803,6.9,6.89791,-2.92582,6.26082,-0.05009,0.04184,-0.01741,57.64396,39.81292,-70.52032
36.076154,-79.008552,9,0.46,163,7.17,3617003,7.17,7.17249,-2.85045,6.2339,-0.03894,0.04749,-0.02398,58.21397,38.97983,-70.21339
36.076154,-79.008553,9,0.32,163,7.15,3617803,7.15,7.15334,-2.89352,6.2686,-0.02978,0.01359,-0.01573,57.98012,39.24291,-69.68723
36.076154,-79.008553,9,0.32,164,7.04,3618003,7.04,7.03609,-2.8343,6.25663,-0.05406,-0.06674,-0.01237,57.38089,38.84829,-70.79801
36.076155,-79.008552,9,0.36,164,7.16,3618803,7.16,7.16172,-2.90608,6.29611,-0.0368,-0.04826,-0.00764,57.83397,39.08214,-70.90032
36.076155,-79.008552,9,0.36,164.8,7.21,3619003,7.21,7.20599,-2.8684,6.23091,0.02489,-0.00458,-0.06888,57.45396,39.15522,-70.15492
36.076154,-79.008553,9,0.23,164.8,7.06,3619803,7.06,7.05703,-2.90309,6.31167,-0.00993,-0.00657,-0.00382,57.3955,39.50599,-69.78954
36.076154,-79.008553,9,0.23,166,7.13,3620003,7.13,7.13181,-2.89771,6.25185,0.00809,0.05483,-0.00321,57.60012,39.06752,-70.8857
36.076153,-79.008553,9,0.53,166,7.17,3620803,7.17,7.17069,-2.9001,6.31466,-0.0029,0.03528,0.00153,58.14089,39.65215,-70.43262
36.076153,-79.008553,9,0.53,166.7,7.11,3621003,7.11,7.11386,-2.79362,6.19621,0.0171,-0.01665,-0.04581,57.65858,39.66676,-70.47646
36.076153,-79.008558,9,0.02,166.7,7.03,3621803,7.03,7.03071,-2.87019,6.24945,0.00275,-0.01176,-0.01054,58.28705,40.13446,-70.3157
36.076153,-79.008558,9,0.02,167.2,7.07,3622003,7.07,7.0684,-2.92822,6.27219,-0.01344,-0.02718,0.00244,58.11166,39.79831,-70.28647
36.07615,-79.008558,9,0.24,167.2,7.09,3622803,7.09,7.08993,-2.91326,6.2686,-0.02871,-0.01787,0.03619,58.4332,40.57293,-69.90646
36.07615,-79.008558,9,0.24,167.9,7.11,3623003,7.11,7.11267,-2.85643,6.21237,0.00305,-0.00412,0.00489,58.75475,40.25139,-69.42415
36.076149,-79.00856,9,0.2,167.9,7.05,3623803,7.05,7.04926,-2.84866,6.28834,0.0026,-0.00535,0.00382,58.0532,40.1637,-68.88336
36.076149,-79.00856,9,0.2,168.1,7.09,3624003,7.09,7.08694,-2.88933,6.31944,0.02382,0.05651,0.00382,58.27243,40.1637,-69.05875
36.076148,-79.008565,9,0.68,168.1,7.24,3624803,7.24,7.23829,-2.85045,6.21835,0.02764,0.05986,0.00321,58.4332,41.69833,-67.87489
36.076148,-79.008565,9,0.68,167.9,7.09,3625003,7.09,7.09292,-2.8995,6.25723,0.01436,-0.09575,-0.03085,58.44782,41.46449,-68.32797
36.076148,-79.008567,9,0.25,167.9,7.07,3625803,7.07,7.0666,-2.84686,6.25065,0.06842,-0.02153,-0.07865,58.95937,41.84449,-67.90412
36.076148,-79.008567,9,0.25,168.9,6.99,3626003,6.99,6.99422,-2.95274,6.34517,-0.02688,-0.0084,0.05528,57.8632,42.10757,-68.19643
36.076147,-79.008569,9,0.56,168.9,7,3626803,7,7.00379,-2.97847,6.32303,0.02245,0.18357,0.09545,58.2432,42.83835,-67.2318
36.076147,-79.008569,9,0.56,168.9,7.27,3627003,7.27,7.27358,-2.83669,6.27338,-0.0391,-0.09148,0.03955,59.4563,42.66296,-66.76411
36.076149,-79.008572,9,0.51,168.9,7.14,3627803,7.14,7.13779,-2.81994,6.18305,0.00321,-0.09896,-0.01634,59.54399,43.14528,-66.36948
36.076149,-79.008572,9,0.51,168.1,7.06,3628003,7.06,7.06002,-2.95155,6.30389,0.00702,-0.07727,-0.01497,58.97399,43.80298,-67.10027
36.076144,-79.008571,9,0.32,168.1,6.98,3628803,6.98,6.98405,-2.88634,6.33619,0.00015,0.01878,0.0588,58.9886,43.74452,-65.8287
36.076144,-79.008571,9,0.32,168.2,7.11,3629003,7.11,7.10668,-2.87857,6.28475,0.04016,0.10675,0.03986,59.99707,43.45221,-65.09792
36.076143,-79.008575,9,0.3,168.2,7.1,3629803,7.1,7.1025,-2.84866,6.2351,0.05406,0.03742,0.02214,60.27477,44.35838,-65.4487
36.076143,-79.008575,9,0.3,167.2,7.09,3630003,7.09,7.09053,-2.88993,6.27398,0.0226,-0.02963,0.02214,59.95323,44.88454,-64.68869
36.076141,-79.008573,9,0.28,167.2,7.07,3630803,7.07,7.07259,-2.83191,6.2674,0.03574,0.03925,0.0562,60.87402,44.95761,-64.51331
36.076141,-79.008573,9,0.28,167.2,7.26,3631003,7.26,7.25743,-2.87019,6.23151,0.06154,-0.08048,-0.05803,60.46478,45.65916,-63.94329
36.076135,-79.008571,9,0.33,167.2,7.03,3631803,7.03,7.03191,-2.95454,6.29552,-0.00428,-0.17349,-0.01542,60.88863,45.98071,-62.6425
36.076135,-79.008571,9,0.33,167,6.93,3632003,6.93,6.92543,-2.9007,6.31586,0.00641,0.13393,0.13073,60.61093,46.00994,-63.72406
36.076129,-79.008572,9,0.87,167,7.26,3632803,7.26,7.26461,-2.85284,6.26262,0.02749,0.05925,0.06979,62.51096,46.38994,-62.18942
36.076129,-79.008572,9,0.87,167.1,7.12,3633003,7.12,7.11865,-2.81875,6.19681,0.0391,-0.13241,-0.03589,62.1748,46.47764,-62.0871
36.076128,-79.008572,9,1.2,167.1,6.91,3633803,6.91,6.91286,-2.90848,6.30987,0.01145,-0.03115,0.06429,61.64864,47.12073,-60.62555
36.076128,-79.008572,9,1.2,167.3,7.19,3634003,7.19,7.19342,-2.87498,6.27159,0.05528,0.11332,0.07575,62.71558,46.87226,-60.80093
36.076125,-79.008577,9,0.14,167.3,7.33,3634803,7.33,7.32742,-2.83908,6.22313,0.07223,-0.12126,-0.0368,63.68021,47.12073,-59.51476
36.076125,-79.008577,9,0.14,167.4,6.93,3635003,6.93,6.93081,-2.88874,6.28774,0.0591,-0.04673,0.02963,62.87635,47.39842,-59.55861
36.076122,-79.008582,9,0.14,167.4,7.11,3635803,7.11,7.10848,-2.8995,6.3015,0.06078,0.07223,0.11286,65.14177,47.19381,-57.26396
36.076122,-79.008582,9,0.14,167.2,7.22,3636003,7.22,7.22154,-2.81575,6.24228,0.05727,-0.12569,0.03039,65.47793,47.2815,-56.81087
36.076114,-79.008584,9,1.06,167.2,7.07,3636803,7.07,7.0678,-2.84028,6.32124,0.09468,-0.05788,0.01588,65.9164,47.33996,-56.25549
36.076114,-79.008584,9,1.06,167.2,7.01,3637003,7.01,7.01336,-2.89831,6.29372,0.07911,0.07437,0.10828,66.64718,46.90149,-55.07162
36.076107,-79.00859,9,0.84,167.2,7.16,3637803,7.16,7.16411,-2.86241,6.25424,0.08796,-0.06811,0.03818,67.96259,46.95995,-52.73312
36.076107,-79.00859,9,0.84,167.1,7,3638003,7,7.00499,-2.90788,6.22254,0.09163,-0.0368,0.06322,68.13797,47.17919,-53.02543
36.076105,-79.008597,9,0.05,167.1,7.21,3638803,7.21,7.20898,-2.87199,6.31107,0.09026,0.07162,0.12385,69.20491,45.86378,-49.94154
36.076105,-79.008597,9,0.05,166.1,7.07,3639003,7.07,7.06959,-2.82054,6.23988,0.07422,-0.08858,0.06704,70.95878,45.20608,-50.62847
36.076101,-79.008608,9,0.48,166.1,6.99,3639803,6.99,6.98764,-2.92822,6.31526,0.10766,-0.03757,0.0536,71.48495,44.84069,-49.40076
36.076101,-79.008608,9,0.48,164.1,7.13,3640003,7.13,7.13241,-2.86122,6.24646,0.04475,0.00305,0.16463,72.11342,44.67992,-48.37767
36.0761,-79.008616,9,0.28,164.1,7.22,3640803,7.22,7.22214,-2.74457,6.26979,0.11347,-0.11866,0.02474,74.65653,42.32681,-45.95148
36.0761,-79.008616,9,0.28,162.9,6.94,3641003,6.94,6.94278,-2.95992,6.25065,0.12675,-0.02107,0.06506,73.80882,42.50219,-45.6884
36.076102,-79.008623,9,0.49,162.9,7.16,3641803,7.16,7.15933,-2.8989,6.3015,0.04032,-0.02153,0.1938,76.1181,40.14908,-44.6653
36.076102,-79.008623,9,0.49,162.4,7.13,3642003,7.13,7.12583,-2.75175,6.27039,0.11942,-0.06781,0.04688,76.80502,38.6729,-44.69453
36.076108,-79.008623,9,0.29,162.4,7.04,3642803,7.04,7.04387,-2.90967,6.30269,0.12034,-0.02169,0.0646,78.22274,36.74364,-43.3499
36.076108,-79.008623,8,0.29,161.2,7.19,3643003,7.19,7.19163,-2.88335,6.33799,0.08292,-0.00367,0.12294,78.35428,36.99211,-42.89681
36.076108,-79.00862,8,0.82,161.2,7.07,3643803,7.07,7.0684,-2.87797,6.17767,0.15653,-0.01741,0.00596,79.6843,35.04823,-42.39988
36.076108,-79.00862,8,0.82,159.9,7.07,3644003,7.07,7.07498,-2.97727,6.20638,0.02321,-0.0394,0.17455,79.90353,34.01052,-42.00526
36.076108,-79.008623,8,0.56,159.9,7.13,3644803,7.13,7.1348,-2.77867,6.35414,0.03115,-0.09881,0.12202,81.5551,30.40047,-41.7568
36.076108,-79.008623,8,0.56,159.1,7.02,3645003,7.02,7.01935,-2.80678,6.25065,0.15944,0.01787,0.00153,81.74511,30.12277,-42.58989
36.076106,-79.008631,8,1.75,159.1,7.2,3645803,7.2,7.19582,-2.92582,6.39721,0.08277,0.0197,0.08995,82.70973,27.88658,-42.03449
36.076106,-79.008631,8,1.75,159.2,7.01,3646003,7.01,7.01217,-2.76969,6.30329,0.08537,-0.02871,0.06399,82.65127,27.57966,-41.69833
36.076103,-79.008627,8,0.09,159.2,7.13,3646803,7.13,7.133,-2.87498,6.25783,0.12187,0.04505,0.03482,83.65975,24.65653,-41.80064
36.076103,-79.008627,9,0.09,159.2,7.14,3647003,7.14,7.1354,-2.92164,6.25125,0.05773,-0.04551,0.07941,83.55744,24.30576,-41.77141
36.076098,-79.008618,9,0.48,159.2,7.1,3647803,7.1,7.1001,-2.7996,6.20638,0.10568,-0.02673,0.02902,84.1713,22.04034,-41.17217
36.076098,-79.008618,9,0.48,159.2,7.08,3648003,7.08,7.08275,-2.94796,6.35115,0.09438,-0.05742,0.03299,84.14207,22.46419,-42.06372
36.076096,-79.008609,9,0.28,159.2,7.04,3648803,7.04,7.04028,-2.90608,6.42533,0.02153,-0.062,0.15394,83.73283,19.46799,-43.2622
36.076096,-79.008609,9,0.28,159.4,7.07,3649003,7.07,7.07438,-2.79542,6.20878,0.09071,0.05849,0.07605,84.15668,17.84566,-43.05759
36.076089,-79.008599,9,0.24,159.4,7.11,3649803,7.11,7.11386,-2.8989,6.35294,0.06964,-0.06475,0.0449,84.27361,16.60333,-44.34376
36.076089,-79.008599,9,0.24,159.4,7,3650003,7,7.00499,-2.89053,6.28595,0.07086,-0.00244,0.06582,83.60129,16.1064,-44.51915
36.076084,-79.00859,9,0.32,159.4,7.13,3650803,7.13,7.1342,-2.88395,6.20818,0.09774,0.01924,0.0339,84.63899,15.08331,-45.43993
36.076084,-79.00859,9,0.32,158.1,7.13,3651003,7.13,7.1342,-2.92164,6.32902,0.03161,-0.08934,0.07987,84.53668,14.99562,-44.92838
36.076086,-79.008579,9,0.12,158.1,7,3651803,7,6.99781,-2.78764,6.25603,0.03238,0.01756,0.12752,84.44899,12.08711,-46.59456
36.076086,-79.008579,9,0.12,157.4,7.2,3652003,7.2,7.2,-2.85942,6.13699,0.11576,-0.0084,-0.00809,84.52207,11.69249,-46.3461
36.076088,-79.008572,9,0.3,157.4,7.06,3652803,7.06,7.06182,-2.95155,6.45464,0.06521,-0.10934,0.01206,83.84975,10.71324,-48.56767
36.076088,-79.008572,9,0.3,156.2,6.97,3653003,6.97,6.9685,-2.90967,6.30329,0.03238,0.09209,0.14737,83.52821,10.08477,-48.66998
36.076092,-79.008561,9,0.25,156.2,7.26,3653803,7.26,7.26222,-2.91326,6.21117,0.07941,-0.02153,0.01237,83.23589,9.09091,-49.45922
36.076092,-79.008561,9,0.25,155.4,7.02,3654003,7.02,7.01755,-2.89711,6.34158,0.01802,-0.11026,0.05712,82.92897,8.78398,-49.79538
36.076095,-79.008546,9,0.51,155.4,7.17,3654803,7.17,7.16591,-2.81994,6.13041,0.08659,0.03589,0.0168,82.53435,7.98012,-50.02923
36.076095,-79.008546,9,0.51,154.8,7.14,3655003,7.14,7.13719,-2.91446,6.39183,0.04902,-0.14493,-0.01069,81.74511,7.52704,-50.62847
36.076101,-79.008535,9,0.13,154.8,7.01,3655803,7.01,7.00559,-2.9336,6.29133,0.0814,0.00855,0.01115,81.45279,6.79626,-51.65156
36.076101,-79.008535,9,0.13,155,7.11,3656003,7.11,7.10788,-2.92882,6.34337,0.0252,0.05315,0.10644,81.18971,6.60626,-52.54311
36.076105,-79.008527,9,0.29,155,7.06,3656803,7.06,7.05883,-2.76192,6.201,0.02718,0.03558,0.05651,80.94125,5.7147,-54.1216
36.076105,-79.008527,9,0.29,155.1,7.19,3657003,7.19,7.19282,-2.93898,6.31765,0.06368,-0.03344,-0.03238,80.5174,5.34931,-54.2093
36.076111,-79.008518,9,0.25,155.1,6.96,3657803,6.96,6.95833,-2.85045,6.34935,0.00596,-0.03787,0.02184,79.84508,5.13008,-54.54546
36.076111,-79.008518,9,0.25,156.3,7.16,3658003,7.16,7.15633,-2.89591,6.23869,0.06628,0.13378,0.02031,79.81584,4.5893,-54.5893
36.076114,-79.00851,9,0.6,156.3,7.07,3658803,7.07,7.07318,-2.84208,6.22792,0.02795,0.06032,0.02581,79.94738,4.89623,-54.83777
36.076114,-79.00851,9,0.6,157.1,7.18,3659003,7.18,7.18445,-2.88754,6.2345,-0.0058,-0.07804,0.00015,79.84508,5.40778,-55.18854
36.076115,-79.008503,9,0.16,157.1,7.14,3659803,7.14,7.14317,-2.89831,6.25962,0.06032,-0.10339,-0.10996,79.56738,5.18854,-55.29085
36.076115,-79.008503,9,0.16,157.1,7,3660003,7,7.00499,-3.00539,6.35474,-0.04872,-0.01451,0.08109,79.09968,5.02777,-56.37241
36.076111,-79.008497,9,0.43,157.1,7,3660803,7,6.99542,-2.80977,6.28475,-0.04719,-0.0252,0.05376,78.58813,4.70623,-57.22011
36.076111,-79.008497,9,0.43,156.8,7.15,3661003,7.15,7.15095,-2.88455,6.43849,0.05727,0.10904,-0.02306,78.79275,4.01929,-56.81087
36.076112,-79.008492,9,0.6,156.8,7.03,3661803,7.03,7.02533,-2.8684,6.32782,-0.02077,0.0956,0.05712,78.89507,4.44315,-56.4601
36.076112,-79.008492,9,0.6,157.2,7.14,3662003,7.14,7.136,-2.83549,6.21895,0.04261,0.0898,-0.03299,78.99737,4.23853,-56.59164
36.076111,-79.00849,9,0.43,157.2,7.16,3662803,7.16,7.16291,-2.89232,6.18365,0.00825,-0.06582,-0.06093,78.45659,4.2093,-56.51856
36.076111,-79.00849,9,0.43,157.9,7.02,3663003,7.02,7.01635,-2.91326,6.36491,-0.01955,-0.09865,-0.04765,78.29582,5.42239,-57.35165
36.076111,-79.00849,9,0.16,157.9,7.05,3663803,7.05,7.05225,-3.13819,6.41396,-0.08537,-0.0255,0.07086,78.29582,5.48085,-57.79012
36.076111,-79.00849,9,0.16,157.7,6.99,3664003,6.99,6.98884,-2.69312,6.27219,-0.06445,0.15776,0.11836,78.70506,3.6539,-56.60626
36.076112,-79.008492,9,0.46,157.7,7.25,3664803,7.25,7.25085,-2.70748,6.18664,0.05406,0.06689,-0.09438,78.80737,3.63929,-55.49547
36.076112,-79.008492,9,0.46,157.1,7.06,3665003,7.06,7.05584,-3.01615,6.22014,0.011,-0.09667,-0.10889,78.67583,4.70623,-57.46857
36.076115,-79.008495,9,0.94,157.1,7.09,3665803,7.09,7.08934,-2.96949,6.22732,-0.03497,-0.03421,-0.02428,78.48582,5.11546,-57.07396
36.076115,-79.008495,9,0.94,157.1,7.07,3666003,7.07,7.07079,-2.83669,6.27338,-0.04719,0.01985,0.00168,78.79275,5.07162,-56.88396
36.076115,-79.008492,9,0.3,157.1,7.08,3666803,7.08,7.08216,-2.9007,6.28295,-0.00214,0.00214,-0.05284,78.71967,4.64776,-56.86934
36.076115,-79.008492,9,0.3,157.2,7.12,3667003,7.12,7.12224,-2.97787,6.32423,-0.07697,0.00916,0.02917,79.08507,4.5893,-56.41626
36.07612,-79.008494,9,0.41,157.2,7.04,3667803,7.04,7.04268,-2.72363,6.19203,-0.00428,0.10782,-0.03406,79.1143,4.25314,-56.19702
36.07612,-79.008494,9,0.41,157.2,7.19,3668003,7.19,7.18565,-3.01914,6.29851,-0.01023,-0.00886,-0.07559,79.87431,5.15931,-55.39316
36.076119,-79.008493,9,0.18,157.2,7.19,3668803,7.19,7.19043,-3.01137,6.30748,-0.07957,-0.10522,-0.03619,79.23122,5.43701,-55.84624
36.076119,-79.008493,9,0.18,156.7,6.92,3669003,6.92,6.92303,-2.85882,6.39063,-0.08308,0.10705,0.07269,79.87431,4.5893,-56.34317
36.076113,-79.008492,9,0.54,156.7,7.14,3669803,7.14,7.1354,-2.81217,6.268,-0.06552,0.08323,0.02596,80.06431,4.09237,-54.94007
36.076113,-79.008492,9,0.54,155.8,7.12,3670003,7.12,7.12044,-2.78584,6.24287,0.00687,-0.00153,-0.11927,80.06431,4.89623,-54.88161
36.076113,-79.00849,9,0.28,155.8,7.14,3670803,7.14,7.14497,-2.92762,6.30329,0.00641,0.0533,-0.10461,80.31277,5.59778,-54.29699
36.076113,-79.00849,9,0.28,155.2,7,3671003,7,7.0014,-2.77268,6.22852,-0.09224,-0.02673,-0.00397,80.47355,6.02163,-54.23853
36.076108,-79.008485,9,1.08,155.2,7.17,3671803,7.17,7.17129,-3.09332,6.4002,-0.08476,0.00428,-0.02092,81.11664,6.48933,-54.04853
36.076108,-79.008485,9,1.08,154.5,6.98,3672003,6.98,6.98285,-2.76969,6.22971,-0.12752,0.05269,0.05391,80.15201,5.37854,-53.69775
36.076105,-79.008484,9,0.26,154.5,7.2,3672803,7.2,7.2012,-2.88096,6.34517,-0.03619,0.06139,-0.08674,81.52587,6.12394,-51.98772
36.076105,-79.008484,9,0.26,154.2,7.03,3673003,7.03,7.03071,-2.88395,6.25962,-0.05941,0.01298,-0.07117,81.35048,6.47471,-53.06927
36.076105,-79.008488,9,0.39,154.2,7.13,3673803,7.13,7.12762,-2.90788,6.30928,-0.07117,0.01436,-0.07957,82.27126,7.26396,-50.95002
36.076105,-79.008488,9,0.39,153.7,7.01,3674003,7.01,7.00918,-2.87857,6.18305,-0.08796,0.04841,-0.0391,82.24203,7.49781,-51.24233
36.07611,-79.008496,9,0.55,153.7,7.1,3674803,7.1,7.0995,-2.97966,6.40379,-0.12935,-0.04841,-0.03436,82.03741,8.21397,-50.58463
36.07611,-79.008496,9,0.55,153.3,7,3675003,7,7.0008,-2.7667,6.1352,-0.10186,0.08903,-0.00855,83.07513,8.19936,-49.76615
36.076114,-79.008499,9,0.24,153.3,7.14,3675803,7.14,7.13839,-2.85763,6.22433,-0.06506,0.04963,-0.06903,83.71821,9.41245,-48.50921
36.076114,-79.008499,9,0.24,154,7.13,3676003,7.13,7.12762,-2.92523,6.30449,-0.07498,0.0029,-0.07651,83.44051,9.82169,-48.46536
36.076118,-79.008501,9,0.2,154,6.98,3676803,6.98,6.97807,-2.8678,6.34457,-0.09636,0.05483,-0.02474,83.46975,11.10786,-48.26074
36.076118,-79.008501,9,0.2,154.6,7.14,3677003,7.14,7.13899,-2.83131,6.13041,-0.02871,0.09865,-0.0898,83.71821,10.56709,-46.02456
36.076118,-79.008502,9,0.0,154.6,7.21,3677803,7.21,7.20658,-2.8337,6.15135,-0.05941,-0.03039,-0.12034,83.65975,11.44402,-46.41918
36.076118,-79.008502,9,0.0,154.5,7.05,3678003,7.05,7.04866,-2.98864,6.46122,-0.08155,-0.01481,-0.07819,83.64513,12.36481,-47.50073
36.076117,-79.008498,9,0.38,154.5,6.96,3678803,6.96,6.95952,-2.83789,6.3015,-0.07117,0.14844,-0.01374,83.95206,13.63636,-46.0684
36.076117,-79.008498,9,0.38,154.7,7.25,3679003,7.25,7.24666,-2.9336,6.25304,-0.07636,0.06475,-0.04811,84.24437,12.8325,-45.38147
36.076119,-79.008499,9,0.61,154.7,7.04,3679803,7.04,7.0355,-2.78824,6.27099,-0.0898,0.00535,-0.06216,84.88746,14.38176,-44.19761
36.076119,-79.008499,9,0.61,153.5,7.04,3680003,7.04,7.04028,-2.90549,6.21655,-0.04108,0.04398,-0.11484,84.71207,15.20023,-44.63607
36.076111,-79.008499,9,0.07,153.5,7.19,3680803,7.19,7.19043,-2.99641,6.27398,-0.11652,-0.06994,-0.06552,84.33207,16.64718,-43.77375
36.076111,-79.008499,9,0.07,152.8,6.99,3681003,6.99,6.98525,-2.80798,6.50549,-0.1066,0.05315,-0.01604,84.18591,16.92488,-44.2853
36.0761,-79.008494,9,0.05,152.8,6.96,3681803,6.96,6.96132,-2.80977,6.3667,-0.0591,0.14661,-0.02474,84.53668,17.77258,-42.75066
36.0761,-79.008494,9,0.05,151.9,7.23,3682003,7.23,7.23171,-2.88515,6.12323,-0.00794,0.12492,-0.1095,84.53668,17.93335,-42.82373
36.076093,-79.008491,9,0.2,151.9,7.13,3682803,7.13,7.13181,-2.91984,6.24228,-0.03925,-0.01206,-0.12294,84.75592,19.67261,-42.8822
36.076093,-79.008491,9,0.2,151.3,7.04,3683003,7.04,7.03729,-2.96112,6.37807,-0.13118,-0.04414,-0.00764,84.50745,19.86261,-43.58375
36.076086,-79.008486,9,0.18,151.3,7.09,3683803,7.09,7.08934,-2.87857,6.27219,-0.08384,0.03604,-0.02123,84.30283,20.52032,-42.6045
36.076086,-79.008486,9,0.18,151.3,7.08,3684003,7.08,7.08096,-2.8678,6.25364,-0.05589,0.04459,-0.05315,84.49284,20.7834,-43.05759
36.076078,-79.008478,9,0.16,151.3,7.06,3684803,7.06,7.06242,-2.87916,6.27458,-0.04475,0.00916,-0.06292,84.11284,22.2888,-42.10757
36.076078,-79.008478,9,0.16,151.4,7.08,3685003,7.08,7.07737,-2.92044,6.30987,-0.03696,0.06735,-0.04719,84.43438,22.69804,-42.18065
36.076074,-79.008472,9,0.31,151.4,7.03,3685803,7.03,7.02652,-2.8684,6.23689,-0.02337,0.05223,-0.06261,84.21514,23.67729,-42.66296
36.076074,-79.008472,9,0.31,152.1,7.17,3686003,7.17,7.17009,-2.92403,6.30449,-0.05559,0.03436,-0.02886,84.02514,23.89652,-41.8591
36.076071,-79.008462,9,0.37,152.1,7.08,3686803,7.08,7.07976,-2.94078,6.21655,-0.05055,0.04429,-0.02077,83.95206,24.17422,-41.46449
36.076071,-79.008462,9,0.37,153.7,7.17,3687003,7.17,7.17189,-2.85942,6.43191,-0.0649,0.00519,-0.02825,84.12745,25.03654,-41.77141
36.076065,-79.008452,9,0.07,153.7,6.99,3687803,6.99,6.99422,-2.77089,6.28176,0.02184,0.07361,-0.09927,83.1482,25.13885,-42.38527
36.076065,-79.008452,9,0.07,153.7,7.15,3688003,7.15,7.15334,-3.0323,6.22912,-0.03115,0.04505,-0.03879,83.48436,25.51886,-42.00526
36.076065,-79.008441,9,0.29,153.7,7.16,3688803,7.16,7.16471,-2.88395,6.41695,-0.05253,0.04658,-0.0113,83.19205,26.3081,-41.44987
36.076065,-79.008441,9,0.29,154.1,7.02,3689003,7.02,7.01994,-2.81157,6.24527,-0.05284,0.01374,-0.01863,83.08974,25.92809,-41.58141
36.076062,-79.008433,9,0.1,154.1,7.15,3689803,7.15,7.14796,-2.97069,6.21476,-0.06842,0.02092,0.00321,83.26513,26.98042,-41.39141
36.076062,-79.008433,9,0.1,154.9,7.2,3690003,7.2,7.2006,-2.77567,6.37747,-0.06445,-0.05223,-0.03665,83.03128,27.47734,-41.93218
36.076059,-79.008427,9,0.54,154.9,7.05,3690803,7.05,7.04686,-2.84566,6.3356,0.01268,0.10507,-0.05498,83.13358,27.84274,-42.16603
36.076059,-79.008427,9,0.54,155.9,7.13,3691003,7.13,7.13181,-2.93121,6.30808,-0.05834,0.00443,-0.01237,83.03128,28.04736,-41.68372
36.076054,-79.008423,9,0.16,155.9,7.2,3691803,7.2,7.2018,-2.87677,6.32363,-0.01374,0.05024,-0.04597,82.16895,27.93043,-41.88834
36.076054,-79.008423,9,0.16,156.2,7.03,3692003,7.03,7.03251,-2.84626,6.26381,-0.0504,-0.03207,-0.0226,82.53435,28.58813,-42.99912
36.076051,-79.008423,9,0.46,156.2,7.1,3692803,7.1,7.1013,-2.90907,6.27278,-0.0588,-0.0281,-0.00794,82.79742,29.05583,-41.24525
36.076051,-79.008423,9,0.46,156.1,7.11,3693003,7.11,7.10848,-2.88395,6.29552,-0.03848,0.03268,-0.00321,82.37358,28.32505,-42.83835
36.076052,-79.008426,9,0.35,156.1,6.99,3693803,6.99,6.98884,-2.77089,6.37568,-0.04597,-0.03314,-0.01894,82.89973,28.63198,-41.9468
36.076052,-79.008426,9,0.35,155.3,7.1,3694003,7.1,7.09711,-2.91565,6.19921,0.02703,0.12263,-0.05391,82.24203,29.45045,-41.4791
36.076054,-79.008423,9,0.17,155.3,7.15,3694803,7.15,7.14616,-2.89651,6.3021,-0.05162,-0.02321,-0.00932,82.16895,28.99737,-41.31833
36.076054,-79.008423,9,0.17,155.2,7.04,3695003,7.04,7.04208,-2.84387,6.27219,-0.01787,0.02443,-0.03009,82.41742,29.46507,-41.08448
36.076055,-79.008421,9,0.15,155.2,7.03,3695803,7.03,7.0337,-2.91506,6.23809,-0.02856,0.04597,-0.00565,82.05203,29.84507,-42.29757
36.076055,-79.008421,9,0.15,155.1,7.18,3696003,7.18,7.18385,-2.80977,6.39841,-0.02688,0.00702,-0.02245,81.80357,29.99123,-41.71295
36.076056,-79.00842,9,0.18,155.1,7.04,3696803,7.04,7.03968,-2.90848,6.31047,0.00107,0.0536,-0.03955,82.05203,29.81584,-41.15755
36.076056,-79.00842,9,0.18,155.5,7.11,3697003,7.11,7.10788,-2.92463,6.17707,-0.03986,0.0701,0.02398,81.90588,30.66355,-41.78603
36.076051,-79.008421,9,0.3,155.5,7.16,3697803,7.16,7.15514,-2.75474,6.25125,-0.02611,-0.03329,-0.04123,81.86203,30.83894,-41.06986
36.076051,-79.008421,9,0.3,156,6.97,3698003,6.97,6.97388,-2.92343,6.2357,-0.01726,0.00947,-0.03131,81.45279,30.99971,-42.42912
36.076051,-79.008422,9,0.16,156,7.21,3698803,7.21,7.20957,-2.94616,6.30509,-0.08247,-0.07773,0.01191,81.97895,30.95586,-41.02602
36.076051,-79.008422,9,0.16,155.9,6.94,3699003,6.94,6.94038,-2.78764,6.25783,-0.02673,0.04352,-0.00779,81.65741,31.14586,-42.28296
36.076054,-79.008421,9,0.9,155.9,7.17,3699803,7.17,7.16949,-2.79482,6.25544,-0.02795,0.01604,-0.01863,81.97895,30.51739,-40.95294
36.076054,-79.008421,9,0.9,155.6,7.18,3700003,7.18,7.18266,-2.91506,6.17827,0,-0.03726,-0.07605,81.49664,31.14586,-40.77755
36.07606,-79.00842,9,0.91,155.6,7.1,3700803,7.1,7.09891,-2.91745,6.34876,-0.09026,-0.05315,0,81.3651,31.01432,-41.62526
36.07606,-79.00842,9,0.91,156.3,7.05,3701003,7.05,7.05344,-2.76431,6.29432,0.0139,0.06933,-0.03757,81.80357,31.0874,-41.2891
36.076059,-79.008413,9,0.48,156.3,7.11,3701803,7.11,7.10668,-2.84088,6.36252,0.00947,0.02153,-0.0536,82.16895,31.45279,-42.12218
36.076059,-79.008413,9,0.48,156.1,7.07,3702003,7.07,7.06541,-2.93181,6.24826,-0.00504,0.04688,-0.02535,81.2774,32.22742,-41.82988
36.076062,-79.008408,9,0.26,156.1,7.08,3702803,7.08,7.07917,-2.92343,6.16511,-0.00596,0.0478,-0.01604,81.62818,31.78895,-42.10757
36.076062,-79.008408,9,0.26,156.2,7.07,3703003,7.07,7.0678,-2.91685,6.1998,-0.08781,-0.04169,0.05605,81.16048,31.35048,-41.63987
36.076063,-79.008404,9,0.18,156.2,7.2,3703803,7.2,7.19761,-2.8995,6.25484,-0.07941,-0.09392,0.02382,81.70126,31.52587,-41.06986
36.076063,-79.008404,9,0.18,156.4,6.95,3704003,6.95,6.94756,-2.83549,6.32662,-0.00977,0.01038,-0.01268,81.75972,31.33587,-41.44987
36.076063,-79.008398,9,0.84,156.4,7.3,3704803,7.3,7.29691,-2.70808,6.47917,-0.00122,-0.0281,-0.03375,81.71587,31.26279,-42.06372
36.076063,-79.008398,9,0.84,156.7,6.84,3705003,6.84,6.83929,-2.85643,6.08196,0.08415,0.0701,-0.09132,81.16048,32.05203,-41.6691
36.076062,-79.008395,9,0.06,156.7,7.21,3705803,7.21,7.20778,-3,6.32603,0.00305,0.0087,-0.00779,81.5551,31.92049,-41.08448
36.076062,-79.008395,9,0.06,156.5,7.01,3706003,7.01,7.00678,-2.81217,6.2333,-0.02993,-0.02245,0.02077,81.68664,31.61356,-41.69833
36.076057,-79.008394,9,0.49,156.5,7.09,3706803,7.09,7.09472,-3.02632,6.13938,0.00962,0.03604,0.00412,81.90588,31.49664,-41.21602
36.076057,-79.008394,9,0.49,156.4,7.1,3707003,7.1,7.10489,-2.83011,6.29851,-0.07941,-0.06109,0.08308,81.94972,30.72201,-41.65449
36.076056,-79.008392,9,0.17,156.4,7,3707803,7,7.002,-2.88275,6.21954,-0.01069,0.00947,0.02581,82.75358,30.50278,-42.70681
36.076056,-79.008392,9,0.17,157.4,7.13,3708003,7.13,7.12523,-2.86182,6.31167,-0.01619,-0.00489,0.02062,82.00819,30.21046,-41.99065
36.076052,-79.008384,9,0.03,157.4,7.05,3708803,7.05,7.04985,-2.9342,6.20519,-0.01665,0.01619,0.03894,82.03741,30.13739,-40.51447
36.076052,-79.008384,9,0.03,157.3,7.12,3709003,7.12,7.11984,-2.8666,6.27637,-0.05345,-0.04352,0.06002,82.40281,29.61122,-42.15142
36.076049,-79.008379,9,0.62,157.3,7.22,3709803,7.22,7.21974,-2.79542,6.40678,-0.06399,-0.08751,0.05269,82.53435,28.42736,-42.00526
36.076049,-79.008379,9,0.62,157.1,7.01,3710003,7.01,7.01456,-2.77149,6.46301,0.08018,0.02657,-0.07773,82.84128,28.19351,-42.23911
36.07605,-79.008376,9,0.12,157.1,7.18,3710803,7.18,7.18026,-2.78883,6.55215,0.08751,0.10156,-0.0562,82.38819,28.03274,-41.71295
36.07605,-79.008376,9,0.12,157.9,7.06,3711003,7.06,7.06361,-2.88634,6.25125,0.06933,0.0814,-0.03253,82.38819,28.19351,-40.38293
36.076049,-79.008371,9,0.26,157.9,7.13,3711803,7.13,7.12702,-3.09512,5.88634,0.09407,0.13271,-0.042,82.82665,28.60275,-39.54984
36.076049,-79.008371,9,0.26,158.5,7.2,3712003,7.2,7.19881,-2.98864,6.18545,-0.22633,-0.28482,0.20113,83.04589,27.50658,-41.04063
36.076053,-79.008363,9,0.21,158.5,6.98,3712803,6.98,6.98405,-2.84447,6.32902,-0.16524,-0.1605,0.17959,82.91435,27.11196,-42.8822
36.076053,-79.008363,9,0.21,159.5,7.04,3713003,7.04,7.03909,-2.67218,6.50549,0.03757,0.11652,0.0368,82.89973,25.38731,-42.50219
36.076053,-79.008357,9,0.13,159.5,7.14,3713803,7.14,7.13959,-2.81875,6.15195,-0.01436,0.19716,0.14218,83.60129,24.33499,-42.04911
36.076053,-79.008357,9,0.13,159.9,7.48,3714003,7.48,7.48355,-2.73619,6.39841,0.03421,-0.1405,-0.09697,83.79129,24.49576,-44.50453
36.076053,-79.008351,9,0.16,159.9,7.29,3714803,7.29,7.29273,-2.58365,6.40618,0.07972,-0.11332,-0.14157,84.03976,23.15112,-41.59602
36.076053,-79.008351,9,0.16,160.4,6.95,3715003,6.95,6.94756,-2.93061,6.49352,0.2025,0.08033,-0.20922,83.39667,25.3727,-42.04911
36.076053,-79.008346,9,0.3,160.4,6.82,3715803,6.82,6.81655,-2.90489,6.26142,0.20311,0.19731,-0.14951,83.25051,25.00731,-41.09909
36.076053,-79.008346,9,0.3,160.7,7.09,3716003,7.09,7.09173,-3.19382,5.82353,-0.21594,-0.05589,0.30742,83.84975,24.77346,-40.42678
36.076056,-79.008342,9,0.03,160.7,7.35,3716803,7.35,7.34896,-2.55434,6.61017,-0.28894,-0.32406,0.27031,83.74744,21.98188,-41.84449
36.076056,-79.008342,9,0.03,160,6.75,3717003,6.75,6.75494,-2.49033,6.2668,0.32208,0.13821,-0.31658,83.87898,22.15726,-43.29144
36.076055,-79.008336,9,0.15,160,7.17,3717803,7.17,7.17368,-3.18066,6.44268,0.1379,0.14447,-0.07346,83.79129,23.53113,-43.08682
36.076055,-79.008336,9,0.15,159.3,7.02,3718003,7.02,7.01875,-2.88574,6.1005,-0.13958,-0.03146,0.22022,84.0836,22.71266,-41.9468
36.076052,-79.008333,9,0.31,159.3,7.57,3718803,7.57,7.57269,-2.80858,6.51147,-0.01939,-0.04093,0.04169,84.30283,21.36802,-41.81526
36.076052,-79.008333,9,0.31,159.3,6.72,3719003,6.72,6.71665,-2.66381,6.24766,0.00718,-0.1631,-0.042,84.50745,21.00263,-43.67144
36.076052,-79.008333,9,0.16,159.3,7.23,3719803,7.23,7.22573,-3.04427,6.29671,-0.02031,-0.0701,0.02932,84.28822,21.23648,-42.38527
36.076052,-79.008333,9,0.16,159,7.04,3720003,7.04,7.04208,-2.77089,6.18246,-0.03268,0.0675,0.10568,84.09822,19.95031,-43.10143
36.076045,-79.008327,9,0.21,159,7.15,3720803,7.15,7.14736,-2.68355,6.29851,0.00718,-0.04398,0.01084,84.60976,18.62029,-42.32681
36.076045,-79.008327,9,0.21,159.1,7.09,3721003,7.09,7.08814,-2.8337,6.31765,0.14645,-0.01787,-0.1602,84.50745,20.12569,-42.56065
36.07604,-79.008319,9,0.31,159.1,6.79,3721803,6.79,6.78605,-3.03171,5.88874,0.09453,0.01741,-0.05986,84.5513,19.04414,-44.15376
36.07604,-79.008319,9,0.31,159.9,7.31,3722003,7.31,7.31007,-3.01256,6.6024,-0.10324,0.06368,0.23518,84.81438,18.06489,-42.07834
36.076042,-79.008315,9,0.28,159.9,6.98,3722803,6.98,6.98166,-2.34736,6.2345,0.03451,-0.04001,-0.01466,84.52207,15.74101,-43.39374
36.076042,-79.008315,9,0.28,160.4,7.11,3723003,7.11,7.11087,-3.19262,6.20519,0.16005,0.11026,-0.11912,84.40514,17.5095,-43.5399
36.07604,-79.008311,9,0.4,160.4,6.97,3723803,6.97,6.9679,-2.72901,6.11007,0.10507,-0.0898,-0.13179,84.41976,16.22333,-44.63607
36.07604,-79.008311,9,0.4,160.7,7.2,3724003,7.2,7.19641,-3.15972,6.55813,0.02886,0.11545,0.05574,84.39053,16.77872,-44.16837
36.076039,-79.008309,9,0.75,160.7,6.97,3724803,6.97,6.9685,-3.02872,6.2004,0.12248,0.22617,0.0058,84.52207,15.40485,-44.88454
36.076039,-79.008309,9,0.75,160.7,7.41,3725003,7.41,7.41117,-2.72124,6.33021,-0.11408,-0.17791,0.1069,84.71207,15.22947,-42.80912
36.076037,-79.008308,9,0.13,160.7,7.23,3725803,7.23,7.22932,-2.80439,6.50549,0.02871,-0.06384,0.02062,84.50745,14.14791,-44.08068
36.076037,-79.008308,9,0.13,160.3,6.95,3726003,6.95,6.94936,-2.89651,6.20459,0.07957,0.0843,0.02688,84.71207,13.08097,-45.24993
36.07604,-79.00831,9,0.1,160.3,7.08,3726803,7.08,7.07976,-2.83191,6.22732,0.01665,-0.0394,0.06826,84.33207,12.1748,-44.37299
36.07604,-79.00831,9,0.1,160.2,7.11,3727003,7.11,7.10609,-2.81396,6.27219,0.08399,0.00122,-0.00794,84.37592,12.29173,-45.77609
36.076042,-79.008311,9,0.48,160.2,7.15,3727803,7.15,7.15215,-2.9019,6.23689,0.02092,-0.06185,0.04169,83.73283,11.10786,-46.91611
36.076042,-79.008311,9,0.48,160.3,7.06,3728003,7.06,7.05643,-2.86421,6.34756,0.05391,-0.00153,0.02871,83.32359,10.87401,-47.13534
36.076043,-79.008313,9,0.07,160.3,7,3728803,7,6.99841,-2.7332,6.25603,-0.00489,-0.01573,0.08842,83.80591,9.54399,-48.80152
36.076043,-79.008313,9,0.07,159.6,7.25,3729003,7.25,7.24906,-2.92463,6.3673,0.13806,0.06811,-0.0675,83.46975,10.02631,-48.47998
36.076042,-79.008312,9,0.43,159.6,6.9,3729803,6.9,6.89791,-2.76311,6.2692,0.15149,0.04887,-0.09224,83.26513,8.68167,-49.07922
36.076042,-79.008312,9,0.43,158.9,7.08,3730003,7.08,7.08395,-3.15075,5.98505,-0.00015,0.02856,0.10263,83.60129,9.2663,-49.92692
36.076041,-79.008313,9,0.69,158.9,7.26,3730803,7.26,7.25504,-2.78225,6.32303,-0.17165,-0.21961,0.18357,82.70973,7.8632,-49.66384
36.076041,-79.008313,9,0.69,157.9,6.89,3731003,6.89,6.88654,-2.63569,6.50429,0.10873,0.07376,-0.06506,82.53435,7.16165,-50.99386
36.076043,-79.008312,9,0.16,157.9,7.3,3731803,7.3,7.3017,-2.88515,6.25544,0.06429,0.12462,-0.01451,83.07513,7.42473,-50.05846
36.076043,-79.008312,9,0.16,157.9,7.19,3732003,7.19,7.19342,-2.91685,6.31286,-0.02734,-0.18616,-0.03574,82.82665,8.09705,-51.09617
36.076046,-79.008313,9,0.12,157.9,6.98,3732803,6.98,6.97508,-2.71944,6.16989,-0.04994,0.08812,0.09759,81.90588,6.78164,-51.92926
36.076046,-79.008313,9,0.12,157.7,7.26,3733003,7.26,7.25803,-2.83549,6.32722,0.05391,0.03497,-0.06216,82.50511,6.95703,-50.30693
36.076045,-79.008313,9,0.47,157.7,7.07,3733803,7.07,7.07438,-2.84746,6.29312,0.11545,0.0649,-0.14065,81.9351,6.78164,-51.91464
36.076045,-79.008313,9,0.47,157.2,7.17,3734003,7.17,7.17009,-3.04905,6.19382,-0.06918,-0.05009,0.07727,81.92049,7.95089,-50.77463
36.076045,-79.008312,9,0.4,157.2,7.02,3734803,7.02,7.01516,-2.75892,6.23928,-0.12401,-0.12889,0.07101,81.78895,7.01549,-51.63695
36.076045,-79.008312,9,0.4,157.4,7.14,3735003,7.14,7.13959,-2.76311,6.40798,-0.03879,0.11484,0.03497,81.40895,5.68547,-51.35925
36.076047,-79.008309,9,0.55,157.4,7.14,3735803,7.14,7.14317,-2.78824,6.28894,0.0846,0.14142,-0.09102,81.86203,6.28471,-50.8477
36.076047,-79.008309,9,0.55,156.8,7.16,3736003,7.16,7.15753,-3.00598,6.23928,-0.04261,-0.08079,-0.02352,81.78895,7.32242,-51.44695
36.07605,-79.0083,9,0.38,156.8,7.13,3736803,7.13,7.1348,-2.7661,6.25245,-0.01268,-0.02611,-0.04933,81.37971,6.78164,-51.1254
36.07605,-79.0083,9,0.38,157.3,7.08,3737003,7.08,7.07797,-2.95334,6.30748,-0.03482,0.0339,0.01604,81.2774,7.10319,-51.35925
36.07605,-79.008297,9,0.1,157.3,7.11,3737803,7.11,7.10728,-2.82174,6.27039,0.01313,0.03879,-0.05895,81.45279,6.38702,-50.30693
36.07605,-79.008297,9,0.1,156.9,7.13,3738003,7.13,7.12702,-2.96052,6.18724,-0.03574,-0.01924,-0.01512,81.58434,7.23473,-50.86232
36.07605,-79.008296,9,0.3,156.9,7.05,3738803,7.05,7.04507,-2.97547,6.33978,-0.07025,0.03772,0.04734,82.09588,7.33704,-49.50307
36.07605,-79.008296,9,0.3,156.3,7.17,3739003,7.17,7.16531,-2.77747,6.2333,-0.0255,0.01619,-0.03619,81.61356,6.37241,-50.10231
36.07605,-79.008296,9,0.81,156.3,7.06,3739803,7.06,7.05823,-3.01795,6.41097,-0.02566,0.01252,-0.04322,81.77434,7.65858,-51.06694
36.07605,-79.008296,9,0.81,156.7,7.05,3740003,7.05,7.04686,-2.80439,6.1687,-0.05941,0.0869,0.02856,81.84741,7.3078,-50.38
36.076053,-79.008297,9,0.69,156.7,7.08,3740803,7.08,7.07677,-2.85583,6.26979,-0.12721,-0.02917,0.04749,82.34435,7.5855,-49.59076
36.076053,-79.008297,9,0.69,157,7.12,3741003,7.12,7.11984,-2.84507,6.23151,0.03207,0.07147,-0.12095,82.40281,7.41011,-49.12306
36.076056,-79.008293,9,0.32,157,6.95,3741803,6.95,6.95175,-2.82114,6.18006,-0.09545,-0.04643,-0.01237,82.41742,7.92166,-49.88308
36.076056,-79.008293,9,0.32,157.6,7.15,3742003,7.15,7.15394,-2.87438,6.3667,0.01069,0.0843,-0.09392,83.23589,8.50628,-49.35691
36.076062,-79.008294,9,0.92,157.6,6.91,3742803,6.91,6.91406,-2.78824,6.18664,-0.10293,0.09499,0.04352,82.57819,8.9886,-48.94768
36.076062,-79.008294,9,0.92,157.1,7.28,3743003,7.28,7.28016,-2.91865,6.17946,0.01298,0.04795,-0.14523,82.98743,9.12014,-48.65536
36.076063,-79.00829,9,0.3,157.1,6.94,3743803,6.94,6.93859,-3.01316,6.38285,-0.36148,-0.11484,-0.37996,84.22975,14.29407,-45.54224
36.076063,-79.00829,9,0.3,157.2,6.78,3744003,6.78,6.77588,-3.05025,6.45404,-0.30986,0.1605,-0.22816,83.6159,15.96025,-47.16457
36.076063,-79.008289,9,0.38,157.2,6.98,3744803,6.98,6.98046,-2.82772,6.38405,-0.45845,0.20617,-0.30604,84.0836,23.19497,-42.37065
36.076063,-79.008289,9,0.38,157.4,7.12,3745003,7.12,7.12044,-2.84566,6.29911,-0.40363,0.19044,-0.41615,83.38205,25.40193,-42.20988
36.076064,-79.008287,9,0.18,157.4,7.17,3745803,7.17,7.1689,-2.89831,6.31167,-0.44089,0.24969,-0.40623,79.4943,35.53055,-43.2622
36.076064,-79.008287,9,0.18,157,7.07,3746003,7.07,7.07079,-2.85942,6.29013,-0.51389,0.11332,-0.37782,77.95966,37.79597,-43.83221
36.076063,-79.008288,9,0.23,157,7.13,3746803,7.13,7.12642,-2.92762,6.19502,-0.4412,0.31062,-0.3036,71.51418,45.00146,-48.62613
36.076063,-79.008288,9,0.23,156.8,7.22,3747003,7.22,7.22034,-2.81396,6.27996,-0.46838,0.03268,-0.37278,70.038,46.0684,-50.20462
36.076067,-79.00829,9,0.28,156.8,7.25,3747803,7.25,7.24547,-2.87258,6.34816,-0.32834,0.28344,-0.34804,64.35253,47.42765,-57.5855
36.076067,-79.00829,9,0.28,157.7,7.12,3748003,7.12,7.11984,-2.90429,6.21655,-0.4467,-0.00153,-0.29169,62.89096,47.58842,-58.49167
36.076066,-79.008291,9,0.28,157.7,7.23,3748803,7.23,7.23111,-2.9354,6.30628,-0.35201,0.12706,-0.30559,59.47092,43.91991,-65.75563
36.076066,-79.008291,9,0.28,158.3,6.98,3749003,6.98,6.97687,-2.85165,6.20579,-0.38576,0.11209,-0.25183,58.85706,42.4145,-67.5095
36.076068,-79.008294,9,0.21,158.3,7.23,3749803,7.23,7.23171,-2.94556,6.26022,-0.3204,0.11698,-0.29673,57.64396,37.66442,-71.41187
36.076068,-79.008294,9,0.21,158.5,6.97,3750003,6.97,6.96969,-2.8331,6.20339,-0.3233,0.13974,-0.27351,57.16165,35.25285,-72.12804
36.076076,-79.008303,9,1.96,158.5,7.12,3750803,7.12,7.11625,-2.92164,6.24228,-0.38958,0.12782,-0.17226,58.08243,28.45659,-74.04268
36.076076,-79.008303,9,1.96,160.6,7.07,3751003,7.07,7.07259,-2.80917,6.21835,-0.29245,0.12675,-0.30024,57.9655,26.29348,-75.24116
36.076081,-79.008304,9,0.05,160.6,7.21,3751803,7.21,7.20838,-2.88933,6.2339,-0.33888,0.03085,-0.27932,60.8594,19.17568,-75.095
36.076081,-79.008304,9,0.05,162,6.92,3752003,6.92,6.92423,-2.86182,6.23928,-0.30253,0.1266,-0.28069,60.64016,17.55335,-74.52499
36.076091,-79.00831,9,0.16,162,7.11,3752803,7.11,7.11207,-3.02154,6.26082,-0.40057,0.03711,-0.19105,65.02485,12.43788,-72.12804
36.076091,-79.00831,9,0.16,162.8,7.09,3753003,7.09,7.08575,-2.77807,6.3021,-0.31368,0.2025,-0.23793,65.98948,9.93861,-71.16341
36.076086,-79.008316,9,0.78,162.8,7.15,3753803,7.15,7.15454,-2.93001,6.25663,-0.28359,0.22495,-0.27504,70.228,6.09471,-67.10027
36.076086,-79.008316,9,0.78,162.9,7.11,3754003,7.11,7.10609,-2.88515,6.17647,-0.33338,0.02581,-0.30039,71.35341,6.05086,-65.79948
36.076082,-79.00832,9,0.77,162.9,6.95,3754803,6.95,6.94936,-2.8349,6.19382,-0.35858,0.12248,-0.20846,75.97194,4.45776,-60.88863
36.076082,-79.00832,9,0.77,163.4,7.17,3755003,7.17,7.17488,-2.87737,6.26202,-0.30482,0.1573,-0.27519,77.87196,4.18006,-58.15551
36.076084,-79.008322,9,0.3,163.4,6.94,3755803,6.94,6.94158,-2.95035,6.17468,-0.34758,0.13103,-0.20586,80.78048,6.84011,-54.56007
36.076084,-79.008322,9,0.3,163.5,7.12,3756003,7.12,7.12403,-2.8349,6.18784,-0.35995,0.14279,-0.17868,81.61356,6.32856,-51.4031
36.076076,-79.008323,9,0.92,163.5,7.18,3756803,7.18,7.18026,-2.82891,6.25245,-0.4525,0.05452,-0.08033,83.7036,10.43554,-47.0038
36.076076,-79.008323,9,0.92,162.5,7.22,3757003,7.22,7.21974,-2.67697,6.40858,-0.17318,0.06536,-0.45357,84.0836,11.2394,-46.68225
36.076069,-79.008327,9,0.4,162.5,7.21,3757803,7.21,7.20898,-2.80379,6.44626,-0.20831,-0.1069,-0.47602,85.00439,18.64952,-43.70067
36.076069,-79.008327,9,0.4,162.1,6.77,3758003,6.77,6.7681,-3.00479,6.335,-0.25534,0.21197,-0.23793,83.99591,21.74803,-44.51915
36.076065,-79.008322,9,0.28,162.1,6.99,3758803,6.99,6.99243,-2.88215,6.34756,-0.31093,0.17853,-0.16356,83.4259,27.14119,-42.53143
36.076065,-79.008322,9,0.28,161.5,7.04,3759003,7.04,7.0355,-2.87797,6.14656,-0.27138,0.22297,-0.19792,82.78281,28.16428,-41.0114
36.076063,-79.008323,9,0.39,161.5,7.98,3759803,7.98,7.97528,-2.97129,5.85524,-0.30772,0.01206,-0.23075,80.92663,33.17743,-39.00906
36.076063,-79.008323,9,0.39,161.3,6.54,3760003,6.54,6.54317,-2.71107,6.28953,-0.32544,-0.38546,-0.37461,78.99737,35.82286,-43.7299
36.076062,-79.008332,9,1.93,161.3,6.78,3760803,6.78,6.78425,-2.94736,6.52164,-0.38851,-0.12385,-0.11729,76.00117,41.58141,-46.15609
36.076062,-79.008332,9,1.93,159.8,7.33,3761003,7.33,7.33221,-2.86899,6.07358,-0.15501,0.45601,-0.14768,76.23502,41.42064,-44.92838
36.076056,-79.00834,9,0.91,159.8,6.92,3761803,6.92,6.91586,-2.79123,6.06341,-0.28619,-0.04139,-0.1744,72.56651,44.05145,-47.77843
36.076056,-79.00834,9,0.91,158.2,7.22,3762003,7.22,7.22453,-2.90249,6.36969,-0.21915,0.0368,-0.2219,71.16341,44.95761,-48.91845
36.076051,-79.008343,9,0.6,158.2,7.19,3762803,7.19,7.19282,-3.04846,6.469,0.00367,0.41783,-0.33475,68.47413,47.73458,-52.42619
36.076051,-79.008343,9,0.6,157.4,7.36,3763003,7.36,7.35673,-3.12682,6.09033,-0.40012,-0.02703,-0.0055,67.75797,48.37767,-51.7831
36.076046,-79.008345,9,0.18,157.4,7.55,3763803,7.55,7.54876,-3.01675,6.12981,-0.10965,0.24129,-0.26496,65.30254,48.53844,-55.65624
36.076046,-79.008345,9,0.18,156.6,6.98,3764003,6.98,6.97687,-2.71585,6.20579,-0.39584,-0.29764,-0.13011,64.07483,47.42765,-59.22245
36.076041,-79.008349,9,0.41,156.6,7.02,3764803,7.02,7.02293,-2.83729,6.47617,-0.11026,0.24206,-0.26176,61.06402,46.05378,-62.37942
36.076041,-79.008349,9,0.41,155.8,7.25,3765003,7.25,7.24786,-3.08076,6.28355,-0.3094,0.08506,-0.02611,60.74247,46.56533,-63.13943
36.076038,-79.008353,9,0.49,155.8,7.47,3765803,7.47,7.468,-3.13161,6.30928,-0.32284,0.10934,-0.02459,60.18708,44.06606,-65.6387
36.076038,-79.008353,9,0.49,155.6,6.81,3766003,6.81,6.80519,-2.58844,6.05683,-0.02138,0.05009,-0.48533,58.59398,42.57527,-67.40719
36.076037,-79.008353,9,0.71,155.6,6.75,3766803,6.75,6.75374,-2.60519,6.01795,-0.34178,-0.07193,-0.10354,57.51242,38.99445,-71.38264
36.076037,-79.008353,9,0.71,156,7.3,3767003,7.3,7.29572,-3.14058,6.49412,-0.00199,0.37599,-0.33628,57.27857,39.43291,-69.52645
36.076044,-79.008358,9,0.1,156,6.99,3767803,6.99,6.99243,-3.11546,6.0999,-0.20113,0.19273,-0.09285,56.81087,35.58901,-72.94651
36.076044,-79.008358,9,0.1,156.4,7.29,3768003,7.29,7.29153,-2.81217,6.47019,-0.29062,0.05421,-0.02428,57.10319,34.30284,-73.45805
36.076045,-79.008361,9,0.22,156.4,7.38,3768803,7.38,7.38485,-3.17767,6.52403,-0.39355,0.03711,0.09239,57.73166,30.51739,-74.34961
36.076045,-79.008361,9,0.22,156.2,6.79,3769003,6.79,6.78963,-2.43649,5.866,-0.21273,0.36774,-0.00183,59.29553,26.48348,-74.64192
36.07604,-79.008363,9,0.56,156.2,8.05,3769803,8.05,8.05424,-3.1681,6.5013,-0.11393,-0.10247,-0.42501,60.21631,24.72961,-73.63344
36.07604,-79.008363,9,0.56,155.2,6.28,3770003,6.28,6.27817,-2.84148,5.96471,-0.37568,0.01939,-0.01909,57.3078,22.74189,-76.04502
36.076037,-79.008367,9,0.16,155.2,6.97,3770803,6.97,6.9685,-3.09751,6.335,-0.41004,-0.011,0.00412,61.12248,18.83952,-73.75037
36.076037,-79.008367,9,0.16,154.2,7.26,3771003,7.26,7.26281,-2.56989,5.8995,-0.21961,-0.00993,-0.33155,61.54633,15.78486,-74.20345
36.076034,-79.008369,9,0.35,154.2,0.31,3771803,0.31,0.31107,-2.88395,12.11965,2.13528,-5.00421,-1.71943,19.64338,6.81087,-70.66647
36.076034,-79.008369,9,0.35,154,-9.6,3772003,-9.6,-9.59522,0.74178,-6.68495,-4.10639,-5.00421,-2.18109,8.53552,-10.84478,-14.39638
36.076032,-79.008364,9,0.33,154,-7.74,3772803,-7.74,-7.74317,3.29552,-4.46381,-0.38714,-0.13103,0.38744,22.96112,-15.9164,-3.01082
36.076032,-79.008364,9,0.33,153.9,-7.7,3773003,-7.7,-7.7001,3.52523,-4.4662,0.14722,0.10492,-0.2167,23.10728,-14.41099,-1.73926
36.076032,-79.008363,9,0.09,153.9,-7.87,3773803,-7.87,-7.86581,3.64128,-5.02912,-0.03818,-0.01863,-0.0336,23.60421,-14.52792,-1.24233
36.076032,-79.008363,9,0.09,155.5,-8.18,3774003,-8.18,-8.17927,2.84028,-4.75274,-0.13867,-0.03192,0.15684,23.67729,-13.8556,-0.43847
36.076027,-79.008364,9,0.05,155.5,-7.93,3774803,-7.93,-7.934,2.43888,-5.15414,0.05742,0.13882,-0.05223,23.48729,-12.10172,1.15463
36.076027,-79.008364,9,0.05,155.5,-7.77,3775003,-7.77,-7.7695,2.69252,-5.44606,-0.04643,0.0058,0.01206,23.26805,-12.11634,1.3154
36.076022,-79.008362,9,0.02,155.5,-7.8,3775803,-7.8,-7.80479,3.05384,-5.36949,0.13531,0.03589,-0.1405,23.7796,-14.27945,0.23385
36.076022,-79.008362,9,0.02,155.2,-7.39,3776003,-7.39,-7.39322,2.90788,-5.09193,0.06048,0.02596,-0.07743,24.2473,-13.51944,0.51155
36.076021,-79.008359,9,0.06,155.2,-7.88,3776803,-7.88,-7.87777,3.34995,-5.6357,0.03879,-0.00076,-0.10476,24.14499,-13.73867,0.14616
36.076021,-79.008359,9,0.06,155.3,-7.72,3777003,-7.72,-7.71685,2.91805,-5.24866,-0.0113,0.05192,-0.0055,24.45191,-13.92868,-0.51155
36.076022,-79.008358,9,0.05,155.3,-8.02,3777803,-8.02,-8.01895,3.25005,-4.82991,-0.11927,-0.00351,0.12462,24.77346,-15.09793,-1.60772
36.076022,-79.008358,9,0.05,156,-7.55,3778003,-7.55,-7.55354,3.70289,-5.01237,0.01084,0.03482,-0.04459,25.13885,-15.20023,-0.90617
36.076022,-79.008359,9,0.25,156,-7.55,3778803,-7.55,-7.54696,3.74477,-4.9687,0.06185,0.07071,-0.20495,25.44578,-14.82023,-0.35077
36.076022,-79.008359,9,0.25,155.9,-7.72,3779003,-7.72,-7.71865,2.92762,-5.3007,-0.18906,0.05956,0.08079,25.24116,-14.13329,-0.29231
36.076025,-79.008358,9,0.18,155.9,-7.83,3779803,-7.83,-7.83231,3.11964,-5.20918,-0.00382,0.12416,-0.02825,26.04502,-15.33177,-0.86232
36.076025,-79.008358,8,0.18,156.1,-8,3780003,-8,-8.0022,3.5019,-4.90768,0.20601,0.19929,-0.18005,25.59193,-13.56329,-0.32154
36.076026,-79.008356,8,0.07,156.1,-6.88,3780803,-6.88,-6.87518,4.2664,-4.97229,0.08369,-0.05818,-0.18005,26.86349,-14.58638,-0.62847
36.076026,-79.008356,9,0.07,155.6,-7.66,3781003,-7.66,-7.65943,3.68076,-4.9669,-0.09071,0.06597,0.10217,25.78193,-14.99562,-0.04385
36.07603,-79.008361,9,0.08,155.6,-7.96,3781803,-7.96,-7.96391,3.44985,-4.58166,0.06093,0.03787,-0.02077,24.23268,-15.30254,-0.51155
36.07603,-79.008361,9,0.08,155.9,-7.76,3782003,-7.76,-7.75873,3.5659,-4.63968,0.02489,0.0365,-0.00764,24.58345,-15.52178,-1.24233
36.076032,-79.00836,9,0.08,155.9,-7.53,3782803,-7.53,-7.53021,3.82194,-4.27896,0.0252,0.04169,-0.02413,24.905,-17.14411,-3.71236
36.076032,-79.00836,9,0.08,156.2,-8.26,3783003,-8.26,-8.26301,3.71665,-4.37348,0.03818,0.01008,0.00015,24.715,-16.63256,-3.75621
36.076033,-79.008357,9,0.05,156.2,-7.81,3783803,-7.81,-7.81077,3.56112,-4.46501,0.18021,0.06292,-0.35033,23.57498,-15.8287,-1.91464
36.076033,-79.008357,9,0.05,156.8,-7.75,3784003,-7.75,-7.74916,3.66281,-4.67378,-0.08308,0.01604,0.01451,24.40807,-15.24408,-1.4031
36.076033,-79.008352,9,0.21,156.8,-8.28,3784803,-8.28,-8.27558,3.0329,-4.59422,0.15531,0.16799,-0.1463,22.40573,-13.1102,-0.7454
36.076033,-79.008352,9,0.21,157.6,-7.72,3785003,-7.72,-7.72104,3.35593,-5.39881,-0.20571,-0.14493,0.14187,22.93189,-13.25636,0.30693
36.076032,-79.008348,9,0.25,157.6,-6.48,3785803,-6.48,-6.48395,4.31725,-3.32243,0.07376,-0.16784,-0.36957,25.86963,-16.54487,-0.81847
36.076032,-79.008348,9,0.25,158.1,-9.31,3786003,-9.31,-9.30868,2.31326,-3.62872,-0.08323,0.2277,0.40546,25.29962,-16.34025,-2.03157
36.076029,-79.008346,9,0.05,158.1,-7.88,3786803,-7.88,-7.87777,3.78664,-4.77667,0.05024,0.00916,-0.04078,26.0304,-15.65332,1.06694
36.076029,-79.008346,9,0.05,158.2,-7.7,3787003,-7.7,-7.7007,3.97448,-4.59661,0.0591,0.04948,-0.03146,26.10348,-15.22947,-1.00848
36.076028,-79.008346,9,0.05,158.2,-7.27,3787803,-7.27,-7.2694,3.84886,-4.85683,-0.11377,0.01451,0.03543,26.45425,-15.6387,0.54078
36.076028,-79.008346,9,0.05,157.6,-7.99,3788003,-7.99,-7.98724,3.54676,-4.80778,-0.05498,0.03879,0.00779,25.86963,-14.86407,1.30079
36.076026,-79.008347,9,0.21,157.6,-7.33,3788803,-7.33,-7.33101,3.63171,-4.70907,0.00229,-0.02596,-0.08399,25.69424,-14.20637,1.33002
36.076026,-79.008347,9,0.21,157.1,-8.19,3789003,-8.19,-8.19422,3.47737,-4.95075,-0.05223,0.0562,0.02566,24.99269,-14.06022,1.02309
36.076026,-79.008347,9,0.17,157.1,-7.42,3789803,-7.42,-7.41715,3.46002,-5.25225,-0.07483,-0.06231,-0.13958,26.73195,-13.8556,2.66004
36.076026,-79.008347,9,0.17,156.6,-7.3,3790003,-7.3,-7.30289,3.10469,-4.75454,0.04581,0.11011,-0.10461,26.62964,-14.20637,1.79772
36.076027,-79.008348,9,0.02,156.6,-7.83,3790803,-7.83,-7.8335,3.65563,-4.86581,0.00428,0.08125,0.01909,25.79655,-13.5779,1.49079
36.076027,-79.008348,9,0.02,156.4,-7.88,3791003,-7.88,-7.88136,3.801,-5.03091,-0.00779,0.00092,0.00626,26.16194,-14.11868,1.79772
36.076027,-79.008349,9,0.12,156.4,-7.79,3791803,-7.79,-7.78864,3.74058,-4.77248,0.05452,0.03543,-0.09636,26.0304,-13.91406,1.49079
36.076027,-79.008349,9,0.12,156.3,-7.78,3792003,-7.78,-7.77548,3.7346,-4.94836,-0.0391,0.03314,-0.01573,25.5627,-13.98714,0.89155
36.076028,-79.008349,9,0.09,156.3,-8.04,3792803,-8.04,-8.04288,3.7657,-4.6008,-0.04291,0.02505,-0.01084,26.0304,-14.60099,0.11692
36.076028,-79.008349,9,0.09,156.1,-8.18,3793003,-8.18,-8.17867,3.51386,-5.09611,0.01298,0.09148,-0.07483,25.78193,-13.62175,1.72464
36.076027,-79.008349,9,0.18,156.1,-7.51,3793803,-7.51,-7.51346,4.12941,-5.08415,0.04643,0.0898,-0.12156,27.4335,-15.84332,0.26308
36.076027,-79.008349,9,0.18,155.8,-8.99,3794003,-8.99,-8.99043,4.22752,-4.19522,-0.0507,0.16921,0.1211,26.71733,-16.28179,-0.05846
36.076027,-79.008348,9,0.43,155.8,-6.82,3794803,-6.82,-6.82014,4.47697,-4.47577,-0.12645,0.02535,0.04322,28.93891,-17.0418,0.64309
36.076027,-79.008348,9,0.43,155.3,-7.27,3795003,-7.27,-7.2664,4.35853,-4.84188,-0.14203,-0.03803,-0.01451,28.70506,-16.25256,1.14002
36.076027,-79.008347,9,0.24,155.3,-7.59,3795803,-7.59,-7.59003,4.6684,-4.60977,-0.0591,0.03238,0.09743,27.95966,-16.3841,0.24847
36.076027,-79.008347,9,0.24,154.4,-7.51,3796003,-7.51,-7.51107,4.89751,-4.57986,-0.06506,0.00473,0.08262,27.78427,-16.42794,0.16077
36.076026,-79.008349,9,0.23,154.4,-7.17,3796803,-7.17,-7.1689,4.11027,-4.95434,-0.02001,-0.01726,-0.09652,28.2812,-14.49868,2.92312
36.076026,-79.008349,8,0.23,154.1,-7.58,3797003,-7.58,-7.58166,4.20658,-5.0357,-0.11622,0.06994,0.06124,27.59427,-14.20637,2.2508
36.076026,-79.008347,8,0.12,154.1,-7.61,3797803,-7.61,-7.61157,3.90568,-4.91964,0.00794,0.04536,-0.01756,28.13505,-14.10406,1.60772
36.076026,-79.008347,9,0.12,153.3,-8.03,3798003,-8.03,-8.0333,3.99242,-4.72822,0.04505,0.07025,-0.02505,27.09734,-14.48407,1.38848
36.076026,-79.008348,9,0.21,153.3,-7.6,3798803,-7.6,-7.6026,4.28255,-4.79462,-0.05269,0.03512,0.05406,27.44811,-16.01871,0
36.076026,-79.008348,9,0.21,152.9,-7.62,3799003,-7.62,-7.62174,4.64267,-4.97049,0.02382,0.07544,0.04505,27.38965,-16.13563,-0.49693
36.076027,-79.008348,9,0.0,152.9,-7.26,3799803,-7.26,-7.25564,4.19043,-4.57508,-0.01451,0.00153,-0.0985,27.79889,-15.7264,0.78924
36.076027,-79.008348,9,0.0,152.9,-7.4,3800003,-7.4,-7.40399,4.29093,-4.66301,-0.0336,0.05162,-0.00596,27.57966,-16.00409,0.81847
36.076028,-79.008349,9,0.02,152.9,-7.4,3800803,-7.4,-7.39621,4.24128,-4.58764,-0.02902,0.01054,-0.01115,27.84274,-14.76177,1.6808
36.076028,-79.008349,9,0.02,152.6,-7.29,3801003,-7.29,-7.29213,4.8341,-4.13181,0.05971,0.0536,-0.09972,27.88658,-15.74101,0.83309
36.076029,-79.008347,9,0.76,152.6,-5.93,3801803,-5.93,-5.9336,5.89173,-3.1992,-0.48472,-0.35018,-0.93936,30.04969,-13.44636,3.69775
36.076029,-79.008347,9,0.76,152.4,-4.6,3802003,-4.6,-4.59841,4.9663,-2.42094,-0.76343,0.64294,-0.29673,32.08126,-15.18562,2.10465
36.076036,-79.008342,9,2.46,152.4,-10.73,3802803,-10.73,-10.73061,4.8018,-2.17508,-2.19316,0.35109,1.76922,17.27565,-6.19702,-0.99386
36.076036,-79.008342,9,2.46,152.3,-8.85,3803003,-8.85,-8.85285,6.17408,-5.51306,-0.98517,-0.28909,0.37018,16.45718,-1.15463,1.72464
36.07604,-79.008337,9,1.13,152.3,-8.75,3803803,-8.75,-8.74936,2.93001,-4.4991,-0.24083,-0.08674,0.00489,11.48787,17.15873,-0.20462
36.07604,-79.008337,9,1.13,152.4,-8.96,3804003,-8.96,-8.96471,5.00339,-0.53958,2.08641,1.44897,-0.76984,10.21631,9.31014,-3.09851
36.076047,-79.008333,9,1.75,152.4,-8,3804803,-8,-8.0028,7.16112,-6.79621,1.39384,0.24206,-2.37474,13.5779,16.95411,1.5931
36.076047,-79.008333,9,1.75,152.7,-7.62,3805003,-7.62,-7.62174,5.95215,-7.99562,-0.43936,-0.956,-1.05298,12.67173,11.54633,0.67232
36.076051,-79.00833,9,0.81,152.7,-6.4,3805803,-6.4,-6.39841,4.18086,-5.82832,-0.20372,0.09316,-0.05437,12.51096,17.71412,0.70155
36.076051,-79.00833,9,0.81,153,-9.39,3806003,-9.39,-9.38764,4.5344,-6.12921,-0.03482,0.24389,-0.07651,11.64864,17.43642,-0.6577
36.076053,-79.008327,9,0.98,153,-6.47,3806803,-6.47,-6.4666,3.61675,-5.29891,-0.07315,0.02031,-0.10385,9.80707,18.2549,-1.6808
36.076053,-79.008327,9,0.98,153.3,-7.9,3807003,-7.9,-7.89572,3.11187,-4.68874,-0.13775,0.26664,0.26282,9.85092,18.98568,-2.19234
36.076057,-79.008325,9,1.05,153.3,-6.14,3807803,-6.14,-6.14297,4.3017,-5.64766,-0.11438,0.01878,0.07285,8.49167,17.9772,-3.33236
36.076057,-79.008325,9,1.05,152.8,-10.24,3808003,-10.24,-10.23889,5.01954,-5.54596,0.02871,0.53863,0.26282,7.80474,20.16954,-4.85238
36.076058,-79.008323,9,0.64,152.8,-7.69,3808803,-7.69,-7.68814,2.42632,-5.46999,0.04917,0.12141,0.19792,8.25782,23.53113,-5.10085
36.076058,-79.008323,9,0.64,152.7,-7.07,3809003,-7.07,-7.07079,3.42832,-3.37029,0.17471,0.04658,-0.03696,9.41245,27.63812,-5.08623
36.076056,-79.008317,9,1.3,152.7,-7.13,3809803,-7.13,-7.12882,2.59561,-4.40878,0.20327,0.02077,-0.04246,7.65858,20.68109,-4.38468
36.076056,-79.008317,9,1.3,152.8,-7.41,3810003,-7.41,-7.40698,3.94098,-5.17268,0.12737,-0.17058,0.17135,8.69629,19.33645,-3.85852
36.076053,-79.008311,9,1.89,152.8,-8.04,3810803,-8.04,-8.03689,1.39143,-4.55534,0.22006,-0.32147,-0.02795,13.54867,28.29582,-1.79772
36.076053,-79.008311,9,1.89,152.2,-7.88,3811003,-7.88,-7.88315,0.82074,-4.29093,0.28543,0.05223,-0.02001,14.55715,27.03888,0.38001
36.07605,-79.008311,9,0.87,152.2,-7.54,3811803,-7.54,-7.54218,1.65105,-5.00937,-0.01038,-0.07437,0.10415,17.52412,24.65653,1.85618
36.07605,-79.008311,9,0.87,152.4,-7.7,3812003,-7.7,-7.7013,2.5663,-4.82812,0.02214,0.06414,-0.011,16.80795,25.43116,1.54925
36.076049,-79.00831,9,0.63,152.4,-7.44,3812803,-7.44,-7.43809,2.41017,-5.56929,-0.21625,-0.0646,0.04215,15.47793,23.19497,1.3154
36.076049,-79.00831,9,0.63,152.7,-9.24,3813003,-9.24,-9.24467,2.37009,-4.89093,0.08934,0.43081,-0.13027,13.91406,23.09266,0.83309
36.07605,-79.008305,9,1.23,152.7,-8.42,3813803,-8.42,-8.41735,2.44666,-5.50409,-0.05376,0.00214,-0.06124,12.62789,23.25344,-0.33616
36.07605,-79.008305,9,1.23,152.9,-6.78,3814003,-6.78,-6.77707,2.62552,-5.38445,-0.14875,-0.09132,-0.01878,13.28559,23.48729,0.14616
36.076055,-79.008301,9,1.99,152.9,-5.8,3814803,-5.8,-5.79721,2.48196,-5.2684,-0.12843,-0.06109,-0.08781,14.33791,19.64338,1.69541
36.076055,-79.008301,9,1.99,153.1,-7.03,3815003,-7.03,-7.03011,3.56052,-6.51566,-0.1295,-0.01604,0.08766,14.27945,19.49722,2.22157
36.07606,-79.008297,9,1.13,153.1,-7.49,3815803,-7.49,-7.48834,1.99801,-5.38505,0.02077,-0.16631,-0.0171,15.71178,24.6273,2.90851
36.07606,-79.008297,9,1.13,153.1,-7.1,3816003,-7.1,-7.1019,1.6672,-7.40938,-0.12248,0.05742,0.1127,16.09179,21.99649,4.2093
36.076059,-79.008292,9,1.02,153.1,-5.97,3816803,-5.97,-5.97488,3.201,-5.99163,-0.37736,-0.07697,0.36163,14.54253,20.62263,2.98158
36.076059,-79.008292,9,1.02,153,-8.51,3817003,-8.51,-8.50888,2.08774,-7.68036,-0.76328,-0.00733,0.75625,14.44022,24.93423,2.44081
36.076059,-79.008287,9,1.25,153,-6.83,3817803,-6.83,-6.82971,3.1657,-6.13221,0.43692,-0.28436,-0.85933,13.75329,26.23502,1.66618
36.076059,-79.008287,9,1.25,153.1,-7.3,3818003,-7.3,-7.29931,3.41396,-7.44706,0.0084,-0.35797,-0.36377,14.54253,22.52265,3.56621
36.076064,-79.008283,9,1.6,153.1,-5.38,3818803,-5.38,-5.37847,3.16989,-6.86321,0.10675,-0.1689,-0.45112,16.63256,21.45571,4.5893
36.076064,-79.008283,9,1.6,153.1,-5.95,3819003,-5.95,-5.94916,4.62592,-7.07199,-0.06109,0.30146,-0.02398,16.00409,22.59573,3.49313
36.076068,-79.008278,9,1.31,153.1,-8.11,3819803,-8.11,-8.10629,5.72124,-7.64567,-0.17746,-0.46914,0.30375,14.76177,17.07103,2.68927
36.076068,-79.008278,9,1.31,153.5,-8.76,3820003,-8.76,-8.75953,8.17089,-5.04886,2.0102,-0.92806,-0.60689,14.52792,18.50336,2.93774
36.076067,-79.008271,9,1.92,153.5,-8.76,3820803,-8.76,-8.75534,2.84208,-6.86262,0.96288,0.51496,-0.54749,13.60713,29.772,-1.47618
36.076067,-79.008271,9,1.92,153.5,-7.03,3821003,-7.03,-7.02533,0.5324,-5.12842,0.07605,0.19135,0.2167,13.41713,30.51739,-1.92926
36.076064,-79.008265,9,1.7,153.5,-4.69,3821803,-4.69,-4.69472,3.20638,-4.37049,-0.29092,0.11057,0.15226,13.1979,25.095,0.70155
36.076064,-79.008265,9,1.7,153.4,-7.31,3822003,-7.31,-7.31306,2.05244,-6.0335,0.23427,0.07468,-0.2755,11.88249,23.89652,-0.59924
36.076063,-79.008263,9,0.7,153.4,-7.89,3822803,-7.89,-7.88615,0.67298,-5.55255,0.0927,-0.0814,-0.17578,13.59252,30.04969,-2.09003
36.076063,-79.008263,9,0.7,153.1,-9.52,3823003,-9.52,-9.52224,1.50867,-6.65863,0.02306,-0.16356,-0.10354,12.87635,28.95352,-1.63695
36.07606,-79.008261,9,0.7,153.1,-7.44,3823803,-7.44,-7.43689,1.35015,-4.61755,-0.2335,0.54535,0.45448,11.26863,31.13125,-3.99006
36.07606,-79.008261,9,0.7,153.2,-10.34,3824003,-10.34,-10.34417,1.54397,-4.6349,-0.34102,-0.32559,0.41142,9.95323,32.24203,-6.31394
36.07606,-79.008259,9,0.6,153.2,-8.06,3824803,-8.06,-8.05544,0.67358,-5.82234,-0.14691,-0.09575,0.13179,9.35399,34.52207,-8.60859
36.07606,-79.008259,9,0.6,153.7,-10.47,3825003,-10.47,-10.4698,1.24307,-4.57328,-0.14371,0.15256,0.14126,10.45016,36.58287,-9.31014
36.076064,-79.008257,9,1.38,153.7,-7.15,3825803,-7.15,-7.15155,2.56092,-4.22154,0.17776,0.00046,-0.54535,8.28705,29.09968,-6.86934
36.076064,-79.008257,9,1.38,154.3,-9.15,3826003,-9.15,-9.15255,4.51406,-5.84028,-0.01497,0.17578,-0.1124,7.46858,28.69044,-7.17626
36.076067,-79.008254,9,1.0,154.3,-8.13,3826803,-8.13,-8.13261,1.58584,-6.12981,-0.06063,0.01268,0.0843,8.2432,29.80123,-6.97165
36.076067,-79.008254,9,1.0,155,-7.24,3827003,-7.24,-7.24248,1.41894,-5.35155,-0.15867,-0.18066,0.19975,8.59398,27.53581,-5.70009
36.076068,-79.008248,9,1.1,155,-7.4,3827803,-7.4,-7.4028,3.43968,-5.12363,0.115,0.01512,-0.21243,8.53552,22.87343,-3.36159
36.076068,-79.008248,9,1.1,155,-6.67,3828003,-6.67,-6.67119,4.03729,-4.74437,0.03512,-0.13592,-0.03497,8.38936,19.54107,-3.28851
36.076068,-79.008245,9,0.96,155,-8.45,3828803,-8.45,-8.45384,1.01157,-6.05982,-0.11377,0.14508,0.39783,8.97398,24.13037,-3.30313
36.076068,-79.008245,9,0.96,154.8,-6.52,3829003,-6.52,-6.52343,1.57687,-5.23609,0.11011,-0.18891,0.02031,10.69863,25.98655,-2.36773
36.076063,-79.008241,9,1.4,154.8,-7.27,3829803,-7.27,-7.26999,3.56471,-3.82792,0.19105,0.01084,-0.25091,10.09939,19.658,-1.92926
36.076063,-79.008241,9,1.4,155,-6.64,3830003,-6.64,-6.64427,3.88056,-4.8006,0.02764,0.01084,0.11836,10.05554,17.40719,-1.6808
36.076062,-79.008241,9,0.12,155,-8.08,3830803,-8.08,-8.08295,1.04507,-4.46979,-0.33796,-0.13225,0.52275,9.85092,24.40807,-3.31774
