Lat,Lon,Sats,Speed,GPS_Alt,Dist,Time,Alt,AX,AY,AZ,GX,GY,GZ,MX,MY,MZ
36.076062,-79.008241,9,0.12,154.5,-8.36,3831003,-8.36,-8.35813,1.11326,-4.60738,-0.00397,0.03085,-0.04536,10.08477,27.14119,-3.08389
36.07606,-79.008237,9,0.9,154.5,-8.07,3831803,-8.07,-8.07099,1.88375,-4.23231,-0.06032,0.05651,-0.23091,11.73633,26.55656,-1.94388
36.07606,-79.008237,9,0.9,154.4,-7.91,3832003,-7.91,-7.90529,2.86301,-5.29472,-0.11057,-0.19258,-0.06429,12.05788,27.4335,-2.42619
36.076063,-79.008231,9,1.71,154.4,-7.26,3832803,-7.26,-7.25564,2.3671,-4.64267,0.17272,0.08827,-0.35552,11.45864,22.80035,-1.08156
36.076063,-79.008231,9,1.71,154.4,-7.98,3833003,-7.98,-7.97707,2.41555,-5.28634,-0.13928,0.00183,0.17364,11.54633,26.17656,-1.79772
36.076062,-79.008225,9,1.31,154.4,-8.15,3833803,-8.15,-8.15175,2.31745,-4.54457,-0.11606,0.1321,-0.1967,8.9886,27.44811,-4.51622
36.076062,-79.008225,9,1.31,154,-7.85,3834003,-7.85,-7.84906,2.2989,-4.96391,0.06964,0.20006,-0.47342,7.83397,25.03654,-5.67086
36.076063,-79.008219,9,1.19,154,-8.29,3834803,-8.29,-8.28515,2.0991,-5.1021,-0.24633,-0.08919,-0.01649,5.75855,25.91348,-9.77784
36.076063,-79.008219,9,1.19,154.2,-8.29,3835003,-8.29,-8.28934,1.91366,-4.69532,-0.30864,-0.02001,0.15592,5.78778,26.83426,-9.52938
36.076067,-79.008216,9,1.16,154.2,-7.5,3835803,-7.5,-7.49791,2.57827,-4.10608,-0.1547,0.02245,-0.09911,4.00468,24.67115,-10.37708
36.076067,-79.008216,9,1.16,154.7,-8.16,3836003,-8.16,-8.15893,2.69073,-4.5009,-0.01268,0.15394,-0.09148,3.66852,24.83192,-10.90324
36.076068,-79.008212,9,0.94,154.7,-8.34,3836803,-8.34,-8.34258,1.68993,-5.01835,-0.17486,0.02169,0.06857,4.63315,30.18123,-12.65712
36.076068,-79.008212,9,0.94,154.8,-9.69,3837003,-9.69,-9.68674,1.24187,-4.63011,-0.23763,-0.02871,0.07315,4.07775,29.33353,-12.9202
36.076071,-79.008211,9,1.13,154.8,-7.26,3837803,-7.26,-7.25982,1.57268,-5.59382,-0.23946,0.05498,0.00794,3.52236,26.87811,-13.60713
36.076071,-79.008211,9,1.13,154.8,-11.56,3838003,-11.56,-11.55913,2.91266,-5.95155,0.32483,0.30986,-0.83261,2.3385,26.29348,-14.25022
36.076073,-79.008208,9,1.04,154.8,-8.93,3838803,-8.93,-8.9342,3.31226,-7.94537,-0.13073,-0.36835,-0.68402,2.66004,24.65653,-11.85326
36.076073,-79.008208,9,1.04,155.1,-7.55,3839003,-7.55,-7.54936,6.41635,-6.60718,0.58933,1.02717,-0.25336,6.25548,27.09734,-8.91552
36.076077,-79.008207,9,1.14,155.1,-5.37,3839803,-5.37,-5.3683,0.60838,-7.13001,-0.41035,-0.30131,-0.05513,5.89009,23.58959,-6.57702
36.076077,-79.008207,9,1.14,154.9,-5.12,3840003,-5.12,-5.12423,1.5003,-8.55374,-0.4777,-0.23198,-0.1069,6.21163,22.62496,-5.74393
36.076082,-79.008204,9,1.63,154.9,-4.83,3840803,-4.83,-4.8347,2.20858,-5.65663,-0.46792,-0.37278,-0.02764,7.64396,13.46098,-3.63929
36.076082,-79.008204,9,1.63,155.3,-4.31,3841003,-4.31,-4.30529,3.10648,-7.2676,-0.06964,-0.10599,-0.10934,9.54399,13.13943,-1.63695
36.076085,-79.008205,9,0.78,155.3,-2.73,3841803,-2.73,-2.72662,3.40917,-8.16611,0.17211,0.10522,-0.02474,14.46945,11.18094,3.20082
36.076085,-79.008205,9,0.78,155.7,-3.11,3842003,-3.11,-3.11246,3.65384,-7.59661,0.12843,0.14096,0.13668,13.5779,11.21017,2.19234
36.076086,-79.008199,9,1.46,155.7,-5.54,3842803,-5.54,-5.53759,6.25962,-6.90748,0.08292,0.41401,-0.10828,8.56475,9.71938,-2.82081
36.076086,-79.008199,9,1.46,155.7,-5.46,3843003,-5.46,-5.45564,4.95314,-8.4664,-0.11744,0.0391,-0.15073,8.18474,10.65478,-4.42853
36.076087,-79.008202,9,0.37,155.7,-9.83,3843803,-9.83,-9.82732,1.45783,-2.73141,0.11118,1.54992,0.19196,-1.53464,26.48348,-31.71587
36.076087,-79.008202,9,0.37,155.7,-12.98,3844003,-12.98,-12.98106,-0.62991,1.60977,1.64811,2.33335,2.32587,4.82315,40.076,-49.62
36.076093,-79.0082,9,1.19,155.7,3.36,3844803,3.36,3.36132,-3.31705,-0.74237,1.65774,-0.51404,-0.08949,85.32593,26.87811,-29.20199
36.076093,-79.0082,9,1.19,156.3,6.76,3845003,6.76,6.76271,-0.96969,-4.75813,1.93721,-0.17853,1.79106,86.96288,19.01491,-30.69278
36.076094,-79.008201,9,0.96,156.3,9.51,3845803,9.51,9.50788,1.02891,-6.83749,0.25305,-1.79625,-1.10765,66.92487,-7.90704,0.7454
36.076094,-79.008201,9,0.96,157.1,8.73,3846003,8.73,8.72962,1.2335,-4.47099,1.72936,-1.39934,-1.40026,81.78895,-4.83777,-16.01871
36.076096,-79.008204,9,0.75,157.1,9.33,3846803,9.33,9.3332,1.59482,-1.22692,0.58093,-0.56902,0.05941,80.50278,-8.57936,-48.75767
36.076096,-79.008204,9,0.75,157.6,8.08,3847003,8.08,8.08475,2.05005,0.43729,-0.54306,0.24129,0.86544,79.17275,-10.15785,-48.81614
36.076094,-79.008205,9,0.17,157.6,8.16,3847803,8.16,8.16132,1.93699,-4.30409,-0.0142,0.92363,-0.43051,83.48436,-9.52938,-30.09354
36.076094,-79.008205,9,0.17,158,5.14,3848003,5.14,5.14218,0.97149,-5.65663,-0.52809,3.6264,0.68279,78.20812,-8.63783,-10.55247
36.076094,-79.008203,9,0.54,158,-9.25,3848803,-9.25,-9.24946,3.01436,-5.42034,0.34453,0.6663,-0.46319,21.80649,-9.99708,1.91464
36.076094,-79.008203,8,0.54,157.7,-9.39,3849003,-9.39,-9.38884,3.01316,-5.01954,0.40653,-0.30467,0.03039,22.68343,-13.47559,-1.72464
36.076093,-79.008207,8,0.2,157.7,-7.59,3849803,-7.59,-7.58884,3.61675,-5.71885,0.16631,-0.12828,-0.02306,26.36656,-18.10874,-1.34464
36.076093,-79.008207,8,0.2,158.2,-7.47,3850003,-7.47,-7.468,4.02413,-4.78026,-0.15608,0.01542,-0.01206,25.66501,-17.01257,-2.42619
36.07609,-79.008203,8,0.55,158.2,-8.78,3850803,-8.78,-8.78345,3.24527,-5.04347,-0.33582,0.43539,-0.45005,27.38965,-9.85092,4.69161
36.07609,-79.008203,8,0.55,158.5,-7.74,3851003,-7.74,-7.74258,3.89372,-4.85564,-0.03024,-0.3178,0.15409,27.75504,-9.8363,5.86086
36.07609,-79.008208,8,0.07,158.5,-7.74,3851803,-7.74,-7.73958,3.94576,-4.97109,0.0701,0.00351,0.07285,28.8366,-10.42093,5.07162
36.07609,-79.008208,8,0.07,158.3,-7.04,3852003,-7.04,-7.04208,4.04028,-4.92682,0.24648,-0.22052,0.0985,28.67583,-11.44402,4.53084
36.076088,-79.008211,8,0.18,158.3,-7.08,3852803,-7.08,-7.07857,4.24307,-4.66242,0.41218,-0.19059,0.28604,28.92429,-18.98568,-2.90851
36.076088,-79.008211,6,0.18,158.1,-7.52,3853003,-7.52,-7.51645,4.38664,-5.13859,0.51572,-0.34193,0.25672,29.40661,-21.20725,-4.23853
36.076091,-79.008213,6,0.47,158.1,-6.74,3853803,-6.74,-6.73699,4.77488,-4.98186,0.41722,-0.37309,0.18906,28.6466,-25.98655,-10.64016
36.076091,-79.008213,6,0.47,158.1,-6.05,3854003,-6.05,-6.04965,5.07877,-5.28096,-0.02382,-0.0733,0.32987,28.17889,-25.51886,-11.3271
36.076094,-79.008217,6,0.87,158.1,-6.22,3854803,-6.22,-6.21715,6.25424,-5.92104,-0.16707,-0.00825,-0.22083,27.12657,-29.50891,-21.14879
36.076094,-79.008217,5,0.87,158,-6.28,3855003,-6.28,-6.28056,4.77966,-5.2672,-0.19777,-0.08445,0.70921,26.43964,-29.11429,-23.01958
36.076102,-79.008225,5,1.6,158,-5.43,3855803,-5.43,-5.43111,3.15553,-9.22852,0.43463,-0.81978,0.92714,22.18649,-20.3157,-7.2055
36.076102,-79.008225,7,1.6,158.1,-1.86,3856003,-1.86,-1.85504,3.53958,-6.59103,-0.17226,-1.09696,1.32069,20.7834,-16.66179,-3.75621
36.076108,-79.008229,7,1.65,158.1,2.42,3856803,2.42,2.42213,4.0995,-9.05504,-0.24496,-0.21915,-0.23564,38.70213,-0.16077,11.69249
36.076108,-79.008229,6,1.65,158.1,3.59,3857003,3.59,3.58923,2.67936,-7.89751,0.02932,-0.30406,-0.10431,40.20754,2.92312,12.23327
36.076116,-79.00824,6,1.82,158.1,3.97,3857803,3.97,3.96909,3.01197,-9.0694,0.24053,-0.4725,0.49541,38.14674,-1.90003,10.96171
36.076116,-79.00824,7,1.82,157.2,3.32,3858003,3.32,3.32064,1.84666,-8.04108,-0.43646,0.3007,-0.06414,38.11751,1.14002,12.01403
36.076123,-79.008238,7,1.51,157.2,0.93,3858803,0.93,0.92782,-0.18066,-8.89233,0.67546,0.20861,-0.61697,26.73195,-3.61006,8.40398
36.076123,-79.008238,6,1.51,157.3,1.94,3859003,1.94,1.94118,3.04965,-9.50848,-0.7506,0.74739,-0.21029,34.93131,-14.76177,5.27624
36.07613,-79.008237,0,0.67,157.3,2.07,3861803,2.07,2.07398,1.42911,-9.08615,0.05925,0.01695,-0.03024,32.75358,-1.25694,10.12862
36.07613,-79.008237,4,0.67,157.5,2.21,3862003,2.21,2.20558,1.43988,-9.01197,0.02275,0.04383,-0.00336,32.84127,-1.91464,10.07016
36.076135,-79.008231,4,0.81,157.5,2.5,3862803,2.5,2.50409,1.96989,-8.84327,0.07514,-0.02092,-0.04948,34.09822,-3.62467,9.924
36.076135,-79.008231,4,0.81,158,2.25,3863003,2.25,2.25284,1.77607,-9.20459,-0.03787,0.07437,-0.12782,33.86437,-3.59544,9.74861
36.076149,-79.008247,4,1.54,158,2.6,3863803,2.6,2.59741,1.40519,-9.16272,-0.05483,0.02291,-0.0168,34.56592,-2.83543,10.40631
36.076149,-79.008247,5,1.54,157.7,2.21,3864003,2.21,2.20678,1.06899,-9.08256,-0.10064,0.05421,-0.01802,34.71207,-2.45542,9.80707
36.076154,-79.008257,5,1.88,157.7,2.46,3864803,2.46,2.46042,0.82313,-8.88096,0.29184,0.06964,-0.38591,34.39053,4.00468,11.16633
36.076154,-79.008257,4,1.88,157.9,2.18,3865003,2.18,2.17926,1.23948,-9.21955,0.34346,0.25336,-0.94043,34.81438,-0.86232,10.97632
36.076148,-79.008261,0,1.04,157.9,-1.08,3866803,-1.08,-1.08096,0.21416,-9.22134,-0.16203,0.74785,-1.08933,50,-9.60246,8.65244
36.076148,-79.008261,4,1.04,157,0.24,3867003,0.24,0.23629,0.55693,-10.76052,0.13225,0.07651,-0.74006,51.30079,-10.8594,7.46858
36.076147,-79.008267,4,1.16,157,-1.04,3867803,-1.04,-1.04267,-1.97886,-9.04846,-0.12706,-0.65149,0.73395,35.07746,4.00468,11.7948
36.076147,-79.008267,4,1.16,156.8,-0.46,3868003,-0.46,-0.45583,-2.3019,-8.5675,-0.12507,-0.09071,-0.00336,38.36597,4.72084,13.02251
36.076143,-79.008268,4,0.48,156.8,-1.08,3868803,-1.08,-1.07916,-0.47139,-9.07239,-0.09026,0.29566,0.00611,34.56592,-4.72084,9.82169
36.076143,-79.008268,5,0.48,155.9,-1.82,3869003,-1.82,-1.81555,-0.87398,-9.68256,0.09789,0.07529,0.07055,31.81818,-4.75007,8.76937
36.076146,-79.008257,5,0.41,155.9,-2.1,3869803,-2.1,-2.10269,-0.63529,-9.25963,-0.07025,0.00886,-0.00412,30.47355,-4.89623,7.70243
36.076146,-79.008257,5,0.41,155.3,-1.97,3870003,-1.97,-1.97109,-0.35174,-9.32902,0.04704,-0.04749,-0.02428,31.11663,-5.057,7.98012
36.076147,-79.008269,5,0.26,155.3,-2.46,3870803,-2.46,-2.46102,-0.22313,-9.41516,0.02321,0.00367,0.05803,30.51739,-6.63549,7.48319
36.076147,-79.008269,6,0.26,154.8,-1.95,3871003,-1.95,-1.95314,-0.02692,-9.34218,-0.00443,0.0533,-0.01436,30.37124,-6.12394,7.79012
36.076149,-79.008277,6,0.08,154.8,-2.49,3871803,-2.49,-2.49392,-0.1675,-9.29133,-0.04078,0.03222,-0.03711,28.98275,-6.67933,6.43087
36.076149,-79.008277,6,0.08,154.6,-2.57,3872003,-2.57,-2.57169,-0.08913,-9.21895,-0.042,0.10446,-0.02718,28.70506,-6.54779,7.26396
36.076148,-79.008285,6,0.22,154.6,-2.82,3872803,-2.82,-2.81516,-0.15613,-9.30569,0.00596,0.03024,0.0339,27.66735,-5.77317,6.10932
36.076148,-79.008285,7,0.22,154.3,-2.99,3873003,-2.99,-2.98564,-0.18604,-9.23271,-0.04139,0.06277,0.03024,27.57966,-6.22625,6.15317
36.076149,-79.00829,7,0.01,154.3,-3.34,3873803,-3.34,-3.34038,-0.29791,-8.99582,0.00809,0.02214,-0.00076,26.05963,-6.40164,6.25548
36.076149,-79.00829,7,0.01,153.9,-3,3874003,-3,-2.99821,-0.3009,-9.19442,-0.03757,-0.03864,0.0449,25.92809,-5.83163,6.98626
36.076151,-79.008295,7,0.15,153.9,-3.41,3874803,-3.41,-3.40738,-0.96012,-8.3689,0.0449,-0.06048,-0.15363,25.22654,-3.55159,7.49781
36.076151,-79.008295,7,0.15,153.7,-4.36,3875003,-4.36,-4.35733,-0.17827,-8.98804,0.14722,-0.13851,-0.06979,25.02192,-4.34084,6.72318
36.076155,-79.008302,7,0.56,153.7,-4.01,3875803,-4.01,-4.00738,-1.01276,-8.54178,0.00809,0.03146,0.21258,22.68343,-3.25928,6.09471
36.076155,-79.008302,7,0.56,153.4,-4.35,3876003,-4.35,-4.35434,-0.93858,-8.71227,0.08201,0.06139,0.13928,21.55802,-2.96697,4.75007
36.076155,-79.008305,7,0.39,153.4,-4.75,3876803,-4.75,-4.75095,-0.7322,-8.41017,0.06597,0.08109,-0.2054,18.24028,-2.36773,2.79158
36.076155,-79.008305,7,0.39,153.4,-5.17,3877003,-5.17,-5.1667,-0.90509,-8.37009,0.0307,-0.1066,-0.07055,18.76644,-3.40544,3.08389
36.07615,-79.008312,7,0.23,153.4,-4.71,3877803,-4.71,-4.70728,-1.03789,-8.30309,0.01924,0.04856,0.02306,19.40953,-2.10465,4.25314
36.07615,-79.008312,8,0.23,153.6,-4.84,3878003,-4.84,-4.83589,-1.0002,-8.34497,0.00535,0.03344,-0.04856,19.43876,-2.16311,3.66852
36.076148,-79.008315,8,0.17,153.6,-5.37,3878803,-5.37,-5.3689,-1.00857,-8.19063,0.02092,-0.05223,-0.20571,18.64952,-1.81234,2.83543
36.076148,-79.008315,8,0.17,153.8,-4.6,3879003,-4.6,-4.6014,-0.5336,-7.39502,-0.15547,0.06704,-0.39324,19.26337,-2.64543,4.23853
36.076149,-79.008323,8,0.36,153.8,-3.01,3879803,-3.01,-3.00598,7.21137,-6.65145,0.46563,-0.56704,1.22784,25.7527,-26.2204,-14.22099
36.076149,-79.008323,8,0.36,154.2,-3.9,3880003,-3.9,-3.8991,6.20459,-5.92403,-0.05956,0.34926,0.64904,21.28033,-23.7796,-17.15873
36.07615,-79.00832,8,0.4,154.2,-6.84,3880803,-6.84,-6.83929,5.90908,-4.78385,-0.1011,0.01222,-0.27504,9.74861,-16.64718,-27.17042
36.07615,-79.00832,7,0.4,154.5,-6.15,3881003,-6.15,-6.15015,5.93899,-5.40658,-0.55604,0.09636,0.13149,8.22859,-14.93715,-25.97194
36.076148,-79.008319,7,0.59,154.5,-9.21,3881803,-9.21,-9.21297,2.42094,-5.51007,0.34361,-0.91599,0.96349,11.38556,-16.74949,-23.06343
36.076148,-79.008319,7,0.59,154.6,-7.8,3882003,-7.8,-7.79821,2.66979,-4.40758,-0.44685,-0.44914,0.99021,6.6501,-9.95323,-19.99415
36.076151,-79.008315,7,0.51,154.6,-7.93,3882803,-7.93,-7.93041,4.23829,-5.97428,0.89965,0.76709,-0.99266,30.86817,-31.42356,-31.13125
36.076151,-79.008315,7,0.51,154.6,-10.5,3883003,-10.5,-10.49911,8.14816,-7.01635,0.20052,0.20159,-0.18265,32.82666,-31.56972,-35.91055
36.076162,-79.008306,7,1.94,154.6,-4.84,3883803,-4.84,-4.83948,5.27976,-3.4995,1.15316,0.7561,-1.17057,18.94183,-24.72961,-27.40427
36.076162,-79.008306,8,1.94,154.5,-8.03,3884003,-8.03,-8.03271,5.48136,-5.27139,0.48304,0.92393,-1.26648,31.35048,-30.37124,-40.55832
36.076173,-79.008286,8,2.88,154.5,-9.37,3884803,-9.37,-9.37149,7.94537,-5.97907,0.72937,-0.58903,0.1883,3.28851,0.76001,-13.63636
36.076173,-79.008286,8,2.88,154.5,-7.31,3885003,-7.31,-7.31306,7.29931,-5.56032,1.40606,0.01176,-0.95478,5.26162,-8.40398,-21.68956
36.076183,-79.008279,8,2.78,154.5,-7.41,3885803,-7.41,-7.41296,5.4,-3.72204,0.05757,-0.97326,2.43292,11.37094,-16.74949,-24.93423
36.076183,-79.008279,8,2.78,154.5,-6.06,3886003,-6.06,-6.05623,2.22293,-3.21057,-0.61667,-0.09194,0.66752,3.82929,-3.90237,-15.01023
36.076186,-79.008273,8,1.55,154.5,-8.06,3886803,-8.06,-8.06082,4.57089,-4.31546,-0.5904,0.75854,-0.66615,30.26893,-30.98509,-30.99971
36.076186,-79.008273,8,1.55,154.2,-8.11,3887003,-8.11,-8.11346,5.40539,-7.33161,0.19532,-0.35904,0.94531,30.57585,-30.97047,-31.73049
36.076195,-79.008272,8,1.78,154.2,-6.77,3887803,-6.77,-6.77169,5.48555,-4.6343,0.77916,2.0716,-1.98165,22.2888,-23.58959,-25.48962
36.076195,-79.008272,8,1.78,154.2,-7.33,3888003,-7.33,-7.32922,3.13699,-5.02493,-0.49618,1.39537,-0.81932,34.85823,-32.38819,-35.44285
36.076205,-79.008267,8,2.34,154.2,-7.1,3888803,-7.1,-7.09891,9.98884,-5.78884,2.73484,1.41018,-1.21807,17.33411,-21.01725,-16.88103
36.076205,-79.008267,8,2.34,154,-6.8,3889003,-6.8,-6.80339,4.98126,-4.83051,0.49618,1.96668,-1.37903,29.3043,-30.34201,-36.0421
36.076223,-79.008267,8,4.05,154,-6.11,3889803,-6.11,-6.10708,6.78365,-2.85882,0.14279,0.00596,-0.53603,17.34873,-17.39258,-8.82783
36.076223,-79.008267,8,4.05,153.9,-3.39,3890003,-3.39,-3.39302,4.93819,-3.94397,0.98059,1.88834,-0.92149,17.59719,-21.9088,-20.228
36.076232,-79.008267,8,3.6,153.9,-3.2,3890803,-3.2,-3.19741,5.74935,-2.28515,0.02932,-0.87323,0.12126,18.05028,-10.43554,-0.95001
36.076232,-79.008267,9,3.6,153.7,-8.09,3891003,-8.09,-8.08954,6.32124,-7.22513,0.20556,4.88707,-2.8277,19.99415,-19.67261,-10.43554
36.076235,-79.008279,9,2.52,153.7,-3.61,3891803,-3.61,-3.60658,5.56331,-2.56869,-0.478,-1.93629,2.51218,13.59252,-10.12862,-5.057
36.076235,-79.008279,9,2.52,154,-6.65,3892003,-6.65,-6.64906,5.67578,-2.60399,0.47067,0.90011,-1.61925,19.848,-10.45016,0.76001
36.076237,-79.008287,9,2.06,154,-7.54,3892803,-7.54,-7.54397,6.76032,-3.15374,-0.70433,-2.12428,2.54532,26.11809,-23.99883,-13.47559
36.076237,-79.008287,9,2.06,154.2,-4.18,3893003,-4.18,-4.17966,5.27498,-1.79821,-0.56688,-1.50868,0.38973,22.59573,-15.88717,-1.37387
36.076233,-79.008287,9,1.27,154.2,-14.92,3893803,-14.92,-14.92164,11.77508,-6.68196,-1.03862,-2.98667,2.32938,34.02514,-31.96434,-22.34727
36.076233,-79.008287,9,1.27,154.1,-5.26,3894003,-5.26,-5.25643,5.59921,-1.82931,-0.26481,-2.651,1.92911,20.228,-14.791,-4.25314
36.076231,-79.008295,9,1.36,154.1,-15.21,3894803,-15.21,-15.21117,7.77966,-5.89233,0.51175,-2.40039,2.43766,28.67583,-25.00731,-17.75797
36.076231,-79.008295,9,1.36,154.3,-6.48,3895003,-6.48,-6.47976,4.36331,-1.30349,-0.72158,-2.11833,1.98333,19.36568,-13.89944,-2.57235
36.076227,-79.008303,9,1.14,154.3,-11.92,3895803,-11.92,-11.91506,9.0676,-6.22612,-0.30772,1.24403,-0.7028,39.6083,-33.73283,-28.16428
36.076227,-79.008303,9,1.14,154.6,-12.1,3896003,-12.1,-12.1005,9.53719,-6.57787,-1.37261,-2.0748,1.84145,36.84595,-27.37504,-23.58959
36.076227,-79.008311,9,1.01,154.6,-7.72,3896803,-7.72,-7.71984,3.09093,-7.11685,0.84315,-0.01206,-0.35079,36.86057,-32.75358,-25.67963
36.076227,-79.008311,9,1.01,154.8,-8.5,3897003,-8.5,-8.5029,5.87498,-5.30309,-0.36728,-0.6692,1.38407,36.34902,-32.43204,-26.92195
36.076228,-79.008318,9,1.85,154.8,-5.62,3897803,-5.62,-5.61895,5.28096,-5.37548,0.93859,1.3355,-0.94104,32.6805,-31.7451,-28.93891
36.076228,-79.008318,8,1.85,155.2,-5.33,3898003,-5.33,-5.32702,4.94357,-5.36291,-0.75366,0.48487,0.16616,33.48436,-32.11049,-36.30518
36.076233,-79.008327,8,2.68,155.2,-5.54,3898803,-5.54,-5.53998,7.78505,-5.20738,2.09374,0.98685,-1.17775,19.20491,-23.37036,-20.3157
36.076233,-79.008327,9,2.68,155.2,-7.56,3899003,-7.56,-7.55713,6.50848,-6.35294,1.26251,1.29519,-1.60841,32.94358,-31.16048,-38.59982
36.076242,-79.008337,9,2.76,155.2,-3.9,3899803,-3.9,-3.89731,5.10927,-1.54816,-0.40943,3.09922,-0.85307,16.8518,-15.55101,-8.36013
36.076242,-79.008337,8,2.76,155.9,-6.72,3900003,-6.72,-6.71845,6.97448,-4.56311,1.20844,2.43964,-2.02502,26.95119,-27.18504,-24.75884
36.076256,-79.008341,8,3.62,155.9,-5.81,3900803,-5.81,-5.81217,8.55793,-2.02792,0.11484,-0.79306,-0.16173,16.1064,-11.57556,-5.057
36.076256,-79.008341,8,3.62,155.8,-6.7,3901003,-6.7,-6.7023,9.59582,-4.74616,2.28738,1.64353,-1.66033,16.86641,-20.90032,-17.45104
36.076268,-79.008345,8,3.37,155.8,-5.39,3901803,-5.39,-5.39223,7.21137,-2.068,-0.79229,-2.14261,1.28404,16.2964,-16.26717,-8.34551
36.076268,-79.008345,8,3.37,155.5,-4.95,3902003,-4.95,-4.95254,5.34377,-1.31545,0.74495,2.3109,-0.94012,18.29874,-16.13563,-6.09471
36.076272,-79.008346,8,2.3,155.5,-7.87,3902803,-7.87,-7.87298,7.13899,-2.78225,-1.75838,-2.184,1.96576,16.39871,-21.64572,-26.80503
36.076272,-79.008346,8,2.3,155.4,-5.3,3903003,-5.3,-5.29831,5.71705,-2.01715,-0.79794,-1.46165,0.5988,12.32096,-10.52324,-7.19088
36.076267,-79.008344,8,0.25,155.4,-12.3,3903803,-12.3,-12.29552,8.36052,-7.33281,-0.56581,-2.02028,1.85642,27.40427,-30.25431,-31.94972
36.076267,-79.008344,8,0.25,155.4,-4.9,3904003,-4.9,-4.90289,5.65005,-1.77248,-0.55741,-2.2402,2.1785,11.44402,-10.93248,-8.56475
36.076263,-79.008351,8,0.79,155.4,-9.9,3904803,-9.9,-9.89791,7.1348,-8.5675,-0.03024,-0.801,0.83047,36.74364,-33.41128,-28.76352
36.076263,-79.008351,8,0.79,155.3,-7.39,3905003,-7.39,-7.38664,7.60379,-2.27737,-0.55894,-2.8561,2.80128,24.29114,-25.38731,-13.92868
36.076263,-79.008363,8,1.47,155.3,-7.95,3905803,-7.95,-7.95434,4.1354,-8.65484,0.29444,-0.58506,0.13744,36.69979,-32.69512,-37.06519
36.076263,-79.008363,9,1.47,155.7,-15.89,3906003,-15.89,-15.88834,14.29712,-8.81157,-2.92116,-3.61159,1.12292,27.78427,-26.54194,-30.99971
36.076271,-79.008368,9,1.52,155.7,-4.23,3906803,-4.23,-4.22991,2.30728,-11.18106,0.04139,-1.0429,0.68447,25.81116,-30.152,-23.41421
36.076271,-79.008368,9,1.52,155.5,-10.99,3907003,-10.99,-10.98545,9.23689,-8.18345,-0.24404,-2.00104,1.8245,20.53493,-23.18036,-17.10026
36.076273,-79.008371,9,0.83,155.5,-6.55,3907803,-6.55,-6.55454,3.41934,-5.71526,0.54963,1.18126,-0.71777,32.15434,-31.51125,-40.44139
36.076273,-79.008371,9,0.83,155.9,-10.33,3908003,-10.33,-10.32922,7.39382,-9.57488,-0.697,0.33216,0.28466,33.36744,-31.02894,-42.89681
36.076285,-79.008374,9,2.07,155.9,-8.81,3908803,-8.81,-8.80798,6.6335,-5.73978,0.67989,3.9016,-2.86908,28.80737,-30.45893,-40.13446
36.076285,-79.008374,9,2.07,156.3,-9.93,3909003,-9.93,-9.93261,4.15454,-7.20419,0.12171,-0.46777,1.11223,44.48991,-32.31511,-43.11605
36.076295,-79.008389,9,3.06,156.3,-5.03,3909803,-5.03,-5.03211,8.21097,-3.65324,1.63284,3.92328,-1.54992,15.74101,-18.05028,-12.21865
36.076295,-79.008389,9,3.06,156.9,-12.1,3910003,-12.1,-12.10469,8.49512,-8.4688,1.08184,2.29273,-2.68994,36.53902,-31.39433,-44.03683
36.076318,-79.00839,9,4.3,156.9,-3.43,3910803,-3.43,-3.42832,6.10409,-2.01416,0.90194,2.08091,-0.48274,17.6995,-15.85794,-5.97778
36.076318,-79.00839,9,4.3,157.2,-5.34,3911003,-5.34,-5.34078,7.75693,-4.80718,1.88116,2.80341,-1.10338,26.74656,-27.34581,-28.25197
36.076324,-79.008398,9,3.04,157.2,-5.9,3911803,-5.9,-5.89532,9.03889,-2.79123,-0.13149,-0.60949,-0.06826,15.15639,-15.96025,-9.36861
36.076324,-79.008398,9,3.04,157.2,-4.55,3912003,-4.55,-4.54517,8.23669,-4.47757,1.49189,0.83857,-0.96486,16.92488,-21.4411,-17.07103
36.076335,-79.008404,9,3.43,157.2,-5.07,3912803,-5.07,-5.07278,8.39881,-2.77567,-0.52962,-2.0438,0.5846,19.01491,-21.36802,-11.99942
36.076335,-79.008404,9,3.43,157.1,-5.24,3913003,-5.24,-5.24447,8.39941,-2.47358,0.66768,2.20874,-0.9279,21.06109,-22.34727,-11.31248
36.076341,-79.008407,9,2.22,157.1,-4.38,3913803,-4.38,-4.38365,6.49532,-2.44666,-1.44836,-1.97279,0.7816,20.27185,-21.73341,-11.76557
36.076341,-79.008407,9,2.22,156.9,-4,3914003,-4,-3.99661,5.2337,-2.07577,0.82284,1.42988,-0.4835,22.40573,-20.52032,-6.08009
36.076349,-79.008413,9,2.34,156.9,-6.18,3914803,-6.18,-6.18006,6.01017,-1.74975,-1.65621,-2.46102,1.18004,18.54721,-23.66267,-18.10874
36.076349,-79.008413,9,2.34,156.9,-6.24,3915003,-6.24,-6.23749,8.01476,-2.07577,0.05269,-0.76755,-0.20937,21.19263,-17.58258,-4.23853
36.076356,-79.008412,9,1.51,156.9,-6.63,3915803,-6.63,-6.62932,5.87259,-3.74955,-1.49311,-1.49051,1.31947,14.981,-20.63724,-29.78661
36.076356,-79.008412,9,1.51,157.2,-6.97,3916003,-6.97,-6.9673,8.3001,-3.19801,0.29459,-1.45325,0.23335,9.98246,-13.91406,-15.56562
36.076358,-79.008422,9,1.48,157.2,-10.41,3916803,-10.41,-10.41237,8.38146,-5.88096,-0.56642,-2.01876,0.8039,21.70418,-20.71032,-41.61064
36.076358,-79.008422,9,1.48,157.7,-6.56,3917003,-6.56,-6.55753,5.24746,-1.90768,-0.36789,-2.32587,1.19271,8.14089,-14.22099,-22.72727
36.076363,-79.008415,9,0.38,157.7,-8.47,3917803,-8.47,-8.47418,4.59721,-10.63909,0.52718,0.14615,-0.44608,21.61649,-6.31394,-31.97895
36.076363,-79.008415,9,0.38,157.8,-6.51,3918003,-6.51,-6.50609,4.1348,-4.77607,-1.18386,-1.13636,0.56077,10.27477,-15.79947,-20.88571
36.076367,-79.00842,9,0.92,157.8,-9.32,3918803,-9.32,-9.32244,5.3336,-7.65763,-0.76083,0.60048,0.23182,34.58053,-32.24203,-40.55832
36.076367,-79.00842,9,0.92,158,-11.69,3919003,-11.69,-11.69253,10.8682,-7.10549,-1.09849,-2.6116,2.15987,25.29962,-24.46653,-35.03362
36.076369,-79.008422,9,0.61,158,-7.3,3919803,-7.3,-7.30409,3.71665,-8.15055,-0.01222,0.50152,0.26374,35.26747,-30.64893,-46.0684
36.076369,-79.008422,9,0.61,158.9,-10.92,3920003,-10.92,-10.92204,8.91984,-7.53081,0.28527,-2.21515,1.35887,29.01199,-29.01199,-40.22216
36.076381,-79.008429,9,1.88,158.9,-9.58,3920803,-9.58,-9.57847,4.85025,-7.91785,1.06504,1.34039,-1.01999,27.03888,-28.89506,-41.15755
36.076381,-79.008429,9,1.88,159.1,-8.46,3921003,-8.46,-8.45803,4.68455,-8.14936,-0.94348,-0.39416,1.17836,29.90354,-29.18737,-43.3499
36.076392,-79.008435,9,2.01,159.1,-8.01,3921803,-8.01,-8.00758,7.51586,-4.97468,0.89232,2.20263,-1.38666,14.5133,-17.43642,-39.43291
36.076392,-79.008435,9,2.01,159.1,-4.92,3922003,-4.92,-4.92443,2.58006,-2.80618,-0.81215,1.36773,-0.42058,29.56738,-29.6843,-44.24145
36.076406,-79.008447,9,2.95,159.1,-8.3,3922803,-8.3,-8.3019,8.12603,-7.77667,4.45519,0.32086,-2.23958,21.23648,-27.65273,-18.78106
36.076406,-79.008447,9,2.95,159.7,-9.07,3923003,-9.07,-9.06999,0.38883,-7.16172,0.57253,1.08933,-1.36895,42.48758,-33.64513,-37.2698
36.076414,-79.008461,9,3.28,159.7,-10.6,3923803,-10.6,-10.6026,8.96471,-8.10748,2.40864,5.00344,-2.86358,21.89418,-22.58112,-14.65946
36.076414,-79.008461,9,3.28,160.3,-9.6,3924003,-9.6,-9.59761,-1.85982,-7.82034,0.88759,0.47082,-0.97968,42.20988,-34.28822,-30.41508
36.076426,-79.008478,9,3.79,160.3,-6.5,3924803,-6.5,-6.49831,5.91925,-7.19582,2.09679,2.60656,-1.27167,16.44256,-17.80181,-12.37942
36.076426,-79.008478,9,3.79,161.4,-5.13,3925003,-5.13,-5.12901,3.00239,-11.73859,1.07711,-0.01909,-0.10812,22.99035,-26.05963,-35.41362
36.076443,-79.008485,9,3.95,161.4,-8.07,3925803,-8.07,-8.0674,7.22632,-4.84547,2.2379,3.32815,-1.75975,15.96025,-21.03186,-22.72727
36.076443,-79.008485,8,3.95,161.3,-10.67,3926003,-10.67,-10.67019,7.08216,-7.33879,1.14415,2.59496,-1.9453,34.85823,-30.45893,-46.19994
36.076466,-79.008482,8,4.38,161.3,-7.93,3926803,-7.93,-7.92503,9.08555,1.68754,-1.6475,3.41519,-1.45584,13.03712,-15.94563,-12.6425
36.076466,-79.008482,8,4.38,161.3,-9.78,3927003,-9.78,-9.77588,7.69233,-7.52603,1.84252,3.53889,-2.45476,27.76966,-26.81964,-46.97457
36.076497,-79.008483,8,5.48,161.3,-4.42,3927803,-4.42,-4.42313,5.45504,0.57129,0.73029,1.35459,0.55543,21.06109,-4.60392,4.96931
36.076497,-79.008483,8,5.48,161.2,-7.5,3928003,-7.5,-7.5027,7.20299,-5.28515,1.07558,5.00344,-2.05327,18.38644,-13.18328,-37.41596
36.076516,-79.008492,8,5.03,161.2,-3.61,3928803,-3.61,-3.61436,7.10908,-1.62772,0.70524,-0.31475,-0.32315,19.27799,-5.75855,3.04005
36.076516,-79.008492,8,5.03,161,-7.78,3929003,-7.78,-7.78385,8.45444,-4.72882,2.89016,2.88725,-2.11008,22.25957,-24.17422,-22.6542
36.076541,-79.0085,8,5.51,161,-3.14,3929803,-3.14,-3.13579,5.67039,-3.27936,-0.49969,-1.57267,0.98059,22.58112,-1.84157,6.38702
36.076541,-79.0085,7,5.51,161.1,-6.19,3930003,-6.19,-6.18605,4.17428,-6.72503,1.99371,1.1301,-1.80892,14.30868,-6.31394,-3.17159
36.076552,-79.008499,7,4.49,161.1,-4.6,3930803,-4.6,-4.59542,6.4008,-2.57767,0.8604,-0.2193,0.08308,19.55569,-2.13388,4.3116
36.076552,-79.008499,7,4.49,161.1,-8.64,3931003,-8.64,-8.64228,9.59043,-6.39243,0.98945,5.00161,-2.52516,11.95557,-12.71558,-11.9848
36.076557,-79.008493,7,3.13,161.1,-5.85,3931803,-5.85,-5.84866,5.88933,-1.63131,-1.29397,-2.44377,0.9192,12.35019,-11.83864,-8.74013
36.076557,-79.008493,7,3.13,161.4,-3.46,3932003,-3.46,-3.46301,3.71306,-0.72503,0.53222,2.54425,0.13851,14.80561,-7.54165,-2.77697
36.076568,-79.008487,7,2.96,161.4,-6.5,3932803,-6.5,-6.5001,6.62872,-2.32343,-0.99449,-2.90085,1.74677,10.33324,-16.82257,-21.96726
36.076568,-79.008487,9,2.96,161.3,-5.97,3933003,-5.97,-5.96531,6.96431,-0.77587,-0.7448,-0.50534,-0.03222,14.95177,-7.49781,-2.8062
36.076574,-79.008489,9,2.24,161.3,-8.02,3933803,-8.02,-8.01596,6.56112,-3.00598,-1.23945,-2.50562,2.81105,16.32564,-20.24262,-30.00585
36.076574,-79.008489,8,2.24,161.6,-7.07,3934003,-7.07,-7.0666,8.46581,-3.0335,-0.55894,-2.00287,0.70311,8.55013,-5.5247,-8.31628
36.07658,-79.008487,8,1.46,161.6,-6.88,3934803,-6.88,-6.87817,6.60479,-4.5338,-1.56122,-1.45844,1.92835,22.17188,-11.88249,-38.19059
36.07658,-79.008487,7,1.46,161.4,-6.67,3935003,-6.67,-6.667,8.41915,-3.62572,-0.77229,-1.62658,0.71441,9.734,-13.75329,-17.87489
36.07659,-79.008481,7,1.67,161.4,-12.64,3935803,-12.64,-12.6359,8.59861,-7.36152,-0.14386,-1.93186,1.28236,29.80123,-29.09968,-40.14908
36.07659,-79.008481,7,1.67,161.1,-5.53,3936003,-5.53,-5.52622,6.27278,-2.19482,-0.27306,-2.74706,1.5768,12.13096,-17.59719,-21.23648
36.076593,-79.008475,7,0.92,161.1,-7.44,3936803,-7.44,-7.44288,6.06222,-5.02134,-0.68432,-0.56933,0.88255,27.22888,-28.67583,-43.2622
36.076593,-79.008475,7,0.92,160.9,-6.93,3937003,-6.93,-6.9344,6.2351,-2.80858,-0.86636,-2.87809,1.61727,15.8287,-20.95878,-28.61736
36.076596,-79.00848,7,0.7,160.9,-11.14,3937803,-11.14,-11.14098,8.39821,-7.27777,-0.56933,0.5875,0.22999,33.29436,-31.45279,-41.42064
36.076596,-79.00848,7,0.7,160.4,-6.87,3938003,-6.87,-6.87159,7.89392,-4.31067,-1.80511,-1.62001,1.67988,25.97194,-22.63958,-30.75124
36.076605,-79.008485,7,1.3,160.4,-9.51,3938803,-9.51,-9.51207,7.6672,-6.92004,-0.23549,0.7674,-0.21548,34.98977,-32.2128,-38.65829
36.076605,-79.008485,8,1.3,160,-9.04,3939003,-9.04,-9.04008,8.40419,-4.71865,-1.09131,-2.17682,2.04182,34.03975,-23.19497,-25.34347
36.076614,-79.00849,8,1.58,160,-6.84,3939803,-6.84,-6.84347,4.78923,-7.71805,0.34682,1.5939,-0.63011,34.20052,-31.26279,-39.76907
36.076614,-79.00849,8,1.58,159.9,-12.73,3940003,-12.73,-12.72563,10.19941,-6.86142,0.73121,-2.09756,0.72296,32.27127,-31.65741,-37.50365
36.076622,-79.0085,8,1.98,159.9,-7.46,3940803,-7.46,-7.45903,3.24168,-7.30947,0.37186,1.6078,-0.85781,32.06665,-31.13125,-41.53756
36.076622,-79.0085,7,1.98,159.8,-11.59,3941003,-11.59,-11.59143,7.81436,-8.36232,-0.75915,-1.15774,1.38804,33.06051,-31.3651,-40.48524
36.076636,-79.008498,7,2.27,159.8,-9.7,3941803,-9.7,-9.70469,4.20419,-8.1021,1.16141,1.64674,-1.46134,31.43818,-31.18971,-38.71675
36.076636,-79.008498,8,2.27,159.9,-10.11,3942003,-10.11,-10.11087,6.05803,-7.98904,0.59025,-1.5151,1.15255,31.7451,-31.7451,-38.9506
36.076648,-79.0085,8,1.6,159.9,-11.69,3942803,-11.69,-11.68834,5.601,-8.48794,1.65743,1.65529,-1.95156,32.09588,-31.49664,-40.51447
36.076648,-79.0085,8,1.6,159.2,-10.89,3943003,-10.89,-10.89452,6.86022,-10.22932,-0.86086,-0.2671,0.49297,36.2321,-30.18123,-47.2815
36.076674,-79.008505,8,5.47,159.2,-9.15,3943803,-9.15,-9.14716,7.83051,-6.76331,1.69347,3.33929,-2.21423,16.09179,-16.31102,-24.18883
36.076674,-79.008505,8,5.47,158.6,-11.36,3944003,-11.36,-11.35753,9.30329,-7.1336,-0.24526,0.99602,-0.18983,33.4259,-31.13125,-42.76527
36.076686,-79.00851,8,2.98,158.6,-5.81,3944803,-5.81,-5.81396,4.94836,-3.43191,1.37979,2.59862,-1.79213,24.715,-19.13183,-22.77112
36.076686,-79.00851,8,2.98,158.3,-9.42,3945003,-9.42,-9.41695,5.20798,-9.40439,0.0898,0.45693,0.20953,33.20667,-31.2774,-42.44373
36.076706,-79.00852,8,3.94,158.3,-4.15,3945803,-4.15,-4.14975,6.15853,-4.73899,1.87077,1.87505,-0.38912,17.33411,-21.86495,-18.79567
36.076706,-79.00852,8,3.94,157.4,-8.12,3946003,-8.12,-8.12363,6.34577,-8.22413,0.24542,2.42193,-1.07558,26.14733,-28.23736,-42.85297
36.076732,-79.008521,8,5.41,157.4,-5.18,3946803,-5.18,-5.17747,6.43729,-3.05803,0.96685,1.49723,-0.80711,15.28793,-18.26951,-15.24408
36.076732,-79.008521,8,5.41,156.7,-7.89,3947003,-7.89,-7.89332,6.61855,-5.41137,1.26235,2.64886,-1.89231,25.69424,-28.19351,-38.24905
36.076753,-79.008521,8,4.55,156.7,-5.18,3947803,-5.18,-5.18285,7.86521,-1.96989,0.07025,2.797,-0.84269,17.77258,-16.82257,-8.5209
36.076753,-79.008521,8,4.55,155.6,-4.24,3948003,-4.24,-4.24307,5.54596,-4.1677,1.41599,1.61162,-1.28923,28.01812,-19.33645,-24.58345
36.076772,-79.008524,8,4.29,155.6,-6.07,3948803,-6.07,-6.067,6.07538,-2.28036,-0.19655,0.16554,-0.1463,16.55949,-13.62175,-6.76703
36.076772,-79.008524,8,4.29,154.6,-2.65,3949003,-2.65,-2.64885,4.19821,-4.11565,0.80817,1.83397,-1.08352,17.08565,-21.51418,-19.3803
36.07678,-79.008527,8,2.64,154.6,-8.65,3949803,-8.65,-8.65125,9.22014,-4.5344,-0.75472,-0.44639,-0.14813,17.48027,-18.28413,-10.43554
36.07678,-79.008527,9,2.64,154.7,-4.92,3950003,-4.92,-4.92263,6.08196,-5.06202,1.03084,0.2642,-0.38683,20.3157,-22.05495,-13.70944
36.07679,-79.008537,9,3.52,154.7,-7.11,3950803,-7.11,-7.11027,7.73121,-3.33559,0.5061,-1.33902,0.61484,12.65712,-14.00175,-11.56095
36.07679,-79.008537,9,3.52,155.5,-7.49,3951003,-7.49,-7.49253,8.41556,-4.13659,1.33993,2.34817,-1.43859,14.30868,-17.75797,-13.15405
36.076808,-79.008558,9,3.51,155.5,-5.75,3951803,-5.75,-5.74696,5.77508,-2.42273,0.07132,-1.79289,0.97464,10.50862,-13.87021,-14.68869
36.076808,-79.008558,9,3.51,155.6,-5.31,3952003,-5.31,-5.31266,4.89512,-1.44945,-0.44318,1.81366,-0.74373,12.8325,-13.49021,-10.87401
36.076817,-79.008552,9,2.37,155.6,-6.1,3952803,-6.1,-6.10469,5.84926,-2.71286,-0.62446,-2.31533,1.59268,14.48407,-21.03186,-23.5019
36.076817,-79.008552,9,2.37,155,-7.27,3953003,-7.27,-7.26999,9.0688,-3.34816,-0.37018,-1.02625,0.02856,13.00789,-14.14791,-9.67553
36.076825,-79.008556,9,2.44,155,-6.91,3953803,-6.91,-6.90509,5.93121,-3.28415,-1.49738,-1.82801,1.88864,22.81497,-23.20959,-27.78427
36.076825,-79.008556,9,2.44,154.3,-6.68,3954003,-6.68,-6.68016,7.09352,-2.88694,-0.47846,-1.30328,0.62018,14.44022,-16.42794,-10.69863
36.076828,-79.008559,9,1.07,154.3,-13.52,3954803,-13.52,-13.51646,9.5342,-6.93799,0.30391,-2.20049,0.87949,31.8328,-30.45893,-35.89594
36.076828,-79.008559,9,1.07,153.2,-6.43,3955003,-6.43,-6.42951,6.05923,-2.1344,-0.94959,-2.32159,1.39766,15.21485,-20.62263,-16.88103
36.07683,-79.008553,9,1.07,153.2,-7.28,3955803,-7.28,-7.28076,5.87558,-5.71346,-1.10551,0.09087,0.67516,28.19351,-28.90967,-41.27448
36.07683,-79.008553,9,1.07,151.7,-8.26,3956003,-8.26,-8.26301,6.86441,-3.24407,-1.60093,-2.14811,1.67408,18.13797,-22.96112,-27.94505
36.076839,-79.008555,9,1.66,151.7,-11.02,3956803,-11.02,-11.02433,8.42513,-7.35075,-0.36056,0.686,-0.05696,28.52967,-28.48582,-46.00994
36.076839,-79.008555,9,1.66,150.5,-11.19,3957003,-11.19,-11.18764,8.55195,-5.69492,-0.92592,-2.02945,1.37445,29.33353,-12.97866,-33.04589
36.07685,-79.008556,9,2.41,150.5,-6.92,3957803,-6.92,-6.91885,2.73201,-7.94238,-0.50442,0.4018,-0.08751,28.45659,-28.90967,-44.95761
36.07685,-79.008556,9,2.41,149.8,-11.99,3958003,-11.99,-11.99402,7.82154,-5.06142,-0.47525,-0.46624,1.12582,28.07659,-29.27507,-33.38205
36.076861,-79.008561,9,2.42,149.8,-9.13,3958803,-9.13,-9.12802,4.52004,-6.74238,0.86346,1.31626,-1.48792,31.3651,-32.09588,-34.20052
36.076861,-79.008561,9,2.42,150.2,-11.05,3959003,-11.05,-11.04766,7.80419,-8.28335,-0.47418,-0.07101,0.41722,33.99591,-32.4905,-39.21368
36.076876,-79.008565,9,3.91,150.2,-6.19,3959803,-6.19,-6.19442,6.23869,-5.1338,1.07482,2.94865,-1.92224,28.57352,-16.20871,-22.74189
36.076876,-79.008565,9,3.91,150.9,-9.34,3960003,-9.34,-9.34457,6.46361,-8.27139,0,0.32727,0.07498,33.76206,-30.7074,-44.15376
36.0769,-79.008567,9,4.37,150.9,-7.39,3960803,-7.39,-7.39263,6.46481,-5.29771,1.5432,2.15254,-0.97066,18.07951,-23.76498,-24.91961
36.0769,-79.008567,9,4.37,149.9,-6.59,3961003,-6.59,-6.58684,5.34198,-6.34995,0.49022,0.94745,-0.19838,27.21426,-27.97428,-43.2622
36.076924,-79.008574,9,5.06,149.9,-6.64,3961803,-6.64,-6.64068,7.47159,-2.67697,1.14201,1.73929,-1.08749,11.73633,-17.24642,-18.9126
36.076924,-79.008574,9,5.06,150.6,-7.39,3962003,-7.39,-7.38724,5.81994,-5.05843,1.11193,1.68752,-1.12201,26.11809,-25.63578,-38.02982
36.07694,-79.008572,9,3.6,150.6,-6.96,3962803,-6.96,-6.96431,5.48435,-2.91326,-0.18265,1.3856,-1.00884,13.59252,-15.47793,-11.59018
36.07694,-79.008572,9,3.6,150.5,-5.64,3963003,-5.64,-5.63929,6.27996,-3.57189,0.74006,3.23575,-0.94516,19.26337,-14.73253,-32.03741
36.076951,-79.008569,9,2.08,150.5,-3.88,3963803,-3.88,-3.88295,6.44327,-2.50289,0.65225,-1.31351,0.41905,11.3271,-7.24934,-5.72932
36.076951,-79.008569,9,2.08,149.4,-7.88,3964003,-7.88,-7.87957,6.86262,-7.30589,1.21975,2.33244,-1.72661,12.18942,-16.28179,-15.90178
36.076966,-79.008571,9,3.44,149.4,-4.04,3964803,-4.04,-4.03669,5.70449,-2.12483,-0.42134,-2.83182,0.86315,14.74715,-18.38644,-14.89331
36.076966,-79.008571,9,3.44,148.3,-5.37,3965003,-5.37,-5.37249,4.63609,-1.43689,-1.65835,5.00344,-1.15622,19.20491,-19.01491,-8.81321
36.076974,-79.00858,9,1.9,148.3,-6.27,3965803,-6.27,-6.2674,5.83609,-1.99322,-0.42929,-2.66658,1.46669,14.44022,-21.48495,-23.51652
36.076974,-79.00858,9,1.9,147.8,-6.64,3966003,-6.64,-6.63829,8.11645,-2.39222,-0.45357,-0.12599,-0.47449,15.47793,-17.01257,-11.44402
36.076976,-79.008584,9,1.01,147.8,-6.73,3966803,-6.73,-6.7346,5.94078,-2.89173,-1.892,-1.79518,1.44515,13.98714,-20.16954,-28.66121
36.076976,-79.008584,9,1.01,146.9,-5.59,3967003,-5.59,-5.58963,6.08674,-2.14816,0.34819,-1.24113,0.3036,11.03479,-11.31248,-10.61093
36.07698,-79.008587,9,0.85,146.9,-9.7,3967803,-9.7,-9.7023,7.21915,-5.37249,0.59834,-1.91964,1.06504,28.85121,-25.88424,-37.64981
36.07698,-79.008587,9,0.85,147.2,-7.11,3968003,-7.11,-7.11386,5.00279,-1.69591,-0.70479,-1.54579,1.22692,11.03479,-17.67027,-26.10348
36.076982,-79.008584,9,0.71,147.2,-12.36,3968803,-12.36,-12.35654,9.43969,-7.56192,-0.27214,1.04794,-0.41356,24.23268,-26.11809,-42.44373
36.076982,-79.008584,9,0.71,145.7,-7.92,3969003,-7.92,-7.92264,5.93001,-4.68933,-1.1472,-1.01755,1.48288,16.22333,-14.5133,-42.82373
36.076987,-79.008582,9,0.83,145.7,-6.62,3969803,-6.62,-6.62453,5.32343,-4.54696,-0.03864,1.12827,-0.23182,26.93657,-27.22888,-33.32359
36.076987,-79.008582,9,0.83,145.1,-9.74,3970003,-9.74,-9.74357,8.05185,-6.58026,0.77748,-1.42041,0.17043,29.99123,-19.11722,-33.2359
36.076992,-79.008587,9,1.45,145.1,-6.96,3970803,-6.96,-6.96192,5.10329,-4.51825,-0.16967,1.39766,-0.84559,20.81263,-16.32564,-25.98655
36.076992,-79.008587,9,1.45,145.2,-8.59,3971003,-8.59,-8.59442,6.38704,-6.22313,-0.52519,0.51817,0.43356,30.75124,-26.01579,-36.53902
36.077002,-79.008592,9,1.88,145.2,-6.16,3971803,-6.16,-6.16032,4.25922,-3.10229,-0.20495,1.37796,-1.19119,22.14265,-16.12102,-27.72581
36.077002,-79.008592,9,1.88,144.3,-6.43,3972003,-6.43,-6.43011,4.93699,-4.93579,0.6014,0.63835,-0.36652,32.57819,-33.13359,-34.53669
36.077011,-79.008598,9,2.15,144.3,-8.02,3972803,-8.02,-8.01715,7.35494,-4.6672,1.42148,0.79748,-0.99067,19.35107,-22.90266,-20.24262
36.077011,-79.008598,9,2.15,144.2,-5.27,3973003,-5.27,-5.27139,3.67358,-4.27418,-0.79,0.22129,-1.01388,37.67904,-33.82052,-21.07571
36.077027,-79.008605,9,3.97,144.2,-2.08,3973803,-2.08,-2.08176,2.41376,-2.82174,0.78527,0.18112,-1.09879,24.8173,-18.37182,-2.28004
36.077027,-79.008605,9,3.97,144.8,-7.75,3974003,-7.75,-7.74676,1.55175,-7.61994,0.54672,1.50838,-1.24769,29.78661,-23.48729,-11.34171
36.077039,-79.008616,9,3.61,144.8,-8.06,3974803,-8.06,-8.05843,5.7996,-7.79641,1.85382,-0.08308,-0.82482,24.21807,-24.99269,-14.7033
36.077039,-79.008616,9,3.61,145,-5.66,3975003,-5.66,-5.65783,3.07837,-6.43669,0.40943,0.23152,-0.21014,31.02894,-24.67115,-17.83104
36.07705,-79.008615,9,2.9,145,-6.17,3975803,-6.17,-6.16571,3.68495,-5.58963,-0.41325,2.49798,-1.46256,21.68956,-20.00877,-7.61473
36.07705,-79.008615,9,2.9,144.8,-5.64,3976003,-5.64,-5.64048,3.4008,-7.0684,-0.24083,1.75792,-0.79733,32.82666,-20.16954,-19.87723
36.077055,-79.008632,9,3.22,144.8,-6.7,3976803,-6.7,-6.69811,4.88973,-4.87538,-0.06918,3.52072,-1.03771,26.86349,-19.33645,-3.06928
36.077055,-79.008632,9,3.22,144.5,-2.34,3977003,-2.34,-2.33539,3.04786,-4.85085,0.33033,1.24067,-0.99128,31.80357,-23.79421,-15.94563
36.077066,-79.008638,9,2.5,144.5,-2.8,3977803,-2.8,-2.7996,2.65005,-6.12144,1.22051,-0.57803,-1.03435,34.02514,-11.50249,7.35165
36.077066,-79.008638,9,2.5,144.8,-2.37,3978003,-2.37,-2.37009,3.94397,-9.36252,1.78922,1.43523,-0.92516,37.51827,-27.79889,-7.62935
36.077072,-79.008647,9,1.12,144.8,-3.08,3978803,-3.08,-3.08375,3.7657,-8.5675,1.64216,3.64503,-2.4821,35.209,-7.10319,9.33937
36.077072,-79.008647,9,1.12,143.9,-2.9,3979003,-2.9,-2.9001,-0.0658,-7.80838,0.09453,1.38468,-1.68431,34.3613,-22.94651,-0.90617
36.077087,-79.00866,9,3.72,143.9,-4.91,3979803,-4.91,-4.90708,6.01735,-12.18724,1.6388,1.83382,-1.67881,36.78749,-12.33558,7.04472
36.077087,-79.00866,9,3.72,144.7,0.21,3980003,0.21,0.20518,0.24646,-7.98664,-0.08369,0.98166,-0.42699,38.36597,-21.76264,-1.66618
36.077087,-79.00867,9,1.3,144.7,-2.55,3980803,-2.55,-2.54536,0.54138,-12.69093,1.02763,2.14017,-1.97279,45.90763,-12.78866,5.7147
36.077087,-79.00867,7,1.3,145.4,-1.38,3981003,-1.38,-1.38305,-0.52582,-9.55873,1.08093,-0.7283,0.46456,40.93832,-17.72873,3.02543
36.077103,-79.008693,7,4.07,145.4,-6.29,3981803,-6.29,-6.29133,13.61935,-6.95952,0.39065,-1.17958,-0.65958,25.78193,-19.59953,-3.30313
36.077103,-79.008693,4,4.07,146.8,-6.83,3982003,-6.83,-6.82971,4.7013,-8.21037,1.42515,-0.22312,-1.22433,30.75124,-28.26659,-15.39024
36.077118,-79.008712,4,4.94,146.8,-4.16,3982803,-4.16,-4.15932,6.75135,-5.35095,-0.11561,-1.36696,0.75808,21.3534,-9.6463,1.16925
36.077118,-79.008712,6,4.94,144.3,-10.63,3983003,-10.63,-10.62952,7.5003,-9.92064,1.26189,4.24994,-2.66826,21.73341,-17.05642,-5.29085
36.077125,-79.008722,6,4.25,144.3,-2.61,3983803,-2.61,-2.61296,7.12403,-3.94876,-0.21747,-2.31823,2.26646,23.00497,-7.24934,4.1216
36.077125,-79.008722,7,4.25,144.1,-3.43,3984003,-3.43,-3.42772,7.40399,-5.39701,2.4427,0.4386,-1.30206,31.43818,-13.66559,5.43701
36.077134,-79.008723,7,1.1,144.1,-4.13,3984803,-4.13,-4.1348,7.36989,-3.36072,-1.09269,-2.60397,2.33625,27.69658,-18.1672,-1.69541
36.077134,-79.008723,7,1.1,144.1,-5.7,3985003,-5.7,-5.7015,5.46401,-1.10548,0.32315,0.78481,-0.8543,36.17363,-14.14791,5.04239
36.077136,-79.008725,7,0.32,144.1,-6.63,3985803,-6.63,-6.6335,8.87438,-4.11805,-2.29716,-1.75532,2.50103,35.23823,-24.36422,-5.55393
36.077136,-79.008725,8,0.32,142.8,-2.67,3986003,-2.67,-2.67458,5.79302,-2.74337,-0.03192,-1.73929,0.66157,33.68898,-15.37562,4.76469
36.077136,-79.008736,8,1.29,142.8,-12.14,3986803,-12.14,-12.14358,11.77628,-10.0696,-0.13882,-3.04776,1.72081,41.08448,-28.6466,-18.06489
36.077136,-79.008736,8,1.29,143.6,-4.01,3987003,-4.01,-4.00738,7.24547,-1.23948,-1.68752,-3.79637,1.64781,39.02368,-16.93949,4.53084
36.077137,-79.008743,8,1.01,143.6,-8.47,3987803,-8.47,-8.4694,-0.44985,-11.45025,-0.41417,-2.21408,1.54732,39.56445,-28.00351,-5.17393
36.077137,-79.008743,8,1.01,143.2,-8.07,3988003,-8.07,-8.07398,8.49512,-6.98884,-1.36681,-2.9969,2.83594,37.81058,-24.49576,-2.92312
36.077136,-79.008753,8,1.8,143.2,-0.72,3988803,-0.72,-0.72024,-0.04128,-7.05643,0.82268,-2.45094,1.96134,38.08828,-26.64426,-4.95469
36.077136,-79.008753,8,1.8,143.5,-15.83,3989003,-15.83,-15.83032,3.55454,-14.44966,-0.62904,0.135,4.89456,24.23268,-15.361,-0.92078
36.07714,-79.008756,8,1.32,143.5,-4.26,3989803,-4.26,-4.26341,-0.24467,-9.02274,0.54642,-0.47632,-0.01939,27.11196,-22.87343,-3.52236
36.07714,-79.008756,8,1.32,143.8,-11.39,3990003,-11.39,-11.39163,4.25085,-17.65006,0.57925,0.78099,-0.38851,25.28501,-20.40339,-4.82315
36.077132,-79.008751,8,1.8,143.8,-3.76,3990803,-3.76,-3.75554,2.3013,-6.37568,0.94027,0.8404,-0.48304,33.25051,-34.639,-30.91201
36.077132,-79.008751,8,1.8,143.3,-5.46,3991003,-5.46,-5.46281,4.49013,-9.35354,-1.28037,-0.46823,0.66752,33.83514,-34.47822,-29.17276
36.077151,-79.00877,8,3.0,143.3,-7.36,3991803,-7.36,-7.35733,1.05763,-4.88315,-0.04704,1.91201,-2.32388,42.86758,-32.11049,-17.05642
36.077151,-79.00877,8,3.0,143,-10.05,3992003,-10.05,-10.05105,5.28036,-11.07518,-1.29565,0.23732,1.37567,46.52148,-33.22128,-19.89184
36.077161,-79.008776,8,2.8,143,-7.4,3992803,-7.4,-7.401,3.38764,-9.95115,1.5435,2.64444,-1.81549,26.76118,-23.01958,-22.6542
36.077161,-79.008776,7,2.8,143.1,-5.92,3993003,-5.92,-5.91745,5.24626,-14.33301,0.78359,-1.91659,-0.06536,32.72435,-33.11897,-33.04589
36.07718,-79.008787,7,3.72,143.1,-6.47,3993803,-6.47,-6.47318,2.38684,-5.92941,-2.30113,4.99734,-3.03676,24.89038,-22.33265,-17.05642
36.07718,-79.008787,7,3.72,144.4,-10.35,3994003,-10.35,-10.34836,3.94696,-10.85205,1.06138,0.13485,-0.49297,35.4867,-33.08974,-27.53581
36.077191,-79.008799,7,3.87,144.4,-6.76,3994803,-6.76,-6.76212,6.78664,-5.55195,0.90408,3.48911,-2.38237,23.9696,-26.17656,-17.96258
36.077191,-79.008799,8,3.87,144.7,-7.96,3995003,-7.96,-7.96451,4.82333,-6.10828,0.66768,1.12277,-1.24067,39.63753,-34.02514,-31.29202
36.077209,-79.008813,8,4.52,144.7,-10.27,3995803,-10.27,-10.27059,14.99582,-8.82473,3.53889,1.56656,-2.12123,27.38965,-29.36276,-21.64572
36.077209,-79.008813,8,4.52,146.8,-6,3996003,-6,-5.99821,4.30409,-5.35155,-0.2051,1.61009,-1.04321,41.90295,-33.63052,-39.3306
36.077223,-79.008841,8,4.15,146.8,-5.31,3996803,-5.31,-5.31087,6.81237,-2.92343,0.42302,0.9276,-0.15088,21.57264,-19.96492,-7.55627
36.077223,-79.008841,8,4.15,147.8,-2.81,3997003,-2.81,-2.81157,3.5354,-3.16152,0.44135,2.9572,-1.6362,24.64192,-26.83426,-19.92108
36.077227,-79.008859,8,2.9,147.8,-7.55,3997803,-7.55,-7.54517,8.95035,-4.06002,-0.16768,-0.80802,-0.11469,19.07337,-18.76644,-7.42473
36.077227,-79.008859,9,2.9,149.6,-3.11,3998003,-3.11,-3.10648,3.98584,-3.19203,0.55757,2.04945,-1.13285,21.20725,-24.18883,-14.54253
36.077232,-79.008877,9,2.74,149.6,-7.68,3998803,-7.68,-7.67976,8.34617,-3.76331,1.11086,-1.63101,0.93905,12.32096,-16.72026,-16.7641
36.077232,-79.008877,9,2.74,148.8,-4.93,3999003,-4.93,-4.92682,7.3023,-4.27418,-0.01649,1.47722,-1.02503,13.43175,-18.88337,-16.60333
36.077237,-79.008889,9,1.54,148.8,-6.37,3999803,-6.37,-6.37089,5.51306,-2.87857,0.22358,-1.67362,1.39644,19.54107,-25.05116,-28.38351
36.077237,-79.008889,9,1.54,149.3,-8.29,4000003,-8.29,-8.28575,10.97348,-5.58425,-0.64966,-1.00457,-0.39279,16.04794,-22.05495,-19.92108
36.077243,-79.008898,9,1.83,149.3,-10.14,4000803,-10.14,-10.14258,6.82194,-6.36252,0.12355,-1.84222,0.94516,26.74656,-13.1979,-36.93365
36.077243,-79.008898,9,1.83,151.3,-5.28,4001003,-5.28,-5.28156,5.33241,-2.75534,-1.01159,-0.92867,0.95005,16.7641,-19.81877,-12.29173
36.077255,-79.008914,9,1.02,151.3,-6.07,4001803,-6.07,-6.07239,4.11565,-4.28913,0.18555,0.62186,-0.14294,37.03595,-31.67202,-19.35107
36.077255,-79.008914,9,1.02,150.9,-7.26,4002003,-7.26,-7.25982,6.51446,-6.81835,0.00321,0.10217,0.39294,35.16515,-31.75972,-26.07425
36.077258,-79.00892,9,0.71,150.9,-6.51,4002803,-6.51,-6.51147,8.86242,-9.33919,1.61268,-1.81106,-0.29062,27.00965,-28.2812,-25.38731
36.077258,-79.00892,9,0.71,151.3,-4.59,4003003,-4.59,-4.58884,3.7669,-3.46122,-0.57696,1.02366,-1.07069,31.77434,-13.21251,-14.90792
36.077262,-79.008927,9,1.47,151.3,-7.1,4003803,-7.1,-7.1019,8.04766,-5.37787,-0.23305,-1.25166,0.15104,22.04034,-25.40193,-15.66793
36.077262,-79.008927,9,1.47,152.6,-5.41,4004003,-5.41,-5.41316,6.67598,-5.11944,1.96958,-0.21197,-0.79947,25.10962,-27.00965,-17.15873
36.07727,-79.008941,9,3.03,152.6,-5.68,4004803,-5.68,-5.68176,5.38804,-2.4658,-0.62934,-1.38315,0.9699,20.62263,-23.19497,-15.39024
36.07727,-79.008941,9,3.03,154.1,-6.98,4005003,-6.98,-6.97927,8.11705,-3.72742,-0.27565,-0.12507,-0.69012,22.66881,-21.7188,-8.85706
36.077276,-79.008946,9,0.55,154.1,-5.95,4005803,-5.95,-5.94916,6.27278,-3.53121,-1.05298,-1.17133,1.86406,24.42268,-23.01958,-16.01871
36.077276,-79.008946,9,0.55,154.7,-3.97,4006003,-3.97,-3.97209,5.2331,-2.41735,0.27122,-0.34575,-0.05315,18.66413,-18.6349,-8.02397
36.077274,-79.00895,9,0.31,154.7,-4.48,4006803,-4.48,-4.47996,4.79761,-4.65643,0.01069,0.6408,-0.04093,39.79831,-28.76352,-8.66706
36.077274,-79.00895,9,0.31,156.9,-4.47,4007003,-4.47,-4.468,3.4343,-3.98106,-1.13819,0.80497,0.93905,37.22596,-20.24262,-11.28325
36.077274,-79.008959,9,0.97,156.9,-6.13,4007803,-6.13,-6.12503,5.35514,-5.71047,0.10858,0.6017,-0.83826,38.40982,-24.64192,-6.1824
36.077274,-79.008959,9,0.97,157.2,-4.2,4008003,-4.2,-4.19522,5.3354,-5.1338,-0.3569,0.42944,-0.0536,44.0076,-21.11956,-2.16311
36.077263,-79.008968,9,1.39,157.2,-7.95,4008803,-7.95,-7.94955,1.5003,-4.55235,-0.7787,0.38775,-0.18998,36.3344,17.62642,12.01403
36.077263,-79.008968,9,1.39,159,-6.41,4009003,-6.41,-6.41037,0.04008,-5.269,0.87812,-0.18036,1.35673,36.39287,16.36948,12.97866
36.077253,-79.008975,9,1.54,159,-6.62,4009803,-6.62,-6.61615,4.3017,-5.9354,0.87537,-0.05269,0.8572,19.48261,-20.41801,-10.7717
36.077253,-79.008975,9,1.54,160.5,-6.54,4010003,-6.54,-6.54138,4.88495,-6.50668,0.551,0.27871,0.25672,17.48027,-21.79187,-16.12102
36.077245,-79.00898,9,1.71,160.5,-6.94,4010803,-6.94,-6.93619,0.87996,-5.7009,-0.33521,-0.64721,-0.10858,6.72318,-8.62321,-15.171
36.077245,-79.00898,9,1.71,161.6,-6.99,4011003,-6.99,-6.98644,1.38006,-6.30987,-0.05986,0.59223,-0.09499,7.03011,-8.55013,-14.06022
36.077239,-79.008978,9,1.29,161.6,-7.75,4011803,-7.75,-7.75275,1.21914,-5.20977,0.24511,-0.2167,0.14783,2.66004,-6.19702,-21.96726
36.077239,-79.008978,9,1.29,162.9,-8.37,4012003,-8.37,-8.37009,1.24068,-5.18226,0.07453,-0.02275,0.08873,2.2508,-5.34931,-23.10728
36.07724,-79.008982,9,0.3,162.9,-8.1,4012803,-8.1,-8.1003,0.734,-5.20439,0.25641,0.17578,0.35919,1.16925,-1.57849,-23.39959
36.07724,-79.008982,7,0.3,162.7,-8.54,4013003,-8.54,-8.5358,0.42413,-5.12423,0.00031,0.00458,-0.08201,-0.42385,-0.32154,-24.87577
36.077242,-79.008986,7,0.37,162.7,-8.39,4013803,-8.39,-8.38505,-0.09511,-5.25524,-0.16203,0.0701,0.02627,-0.77463,2.13388,-24.29114
36.077242,-79.008986,7,0.37,162.9,-8.46,4014003,-8.46,-8.46282,-0.27936,-4.9005,-0.05467,0.0869,0.00657,-1.11079,3.08389,-25.095
36.077243,-79.008993,7,0.39,162.9,-8.68,4014803,-8.68,-8.67996,-0.50728,-4.65344,0.01206,0.10064,0.15547,-1.79772,4.70623,-25.66501
36.077243,-79.008993,8,0.39,162.1,-8.74,4015003,-8.74,-8.73739,-0.88834,-4.34776,0.29459,0.16157,0.28711,-2.63081,6.88395,-28.03274
36.077244,-79.008992,8,0.71,162.1,-7.67,4015803,-7.67,-7.66959,3.27637,-4.76232,-1.37124,-0.1573,-1.0319,1.81234,-2.38234,-20.30108
36.077244,-79.008992,8,0.71,160.3,-9.02,4016003,-9.02,-9.01915,0.68076,-4.32682,-2.28296,1.21669,-1.77181,6.15317,-9.16399,-17.93335
36.077237,-79.008989,8,0.84,160.3,-9.03,4016803,-9.03,-9.03171,2.85464,-4.12463,0.44395,-0.16738,-0.02673,21.51418,-15.18562,-9.10552
36.077237,-79.008989,8,0.84,159.7,-8.31,4017003,-8.31,-8.31147,3.02812,-3.66102,-0.40225,-0.03955,-0.08338,21.76264,-15.4487,-8.60859
36.077236,-79.00899,8,0.29,159.7,-8.95,4017803,-8.95,-8.94796,2.62732,-3.47976,-0.07926,0.52947,-0.22113,31.32125,2.2508,-8.09705
36.077236,-79.00899,8,0.29,158.5,-8.99,4018003,-8.99,-8.99043,2.49332,-3.29133,0.01924,0.06521,0.01787,31.18971,-3.82929,-0.68693
36.077233,-79.008996,8,0.94,158.5,-8.74,4018803,-8.74,-8.74457,2.69851,-2.35753,0.1912,-0.14218,0.0336,15.87255,-13.3879,-12.18942
36.077233,-79.008996,8,0.94,158,-8.96,4019003,-8.96,-8.96232,2.60997,-2.6997,-1.19852,0.92897,-0.42516,18.94183,-9.88015,-13.66559
36.07723,-79.008996,8,0.62,158,-8.29,4019803,-8.29,-8.28754,3.51565,-3.60239,0.04337,-0.3146,-0.04749,27.88658,-23.16574,-11.9848
36.07723,-79.008996,8,0.62,157.7,-6.11,4020003,-6.11,-6.10589,4.85803,-3.28535,1.08765,-0.8575,0.30329,24.45191,-24.72961,-17.75797
36.077223,-79.008997,8,0.13,157.7,-10.71,4020803,-10.71,-10.70788,3.52822,-2.83729,-1.62429,1.09345,-0.55879,24.67115,-1.24233,-15.14177
36.077223,-79.008997,8,0.13,157.8,-10.9,4021003,-10.9,-10.89512,3.07418,-2.46461,-0.78206,0.52702,-0.5313,23.99883,-6.70856,-3.08389
36.077219,-79.009001,8,1.01,157.8,-9.28,4021803,-9.28,-9.27518,2.75713,-1.44287,0.7787,-0.93447,0.60018,17.81643,-18.15259,-13.46098
36.077219,-79.009001,8,1.01,157.6,-10.04,4022003,-10.04,-10.03729,3.83988,-2.01954,-0.30436,-0.49251,0.72983,15.20023,-15.98948,-12.27711
36.077213,-79.008994,8,2.12,157.6,-8.59,4022803,-8.59,-8.59442,2.05484,-1.91785,-1.2677,1.10536,-0.3737,23.19497,-16.31102,-0.14616
36.077213,-79.008994,8,2.12,157.9,-8.4,4023003,-8.4,-8.40479,4.08156,-4.84666,0.61438,-0.18311,0.20831,22.6542,-19.95031,-6.03625
36.077211,-79.009,8,1.52,157.9,-8.9,4023803,-8.9,-8.89532,2.96291,-1.53559,0.6295,-0.49465,0.94241,15.87255,-17.5095,-10.2017
36.077211,-79.009,8,1.52,157.3,-7.73,4024003,-7.73,-7.733,4.89392,-2.99163,-0.25565,0.12966,0.50641,12.65712,-12.84712,-10.04092
36.077211,-79.008996,8,1.39,157.3,-9.08,4024803,-9.08,-9.07837,4.46501,-3.4002,-0.44349,-0.38515,0.43845,23.67729,-25.48962,-12.2625
36.077211,-79.008996,8,1.39,157,-8.16,4025003,-8.16,-8.16431,4.65165,-2.47298,-0.11255,-0.39386,0.36163,23.23882,-19.2926,-6.60626
36.077208,-79.008996,8,0.07,157,-8.68,4025803,-8.68,-8.67518,3.91346,-2.41615,-0.17303,0.02474,0.19868,26.01579,-19.58492,-8.69629
36.077208,-79.008996,8,0.07,156.6,-8.68,4026003,-8.68,-8.68415,3.92363,-2.56152,0.23472,-0.06445,0.19929,24.84654,-16.79334,-11.89711
36.0772,-79.009006,8,0.21,156.6,-8.78,4026803,-8.78,-8.77867,3.29252,-1.70967,-0.38408,0.27046,-0.09331,19.97954,-13.78252,-17.12949
36.0772,-79.009006,8,0.21,158.4,-9.87,4027003,-9.87,-9.8674,3.38943,-2.51785,0.48381,0.22266,-0.32361,18.3572,-16.74949,-17.67027
36.077186,-79.00902,8,0.6,158.4,-7.86,4027803,-7.86,-7.85923,3.2656,-2.17986,-0.42043,-0.03818,0.34132,22.31804,-20.82724,-12.18942
36.077186,-79.00902,7,0.6,159,-8.03,4028003,-8.03,-8.02672,5.29771,-3.50608,1.0064,-0.70784,0.28665,26.26425,-21.06109,-10.78632
36.07719,-79.009026,7,1.91,159,-10.52,4028803,-10.52,-10.52184,5.22592,-3.78604,-0.94165,-0.82131,0.74571,13.25636,-21.6311,-36.69979
36.07719,-79.009026,7,1.91,158.8,-6.92,4029003,-6.92,-6.92004,3.23689,-1.47458,-0.31734,0.07055,0.61514,7.36627,-13.24174,-25.27039
36.077197,-79.009031,7,1.61,158.8,-5.98,4029803,-5.98,-5.98026,3.97149,-2.66082,-0.72907,1.42576,-0.4047,10.01169,-21.2511,-39.97369
36.077197,-79.009031,7,1.61,158.4,-12.98,4030003,-12.98,-12.97927,7.65284,-3.23031,0.29856,0.925,-0.33781,11.37094,-18.41567,-45.77609
36.077209,-79.009037,7,2.89,158.4,-6.43,4030803,-6.43,-6.43071,4.03609,-2.58186,0.80283,-0.91248,0.6156,11.07863,-19.658,-32.50512
36.077209,-79.009037,8,2.89,158.2,-6.82,4031003,-6.82,-6.82194,3.40259,-2.67039,-1.16813,1.44317,-0.41386,12.89097,-23.06343,-34.30284
36.077226,-79.009043,8,3.54,158.2,-9.36,4031803,-9.36,-9.36371,4.535,-2.39761,0.96395,0.61346,-0.54734,6.34317,-12.13096,-28.07659
36.077226,-79.009043,8,3.54,157.4,-5.34,4032003,-5.34,-5.33958,3.67059,-2.86241,-0.58628,0.99586,-0.54932,14.89331,-17.94797,-26.07425
36.077246,-79.009049,8,4.52,157.4,-10.44,4032803,-10.44,-10.44347,5.2002,-0.6006,0.09163,-0.14768,-0.36789,3.96083,-6.82549,-20.6957
36.077246,-79.009049,8,4.52,157.1,-7.58,4033003,-7.58,-7.57986,4.48654,-2.68654,1.00808,0.41508,-0.84467,7.79012,-13.15405,-28.2812
36.077263,-79.009053,8,3.87,157.1,-6.75,4033803,-6.75,-6.75374,3.82074,-0.85364,-0.24939,-2.03128,0.41814,6.38702,-7.49781,-15.88717
36.077263,-79.009053,9,3.87,156.1,-7.61,4034003,-7.61,-7.60798,3.88235,-0.69452,0.41157,2.62336,-0.71914,6.06548,-8.25782,-16.06256
36.07728,-79.009058,9,3.71,156.1,-10.32,4034803,-10.32,-10.32324,4.11027,0.0987,-1.25395,-3.02959,1.3914,5.17393,-9.67553,-24.07191
36.07728,-79.009058,9,3.71,154.4,-7.14,4035003,-7.14,-7.14138,3.83869,0.0006,0.65454,-1.1947,0.2135,7.41011,-2.51388,-5.59778
36.077289,-79.009058,9,1.57,154.4,-13.39,4035803,-13.39,-13.39203,5.31924,-2.52203,-0.20678,-3.09785,1.89826,20.68109,-4.2093,-38.77521
36.077289,-79.009058,9,1.57,153,-7.31,4036003,-7.31,-7.31127,3.38226,0.56291,0.2616,-2.56579,0.9499,2.96697,-2.90851,-11.85326
36.077293,-79.009056,9,0.7,153,-14.06,4036803,-14.06,-14.05903,6.86142,-4.41835,0.89843,-3.27561,0.70402,13.50482,-19.07337,-43.29144
36.077293,-79.009056,9,0.7,152.7,-8.42,4037003,-8.42,-8.42453,4.90947,-2.38445,-0.18387,-2.79639,0.60567,8.11166,-11.37094,-16.35487
36.077297,-79.009054,9,0.07,152.7,-5.38,4037803,-5.38,-5.37607,1.74915,-8.20918,-0.27703,-0.23381,-0.85689,12.10172,-9.89477,-5.75855
36.077297,-79.009054,9,0.07,151.9,-5.8,4038003,-5.8,-5.8014,2.55613,-9.35713,-0.89751,0.11576,-0.58231,17.37796,-8.63783,-1.34464
36.077294,-79.009051,9,1.82,151.9,-4.39,4038803,-4.39,-4.38903,-2.31565,-6.71366,-1.45905,-0.18845,-1.22845,42.12218,15.75563,12.84712
36.077294,-79.009051,9,1.82,150.8,-4.08,4039003,-4.08,-4.07677,-3.22134,-7.81436,-0.08552,-0.22342,-0.9725,43.5399,21.45571,11.95557
36.077283,-79.009073,9,0.68,150.8,-5.54,4039803,-5.54,-5.54058,-2.81755,-5.81276,2.13345,0.697,1.27289,27.85735,19.64338,10.68401
36.077283,-79.009073,8,0.68,150.8,-6.7,4040003,-6.7,-6.69572,0.09033,-10.10489,0.7222,-0.61423,0.02642,25.85501,5.67086,10.65478
36.077286,-79.009082,8,0.26,150.8,-6.62,4040803,-6.62,-6.62393,-1.30828,-6.99542,-0.21273,-0.0255,-0.28619,25.12423,6.94241,10.02631
36.077286,-79.009082,8,0.26,150.6,-7.01,4041003,-7.01,-7.00858,-1.91605,-6.801,-0.19563,0.12034,-0.41478,25.41654,8.7986,10.2017
36.077294,-79.009085,8,0.14,150.6,-6.26,4041803,-6.26,-6.25603,-1.02353,-7.06959,0.12339,0.05605,-0.02642,28.41274,4.94008,10.90324
36.077294,-79.009085,8,0.14,149.8,-6.52,4042003,-6.52,-6.51984,-0.74178,-7.63849,0.17776,0.17929,0.00137,27.72581,3.31774,10.53785
36.077301,-79.009083,8,0.17,149.8,-6.6,4042803,-6.6,-6.6,-0.64367,-7.21735,0.093,-0.01619,0.10125,26.67349,2.0608,9.63169
36.077301,-79.009083,9,0.17,149.8,-5.71,4043003,-5.71,-5.71047,-0.55693,-6.57428,0.06353,-0.00657,-0.09331,26.9658,1.25694,9.79246
36.077309,-79.009085,9,0.83,149.8,-8.09,4043803,-8.09,-8.08834,3.0347,-4.82214,0.77901,0.54993,-0.11454,19.35107,-14.26484,-3.24467
36.077309,-79.009085,9,0.83,149.4,-8.74,4044003,-8.74,-8.74337,4.18086,-3.33559,1.25945,0.75274,-0.24633,16.77872,-19.40953,-11.88249
36.077309,-79.009086,9,1.14,149.4,-8.74,4044803,-8.74,-8.73679,5.30489,-0.40857,0.10171,-0.135,-0.0814,27.03888,-30.95586,-31.93511
36.077309,-79.009086,9,1.14,149.3,-8.02,4045003,-8.02,-8.02194,5.88694,0.17109,0.28023,-0.79916,0.04093,26.43964,-29.18737,-31.43818
36.077308,-79.009084,9,0.89,149.3,-7.86,4045803,-7.86,-7.85743,6.12264,-0.07956,-0.17074,0.02917,0.05559,30.07892,-30.54662,-34.40514
36.077308,-79.009084,4,0.89,149.2,-7.76,4046003,-7.76,-7.76232,6.16451,-0.08853,0.16066,-0.27779,-0.04093,28.8366,-29.56738,-34.85823
36.077305,-79.009105,4,4.18,149.2,-11.21,4046803,-11.21,-11.21337,2.62852,-5.57169,-5.00421,-0.88178,2.39963,12.58404,-13.65098,-9.09091
36.077305,-79.009105,3,4.18,150.6,-5.48,4047003,-5.48,-5.47777,-3.01974,-4.54158,0.82452,-1.70126,1.00197,16.32564,13.40251,6.06548
36.077315,-79.009098,3,0.59,150.6,-6.75,4047803,-6.75,-6.74836,-1.71147,-8.52383,0.5733,2.45033,0.03665,18.06489,-1.11079,3.94621
36.077315,-79.009098,5,0.59,150.3,-8.01,4048003,-8.01,-8.01177,-1.00678,-6.86202,0.30574,1.82832,-0.27596,7.43935,-2.42619,-8.18474
36.077318,-79.009104,5,0.85,150.3,-9.24,4048803,-9.24,-9.24048,3.25843,-2.45025,0.7054,0.16845,-0.25611,15.56562,-24.40807,-34.33207
36.077318,-79.009104,5,0.85,150.4,-8.41,4049003,-8.41,-8.41436,3.11306,-3.02692,0.46075,-0.25488,-0.02062,15.52178,-21.93803,-41.14294
36.077329,-79.009114,5,2.92,150.4,-10.15,4049803,-10.15,-10.14856,6.03709,-3.30868,0.97387,0.15424,-1.03694,1.81234,-4.91084,-29.26045
36.077329,-79.009114,5,2.92,150.5,-10.31,4050003,-10.31,-10.30948,5.10509,-4.89512,1.80923,-0.1576,-1.33123,8.97398,-14.74715,-39.54984
36.077334,-79.009118,5,1.8,150.5,-10.67,4050803,-10.67,-10.66541,4.94896,-1.2335,-0.24679,-1.21257,0.63912,-1.5931,2.96697,-31.37971
36.077334,-79.009118,5,1.8,150.4,-9.13,4051003,-9.13,-9.13221,6.78724,-1.08694,1.57053,-0.24236,-0.53176,-1.60772,4.867,-27.18504
36.07738,-79.009131,0,2.53,150.4,-8.38,4054803,-8.38,-8.38086,1.29751,-4.33161,-0.43112,1.40927,-0.31811,28.66121,-24.30576,-52.28003
36.07738,-79.009131,5,2.53,150.6,-15.07,4055003,-15.07,-15.07,7.59243,-5.16252,0.26206,-3.49797,1.55022,20.05262,-21.98188,-47.90997
36.077484,-79.009158,0,3.64,150.6,-11.29,4062803,-11.29,-11.29353,9.21835,-3.10768,-0.07422,4.76689,-0.38622,5.37854,-9.86554,-20.02338
36.077484,-79.009158,4,3.64,150.6,-9.43,4063003,-9.43,-9.4349,3.92423,-3.02154,-1.65285,4.38311,-1.1724,15.90178,-18.19643,-45.74686
36.077489,-79.009192,4,6.61,150.6,-10.13,4063803,-10.13,-10.1336,8.02074,0.23151,1.09009,-1.92942,-1.05634,7.38088,-10.36247,-13.12482
36.077489,-79.009192,4,6.61,150.8,-5.63,4064003,-5.63,-5.63091,4.97049,-3.92782,0.54046,1.87536,-1.33657,6.44548,-11.53172,-20.24262
36.077518,-79.009175,4,5.9,150.8,-7.33,4064803,-7.33,-7.3346,4.13779,-0.44028,0.70738,-0.42608,0.08995,3.15697,-5.46624,-19.78954
36.077518,-79.009175,4,5.9,152.9,-11.54,4065003,-11.54,-11.5352,7.59542,-3.84766,-0.3456,2.10183,-1.17225,6.19702,-13.22713,-27.21426
36.07754,-79.009157,4,3.59,152.9,-8.29,4065803,-8.29,-8.28634,4.16411,-0.46241,0.13653,-2.82342,-0.00092,2.42619,-7.03011,-25.05116
36.07754,-79.009157,6,3.59,155.1,-4.11,4066003,-4.11,-4.10549,1.7324,0.31406,-1.56061,1.8074,0.16784,7.65858,-9.25168,-13.82637
36.077553,-79.009102,6,1.1,155.1,-8.73,4066803,-8.73,-8.735,4.50927,-0.54855,-0.18433,-3.05005,0.49068,3.04005,-3.99006,-39.53522
36.077553,-79.009102,5,1.1,154.4,-9.02,4067003,-9.02,-9.01974,5.44248,-0.24168,-0.13378,-1.62994,-0.12507,2.03157,-3.56621,-18.4449
36.077564,-79.009086,5,0.54,154.4,-13.29,4067803,-13.29,-13.28974,6.58146,-1.7342,-0.36209,-3.0305,0.6046,6.38702,0.4677,-42.35603
36.077564,-79.009086,6,0.54,154.2,-6.04,4068003,-6.04,-6.03948,3.69571,-1.04686,0.24083,-1.96057,0.5145,-2.07542,7.3078,-22.21573
36.077572,-79.009066,6,0.77,154.2,-12.45,4068803,-12.45,-12.44507,7.33221,-4.38485,0.33094,-2.82632,0.34499,1.62233,10.26016,-53.75621
36.077572,-79.009066,6,0.77,154.1,-6.15,4069003,-6.15,-6.14776,3.9996,0.13938,-2.24569,-1.9482,-0.95371,-1.57849,8.94475,-20.37416
36.077577,-79.009063,6,0.24,154.1,-13.64,4069803,-13.64,-13.63849,2.97488,-5.50529,1.33214,-1.77655,0.7816,6.7378,-3.21543,-55.27623
36.077577,-79.009063,6,0.24,153.7,-7.23,4070003,-7.23,-7.22932,2.33539,-1.26939,0.26191,-2.61847,1.43523,-1.88541,12.20403,-33.03128
36.077584,-79.009038,6,0.7,153.7,-14.71,4070803,-14.71,-14.71406,3.11785,-4.76471,0.17807,-0.58979,0.99968,2.16311,5.96317,-54.23853
36.077584,-79.009038,6,0.7,153.4,-10.39,4071003,-10.39,-10.39263,2.75354,-2.90549,-0.03818,-2.92238,1.2231,3.85852,13.43175,-37.32827
36.077602,-79.009022,6,1.37,153.4,-17.41,4071803,-17.41,-17.41496,3.37508,-3.70648,-0.10934,1.94667,-0.88331,2.26542,1.37387,-43.97837
36.077602,-79.009022,7,1.37,153.6,-11.1,4072003,-11.1,-11.1003,3.38824,-4.07438,-0.34621,-2.02044,0.89522,9.48553,4.45776,-35.80824
36.077614,-79.009011,7,1.54,153.6,-8.99,4072803,-8.99,-8.99103,1.15454,-4.40937,-1.23517,0.58719,-0.91187,3.9316,13.84098,-56.47472
36.077614,-79.009011,6,1.54,153.3,-9.53,4073003,-9.53,-9.53181,0.98824,-7.77548,-0.6747,1.01785,-0.08277,22.47881,-16.74949,-17.30488
36.077627,-79.009014,6,1.4,153.3,-4.35,4073803,-4.35,-4.35434,-0.44267,-4.71745,-0.33124,0.07789,-0.1657,6.62087,-1.09617,-28.69044
36.077627,-79.009014,6,1.4,152.9,-9.11,4074003,-9.11,-9.11486,0.05623,-7.88315,1.3042,-0.21686,0.46426,6.05086,-9.32476,-22.11342
36.077644,-79.009017,6,1.9,152.9,-6.03,4074803,-6.03,-6.02513,3.51924,-4.06899,0.70631,0.84116,-0.40928,12.20403,-10.34785,-38.71675
36.077644,-79.009017,7,1.9,152.6,-12.27,4075003,-12.27,-12.27279,4.96152,-5.29472,-0.88484,0.36087,-0.21441,11.99942,-12.9202,-52.01696
36.077661,-79.009009,7,2.24,152.6,-7.83,4075803,-7.83,-7.82932,3.38704,-7.1007,-5.00421,5.00344,-0.14203,20.12569,-14.07483,-30.88278
36.077661,-79.009009,7,2.24,152.1,-10.29,4076003,-10.29,-10.29093,0.8997,-3.78245,-1.26327,1.26999,-0.65515,12.71558,-16.23794,-49.19614
36.077676,-79.009006,7,2.54,152.1,-11.03,4076803,-11.03,-11.03271,4.59542,-3.02393,0.86789,2.16506,-1.22631,2.10465,-5.01315,-31.54049
36.077676,-79.009006,7,2.54,151,-9.66,4077003,-9.66,-9.65983,2.9988,-4.88913,0.3343,1.55251,-0.45968,11.97018,-13.8556,-49.44461
36.077702,-79.009016,7,3.74,151,-6.32,4077803,-6.32,-6.32423,4.3663,-0.37567,0.11515,2.14139,-0.32361,-0.86232,8.63783,-16.51564
36.077702,-79.009016,7,3.74,150.3,-11.72,4078003,-11.72,-11.71586,5.18525,-3.28834,0.01833,4.49933,-2.02792,5.45162,-7.5855,-45.16224
36.077722,-79.009014,7,4.4,150.3,-6.61,4078803,-6.61,-6.61316,4.46202,0.47797,0.77702,1.03343,-0.56474,4.75007,9.42707,-5.46624
36.077722,-79.009014,8,4.4,150.9,-11.38,4079003,-11.38,-11.38086,4.56371,-2.47478,1.2005,2.90573,-1.48685,6.03625,-0.33616,-35.93978
36.077729,-79.009018,8,3.39,150.9,-7.33,4079803,-7.33,-7.32802,3.38106,-0.19143,1.06963,-2.00104,0.44807,4.83777,10.45016,-5.30547
36.077729,-79.009018,5,3.39,151.2,-3.83,4080003,-3.83,-3.8345,2.83669,1.50628,-0.93417,5.00344,-0.61117,6.81087,8.82783,-4.15083
36.077743,-79.009008,5,3.5,151.2,-8.96,4080803,-8.96,-8.95693,2.79542,-0.14716,-0.16417,-2.59679,1.20967,-2.39696,8.75475,-24.17422
36.077743,-79.009008,5,3.5,151.4,-10.02,4081003,-10.02,-10.02234,5.42273,-2.0016,-0.35888,-0.23396,-0.18586,2.26542,12.2625,-10.56709
36.077747,-79.009013,5,1.45,151.4,-14.55,4081803,-14.55,-14.55315,4.14497,-4.3992,1.54457,-2.33763,0.9754,10.5817,-8.41859,-54.61853
36.077747,-79.009013,7,1.45,149.2,-9.15,4082003,-9.15,-9.14656,4.5003,-0.41934,-0.60338,-3.35426,1.86909,-2.64543,8.94475,-25.59193
36.077753,-79.009015,7,1.43,149.2,-12.59,4082803,-12.59,-12.59402,3.95474,-4.89871,0.18769,-0.82467,0.44975,7.54165,-2.90851,-56.47472
36.077753,-79.009015,7,1.43,148,-8.31,4083003,-8.31,-8.31087,2.71526,-0.64068,-0.22739,-2.63023,1.86176,-1.85618,9.42707,-38.83368
36.077758,-79.009014,7,1.42,148,-13.47,4083803,-13.47,-13.47398,5.39701,-4.78624,-0.70906,0.63652,-0.02642,5.59778,-1.4031,-55.53931
36.077758,-79.009014,7,1.42,148.3,-15.39,4084003,-15.39,-15.39482,4.81855,-3.16929,-0.39187,-2.18812,1.06504,5.64162,2.19234,-44.13914
36.077767,-79.009004,7,1.85,148.3,-7.98,4084803,-7.98,-7.98305,3.41157,-3.60778,-0.40516,1.48257,-0.57971,4.48699,-0.73078,-52.35312
36.077767,-79.009004,7,1.85,147.9,-10.03,4085003,-10.03,-10.02533,3.78963,-3.68854,-0.63011,-0.86239,1.02442,7.45396,-1.00848,-56.59164
36.077774,-79.008997,7,2.42,147.9,-8.69,4085803,-8.69,-8.69492,3.12323,-3.25244,-0.07422,2.90772,-0.8207,5.37854,1.46156,-45.27916
36.077774,-79.008997,8,2.42,147.6,-17.79,4086003,-17.79,-17.78944,5.47418,-4.51944,0.00046,0.27214,0.11072,8.15551,-2.19234,-59.33937
36.077781,-79.008978,8,3.18,147.6,-8.83,4086803,-8.83,-8.82712,4.27837,-3.23091,-1.08902,4.41533,-0.64217,4.83777,18.4449,-38.92137
36.077781,-79.008978,8,3.18,147.6,-11.2,4087003,-11.2,-11.2002,0.12502,-5.18824,-0.17074,0.36163,-0.38225,8.5209,-6.72318,-54.83777
36.077789,-79.008959,8,3.58,147.6,-9.17,4087803,-9.17,-9.17348,4.468,-4.38724,1.1159,1.40743,-0.68783,-1.1254,4.22391,-27.44811
36.077789,-79.008959,9,3.58,148.8,-8,4088003,-8,-7.99921,1.39502,-6.57488,-0.70662,1.76571,-0.56551,6.13856,-6.40164,-46.49226
36.077802,-79.008951,9,3.56,148.8,-12.82,4088803,-12.82,-12.82374,7.25085,-3.81775,1.79701,2.85625,-1.75883,-0.95001,2.98158,-25.41654
36.077802,-79.008951,9,3.56,148.7,-9.16,4089003,-9.16,-9.15673,3.59462,-4.67737,0.11102,2.26417,-0.81428,5.96317,-6.09471,-48.62613
36.077815,-79.008944,9,3.39,148.7,-6.27,4089803,-6.27,-6.27398,3.25902,0.28654,-0.71853,3.61663,0.25473,5.64162,4.95469,-7.27857
36.077815,-79.008944,8,3.39,148.2,-8.15,4090003,-8.15,-8.14816,4.56012,-4.57149,-0.53435,3.39443,-0.45173,3.23005,12.89097,-35.42824
36.077833,-79.008943,8,3.58,148.2,-7.43,4090803,-7.43,-7.4339,3.22971,-0.25902,-0.62705,0.08995,-0.19044,6.60626,1.97311,-6.05086
36.077833,-79.008943,5,3.58,147.7,-7.88,4091003,-7.88,-7.88495,4.51107,-2.73859,1.25808,2.81273,0.11606,1.46156,1.30079,-27.85735
36.077849,-79.008938,5,3.69,147.7,-8.56,4091803,-8.56,-8.55853,5.18405,-0.7005,-0.37186,-1.82618,-0.45326,4.66238,3.09851,-8.66706
36.077849,-79.008938,5,3.69,147.4,-8.37,4092003,-8.37,-8.37428,5.7344,-3.33918,1.32313,2.17712,-0.655,0.52616,5.37854,-17.6995
36.077857,-79.008929,5,3.15,147.4,-9.71,4092803,-9.71,-9.70708,4.86401,-0.50369,0.42333,-1.71012,-0.05498,0.49693,9.60246,-13.73867
36.077857,-79.008929,6,3.15,146.7,-5.16,4093003,-5.16,-5.15534,4.89272,-0.82612,-0.31108,0.97143,-0.10278,2.86466,7.76089,-10.65478
36.077867,-79.00892,6,2.43,146.7,-5.99,4093803,-5.99,-5.98864,3.65563,-0.80638,0.26909,-1.71959,0.64171,-2.29465,12.21865,-20.60801
36.077867,-79.00892,7,2.43,146.4,-6.98,4094003,-6.98,-6.97986,5.78764,-1.96032,0.3879,-0.35507,-0.51618,1.38848,10.2017,-11.67787
36.077872,-79.008911,7,2.05,146.4,-5.39,4094803,-5.39,-5.39282,2.70628,-0.83031,-0.40775,-2.6762,1.00335,-2.38234,19.04414,-20.91494
36.077872,-79.008911,7,2.05,145.9,-8.53,4095003,-8.53,-8.534,5.56451,-0.27278,0.81199,-1.11743,-0.343,6.75241,21.13417,-4.66238
36.077875,-79.008907,7,1.42,145.9,-8.53,4095803,-8.53,-8.53281,3.29552,-1.74856,0.24404,-2.41215,1.35276,3.71236,6.38702,-44.69453
36.077875,-79.008907,7,1.42,145.5,-9.13,4096003,-9.13,-9.12982,5.50708,-1.24427,0.99663,-1.40484,-0.0869,-2.7185,12.74481,-24.14499
36.077876,-79.008901,7,0.98,145.5,-11.27,4096803,-11.27,-11.26601,3.5001,-2.20917,-0.47663,-2.29456,1.44683,9.734,2.5285,-44.13914
36.077876,-79.008901,7,0.98,144.7,-9.05,4097003,-9.05,-9.04547,4.20658,-1.28973,0.96196,-2.03678,0.51832,-2.61619,7.08857,-26.92195
36.077886,-79.008893,7,1.55,144.7,-18.28,4097803,-18.28,-18.27997,3.73938,-5.9013,2.17331,-1.55022,0.00916,10.96171,-2.14849,-46.97457
36.077886,-79.008893,7,1.55,143.8,-6.87,4098003,-6.87,-6.8674,2.57169,0.0993,0.12798,-2.53188,1.12216,-3.58082,11.41479,-24.64192
36.077902,-79.008901,7,1.46,143.8,-14.98,4098803,-14.98,-14.98445,3.78425,-5.29831,1.3772,-1.73974,0.73166,6.62087,-0.35077,-47.77843
36.077902,-79.008901,7,1.46,143.5,-6.96,4099003,-6.96,-6.96311,2.22413,0.20997,-0.42745,-2.81426,1.60841,-2.19234,12.62789,-23.67729
36.077913,-79.008905,7,1.33,143.5,-10.57,4099803,-10.57,-10.5691,3.46301,-5.22054,-0.54077,0.04383,0.28146,9.00321,-2.67466,-58.56475
36.077913,-79.008905,7,1.33,142.9,-16.62,4100003,-16.62,-16.61756,6.52164,-3.09033,0.21609,-3.45536,0.65531,4.09237,11.80941,-51.3154
36.07792,-79.008902,7,1.09,142.9,-7.67,4100803,-7.67,-7.67438,2.45863,-5.13978,1.07436,0.50396,-0.13775,8.3309,-7.1178,-54.80853
36.07792,-79.008902,7,1.09,142.1,-13.84,4101003,-13.84,-13.83829,4.2329,-6.34636,0.66936,-2.08504,0.70417,7.03011,-1.8708,-56.32856
36.07793,-79.008892,7,1.86,142.1,-8.68,4101803,-8.68,-8.68116,2.46341,-5.30549,0.01802,1.76235,-0.79229,3.15697,-0.61386,-49.83923
36.07793,-79.008892,7,1.86,141.6,-15.18,4102003,-15.18,-15.18126,2.92463,-5.9019,-0.29871,0.16096,0.1095,6.85472,-2.39696,-55.34932
36.077944,-79.008879,7,2.99,141.6,-9.8,4102803,-9.8,-9.79562,4.42373,-4.8347,-0.15715,3.27989,-1.22417,5.49547,3.55159,-42.8822
36.077944,-79.008879,7,2.99,141.3,-11.53,4103003,-11.53,-11.53041,3.32124,-6.13699,-1.1214,0.36392,0.21793,5.17393,3.75621,-56.37241
36.077961,-79.008858,7,3.71,141.3,-5.07,4103803,-5.07,-5.06501,4.40279,-2.20917,-0.19487,2.61206,-0.56856,-1.11079,14.13329,-22.25957
36.077961,-79.008858,7,3.71,140.6,-10.29,4104003,-10.29,-10.28734,3.27398,-4.75454,-0.24816,2.5412,-0.72067,3.53698,4.60392,-47.45689
36.077974,-79.008837,7,4.57,140.6,-9.23,4104803,-9.23,-9.23211,5.29173,-2.25464,0.79886,1.31168,-0.80359,-0.92078,15.30254,-18.3572
36.077974,-79.008837,7,4.57,142.7,-6.78,4105003,-6.78,-6.78126,3.11007,-2.52144,-0.99296,2.18736,-0.49801,6.66472,8.65244,-26.99503
36.077989,-79.008825,7,3.99,142.7,-10.74,4105803,-10.74,-10.74018,4.73181,-0.77348,-2.03449,2.28036,-0.3375,-0.38001,15.6387,-15.47793
36.077989,-79.008825,7,3.99,142.2,-4.63,4106003,-4.63,-4.63011,3.52104,-1.48953,-0.58521,2.16048,-0.8097,2.79158,15.15639,-27.31657
36.078003,-79.008813,7,4.02,142.2,-10.38,4106803,-10.38,-10.38186,3.58983,-0.88594,-1.02366,0.7364,-0.666,2.07542,16.91026,-10.87401
36.078003,-79.008813,7,4.02,141.5,-4.63,4107003,-4.63,-4.62652,2.74636,-1.67557,-0.53939,1.75395,-0.51267,-1.56387,14.30868,-24.78807
36.078015,-79.008806,7,3.36,141.5,-12.61,4107803,-12.61,-12.61197,7.15753,-1.78684,1.1414,-1.22188,-0.83383,-2.36773,16.69103,-20.63724
36.078015,-79.008806,7,3.36,141.1,-8.92,4108003,-8.92,-8.92343,4.05404,-2.2989,1.22967,0.42318,-0.94608,-2.89389,12.70096,-28.48582
36.078021,-79.008802,7,2.52,141.1,-5.56,4108803,-5.56,-5.55673,4.03071,-1.09292,-1.5351,-0.11438,-0.37675,-2.07542,11.00555,-21.55802
36.078021,-79.008802,6,2.52,140.3,-9.25,4109003,-9.25,-9.25364,3.10947,-2.26182,-2.24554,2.17789,-0.85613,-1.06694,4.99854,-22.61035
36.078037,-79.008807,6,2.7,140.3,-5.79,4109803,-5.79,-5.79482,2.33898,-1.02054,0.20647,-2.74294,1.10521,-1.72464,3.21543,-26.9658
36.078037,-79.008807,6,2.7,139.5,-9.37,4110003,-9.37,-9.37269,5.35932,-0.1346,0.34315,-1.06581,-0.38836,3.55159,4.29699,-9.80707
36.078042,-79.0088,6,2.3,139.5,-7.62,4110803,-7.62,-7.61755,3.64726,-1.26879,-0.5623,-3.11618,1.07283,-2.0608,5.91932,-29.75738
36.078042,-79.0088,6,2.3,139.1,-7.25,4111003,-7.25,-7.25025,4.38245,-1.17966,0.33857,-1.2735,0.0701,2.30927,10.71324,-8.91552
36.078049,-79.008803,6,1.51,139.1,-10.26,4111803,-10.26,-10.25624,3.35414,-1.63908,-1.34955,-3.64564,1.28877,-2.13388,7.04472,-36.29056
36.078049,-79.008803,8,1.51,138.6,-10.04,4112003,-10.04,-10.04088,5.01835,-0.51625,-0.10919,-2.91474,0.30711,4.5893,14.48407,-4.06314
36.078052,-79.008793,8,1.8,138.6,-9.29,4112803,-9.29,-9.29253,2.2989,-1.99861,-0.12996,-3.25209,2.07297,1.50541,7.23473,-37.3575
36.078052,-79.008793,9,1.8,139,-10.86,4113003,-10.86,-10.85983,5.38385,-1.42193,1.0319,-2.97736,0.35125,2.7185,17.17334,-8.62321
36.078058,-79.008791,9,1.22,139,-12.48,4113803,-12.48,-12.47618,2.91924,-2.97906,1.44027,-3.40725,1.55389,3.25928,11.73633,-40.52908
36.078058,-79.008791,6,1.22,136.5,-7.88,4114003,-7.88,-7.87837,2.59083,-0.49173,0.61957,-2.45125,0.93264,0.48232,19.81877,-12.70096
36.07806,-79.008784,6,0.43,136.5,-15.6,4114803,-15.6,-15.6018,3.17408,-4.66182,1.84252,-2.32388,0.5568,5.32008,2.45542,-49.79538
36.07806,-79.008784,7,0.43,136.3,-7.31,4115003,-7.31,-7.30947,2.10449,-0.58923,0.967,-2.8422,1.11483,-3.25928,16.7641,-24.30576
36.078066,-79.008772,7,1.46,136.3,-9.82,4115803,-9.82,-9.82433,2.34616,-3.9021,-0.19594,-0.51068,0.83337,4.42853,1.3154,-53.24467
36.078066,-79.008772,8,1.46,135.4,-10.09,4116003,-10.09,-10.08515,2.16251,-1.0666,0.96731,-3.31349,1.60642,-3.1862,15.78486,-35.85209
36.078068,-79.008759,8,1.84,135.4,-14.84,4116803,-14.84,-14.84447,0.63111,-3.13879,-0.95753,0.63851,0.16295,5.91932,-1.38848,-54.92546
36.078068,-79.008759,7,1.84,134.9,-10.41,4117003,-10.41,-10.41177,2.13799,-0.12203,1.54442,-3.28936,1.58718,9.04706,19.5703,-42.8822
36.078073,-79.008749,7,2.14,134.9,-12.09,4117803,-12.09,-12.08854,1.96032,-5.85165,0.32727,0.40241,-0.41569,2.67466,3.88775,-50.40924
36.078073,-79.008749,5,2.14,134.5,-16.42,4118003,-16.42,-16.41536,2.72722,-2.57707,-1.04198,-2.0493,1.73287,1.63695,11.10786,-49.69307
36.07808,-79.00875,5,1.58,134.5,-8.93,4118803,-8.93,-8.9342,0.1322,-6.75075,-0.87079,0.33735,0.03467,-3.08389,12.55481,-28.70506
36.07808,-79.00875,5,1.58,134,-13.4,4119003,-13.4,-13.40399,1.77368,-5.72961,1.77563,-1.69989,0.7335,-2.63081,11.95557,-36.64133
36.07808,-79.008754,5,1.54,134,-13.02,4119803,-13.02,-13.01516,0.62752,-7.46501,-0.42562,1.28114,-0.20403,6.2701,-3.44928,-54.61853
36.07808,-79.008754,4,1.54,141.5,-19.02,4120003,-19.02,-19.02114,4.50389,-4.17906,0.01405,-2.57342,1.071,4.79392,4.69161,-44.60684
36.078093,-79.008752,4,1.78,141.5,-7.86,4120803,-7.86,-7.86281,2.1338,-7.73779,1.99188,0.60308,-0.85521,9.22245,-5.36393,-56.2701
36.078093,-79.008752,4,1.78,139.5,-19.6,4121003,-19.6,-19.59961,7.02114,-14.86421,2.02655,-2.3138,1.51922,4.28237,0.21923,-52.9962
36.07811,-79.008747,4,2.54,139.5,-10.01,4121803,-10.01,-10.01037,2.34497,-7.01277,0.9415,2.49264,-1.20004,4.00468,-3.02543,-41.88834
36.07811,-79.008747,5,2.54,140.1,-16.57,4122003,-16.57,-16.57449,4.63071,-7.52004,0.27016,-1.17851,0.97433,9.70477,-6.70856,-54.73546
36.078118,-79.008742,5,2.34,140.1,-9.31,4122803,-9.31,-9.31167,2.22054,-2.601,-0.98365,2.04716,-0.6463,1.46156,6.24087,-43.48144
36.078118,-79.008742,4,2.34,140.1,-10.74,4123003,-10.74,-10.73719,2.14098,-7.28614,-0.60919,-0.30559,0.44257,5.75855,2.49927,-56.08009
36.078147,-79.008732,4,4.03,140.1,-9.08,4123803,-9.08,-9.08076,2.8325,-3.79621,-0.59437,2.12428,-1.39858,5.55393,11.83864,-30.72201
36.078147,-79.008732,4,4.03,144.8,-12.18,4124003,-12.18,-12.18066,1.29571,-4.74257,-0.08033,1.09345,-0.20708,4.56007,-0.19,-53.88776
36.078211,-79.008707,0,5.06,144.8,-9.61,4126803,-9.61,-9.61257,3.60658,-1.09831,-0.3598,0.60201,0.34636,-1.15463,16.55949,-17.40719
36.078211,-79.008707,6,5.06,141.6,-4.74,4127003,-4.74,-4.74138,3.47916,-1.35254,-0.55543,1.8523,-0.19853,-1.41771,16.1941,-27.38965
36.078222,-79.008701,6,4.38,141.6,-11.2,4127803,-11.2,-11.2014,5.10987,-0.4654,0.93707,-0.56994,-0.55039,0.07308,18.73721,-14.38176
36.078222,-79.008701,5,4.38,139.8,-9.35,4128003,-9.35,-9.35474,3.62214,-2.11944,0.11179,1.14507,-0.59834,-1.97311,14.16253,-23.58959
36.078231,-79.008683,5,3.75,139.8,-11.44,4128803,-11.44,-11.43889,4.64387,-0.70469,1.32512,-1.48013,-0.16616,-2.32388,18.56182,-20.33031
36.078231,-79.008683,5,3.75,141.4,-8.57,4129003,-8.57,-8.57408,4.87478,-2.03689,0.59147,0.91645,-0.51542,-1.97311,14.71792,-20.09646
36.078237,-79.008664,5,3.07,141.4,-10.24,4129803,-10.24,-10.23709,4.10907,-0.58983,0.86254,-1.39125,0.52046,-2.67466,21.60187,-25.73809
36.078237,-79.008664,5,3.07,140.9,-8.19,4130003,-8.19,-8.18824,3.04128,-0.07836,-0.91783,-0.02993,0.23824,2.23619,20.18416,-10.99094
36.07824,-79.008652,5,2.08,140.9,-10,4130803,-10,-10.0008,3.15195,-1.44945,-0.22388,-2.0409,0.76251,-2.86466,19.43876,-38.61444
36.07824,-79.008652,5,2.08,141.2,-8.81,4131003,-8.81,-8.81037,5.01416,-1.11805,0.48884,-2.1281,0.343,-0.4677,24.18883,-16.98334
36.07824,-79.008638,5,1.88,141.2,-9.48,4131803,-9.48,-9.48395,3.82014,-4.00559,1.25197,-2.53585,0.01527,-1.94388,15.58024,-30.86817
36.07824,-79.008638,6,1.88,141.1,-9.73,4132003,-9.73,-9.72982,5.83609,-0.98106,1.24678,-1.35582,0.30757,0.01462,18.95645,-15.18562
36.078252,-79.008641,6,1.63,141.1,-11.56,4132803,-11.56,-11.56332,5.41496,-2.75294,1.0516,-2.33427,0.68707,2.57235,5.53932,-48.37767
36.078252,-79.008641,7,1.63,140.6,-7.23,4133003,-7.23,-7.23051,3.58026,-1.18325,0.40348,-2.66963,0.42073,-2.83543,13.1979,-25.95732
36.078266,-79.008651,7,1.1,140.6,-17.11,4133803,-17.11,-17.10868,5.61356,-6.07777,-1.19363,-0.11729,0.11622,8.27244,-1.19848,-57.99474
36.078266,-79.008651,8,1.1,140.3,-13.51,4134003,-13.51,-13.51107,6.79382,-1.50987,-1.33398,-3.55768,0.99021,2.60158,12.1748,-33.84975
36.078279,-79.008651,8,1.45,140.3,-9.43,4134803,-9.43,-9.42653,2.37308,-7.47458,-0.22633,1.60138,-0.30833,11.76557,-6.28471,-58.14089
36.078279,-79.008651,9,1.45,140,-16.18,4135003,-16.18,-16.17548,5.91027,-4.22872,1.23731,-2.42101,0.51588,8.75475,-3.34697,-54.03391
36.078287,-79.008646,9,1.71,140,-9.81,4135803,-9.81,-9.80639,2.81635,-6.58146,0.55115,1.45386,-0.16692,10.09939,-7.05934,-54.89623
36.078287,-79.008646,8,1.71,139.6,-10.8,4136003,-10.8,-10.8024,2.78285,-6.65803,-0.85292,-1.48074,1.13636,11.37094,-4.96931,-57.73166
36.078301,-79.008642,8,2.12,139.6,-11.35,4136803,-11.35,-11.35036,3.78365,-5.41137,0.50259,3.21758,-1.65468,6.00702,-6.50395,-42.10757
36.078301,-79.008642,7,2.12,139.4,-15.09,4137003,-15.09,-15.09034,7.94776,-5.85105,-0.57711,-0.08094,0.15226,10.27477,-6.09471,-56.2701
36.078324,-79.008638,7,3.35,139.4,-10.78,4137803,-10.78,-10.77668,2.88814,-4.49492,-1.13621,4.357,-0.61881,3.08389,1.73926,-31.87664
36.078324,-79.008638,6,3.35,139.5,-8.5,4138003,-8.5,-8.5023,2.34676,-6.15494,1.30206,0.34331,-0.31154,10.83017,-8.43321,-54.5893
36.078345,-79.00864,6,3.76,139.5,-6.54,4138803,-6.54,-6.53899,5.39821,-2.61296,0.03253,2.68582,0.09453,2.5285,7.38088,-11.54633
36.078345,-79.00864,6,3.76,139.6,-8.77,4139003,-8.77,-8.76551,4.59841,-5.4329,1.07986,2.51325,-0.59544,0.89155,4.35545,-35.63285
36.07836,-79.008617,6,4.05,139.6,-9.35,4139803,-9.35,-9.35055,5.21815,-1.13779,0.18891,-0.0701,-0.50305,5.32008,7.96551,-7.29319
36.07836,-79.008617,7,4.05,139.5,-8.85,4140003,-8.85,-8.85404,5.92224,-3.58445,2.40253,1.0768,-0.05315,0.26308,7.74627,-22.25957
36.078374,-79.008606,7,3.97,139.5,-8.76,4140803,-8.76,-8.76491,4.0331,-0.20279,0.94379,-1.46455,0.40806,0.58462,17.93335,-13.72406
36.078374,-79.008606,7,3.97,139.2,-6.72,4141003,-6.72,-6.71964,7.16591,-1.92203,0.3882,1.04763,-0.4018,2.95235,13.70944,-10.47939
36.078392,-79.00861,7,3.46,139.2,-9.09,4141803,-9.09,-9.09392,3.28714,-0.58026,1.18767,-3.09251,1.1359,-2.42619,16.7641,-26.83426
36.078392,-79.00861,8,3.46,138.1,-9.5,4142003,-9.5,-9.5007,3.93978,0.26082,-1.13025,0.05559,-0.38591,5.15931,14.981,-6.12394
36.078405,-79.008619,8,2.29,138.1,-9.61,4142803,-9.61,-9.60958,2.44965,-1.52363,0.07743,-2.3361,1.06367,-1.60772,17.75797,-38.04443
36.078405,-79.008619,8,2.29,137.4,-10.87,4143003,-10.87,-10.87418,4.02772,-1.25384,1.26617,-1.63666,0.06597,0.80386,22.33265,-15.94563
36.078418,-79.008622,8,2.06,137.4,-9.15,4143803,-9.15,-9.15015,1.8987,-1.26102,0.87384,-2.38268,1.48517,0.51155,25.63578,-34.39053
36.078418,-79.008622,8,2.06,136.6,-13.78,4144003,-13.78,-13.77787,1.07617,-7.01516,2.09053,-1.32741,1.54121,2.96697,29.52353,-13.1102
36.078424,-79.00863,8,0.99,136.6,-4.27,4144803,-4.27,-4.26999,0.75314,-8.73021,0.46212,-0.36377,0.03207,37.95674,19.62876,12.61327
36.078424,-79.00863,8,0.99,135.8,-4.42,4145003,-4.42,-4.42493,2.05005,-9.0335,-0.03176,0.40913,0.38423,36.10056,20.56416,12.14557
36.078429,-79.008625,8,1.0,135.8,-2.22,4145803,-2.22,-2.22353,5.18943,-9.95235,0.06597,-0.38255,0.21625,38.32213,8.28705,12.42327
36.078429,-79.008625,7,1.0,135.8,-2.82,4146003,-2.82,-2.81516,5.09492,-6.12024,-0.71807,-0.11393,-0.79229,40.58755,11.0494,12.10172
36.078443,-79.008607,7,2.64,135.8,-10.49,4146803,-10.49,-10.48714,-0.84826,-5.17448,-2.60305,0.4722,0.53833,-2.51388,10.01169,-35.23823
36.078443,-79.008607,7,2.64,135.7,-10.23,4147003,-10.23,-10.2347,3.22971,-3.57488,1.96256,-2.26448,0.23488,-3.69775,18.43028,-34.06898
36.078447,-79.008602,7,1.9,135.7,-8.69,4147803,-8.69,-8.68894,3.07358,-2.41137,-1.01984,1.98546,-0.197,8.90091,-5.10085,-53.52236
36.078447,-79.008602,7,1.9,135.7,-14.99,4148003,-14.99,-14.98924,6.17229,-1.65583,-0.48625,0.45723,0.82268,11.48787,-6.54779,-59.09091
36.078464,-79.008594,7,3.0,135.7,-5.96,4148803,-5.96,-5.96232,2.29532,-8.03031,-1.13697,1.44638,0.59071,-0.38001,6.25548,-22.93189
36.078464,-79.008594,7,3.0,135.7,-5.37,4149003,-5.37,-5.3683,-0.21117,-8.01536,-0.2474,-1.1973,1.1837,-2.85004,14.3233,-21.96726
36.078466,-79.008582,7,2.34,135.7,-8.67,4149803,-8.67,-8.67159,4.43928,-6.77647,0.30238,2.22401,-1.77288,3.28851,-2.23619,-25.66501
36.078466,-79.008582,7,2.34,135.7,-5.64,4150003,-5.64,-5.63869,1.86162,-7.3023,-0.78573,-0.14432,0.21197,3.84391,-8.17013,-37.8252
36.078478,-79.008585,7,2.15,135.7,-9.83,4150803,-9.83,-9.82732,3.3996,-8.70629,-0.32987,3.84326,-0.73365,0.32154,16.66179,-14.5133
36.078478,-79.008585,7,2.15,135.6,-7.06,4151003,-7.06,-7.06122,1.83888,-6.68016,-0.23152,1.32726,-0.53283,3.28851,7.27857,-27.93043
36.078488,-79.008564,7,2.85,135.6,-12.4,4151803,-12.4,-12.39961,5.3019,-3.22433,0.09239,0.29092,0.00122,7.05934,28.69044,-6.43087
36.078488,-79.008564,7,2.85,135.6,-11.36,4152003,-11.36,-11.36411,2.47657,-7.05105,-0.69883,2.03983,-1.71821,0.78924,24.07191,-16.03332
36.078488,-79.00854,7,3.06,135.6,-9.49,4152803,-9.49,-9.48575,1.35912,-0.4319,0.74052,-2.03449,0.81245,-0.45308,26.4981,-18.86875
36.078488,-79.00854,7,3.06,135.4,-3.74,4153003,-3.74,-3.73699,1.74317,-1.91246,0.82681,-0.86712,0.46365,5.64162,28.71967,-8.21397
36.078491,-79.008538,7,1.81,135.4,-11.95,4153803,-11.95,-11.94617,3.70888,-4.38425,0.30391,0.37828,0.13653,3.87314,1.98772,-52.39696
36.078491,-79.008538,7,1.81,135.1,-14.31,4154003,-14.31,-14.30968,3.87099,-2.59203,0.6999,-3.39748,1.30298,0.45308,9.29553,-39.68138
36.078492,-79.008525,7,1.82,135.1,-9.04,4154803,-9.04,-9.03889,1.00379,-3.05025,-1.14018,3.37289,-1.23578,-1.02309,12.20403,-38.0152
36.078492,-79.008525,7,1.82,134.9,-8.62,4155003,-8.62,-8.61835,2.64467,-5.90728,0.31078,-0.0788,0.24526,0.92078,9.36861,-50.77463
36.078497,-79.008518,7,1.77,134.9,-15.77,4155803,-15.77,-15.77109,4.05583,-4.32323,-1.83046,5.00344,-0.72342,5.65624,27.08272,-8.27244
36.078497,-79.008518,8,1.77,134.8,-7.83,4156003,-7.83,-7.82513,1.85145,-3.42533,-2.21347,2.16475,-1.54091,-1.19848,10.94709,-38.39521
36.07851,-79.008511,8,2.44,134.8,-6.05,4156803,-6.05,-6.04906,3.1334,-0.38883,0.16402,-2.88451,1.28663,6.08009,32.62204,-8.15551
36.07851,-79.008511,8,2.44,134.6,-6.14,4157003,-6.14,-6.13938,4.96451,0.64606,1.79885,0.64385,-0.67424,17.43642,25.60655,3.88775
36.07852,-79.008521,8,1.83,134.6,-19.6,4157803,-19.6,-19.59961,9.22553,-0.76092,-1.10994,-5.00421,1.0881,1.50541,5.59778,-44.89915
36.07852,-79.008521,6,1.83,134.4,-10.02,4158003,-10.02,-10.02294,3.42054,2.88036,1.65132,-3.06883,0.73609,4.19468,16.54487,-7.49781
36.078555,-79.008519,0,2.5,134.4,-4.6,4161803,-4.6,-4.60259,1.4674,-3.20519,0.14111,-1.08749,1.01541,-2.16311,14.80561,-20.57878
36.078555,-79.008519,3,2.5,134.7,-11.69,4162003,-11.69,-11.68595,3.7005,-5.60459,-0.39783,0.43387,0.20769,-2.38234,21.29494,-21.39725
36.078552,-79.008532,0,1.23,134.7,-10.07,4163803,-10.07,-10.0696,-1.36391,-4.84247,-0.32238,0.21289,0.48671,-3.78544,22.66881,-33.55744
36.078552,-79.008532,4,1.23,134.7,-9.04,4164003,-9.04,-9.03949,-1.80778,-5.72722,-0.07391,0.07361,0.18845,-3.42005,24.36422,-32.50512
36.078567,-79.008556,4,1.66,134.7,-8.73,4164803,-8.73,-8.73081,-2.4353,-4.74198,-0.11881,0.03574,0.03543,-2.8062,27.52119,-32.59281
36.078567,-79.008556,5,1.66,134.6,-8.44,4165003,-8.44,-8.43889,-2.48136,-4.53739,-0.00687,0.08033,0.02382,-2.28004,28.50044,-33.00204
36.078566,-79.008561,5,1.24,134.6,-7.55,4165803,-7.55,-7.55354,-2.1996,-4.62772,0.29673,0.62705,1.50334,-2.74773,25.02192,-31.49664
36.078566,-79.008561,6,1.24,134.5,-8.97,4166003,-8.97,-8.97129,-1.39442,-4.99143,0.29795,0.41218,-0.08506,-2.39696,27.38965,-32.78281
36.07857,-79.008566,6,1.25,134.5,-7.87,4166803,-7.87,-7.8664,-2.93719,-4.91665,-1.04397,0.17455,0.23625,10.84478,-14.42561,-15.4487
36.07857,-79.008566,7,1.25,134.2,-17.19,4167003,-17.19,-17.19303,2.9342,-9.70649,-0.14462,0.94043,0.75656,5.42239,-5.15931,-17.77258
36.078589,-79.008562,7,2.0,134.2,-3.92,4167803,-3.92,-3.91765,-4.53201,-6.73759,-0.39722,-1.10704,1.76586,2.68927,2.28004,-15.41947
36.078589,-79.008562,7,2.0,134.1,-11.3,4168003,-11.3,-11.29951,1.84846,-6.28654,-0.41493,1.21303,1.7034,3.6539,7.29319,-11.91172
36.078602,-79.008557,7,2.21,134.1,-6.18,4168803,-6.18,-6.17707,-2.4341,-6.82254,-0.50091,-0.30299,1.17897,2.48465,5.02777,-14.7033
36.078602,-79.008557,8,2.21,134,-11.25,4169003,-11.25,-11.24746,5.50409,-8.1667,-0.5707,0.32483,1.63238,2.83543,0.16077,-17.42181
36.078621,-79.00856,8,2.84,134,-11.35,4169803,-11.35,-11.34736,-2.69611,-10.08455,0.33094,-1.66415,1.37277,1.85618,-4.10699,-22.50804
36.078621,-79.00856,8,2.84,134,-11.02,4170003,-11.02,-11.02254,3.63649,-5.45683,-0.35781,-0.86163,1.42103,-0.13154,8.09705,-18.43028
36.078634,-79.00855,8,2.73,134,-14.45,4170803,-14.45,-14.45145,-0.4678,-12.63051,0.59819,-0.97769,-0.30788,-0.07308,6.15317,-20.94417
36.078634,-79.00855,8,2.73,133.9,-5.79,4171003,-5.79,-5.79482,1.59482,-3.38943,-0.92531,-0.39111,1.86787,5.40778,14.68869,-7.04472
36.078642,-79.008534,8,2.61,133.9,-12.16,4171803,-12.16,-12.16451,-0.88235,-12.29791,-0.15394,0.45036,-0.4919,1.53464,11.18094,-14.49868
36.078642,-79.008534,7,2.61,133.7,-5.45,4172003,-5.45,-5.44965,1.58046,-3.77169,-0.29871,-0.40302,2.25043,2.98158,21.30956,-9.99708
36.078647,-79.008519,7,2.37,133.7,-15.5,4172803,-15.5,-15.49831,6.1334,-7.16949,-0.05605,0.82528,-1.2793,13.13943,-19.5703,-38.42444
36.078647,-79.008519,7,2.37,133.6,-9.95,4173003,-9.95,-9.94995,6.65623,-4.58943,-0.44486,-1.32039,3.44161,9.77784,-8.3309,-30.59047
36.07865,-79.008507,7,1.81,133.6,-10.97,4173803,-10.97,-10.9699,3.10887,-5.61296,-0.99479,2.6061,-1.92636,12.13096,-17.81643,-39.00906
36.07865,-79.008507,7,1.81,133.5,-14.5,4174003,-14.5,-14.5017,8.09372,-6.09631,0.46334,-1.6924,1.59268,13.88483,-18.40105,-39.76907
36.078652,-79.00849,7,1.74,133.5,-9.09,4174803,-9.09,-9.08734,4.42852,-5.29532,0.83154,1.26067,-2.15498,12.08711,-16.54487,-37.50365
36.078652,-79.00849,7,1.74,133.4,-9.24,4175003,-9.24,-9.23809,3.66222,-5.35215,-0.42257,0.5142,0.60674,19.00029,-23.01958,-42.4145
36.078658,-79.008475,7,2.06,133.4,-6.33,4175803,-6.33,-6.33021,4.69352,-3.56471,0.208,2.89458,-2.8025,2.11926,13.18328,-25.00731
36.078658,-79.008475,8,2.06,133.4,-15.29,4176003,-15.29,-15.29253,6.1675,-8.98924,-0.52641,0.64095,0.08827,15.78486,-19.42414,-44.78223
36.07866,-79.008442,8,3.43,133.4,-5.39,4176803,-5.39,-5.39043,3.20997,-3.37388,0.22831,1.48181,-1.79594,-2.66004,9.82169,-35.15054
36.07866,-79.008442,8,3.43,133.3,-15.27,4177003,-15.27,-15.26741,8.45504,-6.34158,-0.08369,1.77334,-1.49448,10.84478,-15.34639,-41.50833
36.078669,-79.008421,8,3.56,133.3,-3.88,4177803,-3.88,-3.88415,3.70469,-2.90848,-0.45219,3.14962,-2.04411,3.43467,9.31014,-26.80503
36.078669,-79.008421,9,3.56,133.3,-13.42,4178003,-13.42,-13.41716,4.06002,-5.53639,0.13576,1.70416,-2.3361,10.8594,-15.65332,-42.04911
36.078676,-79.008403,9,3.46,133.3,-5.96,4178803,-5.96,-5.96471,4.62712,-2.93001,-0.56368,2.18613,-1.36086,1.54925,6.84011,-20.02338
36.078676,-79.008403,9,3.46,133.4,-10.01,4179003,-10.01,-10.00858,5.84985,-4.45484,0.58154,1.73883,-2.48439,8.74013,-11.41479,-40.99678
36.078687,-79.008384,9,3.72,133.4,-8.77,4179803,-8.77,-8.77448,7.77787,-2.68235,0.47861,2.40345,-2.06961,-1.57849,12.10172,-21.67495
36.078687,-79.008384,9,3.72,133.5,-8.92,4180003,-8.92,-8.91805,4.81914,-4.17488,0.82253,1.57557,-2.1142,6.76703,-8.78398,-39.21368
36.078695,-79.008361,9,3.89,133.5,-5.43,4180803,-5.43,-5.43231,8.71765,-4.2353,0.36255,1.82068,-1.76051,7.55627,11.67787,-4.01929
36.078695,-79.008361,9,3.89,133.4,-6.9,4181003,-6.9,-6.9009,5.05903,-3.07956,0.2584,2.96117,-2.78188,2.01695,0.99386,-23.20959
36.078703,-79.008339,9,3.87,133.4,-6.74,4181803,-6.74,-6.74118,6.27757,-1.94716,-0.52825,1.3575,-0.81963,3.99006,13.89944,-8.34551
36.078703,-79.008339,9,3.87,133.4,-3.68,4182003,-3.68,-3.67837,4.05823,-2.60519,-0.14462,2.93429,-2.02838,4.64776,3.52236,-26.80503
36.078714,-79.008326,9,3.43,133.4,-5.52,4182803,-5.52,-5.52084,7.69113,-4.20897,-0.18479,-2.21026,-0.50412,5.057,6.00702,-6.31394
36.078714,-79.008326,9,3.43,133.4,-13.11,4183003,-13.11,-13.10729,11.42214,0.84766,0.93676,2.91474,-2.77256,0.23385,1.81234,-22.43496
36.07872,-79.008298,9,3.68,133.4,-5.3,4183803,-5.3,-5.29711,6.18963,-2.23729,0.146,-1.70462,1.70431,-0.89155,18.86875,-16.80795
36.07872,-79.008298,9,3.68,133.2,-11.47,4184003,-11.47,-11.4688,6.7998,-5.2008,-1.57206,4.33501,-3.37121,-1.53464,16.15025,-19.07337
36.078724,-79.008279,9,3.08,133.2,-7.08,4184803,-7.08,-7.07617,6.30868,-2.02373,0.29001,-1.62505,1.4421,-2.10465,14.48407,-20.12569
36.078724,-79.008279,9,3.08,133.1,-6.75,4185003,-6.75,-6.74597,6.89193,-2.73141,0.21747,1.99936,-1.61497,-0.7454,16.8518,-16.99795
36.078727,-79.008265,9,2.62,133.1,-5.25,4185803,-5.25,-5.24866,4.86999,-1.6325,-0.30971,-1.22173,2.26264,-2.47004,10.14323,-27.33119
36.078727,-79.008265,9,2.62,133,-7.31,4186003,-7.31,-7.30589,6.14597,-1.73898,-0.25855,1.892,-1.33459,-1.60772,16.13563,-21.55802
36.078725,-79.008248,9,2.53,133,-6.29,4186803,-6.29,-6.28654,4.48535,-1.98006,-0.20418,-1.32283,2.22996,-2.85004,11.3271,-28.16428
36.078725,-79.008248,9,2.53,133,-6.52,4187003,-6.52,-6.52463,4.58046,-2.16311,0.12599,0.69837,-0.83719,-0.59924,17.05642,-18.00643
36.078729,-79.008232,9,2.5,133,-5.68,4187803,-5.68,-5.68475,3.4002,-1.67438,-0.04902,-1.99738,2.38344,-2.03157,8.75475,-27.33119
36.078729,-79.008232,9,2.5,132.8,-6.79,4188003,-6.79,-6.79083,6.1346,-1.73779,-0.37675,0.35109,0.21334,0.19,21.11956,-17.56796
36.078735,-79.008219,9,2.19,132.8,-6.25,4188803,-6.25,-6.24587,3.27338,-0.69452,0.44822,-1.96989,2.9262,-1.52002,6.02163,-34.94592
36.078735,-79.008219,9,2.19,132.5,-8.59,4189003,-8.59,-8.59203,6.38704,-1.22034,0.03742,-1.01266,-0.40959,0.10231,19.30722,-16.77872
36.078741,-79.008204,9,2.36,132.5,-5.38,4189803,-5.38,-5.38206,3.28235,-1.3998,-0.23228,-2.28311,2.48668,-1.37387,4.47238,-31.05817
36.078741,-79.008204,9,2.36,132.1,-8.58,4190003,-8.58,-8.57588,7.35075,-3.17468,0.65653,-1.23685,0.27794,-0.36539,16.96872,-16.64718
36.078744,-79.008193,9,1.85,132.1,-6.1,4190803,-6.1,-6.09811,3.64247,-1.38126,-0.45677,-2.37565,2.71972,1.3154,-2.8062,-35.32593
36.078744,-79.008193,9,1.85,131.9,-7.86,4191003,-7.86,-7.86162,6.27219,-2.01655,0.95081,-0.78405,0.53451,-1.72464,16.12102,-19.848
36.078745,-79.008189,9,0.83,131.9,-7.79,4191803,-7.79,-7.79402,3.65623,-1.66481,0.12004,-1.29106,2.58029,9.89477,-1.69541,-41.84449
36.078745,-79.008189,9,0.83,131.8,-8.66,4192003,-8.66,-8.66022,5.94257,-2.20379,0.73059,-2.15086,1.13804,-2.60158,11.9848,-28.60275
36.078751,-79.008183,9,1.44,131.8,-9.86,4192803,-9.86,-9.86262,6.14357,-3.35354,0.03314,-1.6698,2.1785,17.17334,-17.11488,-39.03829
36.078751,-79.008183,9,1.44,131.7,-3.21,4193003,-3.21,-3.20758,1.99681,-0.77707,0.04352,-0.98502,1.75608,0.80386,-2.20696,-29.69892
36.078758,-79.008174,9,1.74,131.7,-13.37,4193803,-13.37,-13.3693,4.91905,-7.03609,-0.40913,-0.57971,1.4085,25.81116,-26.99503,-43.71529
36.078758,-79.008174,9,1.74,131.5,-6.17,4194003,-6.17,-6.17468,4.43031,-1.88614,-0.48503,-1.61956,2.9824,6.81087,-10.05554,-33.00204
36.078766,-79.008172,9,1.33,131.5,-8.4,4194803,-8.4,-8.39881,2.89711,-6.24527,0.15333,0.22159,-0.08231,22.52265,-22.05495,-42.99912
36.078766,-79.008172,9,1.33,131.4,-11.03,4195003,-11.03,-11.02732,5.96949,-4.08933,0.72113,-0.67791,0.36789,21.7188,-16.54487,-39.03829
36.078771,-79.008166,9,1.32,131.4,-4.5,4195803,-4.5,-4.49671,-0.84586,-5.92283,-1.45936,1.35475,-0.1909,7.76089,-0.89155,-19.61415
36.078771,-79.008166,9,1.32,131.3,-13.69,4196003,-13.69,-13.69293,1.60977,-8.99881,0.73686,-0.48564,0.24099,2.89389,-0.57001,-24.45191
36.078772,-79.008158,9,1.09,131.3,-4.7,4196803,-4.7,-4.6995,-0.58385,-6.80399,0.08063,0.02367,-0.13485,2.0608,-5.36393,-14.38176
36.078772,-79.008158,9,1.09,131.3,-6.17,4197003,-6.17,-6.16929,2.14277,-7.76232,-0.52214,-0.8039,0.68967,4.2093,-4.37007,-17.0418
36.078778,-79.008153,9,1.28,131.3,-5.36,4197803,-5.36,-5.36112,0.54257,-6.86441,-0.72403,0.88698,-0.46304,3.68313,-5.42239,-20.81263
36.078778,-79.008153,9,1.28,131.2,-7.18,4198003,-7.18,-7.17727,-1.15035,-6.85903,0.13363,0.062,0.30803,5.61239,-7.84858,-20.19877
36.078778,-79.008146,9,1.04,131.2,-7.37,4198803,-7.37,-7.36571,3.5659,-11.49632,0.85292,1.18523,-1.54809,5.247,5.68547,-8.60859
36.078778,-79.008146,9,1.04,130.9,-2.11,4199003,-2.11,-2.10927,-2.74995,-5.62313,-0.2897,1.51327,-0.39386,2.64543,2.22157,-16.12102
36.078784,-79.008133,9,1.82,130.9,-7.27,4199803,-7.27,-7.27358,3.61675,-10.14497,0.41004,1.06657,-0.37415,3.68313,7.7755,-11.63402
36.078784,-79.008133,9,1.82,131,-3.4,4200003,-3.4,-3.39542,-0.69332,-7.31007,0.4021,0.35598,0.00932,1.81234,7.35165,-16.2964
36.078795,-79.008115,9,2.99,131,-8.33,4200803,-8.33,-8.32583,2.34736,-9.07059,-0.08247,0.91828,-0.87079,0.52616,17.08565,-15.96025
36.078795,-79.008115,9,2.99,131,-3.45,4201003,-3.45,-3.44985,-0.932,-5.75294,0.32391,0.07773,-0.43203,-0.29231,14.64484,-17.80181
36.078815,-79.008106,9,3.42,131,-11.64,4201803,-11.64,-11.6351,2.2002,-9.83929,-1.18034,2.26066,-0.75091,-0.16077,15.9164,-17.08565
36.078815,-79.008106,9,3.42,131,-4.67,4202003,-4.67,-4.669,-1.2658,-3.98824,-0.59223,0.14936,-0.05681,-3.21543,21.48495,-27.85735
36.078826,-79.0081,9,2.73,131,-8.53,4202803,-8.53,-8.52862,3.35952,-7.62533,0.29291,-0.82894,-0.97662,2.35311,19.51184,-12.08711
36.078826,-79.0081,9,2.73,130.8,-7.21,4203003,-7.21,-7.21316,2.10449,-7.17069,-0.34147,1.55282,0.51817,-0.90617,10.09939,-20.33031
36.078834,-79.00809,9,2.5,130.8,-2.42,4203803,-2.42,-2.42393,3.14297,-5.79302,1.34482,-2.24661,-0.88346,13.28559,18.00643,1.75387
36.078834,-79.00809,9,2.5,130.4,-3.73,4204003,-3.73,-3.7328,5.49811,-12.55873,0.08399,2.0435,0.47602,13.51944,-0.96463,-1.73926
36.07884,-79.008086,9,1.84,130.4,-5.39,4204803,-5.39,-5.39103,4.13001,-6.10589,1.44729,-1.73104,-0.72174,9.36861,23.0342,-3.30313
36.07884,-79.008086,7,1.84,130.3,-9.15,4205003,-9.15,-9.15314,3.95055,-12.25125,-1.22937,1.89826,-1.21807,0.19,14.06022,-16.22333
36.078842,-79.008075,7,1.81,130.3,-1.98,4205803,-1.98,-1.97827,1.22632,-5.82413,1.11727,-0.79077,0.0591,8.81321,33.00204,-8.2432
36.078842,-79.008075,7,1.81,130.1,-7.68,4206003,-7.68,-7.68455,1.59362,-13.95016,-0.33521,1.08917,-0.44456,2.13388,20.27185,-12.35019
36.078859,-79.008064,7,2.53,130.1,-4.12,4206803,-4.12,-4.12463,0.64726,-5.89532,1.2648,-0.95677,0.11011,4.22391,25.67963,-10.26016
36.078859,-79.008064,7,2.53,130,-13.95,4207003,-13.95,-13.95494,1.73061,-10.50509,-2.34038,3.68581,-1.13835,0.52616,17.37796,-17.14411
36.078855,-79.008052,7,1.88,130,-4.3,4207803,-4.3,-4.29571,-0.66401,-3.71845,1.27717,-1.67866,0.36133,1.54925,26.08886,-16.16487
36.078855,-79.008052,7,1.88,129.8,-6.93,4208003,-6.93,-6.92782,1.43151,-7.47578,0.07437,0.84498,-0.62354,5.34931,22.21573,-7.54165
36.078857,-79.008043,7,1.67,129.8,-6.45,4208803,-6.45,-6.45165,0.15075,-1.60319,0.5226,-0.3514,0.3062,-0.99386,29.39199,-26.62964
36.078857,-79.008043,7,1.67,129.8,-5.48,4209003,-5.48,-5.47717,1.53978,-5.51187,0.8572,-0.51404,-0.35415,3.62467,29.28968,-12.80327
36.078865,-79.008031,7,2.01,129.8,-9.1,4209803,-9.1,-9.1005,2.28814,-4.88794,0.49694,-0.6999,0.22892,-2.66004,19.68723,-25.7527
36.078865,-79.008031,7,2.01,129.8,-5.38,4210003,-5.38,-5.38325,1.27298,-4.05344,0.06613,-0.32467,-0.02841,-0.26308,19.27799,-17.3195
36.078871,-79.008016,7,2.17,129.8,-12.72,4210803,-12.72,-12.72324,3.87996,-7.11446,-0.60292,0.72968,-1.49494,-2.87928,16.31102,-33.29436
36.078871,-79.008016,7,2.17,129.7,-8.46,4211003,-8.46,-8.45863,3.68854,-5.37847,0.04261,-1.42683,-0.85475,-2.36773,13.89944,-22.3765
36.078877,-79.008017,7,1.07,129.7,-5.52,4211803,-5.52,-5.51546,5.18285,-5.61655,-0.49816,-0.17501,-0.60903,5.29085,-5.17393,-17.68489
36.078877,-79.008017,7,1.07,129.6,-4.83,4212003,-4.83,-4.82692,2.72842,-7.32443,-0.17287,1.26495,0.0058,6.2701,-9.00321,-19.45338
36.078884,-79.008023,7,0.63,129.6,-5.11,4212803,-5.11,-5.10987,3.31705,-8.74397,0.66035,0.4528,-0.33292,11.41479,-10.114,-9.35399
36.078884,-79.008023,7,0.63,129.7,-2.26,4213003,-2.26,-2.25524,2.39581,-6.80459,0.1066,-0.57116,0.17257,11.41479,-11.18094,-10.69863
36.078895,-79.008025,7,1.22,129.7,-3.81,4213803,-3.81,-3.80997,0.49651,-6.70828,-0.12278,0.05818,0.12065,12.39404,-2.29465,-1.88541
36.078895,-79.008025,7,1.22,129.4,-5.1,4214003,-5.1,-5.10389,1.18744,-9.39901,-0.10415,0.53771,-0.77183,15.08331,-6.69395,-2.41158
36.0789,-79.008022,7,1.12,129.4,-5.01,4214803,-5.01,-5.01177,0.58564,-7.2688,0.40348,0.02841,0.5704,10.53785,-6.95703,-7.80474
36.0789,-79.008022,7,1.12,129.4,-4.57,4215003,-4.57,-4.57209,1.92503,-8.7009,0.22205,0.07575,0.68585,10.49401,-5.7147,-7.04472
36.078904,-79.008019,7,0.69,129.4,-7.41,4215803,-7.41,-7.41476,1.59362,-6.10349,0.97051,0.02291,0.95661,3.78544,-5.55393,-20.53493
36.078904,-79.008019,8,0.69,129.4,-7.41,4216003,-7.41,-7.40997,3.36072,-6.27697,1.03099,-0.80802,0.76144,1.24233,0.51155,-21.77726
36.078913,-79.008024,8,1.07,129.4,-6.09,4216803,-6.09,-6.08973,3.79801,-6.4002,-0.25901,-0.00244,0.3653,2.22157,2.57235,-17.84566
36.078913,-79.008024,8,1.07,129,-6.6,4217003,-6.6,-6.60479,4.11386,-6.0694,-0.41447,0.08033,0.0394,0.71616,4.22391,-18.66413
36.078911,-79.008018,8,0.15,129,-7.24,4217803,-7.24,-7.23769,3.10469,-6.11725,-0.3233,-0.60201,-0.05727,-0.35077,3.4639,-21.70418
36.078911,-79.008018,7,0.15,129,-5.93,4218003,-5.93,-5.92583,3.89432,-5.15952,0.66936,0.405,-0.79825,1.94388,-0.95001,-20.65186
36.078911,-79.008012,7,0.18,129,-6.14,4218803,-6.14,-6.13998,4.63849,-5.48854,-0.06811,0.32376,-0.19868,6.38702,-9.924,-21.86495
36.078911,-79.008012,7,0.18,128.9,-5.78,4219003,-5.78,-5.77986,4.13719,-6.54856,-0.02856,0.27871,-0.03283,6.84011,-10.61093,-20.92955
36.078919,-79.008014,7,0.41,128.9,-7.49,4219803,-7.49,-7.49432,4.6014,-5.02792,0.51862,0.20998,0.24694,1.73926,-4.56007,-29.84507
36.078919,-79.008014,7,0.41,129.2,-7.33,4220003,-7.33,-7.33221,3.40499,-4.21795,-0.49511,-0.19303,-0.35201,1.8708,-4.63315,-29.962
36.078919,-79.008012,7,0.22,129.2,-8.17,4220803,-8.17,-8.1667,2.76072,-4.36511,-0.16921,0.23427,-0.03161,1.02309,-3.02543,-31.7451
36.078919,-79.008012,7,0.22,129.1,-8.53,4221003,-8.53,-8.52563,2.57348,-5.068,-0.1127,-0.03451,-0.15012,0.7454,-1.38848,-30.54662
36.078924,-79.008011,7,0.3,129.1,-7.68,4221803,-7.68,-7.68276,3.79262,-5.60399,-0.39462,-0.26985,-0.48808,1.19848,-2.55773,-29.3043
36.078924,-79.008011,8,0.3,129.1,-7.36,4222003,-7.36,-7.35793,3.9332,-6.09751,-0.36102,-0.56566,0.24679,2.92312,-3.47852,-22.72727
36.078926,-79.00801,8,0.35,129.1,-6.34,4222803,-6.34,-6.33859,2.44367,-7.76411,-0.63622,-0.05101,-0.36484,0.52616,7.14703,-17.5095
36.078926,-79.00801,7,0.35,129.1,-5.79,4223003,-5.79,-5.79362,1.73779,-7.08335,-0.56016,-0.07117,-0.33552,2.16311,6.34317,-15.58024
36.078926,-79.008009,7,0.39,129.1,-6.05,4223803,-6.05,-6.04547,1.8335,-6.02154,-0.37981,0.67272,-2.02945,8.3309,-8.55013,-11.53172
36.078926,-79.008009,7,0.39,129.3,-7.52,4224003,-7.52,-7.51765,1.54098,-5.1015,-2.39337,0.2926,-0.1011,15.43408,-16.70564,-11.7948
36.078928,-79.008006,7,0.36,129.3,-7.96,4224803,-7.96,-7.96032,-1.01755,-3.59163,0.10308,-1.19287,-1.2761,7.00088,-0.81847,-8.22859
36.078928,-79.008006,7,0.36,128.6,-9.69,4225003,-9.69,-9.69452,0.21057,-3.8662,0.00305,-0.03574,-0.24771,11.22479,-9.03245,-7.95089
36.078929,-79.00801,7,0.38,128.6,-8.53,4225803,-8.53,-8.53281,2.4006,-5.43649,0.15745,-0.01542,-0.0055,18.24028,-11.41479,-3.53698
36.078929,-79.00801,7,0.38,128.4,-9.62,4226003,-9.62,-9.62154,1.35793,-4.53859,-0.76969,0.72388,0.05818,17.68489,-8.7986,-1.43233
36.07893,-79.008011,7,0.39,128.4,-7.57,4226803,-7.57,-7.57269,2.6668,-4.59123,0.80405,-1.64567,-0.1628,18.66413,-23.44344,-15.05408
36.07893,-79.008011,7,0.39,128.2,-7,4227003,-7,-7.0014,2.19003,-5.24567,-0.87674,-0.32895,-0.05849,25.28501,-24.13037,-10.81555
36.078932,-79.008015,7,0.64,128.2,-5.41,4227803,-5.41,-5.40718,2.42273,-9.42473,-0.24511,0.9838,0.26863,19.658,-16.63256,-4.61853
36.078932,-79.008015,7,0.64,128.2,-5.71,4228003,-5.71,-5.71047,1.15633,-7.90648,-0.12263,-0.37171,0.64355,16.82257,-13.3002,-5.10085
36.078934,-79.008009,7,0.4,128.2,-4.79,4228803,-4.79,-4.78864,-0.32901,-8.89233,0.28863,-0.0785,0.71044,14.22099,-4.63315,-2.20696
36.078934,-79.008009,7,0.4,128.2,-3.11,4229003,-3.11,-3.10887,0.63888,-9.72024,0.18845,-2.16506,-0.85842,15.90178,-5.59778,0.92078
36.078928,-79.008006,7,0.72,128.2,4.43,4229803,4.43,4.4345,0.52403,-9.49891,-0.06246,-1.52854,-0.46472,54.63315,-34.90208,-0.38001
36.078928,-79.008006,7,0.72,128.3,5.89,4230003,5.89,5.88814,-1.00618,-6.96491,-0.77488,-0.79642,-0.61468,66.55949,-33.58667,-5.29085
36.078929,-79.008003,7,0.35,128.3,4.13,4230803,4.13,4.13061,-3.37328,-8.14218,0.45616,-0.72571,-0.28726,58.85706,-19.16106,4.91084
36.078929,-79.008003,6,0.35,127.8,4.85,4231003,4.85,4.85384,-3.24586,-7.15633,-0.01008,-0.29291,-0.09881,61.53172,-19.658,3.25928
36.078935,-79.008001,6,0.15,127.8,6.22,4231803,6.22,6.21954,-5.25584,-7.69771,-0.12843,-0.35812,0.06338,64.06022,-21.30956,-0.76001
36.078935,-79.008001,8,0.15,126.8,5.8,4232003,5.8,5.7996,-3.39242,-6.71127,-0.15134,-0.39416,-0.02138,65.69717,-20.76878,-1.7831
36.078944,-79.008,8,0.23,126.8,5.48,4232803,5.48,5.47897,-4.2335,-6.91466,0.16906,0.31292,-0.04368,67.36334,-20.65186,-4.10699
36.078944,-79.008,8,0.23,126.7,4.03,4233003,4.03,4.0343,-2.54178,-8.64467,0.53527,1.78663,-0.39279,54.25314,-21.85034,6.22625
36.078954,-79.008,8,0.21,126.7,5.86,4233803,5.86,5.85524,-1.81675,-7.2329,-0.21212,-0.58719,-0.00825,67.24642,-28.80737,-2.07542
36.078954,-79.008,8,0.21,126.2,6.04,4234003,6.04,6.04487,-1.6672,-7.14616,0,-0.00977,-0.0168,68.57644,-29.71354,-4.63315
36.078961,-79.008002,8,0.07,126.2,-4.38,4234803,-4.38,-4.37528,-0.01196,-8.56092,0.28833,1.57802,0.20357,31.87664,-18.9126,2.74773
36.078961,-79.008002,8,0.07,126,-5.79,4235003,-5.79,-5.79063,-0.19561,-7.76471,-0.01726,0.82711,0.15363,19.90646,-17.87489,-4.03391
36.078967,-79.008001,8,0.23,126,0.41,4235803,0.41,0.41276,-2.95872,-9.10888,-0.51756,-1.42606,0.16157,57.32242,-34.84361,15.33177
36.078967,-79.008001,8,0.23,125.8,3.7,4236003,3.7,3.69691,-3.71187,-7.84248,-0.39676,-1.47493,-0.0307,77.41888,-32.08126,16.12102
36.078969,-79.007998,8,0.05,125.8,1.44,4236803,1.44,1.43868,-1.85444,-10.70429,0.23198,0.12767,0.03207,64.29407,-38.59982,21.67495
36.078969,-79.007998,8,0.05,125.7,0.77,4237003,0.77,0.76511,-1.8993,-10.069,-0.58811,0.0504,-0.50824,63.13943,-36.07132,18.06489
36.078971,-79.007997,8,0.39,125.7,-3.85,4237803,-3.85,-3.85424,-8.21037,4.67617,-0.60369,0.7283,0.66248,1.56387,41.2891,-53.49313
36.078971,-79.007997,8,0.39,125.4,-2.44,4238003,-2.44,-2.44487,-7.1677,3.15733,0.65301,-1.47768,-0.76526,6.78164,47.67612,-56.43087
36.078974,-79.008003,8,0.83,125.4,-7.79,4238803,-7.79,-7.79342,3.25723,-5.02194,-0.3372,0.13011,-1.26235,25.60655,-1.98772,6.32856
36.078974,-79.008003,8,0.83,125.8,-7.59,4239003,-7.59,-7.59123,3.64726,-5.15175,-0.29474,-0.16936,-0.21304,28.3689,-0.86232,8.30167
36.078973,-79.008001,8,0.52,125.8,-7.66,4239803,-7.66,-7.66301,4.12642,-4.8347,0.05895,0.17685,0.49663,24.77346,-1.62233,6.13856
36.078973,-79.008001,8,0.52,126.1,-7.05,4240003,-7.05,-7.04567,3.402,-4.73121,0.03146,-0.23091,0.43539,24.05729,-0.14616,7.32242
36.078978,-79.008004,8,0.2,126.1,-5.26,4240803,-5.26,-5.26361,4.14557,-7.14616,0.45173,-0.52886,-0.47953,40.71909,-14.17714,6.88395
36.078978,-79.008004,9,0.2,125.8,-4.6,4241003,-4.6,-4.59841,5.99881,-6.16331,0.89812,-0.85063,0.45265,45.01608,-20.43262,3.96083
36.078977,-79.008,9,0.1,125.8,-4.87,4241803,-4.87,-4.86581,6.04008,-6.44327,1.1298,0.30574,-0.52153,41.25987,-30.6197,-8.25782
36.078977,-79.008,9,0.1,125.8,-4.86,4242003,-4.86,-4.85743,8.35753,-4.13659,-0.54672,-0.15837,-0.94562,42.56065,-27.82812,-6.40164
36.078978,-79.007997,9,0.58,125.8,-4.07,4242803,-4.07,-4.07258,6.78605,-5.7344,0.17165,-0.39599,0.09774,41.02602,-28.69044,-7.48319
36.078978,-79.007997,9,0.58,126.1,-4.04,4243003,-4.04,-4.03849,5.5358,-6.30928,0.25366,-0.50992,0.68279,38.45367,-29.58199,-8.84244
36.078972,-79.007993,9,0.08,126.1,-4.77,4243803,-4.77,-4.77428,8.39941,-1.86281,0.03482,0.30543,0.47037,30.86817,-32.69512,-38.90675
36.078972,-79.007993,9,0.08,126.9,-5.51,4244003,-5.51,-5.51366,7.93998,-0.93619,0.36759,0.76114,0.99831,25.97194,-30.45893,-42.19526
36.07897,-79.00799,9,0.3,126.9,-7.31,4244803,-7.31,-7.31247,6.38226,2.4682,0.00076,0.03222,-0.00809,23.42882,-22.52265,-55.40778
36.07897,-79.00799,9,0.3,127.2,-7.26,4245003,-7.26,-7.25923,6.36371,2.65185,-0.0113,0.02535,-0.011,23.32651,-22.62496,-55.90471
36.07897,-79.007991,9,0.1,127.2,-7.3,4245803,-7.3,-7.3005,6.35414,2.58245,-0.02184,0.01344,-0.01161,24.55422,-22.36188,-55.21777
36.07897,-79.007991,9,0.1,127.3,-7.29,4246003,-7.29,-7.28854,6.34876,2.57408,-0.01604,0.01772,-0.01084,25.78193,-23.34113,-55.55393
36.078969,-79.007992,9,0.17,127.3,-7.42,4246803,-7.42,-7.41835,4.51466,0.71845,0.09316,0.07819,-0.16234,25.15346,-25.095,-56.53318
36.078969,-79.007992,9,0.17,127.3,-6.4,4247003,-6.4,-6.39602,6.07897,3.39721,0.29291,0.14432,-0.00168,26.51271,-25.95732,-57.05934
36.078968,-79.00799,9,0.14,127.3,-6.56,4247803,-6.56,-6.55873,5.61835,3.04188,-0.0788,-0.03986,-0.01405,27.09734,-27.11196,-58.76936
36.078968,-79.00799,9,0.14,127.2,-7.28,4248003,-7.28,-7.27598,6.95354,2.14457,-0.12798,-0.04566,0.09423,26.80503,-26.70272,-58.25782
36.078967,-79.007989,9,0.02,127.2,-7.17,4248803,-7.17,-7.1677,6.49053,2.60937,-0.03955,-0.00214,0.00305,26.39579,-26.32271,-59.6463
36.078967,-79.007989,9,0.02,127.4,-7.06,4249003,-7.06,-7.06062,6.47139,2.59861,-0.04261,-0.00718,-0.00641,26.07425,-26.4981,-58.25782
36.078966,-79.007988,9,0.26,127.4,-6.46,4249803,-6.46,-6.46182,6.15195,2.25224,-0.15913,-0.04933,-0.01649,26.61502,-26.32271,-57.65858
36.078966,-79.007988,9,0.26,127.3,-7.16,4250003,-7.16,-7.15753,6.62333,2.36172,0.0029,0.03955,0.02749,26.42502,-26.3081,-58.21397
36.078966,-79.007986,9,0.06,127.3,-7.14,4250803,-7.14,-7.13659,6.49711,2.38804,-0.00244,0.03543,-0.03268,25.41654,-27.30196,-57.49781
36.078966,-79.007986,9,0.06,127.6,-7.14,4251003,-7.14,-7.14258,6.5001,2.40539,-0.02352,0.01069,-0.01252,26.00117,-26.42502,-57.00088
36.078966,-79.007986,9,0.03,127.6,-7.08,4251803,-7.08,-7.07917,6.40977,2.56391,-0.03375,0.01054,-0.02275,24.58345,-26.2204,-58.78399
36.078966,-79.007986,9,0.03,127.7,-7.4,4252003,-7.4,-7.4028,6.6012,2.42393,0.01741,0.0449,-0.00611,25.06577,-26.71733,-59.22245
36.078965,-79.007985,9,0.09,127.7,-7.31,4252803,-7.31,-7.31306,6.53958,2.48076,-0.02138,0.01374,-0.00702,24.77346,-26.60041,-58.63783
36.078965,-79.007985,9,0.09,128.2,-7.17,4253003,-7.17,-7.17488,6.51027,2.35693,-0.01512,0.02245,-0.01848,24.77346,-26.64426,-58.15551
36.078963,-79.007985,9,0.08,128.2,-7.19,4253803,-7.19,-7.19043,6.55633,2.38325,-0.0252,0.01161,0.00183,25.24116,-26.51271,-58.59398
36.078963,-79.007985,9,0.08,128.4,-7.16,4254003,-7.16,-7.16112,6.5689,2.39581,-0.01939,0.01924,-0.01405,25.47501,-26.07425,-58.37474
36.078963,-79.007986,9,0.02,128.4,-7.17,4254803,-7.17,-7.1683,6.58146,2.30369,-0.02352,0.01772,-0.00886,26.07425,-26.58579,-58.68167
36.078963,-79.007986,9,0.02,128.5,-7.08,4255003,-7.08,-7.08096,6.56232,2.35633,-0.0142,0.0223,-0.01665,25.34347,-26.55656,-58.14089
36.078962,-79.007987,9,0.08,128.5,-7.06,4255803,-7.06,-7.05883,6.6688,2.27617,-0.04184,-0.00061,-0.00382,25.54809,-26.83426,-58.75475
36.078962,-79.007987,9,0.08,128,-7.11,4256003,-7.11,-7.10668,6.57727,2.34437,-0.00321,0.03558,-0.01161,25.15346,-26.89272,-57.79012
36.078959,-79.007987,9,0.03,128,-6.76,4256803,-6.76,-6.75913,6.02573,2.52203,-0.06628,-0.02932,-0.06292,26.43964,-26.6881,-58.3309
36.078959,-79.007987,9,0.03,128,-7.36,4257003,-7.36,-7.35613,6.51506,2.29771,-0.00764,0.02978,0.00825,25.43116,-26.32271,-58.50629
36.078958,-79.007987,9,0.05,128,-7.24,4257803,-7.24,-7.24008,6.69153,2.39522,0.00031,0.03665,-0.02214,26.11809,-26.77579,-58.66706
36.078958,-79.007987,9,0.05,128,-6.84,4258003,-6.84,-6.83988,6.5001,2.08594,-0.03115,0.02016,-0.01191,25.59193,-26.81964,-58.59398
36.078957,-79.007987,9,0.07,128,-6.98,4258803,-6.98,-6.98405,6.55095,2.19362,-0.01756,0.02398,-0.01588,25.54809,-27.72581,-59.39783
36.078957,-79.007987,9,0.07,128,-7.28,4259003,-7.28,-7.27717,6.91227,2.36351,-0.00672,0.02932,-0.00794,25.51886,-27.37504,-59.25168
36.078957,-79.007988,9,0.13,128,-7.02,4259803,-7.02,-7.01755,6.67059,2.70509,-0.04856,0.0026,-0.09545,26.04502,-27.72581,-59.50014
36.078957,-79.007988,9,0.13,128.2,-7.24,4260003,-7.24,-7.24487,5.88874,3.22971,-0.06979,-0.06796,0.38897,26.2204,-27.65273,-58.91552
36.078956,-79.007987,9,0.12,128.2,-6.87,4260803,-6.87,-6.8662,6.58266,2.53819,-0.04337,0.00183,-0.02642,28.41274,-29.15814,-55.30547
36.078956,-79.007987,9,0.12,128,-6.98,4261003,-6.98,-6.97867,6.68196,2.51246,-0.00305,0.05055,-0.02688,28.54429,-29.20199,-55.34932
36.078956,-79.007989,9,0.05,128,-7.04,4261803,-7.04,-7.04387,6.66282,2.46879,-0.0171,0.02627,-0.01634,28.61736,-28.96814,-54.83777
36.078956,-79.007989,9,0.05,128,-7,4262003,-7,-7.00379,6.66999,2.18106,-0.01619,0.03085,-0.02123,28.8366,-29.962,-55.18854
36.078954,-79.007989,9,0.03,128,-7.22,4262803,-7.22,-7.21795,6.51386,2.77029,-0.03619,-0.00962,-0.01222,29.15814,-29.88892,-54.22391
36.078954,-79.007989,9,0.03,127.9,-7.27,4263003,-7.27,-7.26521,6.71247,2.16132,-0.02321,0.02245,-0.01069,29.40661,-29.87431,-55.08623
36.078955,-79.007991,9,0.02,127.9,-7.06,4263803,-7.06,-7.06182,6.68973,2.333,-0.01008,0.0339,-0.0139,29.18737,-29.962,-54.64776
36.078955,-79.007991,9,0.02,127.6,-6.97,4264003,-6.97,-6.97029,6.64307,2.50349,-0.01726,0.02474,-0.01451,29.23122,-30.10816,-54.19468
36.078954,-79.007992,9,0.12,127.6,-6.99,4264803,-6.99,-6.99362,6.72563,2.47538,-0.01161,0.03009,-0.02092,29.69892,-29.72815,-54.63315
36.078954,-79.007992,9,0.12,127.3,-7.03,4265003,-7.03,-7.02593,6.73998,2.33181,-0.02902,0.00718,-0.01008,29.962,-30.16662,-54.22391
36.078954,-79.007992,9,0.03,127.3,-6.92,4265803,-6.92,-6.92184,6.74238,2.44905,-0.02947,0.01145,-0.00687,29.97662,-30.26893,-54.48699
36.078954,-79.007992,9,0.03,127.3,-7.02,4266003,-7.02,-7.02293,6.70948,2.30728,-0.01833,0.02291,-0.00962,29.83046,-30.59047,-54.03391
36.078953,-79.007993,9,0.0,127.3,-7.01,4266803,-7.01,-7.00618,6.75195,2.32881,-0.02214,0.01756,-0.01176,29.962,-30.60509,-53.9316
36.078953,-79.007993,9,0.0,127.4,-6.92,4267003,-6.92,-6.92244,6.74357,2.39163,-0.02657,0.01878,-0.01054,29.90354,-30.45893,-53.69775
36.078954,-79.007994,9,0.05,127.4,-9.14,4267803,-9.14,-9.13699,7.64387,2.01476,-0.10324,-0.08873,0.24144,30.21046,-30.92663,-54.47237
36.078954,-79.007994,9,0.05,127.5,-5.91,4268003,-5.91,-5.90608,6.37508,1.38963,-0.16768,-0.00137,0.15745,32.51973,-30.66355,-54.29699
36.078955,-79.007995,9,0.06,127.5,-6.76,4268803,-6.76,-6.75554,6.7681,2.42213,-0.02459,0.02062,-0.02382,32.09588,-30.38585,-52.66004
36.078955,-79.007995,9,0.06,127.3,-6.95,4269003,-6.95,-6.95354,6.74716,2.45444,-0.01084,0.03024,-0.00519,30.91201,-28.63198,-52.09003
36.078954,-79.007995,9,0.07,127.3,-6.97,4269803,-6.97,-6.97029,6.74058,2.47837,-0.02169,0.02153,-0.01374,27.25811,-27.59427,-51.63695
36.078954,-79.007995,8,0.07,127.1,-6.95,4270003,-6.95,-6.94577,6.75135,2.44068,-0.02398,0.01741,-0.01451,27.82812,-27.03888,-50.9354
36.078954,-79.007994,8,0.03,127.1,-6.93,4270803,-6.93,-6.92842,6.76391,2.43171,-0.02245,0.02337,-0.01374,27.85735,-26.70272,-51.7831
36.078954,-79.007994,8,0.03,127.2,-6.91,4271003,-6.91,-6.91167,6.75673,2.44188,-0.01878,0.01955,-0.0142,27.52119,-26.58579,-51.35925
36.078953,-79.007994,8,0.07,127.2,-6.93,4271803,-6.93,-6.92662,6.74477,2.4323,-0.02199,0.0226,-0.01206,27.91582,-26.64426,-52.10464
36.078953,-79.007994,8,0.07,127.3,-6.92,4272003,-6.92,-6.92064,6.7675,2.45085,-0.02214,0.01878,-0.00932,27.71119,-27.17042,-51.60772
36.078952,-79.007993,8,0.0,127.3,-6.91,4272803,-6.91,-6.90987,6.78365,2.41615,-0.01817,0.01665,-0.01115,27.82812,-27.37504,-51.30079
36.078952,-79.007993,8,0.0,127.2,-6.87,4273003,-6.87,-6.87099,6.78126,2.39581,-0.02016,0.02107,-0.011,27.55042,-27.46273,-51.05233
36.078952,-79.007993,8,0.02,127.2,-6.77,4273803,-6.77,-6.77169,6.91645,2.26122,-0.05712,-0.01451,0.00183,28.51505,-21.83572,-50.38
36.078952,-79.007993,8,0.02,127.3,-6.9,4274003,-6.9,-6.90329,6.80279,2.42931,-0.00794,0.03299,-0.0087,27.12657,-23.85267,-48.83075
36.078951,-79.007992,8,0.02,127.3,-6.91,4274803,-6.91,-6.91466,6.79681,2.37428,-0.01833,0.02138,-0.01298,27.14119,-23.80883,-48.30459
36.078951,-79.007992,8,0.02,127.3,-6.92,4275003,-6.92,-6.91586,6.79861,2.41137,-0.02382,0.02046,-0.01374,27.28734,-23.34113,-47.50073
36.07895,-79.007992,8,0.03,127.3,-6.93,4275803,-6.93,-6.92543,6.80878,2.41496,-0.02046,0.01863,-0.00779,26.92195,-24.2473,-47.45689
36.07895,-79.007992,8,0.03,127.3,-6.91,4276003,-6.91,-6.90688,6.78006,2.4006,-0.01649,0.01939,-0.01252,27.63812,-23.47267,-47.33996
36.07895,-79.007992,8,0.01,127.3,-6.89,4276803,-6.89,-6.89013,6.8004,2.38624,-0.02367,0.01802,-0.01054,27.44811,-24.34961,-47.32534
36.07895,-79.007992,9,0.01,127.4,-6.91,4277003,-6.91,-6.90569,6.83031,2.40539,-0.02092,0.02001,-0.01161,27.59427,-23.67729,-47.25227
36.07895,-79.007992,9,0.05,127.4,-6.9,4277803,-6.9,-6.9027,6.82014,2.36112,-0.02001,0.02077,-0.00702,27.65273,-24.36422,-47.73458
36.07895,-79.007992,9,0.05,127.7,-6.87,4278003,-6.87,-6.87458,6.82792,2.37667,-0.02428,0.01665,-0.01206,27.94505,-23.39959,-47.71996
36.078951,-79.007992,9,0.05,127.7,-6.88,4278803,-6.88,-6.87996,6.81715,2.40539,-0.02153,0.0223,-0.01084,28.04736,-24.11576,-47.4715
36.078951,-79.007992,9,0.05,127.6,-6.7,4279003,-6.7,-6.7017,5.91925,1.63131,-0.04459,0.00702,-0.09896,27.52119,-23.98421,-46.74072
36.078951,-79.007991,9,0.01,127.6,-6.84,4279803,-6.84,-6.8351,6.87039,2.39402,-0.0307,0.01084,-0.00305,29.43584,-27.11196,-43.67144
36.078951,-79.007991,9,0.01,127.7,-6.93,4280003,-6.93,-6.93261,6.39841,2.29173,-0.03421,0.02764,0.0055,36.10056,-30.76586,-41.02602
36.07896,-79.007996,9,3.19,127.7,-4.8,4280803,-4.8,-4.8018,3.49532,-8.90668,-1.43523,-1.39949,-0.11148,37.91289,-22.27419,5.21777
36.07896,-79.007996,5,3.19,127.5,-1.41,4281003,-1.41,-1.40818,0.76511,-7.38186,-0.54825,-0.58521,-0.39783,46.50687,-16.58872,6.62087
36.078966,-79.008,5,1.83,127.5,3.81,4281803,3.81,3.81356,-4.17607,-7.51825,-0.39966,-0.94195,0.91599,65.6387,-8.06782,0.68693
36.078966,-79.008,5,1.83,127.4,4.54,4282003,4.54,4.53978,-4.35673,-7.83171,-0.53817,0.14569,0.11683,65.24408,-7.7755,0.02923
36.078972,-79.007999,5,0.51,127.4,5.14,4282803,5.14,5.14337,-3.80578,-7.55294,-0.28756,-0.48518,-0.40989,67.46565,-0.78924,-3.97545
36.078972,-79.007999,7,0.51,127,4.33,4283003,4.33,4.3346,-5.14038,-7.26341,-0.12905,-0.29367,-0.1576,69.39491,2.49927,-8.36013
36.078978,-79.008004,7,0.18,127,6.11,4283803,6.11,6.10947,-3.64367,-6.69272,0.02199,-0.04307,-0.07559,73.89652,-7.35165,-12.10172
36.078978,-79.008004,7,0.18,127.4,4.95,4284003,4.95,4.95075,2.96172,-19.56192,1.16355,1.85963,1.46211,74.02806,-7.64396,-12.04326
36.078981,-79.008005,7,0.23,127.4,5.99,4284803,5.99,5.98983,-2.98026,-6.76152,-0.05864,0.00657,-0.01436,72.81496,-9.85092,-9.70477
36.078981,-79.008005,7,0.23,127.4,5.78,4285003,5.78,5.78285,-2.78285,-6.85125,0.02886,0.06002,-0.04841,73.04882,-11.2394,-9.63169
36.078984,-79.008005,7,0.29,127.4,5.49,4285803,5.49,5.49332,-2.7673,-6.19083,-0.02306,0.05421,0.3737,75.15347,-12.58404,-13.63636
36.078984,-79.008005,7,0.29,127.1,6.13,4286003,6.13,6.13161,-1.81496,-7.40997,0.6017,-0.15837,0.07636,73.94037,-13.73867,-11.94095
36.07899,-79.008008,7,0.62,127.1,2.14,4286803,2.14,2.14158,1.61037,-11.60399,-0.48839,0.458,0.82039,81.21894,-2.23619,-10.87401
36.07899,-79.008008,7,0.62,127.3,5.39,4287003,5.39,5.39163,0.41396,-5.3354,-1.8326,-1.32283,3.52271,76.81965,-12.80327,-5.17393
36.078994,-79.008007,7,0.53,127.3,3.22,4287803,3.22,3.21894,7.12941,-5.02373,-0.19975,0.51832,-0.27306,25.13885,-53.49313,-5.11546
36.078994,-79.008007,7,0.53,127.3,3.55,4288003,3.55,3.54676,4.28016,-7.52782,-0.82329,0.3485,-0.23289,20.30108,-49.03537,-0.20462
36.078997,-79.008005,7,0.09,127.3,3.47,4288803,3.47,3.466,5.62194,-6.4349,0.4864,0.36194,0.2587,14.60099,-48.71383,9.13476
36.078997,-79.008005,7,0.09,128,3.2,4289003,3.2,3.20279,5.60459,-6.91466,-0.29092,0.64217,0.17455,9.52938,-49.62,7.7755
36.078994,-79.008008,7,1.48,128,5.63,4289803,5.63,5.6333,-2.87797,-6.81715,-1.02182,0.07407,-0.1208,81.92049,0.29231,-11.7071
36.078994,-79.008008,7,1.48,127.7,5.36,4290003,5.36,5.35932,-4.06541,-6.01257,0.11698,0.59697,-0.19777,81.21894,-6.31394,-8.34551
36.078995,-79.008004,7,1.22,127.7,5.7,4290803,5.7,5.70449,-3.0676,-6.14357,0.29077,-0.8546,0.50748,69.35107,-11.12248,-2.01695
36.078995,-79.008004,7,1.22,128.3,6.14,4291003,6.14,6.14238,-4.47518,-7.62712,-0.7926,0.70036,-1.09421,68.9126,-11.9848,-1.79772
36.079,-79.008,7,1.06,128.3,5.02,4291803,5.02,5.02373,-5.74337,-6.12024,-0.03406,0.02184,-0.08628,71.85033,3.63929,-9.38322
36.079,-79.008,7,1.06,128.3,3.09,4292003,3.09,3.08674,-8.3683,-3.73041,0.4328,-0.22098,0.41142,73.06343,8.46244,-12.74481
36.079001,-79.008001,7,0.15,128.3,5.21,4292803,5.21,5.21396,-4.85743,-6.41516,0.03833,0.03742,-0.00046,74.33499,0.2777,-10.18708
36.079001,-79.008001,8,0.15,128.6,5.28,4293003,5.28,5.28096,-4.74198,-6.4684,0.01145,0.02169,-0.05238,73.95498,0.67232,-10.37708
36.078997,-79.007998,8,1.29,128.6,2.1,4293803,2.1,2.10329,0.1992,-8.14696,1.47738,0.55222,0.54123,63.35867,-23.6919,-6.35779
36.078997,-79.007998,7,1.29,128.6,1.96,4294003,1.96,1.95912,2.85165,-8.68056,0.57574,-0.3543,0.27703,61.22479,-31.6428,-10.47939
36.078994,-79.007994,7,0.64,128.6,3.23,4294803,3.23,3.22911,6.35115,-5.14517,0.18341,0.07422,0.21289,62.78866,-41.68372,-25.28501
36.078994,-79.007994,8,0.64,128.4,2.9,4295003,2.9,2.90369,6.56291,-5.98266,0.17379,0.06185,-0.09224,62.8325,-42.09296,-26.52733
36.078992,-79.007989,8,0.05,128.4,2.86,4295803,2.86,2.85763,5.42393,-5.79841,-0.2448,0.05773,-0.34071,63.54867,-44.67992,-30.51739
36.078992,-79.007989,8,0.05,128.8,2.92,4296003,2.92,2.92463,6.72981,-5.75474,0.00641,-0.01772,-0.0927,64.52792,-44.38761,-32.08126
36.078987,-79.007985,8,0.09,128.8,2.74,4296803,2.74,2.74337,7.62952,-5.45145,0.10446,-0.07407,0.11729,64.01637,-45.39608,-34.21514
36.078987,-79.007985,8,0.09,128.5,2.01,4297003,2.01,2.01296,7.42852,-5.34557,0.03971,0.25336,-0.03344,63.28559,-45.52762,-34.59515
36.078984,-79.007983,8,0.12,128.5,3.55,4297803,3.55,3.54915,7.33161,-6.29073,-0.16356,-0.14951,-0.12706,62.52558,-45.133,-35.47208
36.078984,-79.007983,8,0.12,128.3,3.16,4298003,3.16,3.16212,9.37568,-6.67956,-0.37385,-0.30482,0.09423,63.37329,-44.98685,-32.89974
36.078983,-79.007981,8,0.1,128.3,1.75,4298803,1.75,1.75095,8.11825,-5.98086,-0.12339,-0.20983,0.18967,64.20638,-34.58053,-31.51125
36.078983,-79.007981,9,0.1,128.5,3.19,4299003,3.19,3.18844,6.35653,-2.35932,-0.13546,-4.48222,3.72307,36.69979,-36.18825,-25.25577
36.078983,-79.007977,9,0.3,128.5,-0.73,4299803,-0.73,-0.7322,7.72822,-3.94038,0.68402,0.00886,0.31047,14.14791,-33.35282,-21.03186
36.078983,-79.007977,9,0.3,128.4,-2.02,4300003,-2.02,-2.01894,8.21456,-3.85663,-0.05116,1.35459,0.14722,10.88863,-33.39667,-24.58345
36.078983,-79.007974,9,0.28,128.4,-4.09,4300803,-4.09,-4.08993,8.38325,-2.15354,0.12981,-0.30329,-0.3372,14.30868,-26.36656,-39.52061
36.078983,-79.007974,9,0.28,128.5,-3.08,4301003,-3.08,-3.07777,9.12742,-1.65045,-0.30818,0.31964,-0.96563,19.80415,-30.02046,-38.43905
36.078978,-79.00797,9,0.2,128.5,-2.96,4301803,-2.96,-2.95813,3.87697,-7.39741,-1.2425,0.13531,-0.72861,52.74773,-30.51739,7.16165
36.078978,-79.00797,9,0.2,128.5,-2.86,4302003,-2.86,-2.85583,2.10748,-8.34317,-1.32909,-0.10904,0.06414,58.57936,-21.67495,9.06168
36.078978,-79.007964,9,1.4,128.5,0.38,4302803,0.38,0.37926,-1.91545,-8.88096,-1.82465,-0.9195,0.23442,67.75797,-21.19263,13.69483
36.078978,-79.007964,9,1.4,129.2,0.46,4303003,0.46,0.46122,-3.40319,-8.96172,-1.12567,-0.49954,0.87919,71.13417,-15.31716,9.89477
36.078976,-79.007957,9,1.47,129.2,2.11,4303803,2.11,2.10927,-1.60798,-9.93261,0.11561,-0.11942,0.10782,73.70652,-27.25811,9.22245
36.078976,-79.007957,9,1.47,130,3.81,4304003,3.81,3.80758,-3.02752,-5.32164,1.12705,-0.197,-0.57101,74.86115,-20.76878,7.38088
36.078974,-79.007946,9,2.29,130,2.76,4304803,2.76,2.75952,-0.91167,-8.16012,0.06246,-0.34544,0.04139,80.60509,-26.60041,1.71003
36.078974,-79.007946,4,2.29,130.3,10.16,4305003,10.16,10.15933,-2.44008,-2.15294,-0.57757,-1.18202,-0.35277,81.65741,-24.13037,0.24847
36.078964,-79.007931,0,1.9,130.3,4.77,4306803,4.77,4.7689,0.18784,-7.90768,-0.02871,-0.12095,0.08186,87.85442,-13.25636,-6.24087
36.078964,-79.007931,4,1.9,131.3,4.1,4307003,4.1,4.09831,-0.08674,-9.12682,-0.1292,0.0759,-0.02275,85.54517,-7.76089,-5.74393
36.078952,-79.00792,4,2.6,131.3,-5.73,4307803,-5.73,-5.73141,5.97787,-6.25783,-1.07543,-0.45632,-0.39889,15.98948,-28.51505,1.00848
36.078952,-79.00792,4,2.6,132.2,-3.67,4308003,-3.67,-3.6658,7.14317,-5.54656,-1.76143,-3.68459,2.36237,47.90997,2.38234,31.71587
36.078972,-79.007936,4,0.18,132.2,-2.02,4308803,-2.02,-2.02313,0.34397,-9.88355,-0.21136,2.20858,-2.46499,65.84332,8.94475,8.75475
36.078972,-79.007936,7,0.18,133.7,-1.24,4309003,-1.24,-1.24128,-0.15852,-9.68435,-2.2095,1.3294,-0.92638,55.65624,20.75417,13.5779
36.078972,-79.007933,7,0.6,133.7,-3.39,4309803,-3.39,-3.38824,-6.06999,-7.56371,-0.54932,0.0336,-0.04551,86.40749,22.47881,21.68956
36.078972,-79.007933,7,0.6,134,-1.89,4310003,-1.89,-1.88854,-6.62991,-6.56591,-0.56352,0.24358,0.6492,101.84157,31.48202,37.40134
36.078974,-79.007929,7,0.03,134,-4.88,4310803,-4.88,-4.87657,-7.09233,-5.01655,-0.04108,0.08674,0.34972,85.1067,40.30985,20.5057
36.078974,-79.007929,8,0.03,133,-3.55,4311003,-3.55,-3.54915,-8.11944,-5.30848,0.03971,-0.33124,0.29459,90.93832,25.67963,18.73721
36.078971,-79.007925,8,0.23,133,-2.08,4311803,-2.08,-2.07817,-5.10748,-8.55913,-0.33292,-0.06689,0.16753,81.20432,28.76352,23.16574
36.078971,-79.007925,7,0.23,132.3,-1.77,4312003,-1.77,-1.77189,-9.08495,-6.5025,0.13683,0.56719,0.95051,85.41362,29.3043,22.78574
36.07897,-79.007929,7,0.14,132.3,-6.27,4312803,-6.27,-6.26979,-9.29013,-4.94955,1.57878,-1.18065,1.24281,95.57147,19.33645,26.74656
36.07897,-79.007929,8,0.14,131.9,-1.05,4313003,-1.05,-1.05284,-7.48355,-6.97089,0.15211,-0.45189,-0.45907,94.48991,21.95265,23.95498
36.078969,-79.007933,8,0.87,131.9,0,4313803,0,0.00419,-6.1687,-7.18206,0.11347,-0.02749,-0.02352,97.10611,24.70038,13.3879
36.078969,-79.007933,8,0.87,132.3,-1.14,4314003,-1.14,-1.14018,-2.45444,-6.98884,-0.34667,0.30497,0.06903,97.10611,26.32271,8.5209
36.07897,-79.007947,8,0.7,132.3,1.7,4314803,1.7,1.70489,-11.03869,-8.44726,-0.34972,-0.02077,-0.12767,87.3575,29.97662,0.57001
36.07897,-79.007947,7,0.7,132.8,0.2,4315003,0.2,0.20279,-6.85544,-6.536,0.08674,-0.05421,-0.09881,85.53055,31.29202,1.11079
36.078974,-79.007955,7,0.06,132.8,0.99,4315803,0.99,0.98644,-7.42912,-6.12264,-0.32727,2.58793,3.46605,64.36714,29.62584,7.51242
36.078974,-79.007955,8,0.06,132.5,1.82,4316003,1.82,1.81795,-7.55594,-5.71645,-1.07619,-0.26588,1.49952,60.64016,35.72055,13.44636
36.078977,-79.007958,8,0.24,132.5,4,4316803,4,4.00379,-9.42413,-4.6008,0.05666,-0.25565,-0.23091,70.47646,17.18796,13.13943
36.078977,-79.007958,8,0.24,131.9,4.15,4317003,4.15,4.15454,-5.83968,-4.65583,0.14187,0.32361,0.36255,80.34201,37.56212,11.3271
36.078982,-79.007964,8,0.17,131.9,2,4317803,2,2.00459,-4.48116,-7.92204,0.80481,0.31643,-0.04169,43.61298,4.03391,17.67027
36.078982,-79.007964,9,0.17,131.2,0.14,4318003,0.14,0.14417,1.1336,-10.85205,1.11941,0.17761,-1.38376,41.0114,-3.09851,19.54107
36.078985,-79.007966,9,0.47,131.2,-3.33,4318803,-3.33,-3.3344,-3.7328,-7.70489,-0.83841,0.47647,-1.93476,58.37474,49.45922,6.82549
36.078985,-79.007966,9,0.47,130.5,-5.91,4319003,-5.91,-5.91027,-4.25444,-7.61935,-0.59178,-0.11057,-0.22846,51.06694,54.06314,-2.54312
36.078989,-79.007969,9,0.1,130.5,-4.15,4319803,-4.15,-4.15274,-5.53221,-5.88814,0.90408,-0.49541,0.74449,76.77579,93.91991,8.19936
36.078989,-79.007969,9,0.1,130.1,-4.38,4320003,-4.38,-4.37647,-6.6018,-7.15933,0.29276,-0.34086,-0.13775,77.24349,90.3537,11.0494
36.078992,-79.007974,9,0.24,130.1,-3.48,4320803,-3.48,-3.47976,-6.45643,-7.21675,0.14875,0.05177,-0.10843,82.53435,91.52294,17.08565
36.078992,-79.007974,9,0.24,129.5,-3.34,4321003,-3.34,-3.33799,-0.74237,-5.333,0.74098,-0.61774,-0.18311,80.41508,88.86291,8.56475
36.078995,-79.007975,9,0.26,129.5,-1.36,4321803,-1.36,-1.36032,-2.18166,-6.91286,0.04917,0.0507,0.42333,75.38731,71.89418,-1.57849
36.078995,-79.007975,9,0.26,129.2,-3.17,4322003,-3.17,-3.16929,-6.44806,-6.84706,-0.07834,-0.14981,-0.17669,75.92809,69.80415,-2.93774
36.078997,-79.007977,9,0.15,129.2,-1.49,4322803,-1.49,-1.48714,-7.21137,-6.37268,0.20159,0.1996,0.34147,72.85881,60.88863,-5.87547
36.078997,-79.007977,9,0.15,129.2,-1.41,4323003,-1.41,-1.41236,-6.07956,-7.34417,0.01756,-0.02825,0.18066,61.45863,54.03391,-1.75387
36.079003,-79.00798,9,0.49,129.2,-3.82,4323803,-3.82,-3.82493,4.05763,-11.01297,0.43998,0.02596,1.01266,42.18065,3.47852,14.84946
36.079003,-79.00798,9,0.49,128.9,0.56,4324003,0.56,0.55633,-4.44168,-8.51306,-0.45021,0.33201,0.96272,39.02368,-2.39696,15.09793
36.078999,-79.007975,9,0.16,128.9,-1,4324803,-1,-1.00499,-0.3015,-10.16232,-1.67652,0.81627,-4.22062,52.47004,26.74656,7.36627
36.078999,-79.007975,9,0.16,129,-4.48,4325003,-4.48,-4.48415,-3.28235,-7.73061,-1.72554,1.41385,-1.9088,36.87518,42.09296,2.00234
36.078996,-79.007974,9,0.44,129,-8.02,4325803,-8.02,-8.02314,-2.96471,-4.74616,0.2839,0.55971,0.47449,6.09471,83.71821,-43.10143
36.078996,-79.007974,9,0.44,128.9,-9.78,4326003,-9.78,-9.78365,-4.4004,-3.56531,-0.49526,0.09255,-0.24022,8.93014,91.88834,-42.23911
36.078997,-79.007974,9,0.52,128.9,-14.39,4326803,-14.39,-14.39044,-4.50568,-2.77089,-4.02041,1.99677,-4.09402,6.28471,100.9354,-45.00146
36.078997,-79.007974,9,0.52,128,-16.2,4327003,-16.2,-16.2012,18.03949,-9.32722,2.13345,-3.07784,1.25395,7.93628,93.46683,-42.38527
36.078996,-79.007971,9,0.45,128,-1.87,4327803,-1.87,-1.86521,0.20459,-9.86501,-0.25488,0.53909,-0.04856,25.62116,86.84595,-40.47062
36.078996,-79.007971,8,0.45,127.5,-7.83,4328003,-7.83,-7.82812,-7.01456,-3.05922,0.05605,0.48747,0.02398,30.60509,83.86436,-41.63987
36.078994,-79.007969,8,0.09,127.5,-6.54,4328803,-6.54,-6.54198,-7.13241,-3.40499,0.19777,0.19731,0.07483,34.639,69.38029,-25.13885
36.078994,-79.007969,8,0.09,127,-6.29,4329003,-6.29,-6.29133,-6.66401,-3.87936,-0.18127,-0.21594,-0.3488,31.13125,66.09179,-21.54341
36.078996,-79.007971,8,0.94,127,-3.74,4329803,-3.74,-3.74417,-2.07757,-7.17308,0.76435,-1.10139,-0.94608,19.19029,21.42648,10.47939
36.078996,-79.007971,8,0.94,127.4,-2.2,4330003,-2.2,-2.19661,-6.09691,-7.84607,1.54335,-0.54932,0.74006,24.77346,20.38877,12.4525
36.078997,-79.007977,8,1.09,127.4,-0.78,4330803,-0.78,-0.78425,-9.47079,-0.82732,-0.7167,-0.67943,-0.10843,21.4411,56.41626,-23.57498
36.078997,-79.007977,9,1.09,128.1,-3.29,4331003,-3.29,-3.28535,-8.84985,0.91765,-1.14568,-4.31668,-3.33517,23.92575,49.94154,-21.26571
36.078999,-79.007976,9,0.89,128.1,-6.63,4331803,-6.63,-6.62812,1.26102,-6.84826,0.42073,-0.03268,0.42348,26.20579,24.91961,-10.55247
36.078999,-79.007976,8,0.89,127.9,-7.29,4332003,-7.29,-7.29273,1.32503,-6.59641,0.06796,-0.06888,0.10431,26.32271,26.36656,-12.05788
36.078997,-79.007976,8,0.28,127.9,-9.58,4332803,-9.58,-9.58206,-5.28993,-3.43968,-1.5206,0.73823,0.82299,45.79071,31.23356,-24.56884
36.078997,-79.007976,8,0.28,126.5,-7.18,4333003,-7.18,-7.17548,-4.65823,-3.96012,-0.66447,-0.49343,-0.44135,52.8062,31.58433,-29.28968
36.078987,-79.007974,8,0.07,126.5,-7.3,4333803,-7.3,-7.3011,-4.64447,-5.5017,-0.28818,-0.03925,-0.59178,52.82081,17.43642,-23.44344
36.078987,-79.007974,8,0.07,125.7,-6.63,4334003,-6.63,-6.6341,-4.35733,-6.30868,0.04963,0.0365,0.27978,50.67232,23.12189,-23.7796
36.07898,-79.007973,8,0.01,125.7,-5.67,4334803,-5.67,-5.67099,-0.8321,-8.24686,-0.05513,0.37874,-0.55741,37.0798,28.88044,-8.15551
36.07898,-79.007973,8,0.01,124.2,-6.62,4335003,-6.62,-6.61675,-1.33998,-7.136,-0.6744,0.64675,-0.41661,30.66355,31.8328,-8.28705
36.078976,-79.007972,8,0.31,124.2,-8.85,4335803,-8.85,-8.84866,0.12263,-4.87956,0.09514,0.69226,-0.47663,-3.08389,13.32944,-19.51184
36.078976,-79.007972,8,0.31,123.7,-7.54,4336003,-7.54,-7.53799,1.41476,-3.22911,-0.04062,-0.88163,-0.36957,-9.19322,9.41245,-33.41128
36.078971,-79.007974,8,1.39,123.7,-8.22,4336803,-8.22,-8.21516,1.34536,-3.86321,0.47357,-0.36011,0.0029,-21.95265,8.46244,-52.35312
36.078971,-79.007974,7,1.39,123.8,-7.19,4337003,-7.19,-7.19223,2.16012,-3.13041,0.19899,0.75931,0.64798,-20.21339,10.68401,-53.36159
36.078972,-79.007974,7,0.17,123.8,-15.84,4337803,-15.84,-15.8363,-3.35234,-4.00798,1.25334,-1.7709,-1.3775,-21.55802,18.18182,-66.47179
36.078972,-79.007974,8,0.17,123.7,-8.04,4338003,-8.04,-8.03809,4.11865,1.83051,2.02868,1.13865,-0.95585,-15.98948,10.2017,-70.038
36.078969,-79.007972,8,0.45,123.7,-9.41,4338803,-9.41,-9.41396,0.90509,0.48514,-0.0533,0.15959,0.08735,-12.49635,18.98568,-70.11108
36.078969,-79.007972,8,0.45,124,-9.79,4339003,-9.79,-9.78664,1.78265,-1.01635,0.11194,-0.12767,-0.25015,-10.27477,17.68489,-72.40573
36.078968,-79.007976,8,0.99,124,-9.53,4339803,-9.53,-9.5348,1.54098,1.07617,-0.01451,0.06613,0.00977,-7.76089,21.26571,-74.26191
36.078968,-79.007976,8,0.99,124.6,-12.37,4340003,-12.37,-12.3667,0.0999,6.44148,-0.49068,0.46701,-2.51417,-5.55393,24.96346,-78.44198
36.078964,-79.007972,8,0.85,124.6,-5.93,4340803,-5.93,-5.9342,2.2331,7.54936,0.45479,-0.08094,-0.24144,-6.82549,13.92868,-58.66706
36.078964,-79.007972,7,0.85,124.4,-6.75,4341003,-6.75,-6.74716,4.20718,3.58923,-0.36438,0.4102,-0.9499,-22.14265,19.02952,-49.2546
36.078961,-79.007969,7,0.91,124.4,-7.85,4341803,-7.85,-7.84906,-1.04447,4.36331,-4.13693,-0.85032,2.58304,2.70389,24.65653,-65.8287
36.078961,-79.007969,4,0.91,124.5,-10.78,4342003,-10.78,-10.77847,1.5679,3.71785,-0.95784,0.06536,-0.31704,-1.34464,13.09559,-64.16253
36.078958,-79.007968,4,0.56,124.5,-0.73,4342803,-0.73,-0.72562,2.52562,-3.68734,3.89976,2.20018,-1.13422,-2.17773,-29.33353,-50.87694
36.078958,-79.007968,6,0.56,124.4,-6.12,4343003,-6.12,-6.12024,6.15135,0.79561,-0.60277,0.69333,0.68356,0.11692,-29.71354,-57.68781
36.078961,-79.007971,6,0.2,124.4,-8.26,4343803,-8.26,-8.26122,5.94557,-2.15474,-0.20036,-0.02611,0.01542,5.23239,-24.75884,-56.06548
36.078961,-79.007971,7,0.2,124.9,-8.65,4344003,-8.65,-8.65424,5.80678,-3.41815,-0.51969,-0.51374,0.00504,0.23385,-26.3081,-56.38702
36.078961,-79.007972,7,0.37,124.9,-8.95,4344803,-8.95,-8.94916,3.999,-1.21914,1.91522,-0.13867,0.26618,-13.25636,-8.0532,-57.33703
36.078961,-79.007972,8,0.37,125.3,-7.52,4345003,-7.52,-7.52423,3.02213,0.94277,0.12859,1.05527,-0.2813,-15.88717,-6.72318,-58.12628
36.078961,-79.007975,8,0.48,125.3,-10.57,4345803,-10.57,-10.5697,7.07498,0.68853,1.19959,0.45433,-1.07497,-6.48933,-9.80707,-66.25256
36.078961,-79.007975,8,0.48,125.2,-10.36,4346003,-10.36,-10.36451,11.0028,2.91266,-1.15255,1.43004,-1.36421,-4.54545,-7.23473,-67.67027
36.078959,-79.007971,8,0.51,125.2,-8.2,4346803,-8.2,-8.19542,5.6674,4.21436,0.85659,1.10643,-0.38622,3.50775,-6.1824,-74.97808
36.078959,-79.007971,8,0.51,125.4,-10.16,4347003,-10.16,-10.16052,3.68076,1.08275,1.29534,-0.07727,-0.62385,5.27624,-1.18386,-68.19643
36.078958,-79.007972,8,0.15,125.4,-6.24,4347803,-6.24,-6.24347,5.33659,9.30569,0.12324,-0.5985,-0.28604,-13.87021,12.07249,-50.89156
36.078958,-79.007972,5,0.15,125.7,-7.4,4348003,-7.4,-7.40399,-2.33181,8.37129,-0.4102,-0.41829,2.08229,-8.7109,22.01111,-53.63929
36.078957,-79.007977,5,0.58,125.7,-8.65,4348803,-8.65,-8.65364,0.62154,0.56471,-4.07172,-2.38512,1.10246,0.43847,14.87869,-48.2169
36.078957,-79.007977,5,0.58,126.2,-8.81,4349003,-8.81,-8.81217,0.25543,-4.14736,-0.74816,-1.40026,-0.20479,-0.58462,14.67407,-35.2967
36.078957,-79.007977,5,0.36,126.2,-9.65,4349803,-9.65,-9.65265,2.97547,-4.49073,-0.29627,-0.01191,0.04276,2.61619,17.30488,-25.50424
36.078957,-79.007977,5,0.36,126.2,-9.01,4350003,-9.01,-9.00778,1.22931,-5.80618,1.03297,-0.29795,-1.05588,3.63929,16.7641,-27.74043
36.078952,-79.007983,5,1.96,126.2,-5.85,4350803,-5.85,-5.84985,3.24108,-4.91546,-0.51404,0.16906,-0.02932,2.67466,6.85472,-23.10728
36.078952,-79.007983,4,1.96,126.3,-7.82,4351003,-7.82,-7.82214,2.95932,-5.08834,-0.00855,-0.05864,-0.04032,2.79158,6.7378,-22.8442
36.078953,-79.007984,4,0.32,126.3,-8.28,4351803,-8.28,-8.28036,1.99262,-5.55314,-0.03482,0.02321,-0.03787,-1.49079,-1.85618,-24.75884
36.078953,-79.007984,5,0.32,126.4,-7.81,4352003,-7.81,-7.80778,1.98844,-5.39342,-0.43799,-0.21594,-0.07483,0.29231,-1.62233,-23.66267
36.078952,-79.007984,5,0.17,126.4,-8.52,4352803,-8.52,-8.51606,3.10828,-5.25225,-0.20357,0.00153,-0.1266,3.81467,-3.99006,-26.73195
36.078952,-79.007984,6,0.17,127.3,-9.48,4353003,-9.48,-9.47976,2.86481,-4.84188,0.37981,0.23198,-0.23381,4.3116,-3.55159,-27.08272
36.078948,-79.007982,6,0.48,127.3,-10.14,4353803,-10.14,-10.14258,2.85763,0.83868,0.09865,1.41217,-0.41218,8.63783,-1.92926,-52.17773
36.078948,-79.007982,7,0.48,127.5,-7.45,4354003,-7.45,-7.44886,3.37089,5.34138,1.98119,1.37246,-0.71089,18.1672,1.3154,-64.92254
36.079119,-79.007759,0,0.68,127.5,5.9,4366803,5.9,5.90489,-1.04925,7.96451,-0.00367,0.00687,-0.00428,88.17597,7.13242,-55.02777
36.079119,-79.007759,4,0.68,129.6,5.91,4367003,5.91,5.91147,-1.07438,8.1009,-0.00977,0.01191,-0.00199,87.97135,6.7378,-54.99854
36.079111,-79.007831,4,0.58,129.6,5.89,4367803,5.89,5.88814,-1.02293,7.99083,-0.00962,0.00993,-0.00535,88.45367,6.6501,-54.73546
36.079111,-79.007831,7,0.58,126.7,5.9,4368003,5.9,5.89771,-1.03908,7.95135,-0.01573,0.01924,-0.0055,88.2929,6.54779,-54.50161
36.079059,-79.007904,7,0.33,126.7,5.92,4368803,5.92,5.92283,-1.02233,7.83949,-0.01298,0.01252,-0.01359,88.33674,6.78164,-54.09237
36.079059,-79.007904,5,0.33,124,5.87,4369003,5.87,5.87438,-1.0337,8.00818,-0.01344,0.01268,-0.01313,88.11751,6.94241,-54.56007
36.079041,-79.007924,5,0.16,124,5.87,4369803,5.87,5.87199,-1.02532,8.01297,-0.01329,0.01512,-0.01161,87.9129,6.81087,-54.50161
36.079041,-79.007924,5,0.16,123.3,5.88,4370003,5.88,5.87617,-1.02532,7.97109,-0.01527,0.01344,-0.01298,88.02982,6.88395,-54.23853
36.079022,-79.007941,5,0.33,123.3,5.88,4370803,5.88,5.87857,-1.01755,7.98365,-0.01466,0.01436,-0.01206,87.8252,7.1178,-54.60392
36.079022,-79.007941,6,0.33,122,5.86,4371003,5.86,5.86421,-1.01037,7.99322,-0.01619,0.01634,-0.01054,87.59135,7.03011,-54.69161
36.079014,-79.007951,6,0.16,122,5.88,4371803,5.88,5.88216,-1.02592,8.02134,-0.01283,0.01787,-0.00764,88.71675,7.05934,-54.76469
36.079014,-79.007951,5,0.16,121.5,5.89,4372003,5.89,5.89472,-1.01216,8.02493,-0.01176,0.01436,-0.00916,88.08828,7.00088,-54.32622
36.079007,-79.007953,5,0.09,121.5,5.85,4372803,5.85,5.84567,-1.04447,8.01895,-0.0142,0.01756,-0.0026,88.04443,6.76703,-54.1216
36.079007,-79.007953,6,0.09,121,5.83,4373003,5.83,5.8343,-1.00798,8.01835,-0.01191,0.01161,-0.01008,88.16135,6.59164,-53.75621
36.07899,-79.00796,6,0.17,121,5.88,4373803,5.88,5.87976,-1.01456,8.00878,-0.01374,0.00916,-0.01237,87.95674,6.03625,-54.04853
36.07899,-79.00796,7,0.17,121.1,5.87,4374003,5.87,5.866,-0.99841,8.03091,-0.01527,0.01512,-0.01054,88.35136,6.24087,-54.37007
36.078975,-79.007961,7,0.02,121.1,5.86,4374803,5.86,5.85883,-1.00558,8.06381,-0.01436,0.00977,-0.01084,87.86904,6.60626,-54.82315
36.078975,-79.007961,7,0.02,121.2,5.85,4375003,5.85,5.84806,-1.02473,8.02852,-0.01374,0.01268,-0.01237,88.0152,6.94241,-54.1216
36.078968,-79.007963,7,0.13,121.2,5.84,4375803,5.84,5.84088,-0.99482,8.04347,-0.01329,0.01527,-0.0113,87.34288,6.50395,-54.82315
36.078968,-79.007963,7,0.13,121.3,5.83,4376003,5.83,5.82712,-1.00977,8.02912,-0.01451,0.01573,-0.01054,88.00058,7.2055,-55.86086
36.078959,-79.007969,7,0.43,121.3,5.82,4376803,5.82,5.81875,-0.98943,8.02254,-0.01695,0.01817,-0.01252,87.5475,6.47471,-54.04853
36.078959,-79.007969,7,0.43,121.6,5.84,4377003,5.84,5.83609,-1.00738,8.02792,-0.0142,0.01497,-0.00962,88.02982,6.7378,-54.64776
36.078959,-79.007968,7,0.64,121.6,5.85,4377803,5.85,5.84746,-0.97807,8.02792,-0.01359,0.01344,-0.01176,88.08828,6.48933,-55.17393
36.078959,-79.007968,7,0.64,122.3,5.87,4378003,5.87,5.8666,-0.9996,8.00758,-0.01619,0.01558,-0.00962,88.1029,6.89857,-54.42853
36.078953,-79.007973,7,0.32,122.3,5.84,4378803,5.84,5.84088,-1.00499,8.02074,-0.01802,0.01665,-0.01008,88.36597,6.29933,-55.01316
36.078953,-79.007973,7,0.32,122.1,5.83,4379003,5.83,5.83011,-0.99482,8.03211,-0.01176,0.01558,-0.00962,88.11751,6.53318,-54.44315
36.078949,-79.007975,7,0.13,122.1,5.86,4379803,5.86,5.85883,-1.01456,8.00938,-0.0139,0.01802,-0.01206,87.97135,7.07396,-54.60392
36.078949,-79.007975,7,0.13,122.2,5.87,4380003,5.87,5.8666,-1.00917,8.02254,-0.01573,0.01374,-0.01298,87.25519,6.72318,-54.61853
36.07895,-79.007971,7,0.48,122.2,5.85,4380803,5.85,5.84926,-0.98704,8.02971,-0.01329,0.01054,-0.00932,88.02982,6.44548,-54.22391
36.07895,-79.007971,6,0.48,122.5,5.81,4381003,5.81,5.81217,-0.98764,8.05185,-0.01695,0.01527,-0.011,88.1029,6.85472,-54.53084
36.07895,-79.007971,6,0.3,122.5,5.83,4381803,5.83,5.83011,-1.00857,8.06561,-0.01298,0.01237,-0.01237,87.7375,6.35779,-55.40778
36.07895,-79.007971,6,0.3,122.7,5.84,4382003,5.84,5.8355,-0.98405,8.0692,-0.0139,0.0171,-0.00702,87.66443,6.2701,-54.60392
36.07895,-79.007974,6,0.07,122.7,5.83,4382803,5.83,5.83131,-1.00917,8.04886,-0.01573,0.01466,-0.01222,87.67904,5.84624,-55.20316
36.07895,-79.007974,6,0.07,122.4,5.82,4383003,5.82,5.81755,-0.97926,8.04826,-0.01359,0.01191,-0.01298,87.97135,6.1824,-54.99854
36.078952,-79.007972,6,0.08,122.4,5.84,4383803,5.84,5.83849,-0.98166,8.05185,-0.01772,0.01649,-0.01115,87.76674,6.75241,-54.54546
36.078952,-79.007972,7,0.08,122,5.8,4384003,5.8,5.79721,-0.99482,8.05544,-0.01268,0.01451,-0.00932,87.88366,5.58316,-55.55393
36.078954,-79.007972,7,0.28,122,5.83,4384803,5.83,5.83251,-0.99302,8.08595,-0.01436,0.01466,-0.01145,87.75212,5.97778,-55.48085
36.078954,-79.007972,7,0.28,120.6,5.83,4385003,5.83,5.82832,-0.99541,8.02074,-0.01466,0.01604,-0.01268,87.81059,6.35779,-54.44315
36.078953,-79.007972,7,0.12,120.6,5.81,4385803,5.81,5.80798,-0.99183,8.02732,-0.01344,0.01741,-0.01084,88.39521,6.35779,-54.9693
36.078953,-79.007972,7,0.12,120.7,5.82,4386003,5.82,5.81635,-0.99721,8.06621,-0.01542,0.01329,-0.01115,87.97135,6.44548,-55.30547
36.078954,-79.007969,7,0.07,120.7,5.82,4386803,5.82,5.82413,-0.97268,8.03031,-0.01802,0.01497,-0.01268,88.33674,6.70856,-54.94007
36.078954,-79.007969,7,0.07,121.6,5.82,4387003,5.82,5.82054,-0.9996,8.04946,-0.01542,0.0168,-0.01176,88.02982,6.02163,-55.21777
36.078954,-79.00797,7,0.15,121.6,5.21,4387803,5.21,5.20678,-2.09372,9.97687,0.00351,0.23381,-0.02077,87.97135,6.13856,-54.35545
36.078954,-79.00797,7,0.15,121.5,5.74,4388003,5.74,5.74397,-1.12044,7.71267,-0.00718,0.0504,-0.00932,87.67904,6.28471,-54.80853
36.078954,-79.00797,7,0.18,121.5,5.82,4388803,5.82,5.82114,-1.04088,8.05903,-0.0171,0.00702,-0.01191,88.05905,6.22625,-54.70623
36.078954,-79.00797,7,0.18,121.6,5.81,4389003,5.81,5.81097,-0.98883,8.02134,-0.01588,0.01222,-0.01359,88.2929,6.19702,-55.23239
36.078955,-79.007971,7,0.33,121.6,5.8,4389803,5.8,5.79601,-0.98704,8.1003,-0.01054,0.0139,-0.011,87.92751,6.7378,-54.3993
36.078955,-79.007971,6,0.33,121,5.8,4390003,5.8,5.79841,-0.98166,8.06621,-0.01481,0.01634,-0.01176,88.08828,6.31394,-55.08623
36.078954,-79.007973,6,0.38,121,5.79,4390803,5.79,5.79362,-0.99721,8.05484,-0.01527,0.01329,-0.01329,88.0152,5.87547,-55.18854
36.078954,-79.007973,6,0.38,121.4,5.76,4391003,5.76,5.75653,-1.00199,8.02732,-0.01604,0.01588,-0.00993,87.66443,5.48085,-55.15931
36.078953,-79.007971,6,0.22,121.4,5.78,4391803,5.78,5.78405,-0.98764,8.05304,-0.01848,0.01268,-0.01115,87.70827,5.86086,-54.98392
36.078953,-79.007971,6,0.22,122.2,5.79,4392003,5.79,5.78644,-0.98824,8.10389,-0.01695,0.01634,-0.00916,88.07366,5.87547,-55.45162
36.078953,-79.007971,6,0.12,122.2,5.79,4392803,5.79,5.78943,-0.99721,8.02254,-0.01756,0.01878,-0.00993,87.88366,5.55393,-54.51623
36.078953,-79.007971,6,0.12,122.6,5.78,4393003,5.78,5.78226,-1.01276,8.08295,-0.01665,0.01466,-0.00962,87.8252,6.21163,-55.45162
36.078953,-79.007972,6,0.2,122.6,5.77,4393803,5.77,5.7667,-0.98166,8.11586,-0.01405,0.01268,-0.01359,87.76674,5.81701,-54.85238
36.078953,-79.007972,6,0.2,123.1,5.79,4394003,5.79,5.78704,-0.97926,8.06381,-0.01466,0.01527,-0.01176,87.3575,6.6501,-54.5893
36.078953,-79.007972,6,0.17,123.1,5.77,4394803,5.77,5.77209,-0.98644,8.11047,-0.01802,0.01573,-0.00687,87.56211,6.43087,-55.34932
36.078953,-79.007972,6,0.17,123.5,5.79,4395003,5.79,5.78644,-0.99781,8.03869,-0.01252,0.01405,-0.00977,87.32827,5.75855,-55.247
36.078952,-79.007971,6,0.12,123.5,5.8,4395803,5.8,5.79901,-1.00379,8.08176,-0.0142,0.01115,-0.00855,87.97135,6.43087,-55.30547
36.078952,-79.007971,6,0.12,124.4,5.78,4396003,5.78,5.78465,-1.00319,8.06381,-0.01695,0.01649,-0.01298,87.48904,6.08009,-55.21777
36.078952,-79.007969,6,0.1,124.4,5.79,4396803,5.79,5.79063,-1.01396,8.11586,-0.01772,0.01558,-0.01252,87.76674,6.32856,-54.88161
36.078952,-79.007969,6,0.1,125.2,5.75,4397003,5.75,5.74696,-0.98764,8.05424,-0.01787,0.01405,-0.01283,88.02982,6.34317,-54.7793
36.078952,-79.007968,6,0.05,125.2,5.78,4397803,5.78,5.77747,-0.98644,8.09253,-0.01466,0.01695,-0.01115,87.94212,6.35779,-54.45776
36.078952,-79.007968,6,0.05,125.6,5.77,4398003,5.77,5.77149,-0.98524,8.09013,-0.01405,0.01344,-0.01268,88.07366,6.50395,-54.85238
36.078953,-79.007968,6,0.25,125.6,5.78,4398803,5.78,5.78226,-0.99661,8.08176,-0.01665,0.01588,-0.01084,88.02982,6.03625,-53.9316
36.078953,-79.007968,6,0.25,125.8,5.78,4399003,5.78,5.77568,-1.00738,8.07757,-0.01084,0.01451,-0.00977,88.23444,6.29933,-54.79392
36.078954,-79.007967,6,0.29,125.8,5.8,4399803,5.8,5.79841,-0.99422,8.08355,-0.01588,0.01481,-0.00947,87.47443,5.81701,-54.83777
36.078954,-79.007967,6,0.29,126.2,5.76,4400003,5.76,5.76252,-0.99123,8.14397,-0.01527,0.01481,-0.01329,87.38673,5.64162,-55.07162
36.078954,-79.00797,6,0.33,126.2,5.78,4400803,5.78,5.78285,-0.99063,8.09372,-0.0142,0.01558,-0.00886,87.3575,6.25548,-54.44315
36.078954,-79.00797,6,0.33,126,5.78,4401003,5.78,5.77867,-0.99242,8.1003,-0.0171,0.01405,-0.01252,87.18211,5.74393,-54.80853
36.078953,-79.007971,6,0.23,126,5.78,4401803,5.78,5.77986,-0.99302,8.08714,-0.01451,0.01344,-0.01161,87.53288,6.29933,-54.16545
36.078953,-79.007971,6,0.23,126.1,5.77,4402003,5.77,5.77029,-1.00678,8.11227,-0.01573,0.01359,-0.01329,87.89828,5.96317,-54.56007
36.078952,-79.00797,6,0.03,126.1,5.79,4402803,5.79,5.78525,-1.00199,8.12124,-0.01619,0.01313,-0.00977,87.44519,5.97778,-54.88161
36.078952,-79.00797,6,0.03,127.1,5.79,4403003,5.79,5.79362,-0.97328,8.07398,-0.01222,0.01191,-0.00901,87.29903,5.61239,-55.65624
36.078952,-79.00797,6,0.06,127.1,5.79,4403803,5.79,5.78824,-1.00499,8.05304,-0.01665,0.02001,-0.00916,87.53288,5.5247,-55.1447
36.078952,-79.00797,6,0.06,127.5,5.76,4404003,5.76,5.76072,-0.99183,8.09073,-0.01329,0.01466,-0.01161,87.3575,6.00702,-54.29699
36.078942,-79.007976,6,0.14,127.5,5.78,4404803,5.78,5.78106,-0.97986,8.06441,-0.01604,0.01436,-0.00886,87.34288,6.25548,-54.89623
36.078942,-79.007976,7,0.14,129.6,5.76,4405003,5.76,5.76012,-0.98285,8.08774,-0.01329,0.01451,-0.0087,87.89828,5.91932,-54.3116
36.078943,-79.007974,7,0.36,129.6,5.76,4405803,5.76,5.75713,-0.97508,8.08116,-0.01512,0.01955,-0.00932,87.24057,5.8024,-53.81467
36.078943,-79.007974,6,0.36,130,5.74,4406003,5.74,5.73619,-0.96072,8.08714,-0.01695,0.02153,-0.0055,86.90441,6.35779,-54.99854
36.078945,-79.007975,6,0.24,130,5.77,4406803,5.77,5.77089,-0.97388,8.08475,-0.01222,0.01481,-0.00748,87.0798,6.12394,-54.89623
36.078945,-79.007975,6,0.24,129.7,5.76,4407003,5.76,5.75773,-0.9661,8.03271,-0.01863,0.01619,-0.01161,87.28442,6.09471,-55.17393
36.07895,-79.007974,6,0.51,129.7,5.76,4407803,5.76,5.76371,-0.99601,8.11765,-0.01573,0.01649,-0.01405,87.62058,5.87547,-54.80853
36.07895,-79.007974,5,0.51,129.6,5.75,4408003,5.75,5.74876,-0.97807,8.09552,-0.0171,0.01542,-0.01268,87.62058,5.91932,-54.18006
36.078951,-79.007975,5,0.23,129.6,5.76,4408803,5.76,5.76252,-0.99242,8.1362,-0.01527,0.01756,-0.01191,86.96288,5.43701,-54.99854
36.078951,-79.007975,5,0.23,129.7,5.75,4409003,5.75,5.75414,-0.99063,8.10688,-0.01466,0.01619,-0.01115,87.59135,6.15317,-54.1216
36.078952,-79.007976,5,0.07,129.7,5.74,4409803,5.74,5.73859,-0.97807,8.14038,-0.01604,0.01222,-0.00993,87.51827,5.87547,-54.98392
36.078952,-79.007976,5,0.07,129.7,5.75,4410003,5.75,5.75175,-0.98764,8.09492,-0.01436,0.01436,-0.00779,87.34288,6.09471,-54.7793
36.078953,-79.007973,5,0.09,129.7,5.75,4410803,5.75,5.74636,-0.97986,8.09671,-0.01558,0.01481,-0.01176,87.34288,5.18854,-53.30313
36.078953,-79.007973,6,0.09,130.3,5.75,4411003,5.75,5.75115,-0.97508,8.09612,-0.01756,0.01756,-0.01008,87.47443,6.13856,-54.29699
36.078966,-79.007963,6,0.41,130.3,5.76,4411803,5.76,5.76192,-1.00558,8.1015,-0.01802,0.01481,-0.01054,88.02982,5.97778,-54.48699
36.078966,-79.007963,7,0.41,128.7,5.73,4412003,5.73,5.72782,-0.98584,8.09911,-0.01512,0.01298,-0.01436,87.66443,5.51008,-54.98392
36.078973,-79.007957,7,0.45,128.7,5.77,4412803,5.77,5.76969,-0.99242,8.09253,-0.01344,0.01573,-0.01054,87.70827,6.54779,-55.42239
36.078973,-79.007957,7,0.45,127.9,5.74,4413003,5.74,5.74337,-0.99721,8.12064,-0.01329,0.01542,-0.01115,87.7375,6.54779,-53.9316
36.078977,-79.007951,7,0.54,127.9,5.79,4413803,5.79,5.78943,-1.00798,8.12782,-0.01512,0.01726,-0.01206,87.9129,6.12394,-54.38469
36.078977,-79.007951,7,0.54,128.9,5.76,4414003,5.76,5.75893,-1.00678,8.07578,-0.01252,0.01512,-0.01298,87.78135,5.83163,-54.95469
36.078979,-79.007951,7,0.26,128.9,5.76,4414803,5.76,5.75952,-0.97448,8.07817,-0.01634,0.01817,-0.0113,88.05905,5.83163,-55.1447
36.078979,-79.007951,7,0.26,128.1,5.74,4415003,5.74,5.74158,-0.97268,8.06621,-0.01634,0.0197,-0.00916,87.79597,5.91932,-54.80853
36.078985,-79.007949,7,0.92,128.1,5.77,4415803,5.77,5.76969,-0.98046,8.068,-0.01344,0.01466,-0.00947,87.40134,5.61239,-54.79392
36.078985,-79.007949,4,0.92,128.3,5.75,4416003,5.75,5.74577,-0.98943,8.11287,-0.01405,0.01527,-0.01497,87.85442,6.12394,-55.64163
36.078982,-79.007944,4,0.66,128.3,5.74,4416803,5.74,5.73918,-0.98764,8.12722,-0.01802,0.01451,-0.01313,87.67904,5.72932,-54.66238
36.078982,-79.007944,4,0.66,128.3,5.76,4417003,5.76,5.76252,-0.98166,8.12483,-0.01558,0.01772,-0.00825,87.72289,5.7147,-54.99854
36.078959,-79.007953,0,0.18,128.3,5.7,4426803,5.7,5.70389,-0.99422,8.15235,-0.01512,0.01222,-0.01145,87.03596,6.22625,-54.9693
36.078959,-79.007953,4,0.18,128.6,5.74,4427003,5.74,5.73918,-0.9996,8.12244,-0.01405,0.01756,-0.01084,87.32827,5.97778,-54.92546
36.07894,-79.007969,4,0.4,128.6,5.72,4427803,5.72,5.72423,-0.97986,8.1027,-0.01313,0.01741,-0.01008,86.90441,5.86086,-54.89623
36.07894,-79.007969,4,0.4,128.9,5.75,4428003,5.75,5.74577,-0.99123,8.07159,-0.01451,0.01634,-0.00993,87.43058,5.96317,-56.09471
36.07893,-79.00797,4,0.63,128.9,5.74,4428803,5.74,5.73978,-0.97687,8.13021,-0.01772,0.0168,-0.01161,86.68518,5.83163,-55.49547
36.07893,-79.00797,4,0.63,129.2,5.74,4429003,5.74,5.74457,-0.99781,8.12662,-0.01405,0.01451,-0.00855,87.44519,6.28471,-55.30547
36.078918,-79.00799,4,1.23,129.2,5.74,4429803,5.74,5.73918,-0.97986,8.00698,-0.01909,0.01604,-0.00809,87.00672,5.32008,-55.67086
36.078918,-79.00799,5,1.23,129.3,5.72,4430003,5.72,5.71526,-0.97328,8.13799,-0.01405,0.01588,-0.00977,87.12365,6.05086,-55.27623
36.078905,-79.008009,5,1.12,129.3,5.73,4430803,5.73,5.72902,-1.00558,8.09312,-0.01542,0.01573,-0.01069,87.38673,5.46624,-56.09471
36.078905,-79.008009,6,1.12,129.5,5.72,4431003,5.72,5.72423,-0.98644,8.11526,-0.0139,0.01588,-0.01237,87.64981,6.06548,-55.40778
36.078898,-79.008026,6,1.19,129.5,5.71,4431803,5.71,5.71406,-0.99422,8.12722,-0.01405,0.00825,-0.01206,87.75212,6.13856,-55.55393
36.078898,-79.008026,5,1.19,129.6,5.71,4432003,5.71,5.71107,-0.99003,8.12543,-0.01252,0.01206,-0.01405,87.97135,5.89009,-55.32008
36.078893,-79.00805,5,1.58,129.6,5.67,4432803,5.67,5.67099,-0.99482,8.22174,-0.01726,0.01084,-0.00855,87.41595,6.21163,-56.50394
36.078893,-79.00805,5,1.58,129.7,5.7,4433003,5.7,5.70389,-0.98764,8.14457,-0.01436,0.00855,-0.01268,87.13827,5.94855,-55.87547
36.078895,-79.008057,5,1.69,129.7,5.7,4433803,5.7,5.7009,-0.99661,8.13261,-0.01573,0.01909,-0.01359,87.41595,5.9924,-56.21163
36.078895,-79.008057,4,1.69,129.7,5.72,4434003,5.72,5.71705,-0.99003,8.14457,-0.01649,0.01802,-0.00718,87.7375,6.37241,-55.7147
36.078932,-79.007957,10,0.03,123,2.94,4964003,2.94,2.94437,1.21017,9.63949,-0.0139,0.02062,-0.01008,56.37241,-10.90324,-71.95264
36.07895,-79.007986,10,0.05,130.9,2.96,4965003,2.96,2.95693,1.19103,9.63291,-0.01542,0.01909,-0.00947,56.29933,-11.25402,-71.70418
36.078955,-79.007985,10,0.02,131.1,2.94,4966003,2.94,2.93898,1.21555,9.56232,-0.00901,0.01939,-0.01283,56.54779,-11.25402,-70.59339
36.078956,-79.007986,10,0.03,131.3,2.95,4967003,2.95,2.94616,1.20538,9.62513,-0.00825,0.01512,-0.01283,56.50394,-11.16633,-71.33879
36.078957,-79.007987,10,0.03,131.5,2.94,4968003,2.94,2.93659,1.21376,9.60958,-0.0087,0.0168,-0.00901,56.40163,-11.35633,-70.87109
36.078957,-79.007987,10,0.02,131.5,2.94,4969003,2.94,2.94377,1.2347,9.61017,-0.01313,0.01374,-0.01115,56.78164,-11.35633,-71.10493
36.078956,-79.007986,10,0.05,131.3,2.92,4970003,2.92,2.92403,1.19761,9.64487,-0.01359,0.01344,-0.01023,56.51856,-11.28325,-70.37416
36.078955,-79.007987,10,0.03,131.4,2.97,4971003,2.97,2.9683,1.20359,9.64307,-0.01191,0.01695,-0.01161,56.94241,-11.03479,-71.36802
36.078956,-79.007988,10,0.05,131.6,2.94,4972003,2.94,2.93898,1.1994,9.5342,-0.01359,0.01756,-0.01252,56.06548,-10.59632,-71.23648
36.078956,-79.007988,10,0.05,131.7,2.94,4973003,2.94,2.93839,1.19821,9.57608,-0.01298,0.01542,-0.01329,57.03011,-10.7717,-70.78339
36.078955,-79.007989,10,0.05,131.8,2.94,4974003,2.94,2.93779,1.23051,9.63231,-0.00993,0.01634,-0.0087,56.24086,-10.94709,-71.48495
36.078954,-79.007989,10,0.0,131.8,2.95,4975003,2.95,2.94856,1.22333,9.57608,-0.01206,0.01604,-0.01115,56.13856,-10.37708,-71.89418
36.078954,-79.007991,10,0.06,132,2.94,4976003,2.94,2.93779,1.22273,9.55035,-0.01145,0.0142,-0.00947,56.79626,-10.62555,-72.30342
36.078955,-79.007991,10,0.05,132.1,2.94,4977003,2.94,2.94138,1.1994,9.57249,-0.01176,0.02245,-0.01298,57.24934,-10.55247,-71.77726
36.078955,-79.007992,10,0.01,132.3,2.93,4978003,2.93,2.9324,1.20299,9.60958,-0.01222,0.01283,-0.01038,56.88396,-10.65478,-71.17802
36.078955,-79.007992,10,0.06,132.3,2.95,4979003,2.95,2.95215,1.17847,9.62393,-0.01466,0.01145,-0.01069,56.54779,-10.72786,-71.47033
36.078956,-79.007993,10,0.09,132.3,2.91,4980003,2.91,2.90967,1.37049,9.47079,-0.01023,-0.02031,-0.01268,56.34317,-10.74247,-71.4411
36.078956,-79.007993,10,0.0,132.4,2.93,4981003,2.93,2.92523,1.22692,9.59402,-0.00702,0.0171,-0.01252,56.06548,-10.83017,-71.4411
36.078955,-79.007992,10,0.09,132.4,2.95,4982003,2.95,2.94616,1.20957,9.59881,-0.01038,0.01436,-0.01069,56.54779,-10.53785,-71.29494
36.078954,-79.007992,10,0.02,132.4,2.97,4983003,2.97,2.97488,1.20239,9.61556,-0.01451,0.01619,-0.01069,56.86934,-10.66939,-71.10493
36.078954,-79.007992,10,0.02,132.4,2.96,4984003,2.96,2.95992,1.20359,9.56411,-0.0084,0.0139,-0.01222,56.51856,-10.75709,-71.25109
36.078954,-79.007991,10,0.02,132.2,2.93,4985003,2.93,2.92642,1.20658,9.59701,-0.01741,0.0142,-0.01329,57.22011,-10.91786,-71.32417
36.078953,-79.007991,10,0.0,132,2.92,4986003,2.92,2.92463,1.19701,9.64846,-0.0113,0.01497,-0.01176,56.48933,-10.97632,-72.56651
36.078954,-79.007992,10,0.03,132.1,2.95,4987003,2.95,2.95334,1.21615,9.57428,-0.011,0.01451,-0.00993,57.01549,-11.18094,-71.98188
36.078954,-79.007991,10,0.05,131.9,2.93,4988003,2.93,2.92941,1.21615,9.53241,-0.0139,0.01955,-0.01176,56.9278,-10.55247,-71.70418
36.078954,-79.007991,10,0.0,131.7,2.94,4989003,2.94,2.93958,1.18983,9.5677,-0.01069,0.01527,-0.01268,56.75241,-10.75709,-70.82725
36.078954,-79.007991,10,0.01,131.6,2.94,4990003,2.94,2.94497,1.21376,9.57727,-0.01405,0.01924,-0.01176,56.15317,-10.43554,-71.47033
36.078954,-79.007991,10,0.01,131.6,2.93,4991003,2.93,2.9336,1.23051,9.58266,-0.01283,0.01573,-0.00916,56.50394,-10.62555,-71.26571
36.078955,-79.007991,10,0.05,131.5,2.94,4992003,2.94,2.94138,1.22213,9.6341,-0.00855,0.01802,-0.01084,56.72318,-10.14323,-71.03186
36.078955,-79.007991,10,0.03,131.5,2.96,4993003,2.96,2.95573,1.19163,9.54617,-0.01191,0.01802,-0.01084,56.54779,-10.5817,-70.82725
36.078955,-79.007991,10,0.01,131.4,2.95,4994003,2.95,2.94676,1.19163,9.5677,-0.01069,0.01558,-0.01206,56.82549,-10.68401,-70.87109
36.078956,-79.007991,10,0.01,131.3,2.94,4995003,2.94,2.93839,1.20538,9.58325,-0.01298,0.01802,-0.01054,56.2701,-10.93248,-71.58725
36.078956,-79.007991,10,0.05,131.3,2.93,4996003,2.93,2.93061,1.1994,9.58266,-0.01084,0.01833,-0.01191,56.67933,-11.10786,-71.68957
36.078956,-79.007991,10,0.01,131.3,2.94,4997003,2.94,2.94138,1.20538,9.59881,-0.01176,0.01665,-0.01145,56.60626,-10.80094,-70.72494
36.078957,-79.007991,10,0.01,131.3,2.94,4998003,2.94,2.93958,1.18505,9.59342,-0.01283,0.01588,-0.00916,57.04473,-11.18094,-70.82725
36.078957,-79.00799,10,0.01,131.4,2.95,4999003,2.95,2.94556,1.21615,9.59582,-0.01023,0.01436,-0.01191,56.40163,-10.93248,-71.4411
36.078957,-79.00799,10,0.0,131.5,2.94,5000003,2.94,2.93898,1.20419,9.59223,-0.01069,0.01588,-0.01191,56.25549,-11.25402,-70.92955
36.078958,-79.00799,10,0.01,131.5,2.95,5001003,2.95,2.95334,1.20359,9.58625,-0.01252,0.01573,-0.01206,56.60626,-10.83017,-70.73955
36.078958,-79.00799,10,0.03,131.5,2.93,5002003,2.93,2.92523,1.19222,9.59163,-0.01344,0.0171,-0.00916,56.34317,-10.83017,-71.38264
36.078957,-79.007989,10,0.0,131.4,2.94,5003003,2.94,2.94497,1.21615,9.59642,-0.01283,0.01802,-0.00932,56.08009,-10.71324,-71.32417
36.078956,-79.007989,10,0.01,131.3,2.94,5004003,2.94,2.94138,1.2,9.59881,-0.0087,0.01787,-0.01497,56.29933,-10.49401,-70.98801
36.078955,-79.007988,10,0.02,131.3,2.91,5005003,2.91,2.91386,1.22333,9.61915,-0.01069,0.01787,-0.01161,56.34317,-11.12248,-70.9734
36.078955,-79.007988,10,0.03,131.2,2.92,5006003,2.92,2.92223,1.07737,9.55215,-0.01023,0.02001,-0.00947,56.12394,-10.90324,-71.45572
36.078954,-79.007988,10,0.02,131.1,2.96,5007003,2.96,2.96231,1.20479,9.62274,-0.01252,0.01436,-0.0113,56.57703,-10.99094,-71.57264
36.078954,-79.007988,10,0.02,131.1,2.94,5008003,2.94,2.93719,1.21376,9.57727,-0.00993,0.01802,-0.01344,56.4601,-11.12248,-71.13417
36.078954,-79.007988,10,0.02,131,2.93,5009003,2.93,2.92941,1.21436,9.59582,-0.00901,0.01833,-0.01084,55.75855,-11.07863,-71.66033
36.078954,-79.007987,10,0.03,131,2.93,5010003,2.93,2.92582,1.19462,9.62872,-0.01084,0.01573,-0.01161,56.02163,-11.16633,-71.35341
36.078953,-79.007987,10,0.01,131,2.94,5011003,2.94,2.93719,1.21735,9.59223,-0.01374,0.01649,-0.0113,56.06548,-11.15171,-71.04648
36.078953,-79.007986,10,0.03,130.8,2.93,5012003,2.93,2.92582,1.22632,9.59223,-0.0087,0.01649,-0.01161,55.83163,-11.02017,-71.26571
36.078952,-79.007985,10,0.01,130.7,2.93,5013003,2.93,2.92702,1.20718,9.57667,-0.011,0.01695,-0.01161,56.06548,-10.61093,-71.82111
36.078952,-79.007984,10,0.02,130.6,2.93,5014003,2.93,2.9336,1.22393,9.57368,-0.0142,0.01405,-0.00641,56.05086,-11.0494,-70.68109
36.078952,-79.007983,10,0.01,130.5,2.95,5015003,2.95,2.94796,1.20419,9.60898,-0.01451,0.01817,-0.01359,56.37241,-11.07863,-72.04034
36.078951,-79.007982,10,0.02,130.4,2.93,5016003,2.93,2.92882,1.21974,9.55933,-0.01222,0.01726,-0.01069,56.34317,-11.06402,-71.92342
36.07895,-79.007981,10,0.0,130.4,2.97,5017003,2.97,2.96949,1.20598,9.59462,-0.01298,0.01604,-0.01054,56.03625,-11.41479,-71.28033
36.07895,-79.007981,10,0.02,130.3,2.93,5018003,2.93,2.9342,1.21496,9.57967,-0.00901,0.01924,-0.01084,56.29933,-10.97632,-70.63724
36.07895,-79.00798,10,0.01,130.2,2.95,5019003,2.95,2.95035,1.21555,9.61017,-0.01252,0.01497,-0.01359,56.25549,-11.0494,-71.39725
36.07895,-79.007979,10,0.03,130.1,2.94,5020003,2.94,2.93958,1.18684,9.58744,-0.01008,0.01726,-0.01329,56.48933,-10.62555,-71.25109
36.07895,-79.007979,10,0.01,130.1,2.94,5021003,2.94,2.94377,1.20598,9.58684,-0.01497,0.01863,-0.01206,56.05086,-11.02017,-71.80649
36.078951,-79.007979,10,0.01,130,2.96,5022003,2.96,2.95813,1.20538,9.59881,-0.01176,0.01329,-0.00993,56.32856,-11.13709,-70.87109
36.078951,-79.007979,10,0.02,129.9,2.95,5023003,2.95,2.95035,1.21914,9.55693,-0.01283,0.01619,-0.01115,56.8401,-11.09325,-70.8857
36.078951,-79.007978,10,0.02,129.8,2.93,5024003,2.93,2.93001,1.21196,9.61616,-0.01237,0.01558,-0.0084,56.22625,-11.54633,-70.94417
36.078951,-79.007978,10,0.01,129.6,2.96,5025003,2.96,2.95633,1.20479,9.59821,-0.00932,0.01741,-0.01115,56.40163,-11.12248,-71.68957
36.07895,-79.007977,10,0.05,129.5,2.94,5026003,2.94,2.94497,1.21496,9.61017,-0.00901,0.01741,-0.01145,56.08009,-11.29787,-70.63724
36.07895,-79.007977,10,0.02,129.4,2.92,5027003,2.92,2.91625,1.21795,9.57608,-0.00962,0.01481,-0.01237,56.57703,-11.29787,-70.79801
36.07895,-79.007976,10,0.02,129.3,2.94,5028003,2.94,2.94437,1.21735,9.58086,-0.01084,0.01863,-0.01268,55.97779,-11.35633,-70.90032
36.07895,-79.007975,10,0.02,129.2,2.91,5029003,2.91,2.91386,1.21436,9.61137,-0.01374,0.01619,-0.011,56.91319,-11.22479,-70.228
36.07895,-79.007975,10,0.03,129.1,2.94,5030003,2.94,2.94257,1.2335,9.59522,-0.01252,0.01726,-0.00855,56.40163,-11.22479,-71.0611
36.078956,-79.007983,10,0.03,131.1,2.95,5031003,2.95,2.94556,1.21196,9.57488,-0.01069,0.01787,-0.00947,56.40163,-11.26863,-71.03186
36.07896,-79.007984,10,0.02,130.4,2.94,5032003,2.94,2.94078,1.20538,9.59761,-0.00779,0.01604,-0.01206,55.96317,-11.66326,-70.57878
36.078961,-79.007986,10,0.07,130.2,2.95,5033003,2.95,2.95274,1.21555,9.58983,-0.01054,0.01787,-0.01084,56.03625,-10.88863,-70.59339
36.078966,-79.00799,10,0.01,130.1,2.94,5034003,2.94,2.94138,1.19282,9.57428,-0.00764,0.0171,-0.01451,56.29933,-11.22479,-71.19263
36.078964,-79.007989,10,0.08,129.9,2.94,5035003,2.94,2.93779,1.22513,9.58385,-0.011,0.01909,-0.01115,56.34317,-11.02017,-72.20111
36.078958,-79.007985,10,0.06,129.7,2.92,5036003,2.92,2.91506,1.21914,9.5689,-0.01008,0.01283,-0.01436,56.28471,-10.90324,-71.80649
36.078952,-79.00798,10,0.07,129.5,2.94,5037003,2.94,2.94257,1.20299,9.61017,-0.01222,0.01787,-0.00764,56.21163,-10.94709,-71.60188
36.078945,-79.007975,10,0.08,129,2.93,5038003,2.93,2.93061,1.20239,9.58445,-0.01008,0.0139,-0.011,56.2701,-10.80094,-71.54341
36.078942,-79.007969,10,0.12,128.6,2.95,5039003,2.95,2.95334,1.22692,9.59342,-0.01329,0.01756,-0.01008,56.09471,-11.16633,-72.39111
36.07894,-79.007965,10,0.07,128.3,2.95,5040003,2.95,2.95274,1.23111,9.60718,-0.01176,0.01497,-0.01222,56.1824,-10.62555,-71.4411
36.078938,-79.007963,10,0.06,128.3,2.93,5041003,2.93,2.9342,1.36211,9.62094,-0.0087,0.01802,-0.01176,56.22625,-11.00555,-70.81263
36.078935,-79.007961,10,0.06,128.5,2.95,5042003,2.95,2.94556,1.07438,9.56531,-0.01054,0.01558,-0.00718,56.38702,-10.87401,-70.63724
36.078931,-79.007958,10,0.06,128.6,2.92,5043003,2.92,2.92223,1.23888,9.56351,-0.01161,0.01374,-0.00962,56.38702,-11.18094,-70.62262
36.078929,-79.007957,10,0.02,128.6,2.94,5044003,2.94,2.93839,1.19761,9.54258,-0.00764,0.01634,-0.01084,56.37241,-11.13709,-71.16341
36.078928,-79.007956,10,0.03,129,2.93,5045003,2.93,2.9348,1.21795,9.54018,-0.00962,0.0171,-0.01436,56.29933,-10.75709,-70.57878
36.078927,-79.007956,10,0.02,129.3,2.96,5046003,2.96,2.95514,1.20778,9.55813,-0.01298,0.01405,-0.00916,56.69395,-11.2394,-70.54955
36.078926,-79.007955,10,0.02,129.3,2.92,5047003,2.92,2.91805,1.22453,9.54437,-0.01084,0.01374,-0.01191,56.29933,-10.99094,-71.22186
36.078923,-79.007953,10,0.01,129.4,2.91,5048003,2.91,2.91027,1.19641,9.62633,-0.00932,0.01726,-0.01237,56.4601,-11.67787,-71.11955
36.078922,-79.007953,10,0.02,129.8,2.91,5049003,2.91,2.90848,1.2335,9.60718,-0.01176,0.01436,-0.011,56.51856,-11.18094,-70.98801
36.078922,-79.007954,10,0.01,129.9,2.94,5050003,2.94,2.94377,1.21795,9.60958,-0.01191,0.01649,-0.01054,56.32856,-11.47325,-71.14879
36.078921,-79.007955,10,0.06,130,2.92,5051003,2.92,2.91805,1.20479,9.60001,-0.00932,0.01939,-0.01084,56.24086,-11.3271,-71.4411
36.078921,-79.007954,10,0.03,129.7,2.92,5052003,2.92,2.92343,1.20778,9.5677,-0.01176,0.01649,-0.00886,55.64163,-11.15171,-71.67495
36.07892,-79.007954,10,0.01,129.5,2.93,5053003,2.93,2.92822,1.20957,9.57069,-0.01344,0.01527,-0.01191,56.10933,-11.22479,-71.0611
36.07892,-79.007953,10,0.02,129.1,2.94,5054003,2.94,2.94018,1.20658,9.58565,-0.0084,0.01634,-0.01344,56.06548,-11.10786,-70.53493
36.078919,-79.00795,10,0.03,128.1,2.93,5055003,2.93,2.9348,1.2006,9.61376,-0.01604,0.01359,-0.00977,56.38702,-11.03479,-70.1403
36.078919,-79.007949,10,0.0,127.9,2.95,5056003,2.95,2.95035,1.21017,9.61197,-0.01237,0.01604,-0.01268,56.48933,-11.2394,-71.79188
36.078918,-79.007946,10,0.02,127.2,2.95,5057003,2.95,2.95215,1.22752,9.61556,-0.01206,0.01924,-0.011,56.32856,-11.83864,-71.28033
36.078919,-79.007947,10,0.07,127.2,2.95,5058003,2.95,2.94796,1.22393,9.59103,-0.01069,0.01542,-0.01313,56.06548,-10.72786,-70.35954
36.078921,-79.007946,10,0.06,127.1,2.94,5059003,2.94,2.93599,1.21615,9.58983,-0.01329,0.01527,-0.0113,56.00702,-11.0494,-70.30108
36.078925,-79.007948,10,0.02,127.3,2.92,5060003,2.92,2.92463,1.19821,9.58744,-0.01008,0.01985,-0.00825,55.62701,-10.8594,-70.44724
36.078927,-79.007948,10,0.07,127.5,2.93,5061003,2.93,2.92582,1.2,9.61137,-0.01222,0.01512,-0.01161,56.59164,-10.24554,-71.48495
36.07893,-79.007948,10,0.07,127.8,2.92,5062003,2.92,2.92463,1.20957,9.61376,-0.0113,0.01558,-0.00962,56.95703,-11.38556,-70.92955
36.078931,-79.007949,10,0.06,128,2.94,5063003,2.94,2.93898,1.18445,9.58684,-0.0113,0.01451,-0.01084,56.15317,-11.21017,-71.10493
36.078933,-79.007949,10,0.05,128.1,2.95,5064003,2.95,2.95274,1.21256,9.63291,-0.01436,0.01558,-0.00977,56.16779,-11.26863,-70.92955
36.078935,-79.007949,10,0.03,128.1,2.96,5065003,2.96,2.95932,1.20359,9.6018,-0.011,0.01649,-0.01084,56.03625,-10.66939,-70.24262
36.078936,-79.007948,10,0.02,128,2.94,5066003,2.94,2.93719,1.2,9.58744,-0.00718,0.01206,-0.0113,55.97779,-11.3271,-70.90032
36.078937,-79.007948,10,0.01,127.9,2.93,5067003,2.93,2.93001,1.21795,9.61915,-0.01191,0.01802,-0.01115,56.60626,-11.0494,-71.14879
36.078938,-79.00795,10,0.05,127.7,2.93,5068003,2.93,2.92822,1.23051,9.55993,-0.00932,0.01741,-0.01283,56.35779,-11.0494,-71.16341
36.07894,-79.007951,10,0.03,127.7,2.94,5069003,2.94,2.94198,1.21555,9.55693,-0.00764,0.01268,-0.00947,56.48933,-10.64016,-71.51418
36.078942,-79.007953,10,0.01,127.8,2.93,5070003,2.93,2.92941,1.20957,9.58864,-0.00947,0.01741,-0.01084,56.08009,-11.15171,-71.25109
36.078944,-79.007954,10,0.02,127.9,2.95,5071003,2.95,2.95155,1.23111,9.62094,-0.01252,0.01558,-0.01283,55.96317,-10.91786,-70.92955
36.078946,-79.007954,10,0.05,127.9,2.96,5072003,2.96,2.95992,1.22453,9.57249,-0.00702,0.01619,-0.01069,56.22625,-10.88863,-71.09032
36.078947,-79.007954,10,0.01,128,2.96,5073003,2.96,2.95872,1.20479,9.61436,-0.01115,0.01497,-0.01038,56.60626,-11.25402,-70.68109
36.078948,-79.007954,10,0.03,127.8,2.92,5074003,2.92,2.92164,1.20897,9.61137,-0.01252,0.01863,-0.01344,56.15317,-11.03479,-71.93803
36.07895,-79.007953,10,0.01,127.8,2.92,5075003,2.92,2.92463,1.22812,9.59283,-0.01038,0.01527,-0.011,55.29085,-11.10786,-71.35341
36.078955,-79.007957,10,0.08,127.9,2.96,5076003,2.96,2.95514,1.20658,9.60539,-0.01038,0.01512,-0.0113,55.81701,-10.5817,-71.39725
36.078953,-79.007956,10,0.01,127.6,2.92,5077003,2.92,2.92343,1.22273,9.6006,-0.00596,0.01787,-0.01038,56.05086,-10.66939,-71.20725
36.078954,-79.007955,10,0.03,127.4,2.94,5078003,2.94,2.94257,1.22513,9.61915,-0.00641,0.01848,-0.011,55.77316,-10.74247,-71.41187
36.078955,-79.007956,10,0.02,126.9,2.96,5079003,2.96,2.95872,1.21555,9.61257,-0.00855,0.01558,-0.01054,56.48933,-10.97632,-70.84186
36.078955,-79.007956,10,0.03,126.6,2.95,5080003,2.95,2.94975,1.22991,9.62274,-0.01115,0.01573,-0.01268,55.9924,-10.99094,-70.35954
36.078954,-79.007957,10,0.02,126.6,2.93,5081003,2.93,2.9348,1.21675,9.56292,-0.00855,0.0142,-0.01237,56.10933,-11.06402,-70.62262
36.078952,-79.007956,10,0.05,126.4,2.94,5082003,2.94,2.94377,1.21854,9.57907,-0.01038,0.01741,-0.00977,56.82549,-10.88863,-70.82725
36.078951,-79.007956,10,0.03,126.3,2.94,5083003,2.94,2.9354,1.21256,9.58864,-0.01161,0.01848,-0.01344,56.2701,-10.61093,-70.66647
36.07895,-79.007956,10,0.03,126.3,2.94,5084003,2.94,2.93659,1.22213,9.58505,-0.00901,0.0168,-0.01084,56.28471,-11.37094,-70.59339
36.078949,-79.007955,10,0.06,126.3,2.94,5085003,2.94,2.94317,1.22692,9.57009,-0.00947,0.01619,-0.00947,56.08009,-11.12248,-71.30956
36.078947,-79.007955,10,0.09,126.4,2.93,5086003,2.93,2.92762,1.2323,9.61077,-0.01008,0.01817,-0.01023,56.09471,-10.55247,-71.11955
36.078947,-79.007955,10,0.05,126.3,2.95,5087003,2.95,2.95095,1.22453,9.57249,-0.01268,0.01588,-0.01145,56.53318,-10.55247,-71.19263
36.078945,-79.007955,10,0.01,126.4,2.94,5088003,2.94,2.93958,1.23948,9.60479,-0.00916,0.01588,-0.00993,56.12394,-11.06402,-71.58725
36.078942,-79.007953,10,0.22,126.6,2.93,5089003,2.93,2.9336,1.19462,9.57368,-0.01283,0.01848,-0.01054,56.31394,-10.71324,-71.9088
36.078939,-79.007953,10,0.06,126.9,2.93,5090003,2.93,2.93121,1.37468,9.52224,-0.011,0.0171,-0.01191,56.40163,-11.12248,-71.00263
36.078936,-79.007952,10,0.07,127,2.95,5091003,2.95,2.95454,1.21077,9.58924,-0.01161,0.02092,-0.01206,56.67933,-11.03479,-70.43262
36.078934,-79.007951,10,0.14,127.3,2.94,5092003,2.94,2.93599,1.22393,9.61197,-0.01481,0.01955,-0.0084,56.38702,-10.66939,-71.22186
36.078933,-79.007951,10,0.05,127.6,2.95,5093003,2.95,2.95095,1.20299,9.54976,-0.00855,0.01451,-0.01008,56.29933,-10.27477,-70.49109
36.078932,-79.007952,9,0.03,127.9,2.95,5094003,2.95,2.95394,1.2329,9.61017,-0.01008,0.01268,-0.01206,56.31394,-10.50862,-71.42648
36.078929,-79.007951,10,0.09,128.1,2.92,5095003,2.92,2.92283,1.20359,9.58505,-0.01161,0.01665,-0.0113,56.03625,-10.88863,-70.78339
36.078928,-79.007951,10,0.06,128.3,2.96,5096003,2.96,2.96351,1.20838,9.55813,-0.01313,0.01649,-0.01313,55.94855,-10.83017,-74.72961
36.078927,-79.007951,10,0.02,128.5,2.95,5097003,2.95,2.95334,1.21615,9.55334,-0.01069,0.01588,-0.01069,56.67933,-10.33324,-70.85648
36.078928,-79.007951,10,0.01,128.6,2.93,5098003,2.93,2.92882,1.20718,9.57667,-0.0055,0.01772,-0.01161,56.41626,-10.52324,-71.17802
36.078928,-79.007951,10,0.01,128.7,2.94,5099003,2.94,2.94078,1.22812,9.57667,-0.01115,0.01878,-0.01252,56.00702,-10.75709,-70.11108
36.078927,-79.00795,10,0.06,128.7,2.97,5100003,2.97,2.97069,1.21256,9.58445,-0.00611,0.02382,-0.01023,56.29933,-10.56709,-70.6957
36.078927,-79.007949,10,0.06,128.7,2.95,5101003,2.95,2.95095,1.19462,9.59941,-0.01359,0.01619,-0.0113,56.02163,-10.15785,-70.81263
36.078927,-79.007949,10,0.02,128.6,2.91,5102003,2.91,2.91446,1.20838,9.58625,-0.01145,0.01283,-0.01237,56.24086,-10.64016,-71.74802
36.078926,-79.007948,10,0.05,128.5,2.94,5103003,2.94,2.94497,1.21496,9.56172,-0.01115,0.02123,-0.00947,56.1824,-9.96785,-70.72494
36.078926,-79.007949,10,0.07,128.4,2.96,5104003,2.96,2.95693,1.24965,9.58625,-0.01069,0.01573,-0.01008,56.31394,-10.68401,-70.71032
36.078927,-79.00795,10,0.05,128.5,2.92,5105003,2.92,2.92403,1.23111,9.55693,-0.01054,0.01634,-0.0171,56.53318,-10.74247,-71.39725
36.078929,-79.007953,9,0.05,128.9,2.92,5106003,2.92,2.91745,1.21137,9.59103,-0.00993,0.01527,-0.01115,56.78164,-10.66939,-71.38264
36.07893,-79.007954,10,0.01,129,2.93,5107003,2.93,2.92822,1.20538,9.57608,-0.00733,0.01588,-0.00855,56.67933,-11.00555,-70.94417
36.078931,-79.007955,10,0.03,129.1,2.96,5108003,2.96,2.96291,1.22453,9.57967,-0.00809,0.01527,-0.00962,56.7378,-10.80094,-71.00263
36.078932,-79.007956,10,0.02,129,2.94,5109003,2.94,2.9354,1.20718,9.6341,-0.0084,0.01695,-0.01191,56.2701,-10.27477,-70.94417
36.078931,-79.007956,10,0.05,128.9,2.94,5110003,2.94,2.94078,1.20359,9.61675,-0.0058,0.01741,-0.01161,56.08009,-10.27477,-71.38264
36.07893,-79.007955,10,0.05,128.5,2.95,5111003,2.95,2.95215,1.21137,9.57308,-0.00916,0.01405,-0.01023,56.50394,-11.0494,-71.00263
36.078929,-79.007954,10,0.06,128.1,2.95,5112003,2.95,2.94975,1.35374,9.64068,-0.01374,0.01939,-0.01359,56.32856,-10.8594,-70.1403
36.07893,-79.007955,10,0.03,128,2.93,5113003,2.93,2.93181,1.24187,9.58445,-0.01069,0.0168,-0.01054,56.81087,-10.91786,-70.24262
36.07893,-79.007954,10,0.02,127.6,2.94,5114003,2.94,2.93839,1.22154,9.65145,-0.0084,0.01741,-0.01069,56.50394,-11.2394,-71.47033
36.078932,-79.007954,10,0.02,127.5,2.92,5115003,2.92,2.91506,1.21316,9.62513,-0.00672,0.01405,-0.00916,56.47472,-10.47939,-70.1403
36.078931,-79.007953,10,0.0,127.4,2.96,5116003,2.96,2.95753,1.1677,9.55454,-0.00336,0.02779,-0.01268,56.16779,-11.25402,-70.90032
36.07893,-79.007953,10,0.01,127.1,2.91,5117003,2.91,2.90967,1.2341,9.59043,-0.00794,0.0168,-0.01222,56.69395,-10.61093,-70.60801
36.078929,-79.007953,9,0.09,127,2.91,5118003,2.91,2.90549,1.24008,9.55095,-0.00901,0.01985,-0.01237,55.81701,-10.55247,-71.13417
36.078929,-79.007954,9,0.06,126.9,2.93,5119003,2.93,2.93001,1.20718,9.5677,-0.01191,0.01634,-0.01161,56.48933,-10.46478,-71.14879
36.078928,-79.007954,10,0.09,126.9,2.92,5120003,2.92,2.92223,1.22991,9.55275,-0.01115,0.01481,-0.01283,56.28471,-10.26016,-70.94417
36.078928,-79.007954,10,0.05,126.7,2.94,5121003,2.94,2.94198,1.20658,9.58625,-0.01084,0.01558,-0.01374,56.03625,-10.53785,-71.35341
36.078927,-79.007953,10,0.09,126.5,2.93,5122003,2.93,2.92523,1.22094,9.58565,-0.011,0.01298,-0.01191,56.28471,-10.12862,-71.09032
36.078927,-79.007953,10,0.02,126.1,2.96,5123003,2.96,2.96172,1.19462,9.58625,-0.0087,0.01665,-0.0113,56.03625,-9.99708,-71.39725
36.078926,-79.007952,10,0.01,125.8,2.94,5124003,2.94,2.9354,1.22094,9.59642,-0.01069,0.01588,-0.00932,55.45162,-9.70477,-71.54341
36.078927,-79.007953,10,0.07,125.6,2.93,5125003,2.93,2.9324,1.20897,9.61376,-0.00687,0.01741,-0.00932,56.10933,-10.18708,-71.07571
36.078929,-79.007955,10,0.13,125.6,2.95,5126003,2.95,2.94676,1.1994,9.57308,-0.00947,0.01939,-0.0087,56.09471,-10.24554,-71.76264
36.078928,-79.007955,10,0.06,125.8,2.94,5127003,2.94,2.93958,1.22393,9.58146,-0.00886,0.01252,-0.01008,55.74393,-10.04092,-71.80649
36.078924,-79.007955,10,0.03,126,2.94,5128003,2.94,2.94198,1.22094,9.60599,-0.01161,0.01909,-0.01206,56.15317,-10.02631,-70.94417
36.078918,-79.007953,10,0.12,126.3,2.95,5129003,2.95,2.95215,1.21376,9.62214,-0.0084,0.01527,-0.00764,55.70009,-10.64016,-71.03186
36.078918,-79.007954,10,0.01,126.3,2.93,5130003,2.93,2.92582,1.22632,9.58864,-0.00764,0.01649,-0.01145,55.89009,-10.09939,-70.57878
36.078916,-79.007954,10,0.03,126.3,2.95,5131003,2.95,2.94736,1.22752,9.58625,-0.01237,0.01909,-0.0084,56.24086,-10.36247,-70.98801
36.078911,-79.007952,10,0.05,126.2,2.93,5132003,2.93,2.9348,1.2335,9.60001,-0.00932,0.01649,-0.01084,55.77316,-10.27477,-71.23648
36.07891,-79.007951,10,0.01,126,2.96,5133003,2.96,2.95872,1.19103,9.58206,-0.01115,0.01787,-0.01115,56.05086,-10.68401,-70.91493
36.078909,-79.00795,9,0.07,125.9,2.96,5134003,2.96,2.96172,1.20897,9.58565,-0.01329,0.01863,-0.01191,56.06548,-10.2017,-71.82111
36.078908,-79.007949,9,0.07,125.6,2.97,5135003,2.97,2.97009,1.21735,9.58505,-0.00809,0.0168,-0.01038,56.02163,-10.46478,-71.35341
36.07891,-79.007951,9,0.0,125.9,2.94,5136003,2.94,2.93599,1.22273,9.73759,-0.01191,0.0171,-0.01161,55.64163,-10.62555,-70.56416
36.078911,-79.007952,10,0.01,126.1,2.93,5137003,2.93,2.93061,1.22034,9.62573,-0.00733,0.01726,-0.01237,55.53931,-10.78632,-71.33879
36.07891,-79.007952,10,0.01,126.5,2.94,5138003,2.94,2.94257,1.21196,9.58146,-0.00901,0.01878,-0.0113,56.37241,-10.99094,-71.54341
36.07891,-79.007953,10,0.06,126.6,2.95,5139003,2.95,2.94796,1.22632,9.59522,-0.00993,0.01878,-0.00962,55.74393,-10.45016,-71.10493
36.078911,-79.007954,10,0.0,126.8,2.95,5140003,2.95,2.94915,1.22692,9.64666,-0.0087,0.01787,-0.01237,56.2701,-9.98246,-70.54955
36.07891,-79.007953,10,0.02,126.7,2.95,5141003,2.95,2.95334,1.2329,9.5695,-0.01268,0.01772,-0.01374,56.05086,-10.09939,-71.45572
36.07891,-79.007954,10,0.01,126.7,2.94,5142003,2.94,2.94078,1.07976,9.58266,-0.01206,0.01665,-0.01084,56.2701,-10.65478,-71.14879
36.07891,-79.007954,10,0.07,126.7,2.93,5143003,2.93,2.9324,1.37767,9.57308,-0.00428,0.01604,-0.00962,56.1824,-10.80094,-71.25109
36.07891,-79.007955,10,0.01,126.8,2.95,5144003,2.95,2.95155,1.22632,9.61975,-0.01084,0.01604,-0.01023,55.87547,-10.65478,-71.45572
36.07891,-79.007955,10,0.05,126.8,2.93,5145003,2.93,2.92642,1.23051,9.54258,-0.01038,0.01604,-0.01237,56.43087,-11.18094,-71.9088
36.07891,-79.007955,10,0.0,126.7,2.92,5146003,2.92,2.92463,1.24846,9.56651,-0.00932,0.01329,-0.01191,55.97779,-11.31248,-70.68109
36.07891,-79.007956,10,0.02,126.5,2.92,5147003,2.92,2.92283,1.21196,9.59522,-0.01405,0.01848,-0.0113,55.56855,-10.97632,-71.30956
36.07891,-79.007956,10,0.05,126.5,2.95,5148003,2.95,2.94556,1.23649,9.62692,-0.01023,0.01955,-0.0142,55.96317,-10.28939,-70.30108
36.078911,-79.007957,10,0.02,126.5,3.06,5149003,3.06,3.06221,1.20479,9.63111,-0.0084,0.01481,-0.01023,55.65624,-10.37708,-70.57878
36.078913,-79.007959,10,0.0,126.6,2.92,5150003,2.92,2.91805,1.20897,9.57608,-0.00764,0.01359,-0.01268,56.15317,-10.34785,-70.73955
36.078912,-79.00796,10,0.03,126.7,2.98,5151003,2.98,2.98146,1.23769,9.56351,-0.00947,0.01939,-0.01374,56.06548,-9.93861,-70.71032
36.078913,-79.007962,10,0.0,126.9,2.94,5152003,2.94,2.93958,1.2018,9.57608,-0.01161,0.01588,-0.01084,55.90471,-9.80707,-71.23648
36.078915,-79.007964,10,0.03,127.2,2.95,5153003,2.95,2.95394,1.21376,9.53061,-0.011,0.02092,-0.01237,55.86086,-10.07016,-71.26571
36.078919,-79.007968,10,0.05,127.5,2.91,5154003,2.91,2.90848,1.22931,9.54856,-0.0058,0.01924,-0.01115,55.67086,-10.47939,-71.10493
36.078923,-79.00797,10,0.02,128,2.95,5155003,2.95,2.94736,1.2341,9.61017,-0.01008,0.01329,-0.01054,55.74393,-10.55247,-71.41187
36.078925,-79.007972,10,0.09,128.3,2.96,5156003,2.96,2.96052,1.2018,9.53779,-0.00641,0.01649,-0.0113,55.96317,-10.5817,-70.30108
36.078927,-79.007972,10,0.0,128.4,2.94,5157003,2.94,2.94078,1.2323,9.58086,-0.00565,0.01497,-0.01161,56.28471,-10.31862,-70.59339
36.07893,-79.007974,10,0.07,128.6,2.94,5158003,2.94,2.94497,1.22453,9.56052,-0.00993,0.01924,-0.00886,55.91932,-9.95323,-70.8857
36.078931,-79.007975,10,0.05,128.7,2.92,5159003,2.92,2.92044,1.2335,9.56052,-0.01268,0.01985,-0.01206,55.36393,-10.53785,-71.35341
36.078932,-79.007975,10,0.01,128.7,2.94,5160003,2.94,2.93958,1.21735,9.59462,-0.00764,0.01878,-0.00702,55.55393,-9.79246,-71.66033
36.078941,-79.007982,10,0.13,130,2.93,5161003,2.93,2.93181,1.22333,9.57488,-0.00825,0.01787,-0.01344,55.45162,-10.56709,-71.11955
36.078943,-79.007982,10,0.05,130,2.91,5162003,2.91,2.91266,1.22034,9.57667,-0.0113,0.01512,-0.01191,55.45162,-9.67553,-71.19263
36.078942,-79.007981,10,0.03,129.9,2.93,5163003,2.93,2.93001,1.21137,9.57847,-0.00962,0.01726,-0.01206,55.51009,-9.4563,-70.75417
36.078941,-79.007981,10,0.07,129.9,2.93,5164003,2.93,2.9324,1.21137,9.59223,-0.01084,0.01695,-0.01191,56.03625,-10.09939,-70.1403
36.078939,-79.00798,10,0.0,129.7,2.95,5165003,2.95,2.94736,1.21196,9.59103,-0.00932,0.01894,-0.01344,56.12394,-10.02631,-71.58725
36.078938,-79.007978,10,0.05,129.5,2.95,5166003,2.95,2.95035,1.22752,9.58086,-0.00825,0.01741,-0.01191,56.16779,-10.04092,-71.38264
36.078935,-79.007977,10,0.05,129,2.96,5167003,2.96,2.96471,1.21854,9.6012,-0.00764,0.01939,-0.01497,55.46624,-9.76323,-71.01725
36.07893,-79.007973,10,0.14,128,2.92,5168003,2.92,2.91745,1.22931,9.60359,-0.01176,0.01741,-0.01191,55.90471,-10.304,-70.59339
36.078927,-79.007971,10,0.07,127.3,2.94,5169003,2.94,2.93898,1.22154,9.59283,-0.00886,0.01741,-0.01268,56.05086,-10.12862,-71.23648
36.078924,-79.007969,10,0.06,126.8,2.94,5170003,2.94,2.94198,1.22812,9.57847,-0.00825,0.02077,-0.01222,55.94855,-9.23707,-71.09032
36.078922,-79.007969,10,0.07,126.5,2.95,5171003,2.95,2.95095,1.19402,9.59342,-0.00962,0.01604,-0.01054,55.90471,-10.78632,-71.36802
36.078921,-79.007968,10,0.05,126.4,2.94,5172003,2.94,2.94377,1.2329,9.57907,-0.00825,0.01573,-0.01161,56.16779,-10.43554,-71.33879
36.078919,-79.007967,10,0.12,126.4,2.92,5173003,2.92,2.91924,1.23529,9.61077,-0.00809,0.01542,-0.01084,55.53931,-10.43554,-70.72494
36.078918,-79.007966,10,0.0,126.4,2.93,5174003,2.93,2.933,1.21675,9.57967,-0.00611,0.01313,-0.01038,55.93394,-9.88015,-70.60801
36.078919,-79.007966,10,0.02,126.4,2.93,5175003,2.93,2.92882,1.21854,9.6018,-0.01038,0.01756,-0.00916,55.77316,-9.51476,-71.04648
36.078919,-79.007966,10,0.05,126.4,2.93,5176003,2.93,2.93121,1.20479,9.56591,-0.00748,0.01787,-0.00977,55.8024,-10.09939,-71.41187
36.078921,-79.007967,10,0.02,126.7,2.93,5177003,2.93,2.9336,1.21077,9.59701,-0.00779,0.01894,-0.01206,55.8024,-9.89477,-71.11955
36.078922,-79.007968,10,0.01,126.9,2.92,5178003,2.92,2.91805,1.23111,9.58864,-0.00855,0.01863,-0.00993,56.59164,-10.64016,-70.75417
36.078924,-79.00797,10,0.03,127.1,2.92,5179003,2.92,2.91745,1.22931,9.5695,-0.01054,0.01741,-0.00977,56.2701,-10.36247,-70.65186
36.078925,-79.00797,10,0.01,127.1,2.93,5180003,2.93,2.92822,1.23709,9.6024,-0.01054,0.01695,-0.01329,56.15317,-10.87401,-70.59339
36.078926,-79.00797,10,0.02,127.1,2.93,5181003,2.93,2.93061,1.22154,9.66581,-0.01222,0.01817,-0.01191,56.21163,-10.15785,-70.27185
36.078929,-79.007972,10,0.02,127.4,2.96,5182003,2.96,2.96411,1.21077,9.57787,-0.00809,0.0171,-0.00947,55.37854,-10.21631,-70.9734
36.07893,-79.007971,10,0.05,127.1,2.95,5183003,2.95,2.95215,1.2335,9.61496,-0.00809,0.01939,-0.01054,55.86086,-10.59632,-71.61649
36.078933,-79.007971,10,0.06,127.1,2.95,5184003,2.95,2.94915,1.2341,9.58804,-0.011,0.01848,-0.01069,55.68547,-10.59632,-70.9734
36.078937,-79.007973,10,0.05,127.2,2.97,5185003,2.97,2.96531,1.07318,9.56651,-0.0087,0.01802,-0.00947,55.58316,-10.24554,-71.25109
36.078938,-79.007972,10,0.02,127,2.94,5186003,2.94,2.94078,1.07438,9.57308,-0.00748,0.02535,-0.01206,55.53931,-10.24554,-70.34493
36.078938,-79.007972,10,0.09,126.7,2.93,5187003,2.93,2.93121,1.22931,9.5683,-0.01038,0.01848,-0.01084,55.75855,-10.55247,-71.17802
36.078939,-79.007972,10,0.12,126.5,2.94,5188003,2.94,2.94317,1.23529,9.54557,-0.00855,0.01726,-0.01038,55.39316,-10.40631,-71.74802
36.078939,-79.007971,10,0.09,126.5,2.94,5189003,2.94,2.94018,1.08574,9.57488,-0.00932,0.01619,-0.01176,55.67086,-10.23093,-71.79188
36.078942,-79.007973,10,0.06,126.9,2.94,5190003,2.94,2.9354,1.20359,9.58983,-0.00687,0.01527,-0.00993,55.78778,-9.99708,-71.35341
36.078943,-79.007972,10,0.05,126.6,2.95,5191003,2.95,2.95215,1.23948,9.60599,-0.0055,0.01848,-0.01038,55.437,-10.28939,-71.07571
36.078944,-79.007971,10,0.02,126.4,2.96,5192003,2.96,2.96471,1.20897,9.58804,-0.00947,0.01695,-0.01191,55.74393,-10.31862,-71.64572
36.078946,-79.007971,10,0.01,126.2,2.93,5193003,2.93,2.93121,1.21376,9.62991,-0.0084,0.01604,-0.0139,55.91932,-9.89477,-70.94417
36.078946,-79.007971,10,0.02,126,2.93,5194003,2.93,2.93181,1.24008,9.6347,-0.00657,0.01939,-0.00993,55.68547,-10.17246,-70.87109
36.078947,-79.007971,10,0.12,125.8,2.92,5195003,2.92,2.91865,1.24846,9.60658,-0.011,0.02016,-0.01176,55.51009,-10.14323,-71.82111
36.078947,-79.007971,10,0.02,125.6,2.92,5196003,2.92,2.92403,1.21854,9.57009,-0.0084,0.01619,-0.00977,55.48085,-9.85092,-71.33879
36.078948,-79.007971,10,0.02,125.4,2.94,5197003,2.94,2.94497,1.22991,9.65384,-0.01191,0.02153,-0.01268,55.84624,-9.79246,-71.25109
36.078949,-79.007971,10,0.03,125.2,2.94,5198003,2.94,2.9354,1.19462,9.57608,-0.00932,0.01817,-0.01268,55.56855,-10.114,-70.27185
36.078948,-79.00797,10,0.07,124.9,2.93,5199003,2.93,2.92822,1.2323,9.5354,-0.00733,0.01772,-0.00962,55.75855,-10.04092,-70.79801
36.078947,-79.007968,10,0.03,124.7,2.8,5200003,2.8,2.8014,1.22572,9.59163,-0.00947,0.01985,-0.00962,55.1447,-10.50862,-70.57878
36.078945,-79.007966,10,0.05,124.5,2.78,5201003,2.78,2.77567,1.20658,9.61376,-0.01176,0.01863,-0.01069,55.1447,-10.01169,-72.02572
36.078945,-79.007965,10,0.01,124.4,2.96,5202003,2.96,2.95813,1.24128,9.55873,-0.00764,0.01756,-0.00977,55.53931,-10.23093,-72.68343
36.078944,-79.007964,10,0.02,124.1,2.97,5203003,2.97,2.97308,1.22812,9.62094,-0.00947,0.02016,-0.00916,55.32008,-9.38322,-71.99649
36.078943,-79.007964,10,0.02,124,2.93,5204003,2.93,2.92702,1.24068,9.61376,-0.01176,0.01649,-0.0084,55.49547,-9.89477,-72.2888
36.078942,-79.007964,10,0.03,123.9,2.94,5205003,2.94,2.93719,1.23529,9.62034,-0.01054,0.01985,-0.01161,55.7147,-10.31862,-71.45572
36.078942,-79.007965,10,0.02,123.9,2.93,5206003,2.93,2.933,1.22094,9.61376,-0.00901,0.01497,-0.00977,55.45162,-10.80094,-71.61649
36.078942,-79.007965,10,0.02,123.6,2.77,5207003,2.77,2.77268,1.20359,9.58086,-0.00489,0.02062,-0.01023,54.99854,-10.28939,-71.80649
36.078941,-79.007965,10,0.05,123.4,2.95,5208003,2.95,2.94736,1.22931,9.57069,-0.00489,0.01161,-0.01191,55.37854,-9.99708,-71.26571
36.078941,-79.007966,10,0.02,123.4,2.8,5209003,2.8,2.8008,1.23589,9.62991,-0.01023,0.01726,-0.01145,55.72932,-9.6463,-71.98188
36.07894,-79.007966,10,0.09,123.5,2.94,5210003,2.94,2.94497,1.21974,9.58086,-0.00733,0.01787,-0.01374,55.68547,-10.08477,-72.01111
36.078939,-79.007966,10,0.02,123.4,2.97,5211003,2.97,2.97248,1.24487,9.57368,-0.0026,0.01604,-0.01344,55.32008,-10.55247,-71.52879
36.078938,-79.007965,10,0.05,123.3,2.92,5212003,2.92,2.92343,1.24307,9.60778,-0.01206,0.0139,-0.01222,55.057,-10.50862,-72.23034
36.078936,-79.007964,10,0.05,123.2,2.93,5213003,2.93,2.92822,1.20718,9.61496,-0.01191,0.01863,-0.0113,55.56855,-10.09939,-71.01725
36.078929,-79.00796,10,0.08,123.3,2.92,5214003,2.92,2.91506,1.21914,9.59582,-0.00733,0.01863,-0.01054,55.55393,-10.05554,-72.36188
36.078926,-79.007959,9,0.08,123.3,2.94,5215003,2.94,2.94257,1.22931,9.61017,-0.00779,0.01756,-0.01023,55.64163,-9.67553,-72.49342
36.078922,-79.007957,9,0.05,123.4,2.95,5216003,2.95,2.94915,1.24187,9.59103,-0.0084,0.01787,-0.01344,55.5247,-9.85092,-71.39725
36.078921,-79.007957,10,0.05,123.5,2.94,5217003,2.94,2.94138,1.2323,9.63111,-0.01313,0.01405,-0.01084,55.55393,-10.24554,-71.22186
36.078921,-79.007958,10,0.03,123.7,2.92,5218003,2.92,2.92463,1.22931,9.61197,-0.00443,0.02031,-0.01176,55.87547,-10.02631,-71.16341
36.078921,-79.007958,10,0.01,123.8,2.93,5219003,2.93,2.92762,1.22632,9.56471,-0.00672,0.01909,-0.00993,55.45162,-10.114,-71.35341
36.078921,-79.007958,10,0.02,123.9,2.91,5220003,2.91,2.90788,1.21137,9.55155,-0.00779,0.02046,-0.01329,55.84624,-9.93861,-71.77726
36.078922,-79.007957,10,0.05,124.2,2.92,5221003,2.92,2.92343,1.21077,9.61616,-0.01023,0.01756,-0.00977,56.24086,-9.88015,-71.39725
36.078925,-79.007958,10,0.01,124.4,2.93,5222003,2.93,2.92582,1.22094,9.62752,-0.01038,0.01863,-0.01038,55.91932,-9.96785,-71.30956
36.078928,-79.00796,10,0.12,124.5,2.92,5223003,2.92,2.92283,1.21137,9.56292,-0.0058,0.01588,-0.01268,55.59777,-8.91552,-71.70418
36.07893,-79.007961,10,0.02,124.8,2.93,5224003,2.93,2.9342,1.19521,9.61376,-0.00962,0.01894,-0.01008,55.61239,-9.82169,-71.66033
36.078933,-79.007964,10,0.02,125.3,2.96,5225003,2.96,2.96291,1.2341,9.62633,-0.00596,0.01924,-0.01161,55.72932,-9.70477,-71.76264
36.078935,-79.007966,10,0.03,125.8,2.94,5226003,2.94,2.93898,1.18385,9.64008,-0.00718,0.01619,-0.01237,55.20316,-9.90938,-72.66881
36.078938,-79.00797,10,0.03,126.5,2.91,5227003,2.91,2.91207,1.21316,9.59342,-0.00504,0.01741,-0.01206,55.20316,-10.17246,-71.68957
36.078939,-79.007972,10,0.02,126.6,2.95,5228003,2.95,2.95095,1.22632,9.61137,-0.00687,0.01924,-0.01283,55.1447,-9.66092,-71.14879
36.078944,-79.007976,10,0.12,127.2,2.97,5229003,2.97,2.9659,1.2323,9.62214,-0.00764,0.01848,-0.01298,55.7147,-9.79246,-71.42648
36.078945,-79.007978,10,0.09,127.5,2.95,5230003,2.95,2.95035,1.24905,9.62872,-0.0058,0.01939,-0.0113,55.37854,-9.74861,-71.47033
36.078948,-79.007981,10,0.06,127.9,2.96,5231003,2.96,2.95633,1.24546,9.64307,-0.00687,0.01604,-0.01069,55.59777,-9.98246,-72.0988
36.078949,-79.007982,10,0.02,128.1,2.93,5232003,2.93,2.92762,1.24786,9.61556,-0.00855,0.01924,-0.01237,55.3347,-9.69015,-71.30956
36.07895,-79.007983,10,0.07,128.3,2.96,5233003,2.96,2.95992,1.2323,9.59881,-0.01008,0.02016,-0.01115,55.51009,-9.88015,-72.02572
36.078949,-79.007983,10,0.03,128.4,2.96,5234003,2.96,2.95693,1.22513,9.58026,-0.00535,0.01604,-0.00825,55.58316,-10.114,-70.95878
36.078947,-79.007981,10,0.09,128.4,2.91,5235003,2.91,2.90907,1.22094,9.60479,-0.00611,0.01772,-0.01161,55.81701,-10.05554,-71.74802
36.078944,-79.007979,10,0.12,128.5,2.92,5236003,2.92,2.91565,1.21077,9.6018,-0.00657,0.0171,-0.01069,54.91084,-10.21631,-71.64572
36.078943,-79.007978,10,0.03,128.8,2.91,5237003,2.91,2.90549,1.22393,9.61017,-0.00916,0.0171,-0.0087,55.07162,-10.2017,-70.8857
36.078946,-79.007978,10,0.02,129.3,2.99,5238003,2.99,2.98684,1.24307,9.57548,-0.0084,0.01894,-0.00947,55.15931,-10.65478,-71.19263
36.078947,-79.007977,10,0.08,129.1,2.97,5239003,2.97,2.97428,1.2323,9.59043,-0.00886,0.01833,-0.01176,54.98392,-10.49401,-71.70418
36.078949,-79.007976,10,0.03,129.3,2.95,5240003,2.95,2.95095,1.2006,9.55993,-0.00504,0.01924,-0.0087,55.04239,-9.88015,-71.6311
36.078949,-79.007975,10,0.0,129.4,2.95,5241003,2.95,2.94796,1.22871,9.59043,-0.00932,0.01649,-0.00809,55.30547,-9.98246,-71.17802
36.078949,-79.007974,10,0.0,129.6,2.94,5242003,2.94,2.94198,1.22812,9.62932,-0.01069,0.01588,-0.00825,54.72084,-10.36247,-71.16341
36.078952,-79.007975,10,0.06,130.1,2.92,5243003,2.92,2.91924,1.24008,9.62872,-0.00779,0.02107,-0.00993,55.49547,-9.85092,-71.47033
36.078954,-79.007976,10,0.08,130.3,2.94,5244003,2.94,2.93958,1.22991,9.62393,-0.00947,0.01817,-0.01222,55.20316,-9.74861,-71.89418
36.078955,-79.007976,10,0.03,130.4,2.95,5245003,2.95,2.94975,1.21795,9.53779,-0.00748,0.01695,-0.01313,55.30547,-9.28091,-70.62262
36.078956,-79.007977,10,0.09,130.6,2.96,5246003,2.96,2.95633,1.24726,9.61675,-0.0084,0.01527,-0.01161,54.82315,-9.74861,-70.49109
36.078958,-79.007978,10,0.12,130.9,2.95,5247003,2.95,2.94796,1.25563,9.63051,-0.0058,0.01787,-0.01405,55.01316,-9.13476,-70.52032
36.078958,-79.007979,10,0.02,130.8,2.96,5248003,2.96,2.95813,1.22812,9.55095,-0.00367,0.01756,-0.01176,55.437,-10.31862,-70.8857
36.078959,-79.007979,10,0.07,130.4,2.94,5249003,2.94,2.93719,1.23769,9.57368,-0.00855,0.01894,-0.01084,55.51009,-10.21631,-71.51418
36.07896,-79.00798,10,0.02,130.1,2.95,5250003,2.95,2.94856,1.21854,9.60001,-0.00718,0.01405,-0.01115,55.84624,-9.99708,-71.61649
36.07896,-79.007981,10,0.03,130,2.94,5251003,2.94,2.93599,1.22572,9.58385,-0.00336,0.01833,-0.0113,55.01316,-9.88015,-71.11955
36.07896,-79.007978,10,0.07,129.1,2.93,5252003,2.93,2.933,1.22871,9.60539,-0.00947,0.01542,-0.01313,55.61239,-9.76323,-71.95264
36.078961,-79.007978,10,0.02,128.6,2.93,5253003,2.93,2.9324,1.23769,9.61257,-0.00733,0.01726,-0.01054,55.78778,-9.58784,-71.36802
36.07896,-79.007978,10,0.05,128,2.79,5254003,2.79,2.79063,1.23649,9.5671,-0.00641,0.01512,-0.01237,55.5247,-9.38322,-71.79188
36.07896,-79.007978,10,0.01,127.4,2.94,5255003,2.94,2.94317,1.23829,9.59941,-0.00672,0.01939,-0.01084,55.74393,-9.38322,-71.42648
36.07896,-79.00798,10,0.02,126.8,2.93,5256003,2.93,2.92762,1.20897,9.57907,-0.0055,0.01619,-0.01268,56.09471,-9.69015,-71.52879
36.078961,-79.00798,10,0.02,126.2,2.93,5257003,2.93,2.9336,1.22812,9.58086,-0.00779,0.02001,-0.01191,55.32008,-9.82169,-70.85648
36.078959,-79.007979,10,0.02,125.9,2.94,5258003,2.94,2.94437,1.21735,9.62274,-0.00916,0.01817,-0.011,55.27623,-9.77784,-72.2888
36.078958,-79.007979,10,0.02,125.7,2.94,5259003,2.94,2.94198,1.22034,9.6347,-0.00687,0.01833,-0.0087,55.91932,-9.76323,-72.04034
36.078959,-79.007981,10,0.1,126,2.96,5260003,2.96,2.95753,1.20838,9.56411,-0.00565,0.01833,-0.01191,55.48085,-9.47091,-71.64572
36.078959,-79.007982,10,0.01,126.3,2.96,5261003,2.96,2.95872,1.2335,9.61137,-0.00596,0.0197,-0.01054,55.08623,-9.19322,-71.30956
36.07896,-79.007984,10,0.06,126.6,2.97,5262003,2.97,2.9659,1.09173,9.61915,-0.00565,0.01909,-0.00932,55.46624,-9.04706,-72.08419
36.078959,-79.007984,10,0.03,126.6,2.94,5263003,2.94,2.94198,1.07498,9.55394,-0.00657,0.01665,-0.00916,56.19702,-9.13476,-71.74802
36.078958,-79.007984,10,0.12,126.3,2.93,5264003,2.93,2.93001,1.23589,9.54976,-0.00764,0.01848,-0.01329,55.49547,-9.77784,-71.20725
36.078958,-79.007984,10,0.05,126.2,2.94,5265003,2.94,2.94497,1.22453,9.59342,-0.00733,0.0168,-0.0113,55.04239,-10.04092,-71.77726
36.078958,-79.007985,10,0.01,126.3,2.95,5266003,2.95,2.95394,1.22333,9.61855,-0.0084,0.01817,-0.0113,56.08009,-9.67553,-71.41187
36.078959,-79.007985,10,0.13,126.4,2.93,5267003,2.93,2.9336,1.21735,9.59462,-0.00748,0.01634,-0.01145,55.86086,-9.85092,-71.23648
36.078963,-79.007988,10,0.14,127.3,2.94,5268003,2.94,2.93719,1.22513,9.58505,-0.00687,0.01619,-0.01206,55.42239,-9.90938,-71.26571
36.078964,-79.007988,10,0.13,127.7,2.93,5269003,2.93,2.933,1.08096,9.56351,-0.00977,0.01863,-0.0084,55.20316,-9.63169,-71.39725
36.078964,-79.007988,10,0.06,127.8,2.94,5270003,2.94,2.94018,1.24128,9.61316,-0.00565,0.01466,-0.01191,55.27623,-10.21631,-71.83572
36.078964,-79.007988,10,0.05,128.1,2.94,5271003,2.94,2.93719,1.24546,9.61077,-0.00473,0.01573,-0.0113,55.55393,-10.15785,-71.87956
36.078964,-79.007988,10,0.12,128.5,2.96,5272003,2.96,2.95573,1.23829,9.62513,-0.00916,0.01833,-0.01313,55.37854,-9.47091,-72.05495
36.078963,-79.007989,10,0.02,128.7,2.97,5273003,2.97,2.9665,1.2323,9.63649,-0.00825,0.01756,-0.01313,55.34932,-9.8363,-71.38264
36.078962,-79.007988,10,0.09,128.6,2.94,5274003,2.94,2.93599,1.21735,9.59642,-0.01008,0.0171,-0.01008,55.55393,-9.54399,-72.75651
36.07896,-79.007987,10,0.06,128.3,2.94,5275003,2.94,2.93779,1.23111,9.60359,-0.00901,0.01649,-0.00916,55.83163,-9.79246,-70.92955
36.078958,-79.007986,10,0.07,128.2,2.94,5276003,2.94,2.94018,1.23829,9.57667,-0.00932,0.01878,-0.01023,56.12394,-9.42707,-71.49957
36.078956,-79.007985,10,0.03,128.1,2.93,5277003,2.93,2.93061,1.24666,9.5677,-0.00886,0.01665,-0.01176,55.56855,-9.734,-71.35341
36.078953,-79.007982,10,0.09,127.8,2.95,5278003,2.95,2.95274,1.22752,9.49532,-0.00733,0.0197,-0.01054,56.21163,-9.70477,-71.86495
36.078949,-79.007979,10,0.06,127.3,2.96,5279003,2.96,2.95932,1.23111,9.58505,-0.01069,0.01833,-0.01038,55.84624,-9.82169,-71.4411
36.078936,-79.007972,10,0.01,127.3,2.97,5280003,2.97,2.97129,1.21137,9.59761,-0.00687,0.0171,-0.01222,56.05086,-9.71938,-71.38264
36.078935,-79.007972,10,0.01,127.2,2.93,5281003,2.93,2.92941,1.22931,9.5683,-0.00779,0.01726,-0.00916,56.05086,-9.39784,-70.65186
36.078935,-79.007972,10,0.02,127.2,2.96,5282003,2.96,2.95514,1.22273,9.58086,-0.00626,0.01909,-0.01176,56.05086,-9.66092,-71.07571
36.078932,-79.007972,10,0.13,127,2.94,5283003,2.94,2.94497,1.24187,9.58146,-0.00825,0.01634,-0.01145,55.81701,-9.89477,-70.38878
36.078928,-79.00797,10,0.01,126.8,2.96,5284003,2.96,2.95514,1.22213,9.57249,-0.01069,0.01863,-0.01054,55.89009,-9.734,-71.51418
36.078919,-79.007965,10,0.0,127.1,2.95,5285003,2.95,2.95274,1.20897,9.57548,-0.00932,0.01695,-0.00702,56.60626,-9.51476,-70.94417
36.07891,-79.007961,10,0.01,127.6,2.95,5286003,2.95,2.94856,1.20957,9.59821,-0.00687,0.02062,-0.00901,55.64163,-10.21631,-70.57878
36.078908,-79.007961,10,0.01,127.9,2.94,5287003,2.94,2.9354,1.20658,9.57368,-0.00764,0.01619,-0.01084,55.83163,-9.38322,-71.01725
36.078909,-79.007963,10,0.01,128.1,2.92,5288003,2.92,2.91865,1.21555,9.60001,-0.00672,0.01634,-0.01466,56.02163,-9.19322,-71.01725
36.078913,-79.007967,10,0.05,128.7,2.93,5289003,2.93,2.933,1.23051,9.6012,-0.00993,0.01878,-0.01023,55.84624,-9.58784,-72.23034
36.078917,-79.007971,10,0.12,129.6,2.95,5290003,2.95,2.94856,1.23769,9.5689,-0.00809,0.01359,-0.01313,56.00702,-10.21631,-71.66033
36.078919,-79.007973,10,0.03,129.9,2.94,5291003,2.94,2.93599,1.22333,9.59582,-0.00626,0.01527,-0.01252,55.62701,-9.33937,-70.54955
36.07892,-79.007973,10,0.02,129.9,2.94,5292003,2.94,2.93839,1.21854,9.60958,-0.00367,0.02016,-0.01161,56.47472,-9.93861,-71.20725
36.078919,-79.007972,10,0.06,129.8,2.94,5293003,2.94,2.94198,1.20658,9.58026,-0.00336,0.02138,-0.01344,55.86086,-9.71938,-70.82725
36.078919,-79.007972,10,0.05,129.5,2.95,5294003,2.95,2.94616,1.21376,9.58385,-0.00473,0.02016,-0.01237,55.55393,-9.85092,-71.52879
36.07892,-79.007971,10,0.07,129.4,2.94,5295003,2.94,2.93839,1.22991,9.58684,-0.00626,0.01695,-0.011,55.59777,-9.50015,-71.61649
36.078921,-79.007971,10,0.01,129.3,2.95,5296003,2.95,2.94915,1.21615,9.57249,-0.00565,0.01588,-0.01161,55.91932,-9.54399,-71.92342
36.078922,-79.007971,10,0.02,129.3,2.94,5297003,2.94,2.93958,1.23529,9.57608,-0.00626,0.02046,-0.01252,55.40778,-9.8363,-70.73955
36.078923,-79.00797,10,0.16,129.2,2.97,5298003,2.97,2.9671,1.22154,9.58445,-0.00672,0.01863,-0.00809,55.26162,-9.54399,-71.51418
36.078924,-79.007969,10,0.03,129.1,2.96,5299003,2.96,2.95872,1.22812,9.58026,-0.00702,0.0168,-0.01405,55.93394,-9.77784,-71.29494
36.078924,-79.007966,10,0.01,129.1,2.95,5300003,2.95,2.95454,1.22154,9.57967,-0.00718,0.01848,-0.00932,55.65624,-9.52938,-71.03186
36.078924,-79.007964,10,0.02,129.1,2.95,5301003,2.95,2.94796,1.22393,9.59701,-0.00641,0.0171,-0.0087,55.48085,-9.47091,-70.92955
36.078925,-79.007963,10,0.05,129,2.94,5302003,2.94,2.93839,1.22213,9.6024,-0.00718,0.02046,-0.01268,55.68547,-9.8363,-72.43496
36.078927,-79.007963,10,0.1,129,2.96,5303003,2.96,2.95573,1.20957,9.58565,-0.00901,0.01909,-0.011,55.10085,-10.01169,-70.76878
36.07893,-79.007963,10,0.12,129.2,2.97,5304003,2.97,2.97069,1.22572,9.59163,-0.00809,0.01466,-0.01084,55.49547,-10.02631,-70.54955
36.078931,-79.007963,10,0.02,129.1,2.94,5305003,2.94,2.93898,1.21675,9.59402,-0.00886,0.01802,-0.01359,55.49547,-9.69015,-70.92955
36.078933,-79.007964,10,0.06,129,2.95,5306003,2.95,2.95035,1.2329,9.59582,-0.00565,0.01985,-0.00855,55.39316,-9.60246,-70.76878
36.078935,-79.007964,10,0.05,128.9,2.92,5307003,2.92,2.91924,1.24487,9.55813,-0.01084,0.01619,-0.01023,55.49547,-10.42093,-71.16341
36.078936,-79.007965,10,0.08,128.9,2.92,5308003,2.92,2.92223,1.22453,9.60359,-0.00519,0.01741,-0.01145,55.53931,-10.114,-71.20725
36.078937,-79.007964,10,0.14,128.9,2.95,5309003,2.95,2.95394,1.22931,9.58146,-0.00672,0.01772,-0.011,55.62701,-9.90938,-71.47033
36.078938,-79.007964,10,0.06,128.8,2.93,5310003,2.93,2.93121,1.21854,9.55574,-0.00962,0.01466,-0.01298,55.51009,-9.4563,-70.84186
36.078939,-79.007964,10,0.06,128.7,2.89,5311003,2.89,2.88694,1.24546,9.59522,-0.00458,0.02153,-0.011,55.58316,-9.734,-71.57264
36.078943,-79.007964,10,0.12,129,2.93,5312003,2.93,2.93181,1.22094,9.60539,-0.00473,0.02306,-0.01237,55.94855,-9.32476,-71.52879
36.078944,-79.007963,10,0.01,129.2,2.95,5313003,2.95,2.95035,1.22931,9.56531,-0.00702,0.01756,-0.00947,55.3347,-9.82169,-71.35341
36.078941,-79.00796,10,0.07,128.7,2.93,5314003,2.93,2.9348,1.21376,9.52942,-0.00947,0.01939,-0.00916,55.45162,-9.88015,-71.67495
36.078941,-79.00796,10,0.05,128.9,2.95,5315003,2.95,2.94676,1.22333,9.60958,-0.00489,0.01649,-0.01145,55.68547,-9.66092,-71.7188
36.078942,-79.00796,10,0.0,128.9,2.94,5316003,2.94,2.94078,1.2658,9.59701,-0.00779,0.01802,-0.01222,55.437,-9.14937,-70.92955
36.078942,-79.00796,10,0.01,129,2.96,5317003,2.96,2.95813,1.23948,9.62633,-0.00809,0.01924,-0.01008,56.1824,-9.10552,-70.87109
36.078945,-79.007961,10,0.02,129,2.94,5318003,2.94,2.94198,1.23948,9.62333,-0.00702,0.0223,-0.01115,55.97779,-9.38322,-70.76878
36.078946,-79.00796,10,0.01,128.8,2.94,5319003,2.94,2.93599,1.22692,9.58026,-0.00565,0.01695,-0.01069,55.51009,-9.31014,-71.4411
36.078947,-79.00796,10,0.02,128.8,2.95,5320003,2.95,2.94676,1.25563,9.54078,-0.00641,0.01665,-0.01023,55.36393,-9.93861,-71.39725
36.078949,-79.00796,10,0.02,128.7,2.93,5321003,2.93,2.9348,1.21436,9.57787,-0.00825,0.01756,-0.0113,55.94855,-9.35399,-71.26571
36.078953,-79.007963,10,0.06,128.8,2.95,5322003,2.95,2.94915,1.21974,9.603,-0.00962,0.01756,-0.01038,55.3347,-9.8363,-71.73341
36.078956,-79.007964,10,0.01,128.7,2.91,5323003,2.91,2.91147,1.21675,9.61257,-0.00611,0.02214,-0.01069,55.3347,-9.6463,-70.79801
36.078958,-79.007966,10,0.03,128.5,2.95,5324003,2.95,2.94676,1.22333,9.64726,-0.00809,0.01939,-0.00809,55.84624,-9.70477,-70.57878
36.078961,-79.007969,10,0.03,128.5,2.95,5325003,2.95,2.95035,1.35553,9.60419,-0.00641,0.01527,-0.01115,55.51009,-9.51476,-70.8857
36.078966,-79.007973,10,0.08,128.7,2.92,5326003,2.92,2.92104,1.22692,9.59402,-0.00641,0.01985,-0.01298,55.20316,-9.90938,-71.17802
36.07897,-79.007977,10,0.06,128.9,2.94,5327003,2.94,2.93599,1.37468,9.58804,-0.00901,0.01772,-0.01313,54.85238,-9.47091,-71.00263
36.078972,-79.00798,10,0.01,129,2.94,5328003,2.94,2.94257,1.37587,9.61197,-0.00794,0.01665,-0.01023,55.36393,-9.48553,-71.23648
36.078971,-79.00798,10,0.01,128.6,2.91,5329003,2.91,2.91147,1.24666,9.58804,-0.00718,0.02046,-0.00764,56.00702,-10.33324,-71.03186
36.07897,-79.00798,10,0.02,128.3,2.94,5330003,2.94,2.93719,1.22572,9.62692,-0.00825,0.01588,-0.01405,55.5247,-10.114,-70.37416
36.078967,-79.007979,10,0.09,128.1,2.94,5331003,2.94,2.94257,1.22931,9.57129,-0.00504,0.01985,-0.01252,55.74393,-9.924,-71.01725
36.078964,-79.007977,10,0.13,128,2.94,5332003,2.94,2.94018,1.2341,9.61257,-0.00779,0.01772,-0.01054,55.30547,-10.01169,-70.72494
36.078961,-79.007976,10,0.07,127.9,2.96,5333003,2.96,2.95813,1.22572,9.58565,-0.00489,0.01848,-0.00764,55.23239,-10.01169,-71.09032
36.078959,-79.007975,10,0.01,127.7,2.95,5334003,2.95,2.94915,1.23171,9.56351,-0.00596,0.02077,-0.00977,55.64163,-10.18708,-71.55802
36.078959,-79.007974,10,0.02,127.6,2.92,5335003,2.92,2.92044,1.21914,9.58266,-0.01252,0.01741,-0.01268,55.39316,-10.21631,-70.95878
36.078958,-79.007973,10,0.03,127.6,2.94,5336003,2.94,2.93779,1.24128,9.58146,-0.00962,0.01558,-0.00932,55.40778,-10.05554,-71.45572
36.078958,-79.007971,10,0.1,127.6,2.93,5337003,2.93,2.92642,1.21854,9.58146,-0.00626,0.01878,-0.01115,55.32008,-10.14323,-70.75417
36.078957,-79.00797,10,0.05,127.5,2.93,5338003,2.93,2.92642,1.22931,9.58505,-0.00443,0.01497,-0.01054,55.40778,-9.48553,-70.38878
36.078955,-79.007969,10,0.01,127.5,2.94,5339003,2.94,2.9354,1.21735,9.58266,-0.01023,0.01878,-0.01176,55.23239,-10.18708,-71.57264
36.078955,-79.007968,10,0.0,127.5,2.96,5340003,2.96,2.95693,1.23948,9.58206,-0.00886,0.02077,-0.01176,55.53931,-9.58784,-70.92955
36.078955,-79.007967,10,0.03,127.4,2.94,5341003,2.94,2.94497,1.22393,9.57667,-0.00428,0.01726,-0.01023,56.06548,-9.924,-70.78339
36.078955,-79.007966,10,0.03,127.4,2.94,5342003,2.94,2.93599,1.23111,9.56411,-0.00825,0.01604,-0.00993,55.64163,-9.69015,-70.08185
36.078954,-79.007965,10,0.05,127.5,2.94,5343003,2.94,2.94138,1.22333,9.56172,-0.00443,0.0168,-0.01054,55.3347,-10.12862,-70.66647
36.078955,-79.007964,10,0.02,127.9,2.95,5344003,2.95,2.95454,1.23769,9.54796,-0.00702,0.01955,-0.01313,55.5247,-9.09091,-71.10493
36.078955,-79.007963,10,0.06,127.9,2.94,5345003,2.94,2.94138,1.23111,9.59223,-0.00611,0.01833,-0.01054,59.23706,-9.13476,-71.0611
36.078954,-79.007963,10,0.07,127.8,2.97,5346003,2.97,2.97308,1.22273,9.56052,-0.00687,0.01848,-0.01268,55.32008,-9.70477,-70.91493
36.078952,-79.00796,10,0.08,127.5,2.94,5347003,2.94,2.93779,1.23948,9.57189,0.00061,0.01863,-0.01008,55.96317,-9.47091,-70.59339
36.078952,-79.007958,10,0.06,126.8,2.92,5348003,2.92,2.92283,1.21077,9.58505,-0.00611,0.0142,-0.00962,56.15317,-9.22245,-70.5057
36.07895,-79.007955,10,0.07,126,2.96,5349003,2.96,2.96112,1.21436,9.55813,-0.00748,0.01863,-0.01008,55.70009,-9.96785,-74.5396
36.078949,-79.007954,10,0.1,125.5,2.93,5350003,2.93,2.9348,1.23589,9.59223,-0.0058,0.02031,-0.00977,55.78778,-9.69015,-71.67495
36.07895,-79.007953,10,0.06,125.3,2.93,5351003,2.93,2.9348,1.23948,9.55215,-0.00809,0.01619,-0.01252,55.64163,-9.90938,-71.82111
36.078949,-79.007952,10,0.06,124.8,2.97,5352003,2.97,2.97009,1.22632,9.60718,-0.00886,0.01527,-0.00947,56.13856,-9.44168,-70.54955
36.078949,-79.007952,10,0.03,124.6,2.93,5353003,2.93,2.92941,1.23948,9.57787,-0.00702,0.01833,-0.0113,55.40778,-10.33324,-69.87723
36.078951,-79.007953,10,0.01,123.8,2.96,5354003,2.96,2.96291,1.23709,9.56232,-0.00764,0.01985,-0.00916,55.45162,-10.15785,-71.32417
36.078952,-79.007953,9,0.25,123.7,2.97,5355003,2.97,2.96889,1.24307,9.53181,-0.00779,0.01619,-0.01069,55.83163,-9.80707,-71.54341
36.078952,-79.007953,10,0.08,123.5,2.92,5356003,2.92,2.92223,1.15693,9.79083,-0.04658,-0.01161,-0.03757,55.90471,-9.96785,-72.23034
36.078952,-79.007954,10,0.09,123.3,2.97,5357003,2.97,2.9677,1.19701,9.58385,-0.00764,0.01909,-0.00947,55.86086,-9.61707,-71.77726
36.078952,-79.007955,10,0.03,123.5,2.96,5358003,2.96,2.95693,1.20239,9.55574,-0.00733,0.01833,-0.01313,55.58316,-9.86554,-71.82111
36.078952,-79.007956,10,0.03,123.7,2.95,5359003,2.95,2.94616,1.20299,9.58983,-0.01008,0.01695,-0.00733,55.91932,-9.63169,-71.54341
36.078953,-79.007959,10,0.21,123.8,2.96,5360003,2.96,2.96291,1.20658,9.5366,-0.00764,0.0197,-0.01206,56.21163,-9.04706,-71.77726
36.078953,-79.007963,10,0.12,124.3,2.94,5361003,2.94,2.93958,1.21496,9.59821,-0.01069,0.0197,-0.01115,55.62701,-9.66092,-72.42035
36.078954,-79.007964,10,0.05,124.5,2.97,5362003,2.97,2.9683,1.20778,9.55574,-0.01008,0.01863,-0.00596,55.74393,-9.85092,-71.70418
36.078953,-79.007965,10,0.01,124.7,2.98,5363003,2.98,2.97847,1.21077,9.52942,-0.00809,0.01863,-0.01038,55.78778,-9.67553,-71.09032
36.078956,-79.007969,10,0.1,125.1,2.97,5364003,2.97,2.9659,1.19581,9.57189,-0.00473,0.02092,-0.01313,55.84624,-9.61707,-70.98801
36.078955,-79.007969,10,0.01,125.2,2.98,5365003,2.98,2.97547,1.20479,9.61137,-0.01084,0.01848,-0.01084,56.25549,-9.41245,-71.29494
36.078957,-79.00797,10,0.03,125.5,2.95,5366003,2.95,2.95274,1.19821,9.55095,-0.00855,0.01817,-0.01206,55.97779,-9.8363,-71.29494
36.078958,-79.00797,10,0.03,125.8,2.95,5367003,2.95,2.95334,1.20299,9.56471,-0.0084,0.01939,-0.00993,56.10933,-9.95323,-71.68957
36.078961,-79.007972,10,0.06,126.5,2.99,5368003,2.99,2.99043,1.2006,9.51207,-0.00473,0.01787,-0.01054,55.70009,-9.86554,-71.73341
36.078966,-79.007975,10,0.17,127.2,2.94,5369003,2.94,2.94317,1.19163,9.53959,-0.00382,0.0197,-0.01191,56.21163,-9.98246,-71.22186
36.07897,-79.007978,10,0.03,127.7,2.96,5370003,2.96,2.95932,1.21735,9.5689,-0.00702,0.02092,-0.01069,55.84624,-10.02631,-71.42648
36.078974,-79.007983,10,0.07,128,2.96,5371003,2.96,2.96052,1.19641,9.57189,-0.00626,0.01604,-0.01145,56.05086,-9.48553,-71.13417
36.078978,-79.007985,10,0.03,128.4,2.98,5372003,2.98,2.97966,1.18804,9.5683,-0.00657,0.01756,-0.01176,56.12394,-9.96785,-71.36802
36.07898,-79.007987,10,0.06,128.5,2.97,5373003,2.97,2.9665,1.20419,9.57308,-0.00672,0.01817,-0.00977,56.37241,-10.08477,-71.95264
36.078982,-79.007988,10,0.05,128.4,3,5374003,3,3,1.20598,9.58924,-0.00611,0.01802,-0.01145,55.74393,-9.96785,-72.0988
36.078982,-79.007988,10,0.06,128.3,2.98,5375003,2.98,2.97727,1.17966,9.56531,-0.0087,0.01329,-0.01329,55.89009,-9.85092,-71.61649
36.078982,-79.007987,10,0.05,127.8,2.98,5376003,2.98,2.97906,1.2,9.57189,-0.00351,0.01741,-0.00611,55.48085,-9.33937,-71.48495
36.078982,-79.007988,10,0.07,127.8,2.98,5377003,2.98,2.98026,1.19761,9.58385,-0.00626,0.01863,-0.01222,55.11546,-9.67553,-71.80649
36.078982,-79.007988,10,0.02,127.6,2.98,5378003,2.98,2.98385,1.2006,9.57847,-0.00611,0.01542,-0.01206,55.437,-8.91552,-71.41187
36.078977,-79.007984,10,0.12,127.7,2.98,5379003,2.98,2.97607,1.2006,9.57129,-0.00504,0.0171,-0.01023,55.8024,-9.12014,-70.98801
36.078976,-79.007982,10,0.03,127.5,2.96,5380003,2.96,2.95932,1.21256,9.58684,-0.00748,0.01817,-0.011,55.93394,-9.35399,-71.20725
36.078975,-79.00798,10,0.08,127.3,2.95,5381003,2.95,2.94975,1.22453,9.56471,-0.00519,0.0168,-0.01268,55.49547,-9.80707,-71.17802
36.078974,-79.007978,10,0.02,127.3,2.97,5382003,2.97,2.96531,1.20359,9.57368,-0.01069,0.01695,-0.01176,55.58316,-9.36861,-70.85648
36.078973,-79.007977,10,0.06,127.3,2.96,5383003,2.96,2.96112,1.20598,9.55454,-0.00672,0.01802,-0.01191,55.94855,-9.29553,-71.01725
36.078971,-79.007973,10,0.01,127.1,2.99,5384003,2.99,2.98744,1.22632,9.56651,-0.00794,0.01772,-0.01283,55.87547,-9.82169,-72.2888
36.078971,-79.007972,10,0.06,127,2.95,5385003,2.95,2.94975,1.20598,9.54617,-0.00702,0.0197,-0.01069,55.81701,-10.12862,-72.01111
36.078969,-79.007971,10,0.1,127,2.96,5386003,2.96,2.95753,1.22333,9.58565,-0.00443,0.02245,-0.01023,55.89009,-9.50015,-71.48495
36.078968,-79.00797,10,0.03,126.9,2.96,5387003,2.96,2.96172,1.19402,9.57727,-0.00428,0.0171,-0.00962,56.16779,-9.61707,-70.71032
36.078969,-79.007968,10,0.03,126.2,2.96,5388003,2.96,2.96052,1.21555,9.55634,-0.01191,0.01985,-0.01176,55.20316,-9.33937,-71.25109
36.078969,-79.007966,10,0.02,125.6,3,5389003,3,2.99581,1.2335,9.5689,-0.00916,0.01833,-0.01344,55.96317,-9.48553,-70.95878
36.078969,-79.007965,10,0.05,125.2,3,5390003,3,2.99821,1.20598,9.53061,-0.00473,0.01939,-0.00932,55.74393,-10.08477,-71.22186
36.078967,-79.007961,10,0.07,124.9,2.96,5391003,2.96,2.96471,1.21974,9.56232,-0.00855,0.02214,-0.01222,56.25549,-9.82169,-71.04648
36.078968,-79.00796,10,0.02,124.6,2.93,5392003,2.93,2.933,1.18684,9.57667,-0.00764,0.02031,-0.0087,55.437,-9.734,-71.4411
36.078967,-79.00796,10,0.01,124.5,2.99,5393003,2.99,2.98744,1.19402,9.5336,-0.00916,0.01756,-0.0113,56.02163,-9.55861,-70.37416
36.078966,-79.007959,10,0.12,124.2,2.97,5394003,2.97,2.97129,1.20957,9.55693,-0.00535,0.01878,-0.01176,55.59777,-9.1786,-71.26571
36.078964,-79.007957,10,0.03,124,2.99,5395003,2.99,2.99163,1.21735,9.56172,-0.00733,0.01649,-0.00886,55.64163,-9.48553,-71.7188
36.078962,-79.007955,11,0.08,123.9,2.99,5396003,2.99,2.98923,1.21675,9.59701,-0.00535,0.01451,-0.01145,55.61239,-8.7109,-71.47033
36.078963,-79.007955,11,0.21,124,2.97,5397003,2.97,2.97308,1.2012,9.63829,-0.00748,0.01695,-0.01298,55.70009,-9.16399,-71.23648
36.078964,-79.007955,11,0.03,124,2.98,5398003,2.98,2.98385,1.2018,9.58445,-0.00794,0.01848,-0.01298,55.40778,-9.1786,-72.05495
36.078964,-79.007955,11,0.22,124.1,2.98,5399003,2.98,2.98445,1.21436,9.53959,-0.00901,0.01374,-0.01161,55.45162,-9.00321,-71.80649
36.078963,-79.007954,11,0.06,124.1,2.98,5400003,2.98,2.97906,1.21496,9.57009,-0.00916,0.02016,-0.01283,55.29085,-9.38322,-71.58725
36.078963,-79.007954,11,0.01,124.3,2.95,5401003,2.95,2.95454,1.19462,9.55873,-0.00886,0.01756,-0.01054,55.37854,-9.1786,-71.14879
36.078963,-79.007955,11,0.03,124.4,2.97,5402003,2.97,2.97009,1.19641,9.55993,-0.01069,0.02016,-0.01054,56.03625,-9.13476,-70.8857
36.078963,-79.007955,11,0.07,124.3,2.94,5403003,2.94,2.94138,1.21436,9.56591,-0.00672,0.0168,-0.01344,55.34932,-8.87168,-71.60188
36.078964,-79.007957,11,0.01,124.5,2.97,5404003,2.97,2.97428,1.20778,9.59163,-0.00794,0.0197,-0.011,55.78778,-9.35399,-71.16341
36.078969,-79.007961,11,0.14,124.8,2.97,5405003,2.97,2.9665,1.2,9.55514,-0.01359,0.0142,-0.0087,55.10085,-9.00321,-71.47033
36.078971,-79.007963,11,0.01,124.9,2.97,5406003,2.97,2.96531,1.21316,9.57847,-0.00626,0.01481,-0.00901,55.48085,-9.20783,-71.25109
36.078969,-79.007965,10,0.23,125.9,2.95,5407003,2.95,2.94975,1.1994,9.59462,-0.00641,0.01573,-0.01176,55.77316,-9.734,-72.23034
36.078971,-79.007965,11,0.03,125.9,2.98,5408003,2.98,2.97547,1.22094,9.56112,-0.00748,0.01833,-0.01023,55.83163,-8.9886,-71.52879
36.07897,-79.007966,11,0.14,126.2,2.95,5409003,2.95,2.94556,1.19641,9.58325,-0.00596,0.02291,-0.01283,55.67086,-8.72552,-72.40573
36.078969,-79.007966,11,0.06,126.3,2.99,5410003,2.99,2.99163,1.2658,9.35474,-0.08781,-0.0084,0.00886,56.1824,-8.7109,-71.48495
36.078971,-79.007967,11,0.26,126.1,2.89,5411003,2.89,2.88814,1.09711,9.70409,0.01527,0.03176,-0.01436,58.11166,-7.26396,-70.12569
36.078972,-79.007968,11,0.13,126.8,2.98,5412003,2.98,2.98026,1.16231,9.59821,-0.00412,0.01985,-0.01298,60.33323,-7.49781,-69.24876
36.078974,-79.007969,11,0.03,127.2,2.96,5413003,2.96,2.95872,1.37288,9.46541,-0.03146,-0.0084,-0.00748,60.09939,-7.04472,-68.95644
36.078974,-79.007972,11,0.87,127.2,3.01,5414003,3.01,3.01316,1.03131,9.74178,-0.01252,0.02566,-0.01084,58.97399,-7.73166,-69.54107
36.078974,-79.007972,11,0.87,126.9,2.99,5414203,2.99,2.98505,1.24905,9.47797,-0.01939,0.011,-0.00382,59.51476,-8.19936,-68.0649
36.078975,-79.007975,10,0.17,127.1,3.03,5415003,3.03,3.02752,1.19462,9.55634,-0.00947,0.02535,-0.00886,59.1786,-8.40398,-68.9126
36.078976,-79.007975,11,0.16,127.1,3.01,5416003,3.01,3.01017,1.19521,9.5689,-0.00779,0.01955,-0.00932,56.66472,-6.6501,-66.20871
36.078977,-79.007975,11,0.02,127.1,2.92,5417003,2.92,2.91565,1.32443,9.37388,-0.03497,-0.01924,-0.00428,57.29319,-6.35779,-68.83952
36.078978,-79.007975,11,0.07,127.1,3.06,5418003,3.06,3.05563,1.15035,9.58505,-0.00596,0.02841,-0.01145,56.8401,-6.4601,-68.69337
36.07898,-79.007976,10,0.03,126.9,3.09,5419003,3.09,3.09033,1.22213,9.48395,-0.01145,0.01741,-0.00855,57.19088,-6.72318,-68.26951
36.078981,-79.007976,10,0.15,126.7,3.11,5420003,3.11,3.10588,1.18445,9.83211,0.00336,0.02382,-0.01252,57.74627,-6.75241,-68.88336
36.078981,-79.007975,10,0.05,126.4,2.97,5421003,2.97,2.97248,1.17428,9.63051,-0.00473,0.04169,-0.01054,57.43935,-6.37241,-68.37182
36.078983,-79.007975,11,0.12,126.1,3.04,5422003,3.04,3.03589,1.21436,9.59223,-0.00565,0.01619,-0.01374,57.90704,-6.88395,-68.34259
36.078982,-79.007976,11,0.05,127.3,3.01,5423003,3.01,3.01496,1.2006,9.59103,-0.00565,0.02031,-0.01084,58.11166,-7.16165,-68.95644
36.078981,-79.007978,11,0.01,127.7,3.05,5424003,3.05,3.05444,1.19163,9.51865,-0.00061,0.02825,-0.01084,58.21397,-6.41625,-68.83952
36.078981,-79.007977,11,0.15,127.6,3.02,5425003,3.02,3.01914,1.19043,9.58445,-0.0026,0.01894,-0.01329,57.93628,-6.82549,-67.99181
36.078981,-79.007977,11,0.05,127.3,3.06,5426003,3.06,3.06042,1.15633,9.54018,0.00367,0.02367,-0.01038,58.5209,-6.7378,-68.51797
36.07898,-79.007976,10,0.1,127,3,5427003,3,3.00359,1.20897,9.51267,-0.00932,0.01298,-0.01374,58.41859,-6.35779,-67.86028
36.07898,-79.007978,10,0.03,126.6,3.01,5428003,3.01,3.00598,1.20299,9.50728,-0.00351,0.01817,-0.00901,58.17013,-7.1178,-68.09412
36.07898,-79.007978,10,0.06,126.5,3.01,5429003,3.01,3.01376,1.19761,9.55394,-0.01252,0.01115,-0.011,58.60859,-7.13242,-68.22566
36.078978,-79.007977,10,0.12,126.2,2.99,5430003,2.99,2.98505,1.21615,9.54317,-0.00901,0.02031,-0.01191,58.17013,-6.95703,-67.36334
36.078975,-79.007976,10,0.03,126,3,5431003,3,3,1.18026,9.58864,-0.00122,0.02107,-0.0139,58.53551,-6.76703,-67.58258
36.078977,-79.007979,10,0.07,125.5,2.99,5432003,2.99,2.98983,1.20538,9.53121,0.00397,0.03176,-0.01176,58.78399,-6.9278,-68.54721
36.078975,-79.007978,10,0.08,125,3.03,5433003,3.03,3.02572,1.18923,9.55035,-0.00855,0.01726,-0.011,58.55013,-7.1178,-68.57644
36.078973,-79.007977,10,0.02,125,3.04,5434003,3.04,3.03649,1.25683,9.52762,-0.05559,-0.02566,-0.00168,58.34552,-6.86934,-68.26951
36.078972,-79.007976,10,0.02,124.8,2.97,5435003,2.97,2.9671,1.60678,9.3356,-0.02321,0.08674,0.0029,58.36013,-6.44548,-67.75797
36.078968,-79.007973,11,0.06,124.8,3.05,5436003,3.05,3.04726,1.17727,9.49592,-0.00809,0.02046,-0.0084,58.08243,-7.35165,-68.24028
36.078969,-79.007974,11,0.01,124.6,2.99,5437003,2.99,2.98864,1.27537,9.54018,0.01374,0.02459,-0.0142,57.68781,-7.26396,-68.35721
36.078969,-79.007974,11,0.02,124.4,3.01,5438003,3.01,3.00718,1.18744,9.54676,-0.00275,0.02718,-0.01054,58.31628,-7.04472,-68.48875
36.078969,-79.007974,11,0.06,124.3,2.98,5439003,2.98,2.98325,1.24068,9.5683,-0.00504,0.02016,-0.01283,58.19936,-7.00088,-68.60567
36.078968,-79.007975,11,0.02,124.1,2.99,5440003,2.99,2.98923,1.19462,9.5354,-0.01283,0.01054,-0.00901,58.31628,-6.72318,-68.02105
36.078968,-79.007975,11,0.01,124.1,2.99,5441003,2.99,2.99342,1.21735,9.58146,-0.00641,0.01894,-0.01374,57.60012,-6.95703,-68.70798
36.078967,-79.007975,11,0.03,124,3.02,5442003,3.02,3.02273,1.19342,9.54796,-0.0058,0.02275,-0.01359,58.50629,-6.56241,-68.40105
36.078966,-79.007974,11,0.03,123.8,3,5443003,3,3.0018,1.1988,9.58026,-0.01054,0.01634,-0.0113,58.21397,-6.63549,-68.32797
36.078965,-79.007972,11,0.02,123.5,2.96,5444003,2.96,2.96052,1.22812,9.54198,-0.00901,0.01542,-0.011,58.62321,-6.95703,-67.75797
36.078965,-79.007971,11,0.01,123.1,3.01,5445003,3.01,3.01017,1.21017,9.51506,-0.00641,0.01939,-0.00947,58.53551,-6.97165,-68.10873
36.078964,-79.00797,11,0.06,122.3,3.02,5446003,3.02,3.01675,1.21795,9.55634,-0.01023,0.01772,-0.01008,58.65244,-6.1824,-67.17335
36.078962,-79.007969,11,0.0,121.7,2.99,5447003,2.99,2.99043,1.18146,9.58924,-0.01252,0.01634,-0.00947,58.30166,-6.57702,-66.5741
36.078961,-79.00797,11,0.03,121.3,3,5448003,3,3.00299,1.22453,9.52762,-0.011,0.00626,-0.00932,58.21397,-6.44548,-68.83952
36.078962,-79.007971,11,0.02,120.9,3,5449003,3,2.9988,1.22991,9.6024,-0.00855,0.01115,-0.0113,58.30166,-6.84011,-68.09412
36.078963,-79.007972,10,0.06,120.8,2.98,5450003,2.98,2.98265,1.17727,9.55574,-0.01298,0.00993,-0.011,58.27243,-6.28471,-67.42181
36.078964,-79.007974,10,0.06,120.5,3,5451003,3,2.9988,1.19701,9.50848,-0.0029,0.0255,-0.01176,58.36013,-6.66472,-68.19643
36.078964,-79.007974,10,0.1,120.5,3.05,5452003,3.05,3.04965,0.93739,9.53719,-0.10201,0.28069,-1.04382,58.93013,-6.16779,-67.52412
36.078963,-79.007973,10,0.37,120.7,1.04,5453003,1.04,1.04387,-7.1019,-8.54118,0.18937,-1.67377,-3.53874,52.04618,51.28617,-13.18328
36.078963,-79.007972,10,1.05,121.2,-1.56,5454003,-1.56,-1.55593,-5.60578,-7.89213,-2.9627,1.22204,0.9079,44.06606,59.44168,-30.60509
36.078965,-79.007972,10,0.07,121.4,-2.29,5455003,-2.29,-2.29053,-7.87119,-7.11506,-3.32326,-0.86086,1.71531,44.79684,46.17071,-3.82929
36.078966,-79.007971,11,0.08,121.4,-0.86,5456003,-0.86,-0.85843,-7.84008,-6.11905,1.39644,0.74938,-0.77534,48.20228,44.54838,-4.10699
36.078971,-79.007975,11,0.12,122.5,-1.7,5457003,-1.7,-1.69831,-8.16132,-7.16531,1.12384,-0.13164,0.52718,53.96083,50.97924,-15.01023
36.078972,-79.007978,10,0.02,122.5,-0.15,5458003,-0.15,-0.14836,-7.50928,-7.51645,-0.32544,0.49556,0.37843,48.90383,51.14001,-10.5817
36.078974,-79.007982,10,0.17,122.8,-0.66,5459003,-0.66,-0.66461,-9.02573,-2.26301,-0.90057,0.25,-0.48151,53.40544,56.48933,-48.2169
36.078973,-79.007981,10,0.55,122.7,2.17,5460003,2.17,2.17208,1.15274,10.25444,0.67226,1.72936,0.38362,66.63256,9.69015,-70.95878
36.078972,-79.00798,10,0.2,122,1.48,5461003,1.48,1.47817,3.10409,9.63649,-1.18798,-0.16157,-0.1573,65.72639,2.5285,-70.87109
36.078973,-79.007984,10,0.05,123.2,-1.79,5462003,-1.79,-1.78684,3.15494,9.57787,0.354,-0.22617,0.29108,52.39696,-8.30167,-71.38264
36.078973,-79.007985,10,0.41,122.8,-2.93,5463003,-2.93,-2.92523,-3.99482,8.86481,1.82801,0.68799,1.38544,33.04589,20.28647,-80.4297
36.078968,-79.007982,10,2.16,122.8,-0.27,5464003,-0.27,-0.27338,-7.67797,6.95115,-0.23442,0.05681,-0.01069,41.40602,30.03508,-79.78661
36.078968,-79.007982,10,2.16,122.8,-0.27,5464203,-0.27,-0.2674,-5.68714,8.34317,-1.05848,0.08735,-0.00779,40.87986,22.85881,-81.21894
36.078969,-79.007979,10,0.94,122.9,0.71,5465003,0.71,0.71186,-5.92044,9.78006,-0.04734,2.32602,0.17318,53.42006,14.71792,-79.27506
36.078966,-79.007973,10,0.54,122.8,-4.27,5466003,-4.27,-4.26999,-4.26461,7.81436,0.68524,-2.08717,-1.14476,24.68576,14.49868,-77.28734
36.078968,-79.00797,10,1.23,122.8,-7.33,5467003,-7.33,-7.334,2.46102,6.5683,-2.39322,0.59468,-0.78359,25.31424,-14.54253,-65.37562
36.078968,-79.00797,11,1.23,124,-5.04,5467203,-5.04,-5.03689,6.49711,6.15135,0.14554,0.68371,-0.08735,34.58053,-24.4373,-57.26396
36.078964,-79.007964,10,0.14,124.6,8.02,5468003,8.02,8.02134,-3.22612,5.65304,1.07039,1.42927,-2.3164,81.59895,14.01637,-44.10991
36.078965,-79.007966,10,0.63,124.7,4.17,5469003,4.17,4.17488,-2.83011,8.84985,-0.17013,1.42041,0.51694,68.13797,0.90617,-66.45718
36.078965,-79.007968,11,0.35,125,5.82,5470003,5.82,5.82353,-7.76471,3.93021,-0.01038,-1.34757,-1.60337,67.45103,25.63578,-69.51183
