east_m,north_m,vx_pred,vz_pred,vx_std,vz_std,speed_pred,speed_std
-142.400530,-363.681521,-0.046410,-0.141474,0.460751,0.256541,0.148892,0.282923
-138.303121,-363.681521,-0.046424,-0.141474,0.460751,0.256541,0.148896,0.282936
-134.205712,-363.681521,-0.046445,-0.141474,0.460751,0.256541,0.148903,0.282957
-130.108302,-363.681521,-0.046478,-0.141474,0.460751,0.256541,0.148913,0.282989
-126.010893,-363.681521,-0.046528,-0.141474,0.460751,0.256541,0.148929,0.283038
-121.913484,-363.681521,-0.046603,-0.141474,0.460751,0.256541,0.148952,0.283111
-117.816074,-363.681521,-0.046714,-0.141474,0.460751,0.256541,0.148987,0.283221
-113.718665,-363.681521,-0.046876,-0.141474,0.460751,0.256541,0.149037,0.283380
-109.621256,-363.681521,-0.047106,-0.141473,0.460750,0.256541,0.149109,0.283606
-105.523847,-363.681521,-0.047425,-0.141472,0.460749,0.256541,0.149209,0.283921
-101.426437,-363.681521,-0.047850,-0.141469,0.460746,0.256541,0.149342,0.284342
-97.329028,-363.681521,-0.048395,-0.141464,0.460741,0.256541,0.149513,0.284885
-93.231619,-363.681521,-0.049055,-0.141455,0.460731,0.256541,0.149720,0.285546
-89.134210,-363.681521,-0.049795,-0.141441,0.460714,0.256541,0.149950,0.286292
-85.036800,-363.681521,-0.050533,-0.141418,0.460684,0.256541,0.150175,0.287040
-80.939391,-363.681521,-0.051128,-0.141385,0.460639,0.256541,0.150345,0.287649
-76.841982,-363.681521,-0.051382,-0.141343,0.460575,0.256541,0.150392,0.287910
-72.744572,-363.681521,-0.051061,-0.141296,0.460495,0.256541,0.150239,0.287586
-68.647163,-363.681521,-0.049955,-0.141255,0.460406,0.256541,0.149828,0.286464
-64.549754,-363.681521,-0.047942,-0.141231,0.460324,0.256541,0.149147,0.284443
-60.452345,-363.681521,-0.045053,-0.141234,0.460261,0.256541,0.148246,0.281603
-56.354935,-363.681521,-0.041486,-0.141267,0.460223,0.256541,0.147233,0.278216
-52.257526,-363.681521,-0.037568,-0.141323,0.460204,0.256541,0.146231,0.274678
-48.160117,-363.681521,-0.033679,-0.141392,0.460190,0.256541,0.145347,0.271386
-44.062708,-363.681521,-0.030179,-0.141458,0.460169,0.256541,0.144641,0.268639
-39.965298,-363.681521,-0.027365,-0.141510,0.460146,0.256541,0.144131,0.266596
-35.867889,-363.681521,-0.025449,-0.141540,0.460133,0.256541,0.143809,0.265297
-31.770480,-363.681521,-0.024551,-0.141547,0.460147,0.256541,0.143660,0.264717
-27.673071,-363.681521,-0.024696,-0.141539,0.460195,0.256541,0.143677,0.264813
-23.575661,-363.681521,-0.025805,-0.141524,0.460272,0.256541,0.143857,0.265542
-19.478252,-363.681521,-0.027695,-0.141510,0.460366,0.256541,0.144195,0.266841
-15.380843,-363.681521,-0.030110,-0.141499,0.460461,0.256541,0.144667,0.268602
-11.283433,-363.681521,-0.032763,-0.141492,0.460546,0.256541,0.145236,0.270662
-7.186024,-363.681521,-0.035395,-0.141487,0.460615,0.256541,0.145847,0.272825
-3.088615,-363.681521,-0.037811,-0.141483,0.460666,0.256541,0.146448,0.274904
1.008794,-363.681521,-0.039893,-0.141480,0.460701,0.256541,0.146997,0.276764
5.106204,-363.681521,-0.041600,-0.141478,0.460723,0.256541,0.147467,0.278330
9.203613,-363.681521,-0.042940,-0.141476,0.460736,0.256541,0.147849,0.279585
13.301022,-363.681521,-0.043955,-0.141475,0.460743,0.256541,0.148146,0.280549
17.398431,-363.681521,-0.044703,-0.141475,0.460747,0.256541,0.148369,0.281265
-142.400530,-353.131770,-0.046424,-0.141474,0.460751,0.256541,0.148896,0.282936
-138.303121,-353.131770,-0.046447,-0.141474,0.460751,0.256541,0.148903,0.282959
-134.205712,-353.131770,-0.046484,-0.141474,0.460751,0.256541,0.148915,0.282995
-130.108302,-353.131770,-0.046543,-0.141474,0.460751,0.256541,0.148933,0.283053
-126.010893,-353.131770,-0.046637,-0.141474,0.460751,0.256541,0.148963,0.283145
-121.913484,-353.131770,-0.046785,-0.141474,0.460751,0.256541,0.149009,0.283290
-117.816074,-353.131770,-0.047014,-0.141473,0.460750,0.256541,0.149080,0.283515
-113.718665,-353.131770,-0.047364,-0.141472,0.460749,0.256541,0.149190,0.283860
-109.621256,-353.131770,-0.047890,-0.141470,0.460747,0.256541,0.149356,0.284382
-105.523847,-353.131770,-0.048666,-0.141465,0.460741,0.256541,0.149601,0.285154
-101.426437,-353.131770,-0.049779,-0.141453,0.460729,0.256541,0.149957,0.286274
-97.329028,-353.131770,-0.051328,-0.141430,0.460702,0.256541,0.150456,0.287847
-93.231619,-353.131770,-0.053391,-0.141383,0.460647,0.256541,0.151128,0.289971
-89.134210,-353.131770,-0.055986,-0.141292,0.460536,0.256541,0.151980,0.292684
-85.036800,-353.131770,-0.058992,-0.141132,0.460330,0.256541,0.152965,0.295875
-80.939391,-353.131770,-0.062050,-0.140868,0.459971,0.256541,0.153929,0.299164
-76.841982,-353.131770,-0.064474,-0.140483,0.459407,0.256540,0.154572,0.301800
-72.744572,-353.131770,-0.065253,-0.139998,0.458620,0.256538,0.154458,0.302663
-68.647163,-353.131770,-0.063237,-0.139509,0.457683,0.256535,0.153172,0.300494
-64.549754,-353.131770,-0.057568,-0.139178,0.456783,0.256530,0.150614,0.294408
-60.452345,-353.131770,-0.048171,-0.139155,0.456149,0.256527,0.147257,0.284658
-56.354935,-353.131770,-0.035947,-0.139480,0.455898,0.256527,0.144037,0.273226
-52.257526,-353.131770,-0.022444,-0.140057,0.455914,0.256529,0.141844,0.263369
-48.160117,-353.131770,-0.009263,-0.140733,0.455926,0.256530,0.141038,0.257721
-44.062708,-353.131770,0.002345,-0.141367,0.455732,0.256528,0.141386,0.256604
-39.965298,-353.131770,0.011534,-0.141843,0.455361,0.256524,0.142311,0.258330
-35.867889,-353.131770,0.017758,-0.142071,0.455054,0.256520,0.143176,0.260722
-31.770480,-353.131770,0.020654,-0.142043,0.455084,0.256520,0.143537,0.262160
-27.673071,-353.131770,0.020036,-0.141876,0.455559,0.256523,0.143284,0.261869
-23.575661,-353.131770,0.016028,-0.141716,0.456378,0.256528,0.142619,0.260012
-19.478252,-353.131770,0.009242,-0.141630,0.457346,0.256533,0.141931,0.257715
-15.380843,-353.131770,0.000726,-0.141596,0.458290,0.256537,0.141598,0.256544
-11.283433,-353.131770,-0.008321,-0.141577,0.459100,0.256539,0.141821,0.257510
-7.186024,-353.131770,-0.016889,-0.141555,0.459721,0.256541,0.142559,0.260491
-3.088615,-353.131770,-0.024339,-0.141531,0.460152,0.256541,0.143608,0.264584
1.008794,-353.131770,-0.030405,-0.141510,0.460424,0.256541,0.144740,0.268819
5.106204,-353.131770,-0.035098,-0.141495,0.460583,0.256541,0.145783,0.272571
9.203613,-353.131770,-0.038585,-0.141486,0.460668,0.256541,0.146653,0.275587
13.301022,-353.131770,-0.041094,-0.141480,0.460712,0.256541,0.147327,0.277861
17.398431,-353.131770,-0.042852,-0.141477,0.460733,0.256541,0.147824,0.279502
-142.400530,-342.582020,-0.046436,-0.141474,0.460751,0.256541,0.148900,0.282948
-138.303121,-342.582020,-0.046467,-0.141474,0.460751,0.256541,0.148910,0.282979
-134.205712,-342.582020,-0.046520,-0.141474,0.460751,0.256541,0.148926,0.283030
-130.108302,-342.582020,-0.046607,-0.141474,0.460751,0.256541,0.148953,0.283115
-126.010893,-342.582020,-0.046749,-0.141474,0.460751,0.256541,0.148998,0.283254
-121.913484,-342.582020,-0.046979,-0.141474,0.460750,0.256541,0.149070,0.283481
-117.816074,-342.582020,-0.047350,-0.141473,0.460749,0.256541,0.149186,0.283847
-113.718665,-342.582020,-0.047943,-0.141470,0.460746,0.256541,0.149373,0.284434
-109.621256,-342.582020,-0.048881,-0.141465,0.460740,0.256541,0.149672,0.285369
-105.523847,-342.582020,-0.050342,-0.141452,0.460723,0.256541,0.150143,0.286841
-101.426437,-342.582020,-0.052582,-0.141420,0.460683,0.256541,0.150879,0.289130
-97.329028,-342.582020,-0.055943,-0.141348,0.460590,0.256541,0.152016,0.292628
-93.231619,-342.582020,-0.060850,-0.141183,0.460379,0.256541,0.153738,0.297838
-89.134210,-342.582020,-0.067747,-0.140823,0.459918,0.256541,0.156271,0.305283
-85.036800,-342.582020,-0.076929,-0.140073,0.458950,0.256539,0.159807,0.315233
-80.939391,-342.582020,-0.088188,-0.138606,0.457037,0.256531,0.164282,0.327165
-76.841982,-342.582020,-0.100204,-0.135993,0.453544,0.256504,0.168922,0.339153
-72.744572,-342.582020,-0.109781,-0.131942,0.447836,0.256423,0.171640,0.347705
-68.647163,-342.582020,-0.111551,-0.126907,0.439897,0.256232,0.168965,0.348400
-64.549754,-342.582020,-0.099497,-0.122732,0.431303,0.255923,0.157996,0.336593
-60.452345,-342.582020,-0.071222,-0.121944,0.425333,0.255655,0.141219,0.307814
-56.354935,-342.582020,-0.031676,-0.125234,0.424499,0.255658,0.129178,0.268824
-52.257526,-342.582020,0.010005,-0.130576,0.427263,0.255876,0.130959,0.257208
-48.160117,-342.582020,0.047546,-0.135746,0.429252,0.256013,0.143831,0.280205
-44.062708,-342.582020,0.078800,-0.140089,0.427660,0.255910,0.160731,0.306119
-39.965298,-342.582020,0.102932,-0.143563,0.423045,0.255607,0.176650,0.322360
-35.867889,-342.582020,0.119791,-0.144995,0.418533,0.255285,0.188079,0.331351
-31.770480,-342.582020,0.129402,-0.143383,0.417886,0.255224,0.193141,0.338063
-27.673071,-342.582020,0.129981,-0.140999,0.422152,0.255489,0.191770,0.342285
-23.575661,-342.582020,0.119190,-0.140469,0.429198,0.255845,0.184222,0.339362
-19.478252,-342.582020,0.098044,-0.141257,0.436972,0.256140,0.171948,0.326125
-15.380843,-342.582020,0.071275,-0.141928,0.444387,0.256347,0.158819,0.303730
-11.283433,-342.582020,0.044171,-0.142086,0.450552,0.256465,0.148794,0.279047
-7.186024,-342.582020,0.020250,-0.141960,0.454961,0.256516,0.143397,0.261947
-3.088615,-342.582020,0.000956,-0.141781,0.457715,0.256534,0.141785,0.256547
1.008794,-342.582020,-0.013667,-0.141645,0.459260,0.256540,0.142303,0.259135
5.106204,-342.582020,-0.024266,-0.141561,0.460056,0.256541,0.143626,0.264531
9.203613,-342.582020,-0.031697,-0.141516,0.460441,0.256541,0.145022,0.269810
13.301022,-342.582020,-0.036774,-0.141493,0.460617,0.256541,0.146194,0.273996
17.398431,-342.582020,-0.040173,-0.141483,0.460695,0.256541,0.147075,0.277016
-142.400530,-332.032269,-0.046438,-0.141474,0.460751,0.256541,0.148901,0.282950
-138.303121,-332.032269,-0.046472,-0.141474,0.460751,0.256541,0.148911,0.282983
-134.205712,-332.032269,-0.046529,-0.141474,0.460751,0.256541,0.148929,0.283039
-130.108302,-332.032269,-0.046625,-0.141474,0.460751,0.256541,0.148959,0.283133
-126.010893,-332.032269,-0.046786,-0.141474,0.460750,0.256541,0.149009,0.283291
-121.913484,-332.032269,-0.047054,-0.141473,0.460750,0.256541,0.149093,0.283555
-117.816074,-332.032269,-0.047498,-0.141473,0.460748,0.256541,0.149233,0.283992
-113.718665,-332.032269,-0.048227,-0.141470,0.460742,0.256541,0.149464,0.284716
-109.621256,-332.032269,-0.049420,-0.141463,0.460728,0.256541,0.149847,0.285908
-105.523847,-332.032269,-0.051351,-0.141446,0.460694,0.256541,0.150479,0.287862
-101.426437,-332.032269,-0.054447,-0.141403,0.460609,0.256541,0.151524,0.291049
-97.329028,-332.032269,-0.059352,-0.141295,0.460405,0.256541,0.153254,0.296201
-93.231619,-332.032269,-0.067005,-0.141023,0.459922,0.256541,0.156132,0.304385
-89.134210,-332.032269,-0.078707,-0.140357,0.458810,0.256539,0.160918,0.316903
-85.036800,-332.032269,-0.096115,-0.138752,0.456327,0.256528,0.168791,0.334649
-80.939391,-332.032269,-0.120977,-0.135010,0.450973,0.256477,0.181282,0.356453
-76.841982,-332.032269,-0.154190,-0.126685,0.439948,0.256241,0.199559,0.376845
-72.744572,-332.032269,-0.193321,-0.109549,0.418584,0.255255,0.222203,0.385307
-68.647163,-332.032269,-0.227251,-0.078911,0.380898,0.251739,0.240562,0.369176
-64.549754,-332.032269,-0.228285,-0.038986,0.325537,0.242375,0.231590,0.323475
-60.452345,-332.032269,-0.156945,-0.023996,0.275541,0.229534,0.158769,0.274576
-56.354935,-332.032269,-0.032090,-0.058322,0.278857,0.230791,0.066568,0.242812
-52.257526,-332.032269,0.062343,-0.094200,0.315495,0.242167,0.112961,0.266646
-48.160117,-332.032269,0.121305,-0.112647,0.329747,0.245580,0.165542,0.293787
-44.062708,-332.032269,0.174671,-0.116208,0.315570,0.241295,0.209796,0.294778
-39.965298,-332.032269,0.210194,-0.117155,0.286403,0.232732,0.240639,0.274632
-35.867889,-332.032269,0.223887,-0.128319,0.256197,0.223044,0.258052,0.248412
-31.770480,-332.032269,0.256965,-0.095763,0.248922,0.220232,0.274229,0.245603
-27.673071,-332.032269,0.297497,-0.083827,0.276850,0.230242,0.309082,0.273692
-23.575661,-332.032269,0.290391,-0.118780,0.305990,0.237880,0.313744,0.297188
-19.478252,-332.032269,0.238938,-0.140292,0.346240,0.246299,0.277079,0.323574
-15.380843,-332.032269,0.174300,-0.145095,0.390663,0.252802,0.226788,0.341039
-11.283433,-332.032269,0.114767,-0.144474,0.423152,0.255496,0.184511,0.330604
-7.186024,-332.032269,0.066735,-0.143209,0.442236,0.256293,0.157995,0.298092
-3.088615,-332.032269,0.030757,-0.142346,0.452169,0.256488,0.145631,0.268275
1.008794,-332.032269,0.005073,-0.141880,0.456951,0.256531,0.141971,0.256887
5.106204,-332.032269,-0.012651,-0.141655,0.459128,0.256539,0.142218,0.258766
9.203613,-332.032269,-0.024579,-0.141552,0.460077,0.256541,0.143670,0.264731
13.301022,-332.032269,-0.032451,-0.141507,0.460478,0.256541,0.145180,0.270406
17.398431,-332.032269,-0.037567,-0.141488,0.460642,0.256541,0.146390,0.274688
-142.400530,-321.482518,-0.046429,-0.141474,0.460751,0.256541,0.148898,0.282941
-138.303121,-321.482518,-0.046453,-0.141474,0.460751,0.256541,0.148905,0.282964
-134.205712,-321.482518,-0.046494,-0.141474,0.460751,0.256541,0.148918,0.283005
-130.108302,-321.482518,-0.046565,-0.141474,0.460751,0.256541,0.148940,0.283074
-126.010893,-321.482518,-0.046685,-0.141474,0.460750,0.256541,0.148978,0.283191
-121.913484,-321.482518,-0.046888,-0.141474,0.460749,0.256541,0.149042,0.283391
-117.816074,-321.482518,-0.047230,-0.141474,0.460746,0.256541,0.149149,0.283728
-113.718665,-321.482518,-0.047803,-0.141473,0.460738,0.256541,0.149331,0.284292
-109.621256,-321.482518,-0.048751,-0.141472,0.460716,0.256541,0.149636,0.285233
-105.523847,-321.482518,-0.050306,-0.141468,0.460664,0.256541,0.150146,0.286788
-101.426437,-321.482518,-0.052827,-0.141458,0.460533,0.256541,0.151000,0.289339
-97.329028,-321.482518,-0.056861,-0.141432,0.460218,0.256541,0.152434,0.293473
-93.231619,-321.482518,-0.063207,-0.141366,0.459473,0.256540,0.154853,0.300036
-89.134210,-321.482518,-0.072990,-0.141200,0.457771,0.256536,0.158950,0.310035
-85.036800,-321.482518,-0.087672,-0.140788,0.454019,0.256515,0.165855,0.324057
-80.939391,-321.482518,-0.108942,-0.139776,0.446118,0.256415,0.177216,0.340754
-76.841982,-321.482518,-0.138281,-0.137319,0.430401,0.255984,0.194880,0.354688
-72.744572,-321.482518,-0.175950,-0.131530,0.401316,0.254296,0.219679,0.355669
-68.647163,-321.482518,-0.218815,-0.118873,0.352547,0.248596,0.249020,0.331737
-64.549754,-321.482518,-0.254827,-0.095835,0.282657,0.233243,0.272252,0.277013
-60.452345,-321.482518,-0.244082,-0.067122,0.208880,0.205068,0.253143,0.208615
-56.354935,-321.482518,-0.056727,-0.052286,0.175464,0.185478,0.077148,0.180133
-52.257526,-321.482518,0.111122,-0.052177,0.186116,0.193320,0.122762,0.187438
-48.160117,-321.482518,0.108108,-0.057013,0.184348,0.192719,0.122221,0.186201
-44.062708,-321.482518,0.124009,-0.056264,0.198484,0.201524,0.136176,0.199006
-39.965298,-321.482518,0.135276,-0.009705,0.220399,0.213217,0.135624,0.220363
-35.867889,-321.482518,0.058639,0.033048,0.218955,0.212342,0.067310,0.217380
-31.770480,-321.482518,0.051910,0.064486,0.209814,0.206357,0.082783,0.207723
-27.673071,-321.482518,0.199964,0.013943,0.234534,0.217517,0.200449,0.234454
-23.575661,-321.482518,0.284840,-0.077867,0.261693,0.226312,0.295292,0.259389
-19.478252,-321.482518,0.264991,-0.123498,0.316213,0.240732,0.292356,0.304121
-15.380843,-321.482518,0.203965,-0.137435,0.376074,0.251277,0.245948,0.342030
-11.283433,-321.482518,0.139133,-0.140955,0.416782,0.255165,0.198056,0.344531
-7.186024,-321.482518,0.084337,-0.141638,0.439572,0.256229,0.164846,0.314714
-3.088615,-321.482518,0.042634,-0.141665,0.451086,0.256477,0.147941,0.277877
1.008794,-321.482518,0.012760,-0.141593,0.456521,0.256529,0.142167,0.258758
5.106204,-321.482518,-0.007811,-0.141536,0.458960,0.256539,0.141751,0.257395
9.203613,-321.482518,-0.021590,-0.141504,0.460013,0.256541,0.143141,0.262926
13.301022,-321.482518,-0.030630,-0.141488,0.460454,0.256541,0.144765,0.268996
17.398431,-321.482518,-0.036469,-0.141480,0.460633,0.256541,0.146105,0.273739
-142.400530,-310.932767,-0.046422,-0.141474,0.460751,0.256541,0.148896,0.282934
-138.303121,-310.932767,-0.046425,-0.141474,0.460751,0.256541,0.148897,0.282938
-134.205712,-310.932767,-0.046430,-0.141474,0.460751,0.256541,0.148898,0.282942
-130.108302,-310.932767,-0.046439,-0.141474,0.460751,0.256541,0.148901,0.282951
-126.010893,-310.932767,-0.046458,-0.141474,0.460750,0.256541,0.148907,0.282969
-121.913484,-310.932767,-0.046496,-0.141475,0.460748,0.256541,0.148920,0.283006
-117.816074,-310.932767,-0.046569,-0.141476,0.460744,0.256541,0.148943,0.283076
-113.718665,-310.932767,-0.046702,-0.141478,0.460734,0.256541,0.148987,0.283204
-109.621256,-310.932767,-0.046936,-0.141484,0.460708,0.256541,0.149066,0.283428
-105.523847,-310.932767,-0.047332,-0.141498,0.460642,0.256541,0.149205,0.283803
-101.426437,-310.932767,-0.047979,-0.141532,0.460479,0.256541,0.149443,0.284405
-97.329028,-310.932767,-0.048998,-0.141614,0.460086,0.256541,0.149851,0.285322
-93.231619,-310.932767,-0.050530,-0.141813,0.459152,0.256540,0.150547,0.286617
-89.134210,-310.932767,-0.052703,-0.142299,0.456997,0.256532,0.151745,0.288206
-85.036800,-310.932767,-0.055502,-0.143475,0.452180,0.256494,0.153836,0.289552
-80.939391,-310.932767,-0.058497,-0.146291,0.441848,0.256302,0.157553,0.289047
-76.841982,-310.932767,-0.060297,-0.152855,0.420789,0.255423,0.164318,0.283370
-72.744572,-310.932767,-0.057744,-0.167384,0.380706,0.251811,0.177065,0.268477
-68.647163,-310.932767,-0.045475,-0.196164,0.312234,0.239374,0.201366,0.243618
-64.549754,-310.932767,-0.018277,-0.238020,0.221554,0.209672,0.238721,0.209743
-60.452345,-310.932767,0.014655,-0.240052,0.180933,0.189855,0.240499,0.189822
-56.354935,-310.932767,0.061500,-0.140147,0.184268,0.191871,0.153047,0.190664
-52.257526,-310.932767,0.128694,-0.052885,0.178162,0.187474,0.139136,0.179538
-48.160117,-310.932767,0.109106,-0.047482,0.181174,0.190093,0.118991,0.182623
-44.062708,-310.932767,0.061583,-0.074845,0.194480,0.198507,0.096924,0.196891
-39.965298,-310.932767,-0.049067,-0.082653,0.198807,0.201274,0.096120,0.200634
-35.867889,-310.932767,-0.068558,-0.018952,0.175608,0.185498,0.071129,0.176328
-31.770480,-310.932767,0.187270,0.090654,0.197904,0.198719,0.208058,0.198059
-27.673071,-310.932767,0.280759,0.036153,0.275441,0.230757,0.283077,0.274770
-23.575661,-310.932767,0.268157,-0.040595,0.348602,0.248318,0.271212,0.346673
-19.478252,-310.932767,0.219869,-0.092090,0.395900,0.254125,0.238376,0.378131
-15.380843,-310.932767,0.162405,-0.119534,0.424365,0.255828,0.201653,0.373905
-11.283433,-310.932767,0.108472,-0.132346,0.441189,0.256336,0.171119,0.342812
-7.186024,-310.932767,0.063752,-0.137840,0.450760,0.256486,0.151869,0.299995
-3.088615,-310.932767,0.029485,-0.140071,0.455902,0.256528,0.143140,0.268017
1.008794,-310.932767,0.004607,-0.140943,0.458503,0.256538,0.141019,0.256839
5.106204,-310.932767,-0.012771,-0.141277,0.459749,0.256541,0.141853,0.258830
9.203613,-310.932767,-0.024567,-0.141402,0.460319,0.256541,0.143520,0.264752
13.301022,-310.932767,-0.032401,-0.141448,0.460570,0.256541,0.145111,0.270385
17.398431,-310.932767,-0.037515,-0.141465,0.460677,0.256541,0.146354,0.274652
-142.400530,-300.383016,-0.046482,-0.141474,0.460751,0.256541,0.148914,0.282993
-138.303121,-300.383016,-0.046462,-0.141474,0.460751,0.256541,0.148908,0.282973
-134.205712,-300.383016,-0.046420,-0.141474,0.460751,0.256541,0.148895,0.282932
-130.108302,-300.383016,-0.046346,-0.141475,0.460750,0.256541,0.148873,0.282860
-126.010893,-300.383016,-0.046226,-0.141475,0.460750,0.256541,0.148836,0.282742
-121.913484,-300.383016,-0.046041,-0.141476,0.460748,0.256541,0.148779,0.282561
-117.816074,-300.383016,-0.045761,-0.141479,0.460743,0.256541,0.148695,0.282286
-113.718665,-300.383016,-0.045341,-0.141485,0.460730,0.256541,0.148572,0.281876
-109.621256,-300.383016,-0.044714,-0.141497,0.460700,0.256541,0.148394,0.281262
-105.523847,-300.383016,-0.043772,-0.141523,0.460627,0.256541,0.148138,0.280344
-101.426437,-300.383016,-0.042355,-0.141580,0.460453,0.256541,0.147779,0.278968
-97.329028,-300.383016,-0.040227,-0.141698,0.460047,0.256541,0.147297,0.276929
-93.231619,-300.383016,-0.037083,-0.141940,0.459116,0.256540,0.146704,0.274000
-89.134210,-300.383016,-0.032598,-0.142413,0.457042,0.256534,0.146096,0.270061
-85.036800,-300.383016,-0.026606,-0.143260,0.452576,0.256505,0.145710,0.265387
-80.939391,-300.383016,-0.019533,-0.144529,0.443371,0.256370,0.145843,0.260908
-76.841982,-300.383016,-0.013240,-0.145616,0.425462,0.255799,0.146217,0.257645
-72.744572,-300.383016,-0.012240,-0.143658,0.393252,0.253654,0.144178,0.254933
-68.647163,-300.383016,-0.024171,-0.130567,0.341693,0.246951,0.132785,0.250664
-64.549754,-300.383016,-0.054562,-0.094164,0.273661,0.231182,0.108829,0.242560
-60.452345,-300.383016,-0.079961,-0.051664,0.211024,0.207548,0.095199,0.210006
-56.354935,-300.383016,-0.020620,-0.096039,0.182321,0.190695,0.098228,0.190333
-52.257526,-300.383016,0.035566,-0.169835,0.179520,0.188588,0.173519,0.188216
-48.160117,-300.383016,0.003699,-0.163347,0.227502,0.214411,0.163388,0.214418
-44.062708,-300.383016,-0.080468,-0.142113,0.294793,0.238897,0.163313,0.253603
-39.965298,-300.383016,-0.148834,-0.124648,0.332846,0.247239,0.194136,0.300524
-35.867889,-300.383016,-0.131050,-0.099523,0.346761,0.248038,0.164557,0.314269
-31.770480,-300.383016,-0.031584,-0.078473,0.357752,0.248768,0.084591,0.266647
-27.673071,-300.383016,0.061041,-0.080807,0.379468,0.251610,0.101271,0.304339
-23.575661,-300.383016,0.099086,-0.098602,0.407112,0.254451,0.139787,0.339838
-19.478252,-300.383016,0.095457,-0.116390,0.429819,0.255878,0.150528,0.336805
-15.380843,-300.383016,0.073101,-0.128422,0.444354,0.256366,0.147770,0.312986
-11.283433,-300.383016,0.046409,-0.135193,0.452497,0.256500,0.142937,0.283621
-7.186024,-300.383016,0.022025,-0.138615,0.456736,0.256532,0.140354,0.263297
-3.088615,-300.383016,0.002228,-0.140226,0.458849,0.256539,0.140244,0.256611
1.008794,-300.383016,-0.012786,-0.140946,0.459872,0.256541,0.141525,0.258848
5.106204,-300.383016,-0.023665,-0.141256,0.460354,0.256541,0.143225,0.264202
9.203613,-300.383016,-0.031292,-0.141386,0.460576,0.256541,0.144807,0.269529
13.301022,-300.383016,-0.036505,-0.141439,0.460675,0.256541,0.146074,0.273783
17.398431,-300.383016,-0.039996,-0.141460,0.460719,0.256541,0.147006,0.276865
-142.400530,-289.833265,-0.046830,-0.141474,0.460751,0.256541,0.149023,0.283334
-138.303121,-289.833265,-0.046814,-0.141474,0.460751,0.256541,0.149019,0.283319
-134.205712,-289.833265,-0.046740,-0.141475,0.460751,0.256541,0.148996,0.283245
-130.108302,-289.833265,-0.046577,-0.141476,0.460750,0.256541,0.148946,0.283086
-126.010893,-289.833265,-0.046289,-0.141477,0.460748,0.256541,0.148857,0.282802
-121.913484,-289.833265,-0.045825,-0.141481,0.460745,0.256541,0.148717,0.282349
-117.816074,-289.833265,-0.045121,-0.141489,0.460736,0.256541,0.148509,0.281662
-113.718665,-289.833265,-0.044086,-0.141504,0.460716,0.256541,0.148213,0.280661
-109.621256,-289.833265,-0.042592,-0.141536,0.460670,0.256541,0.147805,0.279232
-105.523847,-289.833265,-0.040444,-0.141599,0.460563,0.256541,0.147262,0.277216
-101.426437,-289.833265,-0.037341,-0.141726,0.460322,0.256541,0.146562,0.274401
-97.329028,-289.833265,-0.032806,-0.141974,0.459789,0.256541,0.145715,0.270542
-93.231619,-289.833265,-0.026105,-0.142458,0.458634,0.256539,0.144830,0.265534
-89.134210,-289.833265,-0.016159,-0.143398,0.456210,0.256532,0.144305,0.259987
-85.036800,-289.833265,-0.001549,-0.145226,0.451287,0.256498,0.145235,0.256529
-80.939391,-289.833265,0.019242,-0.148795,0.441669,0.256355,0.150034,0.260472
-76.841982,-289.833265,0.047110,-0.155748,0.423642,0.255770,0.162716,0.273822
-72.744572,-289.833265,0.080912,-0.168919,0.391386,0.253519,0.187298,0.284367
-68.647163,-289.833265,0.115269,-0.191237,0.337313,0.245782,0.223290,0.273189
-64.549754,-289.833265,0.136781,-0.215754,0.258535,0.224623,0.255458,0.234847
-60.452345,-289.833265,0.114278,-0.188495,0.187517,0.193358,0.220431,0.191805
-56.354935,-289.833265,0.067187,-0.093929,0.177467,0.186800,0.115485,0.183694
-52.257526,-289.833265,0.051027,-0.058718,0.179867,0.188677,0.077792,0.184937
-48.160117,-289.833265,0.014185,-0.103091,0.237572,0.217668,0.104062,0.218054
-44.062708,-289.833265,-0.013229,-0.129562,0.318172,0.242163,0.130236,0.243069
-39.965298,-289.833265,-0.033229,-0.136100,0.378143,0.252328,0.140098,0.261021
-35.867889,-289.833265,-0.038504,-0.135443,0.413126,0.255387,0.140810,0.270383
-31.770480,-289.833265,-0.029020,-0.133778,0.431729,0.256164,0.136889,0.266548
-27.673071,-289.833265,-0.013604,-0.133459,0.442070,0.256376,0.134151,0.258964
-23.575661,-289.833265,-0.001814,-0.134686,0.448687,0.256463,0.134698,0.256511
-19.478252,-289.833265,0.002213,-0.136613,0.453307,0.256508,0.136631,0.256580
-15.380843,-289.833265,-0.000579,-0.138417,0.456449,0.256530,0.138418,0.256535
-11.283433,-289.833265,-0.007283,-0.139733,0.458420,0.256538,0.139923,0.257299
-7.186024,-289.833265,-0.015254,-0.140555,0.459556,0.256541,0.141380,0.259818
-3.088615,-289.833265,-0.022829,-0.141016,0.460165,0.256541,0.142852,0.263705
1.008794,-289.833265,-0.029229,-0.141257,0.460473,0.256541,0.144249,0.267987
5.106204,-289.833265,-0.034256,-0.141374,0.460623,0.256541,0.145465,0.271901
9.203613,-289.833265,-0.038011,-0.141430,0.460693,0.256541,0.146449,0.275096
13.301022,-289.833265,-0.040714,-0.141455,0.460726,0.256541,0.147197,0.277521
17.398431,-289.833265,-0.042606,-0.141466,0.460740,0.256541,0.147743,0.279274
-142.400530,-279.283515,-0.048226,-0.141474,0.460751,0.256541,0.149468,0.284715
-138.303121,-279.283515,-0.048372,-0.141475,0.460750,0.256541,0.149516,0.284859
-134.205712,-279.283515,-0.048386,-0.141476,0.460749,0.256541,0.149521,0.284873
-130.108302,-279.283515,-0.048194,-0.141479,0.460748,0.256541,0.149462,0.284681
-126.010893,-279.283515,-0.047704,-0.141484,0.460743,0.256541,0.149310,0.284192
-121.913484,-279.283515,-0.046808,-0.141496,0.460734,0.256541,0.149038,0.283302
-117.816074,-279.283515,-0.045386,-0.141522,0.460712,0.256541,0.148622,0.281905
-113.718665,-279.283515,-0.043312,-0.141575,0.460664,0.256541,0.148052,0.279898
-109.621256,-279.283515,-0.040458,-0.141682,0.460557,0.256541,0.147345,0.277207
-105.523847,-279.283515,-0.036705,-0.141893,0.460321,0.256541,0.146564,0.273816
-101.426437,-279.283515,-0.031937,-0.142303,0.459808,0.256541,0.145843,0.269807
-97.329028,-279.283515,-0.026012,-0.143073,0.458709,0.256539,0.145418,0.265404
-93.231619,-279.283515,-0.018642,-0.144468,0.456405,0.256531,0.145666,0.261040
-89.134210,-279.283515,-0.009142,-0.146886,0.451694,0.256495,0.147170,0.257532
-85.036800,-279.283515,0.003976,-0.150832,0.442402,0.256341,0.150884,0.256517
-80.939391,-279.283515,0.023334,-0.156761,0.424955,0.255737,0.158489,0.260573
-76.841982,-279.283515,0.052181,-0.164563,0.394461,0.253640,0.172638,0.269576
-72.744572,-279.283515,0.091135,-0.172396,0.346618,0.247532,0.195003,0.272270
-68.647163,-279.283515,0.128968,-0.175472,0.282032,0.233062,0.217768,0.251326
-64.549754,-279.283515,0.135395,-0.165695,0.210565,0.205693,0.213978,0.207657
-60.452345,-279.283515,0.084301,-0.122847,0.175687,0.185485,0.148990,0.182405
-56.354935,-279.283515,0.086323,-0.061692,0.176681,0.186329,0.106102,0.180001
-52.257526,-279.283515,0.164661,-0.067021,0.206789,0.203771,0.177778,0.206363
-48.160117,-279.283515,0.152236,-0.105838,0.280096,0.231541,0.185412,0.265253
-44.062708,-279.283515,0.105766,-0.128157,0.351659,0.247812,0.166164,0.294334
-39.965298,-279.283515,0.061087,-0.136300,0.401474,0.254093,0.149363,0.284120
-35.867889,-279.283515,0.027567,-0.139047,0.430506,0.255946,0.141753,0.264651
-31.770480,-279.283515,0.005417,-0.139975,0.445797,0.256409,0.140079,0.256796
-27.673071,-279.283515,-0.008061,-0.140341,0.453380,0.256513,0.140572,0.257407
-23.575661,-279.283515,-0.016161,-0.140578,0.457048,0.256535,0.141504,0.260147
-19.478252,-279.283515,-0.021537,-0.140799,0.458840,0.256540,0.142436,0.262910
-15.380843,-279.283515,-0.025776,-0.141004,0.459747,0.256541,0.143340,0.265556
-11.283433,-279.283515,-0.029548,-0.141172,0.460224,0.256541,0.144231,0.268218
-7.186024,-279.283515,-0.032994,-0.141294,0.460478,0.256541,0.145095,0.270877
-3.088615,-279.283515,-0.036049,-0.141373,0.460613,0.256541,0.145897,0.273402
1.008794,-279.283515,-0.038636,-0.141420,0.460683,0.256541,0.146603,0.275649
5.106204,-279.283515,-0.040726,-0.141447,0.460719,0.256541,0.147193,0.277534
9.203613,-279.283515,-0.042348,-0.141461,0.460736,0.256541,0.147663,0.279033
13.301022,-279.283515,-0.043563,-0.141468,0.460744,0.256541,0.148023,0.280178
17.398431,-279.283515,-0.044446,-0.141471,0.460748,0.256541,0.148289,0.281020
-142.400530,-268.733764,-0.053130,-0.141473,0.460748,0.256541,0.151121,0.289687
-138.303121,-268.733764,-0.054130,-0.141474,0.460746,0.256541,0.151476,0.290719
-134.205712,-268.733764,-0.054872,-0.141477,0.460743,0.256541,0.151745,0.291489
-130.108302,-268.733764,-0.055139,-0.141484,0.460736,0.256541,0.151849,0.291763
-126.010893,-268.733764,-0.054665,-0.141500,0.460723,0.256541,0.151693,0.291260
-121.913484,-268.733764,-0.053149,-0.141538,0.460694,0.256541,0.151188,0.289671
-117.816074,-268.733764,-0.050270,-0.141618,0.460631,0.256541,0.150276,0.286692
-113.718665,-268.733764,-0.045721,-0.141789,0.460493,0.256541,0.148979,0.282112
-109.621256,-268.733764,-0.039251,-0.142144,0.460195,0.256541,0.147464,0.275962
-105.523847,-268.733764,-0.030747,-0.142864,0.459566,0.256541,0.146135,0.268792
-101.426437,-268.733764,-0.020386,-0.144284,0.458270,0.256538,0.145717,0.261981
-97.329028,-268.733764,-0.008893,-0.147002,0.455665,0.256527,0.147271,0.257533
-93.231619,-268.733764,0.002114,-0.152012,0.450563,0.256485,0.152027,0.256536
-89.134210,-268.733764,0.009948,-0.160800,0.440828,0.256315,0.161108,0.257270
-85.036800,-268.733764,0.011459,-0.175089,0.422838,0.255669,0.175463,0.256614
-80.939391,-268.733764,0.005227,-0.195391,0.391085,0.253378,0.195461,0.253504
-76.841982,-268.733764,-0.004711,-0.217454,0.338957,0.246116,0.217505,0.246168
-72.744572,-268.733764,-0.005759,-0.229465,0.263530,0.226856,0.229538,0.226881
-68.647163,-268.733764,0.016631,-0.215753,0.191975,0.196884,0.216394,0.196855
-64.549754,-268.733764,0.044039,-0.140031,0.183663,0.191290,0.146793,0.190616
-60.452345,-268.733764,0.070238,-0.081927,0.176010,0.185798,0.107914,0.181716
-56.354935,-268.733764,0.154239,-0.062916,0.217589,0.209057,0.166578,0.216393
-52.257526,-268.733764,0.191848,-0.062840,0.294532,0.236196,0.201877,0.289394
-48.160117,-268.733764,0.178088,-0.089772,0.360781,0.249723,0.199435,0.341211
-44.062708,-268.733764,0.139481,-0.114487,0.404919,0.254563,0.180450,0.352201
-39.965298,-268.733764,0.094754,-0.129027,0.431188,0.256016,0.160082,0.328206
-35.867889,-268.733764,0.054878,-0.136109,0.445800,0.256411,0.146755,0.290418
-31.770480,-268.733764,0.023814,-0.139228,0.453485,0.256511,0.141249,0.264146
-27.673071,-268.733764,0.001475,-0.140527,0.457331,0.256535,0.140535,0.256566
-23.575661,-268.733764,-0.013833,-0.141056,0.459174,0.256540,0.141732,0.259219
-19.478252,-268.733764,-0.024064,-0.141274,0.460031,0.256541,0.143309,0.264433
-15.380843,-268.733764,-0.030869,-0.141370,0.460421,0.256541,0.144701,0.269194
-11.283433,-268.733764,-0.035446,-0.141416,0.460599,0.256541,0.145791,0.272881
-7.186024,-268.733764,-0.038593,-0.141441,0.460680,0.256541,0.146612,0.275606
-3.088615,-268.733764,-0.040808,-0.141455,0.460717,0.256541,0.147224,0.277606
1.008794,-268.733764,-0.042396,-0.141464,0.460735,0.256541,0.147680,0.279078
5.106204,-268.733764,-0.043547,-0.141468,0.460743,0.256541,0.148019,0.280163
9.203613,-268.733764,-0.044382,-0.141471,0.460747,0.256541,0.148270,0.280959
13.301022,-268.733764,-0.044986,-0.141473,0.460749,0.256541,0.148453,0.281539
17.398431,-268.733764,-0.045418,-0.141473,0.460750,0.256541,0.148585,0.281957
-142.400530,-258.184013,-0.068681,-0.141460,0.460727,0.256541,0.157252,0.306188
-138.303121,-258.184013,-0.073200,-0.141456,0.460715,0.256541,0.159274,0.311039
-134.205712,-258.184013,-0.077389,-0.141456,0.460696,0.256541,0.161242,0.315506
-130.108302,-258.184013,-0.080597,-0.141467,0.460666,0.256541,0.162815,0.318885
-126.010893,-258.184013,-0.082001,-0.141503,0.460615,0.256541,0.163546,0.320321
-121.913484,-258.184013,-0.080673,-0.141596,0.460521,0.256541,0.162965,0.318837
-117.816074,-258.184013,-0.075668,-0.141809,0.460330,0.256541,0.160734,0.313353
-113.718665,-258.184013,-0.066135,-0.142274,0.459931,0.256541,0.156894,0.302830
-109.621256,-258.184013,-0.051407,-0.143261,0.459083,0.256540,0.152205,0.286962
-105.523847,-258.184013,-0.031052,-0.145314,0.457310,0.256534,0.148594,0.268456
-101.426437,-258.184013,-0.004905,-0.149461,0.453718,0.256511,0.149542,0.256805
-97.329028,-258.184013,0.026729,-0.157515,0.446761,0.256420,0.159766,0.263623
-93.231619,-258.184013,0.062307,-0.172326,0.434015,0.256090,0.183244,0.282450
-89.134210,-258.184013,0.096940,-0.197813,0.412119,0.255013,0.220289,0.292110
-85.036800,-258.184013,0.118894,-0.238698,0.376974,0.251829,0.266669,0.281176
-80.939391,-258.184013,0.110960,-0.299308,0.324252,0.243235,0.319214,0.254398
-76.841982,-258.184013,0.072314,-0.371995,0.251722,0.222378,0.378959,0.223514
-72.744572,-258.184013,0.053579,-0.386531,0.182163,0.189664,0.390226,0.189526
-68.647163,-258.184013,0.164050,-0.222423,0.177464,0.186592,0.276377,0.183428
-64.549754,-258.184013,0.406447,-0.162446,0.178979,0.188236,0.437707,0.180282
-60.452345,-258.184013,0.501291,-0.173237,0.226289,0.213048,0.530381,0.224914
-56.354935,-258.184013,0.444340,-0.148028,0.299581,0.237236,0.468349,0.293948
-52.257526,-258.184013,0.348682,-0.136833,0.363243,0.249771,0.374570,0.350232
-48.160117,-258.184013,0.257065,-0.134676,0.406747,0.254575,0.290207,0.379171
-44.062708,-258.184013,0.178507,-0.136035,0.432533,0.256036,0.224434,0.377407
-39.965298,-258.184013,0.115058,-0.138038,0.446621,0.256421,0.179702,0.347231
-35.867889,-258.184013,0.066346,-0.139586,0.453911,0.256514,0.154551,0.302725
-31.770480,-258.184013,0.030546,-0.140528,0.457532,0.256536,0.143810,0.268860
-27.673071,-258.184013,0.005180,-0.141028,0.459273,0.256540,0.141123,0.256921
-23.575661,-258.184013,-0.012267,-0.141272,0.460086,0.256541,0.141803,0.258660
-19.478252,-258.184013,-0.023992,-0.141384,0.460457,0.256541,0.143405,0.264397
-15.380843,-258.184013,-0.031740,-0.141434,0.460622,0.256541,0.144951,0.269873
-11.283433,-258.184013,-0.036805,-0.141455,0.460695,0.256541,0.146165,0.274040
-7.186024,-258.184013,-0.040099,-0.141465,0.460727,0.256541,0.147038,0.276957
-3.088615,-258.184013,-0.042240,-0.141470,0.460740,0.256541,0.147641,0.278931
1.008794,-258.184013,-0.043638,-0.141472,0.460746,0.256541,0.148049,0.280248
5.106204,-258.184013,-0.044556,-0.141473,0.460749,0.256541,0.148323,0.281125
9.203613,-258.184013,-0.045163,-0.141473,0.460750,0.256541,0.148507,0.281710
13.301022,-258.184013,-0.045567,-0.141474,0.460751,0.256541,0.148631,0.282101
17.398431,-258.184013,-0.045838,-0.141474,0.460751,0.256541,0.148714,0.282364
-142.400530,-247.634262,-0.112609,-0.141352,0.460555,0.256541,0.180724,0.350163
-138.303121,-247.634262,-0.129498,-0.141292,0.460448,0.256541,0.191659,0.364085
-134.205712,-247.634262,-0.146858,-0.141224,0.460301,0.256541,0.203743,0.376432
-130.108302,-247.634262,-0.162758,-0.141169,0.460104,0.256541,0.215451,0.386089
-126.010893,-247.634262,-0.174600,-0.141173,0.459835,0.256541,0.224533,0.392271
-121.913484,-247.634262,-0.179315,-0.141324,0.459451,0.256540,0.228311,0.394246
-117.816074,-247.634262,-0.173814,-0.141780,0.458848,0.256540,0.224305,0.390791
-113.718665,-247.634262,-0.155711,-0.142827,0.457780,0.256538,0.211295,0.379314
-109.621256,-247.634262,-0.124137,-0.145005,0.455702,0.256530,0.190883,0.354687
-105.523847,-247.634262,-0.080203,-0.149388,0.451506,0.256498,0.169557,0.310939
-101.426437,-247.634262,-0.026746,-0.158180,0.443094,0.256361,0.160425,0.263347
-97.329028,-247.634262,0.032393,-0.175666,0.426751,0.255798,0.178628,0.263192
-93.231619,-247.634262,0.092380,-0.208928,0.396535,0.253641,0.228440,0.282006
-89.134210,-247.634262,0.147082,-0.265721,0.345000,0.246432,0.303712,0.272765
-85.036800,-247.634262,0.194661,-0.342168,0.270430,0.227877,0.393665,0.238982
-80.939391,-247.634262,0.226754,-0.388358,0.199130,0.199694,0.449710,0.199551
-76.841982,-247.634262,0.145554,-0.365904,0.174915,0.184983,0.393791,0.183640
-72.744572,-247.634262,0.187127,-0.352941,0.189264,0.195676,0.399479,0.194287
-68.647163,-247.634262,0.405204,-0.263819,0.219686,0.210892,0.483519,0.217105
-64.549754,-247.634262,0.608863,-0.172969,0.284667,0.234015,0.632955,0.281199
-60.452345,-247.634262,0.660144,-0.146111,0.343571,0.247207,0.676120,0.339680
-56.354935,-247.634262,0.576512,-0.145439,0.388280,0.253159,0.594575,0.381544
-52.257526,-247.634262,0.443039,-0.145647,0.418859,0.255474,0.466365,0.405829
-48.160117,-247.634262,0.313869,-0.144327,0.437864,0.256238,0.345462,0.411972
-44.062708,-247.634262,0.208487,-0.142973,0.448840,0.256462,0.252800,0.397565
-39.965298,-247.634262,0.129233,-0.142129,0.454809,0.256522,0.192099,0.360055
-35.867889,-247.634262,0.072308,-0.141717,0.457892,0.256537,0.159097,0.309072
-31.770480,-247.634262,0.032620,-0.141547,0.459417,0.256540,0.145257,0.270441
-27.673071,-247.634262,0.005547,-0.141488,0.460144,0.256541,0.141597,0.256977
-23.575661,-247.634262,-0.012602,-0.141472,0.460481,0.256541,0.142032,0.258775
-19.478252,-247.634262,-0.024595,-0.141470,0.460633,0.256541,0.143592,0.264778
-15.380843,-247.634262,-0.032423,-0.141471,0.460700,0.256541,0.145139,0.270409
-11.283433,-247.634262,-0.037482,-0.141472,0.460729,0.256541,0.146353,0.274626
-7.186024,-247.634262,-0.040724,-0.141473,0.460742,0.256541,0.147218,0.277528
-3.088615,-247.634262,-0.042791,-0.141473,0.460747,0.256541,0.147803,0.279447
1.008794,-247.634262,-0.044103,-0.141474,0.460749,0.256541,0.148189,0.280691
5.106204,-247.634262,-0.044934,-0.141474,0.460750,0.256541,0.148438,0.281489
9.203613,-247.634262,-0.045461,-0.141474,0.460751,0.256541,0.148599,0.281998
13.301022,-247.634262,-0.045795,-0.141474,0.460751,0.256541,0.148701,0.282323
17.398431,-247.634262,-0.046008,-0.141474,0.460751,0.256541,0.148767,0.282530
-142.400530,-237.084511,-0.218258,-0.140680,0.459337,0.256540,0.259668,0.410340
-138.303121,-237.084511,-0.271882,-0.140159,0.458467,0.256537,0.305882,0.424121
-134.205712,-237.084511,-0.331029,-0.139450,0.457292,0.256531,0.359203,0.433033
-130.108302,-237.084511,-0.390485,-0.138611,0.455799,0.256522,0.414357,0.438027
-126.010893,-237.084511,-0.442637,-0.137813,0.453956,0.256505,0.463594,0.440090
-121.913484,-237.084511,-0.477654,-0.137401,0.451718,0.256480,0.497024,0.439867
-117.816074,-237.084511,-0.484136,-0.137975,0.449053,0.256446,0.503413,0.437540
-113.718665,-237.084511,-0.451610,-0.140418,0.445797,0.256410,0.472936,0.432448
-109.621256,-237.084511,-0.375908,-0.145758,0.441093,0.256351,0.403178,0.421572
-105.523847,-237.084511,-0.265001,-0.154812,0.432718,0.256158,0.306908,0.395345
-101.426437,-237.084511,-0.139980,-0.167927,0.417041,0.255496,0.218618,0.331392
-97.329028,-237.084511,-0.026843,-0.186197,0.389304,0.253411,0.188122,0.256896
-93.231619,-237.084511,0.062215,-0.215822,0.343605,0.247171,0.224610,0.255861
-89.134210,-237.084511,0.140180,-0.269212,0.276840,0.231278,0.303522,0.241718
-85.036800,-237.084511,0.181050,-0.344974,0.206822,0.204758,0.389597,0.205205
-80.939391,-237.084511,0.065233,-0.359286,0.183598,0.191911,0.365160,0.191651
-76.841982,-237.084511,-0.005117,-0.348529,0.176295,0.186235,0.348566,0.186233
-72.744572,-237.084511,0.159658,-0.376597,0.204974,0.203613,0.409042,0.203821
-68.647163,-237.084511,0.367326,-0.375233,0.275159,0.232921,0.525098,0.254468
-64.549754,-237.084511,0.497353,-0.334706,0.333718,0.247079,0.599490,0.309325
-60.452345,-237.084511,0.519211,-0.271695,0.379036,0.252975,0.586002,0.355727
-56.354935,-237.084511,0.461729,-0.216541,0.412476,0.255378,0.509984,0.388871
-52.257526,-237.084511,0.367401,-0.180497,0.434320,0.256213,0.409344,0.405859
-48.160117,-237.084511,0.268264,-0.160431,0.447119,0.256458,0.312576,0.405682
-44.062708,-237.084511,0.181435,-0.150260,0.454039,0.256522,0.235577,0.386073
-39.965298,-237.084511,0.112781,-0.145405,0.457566,0.256537,0.184017,0.346026
-35.867889,-237.084511,0.061906,-0.143184,0.459284,0.256541,0.155994,0.297774
-31.770480,-237.084511,0.025826,-0.142200,0.460092,0.256541,0.144527,0.265464
-27.673071,-237.084511,0.001022,-0.141776,0.460461,0.256541,0.141780,0.256556
-23.575661,-237.084511,-0.015644,-0.141598,0.460625,0.256541,0.142459,0.259959
-19.478252,-237.084511,-0.026649,-0.141524,0.460697,0.256541,0.144011,0.266135
-15.380843,-237.084511,-0.033816,-0.141494,0.460728,0.256541,0.145479,0.271527
-11.283433,-237.084511,-0.038433,-0.141482,0.460742,0.256541,0.146609,0.275461
-7.186024,-237.084511,-0.041380,-0.141477,0.460747,0.256541,0.147404,0.278130
-3.088615,-237.084511,-0.043248,-0.141475,0.460749,0.256541,0.147938,0.279878
1.008794,-237.084511,-0.044425,-0.141475,0.460750,0.256541,0.148286,0.280999
5.106204,-237.084511,-0.045163,-0.141474,0.460751,0.256541,0.148508,0.281709
9.203613,-237.084511,-0.045624,-0.141474,0.460751,0.256541,0.148649,0.282156
13.301022,-237.084511,-0.045912,-0.141474,0.460751,0.256541,0.148737,0.282436
17.398431,-237.084511,-0.046091,-0.141474,0.460751,0.256541,0.148793,0.282611
-142.400530,-226.534760,-0.412618,-0.137776,0.453044,0.256492,0.435012,0.437332
-138.303121,-226.534760,-0.551714,-0.134608,0.447160,0.256386,0.567897,0.438647
-134.205712,-226.534760,-0.714174,-0.129721,0.438918,0.256139,0.725859,0.434272
-130.108302,-226.534760,-0.885214,-0.123225,0.428907,0.255692,0.893750,0.426271
-126.010893,-226.534760,-1.043925,-0.115956,0.417759,0.255030,1.050345,0.416159
-121.913484,-226.534760,-1.169070,-0.109196,0.404910,0.254003,1.174159,0.403847
-117.816074,-226.534760,-1.235392,-0.104955,0.389865,0.252391,1.239843,0.389052
-113.718665,-226.534760,-1.201155,-0.107458,0.376163,0.250886,1.205953,0.375333
-109.621256,-226.534760,-1.025971,-0.122050,0.369042,0.250884,1.033205,0.367655
-105.523847,-226.534760,-0.725618,-0.151573,0.360914,0.250795,0.741280,0.356991
-101.426437,-226.534760,-0.373156,-0.195264,0.332874,0.245643,0.421157,0.316160
-97.329028,-226.534760,-0.071190,-0.228235,0.279936,0.231555,0.239080,0.236246
-93.231619,-226.534760,0.043768,-0.179677,0.223697,0.211604,0.184931,0.212300
-89.134210,-226.534760,-0.025010,-0.114518,0.190180,0.195741,0.117217,0.195491
-85.036800,-226.534760,-0.037756,-0.153088,0.178384,0.187826,0.157676,0.187297
-80.939391,-226.534760,-0.068433,-0.223056,0.185690,0.193215,0.233317,0.192580
-76.841982,-226.534760,-0.056036,-0.494892,0.182597,0.191057,0.498055,0.190952
-72.744572,-226.534760,0.426360,-0.794716,0.185981,0.193083,0.901863,0.191519
-68.647163,-226.534760,0.801747,-0.904754,0.182962,0.191604,1.208875,0.187852
-64.549754,-226.534760,0.815615,-0.703503,0.245432,0.219296,1.077100,0.234639
-60.452345,-226.534760,0.679753,-0.457530,0.335164,0.244381,0.819388,0.309727
-56.354935,-226.534760,0.514988,-0.299502,0.395622,0.253409,0.595747,0.364950
-52.257526,-226.534760,0.366663,-0.215512,0.429166,0.255835,0.425309,0.392042
-48.160117,-226.534760,0.247567,-0.174751,0.446146,0.256395,0.303030,0.393336
-44.062708,-226.534760,0.157645,-0.156006,0.454240,0.256513,0.221788,0.369865
-39.965298,-226.534760,0.092424,-0.147687,0.457930,0.256536,0.174223,0.326043
-35.867889,-226.534760,0.046497,-0.144088,0.459556,0.256541,0.151404,0.282001
-31.770480,-226.534760,0.014904,-0.142559,0.460253,0.256541,0.143336,0.259600
-27.673071,-226.534760,-0.006421,-0.141920,0.460547,0.256541,0.142065,0.257123
-23.575661,-226.534760,-0.020589,-0.141656,0.460668,0.256541,0.143144,0.262378
-19.478252,-226.534760,-0.029878,-0.141547,0.460718,0.256541,0.144666,0.268440
-15.380843,-226.534760,-0.035901,-0.141503,0.460738,0.256541,0.145987,0.273260
-11.283433,-226.534760,-0.039768,-0.141486,0.460746,0.256541,0.146969,0.276656
-7.186024,-226.534760,-0.042233,-0.141479,0.460749,0.256541,0.147648,0.278922
-3.088615,-226.534760,-0.043791,-0.141476,0.460750,0.256541,0.148098,0.280394
1.008794,-226.534760,-0.044772,-0.141475,0.460751,0.256541,0.148390,0.281332
5.106204,-226.534760,-0.045385,-0.141474,0.460751,0.256541,0.148576,0.281924
9.203613,-226.534760,-0.045767,-0.141474,0.460751,0.256541,0.148693,0.282295
13.301022,-226.534760,-0.046004,-0.141474,0.460751,0.256541,0.148766,0.282526
17.398431,-226.534760,-0.046151,-0.141474,0.460751,0.256541,0.148812,0.282670
-142.400530,-215.985010,-0.605715,-0.131961,0.437449,0.256126,0.619923,0.430886
-138.303121,-215.985010,-0.859783,-0.121410,0.413411,0.254776,0.868313,0.410897
-134.205712,-215.985010,-1.180893,-0.101835,0.372216,0.250108,1.185275,0.371461
-130.108302,-215.985010,-1.531038,-0.071366,0.315195,0.238388,1.532700,0.315049
-126.010893,-215.985010,-1.812751,-0.038835,0.263566,0.222577,1.813167,0.263548
-121.913484,-215.985010,-1.948395,-0.021453,0.236458,0.215405,1.948513,0.236456
-117.816074,-215.985010,-1.984716,-0.013346,0.205978,0.204231,1.984761,0.205978
-113.718665,-215.985010,-1.918688,-0.014063,0.184503,0.193333,1.918740,0.184503
-109.621256,-215.985010,-1.576746,-0.040478,0.219435,0.212443,1.577265,0.219431
-105.523847,-215.985010,-1.045624,-0.050301,0.260014,0.231938,1.046833,0.259953
-101.426437,-215.985010,-0.637918,0.013918,0.240022,0.222963,0.638070,0.240014
-97.329028,-215.985010,-0.453554,0.146358,0.193505,0.198530,0.476583,0.193984
-93.231619,-215.985010,-0.359071,0.264612,0.185933,0.193316,0.446040,0.188564
-89.134210,-215.985010,-0.158425,0.135983,0.191113,0.196626,0.208781,0.193471
-85.036800,-215.985010,0.081831,-0.081997,0.204134,0.205848,0.115844,0.204995
-80.939391,-215.985010,0.182786,-0.228638,0.199019,0.203107,0.292722,0.201523
-76.841982,-215.985010,0.237333,-0.303492,0.226772,0.214319,0.385272,0.219128
-72.744572,-215.985010,0.400011,-0.387120,0.281029,0.231962,0.556660,0.258465
-68.647163,-215.985010,0.547444,-0.412682,0.334696,0.244906,0.685566,0.305227
-64.549754,-215.985010,0.566705,-0.363207,0.375944,0.251300,0.673107,0.344340
-60.452345,-215.985010,0.488980,-0.287831,0.407525,0.254467,0.567405,0.374170
-56.354935,-215.985010,0.376437,-0.225061,0.430142,0.255857,0.438586,0.391841
-52.257526,-215.985010,0.267414,-0.184813,0.444542,0.256350,0.325063,0.393677
-48.160117,-215.985010,0.177195,-0.162518,0.452737,0.256495,0.240437,0.376008
-44.062708,-215.985010,0.108459,-0.151233,0.457000,0.256531,0.186104,0.338217
-39.965298,-215.985010,0.058643,-0.145851,0.459070,0.256539,0.157199,0.293227
-35.867889,-215.985010,0.023716,-0.143389,0.460023,0.256541,0.145337,0.264000
-31.770480,-215.985010,-0.000198,-0.142295,0.460444,0.256541,0.142296,0.256542
-27.673071,-215.985010,-0.016280,-0.141821,0.460625,0.256541,0.142752,0.260225
-23.575661,-215.985010,-0.026942,-0.141619,0.460700,0.256541,0.144159,0.266323
-19.478252,-215.985010,-0.033927,-0.141534,0.460731,0.256541,0.145543,0.271610
-15.380843,-215.985010,-0.038458,-0.141499,0.460743,0.256541,0.146632,0.275480
-11.283433,-215.985010,-0.041372,-0.141484,0.460748,0.256541,0.147409,0.278122
-7.186024,-215.985010,-0.043233,-0.141478,0.460750,0.256541,0.147936,0.279863
-3.088615,-215.985010,-0.044412,-0.141476,0.460751,0.256541,0.148283,0.280987
1.008794,-215.985010,-0.045156,-0.141475,0.460751,0.256541,0.148506,0.281703
5.106204,-215.985010,-0.045623,-0.141474,0.460751,0.256541,0.148649,0.282155
9.203613,-215.985010,-0.045914,-0.141474,0.460751,0.256541,0.148738,0.282438
13.301022,-215.985010,-0.046095,-0.141474,0.460751,0.256541,0.148794,0.282615
17.398431,-215.985010,-0.046208,-0.141474,0.460751,0.256541,0.148829,0.282725
-142.400530,-205.435259,-0.534107,-0.132148,0.436438,0.256147,0.550212,0.428107
-138.303121,-205.435259,-0.742850,-0.122413,0.411809,0.254902,0.752868,0.408438
-134.205712,-205.435259,-0.994232,-0.105421,0.370708,0.250805,0.999806,0.369589
-130.108302,-205.435259,-1.243116,-0.081670,0.318073,0.241673,1.245796,0.317784
-126.010893,-205.435259,-1.392263,-0.062115,0.283325,0.233329,1.393648,0.283234
-121.913484,-205.435259,-1.370697,-0.062094,0.283382,0.234910,1.372103,0.283291
-117.816074,-205.435259,-1.221773,-0.079566,0.294475,0.240225,1.224362,0.294267
-113.718665,-205.435259,-0.978474,-0.109216,0.288045,0.239261,0.984551,0.287495
-109.621256,-205.435259,-0.619863,-0.150856,0.246397,0.223777,0.637956,0.245187
-105.523847,-205.435259,-0.157429,-0.167835,0.195973,0.199261,0.230114,0.197729
-101.426437,-205.435259,0.211420,-0.075013,0.178922,0.188351,0.224333,0.180001
-97.329028,-205.435259,0.154277,0.171852,0.180253,0.189183,0.230943,0.185251
-93.231619,-205.435259,-0.050287,0.250224,0.178468,0.187962,0.255227,0.187603
-89.134210,-205.435259,0.131388,-0.118585,0.186831,0.194050,0.176989,0.190106
-85.036800,-205.435259,0.362593,-0.426248,0.194266,0.199317,0.559608,0.197212
-80.939391,-205.435259,0.443202,-0.493286,0.252457,0.223485,0.663143,0.236864
-76.841982,-205.435259,0.421479,-0.390045,0.328984,0.244331,0.574264,0.292987
-72.744572,-205.435259,0.372452,-0.291053,0.382861,0.252699,0.472686,0.339438
-68.647163,-205.435259,0.326903,-0.231656,0.415518,0.255353,0.400662,0.369778
-64.549754,-205.435259,0.281573,-0.197925,0.434656,0.256163,0.344177,0.384900
-60.452345,-205.435259,0.230990,-0.176864,0.445829,0.256417,0.290925,0.386786
-56.354935,-205.435259,0.177171,-0.162822,0.452379,0.256500,0.240625,0.375592
-52.257526,-205.435259,0.125638,-0.153650,0.456199,0.256529,0.198477,0.350473
-48.160117,-205.435259,0.080844,-0.148034,0.458374,0.256538,0.168671,0.314580
-44.062708,-205.435259,0.044728,-0.144834,0.459562,0.256540,0.151583,0.280127
-39.965298,-205.435259,0.017197,-0.143123,0.460180,0.256541,0.144152,0.260558
-35.867889,-205.435259,-0.002928,-0.142255,0.460487,0.256541,0.142285,0.256662
-31.770480,-205.435259,-0.017179,-0.141833,0.460633,0.256541,0.142870,0.260633
-27.673071,-205.435259,-0.027026,-0.141636,0.460700,0.256541,0.144191,0.266379
-23.575661,-205.435259,-0.033700,-0.141545,0.460729,0.256541,0.145502,0.271423
-19.478252,-205.435259,-0.038154,-0.141505,0.460742,0.256541,0.146559,0.275210
-15.380843,-205.435259,-0.041089,-0.141487,0.460747,0.256541,0.147333,0.277860
-11.283433,-205.435259,-0.043003,-0.141480,0.460750,0.256541,0.147871,0.279645
-7.186024,-205.435259,-0.044239,-0.141476,0.460750,0.256541,0.148232,0.280820
-3.088615,-205.435259,-0.045031,-0.141475,0.460751,0.256541,0.148469,0.281582
1.008794,-205.435259,-0.045535,-0.141474,0.460751,0.256541,0.148622,0.282070
5.106204,-205.435259,-0.045855,-0.141474,0.460751,0.256541,0.148720,0.282380
9.203613,-205.435259,-0.046056,-0.141474,0.460751,0.256541,0.148782,0.282576
13.301022,-205.435259,-0.046182,-0.141474,0.460751,0.256541,0.148821,0.282699
17.398431,-205.435259,-0.046260,-0.141474,0.460751,0.256541,0.148845,0.282776
-142.400530,-194.885508,-0.268834,-0.135508,0.446972,0.256448,0.301055,0.415490
-138.303121,-194.885508,-0.324405,-0.129743,0.433559,0.256162,0.349387,0.413644
-134.205712,-194.885508,-0.364014,-0.119720,0.409612,0.255071,0.383196,0.397185
-130.108302,-194.885508,-0.364616,-0.104043,0.369110,0.251177,0.379170,0.361572
-126.010893,-194.885508,-0.308382,-0.083506,0.305968,0.239136,0.319488,0.301873
-121.913484,-194.885508,-0.211398,-0.064676,0.228497,0.213474,0.221070,0.227250
-117.816074,-194.885508,-0.151580,-0.053313,0.195144,0.198288,0.160682,0.195493
-113.718665,-194.885508,-0.114595,-0.066710,0.211427,0.208495,0.132598,0.210689
-109.621256,-194.885508,-0.032287,-0.094215,0.190686,0.195722,0.099594,0.195199
-105.523847,-194.885508,0.124453,-0.223848,0.174299,0.184359,0.256118,0.182034
-101.426437,-194.885508,0.272968,-0.363072,0.196299,0.200138,0.454239,0.198760
-97.329028,-194.885508,0.403143,-0.475406,0.197576,0.201421,0.623326,0.199821
-93.231619,-194.885508,0.616665,-0.591392,0.197199,0.201552,0.854412,0.199296
-89.134210,-194.885508,0.810952,-0.578672,0.233060,0.217065,0.996245,0.227789
-85.036800,-194.885508,0.818377,-0.488782,0.289652,0.234207,0.953230,0.276155
-80.939391,-194.885508,0.668210,-0.371531,0.349768,0.247357,0.764552,0.328477
-76.841982,-194.885508,0.497523,-0.278561,0.395639,0.253518,0.570198,0.366758
-72.744572,-194.885508,0.357515,-0.217996,0.425044,0.255683,0.418735,0.386544
-68.647163,-194.885508,0.252499,-0.182421,0.442018,0.256320,0.311502,0.388467
-64.549754,-194.885508,0.175764,-0.162978,0.451174,0.256488,0.239698,0.373985
-60.452345,-194.885508,0.119409,-0.152776,0.455913,0.256529,0.193905,0.345942
-56.354935,-194.885508,0.077182,-0.147467,0.458317,0.256538,0.166444,0.311172
-52.257526,-194.885508,0.044975,-0.144668,0.459528,0.256541,0.151498,0.280398
-48.160117,-194.885508,0.020282,-0.143168,0.460140,0.256541,0.144598,0.262077
-44.062708,-194.885508,0.001496,-0.142359,0.460449,0.256541,0.142367,0.256573
-39.965298,-194.885508,-0.012564,-0.141927,0.460604,0.256541,0.142482,0.258750
-35.867889,-194.885508,-0.022877,-0.141700,0.460681,0.256541,0.143535,0.263691
-31.770480,-194.885508,-0.030288,-0.141584,0.460718,0.256541,0.144788,0.268742
-27.673071,-194.885508,-0.035511,-0.141527,0.460736,0.256541,0.145914,0.272926
-23.575661,-194.885508,-0.039128,-0.141499,0.460744,0.256541,0.146809,0.276076
-19.478252,-194.885508,-0.041593,-0.141485,0.460748,0.256541,0.147472,0.278326
-15.380843,-194.885508,-0.043251,-0.141479,0.460750,0.256541,0.147943,0.279880
-11.283433,-194.885508,-0.044353,-0.141476,0.460750,0.256541,0.148266,0.280930
-7.186024,-194.885508,-0.045078,-0.141475,0.460751,0.256541,0.148483,0.281627
-3.088615,-194.885508,-0.045550,-0.141475,0.460751,0.256541,0.148626,0.282084
1.008794,-194.885508,-0.045855,-0.141474,0.460751,0.256541,0.148720,0.282381
5.106204,-194.885508,-0.046051,-0.141474,0.460751,0.256541,0.148780,0.282571
9.203613,-194.885508,-0.046175,-0.141474,0.460751,0.256541,0.148819,0.282693
13.301022,-194.885508,-0.046255,-0.141474,0.460751,0.256541,0.148844,0.282771
17.398431,-194.885508,-0.046305,-0.141474,0.460751,0.256541,0.148859,0.282819
-142.400530,-184.335757,-0.109863,-0.136078,0.450276,0.256477,0.174892,0.346164
-138.303121,-184.335757,-0.111546,-0.129567,0.438394,0.256230,0.170968,0.345713
-134.205712,-184.335757,-0.102337,-0.116112,0.414903,0.255144,0.154774,0.334512
-130.108302,-184.335757,-0.079493,-0.090407,0.371737,0.250908,0.120385,0.309449
-126.010893,-184.335757,-0.045179,-0.048342,0.301621,0.237318,0.066167,0.269215
-121.913484,-184.335757,-0.005496,-0.001090,0.216521,0.207930,0.005603,0.216202
-117.816074,-184.335757,0.028878,0.008282,0.183422,0.191144,0.030042,0.184020
-113.718665,-184.335757,-0.009694,-0.058285,0.176376,0.186145,0.059086,0.185889
-109.621256,-184.335757,-0.086198,-0.120284,0.182253,0.190659,0.147981,0.187849
-105.523847,-184.335757,-0.157672,-0.059353,0.178647,0.188035,0.168473,0.179839
-101.426437,-184.335757,-0.062732,-0.034532,0.177206,0.186669,0.071608,0.179451
-97.329028,-184.335757,0.159488,-0.209009,0.185013,0.191787,0.262909,0.189323
-93.231619,-184.335757,0.351498,-0.300754,0.258054,0.224864,0.462605,0.244576
-89.134210,-184.335757,0.446790,-0.298494,0.334762,0.245567,0.537327,0.309987
-85.036800,-184.335757,0.452162,-0.259825,0.386676,0.253131,0.521498,0.358202
-80.939391,-184.335757,0.395116,-0.219130,0.418400,0.255503,0.451812,0.386311
-76.841982,-184.335757,0.310320,-0.188092,0.437226,0.256229,0.362873,0.396792
-72.744572,-184.335757,0.224850,-0.167743,0.448125,0.256451,0.280527,0.390549
-68.647163,-184.335757,0.152363,-0.155610,0.454212,0.256517,0.217781,0.366843
-64.549754,-184.335757,0.096296,-0.148835,0.457473,0.256535,0.177270,0.328856
-60.452345,-184.335757,0.055032,-0.145225,0.459150,0.256540,0.155303,0.289863
-56.354935,-184.335757,0.025399,-0.143364,0.459984,0.256541,0.145596,0.265046
-52.257526,-184.335757,0.004314,-0.142422,0.460388,0.256541,0.142487,0.256802
-48.160117,-184.335757,-0.010666,-0.141950,0.460580,0.256541,0.142350,0.258138
-44.062708,-184.335757,-0.021321,-0.141713,0.460671,0.256541,0.143308,0.262782
-39.965298,-184.335757,-0.028900,-0.141594,0.460713,0.256541,0.144513,0.267713
-35.867889,-184.335757,-0.034276,-0.141534,0.460734,0.256541,0.145625,0.271896
-31.770480,-184.335757,-0.038069,-0.141503,0.460743,0.256541,0.146535,0.275135
-27.673071,-184.335757,-0.040725,-0.141488,0.460747,0.256541,0.147233,0.277525
-23.575661,-184.335757,-0.042567,-0.141481,0.460749,0.256541,0.147746,0.279235
-19.478252,-184.335757,-0.043833,-0.141477,0.460750,0.256541,0.148112,0.280433
-15.380843,-184.335757,-0.044694,-0.141476,0.460751,0.256541,0.148367,0.281257
-11.283433,-184.335757,-0.045273,-0.141475,0.460751,0.256541,0.148542,0.281816
-7.186024,-184.335757,-0.045660,-0.141474,0.460751,0.256541,0.148660,0.282191
-3.088615,-184.335757,-0.045916,-0.141474,0.460751,0.256541,0.148739,0.282440
1.008794,-184.335757,-0.046084,-0.141474,0.460751,0.256541,0.148791,0.282603
5.106204,-184.335757,-0.046193,-0.141474,0.460751,0.256541,0.148824,0.282710
9.203613,-184.335757,-0.046263,-0.141474,0.460751,0.256541,0.148846,0.282779
13.301022,-184.335757,-0.046309,-0.141474,0.460751,0.256541,0.148860,0.282824
17.398431,-184.335757,-0.046338,-0.141474,0.460751,0.256541,0.148869,0.282852
-142.400530,-173.786006,-0.064871,-0.139077,0.452574,0.256509,0.153462,0.301064
-138.303121,-173.786006,-0.064057,-0.135645,0.443631,0.256395,0.150010,0.299397
-134.205712,-173.786006,-0.060944,-0.127959,0.426598,0.255926,0.141731,0.295020
-130.108302,-173.786006,-0.055763,-0.112084,0.396353,0.254166,0.125189,0.288014
-126.010893,-173.786006,-0.049814,-0.082951,0.346871,0.248225,0.096759,0.277803
-121.913484,-173.786006,-0.045415,-0.039288,0.273986,0.230902,0.060050,0.256432
-117.816074,-173.786006,-0.040535,-0.004759,0.195153,0.197800,0.040813,0.195190
-113.718665,-173.786006,-0.020296,-0.055172,0.176108,0.185799,0.058786,0.184670
-109.621256,-173.786006,0.012335,-0.117760,0.177615,0.186870,0.118404,0.186772
-105.523847,-173.786006,0.082560,-0.164943,0.174047,0.184214,0.184451,0.182222
-101.426437,-173.786006,0.122574,-0.234822,0.201189,0.200180,0.264888,0.200396
-97.329028,-173.786006,0.158052,-0.234525,0.272807,0.229686,0.282811,0.243974
-93.231619,-173.786006,0.193395,-0.214208,0.339325,0.246127,0.288594,0.291687
-89.134210,-173.786006,0.192437,-0.192407,0.389109,0.253127,0.272126,0.328247
-85.036800,-173.786006,0.172015,-0.174889,0.421449,0.255582,0.245307,0.347189
-80.939391,-173.786006,0.142772,-0.162295,0.440242,0.256300,0.216156,0.348691
-76.841982,-173.786006,0.109986,-0.153863,0.450392,0.256485,0.189131,0.334870
-72.744572,-173.786006,0.077564,-0.148546,0.455634,0.256528,0.167577,0.310136
-68.647163,-173.786006,0.048399,-0.145365,0.458267,0.256539,0.153210,0.283199
-64.549754,-173.786006,0.024042,-0.143548,0.459563,0.256541,0.145547,0.264159
-60.452345,-173.786006,0.004815,-0.142551,0.460192,0.256541,0.142632,0.256865
-56.354935,-173.786006,-0.009750,-0.142022,0.460491,0.256541,0.142356,0.257875
-52.257526,-173.786006,-0.020468,-0.141748,0.460632,0.256541,0.143218,0.262303
-48.160117,-173.786006,-0.028201,-0.141610,0.460697,0.256541,0.144391,0.267206
-44.062708,-173.786006,-0.033709,-0.141541,0.460727,0.256541,0.145500,0.271430
-39.965298,-173.786006,-0.037598,-0.141507,0.460740,0.256541,0.146417,0.274721
-35.867889,-173.786006,-0.040328,-0.141490,0.460746,0.256541,0.147125,0.277162
-31.770480,-173.786006,-0.042234,-0.141482,0.460749,0.256541,0.147651,0.278923
-27.673071,-173.786006,-0.043557,-0.141478,0.460750,0.256541,0.148031,0.280170
-23.575661,-173.786006,-0.044471,-0.141476,0.460751,0.256541,0.148301,0.281043
-19.478252,-173.786006,-0.045099,-0.141475,0.460751,0.256541,0.148489,0.281647
-15.380843,-173.786006,-0.045526,-0.141475,0.460751,0.256541,0.148619,0.282061
-11.283433,-173.786006,-0.045816,-0.141474,0.460751,0.256541,0.148708,0.282343
-7.186024,-173.786006,-0.046011,-0.141474,0.460751,0.256541,0.148768,0.282533
-3.088615,-173.786006,-0.046141,-0.141474,0.460751,0.256541,0.148808,0.282659
1.008794,-173.786006,-0.046227,-0.141474,0.460751,0.256541,0.148835,0.282743
5.106204,-173.786006,-0.046284,-0.141474,0.460751,0.256541,0.148853,0.282799
9.203613,-173.786006,-0.046321,-0.141474,0.460751,0.256541,0.148864,0.282835
13.301022,-173.786006,-0.046345,-0.141474,0.460751,0.256541,0.148872,0.282859
17.398431,-173.786006,-0.046360,-0.141474,0.460751,0.256541,0.148876,0.282874
-142.400530,-163.236255,-0.059285,-0.145726,0.452039,0.256497,0.157324,0.292345
-138.303121,-163.236255,-0.060119,-0.150274,0.441939,0.256327,0.161853,0.289111
-134.205712,-163.236255,-0.058069,-0.158305,0.421961,0.255587,0.168620,0.280525
-130.108302,-163.236255,-0.049853,-0.169789,0.385351,0.252737,0.176956,0.265692
-126.010893,-163.236255,-0.030207,-0.179072,0.325701,0.243648,0.181602,0.246286
-121.913484,-163.236255,0.007871,-0.169842,0.248457,0.222765,0.170024,0.222823
-117.816074,-163.236255,0.057181,-0.130819,0.193780,0.198905,0.142770,0.198092
-113.718665,-163.236255,0.048325,-0.105570,0.177019,0.186625,0.116105,0.184997
-109.621256,-163.236255,-0.046010,-0.159389,0.175648,0.185478,0.165897,0.184741
-105.523847,-163.236255,-0.094150,-0.229372,0.203937,0.203471,0.247943,0.203539
-101.426437,-163.236255,-0.116580,-0.269784,0.265689,0.229434,0.293895,0.235509
-97.329028,-163.236255,-0.129109,-0.246110,0.328436,0.245428,0.277920,0.265547
-93.231619,-163.236255,-0.114037,-0.207449,0.377842,0.252644,0.236727,0.286612
-89.134210,-163.236255,-0.081245,-0.178681,0.411769,0.255312,0.196284,0.288211
-85.036800,-163.236255,-0.049574,-0.161422,0.433238,0.256182,0.168863,0.275953
-80.939391,-163.236255,-0.028069,-0.151920,0.446019,0.256443,0.154492,0.264875
-76.841982,-163.236255,-0.017398,-0.146877,0.453212,0.256516,0.147904,0.260254
-72.744572,-163.236255,-0.014786,-0.144244,0.457047,0.256535,0.145000,0.259419
-68.647163,-163.236255,-0.016976,-0.142882,0.458995,0.256540,0.143887,0.260441
-64.549754,-163.236255,-0.021398,-0.142183,0.459942,0.256541,0.143784,0.262757
-60.452345,-163.236255,-0.026390,-0.141827,0.460387,0.256541,0.144262,0.265902
-56.354935,-163.236255,-0.031045,-0.141648,0.460590,0.256541,0.145011,0.269296
-52.257526,-163.236255,-0.034974,-0.141559,0.460681,0.256541,0.145816,0.272464
-48.160117,-163.236255,-0.038092,-0.141515,0.460721,0.256541,0.146552,0.275150
-44.062708,-163.236255,-0.040465,-0.141494,0.460738,0.256541,0.147167,0.277285
-39.965298,-163.236255,-0.042219,-0.141484,0.460746,0.256541,0.147648,0.278908
-35.867889,-163.236255,-0.043487,-0.141479,0.460749,0.256541,0.148011,0.280104
-31.770480,-163.236255,-0.044389,-0.141476,0.460750,0.256541,0.148277,0.280965
-27.673071,-163.236255,-0.045023,-0.141475,0.460751,0.256541,0.148466,0.281574
-23.575661,-163.236255,-0.045463,-0.141475,0.460751,0.256541,0.148600,0.282000
-19.478252,-163.236255,-0.045766,-0.141474,0.460751,0.256541,0.148693,0.282294
-15.380843,-163.236255,-0.045972,-0.141474,0.460751,0.256541,0.148756,0.282495
-11.283433,-163.236255,-0.046112,-0.141474,0.460751,0.256541,0.148799,0.282631
-7.186024,-163.236255,-0.046206,-0.141474,0.460751,0.256541,0.148829,0.282723
-3.088615,-163.236255,-0.046269,-0.141474,0.460751,0.256541,0.148848,0.282784
1.008794,-163.236255,-0.046310,-0.141474,0.460751,0.256541,0.148861,0.282825
5.106204,-163.236255,-0.046338,-0.141474,0.460751,0.256541,0.148869,0.282852
9.203613,-163.236255,-0.046355,-0.141474,0.460751,0.256541,0.148875,0.282869
13.301022,-163.236255,-0.046367,-0.141474,0.460751,0.256541,0.148879,0.282880
17.398431,-163.236255,-0.046374,-0.141474,0.460751,0.256541,0.148881,0.282888
-142.400530,-152.686505,-0.067797,-0.150839,0.451805,0.256488,0.165374,0.298391
-138.303121,-152.686505,-0.075707,-0.162767,0.441038,0.256278,0.179512,0.297646
-134.205712,-152.686505,-0.084459,-0.188061,0.419206,0.255324,0.206156,0.289386
-130.108302,-152.686505,-0.091481,-0.237469,0.378031,0.251467,0.254480,0.271166
-126.010893,-152.686505,-0.090754,-0.319463,0.308710,0.238465,0.332104,0.244409
-121.913484,-152.686505,-0.072688,-0.402808,0.218741,0.208134,0.409314,0.208477
-117.816074,-152.686505,-0.038597,-0.317441,0.176932,0.186811,0.319779,0.186670
-113.718665,-152.686505,0.003571,-0.125870,0.194606,0.199255,0.125921,0.199251
-109.621256,-152.686505,0.005555,-0.097078,0.185272,0.193060,0.097236,0.193036
-105.523847,-152.686505,-0.112082,-0.249685,0.177164,0.186614,0.273687,0.185063
-101.426437,-152.686505,-0.406250,-0.262567,0.178710,0.187965,0.483715,0.181486
-97.329028,-152.686505,-0.410730,-0.231284,0.229345,0.213257,0.471372,0.225576
-93.231619,-152.686505,-0.305901,-0.199983,0.302397,0.237165,0.365470,0.284439
-89.134210,-152.686505,-0.199502,-0.177041,0.363507,0.249420,0.266730,0.318324
-85.036800,-152.686505,-0.123285,-0.161679,0.406336,0.254362,0.203321,0.318775
-80.939391,-152.686505,-0.077575,-0.152163,0.432536,0.255969,0.170797,0.300996
-76.841982,-152.686505,-0.053200,-0.146797,0.446960,0.256408,0.156139,0.285139
-72.744572,-152.686505,-0.041731,-0.144001,0.454310,0.256513,0.149926,0.276933
-68.647163,-152.686505,-0.037419,-0.142631,0.457846,0.256536,0.147457,0.273991
-64.549754,-152.686505,-0.036759,-0.141989,0.459475,0.256540,0.146670,0.273751
-60.452345,-152.686505,-0.037751,-0.141699,0.460202,0.256541,0.146642,0.274750
-56.354935,-152.686505,-0.039319,-0.141571,0.460519,0.256541,0.146930,0.276202
-52.257526,-152.686505,-0.040924,-0.141516,0.460654,0.256541,0.147314,0.277688
-48.160117,-152.686505,-0.042332,-0.141492,0.460711,0.256541,0.147689,0.279006
-44.062708,-152.686505,-0.043468,-0.141482,0.460734,0.256541,0.148009,0.280083
-39.965298,-152.686505,-0.044339,-0.141478,0.460744,0.256541,0.148263,0.280915
-35.867889,-152.686505,-0.044979,-0.141476,0.460748,0.256541,0.148454,0.281532
-31.770480,-152.686505,-0.045438,-0.141475,0.460750,0.256541,0.148592,0.281975
-27.673071,-152.686505,-0.045757,-0.141474,0.460751,0.256541,0.148690,0.282286
-23.575661,-152.686505,-0.045976,-0.141474,0.460751,0.256541,0.148757,0.282498
-19.478252,-152.686505,-0.046122,-0.141474,0.460751,0.256541,0.148803,0.282641
-15.380843,-152.686505,-0.046219,-0.141474,0.460751,0.256541,0.148832,0.282736
-11.283433,-152.686505,-0.046282,-0.141474,0.460751,0.256541,0.148852,0.282797
-7.186024,-152.686505,-0.046322,-0.141474,0.460751,0.256541,0.148864,0.282836
-3.088615,-152.686505,-0.046347,-0.141474,0.460751,0.256541,0.148872,0.282861
1.008794,-152.686505,-0.046363,-0.141474,0.460751,0.256541,0.148877,0.282876
5.106204,-152.686505,-0.046373,-0.141474,0.460751,0.256541,0.148880,0.282886
9.203613,-152.686505,-0.046379,-0.141474,0.460751,0.256541,0.148882,0.282892
13.301022,-152.686505,-0.046382,-0.141474,0.460751,0.256541,0.148883,0.282895
17.398431,-152.686505,-0.046384,-0.141474,0.460751,0.256541,0.148884,0.282897
-142.400530,-142.136754,-0.073325,-0.146804,0.454256,0.256516,0.164097,0.306370
-138.303121,-142.136754,-0.086047,-0.152557,0.446672,0.256423,0.175151,0.313108
-134.205712,-142.136754,-0.103142,-0.163117,0.431574,0.256017,0.192991,0.316264
-130.108302,-142.136754,-0.124083,-0.179976,0.403432,0.254405,0.218604,0.310335
-126.010893,-142.136754,-0.144747,-0.200740,0.355168,0.248750,0.247484,0.289587
-121.913484,-142.136754,-0.153151,-0.213856,0.282119,0.232316,0.263040,0.250312
-117.816074,-142.136754,-0.133961,-0.203345,0.201999,0.201575,0.243505,0.201703
-113.718665,-142.136754,-0.092400,-0.165196,0.184852,0.192509,0.189281,0.190712
-109.621256,-142.136754,-0.059374,-0.097016,0.206577,0.206465,0.113743,0.206496
-105.523847,-142.136754,-0.082242,-0.049331,0.183534,0.191573,0.095902,0.185695
-101.426437,-142.136754,-0.059766,-0.086912,0.187245,0.193620,0.105478,0.191596
-97.329028,-142.136754,0.003290,-0.188782,0.184674,0.191929,0.188811,0.191927
-93.231619,-142.136754,0.041879,-0.221417,0.206972,0.202624,0.225343,0.202776
-89.134210,-142.136754,0.036825,-0.196780,0.301090,0.236098,0.200196,0.238587
-85.036800,-142.136754,0.019933,-0.171412,0.374011,0.250855,0.172567,0.252893
-80.939391,-142.136754,0.003820,-0.155702,0.416686,0.255179,0.155749,0.255307
-76.841982,-142.136754,-0.008949,-0.147615,0.439306,0.256243,0.147886,0.257151
-72.744572,-142.136754,-0.018657,-0.143911,0.450639,0.256479,0.145115,0.260866
-68.647163,-142.136754,-0.026047,-0.142368,0.456100,0.256529,0.144731,0.265355
-64.549754,-142.136754,-0.031693,-0.141778,0.458654,0.256539,0.145277,0.269614
-60.452345,-142.136754,-0.035978,-0.141569,0.459821,0.256541,0.146070,0.273218
-56.354935,-142.136754,-0.039184,-0.141502,0.460344,0.256541,0.146827,0.276078
-52.257526,-142.136754,-0.041535,-0.141482,0.460575,0.256541,0.147453,0.278250
-48.160117,-142.136754,-0.043221,-0.141476,0.460675,0.256541,0.147931,0.279842
-44.062708,-142.136754,-0.044398,-0.141475,0.460719,0.256541,0.148278,0.280969
-39.965298,-142.136754,-0.045197,-0.141474,0.460737,0.256541,0.148519,0.281740
-35.867889,-142.136754,-0.045720,-0.141474,0.460745,0.256541,0.148678,0.282248
-31.770480,-142.136754,-0.046048,-0.141474,0.460748,0.256541,0.148780,0.282569
-27.673071,-142.136754,-0.046244,-0.141474,0.460750,0.256541,0.148840,0.282760
-23.575661,-142.136754,-0.046353,-0.141474,0.460751,0.256541,0.148874,0.282866
-19.478252,-142.136754,-0.046407,-0.141474,0.460751,0.256541,0.148891,0.282920
-15.380843,-142.136754,-0.046429,-0.141474,0.460751,0.256541,0.148898,0.282941
-11.283433,-142.136754,-0.046434,-0.141474,0.460751,0.256541,0.148899,0.282946
-7.186024,-142.136754,-0.046430,-0.141474,0.460751,0.256541,0.148898,0.282942
-3.088615,-142.136754,-0.046422,-0.141474,0.460751,0.256541,0.148896,0.282935
1.008794,-142.136754,-0.046415,-0.141474,0.460751,0.256541,0.148893,0.282927
5.106204,-142.136754,-0.046408,-0.141474,0.460751,0.256541,0.148891,0.282920
9.203613,-142.136754,-0.046402,-0.141474,0.460751,0.256541,0.148889,0.282915
13.301022,-142.136754,-0.046398,-0.141474,0.460751,0.256541,0.148888,0.282910
17.398431,-142.136754,-0.046394,-0.141474,0.460751,0.256541,0.148887,0.282907
-142.400530,-131.587003,-0.066614,-0.141848,0.456631,0.256531,0.156711,0.302644
-138.303121,-131.587003,-0.074740,-0.141406,0.451663,0.256492,0.159942,0.309787
-134.205712,-131.587003,-0.084321,-0.139332,0.441390,0.256311,0.162860,0.316719
-130.108302,-131.587003,-0.093797,-0.132997,0.421211,0.255533,0.162746,0.320219
-126.010893,-131.587003,-0.099649,-0.117838,0.384167,0.252512,0.154324,0.314184
-121.913484,-131.587003,-0.095839,-0.090157,0.322694,0.242487,0.131580,0.287836
-117.816074,-131.587003,-0.075147,-0.062849,0.239200,0.217452,0.097965,0.230497
-113.718665,-131.587003,-0.043135,-0.090446,0.179085,0.188014,0.100205,0.186392
-109.621256,-131.587003,-0.071269,-0.117887,0.189673,0.195176,0.137755,0.193718
-105.523847,-131.587003,-0.163434,-0.111302,0.204658,0.205832,0.197734,0.205030
-101.426437,-131.587003,-0.168862,-0.104914,0.180852,0.189749,0.198800,0.183373
-97.329028,-131.587003,-0.018576,-0.116013,0.181121,0.189671,0.117491,0.189462
-93.231619,-131.587003,0.054682,-0.150266,0.233492,0.216743,0.159906,0.218768
-89.134210,-131.587003,0.062213,-0.153795,0.305458,0.239931,0.165902,0.250184
-85.036800,-131.587003,0.047784,-0.143277,0.364144,0.250713,0.151035,0.264268
-80.939391,-131.587003,0.031111,-0.137183,0.404376,0.254688,0.140666,0.263991
-76.841982,-131.587003,0.014563,-0.136629,0.429678,0.256000,0.137403,0.258599
-72.744572,-131.587003,-0.000967,-0.138137,0.444484,0.256396,0.138140,0.256409
-68.647163,-131.587003,-0.014193,-0.139638,0.452588,0.256506,0.140358,0.259262
-64.549754,-131.587003,-0.024553,-0.140599,0.456784,0.256533,0.142727,0.264644
-60.452345,-131.587003,-0.032223,-0.141100,0.458869,0.256540,0.144733,0.270162
-56.354935,-131.587003,-0.037691,-0.141329,0.459874,0.256541,0.146269,0.274747
-52.257526,-131.587003,-0.041466,-0.141424,0.460348,0.256541,0.147377,0.278172
-48.160117,-131.587003,-0.043977,-0.141459,0.460568,0.256541,0.148137,0.280549
-44.062708,-131.587003,-0.045561,-0.141470,0.460668,0.256541,0.148626,0.282083
-39.965298,-131.587003,-0.046483,-0.141474,0.460714,0.256541,0.148914,0.282988
-35.867889,-131.587003,-0.046953,-0.141474,0.460734,0.256541,0.149062,0.283453
-31.770480,-131.587003,-0.047132,-0.141474,0.460743,0.256541,0.149119,0.283630
-27.673071,-131.587003,-0.047138,-0.141474,0.460747,0.256541,0.149120,0.283636
-23.575661,-131.587003,-0.047055,-0.141474,0.460749,0.256541,0.149094,0.283555
-19.478252,-131.587003,-0.046937,-0.141474,0.460750,0.256541,0.149057,0.283439
-15.380843,-131.587003,-0.046816,-0.141474,0.460751,0.256541,0.149019,0.283321
-11.283433,-131.587003,-0.046708,-0.141474,0.460751,0.256541,0.148985,0.283215
-7.186024,-131.587003,-0.046619,-0.141474,0.460751,0.256541,0.148957,0.283128
-3.088615,-131.587003,-0.046551,-0.141474,0.460751,0.256541,0.148936,0.283060
1.008794,-131.587003,-0.046500,-0.141474,0.460751,0.256541,0.148920,0.283010
5.106204,-131.587003,-0.046463,-0.141474,0.460751,0.256541,0.148908,0.282974
9.203613,-131.587003,-0.046438,-0.141474,0.460751,0.256541,0.148901,0.282949
13.301022,-131.587003,-0.046420,-0.141474,0.460751,0.256541,0.148895,0.282932
17.398431,-131.587003,-0.046408,-0.141474,0.460751,0.256541,0.148891,0.282921
-142.400530,-121.037252,-0.058102,-0.141025,0.458539,0.256538,0.152525,0.294571
-138.303121,-121.037252,-0.061917,-0.140371,0.455858,0.256527,0.153420,0.298218
-134.205712,-121.037252,-0.065934,-0.139030,0.450284,0.256473,0.153872,0.301544
-130.108302,-121.037252,-0.069381,-0.136666,0.439234,0.256244,0.153269,0.302885
-126.010893,-121.037252,-0.071219,-0.133354,0.418544,0.255343,0.151180,0.299344
-121.913484,-121.037252,-0.070875,-0.130328,0.382459,0.252169,0.148353,0.287162
-117.816074,-121.037252,-0.069723,-0.129525,0.325490,0.242657,0.147099,0.263544
-113.718665,-121.037252,-0.069055,-0.127828,0.250784,0.221094,0.145288,0.228139
-109.621256,-121.037252,-0.053562,-0.102510,0.188616,0.193225,0.115660,0.192246
-105.523847,-121.037252,-0.017911,-0.028943,0.175349,0.185302,0.034037,0.182600
-101.426437,-121.037252,0.024118,-0.036134,0.185348,0.193008,0.043444,0.190680
-97.329028,-121.037252,0.034950,-0.066528,0.183482,0.191645,0.075150,0.189909
-93.231619,-121.037252,-0.026671,-0.067529,0.184138,0.192258,0.072605,0.191182
-89.134210,-121.037252,-0.034155,-0.037143,0.197177,0.198836,0.050460,0.198078
-85.036800,-121.037252,0.026069,-0.042984,0.265337,0.225872,0.050272,0.237131
-80.939391,-121.037252,0.035777,-0.082505,0.341861,0.245751,0.089928,0.263310
-76.841982,-121.037252,0.019897,-0.113173,0.394724,0.253521,0.114908,0.258877
-72.744572,-121.037252,0.001350,-0.129873,0.425327,0.255770,0.129880,0.255794
-68.647163,-121.037252,-0.013701,-0.137438,0.442089,0.256346,0.138119,0.258824
-64.549754,-121.037252,-0.025312,-0.140361,0.451118,0.256491,0.142625,0.264812
-60.452345,-121.037252,-0.034365,-0.141305,0.455902,0.256529,0.145424,0.271548
-56.354935,-121.037252,-0.041283,-0.141533,0.458371,0.256538,0.147431,0.277716
-52.257526,-121.037252,-0.046215,-0.141549,0.459606,0.256541,0.148903,0.282528
-48.160117,-121.037252,-0.049329,-0.141523,0.460205,0.256541,0.149873,0.285705
-44.062708,-121.037252,-0.050921,-0.141499,0.460490,0.256541,0.150383,0.287369
-39.965298,-121.037252,-0.051383,-0.141485,0.460624,0.256541,0.150527,0.287869
-35.867889,-121.037252,-0.051115,-0.141478,0.460688,0.256541,0.150429,0.287610
-31.770480,-121.037252,-0.050460,-0.141475,0.460719,0.256541,0.150204,0.286952
-27.673071,-121.037252,-0.049670,-0.141474,0.460735,0.256541,0.149940,0.286157
-23.575661,-121.037252,-0.048900,-0.141473,0.460743,0.256541,0.149686,0.285386
-19.478252,-121.037252,-0.048235,-0.141474,0.460747,0.256541,0.149470,0.284723
-15.380843,-121.037252,-0.047700,-0.141474,0.460749,0.256541,0.149299,0.284193
-11.283433,-121.037252,-0.047295,-0.141474,0.460750,0.256541,0.149170,0.283792
-7.186024,-121.037252,-0.047000,-0.141474,0.460750,0.256541,0.149077,0.283501
-3.088615,-121.037252,-0.046792,-0.141474,0.460751,0.256541,0.149011,0.283297
1.008794,-121.037252,-0.046650,-0.141474,0.460751,0.256541,0.148967,0.283158
5.106204,-121.037252,-0.046555,-0.141474,0.460751,0.256541,0.148937,0.283065
9.203613,-121.037252,-0.046493,-0.141474,0.460751,0.256541,0.148918,0.283004
13.301022,-121.037252,-0.046453,-0.141474,0.460751,0.256541,0.148905,0.282965
17.398431,-121.037252,-0.046428,-0.141474,0.460751,0.256541,0.148897,0.282940
-142.400530,-110.487501,-0.054510,-0.141341,0.459809,0.256541,0.151488,0.290975
-138.303121,-110.487501,-0.057681,-0.141233,0.458693,0.256539,0.152558,0.294077
-134.205712,-110.487501,-0.061759,-0.141093,0.456391,0.256531,0.154017,0.297856
-130.108302,-110.487501,-0.066778,-0.140977,0.451839,0.256497,0.155993,0.301905
-126.010893,-110.487501,-0.072485,-0.141024,0.443256,0.256369,0.158562,0.305039
-121.913484,-110.487501,-0.077851,-0.141388,0.427939,0.255929,0.161404,0.304740
-117.816074,-110.487501,-0.080149,-0.141975,0.402189,0.254522,0.163036,0.297015
-113.718665,-110.487501,-0.074111,-0.142110,0.361372,0.250301,0.160274,0.277808
-109.621256,-110.487501,-0.053162,-0.140792,0.300210,0.238243,0.150494,0.246827
-105.523847,-110.487501,-0.016838,-0.134387,0.220037,0.209583,0.135438,0.209749
-101.426437,-110.487501,0.004674,-0.105942,0.174458,0.184569,0.106045,0.184550
-97.329028,-110.487501,-0.032514,-0.110521,0.187563,0.194405,0.115205,0.193869
-93.231619,-110.487501,-0.062488,-0.183644,0.180580,0.189439,0.193984,0.188539
-89.134210,-110.487501,-0.067624,-0.186449,0.186472,0.193301,0.198333,0.192520
-85.036800,-110.487501,-0.063628,-0.146681,0.240160,0.221033,0.159887,0.224171
-80.939391,-110.487501,-0.068211,-0.143148,0.293214,0.238282,0.158569,0.249361
-76.841982,-110.487501,-0.054308,-0.155580,0.338111,0.246691,0.164786,0.258192
-72.744572,-110.487501,-0.035563,-0.157338,0.379713,0.252079,0.161307,0.259737
-68.647163,-110.487501,-0.029435,-0.152377,0.412924,0.254976,0.155194,0.262313
-64.549754,-110.487501,-0.036017,-0.147503,0.434776,0.256090,0.151836,0.269311
-60.452345,-110.487501,-0.048187,-0.144426,0.447351,0.256427,0.152253,0.281450
-56.354935,-110.487501,-0.059760,-0.142802,0.453994,0.256515,0.154802,0.294465
-52.257526,-110.487501,-0.067519,-0.142029,0.457329,0.256535,0.157261,0.303698
-48.160117,-110.487501,-0.070747,-0.141686,0.458971,0.256540,0.158367,0.307763
-44.062708,-110.487501,-0.070228,-0.141542,0.459791,0.256541,0.158007,0.307530
-39.965298,-110.487501,-0.067336,-0.141485,0.460218,0.256541,0.156691,0.304588
-35.867889,-110.487501,-0.063400,-0.141465,0.460452,0.256541,0.155022,0.300445
-31.770480,-110.487501,-0.059389,-0.141461,0.460585,0.256541,0.153422,0.296208
-27.673071,-110.487501,-0.055856,-0.141463,0.460661,0.256541,0.152091,0.292504
-23.575661,-110.487501,-0.053019,-0.141466,0.460703,0.256541,0.151075,0.289567
-19.478252,-110.487501,-0.050886,-0.141469,0.460727,0.256541,0.150343,0.287388
-15.380843,-110.487501,-0.049359,-0.141471,0.460739,0.256541,0.149835,0.285846
-11.283433,-110.487501,-0.048306,-0.141472,0.460745,0.256541,0.149492,0.284794
-7.186024,-110.487501,-0.047602,-0.141473,0.460748,0.256541,0.149267,0.284096
-3.088615,-110.487501,-0.047144,-0.141474,0.460750,0.256541,0.149122,0.283643
1.008794,-110.487501,-0.046851,-0.141474,0.460750,0.256541,0.149030,0.283355
5.106204,-110.487501,-0.046667,-0.141474,0.460751,0.256541,0.148972,0.283175
9.203613,-110.487501,-0.046554,-0.141474,0.460751,0.256541,0.148937,0.283064
13.301022,-110.487501,-0.046486,-0.141474,0.460751,0.256541,0.148915,0.282996
17.398431,-110.487501,-0.046444,-0.141474,0.460751,0.256541,0.148903,0.282956
-142.400530,-99.937751,-0.053688,-0.141455,0.460378,0.256541,0.151301,0.290196
-138.303121,-99.937751,-0.057383,-0.141447,0.459918,0.256541,0.152644,0.293948
-134.205712,-99.937751,-0.062854,-0.141441,0.458924,0.256540,0.154778,0.299485
-130.108302,-99.937751,-0.070857,-0.141437,0.456810,0.256533,0.158193,0.307363
-126.010893,-99.937751,-0.082353,-0.141415,0.452401,0.256503,0.163646,0.317746
-121.913484,-99.937751,-0.098425,-0.141271,0.443414,0.256362,0.172177,0.329386
-117.816074,-99.937751,-0.119961,-0.140626,0.425653,0.255741,0.184841,0.337888
-113.718665,-99.937751,-0.146731,-0.138251,0.392181,0.253222,0.201602,0.334111
-109.621256,-99.937751,-0.174754,-0.130543,0.334003,0.244323,0.218129,0.304930
-105.523847,-99.937751,-0.188617,-0.109359,0.248517,0.219950,0.218027,0.241648
-101.426437,-99.937751,-0.136030,-0.074102,0.180691,0.189159,0.154904,0.182664
-97.329028,-99.937751,-0.009696,-0.066485,0.189132,0.195332,0.067188,0.195205
-93.231619,-99.937751,-0.021069,-0.047855,0.188411,0.195084,0.052287,0.194016
-89.134210,-99.937751,-0.121232,-0.110408,0.175890,0.185964,0.163973,0.180527
-85.036800,-99.937751,-0.151146,-0.161215,0.192508,0.197915,0.220987,0.195404
-80.939391,-99.937751,-0.090084,-0.185880,0.188683,0.195172,0.206559,0.193955
-76.841982,-99.937751,0.015139,-0.195287,0.200989,0.200652,0.195873,0.200654
-72.744572,-99.937751,0.031304,-0.180164,0.287726,0.233192,0.182864,0.234970
-68.647163,-99.937751,-0.006127,-0.162580,0.360426,0.249356,0.162696,0.249548
-64.549754,-99.937751,-0.057620,-0.150912,0.404848,0.254577,0.161538,0.278240
-60.452345,-99.937751,-0.103256,-0.145021,0.429324,0.256008,0.178025,0.324806
-56.354935,-99.937751,-0.132883,-0.142603,0.442316,0.256377,0.194919,0.355118
-52.257526,-99.937751,-0.143678,-0.141750,0.449350,0.256478,0.201833,0.367108
-48.160117,-99.937751,-0.138728,-0.141435,0.453461,0.256513,0.198115,0.366554
-44.062708,-99.937751,-0.124284,-0.141296,0.456101,0.256528,0.188179,0.357553
-39.965298,-99.937751,-0.106592,-0.141255,0.457882,0.256536,0.176959,0.343514
-35.867889,-99.937751,-0.089933,-0.141278,0.459070,0.256539,0.167473,0.328034
-31.770480,-99.937751,-0.076327,-0.141329,0.459821,0.256541,0.160623,0.314160
-27.673071,-99.937751,-0.066180,-0.141380,0.460264,0.256541,0.156103,0.303414
-23.575661,-99.937751,-0.059071,-0.141419,0.460508,0.256541,0.153260,0.295872
-19.478252,-99.937751,-0.054311,-0.141444,0.460635,0.256541,0.151512,0.290898
-15.380843,-99.937751,-0.051232,-0.141458,0.460698,0.256541,0.150450,0.287738
-11.283433,-99.937751,-0.049294,-0.141466,0.460727,0.256541,0.149808,0.285781
-7.186024,-99.937751,-0.048100,-0.141470,0.460741,0.256541,0.149424,0.284589
-3.088615,-99.937751,-0.047380,-0.141472,0.460747,0.256541,0.149195,0.283876
1.008794,-99.937751,-0.046952,-0.141473,0.460749,0.256541,0.149061,0.283455
5.106204,-99.937751,-0.046703,-0.141474,0.460750,0.256541,0.148983,0.283210
9.203613,-99.937751,-0.046560,-0.141474,0.460751,0.256541,0.148939,0.283069
13.301022,-99.937751,-0.046480,-0.141474,0.460751,0.256541,0.148914,0.282991
17.398431,-99.937751,-0.046435,-0.141474,0.460751,0.256541,0.148900,0.282947
-142.400530,-89.388000,-0.052448,-0.141459,0.460591,0.256541,0.150869,0.288960
-138.303121,-89.388000,-0.055677,-0.141439,0.460380,0.256541,0.152003,0.292268
-134.205712,-89.388000,-0.060482,-0.141388,0.459906,0.256541,0.153781,0.297239
-130.108302,-89.388000,-0.067468,-0.141259,0.458860,0.256539,0.156544,0.304462
-126.010893,-89.388000,-0.077282,-0.140943,0.456622,0.256531,0.160740,0.314314
-121.913484,-89.388000,-0.090348,-0.140188,0.452021,0.256495,0.166780,0.326257
-117.816074,-89.388000,-0.106226,-0.138482,0.443047,0.256350,0.174532,0.337765
-113.718665,-89.388000,-0.122435,-0.134916,0.426712,0.255820,0.182189,0.343686
-109.621256,-89.388000,-0.133212,-0.128239,0.399462,0.254144,0.184907,0.337470
-105.523847,-89.388000,-0.131665,-0.117029,0.358351,0.249570,0.176158,0.315006
-101.426437,-89.388000,-0.122241,-0.097234,0.302736,0.238844,0.156196,0.279714
-97.329028,-89.388000,-0.126247,-0.057175,0.238148,0.218170,0.138591,0.234868
-93.231619,-89.388000,-0.134976,-0.027816,0.188415,0.194059,0.137813,0.188648
-89.134210,-89.388000,-0.083618,-0.052827,0.176359,0.186142,0.098907,0.179204
-85.036800,-89.388000,-0.072732,-0.039730,0.176418,0.186134,0.082876,0.178698
-80.939391,-89.388000,-0.148048,-0.099354,0.179953,0.188617,0.178296,0.182687
-76.841982,-89.388000,-0.138947,-0.154280,0.175197,0.185198,0.207626,0.180787
-72.744572,-89.388000,-0.104971,-0.152069,0.221219,0.209609,0.184780,0.213425
-68.647163,-89.388000,-0.134735,-0.138882,0.289595,0.235082,0.193498,0.262927
-64.549754,-89.388000,-0.219622,-0.132124,0.338128,0.246476,0.256302,0.316373
-60.452345,-89.388000,-0.300617,-0.133784,0.369873,0.251191,0.329043,0.353017
-56.354935,-89.388000,-0.339661,-0.139454,0.391378,0.253348,0.367174,0.374619
-52.257526,-89.388000,-0.325447,-0.141867,0.408074,0.254605,0.355024,0.387666
-48.160117,-89.388000,-0.272790,-0.140698,0.422980,0.255514,0.306937,0.393747
-44.062708,-89.388000,-0.209585,-0.139494,0.436034,0.256099,0.251763,0.389735
-39.965298,-89.388000,-0.155043,-0.139452,0.446087,0.256386,0.208531,0.373362
-35.867889,-89.388000,-0.115034,-0.140004,0.452781,0.256496,0.181202,0.349140
-31.770480,-89.388000,-0.088199,-0.140582,0.456720,0.256530,0.165959,0.325785
-27.673071,-89.388000,-0.071144,-0.140988,0.458826,0.256539,0.157921,0.308515
-23.575661,-89.388000,-0.060689,-0.141227,0.459872,0.256541,0.153715,0.297524
-19.478252,-89.388000,-0.054452,-0.141354,0.460364,0.256541,0.151480,0.291024
-15.380843,-89.388000,-0.050816,-0.141418,0.460585,0.256541,0.150271,0.287309
-11.283433,-89.388000,-0.048744,-0.141448,0.460681,0.256541,0.149612,0.285229
-7.186024,-89.388000,-0.047592,-0.141463,0.460722,0.256541,0.149254,0.284084
-3.088615,-89.388000,-0.046968,-0.141469,0.460739,0.256541,0.149062,0.283469
1.008794,-89.388000,-0.046642,-0.141472,0.460746,0.256541,0.148962,0.283149
5.106204,-89.388000,-0.046479,-0.141473,0.460749,0.256541,0.148913,0.282990
9.203613,-89.388000,-0.046404,-0.141474,0.460750,0.256541,0.148890,0.282916
13.301022,-89.388000,-0.046373,-0.141474,0.460751,0.256541,0.148880,0.282886
17.398431,-89.388000,-0.046364,-0.141474,0.460751,0.256541,0.148877,0.282877
-142.400530,-78.838249,-0.050408,-0.141456,0.460680,0.256541,0.150169,0.286899
-138.303121,-78.838249,-0.052404,-0.141429,0.460583,0.256541,0.150825,0.288925
-134.205712,-78.838249,-0.055236,-0.141364,0.460362,0.256541,0.151772,0.291835
-130.108302,-78.838249,-0.059119,-0.141210,0.459867,0.256541,0.153086,0.295867
-126.010893,-78.838249,-0.064208,-0.140851,0.458783,0.256540,0.154796,0.301169
-121.913484,-78.838249,-0.070492,-0.140036,0.456473,0.256532,0.156778,0.307619
-117.816074,-78.838249,-0.077677,-0.138235,0.451692,0.256500,0.158564,0.314588
-113.718665,-78.838249,-0.085155,-0.134389,0.442108,0.256354,0.159097,0.320759
-109.621256,-78.838249,-0.092214,-0.126566,0.423594,0.255736,0.156596,0.323948
-105.523847,-78.838249,-0.098414,-0.111878,0.389610,0.253289,0.149004,0.319981
-101.426437,-78.838249,-0.103470,-0.088280,0.332538,0.244944,0.136013,0.298783
-97.329028,-78.838249,-0.105963,-0.061953,0.255557,0.224463,0.122745,0.248006
-93.231619,-78.838249,-0.100837,-0.057821,0.208451,0.206020,0.116239,0.207852
-89.134210,-78.838249,-0.088631,-0.085488,0.194824,0.198572,0.123141,0.196639
-85.036800,-78.838249,-0.108286,-0.127050,0.174885,0.184895,0.166936,0.180751
-80.939391,-78.838249,-0.153290,-0.178554,0.201699,0.202793,0.235328,0.202330
-76.841982,-78.838249,-0.140654,-0.200142,0.220864,0.214367,0.244623,0.216536
-72.744572,-78.838249,-0.138702,-0.194521,0.191839,0.196815,0.238907,0.195152
-68.647163,-78.838249,-0.230407,-0.154105,0.180591,0.189591,0.277192,0.183420
-64.549754,-78.838249,-0.291129,-0.109887,0.184845,0.192941,0.311177,0.185874
-60.452345,-78.838249,-0.290211,-0.149146,0.194946,0.197824,0.326292,0.195551
-56.354935,-78.838249,-0.352397,-0.212586,0.211227,0.204482,0.411554,0.209448
-52.257526,-78.838249,-0.322142,-0.166716,0.249532,0.220293,0.362726,0.243648
-48.160117,-78.838249,-0.215119,-0.128748,0.315976,0.240244,0.250703,0.297879
-44.062708,-78.838249,-0.141795,-0.126156,0.377722,0.251420,0.189793,0.327971
-39.965298,-78.838249,-0.098403,-0.131522,0.417851,0.255238,0.164260,0.323152
-35.867889,-78.838249,-0.073394,-0.136063,0.439989,0.256249,0.154596,0.307403
-31.770480,-78.838249,-0.059294,-0.138759,0.451154,0.256481,0.150897,0.295048
-27.673071,-78.838249,-0.051626,-0.140170,0.456463,0.256530,0.149375,0.287810
-23.575661,-78.838249,-0.047692,-0.140865,0.458885,0.256539,0.148719,0.284077
-19.478252,-78.838249,-0.045865,-0.141195,0.459955,0.256541,0.148457,0.282354
-15.380843,-78.838249,-0.045173,-0.141348,0.460416,0.256541,0.148391,0.281708
-11.283433,-78.838249,-0.045053,-0.141418,0.460612,0.256541,0.148421,0.281600
-7.186024,-78.838249,-0.045189,-0.141450,0.460693,0.256541,0.148493,0.281734
-3.088615,-78.838249,-0.045413,-0.141464,0.460727,0.256541,0.148574,0.281952
1.008794,-78.838249,-0.045643,-0.141470,0.460741,0.256541,0.148650,0.282174
5.106204,-78.838249,-0.045842,-0.141472,0.460747,0.256541,0.148714,0.282368
9.203613,-78.838249,-0.046000,-0.141473,0.460749,0.256541,0.148764,0.282522
13.301022,-78.838249,-0.046119,-0.141474,0.460750,0.256541,0.148801,0.282638
17.398431,-78.838249,-0.046205,-0.141474,0.460750,0.256541,0.148828,0.282722
-142.400530,-68.288498,-0.048653,-0.141459,0.460717,0.256541,0.149592,0.285139
-138.303121,-68.288498,-0.049693,-0.141437,0.460670,0.256541,0.149913,0.286182
-134.205712,-68.288498,-0.051126,-0.141385,0.460557,0.256541,0.150345,0.287631
-130.108302,-68.288498,-0.053045,-0.141262,0.460294,0.256541,0.150893,0.289591
-126.010893,-68.288498,-0.055528,-0.140978,0.459688,0.256541,0.151520,0.292155
-121.913484,-68.288498,-0.058618,-0.140328,0.458322,0.256538,0.152079,0.295368
-117.816074,-68.288498,-0.062280,-0.138873,0.455325,0.256522,0.152199,0.299165
-113.718665,-68.288498,-0.066326,-0.135699,0.448989,0.256447,0.151041,0.303243
-109.621256,-68.288498,-0.070261,-0.129027,0.436265,0.256120,0.146917,0.306797
-105.523847,-68.288498,-0.072974,-0.115736,0.412504,0.254861,0.136821,0.308028
-101.426437,-68.288498,-0.072374,-0.091462,0.372642,0.250815,0.116634,0.303569
-97.329028,-68.288498,-0.065921,-0.053400,0.315261,0.240640,0.084836,0.288018
-93.231619,-68.288498,-0.053120,-0.007232,0.245624,0.220159,0.053610,0.245184
-89.134210,-68.288498,-0.015001,0.041791,0.182493,0.189801,0.044401,0.188981
-85.036800,-68.288498,0.061193,0.060488,0.173567,0.183656,0.086043,0.178624
-80.939391,-68.288498,0.018742,-0.097773,0.177553,0.186765,0.099553,0.186447
-76.841982,-68.288498,-0.079313,-0.289254,0.178590,0.187954,0.299931,0.187314
-72.744572,-68.288498,-0.107700,-0.264140,0.203143,0.204244,0.285253,0.204088
-68.647163,-68.288498,-0.059577,-0.187998,0.193634,0.198272,0.197212,0.197853
-64.549754,-68.288498,0.070030,-0.186887,0.178431,0.187911,0.199577,0.186770
-60.452345,-68.288498,0.259301,-0.224949,0.197229,0.200494,0.343277,0.198637
-56.354935,-68.288498,0.308264,-0.229286,0.249539,0.224627,0.384185,0.240961
-52.257526,-68.288498,0.226168,-0.180719,0.295425,0.238721,0.289501,0.274724
-48.160117,-68.288498,0.138888,-0.143367,0.339648,0.247581,0.199610,0.295755
-44.062708,-68.288498,0.077563,-0.132249,0.383230,0.253184,0.153317,0.292035
-39.965298,-68.288498,0.038584,-0.132483,0.416150,0.255531,0.137988,0.271534
-35.867889,-68.288498,0.013595,-0.135303,0.436948,0.256275,0.135984,0.258706
-31.770480,-68.288498,-0.003346,-0.137838,0.448749,0.256477,0.137878,0.256632
-27.673071,-68.288498,-0.015398,-0.139522,0.454958,0.256527,0.140369,0.259817
-23.575661,-68.288498,-0.024171,-0.140493,0.458044,0.256538,0.142557,0.264483
-19.478252,-68.288498,-0.030590,-0.141005,0.459512,0.256541,0.144285,0.268972
-15.380843,-68.288498,-0.035273,-0.141259,0.460189,0.256541,0.145597,0.272727
-11.283433,-68.288498,-0.038665,-0.141379,0.460495,0.256541,0.146571,0.275664
-7.186024,-68.288498,-0.041099,-0.141433,0.460632,0.256541,0.147284,0.277869
-3.088615,-68.288498,-0.042822,-0.141457,0.460694,0.256541,0.147796,0.279474
1.008794,-68.288498,-0.044021,-0.141466,0.460722,0.256541,0.148157,0.280611
5.106204,-68.288498,-0.044839,-0.141470,0.460736,0.256541,0.148406,0.281396
9.203613,-68.288498,-0.045386,-0.141472,0.460742,0.256541,0.148574,0.281925
13.301022,-68.288498,-0.045746,-0.141473,0.460745,0.256541,0.148685,0.282274
17.398431,-68.288498,-0.045978,-0.141473,0.460747,0.256541,0.148757,0.282500
-142.400530,-57.738747,-0.047595,-0.141465,0.460736,0.256541,0.149257,0.284089
-138.303121,-57.738747,-0.048142,-0.141454,0.460715,0.256541,0.149422,0.284633
-134.205712,-57.738747,-0.048911,-0.141427,0.460666,0.256541,0.149645,0.285400
-130.108302,-57.738747,-0.049976,-0.141366,0.460553,0.256541,0.149940,0.286472
-126.010893,-57.738747,-0.051439,-0.141232,0.460299,0.256541,0.150308,0.287959
-121.913484,-57.738747,-0.053431,-0.140944,0.459745,0.256541,0.150732,0.290004
-117.816074,-57.738747,-0.056119,-0.140346,0.458582,0.256538,0.151150,0.292795
-113.718665,-57.738747,-0.059716,-0.139158,0.456253,0.256528,0.151430,0.296555
-109.621256,-57.738747,-0.064454,-0.136933,0.451835,0.256489,0.151344,0.301468
-105.523847,-57.738747,-0.070480,-0.133068,0.443951,0.256353,0.150580,0.307405
-101.426437,-57.738747,-0.077412,-0.126978,0.430842,0.255927,0.148714,0.313126
-97.329028,-57.738747,-0.083112,-0.118419,0.410977,0.254772,0.144674,0.315006
-93.231619,-57.738747,-0.082303,-0.107965,0.385042,0.252349,0.135758,0.307840
-89.134210,-57.738747,-0.073022,-0.099048,0.358193,0.248959,0.123055,0.292121
-85.036800,-57.738747,-0.078880,-0.102593,0.335147,0.245772,0.129412,0.282300
-80.939391,-57.738747,-0.136987,-0.130270,0.307141,0.240353,0.189039,0.277436
-76.841982,-57.738747,-0.243011,-0.179944,0.256634,0.224291,0.302381,0.245668
-72.744572,-57.738747,-0.354993,-0.248734,0.203019,0.201909,0.433461,0.202654
-68.647163,-57.738747,-0.328035,-0.269447,0.176498,0.186239,0.424510,0.180486
-64.549754,-57.738747,-0.195625,-0.260502,0.176076,0.185838,0.325776,0.182378
-60.452345,-57.738747,-0.157425,-0.271292,0.196720,0.199783,0.313659,0.199016
-56.354935,-57.738747,-0.131693,-0.278034,0.236376,0.219142,0.307646,0.222400
-52.257526,-57.738747,-0.064943,-0.222456,0.275966,0.233442,0.231742,0.237058
-48.160117,-57.738747,0.014168,-0.149073,0.306575,0.240610,0.149745,0.241281
-44.062708,-57.738747,0.060784,-0.118435,0.347355,0.247861,0.133122,0.271628
-39.965298,-57.738747,0.068269,-0.118736,0.390375,0.253318,0.136963,0.293409
-35.867889,-57.738747,0.053974,-0.126813,0.421545,0.255604,0.137821,0.287345
-31.770480,-57.738747,0.033176,-0.133509,0.440200,0.256304,0.137569,0.270446
-27.673071,-57.738747,0.013495,-0.137539,0.450309,0.256486,0.138200,0.259020
-23.575661,-57.738747,-0.002638,-0.139662,0.455488,0.256529,0.139687,0.256627
-19.478252,-57.738747,-0.015118,-0.140695,0.458071,0.256538,0.141504,0.259722
-15.380843,-57.738747,-0.024526,-0.141163,0.459355,0.256541,0.143277,0.264703
-11.283433,-57.738747,-0.031480,-0.141358,0.460002,0.256541,0.144821,0.269633
-7.186024,-57.738747,-0.036494,-0.141431,0.460335,0.256541,0.146064,0.273740
-3.088615,-57.738747,-0.039992,-0.141454,0.460509,0.256541,0.146999,0.276837
1.008794,-57.738747,-0.042345,-0.141459,0.460603,0.256541,0.147661,0.279013
5.106204,-57.738747,-0.043870,-0.141460,0.460655,0.256541,0.148106,0.280459
9.203613,-57.738747,-0.044829,-0.141460,0.460686,0.256541,0.148393,0.281382
13.301022,-57.738747,-0.045418,-0.141462,0.460706,0.256541,0.148574,0.281953
17.398431,-57.738747,-0.045776,-0.141464,0.460720,0.256541,0.148686,0.282302
-142.400530,-47.188996,-0.047031,-0.141471,0.460746,0.256541,0.149084,0.283533
-138.303121,-47.188996,-0.047334,-0.141466,0.460739,0.256541,0.149175,0.283831
-134.205712,-47.188996,-0.047771,-0.141457,0.460724,0.256541,0.149306,0.284264
-130.108302,-47.188996,-0.048400,-0.141438,0.460689,0.256541,0.149490,0.284889
-126.010893,-47.188996,-0.049300,-0.141400,0.460617,0.256541,0.149748,0.285790
-121.913484,-47.188996,-0.050578,-0.141325,0.460468,0.256541,0.150103,0.287080
-117.816074,-47.188996,-0.052375,-0.141186,0.460173,0.256541,0.150588,0.288909
-113.718665,-47.188996,-0.054858,-0.140942,0.459615,0.256541,0.151241,0.291456
-109.621256,-47.188996,-0.058205,-0.140544,0.458619,0.256538,0.152120,0.294907
-105.523847,-47.188996,-0.062583,-0.139959,0.456946,0.256532,0.153314,0.299392
-101.426437,-47.188996,-0.068181,-0.139224,0.454341,0.256515,0.155022,0.304962
-97.329028,-47.188996,-0.075499,-0.138583,0.450598,0.256477,0.157814,0.311761
-93.231619,-47.188996,-0.086162,-0.138756,0.445556,0.256408,0.163332,0.320460
-89.134210,-47.188996,-0.103932,-0.141396,0.438746,0.256280,0.175484,0.331909
-85.036800,-47.188996,-0.134028,-0.149589,0.428629,0.255987,0.200849,0.343745
-80.939391,-47.188996,-0.178469,-0.168011,0.412028,0.255163,0.245110,0.347266
-76.841982,-47.188996,-0.229026,-0.201635,0.384530,0.252834,0.305139,0.333483
-72.744572,-47.188996,-0.264935,-0.250447,0.341484,0.246645,0.364574,0.300482
-68.647163,-47.188996,-0.261435,-0.301366,0.280809,0.232105,0.398961,0.254165
-64.549754,-47.188996,-0.203284,-0.346911,0.215991,0.208205,0.402084,0.210222
-60.452345,-47.188996,-0.146220,-0.443771,0.181108,0.189739,0.467240,0.188911
-56.354935,-47.188996,-0.201254,-0.464694,0.179053,0.188144,0.506403,0.186737
-52.257526,-47.188996,-0.129665,-0.141457,0.176520,0.186119,0.191893,0.181799
-48.160117,-47.188996,0.008557,-0.030307,0.192413,0.196395,0.031492,0.196104
-44.062708,-47.188996,0.074328,-0.069257,0.263130,0.227390,0.101593,0.247164
-39.965298,-47.188996,0.080436,-0.103538,0.336122,0.246096,0.131111,0.283357
-35.867889,-47.188996,0.063289,-0.122130,0.387316,0.253319,0.137554,0.286955
-31.770480,-47.188996,0.044185,-0.131935,0.418158,0.255587,0.139137,0.276352
-27.673071,-47.188996,0.027328,-0.137309,0.435650,0.256240,0.140002,0.265308
-23.575661,-47.188996,0.011872,-0.140124,0.445586,0.256433,0.140626,0.258271
-19.478252,-47.188996,-0.002666,-0.141337,0.451450,0.256499,0.141362,0.256594
-15.380843,-47.188996,-0.015716,-0.141673,0.455031,0.256525,0.142542,0.259850
-11.283433,-47.188996,-0.026412,-0.141648,0.457226,0.256535,0.144089,0.265751
-7.186024,-47.188996,-0.034276,-0.141532,0.458542,0.256539,0.145623,0.271689
-3.088615,-47.188996,-0.039441,-0.141429,0.459307,0.256541,0.146825,0.276201
1.008794,-47.188996,-0.042494,-0.141362,0.459749,0.256541,0.147611,0.279063
5.106204,-47.188996,-0.044153,-0.141333,0.460019,0.256541,0.148069,0.280674
9.203613,-47.188996,-0.045013,-0.141333,0.460207,0.256541,0.148328,0.281526
13.301022,-47.188996,-0.045463,-0.141353,0.460354,0.256541,0.148484,0.281977
17.398431,-47.188996,-0.045715,-0.141381,0.460475,0.256541,0.148588,0.282231
-142.400530,-36.639246,-0.046724,-0.141473,0.460750,0.256541,0.148989,0.283230
-138.303121,-36.639246,-0.046884,-0.141472,0.460748,0.256541,0.149038,0.283387
-134.205712,-36.639246,-0.047117,-0.141470,0.460744,0.256541,0.149110,0.283617
-130.108302,-36.639246,-0.047454,-0.141466,0.460737,0.256541,0.149213,0.283950
-126.010893,-36.639246,-0.047937,-0.141458,0.460722,0.256541,0.149360,0.284427
-121.913484,-36.639246,-0.048619,-0.141446,0.460692,0.256541,0.149568,0.285106
-117.816074,-36.639246,-0.049573,-0.141425,0.460638,0.256541,0.149861,0.286060
-113.718665,-36.639246,-0.050887,-0.141394,0.460540,0.256541,0.150272,0.287382
-109.621256,-36.639246,-0.052677,-0.141355,0.460373,0.256541,0.150851,0.289192
-105.523847,-36.639246,-0.055094,-0.141322,0.460100,0.256541,0.151681,0.291649
-101.426437,-36.639246,-0.058359,-0.141334,0.459667,0.256541,0.152908,0.294965
-97.329028,-36.639246,-0.062775,-0.141481,0.458982,0.256540,0.154782,0.299398
-93.231619,-36.639246,-0.068677,-0.141934,0.457866,0.256538,0.157676,0.305119
-89.134210,-36.639246,-0.076142,-0.142955,0.455943,0.256531,0.161968,0.311780
-85.036800,-36.639246,-0.084370,-0.144812,0.452471,0.256508,0.167597,0.317812
-80.939391,-36.639246,-0.090923,-0.147442,0.446094,0.256427,0.173223,0.320102
-76.841982,-36.639246,-0.091812,-0.149615,0.434520,0.256143,0.175539,0.315137
-72.744572,-36.639246,-0.084470,-0.147451,0.414104,0.255168,0.169932,0.302314
-68.647163,-36.639246,-0.076975,-0.132677,0.379537,0.251967,0.153389,0.289439
-64.549754,-36.639246,-0.104601,-0.093618,0.325347,0.242627,0.140376,0.291470
-60.452345,-36.639246,-0.225974,-0.040057,0.258904,0.223959,0.229497,0.257909
-56.354935,-36.639246,-0.406437,-0.090597,0.222327,0.211664,0.416412,0.221834
-52.257526,-36.639246,-0.392677,-0.298865,0.198923,0.200667,0.493473,0.199564
-48.160117,-36.639246,-0.155644,-0.421232,0.174838,0.184832,0.449068,0.183660
-44.062708,-36.639246,-0.105300,-0.309180,0.191127,0.195842,0.326620,0.195357
-39.965298,-36.639246,-0.095061,-0.199770,0.246308,0.222065,0.221234,0.226736
-35.867889,-36.639246,-0.048182,-0.151144,0.302633,0.239337,0.158638,0.245859
-31.770480,-36.639246,-0.006753,-0.141088,0.343744,0.247542,0.141250,0.247804
-27.673071,-36.639246,0.015275,-0.147138,0.373825,0.251508,0.147929,0.253124
-23.575661,-36.639246,0.014829,-0.149812,0.398875,0.253991,0.150544,0.255792
-19.478252,-36.639246,-0.000852,-0.147510,0.418931,0.255419,0.147512,0.255427
-15.380843,-36.639246,-0.021419,-0.144481,0.433459,0.256091,0.146060,0.261176
-11.283433,-36.639246,-0.038485,-0.142414,0.443068,0.256371,0.147523,0.273153
-7.186024,-36.639246,-0.047948,-0.141231,0.448828,0.256474,0.149148,0.282488
-3.088615,-36.639246,-0.050531,-0.140541,0.452007,0.256506,0.149350,0.285748
1.008794,-36.639246,-0.049481,-0.140147,0.453816,0.256517,0.148625,0.285193
5.106204,-36.639246,-0.047648,-0.140023,0.455123,0.256523,0.147908,0.283674
9.203613,-36.639246,-0.046305,-0.140152,0.456348,0.256529,0.147604,0.282535
13.301022,-36.639246,-0.045606,-0.140439,0.457547,0.256534,0.147658,0.281963
17.398431,-36.639246,-0.045335,-0.140758,0.458610,0.256538,0.147879,0.281769
-142.400530,-26.089495,-0.046552,-0.141474,0.460751,0.256541,0.148936,0.283062
-138.303121,-26.089495,-0.046629,-0.141474,0.460750,0.256541,0.148960,0.283137
-134.205712,-26.089495,-0.046740,-0.141473,0.460750,0.256541,0.148994,0.283246
-130.108302,-26.089495,-0.046897,-0.141473,0.460748,0.256541,0.149043,0.283400
-126.010893,-26.089495,-0.047118,-0.141472,0.460746,0.256541,0.149112,0.283618
-121.913484,-26.089495,-0.047426,-0.141470,0.460741,0.256541,0.149208,0.283921
-117.816074,-26.089495,-0.047846,-0.141468,0.460733,0.256541,0.149340,0.284337
-113.718665,-26.089495,-0.048414,-0.141466,0.460718,0.256541,0.149521,0.284899
-109.621256,-26.089495,-0.049167,-0.141465,0.460691,0.256541,0.149766,0.285648
-105.523847,-26.089495,-0.050148,-0.141469,0.460646,0.256541,0.150094,0.286625
-101.426437,-26.089495,-0.051394,-0.141481,0.460565,0.256541,0.150526,0.287870
-97.329028,-26.089495,-0.052920,-0.141507,0.460418,0.256541,0.151078,0.289393
-93.231619,-26.089495,-0.054690,-0.141541,0.460137,0.256541,0.151740,0.291149
-89.134210,-26.089495,-0.056598,-0.141546,0.459593,0.256541,0.152443,0.293015
-85.036800,-26.089495,-0.058522,-0.141392,0.458534,0.256539,0.153024,0.294852
-80.939391,-26.089495,-0.060568,-0.140757,0.456508,0.256531,0.153235,0.296792
-76.841982,-26.089495,-0.063623,-0.139027,0.452762,0.256503,0.152893,0.299829
-72.744572,-26.089495,-0.069978,-0.135372,0.446199,0.256410,0.152389,0.306373
-68.647163,-26.089495,-0.082861,-0.129530,0.435524,0.256149,0.153766,0.318811
-64.549754,-26.089495,-0.102483,-0.123858,0.419545,0.255529,0.160759,0.332103
-60.452345,-26.089495,-0.118090,-0.125032,0.396591,0.254133,0.171984,0.329073
-56.354935,-26.089495,-0.106409,-0.138646,0.361645,0.250381,0.174773,0.296535
-52.257526,-26.089495,-0.057543,-0.154859,0.305753,0.239437,0.165204,0.248428
-48.160117,-26.089495,-0.026186,-0.148733,0.229148,0.213954,0.151021,0.214427
-44.062708,-26.089495,-0.161756,-0.129632,0.180474,0.189354,0.207290,0.183998
-39.965298,-26.089495,-0.301379,-0.182541,0.176736,0.186185,0.352349,0.179321
-35.867889,-26.089495,-0.286988,-0.167296,0.174296,0.184355,0.332190,0.176902
-31.770480,-26.089495,-0.199637,-0.169487,0.178252,0.187397,0.261879,0.182139
-27.673071,-26.089495,-0.099552,-0.193740,0.202251,0.200616,0.217821,0.200959
-23.575661,-26.089495,-0.054002,-0.159568,0.258892,0.225363,0.168458,0.229035
-19.478252,-26.089495,-0.061486,-0.144110,0.311478,0.240129,0.156679,0.252434
-15.380843,-26.089495,-0.106666,-0.138081,0.358840,0.249515,0.174482,0.295150
-11.283433,-26.089495,-0.133874,-0.136164,0.390533,0.253707,0.190953,0.328168
-7.186024,-26.089495,-0.120105,-0.135591,0.406425,0.254997,0.181136,0.330240
-3.088615,-26.089495,-0.086395,-0.133471,0.412620,0.255187,0.158992,0.310103
1.008794,-26.089495,-0.059844,-0.130494,0.416278,0.255240,0.143562,0.289722
5.106204,-26.089495,-0.047432,-0.129646,0.422016,0.255504,0.138051,0.280357
9.203613,-26.089495,-0.043297,-0.131631,0.430695,0.255908,0.138569,0.277859
13.301022,-26.089495,-0.042106,-0.134766,0.440312,0.256249,0.141191,0.277608
17.398431,-26.089495,-0.041894,-0.137502,0.448429,0.256435,0.143743,0.277948
-142.400530,-15.539744,-0.046462,-0.141474,0.460751,0.256541,0.148908,0.282973
-138.303121,-15.539744,-0.046495,-0.141474,0.460751,0.256541,0.148918,0.283005
-134.205712,-15.539744,-0.046541,-0.141474,0.460751,0.256541,0.148933,0.283051
-130.108302,-15.539744,-0.046606,-0.141474,0.460751,0.256541,0.148953,0.283114
-126.010893,-15.539744,-0.046694,-0.141474,0.460750,0.256541,0.148980,0.283201
-121.913484,-15.539744,-0.046813,-0.141474,0.460749,0.256541,0.149018,0.283318
-117.816074,-15.539744,-0.046971,-0.141473,0.460748,0.256541,0.149067,0.283473
-113.718665,-15.539744,-0.047177,-0.141473,0.460746,0.256541,0.149132,0.283675
-109.621256,-15.539744,-0.047439,-0.141473,0.460741,0.256541,0.149215,0.283933
-105.523847,-15.539744,-0.047765,-0.141472,0.460733,0.256541,0.149318,0.284254
-101.426437,-15.539744,-0.048159,-0.141470,0.460716,0.256541,0.149443,0.284643
-97.329028,-15.539744,-0.048625,-0.141462,0.460682,0.256541,0.149586,0.285104
-93.231619,-15.539744,-0.049169,-0.141439,0.460614,0.256541,0.149742,0.285645
-89.134210,-15.539744,-0.049817,-0.141378,0.460480,0.256541,0.149898,0.286294
-85.036800,-15.539744,-0.050642,-0.141234,0.460218,0.256541,0.150039,0.287131
-80.939391,-15.539744,-0.051792,-0.140925,0.459717,0.256541,0.150141,0.288323
-76.841982,-15.539744,-0.053478,-0.140316,0.458786,0.256539,0.150162,0.290106
-72.744572,-15.539744,-0.055843,-0.139191,0.457092,0.256534,0.149976,0.292666
-68.647163,-15.539744,-0.058734,-0.137156,0.454040,0.256518,0.149203,0.295889
-64.549754,-15.539744,-0.061680,-0.133306,0.448525,0.256459,0.146884,0.299413
-60.452345,-15.539744,-0.064988,-0.125444,0.438554,0.256242,0.141278,0.304078
-56.354935,-15.539744,-0.072709,-0.109308,0.421074,0.255489,0.131282,0.315655
-52.257526,-15.539744,-0.095393,-0.081035,0.393098,0.253266,0.125166,0.341529
-48.160117,-15.539744,-0.143745,-0.051156,0.355946,0.248474,0.152576,0.345537
-44.062708,-15.539744,-0.207662,-0.064923,0.318729,0.241924,0.217574,0.312656
-39.965298,-15.539744,-0.258712,-0.146456,0.279686,0.231897,0.297290,0.268870
-35.867889,-15.539744,-0.283446,-0.202842,0.226329,0.211743,0.348549,0.221497
-31.770480,-15.539744,-0.253776,-0.151897,0.184733,0.191620,0.295762,0.186574
-27.673071,-15.539744,-0.166402,-0.044854,0.181054,0.189882,0.172341,0.181665
-23.575661,-15.539744,-0.074402,-0.065661,0.183521,0.191568,0.099232,0.187087
-19.478252,-15.539744,-0.130977,-0.090098,0.181762,0.189985,0.158973,0.184443
-15.380843,-15.539744,-0.380429,-0.078104,0.223180,0.211710,0.388364,0.222727
-11.283433,-15.539744,-0.433796,-0.097156,0.267588,0.230870,0.444542,0.265949
-7.186024,-15.539744,-0.227053,-0.134294,0.272254,0.231472,0.263795,0.262294
-3.088615,-15.539744,-0.044533,-0.126208,0.253977,0.222963,0.133835,0.226606
1.008794,-15.539744,-0.010125,-0.085976,0.250004,0.220946,0.086570,0.221369
5.106204,-15.539744,-0.021528,-0.081831,0.275505,0.229533,0.084615,0.232784
9.203613,-15.539744,-0.023360,-0.101656,0.332989,0.244078,0.104305,0.249294
13.301022,-15.539744,-0.024227,-0.119467,0.387642,0.252625,0.121899,0.259296
17.398431,-15.539744,-0.027124,-0.130345,0.423038,0.255541,0.133137,0.264611
-142.400530,-4.989993,-0.046418,-0.141474,0.460751,0.256541,0.148894,0.282930
-138.303121,-4.989993,-0.046431,-0.141474,0.460751,0.256541,0.148898,0.282943
-134.205712,-4.989993,-0.046448,-0.141474,0.460751,0.256541,0.148904,0.282960
-130.108302,-4.989993,-0.046472,-0.141474,0.460751,0.256541,0.148911,0.282983
-126.010893,-4.989993,-0.046503,-0.141474,0.460751,0.256541,0.148921,0.283013
-121.913484,-4.989993,-0.046543,-0.141474,0.460751,0.256541,0.148934,0.283053
-117.816074,-4.989993,-0.046595,-0.141474,0.460751,0.256541,0.148950,0.283104
-113.718665,-4.989993,-0.046661,-0.141474,0.460750,0.256541,0.148970,0.283168
-109.621256,-4.989993,-0.046740,-0.141474,0.460749,0.256541,0.148995,0.283246
-105.523847,-4.989993,-0.046837,-0.141473,0.460748,0.256541,0.149024,0.283341
-101.426437,-4.989993,-0.046951,-0.141471,0.460744,0.256541,0.149058,0.283453
-97.329028,-4.989993,-0.047086,-0.141466,0.460737,0.256541,0.149096,0.283586
-93.231619,-4.989993,-0.047248,-0.141455,0.460722,0.256541,0.149137,0.283747
-89.134210,-4.989993,-0.047451,-0.141432,0.460692,0.256541,0.149180,0.283951
-85.036800,-4.989993,-0.047717,-0.141383,0.460634,0.256541,0.149218,0.284221
-80.939391,-4.989993,-0.048083,-0.141285,0.460519,0.256541,0.149242,0.284597
-76.841982,-4.989993,-0.048601,-0.141090,0.460297,0.256541,0.149226,0.285142
-72.744572,-4.989993,-0.049364,-0.140710,0.459872,0.256541,0.149118,0.285966
-68.647163,-4.989993,-0.050569,-0.139988,0.459071,0.256540,0.148842,0.287302
-64.549754,-4.989993,-0.052651,-0.138674,0.457611,0.256535,0.148332,0.289659
-60.452345,-4.989993,-0.056416,-0.136489,0.455084,0.256521,0.147689,0.293974
-56.354935,-4.989993,-0.062931,-0.133432,0.451021,0.256481,0.147528,0.301376
-52.257526,-4.989993,-0.072777,-0.130374,0.445015,0.256388,0.149311,0.311716
-48.160117,-4.989993,-0.084735,-0.129334,0.436690,0.256190,0.154619,0.321238
-44.062708,-4.989993,-0.095101,-0.131745,0.425207,0.255765,0.162484,0.323949
-39.965298,-4.989993,-0.098684,-0.134650,0.408894,0.254814,0.166941,0.317277
-35.867889,-4.989993,-0.089901,-0.130200,0.386382,0.252912,0.158222,0.302509
-31.770480,-4.989993,-0.061757,-0.114098,0.358346,0.249888,0.129739,0.278193
-27.673071,-4.989993,-0.007963,-0.095037,0.325004,0.245283,0.095370,0.245929
-23.575661,-4.989993,0.053496,-0.080385,0.277862,0.234041,0.096559,0.248315
-19.478252,-4.989993,0.065280,-0.065498,0.216810,0.210183,0.092475,0.213511
-15.380843,-4.989993,-0.007738,-0.089027,0.180291,0.189066,0.089363,0.189002
-11.283433,-4.989993,-0.099424,-0.104391,0.177967,0.187108,0.144161,0.182817
-7.186024,-4.989993,-0.081964,-0.041812,0.179831,0.188669,0.092013,0.181691
-3.088615,-4.989993,-0.025701,-0.044747,0.174548,0.184428,0.051602,0.182027
1.008794,-4.989993,0.020329,-0.074747,0.174920,0.184860,0.077462,0.184192
5.106204,-4.989993,0.044335,-0.071741,0.221618,0.210575,0.084334,0.213684
9.203613,-4.989993,0.034435,-0.091073,0.305178,0.238829,0.097365,0.248101
13.301022,-4.989993,0.017109,-0.112534,0.372861,0.251261,0.113827,0.254650
17.398431,-4.989993,0.000109,-0.126711,0.415469,0.255211,0.126711,0.255211
-142.400530,5.559758,-0.046399,-0.141474,0.460751,0.256541,0.148889,0.282912
-138.303121,5.559758,-0.046403,-0.141474,0.460751,0.256541,0.148890,0.282916
-134.205712,5.559758,-0.046409,-0.141474,0.460751,0.256541,0.148892,0.282922
-130.108302,5.559758,-0.046416,-0.141474,0.460751,0.256541,0.148894,0.282929
-126.010893,5.559758,-0.046426,-0.141474,0.460751,0.256541,0.148897,0.282938
-121.913484,5.559758,-0.046437,-0.141474,0.460751,0.256541,0.148900,0.282949
-117.816074,5.559758,-0.046451,-0.141474,0.460751,0.256541,0.148905,0.282963
-113.718665,5.559758,-0.046467,-0.141474,0.460751,0.256541,0.148910,0.282978
-109.621256,5.559758,-0.046484,-0.141474,0.460751,0.256541,0.148915,0.282994
-105.523847,5.559758,-0.046500,-0.141474,0.460750,0.256541,0.148920,0.283011
-101.426437,5.559758,-0.046514,-0.141473,0.460750,0.256541,0.148923,0.283025
-97.329028,5.559758,-0.046522,-0.141471,0.460748,0.256541,0.148924,0.283033
-93.231619,5.559758,-0.046516,-0.141468,0.460745,0.256541,0.148920,0.283028
-89.134210,5.559758,-0.046486,-0.141462,0.460739,0.256541,0.148904,0.282999
-85.036800,5.559758,-0.046414,-0.141449,0.460727,0.256541,0.148869,0.282930
-80.939391,5.559758,-0.046267,-0.141425,0.460704,0.256541,0.148801,0.282791
-76.841982,5.559758,-0.045993,-0.141380,0.460658,0.256541,0.148673,0.282531
-72.744572,5.559758,-0.045501,-0.141300,0.460572,0.256541,0.148446,0.282064
-68.647163,5.559758,-0.044632,-0.141168,0.460416,0.256541,0.148055,0.281241
-64.549754,5.559758,-0.043089,-0.140969,0.460143,0.256541,0.147407,0.279788
-60.452345,5.559758,-0.040310,-0.140711,0.459685,0.256541,0.146371,0.277215
-56.354935,5.559758,-0.035251,-0.140454,0.458938,0.256540,0.144810,0.272752
-52.257526,5.559758,-0.026093,-0.140329,0.457740,0.256537,0.142734,0.265733
-48.160117,5.559758,-0.010004,-0.140527,0.455791,0.256530,0.140883,0.257921
-44.062708,5.559758,0.016845,-0.141303,0.452519,0.256511,0.142303,0.260279
-39.965298,5.559758,0.058607,-0.143220,0.446830,0.256455,0.154748,0.291502
-35.867889,5.559758,0.117747,-0.148078,0.436647,0.256269,0.189186,0.337771
-31.770480,5.559758,0.190361,-0.161005,0.418150,0.255584,0.249319,0.359407
-27.673071,5.559758,0.257592,-0.194454,0.385365,0.253135,0.322748,0.343305
-23.575661,5.559758,0.276015,-0.275589,0.333096,0.245886,0.390043,0.292823
-19.478252,5.559758,0.185170,-0.451679,0.268024,0.230872,0.488162,0.236577
-15.380843,5.559758,-0.009890,-0.717750,0.212957,0.210386,0.717818,0.210387
-11.283433,5.559758,-0.070114,-0.718100,0.194774,0.200218,0.721515,0.200167
-7.186024,5.559758,-0.000694,-0.280052,0.188880,0.195116,0.280053,0.195116
-3.088615,5.559758,-0.042443,0.015338,0.177549,0.187162,0.045130,0.178686
1.008794,5.559758,-0.040956,0.047434,0.192116,0.195673,0.062669,0.194162
5.106204,5.559758,-0.001511,-0.018750,0.251281,0.220756,0.018811,0.220966
9.203613,5.559758,0.012349,-0.076282,0.332940,0.243795,0.077275,0.246473
13.301022,5.559758,0.008585,-0.109880,0.391658,0.253004,0.110215,0.254074
17.398431,5.559758,-0.002235,-0.126881,0.425980,0.255690,0.126901,0.255760
-142.400530,16.109509,-0.046391,-0.141474,0.460751,0.256541,0.148886,0.282904
-138.303121,16.109509,-0.046393,-0.141474,0.460751,0.256541,0.148886,0.282905
-134.205712,16.109509,-0.046394,-0.141474,0.460751,0.256541,0.148887,0.282907
-130.108302,16.109509,-0.046396,-0.141474,0.460751,0.256541,0.148887,0.282908
-126.010893,16.109509,-0.046397,-0.141474,0.460751,0.256541,0.148888,0.282910
-121.913484,16.109509,-0.046398,-0.141474,0.460751,0.256541,0.148888,0.282911
-117.816074,16.109509,-0.046399,-0.141474,0.460751,0.256541,0.148888,0.282911
-113.718665,16.109509,-0.046397,-0.141474,0.460751,0.256541,0.148888,0.282910
-109.621256,16.109509,-0.046391,-0.141474,0.460751,0.256541,0.148886,0.282904
-105.523847,16.109509,-0.046377,-0.141474,0.460751,0.256541,0.148882,0.282890
-101.426437,16.109509,-0.046349,-0.141474,0.460751,0.256541,0.148873,0.282863
-97.329028,16.109509,-0.046297,-0.141473,0.460750,0.256541,0.148856,0.282812
-93.231619,16.109509,-0.046203,-0.141473,0.460750,0.256541,0.148826,0.282720
-89.134210,16.109509,-0.046036,-0.141471,0.460749,0.256541,0.148773,0.282558
-85.036800,16.109509,-0.045745,-0.141469,0.460747,0.256541,0.148681,0.282275
-80.939391,16.109509,-0.045243,-0.141465,0.460742,0.256541,0.148523,0.281789
-76.841982,16.109509,-0.044380,-0.141458,0.460734,0.256541,0.148256,0.280958
-72.744572,16.109509,-0.042903,-0.141448,0.460720,0.256541,0.147811,0.279556
-68.647163,16.109509,-0.040389,-0.141435,0.460692,0.256541,0.147088,0.277225
-64.549754,16.109509,-0.036128,-0.141423,0.460642,0.256541,0.145964,0.273461
-60.452345,16.109509,-0.028961,-0.141424,0.460550,0.256541,0.144359,0.267772
-56.354935,16.109509,-0.017031,-0.141471,0.460376,0.256541,0.142493,0.260578
-52.257526,16.109509,0.002557,-0.141636,0.460033,0.256541,0.141659,0.256634
-48.160117,16.109509,0.034151,-0.142088,0.459332,0.256541,0.146135,0.271554
-44.062708,16.109509,0.084028,-0.143226,0.457863,0.256537,0.166055,0.320374
-39.965298,16.109509,0.160785,-0.145964,0.454756,0.256522,0.217158,0.378285
-35.867889,16.109509,0.275353,-0.152315,0.448254,0.256449,0.314673,0.411415
-31.770480,16.109509,0.439856,-0.166279,0.435038,0.256118,0.470236,0.416888
-27.673071,16.109509,0.663371,-0.194526,0.409446,0.254741,0.691304,0.399387
-23.575661,16.109509,0.939038,-0.244216,0.363765,0.249773,0.970275,0.357623
-19.478252,16.109509,1.206717,-0.311830,0.296459,0.236604,1.246356,0.293071
-15.380843,16.109509,1.267380,-0.364110,0.254246,0.224837,1.318647,0.252124
-11.283433,16.109509,0.965752,-0.348328,0.292947,0.236934,1.026649,0.287056
-7.186024,16.109509,0.591463,-0.262935,0.330937,0.245777,0.647273,0.318457
-3.088615,16.109509,0.313923,-0.175259,0.351465,0.248416,0.359532,0.329907
1.008794,16.109509,0.150383,-0.129853,0.372514,0.251007,0.198688,0.326200
5.106204,16.109509,0.068592,-0.119912,0.396090,0.253557,0.138144,0.295160
9.203613,16.109509,0.028502,-0.124351,0.417948,0.255233,0.127576,0.265727
13.301022,16.109509,0.005889,-0.130902,0.435119,0.256073,0.131034,0.256560
17.398431,16.109509,-0.009185,-0.135729,0.446691,0.256401,0.136040,0.257587
-142.400530,26.659259,-0.046388,-0.141474,0.460751,0.256541,0.148885,0.282901
-138.303121,26.659259,-0.046389,-0.141474,0.460751,0.256541,0.148885,0.282901
-134.205712,26.659259,-0.046389,-0.141474,0.460751,0.256541,0.148885,0.282901
-130.108302,26.659259,-0.046388,-0.141474,0.460751,0.256541,0.148885,0.282901
-126.010893,26.659259,-0.046387,-0.141474,0.460751,0.256541,0.148885,0.282900
-121.913484,26.659259,-0.046385,-0.141474,0.460751,0.256541,0.148884,0.282898
-117.816074,26.659259,-0.046381,-0.141474,0.460751,0.256541,0.148883,0.282894
-113.718665,26.659259,-0.046374,-0.141474,0.460751,0.256541,0.148881,0.282887
-109.621256,26.659259,-0.046360,-0.141474,0.460751,0.256541,0.148876,0.282874
-105.523847,26.659259,-0.046336,-0.141474,0.460751,0.256541,0.148869,0.282850
-101.426437,26.659259,-0.046294,-0.141474,0.460751,0.256541,0.148856,0.282809
-97.329028,26.659259,-0.046221,-0.141474,0.460751,0.256541,0.148833,0.282738
-93.231619,26.659259,-0.046097,-0.141474,0.460751,0.256541,0.148795,0.282617
-89.134210,26.659259,-0.045887,-0.141474,0.460751,0.256541,0.148729,0.282412
-85.036800,26.659259,-0.045531,-0.141473,0.460750,0.256541,0.148620,0.282066
-80.939391,26.659259,-0.044933,-0.141473,0.460750,0.256541,0.148437,0.281488
-76.841982,26.659259,-0.043933,-0.141472,0.460748,0.256541,0.148137,0.280529
-72.744572,26.659259,-0.042272,-0.141472,0.460745,0.256541,0.147653,0.278961
-68.647163,26.659259,-0.039533,-0.141474,0.460739,0.256541,0.146893,0.276445
-64.549754,26.659259,-0.035055,-0.141479,0.460727,0.256541,0.145757,0.272552
-60.452345,26.659259,-0.027809,-0.141495,0.460700,0.256541,0.144202,0.266945
-56.354935,26.659259,-0.016235,-0.141537,0.460642,0.256541,0.142465,0.260220
-52.257526,26.659259,0.001971,-0.141636,0.460512,0.256541,0.141650,0.256597
-48.160117,26.659259,0.030075,-0.141862,0.460226,0.256541,0.145015,0.268501
-44.062708,26.659259,0.072443,-0.142351,0.459606,0.256541,0.159724,0.309400
-39.965298,26.659259,0.134388,-0.143357,0.458305,0.256537,0.196498,0.365068
-35.867889,26.659259,0.221234,-0.145295,0.455717,0.256524,0.264679,0.406110
-31.770480,26.659259,0.335764,-0.148709,0.450952,0.256475,0.367222,0.425202
-27.673071,26.659259,0.472943,-0.154032,0.443169,0.256329,0.497394,0.428795
-23.575661,26.659259,0.612016,-0.160978,0.432688,0.255998,0.632833,0.423491
-19.478252,26.659259,0.711925,-0.167827,0.422698,0.255539,0.731439,0.415578
-15.380843,26.659259,0.725927,-0.171509,0.418644,0.255317,0.745912,0.411635
-11.283433,26.659259,0.640026,-0.169441,0.422592,0.255567,0.662076,0.413721
-7.186024,26.659259,0.491212,-0.162060,0.430509,0.255973,0.517255,0.416625
-3.088615,26.659259,0.334251,-0.152916,0.438009,0.256240,0.367569,0.412324
1.008794,26.659259,0.204636,-0.145668,0.443943,0.256375,0.251187,0.391036
5.106204,26.659259,0.112295,-0.141663,0.448692,0.256452,0.180772,0.343623
9.203613,26.659259,0.052171,-0.140228,0.452537,0.256498,0.149619,0.287561
13.301022,26.659259,0.014837,-0.140132,0.455508,0.256523,0.140915,0.259567
17.398431,26.659259,-0.007995,-0.140483,0.457625,0.256535,0.140710,0.257437
-142.400530,37.209010,-0.046388,-0.141474,0.460751,0.256541,0.148885,0.282900
-138.303121,37.209010,-0.046387,-0.141474,0.460751,0.256541,0.148885,0.282900
-134.205712,37.209010,-0.046387,-0.141474,0.460751,0.256541,0.148885,0.282900
-130.108302,37.209010,-0.046386,-0.141474,0.460751,0.256541,0.148884,0.282899
-126.010893,37.209010,-0.046385,-0.141474,0.460751,0.256541,0.148884,0.282898
-121.913484,37.209010,-0.046382,-0.141474,0.460751,0.256541,0.148883,0.282895
-117.816074,37.209010,-0.046377,-0.141474,0.460751,0.256541,0.148882,0.282890
-113.718665,37.209010,-0.046369,-0.141474,0.460751,0.256541,0.148879,0.282882
-109.621256,37.209010,-0.046355,-0.141474,0.460751,0.256541,0.148875,0.282869
-105.523847,37.209010,-0.046332,-0.141474,0.460751,0.256541,0.148868,0.282846
-101.426437,37.209010,-0.046293,-0.141474,0.460751,0.256541,0.148856,0.282808
-97.329028,37.209010,-0.046228,-0.141474,0.460751,0.256541,0.148835,0.282744
-93.231619,37.209010,-0.046119,-0.141474,0.460751,0.256541,0.148801,0.282638
-89.134210,37.209010,-0.045939,-0.141474,0.460751,0.256541,0.148746,0.282463
-85.036800,37.209010,-0.045644,-0.141474,0.460751,0.256541,0.148655,0.282176
-80.939391,37.209010,-0.045163,-0.141474,0.460751,0.256541,0.148508,0.281710
-76.841982,37.209010,-0.044384,-0.141474,0.460750,0.256541,0.148273,0.280960
-72.744572,37.209010,-0.043133,-0.141475,0.460750,0.256541,0.147904,0.279770
-68.647163,37.209010,-0.041148,-0.141476,0.460748,0.256541,0.147338,0.277917
-64.549754,37.209010,-0.038035,-0.141479,0.460744,0.256541,0.146502,0.275111
-60.452345,37.209010,-0.033224,-0.141485,0.460737,0.256541,0.145334,0.271049
-56.354935,37.209010,-0.025920,-0.141499,0.460719,0.256541,0.143853,0.265646
-52.257526,37.209010,-0.015065,-0.141528,0.460681,0.256541,0.142328,0.259719
-48.160117,37.209010,0.000645,-0.141587,0.460603,0.256541,0.141588,0.256547
-44.062708,37.209010,0.022632,-0.141697,0.460446,0.256541,0.143493,0.263534
-39.965298,37.209010,0.052104,-0.141892,0.460152,0.256541,0.151156,0.288362
-35.867889,37.209010,0.089412,-0.142212,0.459644,0.256541,0.167984,0.327143
-31.770480,37.209010,0.133074,-0.142687,0.458854,0.256539,0.195111,0.364884
-27.673071,37.209010,0.178744,-0.143308,0.457790,0.256535,0.229099,0.391561
-23.575661,37.209010,0.218853,-0.143988,0.456618,0.256530,0.261972,0.406685
-19.478252,37.209010,0.244046,-0.144556,0.455674,0.256524,0.283646,0.413280
-15.380843,37.209010,0.246820,-0.144804,0.455306,0.256521,0.286161,0.413608
-11.283433,37.209010,0.225604,-0.144602,0.455626,0.256524,0.267969,0.407807
-7.186024,37.209010,0.186009,-0.143996,0.456429,0.256529,0.235233,0.393602
-3.088615,37.209010,0.137893,-0.143193,0.457387,0.256535,0.198793,0.367156
1.008794,37.209010,0.090720,-0.142437,0.458268,0.256538,0.168874,0.327758
5.106204,37.209010,0.050522,-0.141886,0.458987,0.256540,0.150612,0.286552
9.203613,37.209010,0.019495,-0.141568,0.459543,0.256541,0.142903,0.261760
13.301022,37.209010,-0.002822,-0.141428,0.459959,0.256541,0.141456,0.256654
17.398431,37.209010,-0.018101,-0.141392,0.460255,0.256541,0.142546,0.261090
-142.400530,47.758761,-0.046387,-0.141474,0.460751,0.256541,0.148885,0.282900
-138.303121,47.758761,-0.046387,-0.141474,0.460751,0.256541,0.148885,0.282900
-134.205712,47.758761,-0.046387,-0.141474,0.460751,0.256541,0.148885,0.282900
-130.108302,47.758761,-0.046386,-0.141474,0.460751,0.256541,0.148884,0.282899
-126.010893,47.758761,-0.046384,-0.141474,0.460751,0.256541,0.148884,0.282897
-121.913484,47.758761,-0.046382,-0.141474,0.460751,0.256541,0.148883,0.282895
-117.816074,47.758761,-0.046378,-0.141474,0.460751,0.256541,0.148882,0.282892
-113.718665,47.758761,-0.046372,-0.141474,0.460751,0.256541,0.148880,0.282885
-109.621256,47.758761,-0.046362,-0.141474,0.460751,0.256541,0.148877,0.282875
-105.523847,47.758761,-0.046345,-0.141474,0.460751,0.256541,0.148872,0.282858
-101.426437,47.758761,-0.046316,-0.141474,0.460751,0.256541,0.148863,0.282831
-97.329028,47.758761,-0.046271,-0.141474,0.460751,0.256541,0.148849,0.282786
-93.231619,47.758761,-0.046196,-0.141474,0.460751,0.256541,0.148826,0.282714
-89.134210,47.758761,-0.046077,-0.141474,0.460751,0.256541,0.148789,0.282598
-85.036800,47.758761,-0.045888,-0.141474,0.460751,0.256541,0.148730,0.282413
-80.939391,47.758761,-0.045589,-0.141474,0.460751,0.256541,0.148638,0.282123
-76.841982,47.758761,-0.045123,-0.141474,0.460751,0.256541,0.148496,0.281671
-72.744572,47.758761,-0.044403,-0.141474,0.460751,0.256541,0.148279,0.280978
-68.647163,47.758761,-0.043308,-0.141475,0.460750,0.256541,0.147955,0.279936
-64.549754,47.758761,-0.041670,-0.141476,0.460749,0.256541,0.147485,0.278400
-60.452345,47.758761,-0.039264,-0.141477,0.460748,0.256541,0.146824,0.276204
-56.354935,47.758761,-0.035808,-0.141480,0.460744,0.256541,0.145941,0.273187
-52.257526,47.758761,-0.030978,-0.141486,0.460736,0.256541,0.144837,0.269283
-48.160117,47.758761,-0.024441,-0.141496,0.460722,0.256541,0.143591,0.264682
-44.062708,47.758761,-0.015940,-0.141513,0.460697,0.256541,0.142408,0.260092
-39.965298,47.758761,-0.005415,-0.141540,0.460655,0.256541,0.141644,0.256958
-35.867889,47.758761,0.006831,-0.141580,0.460590,0.256541,0.141744,0.257203
-31.770480,47.758761,0.019972,-0.141632,0.460503,0.256541,0.143033,0.262040
-27.673071,47.758761,0.032604,-0.141692,0.460398,0.256541,0.145394,0.270486
-23.575661,47.758761,0.042886,-0.141751,0.460295,0.256541,0.148096,0.279395
-19.478252,47.758761,0.048960,-0.141796,0.460217,0.256541,0.150011,0.285244
-15.380843,47.758761,0.049539,-0.141813,0.460187,0.256541,0.150217,0.285811
-11.283433,47.758761,0.044407,-0.141795,0.460210,0.256541,0.148586,0.280807
-7.186024,47.758761,0.034537,-0.141746,0.460278,0.256541,0.145893,0.272025
-3.088615,47.758761,0.021741,-0.141679,0.460367,0.256541,0.143337,0.263012
1.008794,47.758761,0.008047,-0.141609,0.460458,0.256541,0.141838,0.257457
5.106204,47.758761,-0.004864,-0.141551,0.460538,0.256541,0.141635,0.256878
9.203613,47.758761,-0.015951,-0.141510,0.460602,0.256541,0.142407,0.260096
13.301022,47.758761,-0.024810,-0.141486,0.460651,0.256541,0.143645,0.264916
17.398431,47.758761,-0.031500,-0.141474,0.460687,0.256541,0.144939,0.269684
