Lat,Lon,Sats,Speed,GPS_Alt,Dist,Time,Alt,AX,AY,AZ,GX,GY,GZ,MX,MY,MZ
36.078976,-79.008135,9,0.1,137.7,7.73,2514603,7.73,7.72762,-4.27717,4.10728,0.27122,-0.1095,0.09743,73.89652,45.57147,-34.47822
36.078978,-79.008135,9,0.21,137.7,7.71,2515403,7.71,7.70668,-4.32981,4.08634,0.25595,-0.15501,0.09484,76.79041,41.6691,-30.7074
36.078978,-79.008135,9,0.21,138,7.74,2515603,7.74,7.74138,-4.29871,4.12343,0.23839,-0.09942,0.19105,77.87196,39.84215,-30.25431
36.078978,-79.008139,9,0.25,138,7.79,2516403,7.79,7.78684,-4.25384,4.14975,0.26221,-0.17654,0.04841,80.64893,35.16515,-28.86583
36.078978,-79.008139,9,0.25,138,7.69,2516603,7.69,7.68515,-4.39262,4.0684,0.26237,-0.07926,0.14798,81.39433,33.92283,-28.44198
36.078976,-79.008142,9,0.22,138,7.77,2517403,7.77,7.76531,-4.34716,4.12762,0.19807,-0.0985,0.25549,84.27361,28.17889,-28.17889
36.078976,-79.008142,9,0.22,138.4,7.77,2517603,7.77,7.7689,-4.17488,4.15454,0.29215,-0.08125,0.05544,85.26746,26.17656,-28.82198
36.078973,-79.008145,9,0.31,138.4,7.86,2518403,7.86,7.85504,-4.32503,4.07079,0.25168,-0.11637,0.08323,86.87518,21.22186,-28.98275
36.078973,-79.008145,9,0.31,138.6,7.68,2518603,7.68,7.68395,-4.34297,4.11207,0.23335,-0.18402,0.04811,86.90441,20.95878,-30.32739
36.078972,-79.008145,9,0.22,138.6,7.85,2519403,7.85,7.85265,-4.42433,4.10967,0.17379,-0.14676,0.2219,87.50365,16.60333,-32.62204
36.078972,-79.008145,9,0.22,138.4,7.77,2519603,7.77,7.7671,-4.2018,4.14856,0.25107,-0.11316,0.08231,87.88366,14.68869,-34.82899
36.078972,-79.008144,9,0.35,138.4,7.75,2520403,7.75,7.75334,-4.2658,4.16232,0.25351,-0.11041,0.07789,88.46828,11.64864,-38.68752
36.078972,-79.008144,9,0.35,138.3,7.75,2520603,7.75,7.75215,-4.29213,4.1324,0.23931,-0.09881,0.12614,87.62058,10.74247,-39.91523
36.078975,-79.008145,9,0.18,138.3,7.73,2521403,7.73,7.733,-4.24965,4.09232,0.23549,-0.07529,0.11912,87.09441,7.98012,-44.51915
36.078975,-79.008145,9,0.18,138.2,7.83,2521603,7.83,7.8347,-4.30947,4.10309,0.23457,-0.15119,0.03146,86.20287,8.27244,-45.89301
36.078979,-79.00815,9,0.54,138.2,7.72,2522403,7.72,7.72164,-4.4004,4.10549,0.21121,-0.10843,0.12752,84.12745,8.27244,-50.48232
36.078979,-79.00815,9,0.54,138.2,7.8,2522603,7.8,7.79582,-4.29571,4.1671,0.18051,-0.10599,0.19013,83.92283,7.04472,-51.11079
36.078982,-79.00815,9,0.15,138.2,7.67,2523403,7.67,7.6678,-4.24367,4.18086,0.23305,-0.05818,0.09835,81.87664,8.69629,-56.62087
36.078982,-79.00815,9,0.15,138.1,7.73,2523603,7.73,7.73181,-4.27179,4.10489,0.2529,-0.09499,0.00764,80.88278,8.90091,-56.8401
36.078982,-79.008148,9,0.26,138.1,7.87,2524403,7.87,7.86581,-4.44527,4.02712,0.18647,-0.1576,0.08476,78.73429,11.76557,-60.31862
36.078982,-79.008148,9,0.26,138.2,7.77,2524603,7.77,7.77488,-4.33579,3.98644,0.19563,-0.093,0.11637,77.6235,12.51096,-61.02017
36.078985,-79.008149,9,0.12,138.2,7.79,2525403,7.79,7.78684,-4.30888,4.09113,0.21502,-0.01772,0.12614,76.05963,15.33177,-63.92868
36.078985,-79.008149,9,0.12,138.4,7.8,2525603,7.8,7.8,-4.30648,4.1677,0.16157,-0.18158,0.07208,74.96346,16.28179,-63.9579
36.078986,-79.008149,9,0.1,138.4,7.8,2526403,7.8,7.79582,-4.32682,4.04626,0.15898,-0.16707,0.07636,72.47881,20.44724,-66.55949
36.078986,-79.008149,9,0.1,139,7.73,2526603,7.73,7.73121,-4.30349,4.28136,0.18097,-0.09988,0.0759,71.26571,21.20725,-67.01257
36.078987,-79.008149,9,0.29,139,7.84,2527403,7.84,7.84008,-4.28435,4.12642,0.20663,0.00901,0.08445,69.54107,24.64192,-67.40719
36.078987,-79.008149,9,0.29,139.5,7.72,2527603,7.72,7.71685,-4.3328,4.133,0.16997,-0.06567,0.10721,69.19029,26.19117,-66.51564
36.078989,-79.008148,9,0.43,139.5,7.84,2528403,7.84,7.8359,-4.26102,4.07199,0.14997,-0.10278,0.0817,67.34873,29.43584,-66.25256
36.078989,-79.008148,9,0.43,140.3,7.75,2528603,7.75,7.75334,-4.28973,4.2006,0.15012,-0.1014,0.0675,67.02719,30.56124,-67.17335
36.078996,-79.008147,9,0.2,140.3,7.7,2529403,7.7,7.69711,-4.33759,4.14915,0.17272,-0.04261,0.06078,65.71178,34.28822,-65.41946
36.078996,-79.008147,8,0.2,140.9,7.79,2529603,7.79,7.78505,-4.34836,4.15394,0.15058,-0.05757,0.10476,65.37562,35.28208,-64.86407
36.078998,-79.00815,8,0.44,140.9,7.81,2530403,7.81,7.80539,-4.30529,4.07617,0.14783,-0.06704,0.08827,65.15639,38.05905,-63.54867
36.078998,-79.00815,8,0.44,141.2,7.69,2530603,7.69,7.69472,-4.29272,4.12941,0.14859,-0.11423,0.03574,64.58638,39.06752,-63.66559
36.078996,-79.008153,8,0.7,141.2,7.79,2531403,7.79,7.79043,-4.35613,4.09532,0.11683,-0.11148,0.09514,64.30868,42.06372,-60.75709
36.078996,-79.008153,8,0.7,141.6,7.71,2531603,7.71,7.70967,-4.25324,4.16291,0.14371,-0.06506,0.08491,64.16253,42.70681,-60.114
36.078995,-79.008153,8,0.31,141.6,7.72,2532403,7.72,7.71925,-4.31007,4.17548,0.15638,-0.02062,0.07468,64.00175,44.35838,-57.76089
36.078995,-79.008153,8,0.31,141.9,7.83,2532603,7.83,7.82752,-4.30469,4.04686,0.12889,-0.08476,0.04444,64.25022,45.08916,-56.47472
36.078993,-79.008154,8,0.26,141.9,7.81,2533403,7.81,7.81316,-4.27119,4.10369,0.11209,-0.08705,0.06704,64.39638,46.30225,-54.61853
36.078993,-79.008154,9,0.26,142.2,7.75,2533603,7.75,7.74676,-4.33998,4.19881,0.11912,-0.08002,0.06674,64.2356,46.87226,-54.1216
36.078992,-79.008155,9,0.35,142.2,7.78,2534403,7.78,7.77787,-4.2688,4.13839,0.15119,-0.01359,0.02214,65.77025,47.70535,-51.69541
36.078992,-79.008155,9,0.35,142.5,7.78,2534603,7.78,7.78445,-4.33819,4.15454,0.104,-0.06796,0.07071,65.21485,48.30459,-50.16077
36.078989,-79.008157,9,0.33,142.5,7.76,2535403,7.76,7.76232,-4.33041,4.1336,0.11851,-0.03146,0.05773,66.17948,49.02076,-47.60304
36.078989,-79.008157,9,0.33,142.3,7.74,2535603,7.74,7.74198,-4.28794,4.1342,0.10049,-0.0701,0.04627,66.83718,48.4069,-48.33382
36.078987,-79.008158,9,0.22,142.3,7.8,2536403,7.8,7.79641,-4.32503,4.15274,0.1211,-0.00718,0.03619,67.3195,49.16691,-45.57147
36.078987,-79.008158,8,0.22,142.4,7.78,2536603,7.78,7.78266,-4.31366,4.13958,0.05635,-0.11148,0.07789,67.81643,49.16691,-44.08068
36.078986,-79.008157,8,0.2,142.4,7.71,2537403,7.71,7.71267,-4.267,4.19103,0.11148,-0.00214,0.04704,69.5703,48.74306,-42.53143
36.078986,-79.008157,8,0.2,142.5,7.83,2537603,7.83,7.83111,-4.32204,4.11326,0.12324,-0.00626,0.02474,69.26337,48.99152,-41.24525
36.078985,-79.008159,8,0.08,142.5,7.72,2538403,7.72,7.72224,-4.3023,4.10429,0.09087,-0.0507,0.06261,69.92107,48.14382,-39.81292
36.078985,-79.008159,8,0.08,142.7,7.79,2538603,7.79,7.78565,-4.28734,4.15813,0.08873,-0.06903,0.04566,70.65186,47.63227,-39.08214
36.078982,-79.008161,8,0.18,142.7,7.77,2539403,7.77,7.7677,-4.34716,4.11147,0.1014,-0.04215,0.0478,71.85033,47.6615,-37.43058
36.078982,-79.008161,8,0.18,142.9,7.78,2539603,7.78,7.78385,-4.28016,4.15873,0.08445,-0.06658,0.07834,72.21572,46.2584,-36.78749
36.078983,-79.008163,8,0.48,142.9,7.74,2540403,7.74,7.74497,-4.28255,4.15813,0.12996,-0.00122,0.04872,73.89652,45.38147,-35.53055
36.078983,-79.008163,8,0.48,142.9,7.83,2540603,7.83,7.82812,-4.32921,4.0995,0.10919,-0.06002,0.03268,74.59807,45.26454,-33.60129
36.078979,-79.008162,8,0.17,142.9,7.77,2541403,7.77,7.77308,-4.29512,4.1354,0.08109,-0.08598,0.08766,75.85501,43.23297,-31.93511
36.078979,-79.008162,8,0.17,143.1,7.74,2541603,7.74,7.73779,-4.23231,4.17787,0.13775,-0.01955,0.02856,76.64426,42.61912,-32.4905
36.078978,-79.008161,8,0.18,143.1,7.77,2542403,7.77,7.77129,-4.29213,4.17189,0.09942,-0.11026,0.03131,77.74043,40.5437,-30.09354
36.078978,-79.008161,8,0.18,143.6,7.72,2542603,7.72,7.72044,-4.28255,4.13719,0.12507,-0.04688,0.03558,77.87196,40.29523,-30.25431
36.078978,-79.008159,8,0.08,143.6,7.73,2543403,7.73,7.72762,-4.34417,4.12762,0.10369,-0.05406,0.05055,79.75738,38.2929,-29.97662
36.078978,-79.008159,8,0.08,144.4,7.76,2543603,7.76,7.76471,-4.3005,4.11446,0.10369,-0.0197,0.08491,80.03508,37.21134,-29.23122
36.078977,-79.008157,8,0.14,144.4,7.73,2544403,7.73,7.72942,-4.29512,4.17368,0.11927,-0.01848,0.04429,80.92663,34.66822,-28.16428
36.078977,-79.008157,8,0.14,145.1,7.82,2544603,7.82,7.82274,-4.3017,4.15813,0.10461,-0.04933,0.04398,81.71587,34.75592,-27.84274
36.078975,-79.008157,8,0.17,145.1,7.79,2545403,7.79,7.78684,-4.30888,4.09651,0.10324,-0.01191,0.07239,82.91435,31.93511,-28.32505
36.078975,-79.008157,8,0.17,145.5,7.83,2545603,7.83,7.83111,-4.31127,4.16531,0.08751,-0.09178,0.01695,83.03128,30.95586,-28.14966
36.078973,-79.008158,8,0.23,145.5,7.79,2546403,7.79,7.78565,-4.32443,4.18565,0.09087,-0.01604,0.08934,84.01052,28.79275,-28.14966
36.078973,-79.008158,8,0.23,145.9,7.79,2546603,7.79,7.78565,-4.28674,4.13779,0.1095,-0.05101,0.0084,84.02514,28.13505,-28.23736
36.078972,-79.008158,8,0.39,145.9,7.72,2547403,7.72,7.72403,-4.29153,4.14317,0.12187,-0.03894,-0.01573,85.64747,25.85501,-28.51505
36.078972,-79.008158,8,0.39,146,7.77,2547603,7.77,7.77488,-4.37229,4.14377,0.08079,-0.01344,0.10889,85.1067,25.24116,-28.71967
36.078972,-79.008156,8,0.36,146,7.82,2548403,7.82,7.82333,-4.28016,4.1342,0.09163,-0.04902,0.04307,86.49518,23.07805,-29.17276
36.078972,-79.008156,8,0.36,146.6,7.72,2548603,7.72,7.71925,-4.28973,4.14317,0.08231,-0.05895,0.04643,86.11517,22.69804,-29.53815
36.078971,-79.008155,8,0.12,146.6,7.82,2549403,7.82,7.81615,-4.28794,4.10429,0.11164,-0.02703,0.01344,87.38673,20.46185,-30.78047
36.078971,-79.008155,8,0.12,147,7.72,2549603,7.72,7.72044,-4.32144,4.08933,0.08125,-0.06475,0.03879,86.83134,20.66647,-31.5551
36.078969,-79.008156,8,0.41,147,7.78,2550403,7.78,7.78385,-4.2993,4.11207,0.05513,-0.02703,0.12675,87.26981,17.53873,-32.47588
36.078969,-79.008156,9,0.41,147.1,7.81,2550603,7.81,7.81316,-4.22632,4.15454,0.11102,-0.062,-0.03757,87.7375,17.45104,-32.11049
36.078967,-79.008156,9,0.29,147.1,7.72,2551403,7.72,7.72164,-4.37827,4.11924,0.0788,-0.00794,0.08277,87.86904,16.35487,-35.00438
36.078967,-79.008156,9,0.29,147.2,7.82,2551603,7.82,7.82393,-4.25384,4.16112,0.06933,-0.02673,0.07911,87.53288,15.11254,-34.41976
36.078966,-79.008154,9,0.03,147.2,7.71,2552403,7.71,7.71087,-4.29392,4.14616,0.10217,-0.02688,0.01451,88.07366,14.06022,-35.45747
36.078966,-79.008154,9,0.03,147.5,7.82,2552603,7.82,7.82274,-4.34716,4.13899,0.06552,-0.03528,0.08751,87.81059,13.41713,-35.69132
36.078964,-79.008152,9,0.06,147.5,7.75,2553403,7.75,7.74856,-4.23769,4.20658,0.08613,-0.04307,0.03009,87.13827,11.80941,-38.7606
36.078964,-79.008152,9,0.06,147.5,7.79,2553603,7.79,7.78505,-4.3005,4.15274,0.10629,-0.01665,0.0084,87.28442,11.59018,-38.68752
36.078962,-79.008152,9,0.31,147.5,7.73,2554403,7.73,7.73241,-4.32383,4.17667,0.07957,-0.03635,0.05376,87.76674,10.87401,-40.1637
36.078962,-79.008152,9,0.31,147.7,7.78,2554603,7.78,7.77907,-4.25444,4.17368,0.06888,-0.04123,0.07132,87.78135,10.05554,-40.70448
36.078963,-79.00815,9,0.16,147.7,7.74,2555403,7.74,7.74317,-4.29093,4.17966,0.10049,-0.08323,-0.03451,87.05057,9.61707,-42.57527
36.078963,-79.00815,8,0.16,147.9,7.74,2555603,7.74,7.73659,-4.34237,3.999,0.09041,-0.01359,0.07162,85.9544,9.41245,-42.76527
36.078965,-79.008149,8,0.07,147.9,7.75,2556403,7.75,7.74856,-4.29751,4.14616,0.06888,-0.04597,0.07132,86.5098,8.34551,-45.43993
36.078965,-79.008149,8,0.07,148,7.76,2556603,7.76,7.76232,-4.3011,4.14257,0.09636,-0.02642,0.02718,86.56825,8.84244,-45.96609
36.078966,-79.008142,8,0.45,148,7.84,2557403,7.84,7.83889,-4.30349,4.12941,0.07071,-0.06032,0.03635,85.53055,8.18474,-48.18766
36.078966,-79.008142,8,0.45,147.9,7.71,2557603,7.71,7.71326,-4.31067,4.14317,0.08659,-0.05223,0.00199,85.85209,7.64396,-48.8746
36.07897,-79.008142,8,0.13,147.9,7.74,2558403,7.74,7.74317,-4.3005,4.19881,0.08522,-0.01894,0.05238,84.58054,8.55013,-49.81
36.07897,-79.008142,8,0.13,148.2,7.77,2558603,7.77,7.77249,-4.24905,4.12822,0.08476,-0.03726,0.03146,83.83514,8.08243,-50.64309
36.078974,-79.008145,8,0.31,148.2,7.74,2559403,7.74,7.73839,-4.29571,4.08993,0.08018,-0.04322,0.03787,83.77667,8.0532,-51.81233
36.078974,-79.008145,8,0.31,148.5,7.79,2559603,7.79,7.78565,-4.30947,4.18265,0.08735,-0.04322,0.01634,82.91435,8.27244,-53.24467
36.078981,-79.008145,8,0.39,148.5,7.69,2560403,7.69,7.69173,-4.29751,4.12762,0.07727,-0.01588,0.07437,82.32973,8.84244,-55.18854
36.078981,-79.008145,8,0.39,148.8,7.83,2560603,7.83,7.8335,-4.24427,4.18983,0.07773,-0.02352,0.06322,81.84741,8.5209,-55.057
36.078988,-79.008145,8,0.47,148.8,7.71,2561403,7.71,7.71027,-4.27717,4.14736,0.09988,-0.042,-0.00596,80.75124,8.93014,-57.70243
36.078988,-79.008145,9,0.47,149.3,7.75,2561603,7.75,7.75454,-4.3328,4.19043,0.08735,-0.01894,0.05101,80.83894,10.08477,-57.33703
36.078989,-79.008143,9,0.13,149.3,7.8,2562403,7.8,7.79941,-4.15215,4.14437,0.05971,-0.06124,0.06888,79.43584,9.77784,-59.22245
36.078989,-79.008143,9,0.13,149.8,7.71,2562603,7.71,7.71147,-4.21556,4.18325,0.12187,-0.00153,-0.00336,78.71967,10.47939,-59.2663
36.078989,-79.00814,9,0.26,149.8,7.76,2563403,7.76,7.76292,-4.26281,4.05703,0.0817,-0.05849,0.02611,78.50043,11.10786,-60.90324
36.078989,-79.00814,9,0.26,150.3,7.77,2563603,7.77,7.77129,-4.29332,4.12882,0.05971,-0.08262,0.0478,77.72581,11.56095,-61.02017
36.07899,-79.008139,9,0.25,150.3,7.74,2564403,7.74,7.74497,-4.26999,4.2018,0.08292,-0.06994,0.01008,76.33733,12.93481,-62.80328
36.07899,-79.008139,9,0.25,150.9,7.7,2564603,7.7,7.70309,-4.29751,4.06241,0.1011,-0.00153,0.04979,76.24963,13.89944,-63.63636
36.07899,-79.008139,9,0.23,150.9,7.79,2565403,7.79,7.79462,-4.28734,4.12224,0.06216,-0.08048,0.0504,75.05116,15.27331,-63.08097
36.07899,-79.008139,8,0.23,151.2,7.74,2565603,7.74,7.7354,-4.26521,4.1354,0.07972,-0.05085,0.04398,75.13885,15.18562,-65.0687
36.07899,-79.008139,8,0.29,151.2,7.77,2566403,7.77,7.76531,-4.28076,4.18505,0.09163,-0.05818,0.0087,72.71266,17.49488,-64.95177
36.07899,-79.008139,8,0.29,151.1,7.76,2566603,7.76,7.75633,-4.32503,4.18565,0.10766,0.01604,0.05116,72.56651,18.03566,-65.02485
36.078988,-79.00814,8,0.3,151.1,7.79,2567403,7.79,7.79043,-4.2658,4.14078,0.10186,0.01558,0.06154,72.34727,20.02338,-66.34025
36.078988,-79.00814,8,0.3,151.1,7.73,2567603,7.73,7.733,-4.26999,4.06959,0.08231,-0.05299,0.0252,71.67495,20.63724,-66.2964
36.078985,-79.00814,8,0.47,151.1,7.85,2568403,7.85,7.85324,-4.22872,4.11865,0.07697,-0.06536,0.0255,70.84186,22.14265,-66.32564
36.078985,-79.00814,8,0.47,151.3,7.72,2568603,7.72,7.72403,-4.30349,4.17428,0.07025,-0.10461,-0.00489,70.34493,23.42882,-67.5095
36.078984,-79.008141,8,0.51,151.3,7.73,2569403,7.73,7.7348,-4.32443,4.14437,0.08018,-0.03482,0.05101,68.95644,24.80269,-67.29027
36.078984,-79.008141,8,0.51,151.7,7.78,2569603,7.78,7.78206,-4.27119,4.17667,0.08537,-0.01329,0.05559,68.95644,24.905,-67.91874
36.078983,-79.008143,8,0.79,151.7,7.75,2570403,7.75,7.74557,-4.25803,4.10907,0.09575,-0.00107,0.03619,68.67875,26.98042,-67.24642
36.078983,-79.008143,8,0.79,152.2,7.79,2570603,7.79,7.79103,-4.3334,4.13001,0.08292,-0.04261,0.02947,68.38644,27.40427,-67.18796
36.078986,-79.008144,8,0.33,152.2,7.71,2571403,7.71,7.71326,-4.24905,4.08156,0.07957,-0.03161,0.04383,67.62642,29.40661,-66.6618
36.078986,-79.008144,9,0.33,153.4,7.82,2571603,7.82,7.81735,-4.28555,4.14078,0.09178,-0.04322,0.01283,67.56796,30.60509,-66.70564
36.078982,-79.008145,9,0.44,153.4,7.71,2572403,7.71,7.71087,-4.33579,4.21017,0.07727,-0.04352,0.03925,65.66793,32.98743,-66.76411
36.078982,-79.008145,9,0.44,154.3,7.8,2572603,7.8,7.80359,-4.29272,4.15454,0.06521,-0.01817,0.08934,65.46332,32.88512,-66.00409
36.078977,-79.008144,9,0.39,154.3,7.79,2573403,7.79,7.78505,-4.23231,4.14676,0.08277,-0.00748,0.05666,65.24408,34.43438,-66.22333
36.078977,-79.008144,9,0.39,155.4,7.78,2573603,7.78,7.77608,-4.27358,4.10668,0.10125,-0.05956,-0.02642,65.21485,35.06285,-65.52177
36.078972,-79.008141,9,0.26,155.4,7.76,2574403,7.76,7.75753,-4.31187,4.1342,0.07498,-0.0365,0.03757,64.63022,36.68518,-65.02485
36.078972,-79.008141,9,0.26,156.4,7.77,2574603,7.77,7.77308,-4.28435,4.09472,0.07193,-0.03665,0.05101,64.73254,37.50365,-64.17715
36.078965,-79.008138,9,0.45,156.4,7.8,2575403,7.8,7.79582,-4.28435,4.13839,0.08186,-0.03238,0.02825,64.39638,39.56445,-63.51944
36.078965,-79.008138,9,0.45,157.6,7.77,2575603,7.77,7.77069,-4.28614,4.16531,0.07529,-0.03558,0.04093,64.25022,39.91523,-63.16866
36.07896,-79.008133,9,0.35,157.6,7.8,2576403,7.8,7.8012,-4.27179,4.08096,0.0843,-0.01527,0.03131,64.90792,41.4791,-62.32096
36.07896,-79.008133,9,0.35,158,7.75,2576603,7.75,7.75394,-4.29033,4.1677,0.07391,-0.05376,0.01512,64.45483,41.93218,-62.04326
36.078955,-79.008133,9,0.16,158,7.84,2577403,7.84,7.84427,-4.31426,4.16411,0.08094,-0.01909,0.04108,64.03099,42.82373,-60.09939
36.078955,-79.008133,9,0.16,158.5,7.72,2577603,7.72,7.72044,-4.27358,4.11147,0.05528,-0.0704,0.03757,63.88483,43.29144,-59.4563
36.078948,-79.008133,9,0.44,158.5,7.74,2578403,7.74,7.736,-4.23171,4.15454,0.06888,-0.02321,0.06368,64.61561,44.31453,-57.77551
36.078948,-79.008133,9,0.44,158.9,7.81,2578603,7.81,7.80958,-4.2664,4.14497,0.10766,0.00244,-0.00428,64.06022,45.00146,-57.03011
36.07894,-79.008133,9,0.49,158.9,7.8,2579403,7.8,7.79941,-4.29452,4.12523,0.11255,-0.03085,-0.04933,64.16253,46.2584,-55.89009
36.07894,-79.008133,9,0.49,159.5,7.73,2579603,7.73,7.73181,-4.37049,4.21914,0.03054,-0.07285,0.09148,64.2356,46.87226,-56.02163
36.078934,-79.008135,9,0.45,159.5,7.73,2580403,7.73,7.72523,-4.24965,4.19701,0.04536,-0.0223,0.1095,64.84946,46.85764,-53.71236
36.078934,-79.008135,9,0.45,160.1,7.79,2580603,7.79,7.79283,-4.23051,4.09891,0.11301,-0.00351,-0.02535,64.90792,47.31073,-52.60158
36.078927,-79.008136,9,0.28,160.1,7.96,2581403,7.96,7.95913,-4.29811,4.07558,0.10522,-0.03344,-0.0368,65.33177,48.02689,-50.90617
36.078927,-79.008136,9,0.28,160.6,7.76,2581603,7.76,7.76411,-4.36032,4.15573,0.04765,-0.07514,0.04658,64.71792,48.46536,-50.90617
36.078924,-79.008138,9,0.23,160.6,7.75,2582403,7.75,7.74617,-4.29033,4.18445,0.05605,-0.0197,0.09163,66.13564,48.84537,-49.02076
36.078924,-79.008138,9,0.23,160.7,7.83,2582603,7.83,7.82573,-4.23829,4.14497,0.07514,-0.02963,0.03726,66.15025,48.20228,-48.20228
36.078918,-79.008141,9,0.46,160.7,7.76,2583403,7.76,7.76411,-4.26162,4.17129,0.09942,-0.02673,-0.00855,66.88103,48.8746,-46.74072
36.078918,-79.008141,9,0.46,161,7.74,2583603,7.74,7.74198,-4.33759,4.1013,0.08231,-0.03024,0.0391,66.61795,49.21076,-46.17071
36.078915,-79.008141,9,0.3,161,7.82,2584403,7.82,7.81855,-4.31546,4.13599,0.05925,-0.07773,0.03497,67.77258,48.37767,-44.21222
36.078915,-79.008141,9,0.3,161.2,7.68,2584603,7.68,7.68455,-4.25743,4.18624,0.08949,-0.02306,0.02932,67.64104,48.88921,-45.58609
36.07891,-79.00814,9,0.32,161.2,7.8,2585403,7.8,7.79881,-4.32682,4.09651,0.08369,-0.00626,0.0452,69.02953,48.65536,-42.45835
36.07891,-79.00814,9,0.32,161.7,7.79,2585603,7.79,7.78624,-4.24786,4.1342,0.06903,-0.05131,0.0336,68.64952,48.20228,-42.48758
36.078904,-79.008141,9,0.51,161.7,7.78,2586403,7.78,7.77727,-4.32443,4.13659,0.06735,-0.06888,0.02871,70.16954,48.17305,-39.57907
36.078904,-79.008141,9,0.51,162.1,7.73,2586603,7.73,7.73001,-4.26042,4.18385,0.07422,-0.02902,0.04902,70.6957,48.14382,-40.03215
36.078901,-79.008142,9,0.39,162.1,7.79,2587403,7.79,7.78924,-4.27418,4.18206,0.10324,0.00122,0,71.25109,46.98919,-38.24905
36.078901,-79.008142,9,0.39,162.3,7.78,2587603,7.78,7.78445,-4.35613,4.09771,0.0704,-0.04383,0.02352,71.26571,47.17919,-38.07366
36.078899,-79.008143,9,0.48,162.3,7.8,2588403,7.8,7.803,-4.31546,4.14736,0.0139,-0.10324,0.09224,72.80035,46.05378,-36.02748
36.078899,-79.008143,9,0.48,162.3,7.7,2588603,7.7,7.69532,-4.18565,4.28076,0.09285,-0.00092,0.01588,73.0342,46.03917,-36.08594
36.078896,-79.008146,9,0.58,162.3,7.8,2589403,7.8,7.8018,-4.28375,4.14497,0.146,0.05101,-0.00137,73.63344,44.57761,-34.33207
36.078896,-79.008146,9,0.58,162.4,7.8,2589603,7.8,7.79582,-4.40459,4.03908,0.04337,-0.06154,0.07239,73.94037,45.08916,-34.01052
36.078894,-79.008147,9,0.4,162.4,7.79,2590403,7.79,7.78983,-4.22333,4.11625,0.01206,-0.14615,0.07269,75.91348,42.72143,-33.19205
36.078894,-79.008147,9,0.4,162.3,7.74,2590603,7.74,7.7354,-4.25623,4.28016,0.11515,-0.03054,-0.03543,75.75271,43.0722,-33.20667
36.078893,-79.008148,9,0.32,162.3,7.71,2591403,7.71,7.70908,-4.3017,4.25564,0.1263,0.04398,0.07101,76.52734,42.1368,-31.59895
36.078893,-79.008148,9,0.32,162.1,7.83,2591603,7.83,7.82872,-4.26281,4.08156,0.10064,-0.00916,0.08384,77.37504,40.57293,-30.82432
36.078893,-79.008149,9,0.14,162.1,7.87,2592403,7.87,7.87239,-4.29093,4.10429,0.11958,-0.07972,0.00244,78.25198,38.9506,-29.2166
36.078893,-79.008149,9,0.14,162.1,7.67,2592603,7.67,7.67139,-4.29153,4.21256,0.09362,-0.10996,0.05345,79.33353,38.7606,-29.83046
36.078891,-79.008152,9,0.39,162.1,7.8,2593403,7.8,7.8012,-4.29093,4.20778,0.1182,-0.04704,0.07987,80.7074,35.42824,-29.26045
36.078891,-79.008152,9,0.39,162.1,7.72,2593603,7.72,7.71625,-4.24068,4.19342,0.13882,-0.05116,0.04383,80.92663,34.91669,-28.61736
36.078889,-79.008152,9,0.17,162.1,7.84,2594403,7.84,7.83949,-4.28614,4.16949,0.13485,-0.07178,0.05376,82.41742,31.8328,-28.45659
36.078889,-79.008152,9,0.17,162.1,7.69,2594603,7.69,7.69292,-4.28196,4.12523,0.13699,-0.06888,0.05101,81.97895,30.69278,-28.71967
36.078888,-79.008154,9,0.13,162.1,7.81,2595403,7.81,7.80599,-4.31246,4.16291,0.1208,-0.04612,0.12691,84.41976,27.53581,-27.55042
36.078888,-79.008154,9,0.13,162.1,7.8,2595603,7.8,7.79582,-4.24188,4.11386,0.13271,-0.11393,0.01817,84.37592,26.6881,-29.39199
36.078885,-79.008155,9,0.13,162.1,7.72,2596403,7.72,7.72224,-4.27538,4.1671,0.13622,-0.09743,-0.01283,85.6767,24.20345,-30.22508
36.078885,-79.008155,9,0.13,161.9,7.76,2596603,7.76,7.75813,-4.37767,4.17607,0.1208,0.00382,0.12507,85.53055,23.7796,-29.85969
36.078884,-79.008157,9,0.28,161.9,7.75,2597403,7.75,7.74916,-4.25384,4.16172,0.10919,-0.02718,0.08644,86.81672,20.038,-31.01432
36.078884,-79.008157,9,0.28,161.6,7.69,2597603,7.69,7.68934,-4.25982,4.13659,0.12905,-0.07529,-0.00702,86.53902,19.90646,-30.97047
36.078883,-79.008159,9,0.3,161.6,7.85,2598403,7.85,7.85265,-4.31546,4.12702,0.10644,-0.01008,0.06292,86.86057,17.83104,-32.70973
36.078883,-79.008159,9,0.3,161.1,7.74,2598603,7.74,7.73779,-4.29571,4.12224,0.06872,-0.12217,0.01313,87.37212,17.74335,-32.56358
36.078881,-79.008162,9,0.33,161.1,7.75,2599403,7.75,7.74856,-4.32622,4.11924,0.07269,-0.01848,0.06857,87.94212,15.39024,-34.31745
36.078881,-79.008162,9,0.33,160.7,7.76,2599603,7.76,7.75992,-4.26281,4.11506,0.06521,-0.03543,0.0507,87.66443,15.56562,-34.53669
36.078879,-79.008163,9,0.38,160.7,7.9,2600403,7.9,7.89691,-4.2688,4.1354,0.08491,-0.03497,-0.04704,88.21982,13.56329,-35.42824
36.078879,-79.008163,9,0.38,160.5,7.63,2600603,7.63,7.63131,-4.35015,4.28136,0.04597,-0.05742,0.00504,87.38673,13.63636,-36.02748
36.078878,-79.008164,9,0.37,160.5,7.91,2601403,7.91,7.91007,-4.32263,4.12882,0.01313,-0.0055,0.09026,87.88366,12.81789,-35.88132
36.078878,-79.008164,8,0.37,159.9,7.72,2601603,7.72,7.71685,-4.19881,4.13839,0.05147,-0.05284,-0.04429,87.64981,11.73633,-37.5475
36.078876,-79.008166,8,0.23,159.9,7.8,2602403,7.8,7.8018,-4.34716,4.14078,0.04307,-0.02535,-0.04841,87.72289,11.63402,-38.35136
36.078876,-79.008166,8,0.23,159.5,7.68,2602603,7.68,7.67558,-4.28435,4.16291,0.00412,0.00428,0.08155,87.66443,12.40865,-38.2929
36.078873,-79.008166,8,0.29,159.5,7.87,2603403,7.87,7.8676,-4.27418,4.1324,0.00535,-0.02398,0.02474,87.67904,10.52324,-37.50365
36.078873,-79.008166,8,0.29,159.4,7.69,2603603,7.69,7.69352,-4.24547,4.15155,0.03726,-0.02184,-0.04979,88.00058,10.80094,-38.14674
36.078869,-79.008165,8,0.41,159.4,7.69,2604403,7.69,7.68575,-4.35195,4.18385,0.00305,-0.03054,0.00947,87.98597,11.03479,-39.49137
36.078869,-79.008165,8,0.41,159,7.8,2604603,7.8,7.79641,-4.25863,4.1354,0.01206,0.04322,0.06368,88.13213,10.3917,-39.44753
36.078868,-79.008166,8,0.4,159,7.79,2605403,7.79,7.78684,-4.2658,4.11805,0.04108,0.00993,-0.05147,87.1675,9.93861,-39.90061
36.078868,-79.008166,8,0.4,159,7.76,2605603,7.76,7.75633,-4.34417,4.11984,-0.00168,-0.04001,0,87.78135,9.98246,-39.98831
36.078869,-79.008166,8,0.39,159,7.81,2606403,7.81,7.81316,-4.26939,4.19163,0.00489,-0.00092,0.00428,87.72289,9.20783,-41.09909
36.078869,-79.008166,8,0.39,158.7,7.74,2606603,7.74,7.73958,-4.29093,4.15813,0.02031,0.00473,-0.0223,87.57673,10.114,-41.72756
36.078871,-79.008166,8,0.2,158.7,7.76,2607403,7.76,7.76351,-4.3011,4.16052,0.0139,0.00993,0.02107,87.21134,9.95323,-41.56679
36.078871,-79.008166,9,0.2,158.4,7.76,2607603,7.76,7.76351,-4.26341,4.13659,0.01145,-0.00351,0.00412,87.62058,9.76323,-41.61064
36.078873,-79.008164,9,0.21,158.4,7.95,2608403,7.95,7.95075,-4.30588,4.1019,0.01817,-0.01161,0.00168,87.06519,9.33937,-42.4145
36.078873,-79.008164,9,0.21,158.1,7.77,2608603,7.77,7.76591,-4.28794,4.12164,0.0307,0.0113,0.00122,86.75826,9.51476,-42.45835
36.078873,-79.008163,9,0.13,158.1,7.78,2609403,7.78,7.78266,-4.30708,4.11984,0.00657,-0.0139,0.05162,86.97749,8.65244,-42.44373
36.078873,-79.008163,9,0.13,158,7.8,2609603,7.8,7.79761,-4.25922,4.18026,0.02413,-0.03024,-0.01649,86.6121,9.00321,-43.94914
36.078873,-79.008163,9,0.12,158,7.71,2610403,7.71,7.70728,-4.31426,4.15873,0.03986,0.00932,-0.01176,86.34902,9.13476,-43.78836
36.078873,-79.008163,9,0.12,157.8,7.8,2610603,7.8,7.8,-4.30708,4.1671,0.0087,0.00473,0.05376,86.6121,8.72552,-43.91991
36.078876,-79.008162,9,0.01,157.8,7.78,2611403,7.78,7.78445,-4.27418,4.13001,0.00519,-0.01802,0.04444,86.58287,8.11166,-44.03683
36.078876,-79.008162,9,0.01,157.2,7.81,2611603,7.81,7.80838,-4.24128,4.20598,0.04612,-0.0197,-0.05253,86.15902,8.15551,-44.53376
36.078875,-79.008163,9,0.3,157.2,7.76,2612403,7.76,7.75514,-4.33759,4.11326,0.0452,-0.00183,-0.00748,85.98363,8.14089,-46.0684
36.078875,-79.008163,9,0.3,156.7,7.76,2612603,7.76,7.75933,-4.28375,4.10967,0.00794,0.00748,0.0785,85.85209,7.68781,-46.5361
36.078876,-79.00816,9,0.05,156.7,7.82,2613403,7.82,7.81855,-4.21436,4.20359,0.02291,-0.06658,-0.01802,85.019,7.48319,-47.13534
36.078876,-79.00816,9,0.05,156.3,7.7,2613603,7.7,7.70369,-4.32443,4.14676,0.0733,0.02306,-0.02932,85.50131,8.28705,-47.6615
36.078876,-79.008159,9,0.21,156.3,7.74,2614403,7.74,7.73839,-4.34477,4.11924,0.02291,-0.02413,0.04307,84.77054,8.3309,-49.21076
36.078876,-79.008159,9,0.21,156,7.81,2614603,7.81,7.80718,-4.25025,4.21197,0.02596,-0.00733,0.05589,85.1067,7.79012,-48.8746
36.078875,-79.008157,9,0.46,156,7.77,2615403,7.77,7.77129,-4.28674,4.10907,0.06246,-0.00901,-0.01558,84.03976,7.90704,-49.7223
36.078875,-79.008157,9,0.46,156.1,7.75,2615603,7.75,7.75035,-4.31665,4.13121,0.0365,-0.03619,0.02474,84.7413,7.95089,-50.77463
36.078875,-79.008156,9,0.29,156.1,7.78,2616403,7.78,7.77608,-4.2688,4.11865,0.02275,-0.04658,0.04123,83.96667,7.70243,-52.10464
36.078875,-79.008156,9,0.29,155.9,7.74,2616603,7.74,7.74198,-4.24128,4.16291,0.07437,0.02031,0.01054,83.90821,8.31628,-52.5285
36.078875,-79.008155,9,0.52,155.9,7.79,2617403,7.79,7.78624,-4.31964,4.1013,0.04719,-0.02795,0.00672,82.84128,8.37474,-52.35312
36.078875,-79.008155,9,0.52,156,7.77,2617603,7.77,7.77009,-4.25145,4.12762,0.03192,-0.0226,0.03619,83.26513,8.49167,-53.81467
36.078876,-79.008152,9,0.4,156,7.76,2618403,7.76,7.76471,-4.26461,4.1324,0.03986,-0.04139,0.00244,82.18357,8.69629,-55.7147
36.078876,-79.008152,9,0.4,155.9,7.74,2618603,7.74,7.74317,-4.30289,4.15514,0.04352,-0.00764,0.03176,81.65741,8.76937,-56.00702
36.078877,-79.00815,9,0.23,155.9,7.77,2619403,7.77,7.7671,-4.24606,4.12463,0.03726,-0.03665,0.03833,81.16048,8.93014,-56.72318
36.078877,-79.00815,9,0.23,155.9,7.8,2619603,7.8,7.8006,-4.27777,4.13659,0.05009,-0.02871,0.01512,81.20432,8.88629,-56.79626
36.078878,-79.008149,9,0.32,155.9,7.78,2620403,7.78,7.78206,-4.24666,4.17488,0.04841,-0.03344,0.01863,80.5174,9.734,-58.00936
36.078878,-79.008149,9,0.32,155.4,7.77,2620603,7.77,7.7665,-4.29272,4.12822,0.06842,0.00473,0.00764,80.07893,9.86554,-59.00322
36.078882,-79.008147,9,0.51,155.4,7.78,2621403,7.78,7.78026,-4.31964,4.10489,0.0504,-0.01176,0.02688,79.23122,10.81555,-58.72552
36.078882,-79.008147,9,0.51,155.2,7.81,2621603,7.81,7.80599,-4.25145,4.16291,0.03375,-0.04093,0.03848,79.26045,10.74247,-59.85092
36.078888,-79.008145,9,0.22,155.2,7.79,2622403,7.79,7.78744,-4.24666,4.21436,0.06399,-0.01344,-0.00244,77.88658,11.44402,-59.95323
36.078888,-79.008145,9,0.22,155.3,7.75,2622603,7.75,7.75095,-4.30768,4.10549,0.05498,-0.00382,0.01878,77.93044,11.75095,-60.49401
36.078893,-79.008144,9,0.4,155.3,7.79,2623403,7.79,7.78924,-4.27418,4.11625,0.04322,-0.0252,0.02505,77.40427,12.84712,-60.90324
36.078893,-79.008144,9,0.4,155.1,7.83,2623603,7.83,7.82692,-4.3011,4.11386,0.0423,-0.03833,0.00535,77.24349,13.1102,-62.73019
36.078893,-79.008146,9,0.25,155.1,7.73,2624403,7.73,7.72642,-4.27956,4.15274,0.05986,-0.00764,0.00565,75.95732,13.5779,-63.00789
36.078893,-79.008146,9,0.25,155.2,7.79,2624603,7.79,7.79283,-4.2688,4.09831,0.04459,0.00412,0.04215,75.91348,13.69483,-63.56329
36.078894,-79.008145,9,0.3,155.2,7.81,2625403,7.81,7.80838,-4.27119,4.09532,0.03864,-0.04566,0.00351,75.78194,14.82023,-63.18328
36.078894,-79.008145,9,0.3,155.3,7.75,2625603,7.75,7.75394,-4.29213,4.18206,0.04093,-0.01542,0.01665,74.96346,15.24408,-64.45483
36.078897,-79.008145,9,0.43,155.3,7.72,2626403,7.72,7.72343,-4.28614,4.17189,0.04169,-0.01542,0.02886,74.15961,15.15639,-64.52792
36.078897,-79.008145,9,0.43,155.4,7.82,2626603,7.82,7.81795,-4.26341,4.13001,0.04276,0.00122,0.04459,74.24729,15.71178,-64.63022
36.078899,-79.008145,9,0.3,155.4,7.78,2627403,7.78,7.78266,-4.27896,4.12044,0.0507,-0.01359,0.00199,73.16574,16.8518,-65.77025
36.078899,-79.008145,9,0.3,155.9,7.78,2627603,7.78,7.77667,-4.29811,4.13719,0.05513,-0.00764,0.00122,72.87343,17.49488,-65.4487
36.078902,-79.008145,9,0.23,155.9,7.74,2628403,7.74,7.74377,-4.29691,4.12044,0.02703,-0.01344,0.05696,72.75651,18.48874,-66.58871
36.078902,-79.008145,9,0.23,156.3,7.82,2628603,7.82,7.82154,-4.25025,4.14796,0.03268,-0.04658,0.00168,72.3765,18.38644,-66.17948
36.078902,-79.008145,9,0.3,156.3,7.75,2629403,7.75,7.75454,-4.29332,4.19641,0.04597,-0.01069,0.00641,72.0988,19.62876,-66.28179
36.078902,-79.008145,9,0.3,156.6,7.75,2629603,7.75,7.75035,-4.28255,4.17847,0.03833,0.03879,0.02886,71.45572,20.37416,-65.97486
36.078901,-79.008146,9,0.37,156.6,7.78,2630403,7.78,7.77727,-4.28614,4.2018,0.03207,-0.00611,0.03467,70.6957,21.06109,-67.81643
36.078901,-79.008146,9,0.37,156.8,7.78,2630603,7.78,7.78086,-4.25564,4.12523,0.03253,-0.01542,0.01222,70.90032,21.06109,-67.43642
36.0789,-79.008146,9,0.4,156.8,7.78,2631403,7.78,7.77966,-4.2993,4.13958,0.04108,-0.01894,-0.0113,70.72494,22.42035,-66.88103
36.0789,-79.008146,9,0.4,156.8,7.76,2631603,7.76,7.75813,-4.29332,4.16232,0.02123,-0.02016,0.02856,69.90646,22.91727,-66.5741
36.078901,-79.008145,9,0.22,156.8,7.8,2632403,7.8,7.803,-4.2676,4.2347,0.02199,-0.00489,0.03085,69.93569,23.58959,-67.87489
36.078901,-79.008145,9,0.22,156.8,7.75,2632603,7.75,7.74975,-4.2688,3.99123,0.04887,0.00535,-0.01268,69.73107,23.64806,-66.95411
36.078897,-79.008147,9,0.78,156.8,7.79,2633403,7.79,7.78804,-4.25025,4.12343,0.0171,-0.02779,0.01695,68.92722,25.12423,-66.73487
36.078897,-79.008147,8,0.78,157.1,7.77,2633603,7.77,7.77488,-4.43928,4.21974,0.02795,-0.01481,0.00351,69.14645,25.60655,-66.1064
36.078901,-79.008146,8,0.54,157.1,7.74,2634403,7.74,7.74497,-4.23171,4.16112,0.04215,0.0113,0.00657,68.75183,25.76732,-66.86642
36.078901,-79.008146,8,0.54,157.1,7.82,2634603,7.82,7.81855,-4.32084,4.10489,0.03375,-0.0029,0.01191,68.89798,26.61502,-67.02719
36.078907,-79.008146,8,0.17,157.1,7.77,2635403,7.77,7.7695,-4.29691,4.14437,0.02856,0.01451,0.05513,68.19643,27.49196,-67.71412
36.078907,-79.008146,8,0.17,156.8,7.79,2635603,7.79,7.79223,-4.24367,4.11506,0.02871,-0.03085,0.011,68.18182,28.19351,-67.24642
36.078909,-79.008147,8,0.35,156.8,7.79,2636403,7.79,7.79462,-4.27896,4.16471,0.04719,-0.02505,-0.01252,67.2318,29.40661,-67.37796
36.078909,-79.008147,8,0.35,156.9,7.77,2636603,7.77,7.7683,-4.2682,4.14497,0.03024,-0.01741,0.03253,67.15872,29.40661,-66.86642
36.078913,-79.008145,8,0.36,156.9,7.76,2637403,7.76,7.76112,-4.25922,4.16172,0.03711,-0.00122,0.04856,67.43642,30.8097,-66.76411
36.078913,-79.008145,8,0.36,156.5,7.78,2637603,7.78,7.77847,-4.26401,4.12822,0.05238,-0.02199,-0.01542,66.8518,30.37124,-66.01871
36.078915,-79.008146,8,0.48,156.5,7.81,2638403,7.81,7.81496,-4.31187,4.13899,0.03955,-0.04841,-0.01283,66.4864,31.48202,-65.72639
36.078915,-79.008146,8,0.48,156.2,7.75,2638603,7.75,7.75275,-4.28435,4.11984,0.02764,-0.02016,0.04902,66.12102,31.86203,-66.17948
36.078916,-79.008152,8,0.7,156.2,7.77,2639403,7.77,7.77488,-4.25384,4.18385,0.04643,0.00275,0.03879,66.07717,33.1482,-66.00409
36.078916,-79.008152,8,0.7,155.7,7.83,2639603,7.83,7.83171,-4.23948,4.10608,0.06475,-0.00183,-0.01329,65.90178,33.36744,-65.15639
36.078915,-79.008154,8,0.38,155.7,7.77,2640403,7.77,7.7671,-4.33938,4.11207,0.03512,-0.02963,0.03024,65.36101,34.52207,-64.84946
36.078915,-79.008154,7,0.38,155.6,7.77,2640603,7.77,7.77069,-4.25922,4.19641,0.0252,-0.0281,0.05528,65.47793,35.31131,-65.28793
36.078916,-79.008155,7,0.22,155.6,7.76,2641403,7.76,7.76471,-4.25803,4.13839,0.04001,-0.01222,0.04047,65.28793,35.64747,-64.95177
36.078916,-79.008155,8,0.22,155.1,7.79,2641603,7.79,7.79342,-4.2664,4.13061,0.06643,-0.00061,-0.01023,64.83485,36.55364,-64.80562
36.078916,-79.008155,8,0.13,155.1,7.77,2642403,7.77,7.77069,-4.28734,4.13839,0.05055,-0.01191,0.01924,64.63022,37.62058,-63.06636
36.078916,-79.008155,8,0.13,154.8,7.76,2642603,7.76,7.75933,-4.26222,4.10788,0.03589,-0.02825,0.03207,64.77638,38.04443,-63.18328
36.078916,-79.008156,8,0.15,154.8,7.8,2643403,7.8,7.8006,-4.29033,4.14616,0.06017,-0.02367,-0.01649,64.22099,39.27214,-62.80328
36.078916,-79.008156,9,0.15,154.5,7.75,2643603,7.75,7.74856,-4.29272,4.17009,0.02886,-0.03146,0.0452,63.91406,39.6083,-62.81789
36.078915,-79.008156,9,0.17,154.5,7.77,2644403,7.77,7.76531,-4.25264,4.14497,0.0423,-0.00244,0.05009,63.87022,40.86525,-62.18942
36.078915,-79.008156,9,0.17,154.6,7.81,2644603,7.81,7.80599,-4.28196,4.15155,0.06048,-0.00275,0.01038,64.35253,40.87986,-61.47326
36.078914,-79.008156,9,0.1,154.6,7.8,2645403,7.8,7.80419,-4.2347,4.15334,0.06078,-0.00855,-0.00046,64.07483,42.45835,-60.91786
36.078914,-79.008156,9,0.1,155,7.79,2645603,7.79,7.79163,-4.33041,4.17308,0.03283,-0.04169,0.03146,63.68021,42.75066,-60.26016
36.078913,-79.008157,9,0.32,155,7.75,2646403,7.75,7.74676,-4.22034,4.13121,0.04001,-0.02062,0.03543,64.00175,43.13066,-59.50014
36.078913,-79.008157,9,0.32,155.1,7.82,2646603,7.82,7.82034,-4.29452,4.16531,0.0649,0.00168,0.0058,63.56329,43.67144,-58.7109
36.078911,-79.008159,9,0.36,155.1,7.74,2647403,7.74,7.74018,-4.23889,4.14856,0.04551,-0.01313,0.04169,64.0456,44.59222,-58.12628
36.078911,-79.008159,9,0.36,155.6,7.67,2647603,7.67,7.6672,-4.28255,4.16291,0.05757,-0.01145,0.01115,63.73867,44.78223,-57.48319
36.078908,-79.00816,9,0.64,155.6,7.77,2648403,7.77,7.77308,-4.28016,4.12523,0.05528,-0.01604,0.0171,63.43175,45.55685,-56.21163
36.078908,-79.00816,9,0.64,155.6,7.79,2648603,7.79,7.78804,-4.29093,4.13958,0.03009,-0.03009,0.05177,64.42561,46.09763,-55.53931
36.0789,-79.008159,9,1.31,155.6,7.83,2649403,7.83,7.82632,-4.29033,4.17189,0.08338,0.01252,-0.01604,64.27945,46.59456,-55.30547
36.0789,-79.008159,9,1.31,155.8,7.75,2649603,7.75,7.75275,-4.30469,4.11565,0.02749,-0.05009,0.04826,64.17715,46.37533,-54.99854
36.078896,-79.00816,9,0.56,155.8,7.81,2650403,7.81,7.80838,-4.25025,4.16531,0.05742,-0.00229,0.0168,64.30868,47.61766,-53.56621
36.078896,-79.00816,9,0.56,156.3,7.8,2650603,7.8,7.8006,-4.31905,4.15573,0.05803,-0.03192,0.00168,64.45483,47.71996,-53.25928
36.078891,-79.008161,9,0.51,156.3,7.79,2651403,7.79,7.78744,-4.27478,4.12283,0.05315,0.00168,0.05742,64.95177,48.01228,-52.6162
36.078891,-79.008161,9,0.51,157,7.82,2651603,7.82,7.81735,-4.25683,4.17787,0.04566,-0.04505,0.00809,65.05408,47.80766,-52.38234
36.078887,-79.008165,9,0.14,157,7.78,2652403,7.78,7.77787,-4.30529,4.00678,0.04078,-0.0336,0.03635,65.59486,48.17305,-50.58463
36.078887,-79.008165,9,0.14,157.3,7.74,2652603,7.74,7.74078,-4.25743,4.18565,0.03894,-0.0197,0.04749,65.87255,48.4069,-50.62847
36.078881,-79.008169,9,0.24,157.3,7.8,2653403,7.8,7.79821,-4.25982,4.13599,0.06933,0.00962,0.02581,66.2964,48.85999,-48.96229
36.078881,-79.008169,9,0.24,157.6,7.78,2653603,7.78,7.77847,-4.27179,4.11984,0.05253,-0.04016,0.00748,66.19409,49.38614,-48.52382
36.078876,-79.008173,9,0.15,157.6,7.76,2654403,7.76,7.76471,-4.26042,4.12582,0.07193,-0.00535,0.00214,66.82256,49.38614,-46.78456
36.078876,-79.008173,9,0.15,157.9,7.79,2654603,7.79,7.79462,-4.30289,4.07438,0.05284,-0.01634,0.03711,66.51564,49.56153,-46.38994
36.078871,-79.008175,9,0.14,157.9,7.79,2655403,7.79,7.78624,-4.30708,4.13181,-0.00046,-0.10385,0.06322,66.83718,49.19614,-45.00146
36.078871,-79.008175,9,0.14,157.8,7.77,2655603,7.77,7.7677,-4.21556,4.21436,0.06414,-0.00214,0.02642,67.11488,48.42151,-45.20608
36.078868,-79.008177,9,0.25,157.8,7.77,2656403,7.77,7.77249,-4.31246,4.15095,0.09423,0.00947,-0.02306,67.78719,49.23999,-43.20374
36.078868,-79.008177,9,0.25,157.9,7.78,2656603,7.78,7.77727,-4.31246,4.12642,0.04337,-0.01329,0.05589,68.18182,49.28384,-43.01374
36.078865,-79.008179,9,0.3,157.9,7.75,2657403,7.75,7.75454,-4.22453,4.07857,0.05055,-0.00367,0.03192,68.82491,48.75767,-41.69833
36.078865,-79.008179,9,0.3,157.9,7.83,2657603,7.83,7.82812,-4.3005,4.13719,0.05101,-0.04475,-0.01848,68.83952,49.15229,-40.8214
36.078861,-79.00818,9,0.16,157.9,7.73,2658403,7.73,7.72523,-4.28614,4.17248,0.00367,-0.08705,0.0307,69.67261,47.79304,-40.68986
36.078861,-79.00818,9,0.16,158,7.76,2658603,7.76,7.75873,-4.24307,4.20778,0.06597,0.03833,0.02917,69.64338,47.96843,-40.57293
36.07886,-79.008182,9,0.09,158,7.81,2659403,7.81,7.80539,-4.29153,4.13061,0.05192,0.01726,0.01405,70.37416,47.79304,-38.77521
36.07886,-79.008182,9,0.09,157.8,7.77,2659603,7.77,7.7689,-4.25564,4.08275,0.01848,-0.04123,0.02123,69.95031,47.69073,-38.78983
36.078859,-79.008183,9,0.17,157.8,7.82,2660403,7.82,7.81615,-4.27239,4.15454,0.03085,-0.02077,0.00153,70.57878,47.36919,-38.05905
36.078859,-79.008183,9,0.17,158,7.76,2660603,7.76,7.75693,-4.26521,4.15693,0.01894,-0.03329,0.00367,70.87109,47.3838,-37.09442
36.078855,-79.008185,9,0.48,158,7.8,2661403,7.8,7.79821,-4.26999,4.15753,0.02214,-0.00626,0.01527,71.58725,46.59456,-36.75826
36.078855,-79.008185,9,0.48,158.2,7.76,2661603,7.76,7.76471,-4.26042,4.12164,0.02535,-0.00168,0.01084,71.60188,46.7261,-36.78749
36.078854,-79.008187,9,0.25,158.2,7.79,2662403,7.79,7.78924,-4.24128,4.19881,0.03192,0.01588,-0.00993,72.21572,46.15609,-36.72903
36.078854,-79.008187,9,0.25,158.1,7.8,2662603,7.8,7.79701,-4.28375,4.11745,0.00718,-0.01023,0.01054,72.11342,46.60918,-36.07132
36.078854,-79.008188,9,0.24,158.1,7.79,2663403,7.79,7.79103,-4.25863,4.17787,-0.00932,-0.01726,0.00947,72.34727,46.36071,-36.45133
36.078854,-79.008188,9,0.24,158.1,7.73,2663603,7.73,7.73241,-4.25205,4.13958,0.01909,0.01344,-0.01604,72.59573,46.0684,-35.73516
36.078851,-79.008189,9,0.31,158.1,7.79,2664403,7.79,7.79342,-4.3023,4.12941,-0.0197,-0.02642,0.00367,72.30342,45.43993,-35.13593
36.078851,-79.008189,9,0.31,158.1,7.75,2664603,7.75,7.74676,-4.21675,4.19641,0.00076,0.02428,0.0026,72.74189,45.74686,-35.32593
36.078851,-79.008191,9,0.23,158.1,7.78,2665403,7.78,7.77966,-4.27358,4.15573,0.00947,0.01604,-0.02703,73.13651,45.8784,-35.17977
36.078851,-79.008191,9,0.23,158.1,7.79,2665603,7.79,7.78505,-4.28854,4.08634,-0.0087,0.01176,0.0197,73.10728,46.14148,-36.30518
36.078851,-79.008191,9,0.26,158.1,7.82,2666403,7.82,7.81675,-4.26162,4.08754,-0.01985,-0.00932,-0.00367,72.96112,45.74686,-34.88746
36.078851,-79.008191,9,0.26,158.4,7.77,2666603,7.77,7.76531,-4.28255,4.17727,-0.01756,0.00137,-0.01268,73.37036,46.09763,-35.64747
36.07885,-79.008192,9,0.24,158.4,7.74,2667403,7.74,7.74198,-4.28794,4.23589,-0.01497,0.02275,-0.01252,73.18035,45.92225,-35.07746
36.07885,-79.008192,9,0.24,158.6,7.78,2667603,7.78,7.77966,-4.27478,4.14138,-0.00702,0.04979,-0.00428,73.04882,45.61532,-34.71207
36.078848,-79.008194,9,0.25,158.6,7.82,2668403,7.82,7.82034,-4.25683,4.09532,-0.02123,0.00076,-0.04414,73.23882,46.2584,-35.03362
36.078848,-79.008194,9,0.25,158.9,7.76,2668603,7.76,7.75992,-4.3005,4.17607,-0.04749,-0.01008,-0.00031,72.82958,45.71763,-35.89594
36.078846,-79.008197,9,0.4,158.9,7.77,2669403,7.77,7.77129,-4.24965,4.17548,-0.04184,0.00336,-0.00611,72.87343,45.89301,-35.74978
36.078846,-79.008197,9,0.4,159.2,7.76,2669603,7.76,7.75753,-4.41835,4.15573,-0.01939,0.0452,-0.01802,72.69804,45.96609,-35.83747
36.078845,-79.0082,9,0.52,159.2,7.8,2670403,7.8,7.8018,-4.23889,3.99542,-0.01878,0.04811,-0.02367,72.99035,45.70301,-36.29056
36.078845,-79.0082,9,0.52,159.6,7.8,2670603,7.8,7.79701,-4.28913,4.10848,-0.02718,0.0171,-0.03787,72.58112,46.22917,-35.70593
36.078842,-79.008202,9,0.37,159.6,7.77,2671403,7.77,7.76591,-4.14557,4.11386,-0.06078,-0.0113,-0.00076,72.74189,46.66764,-36.05671
36.078842,-79.008202,9,0.37,159.6,7.77,2671603,7.77,7.77368,-4.22333,4.19462,-0.03207,0.04826,-0.00092,73.01958,46.84303,-36.02748
36.07884,-79.008203,9,0.25,159.6,7.81,2672403,7.81,7.80838,-4.24547,4.15573,-0.02153,0.04688,-0.04459,72.17188,46.66764,-37.02134
36.07884,-79.008203,9,0.25,159.9,7.78,2672603,7.78,7.77727,-4.28794,4.13779,-0.03406,0.03971,-0.03512,71.68957,46.75533,-36.59749
36.07884,-79.008203,9,0.18,159.9,7.85,2673403,7.85,7.85025,-4.30349,4.09412,-0.09224,-0.03436,-0.00641,71.87956,47.25227,-36.64133
36.07884,-79.008203,9,0.18,160.4,7.7,2673603,7.7,7.7025,-4.21556,4.17847,-0.0617,0.02062,-0.02993,71.4411,46.90149,-37.12365
36.078838,-79.008206,9,0.32,160.4,7.78,2674403,7.78,7.77847,-4.26401,4.16351,-0.04948,0.04658,-0.04688,71.48495,47.90997,-39.15522
36.078838,-79.008206,9,0.32,160.8,7.74,2674603,7.74,7.74138,-4.24188,4.08694,-0.04383,0.08216,-0.01878,71.36802,47.58842,-38.17597
36.078837,-79.008207,9,0.21,160.8,7.82,2675403,7.82,7.82274,-4.29751,4.07797,-0.04643,0.06048,-0.02352,70.3157,47.82227,-38.64367
36.078837,-79.008207,8,0.21,161.3,7.77,2675603,7.77,7.7665,-4.27538,4.12044,-0.08491,-0.03665,-0.0478,70.24262,47.89535,-38.74598
36.078836,-79.008209,8,0.23,161.3,7.76,2676403,7.76,7.76052,-4.25982,4.18983,-0.07376,0.01619,-0.01191,69.81876,47.44227,-40.7337
36.078836,-79.008209,8,0.23,161.7,7.79,2676603,7.79,7.78624,-4.26999,4.19522,-0.04093,0.0672,-0.03207,69.42415,47.83689,-40.77755
36.078833,-79.00821,8,0.26,161.7,7.78,2677403,7.78,7.77787,-4.29332,4.16052,-0.06002,0.06368,-0.00122,69.13184,44.91377,-41.02602
36.078833,-79.00821,8,0.26,161.9,7.77,2677603,7.77,7.77428,-4.23171,4.12642,-0.06674,0.02764,-0.03726,69.19029,48.24613,-41.72756
36.07883,-79.008209,8,0.28,161.9,7.81,2678403,7.81,7.80838,-4.27059,4.09831,-0.09209,-0.03268,-0.05101,68.88336,48.49459,-41.2891
36.07883,-79.008209,8,0.28,162.2,7.73,2678603,7.73,7.7348,-4.25564,4.16052,-0.04658,0.06567,-0.0394,68.41566,49.15229,-41.8591
36.078827,-79.008211,8,0.47,162.2,7.72,2679403,7.72,7.72403,-4.29093,4.11924,-0.08323,0.02856,-0.02932,67.45103,49.12306,-43.20374
36.078827,-79.008211,8,0.47,162.3,7.96,2679603,7.96,7.95853,-4.25504,4.11386,-0.06353,0.07376,-0.02886,67.77258,48.88921,-43.45221
36.078823,-79.008214,8,0.48,162.3,7.74,2680403,7.74,7.73958,-4.22453,4.15334,-0.06949,0.05681,-0.04872,67.75797,49.09383,-44.03683
36.078823,-79.008214,8,0.48,162.6,7.82,2680603,7.82,7.82214,-4.30947,4.14975,-0.07605,0.05147,-0.03253,66.79333,49.15229,-44.29991
36.078821,-79.008217,8,0.46,162.6,7.77,2681403,7.77,7.76591,-4.27777,4.08275,-0.08216,0.04688,-0.02841,66.89565,48.93306,-45.86378
36.078821,-79.008217,8,0.46,162.9,7.83,2681603,7.83,7.83051,-4.26521,4.14796,-0.08063,0.03604,-0.04322,66.76411,48.5969,-45.57147
36.078816,-79.008216,8,0.3,162.9,7.8,2682403,7.8,7.79641,-4.30708,4.16112,-0.08506,0.04795,-0.03467,66.13564,48.71383,-46.15609
36.078816,-79.008216,9,0.3,163.5,7.81,2682603,7.81,7.80599,-4.25384,4.14975,-0.09331,0.04994,-0.00137,66.34025,49.26922,-47.83689
36.078812,-79.008218,9,0.49,163.5,7.78,2683403,7.78,7.78385,-4.21556,4.12642,-0.05406,0.07621,-0.06689,65.52177,48.50921,-48.01228
36.078812,-79.008218,9,0.49,163.5,7.79,2683603,7.79,7.79043,-4.31665,4.0672,-0.08125,0.02734,-0.06552,66.1064,49.09383,-48.30459
36.078811,-79.008219,9,0.09,163.5,7.76,2684403,7.76,7.76292,-4.27538,4.14317,-0.09178,0.03451,-0.02474,65.0687,48.08536,-49.40076
36.078811,-79.008219,9,0.09,163.5,7.94,2684603,7.94,7.93879,-4.26102,4.09651,-0.08796,0.04581,-0.02856,65.98948,47.33996,-50.20462
36.07881,-79.008221,9,0.13,163.5,7.8,2685403,7.8,7.803,-4.28315,4.15274,-0.06384,0.05559,-0.04108,64.51331,48.42151,-51.60772
36.07881,-79.008221,9,0.13,163.5,7.78,2685603,7.78,7.78445,-4.29392,4.09711,-0.08735,0.03803,-0.01344,64.41099,47.6615,-51.52003
36.078809,-79.008223,9,0.35,163.5,7.78,2686403,7.78,7.77966,-4.21914,4.11625,-0.05421,0.06796,-0.05345,63.97252,47.64688,-52.98159
36.078809,-79.008223,9,0.35,163.3,7.79,2686603,7.79,7.79283,-4.30529,4.12642,-0.07498,0.02169,-0.05544,63.91406,48.18766,-53.14236
36.078808,-79.008225,9,0.61,163.3,7.8,2687403,7.8,7.8018,-4.25564,4.16351,-0.07422,0.03848,-0.04246,64.00175,47.23765,-53.9316
36.078808,-79.008225,9,0.61,162.9,7.75,2687603,7.75,7.74676,-4.26341,3.99302,-0.07712,0.04016,-0.03054,63.91406,46.49226,-54.10699
36.078808,-79.008229,9,0.37,162.9,7.81,2688403,7.81,7.81017,-4.32084,4.13779,-0.09316,0.02841,-0.01772,63.68021,46.69687,-55.30547
36.078808,-79.008229,9,0.37,162.7,7.77,2688603,7.77,7.7683,-4.22632,4.15573,-0.09041,0.02627,-0.03024,63.60713,46.03917,-55.32008
36.078808,-79.008231,9,0.22,162.7,7.78,2689403,7.78,7.77548,-4.24068,4.28495,-0.06643,0.0391,-0.06811,63.82636,45.35223,-56.95703
36.078808,-79.008231,9,0.22,162.7,7.75,2689603,7.75,7.74617,-4.28375,4.15813,-0.06063,0.06032,-0.06093,63.25636,45.11839,-56.57703
36.078809,-79.008232,9,0.07,162.7,7.79,2690403,7.79,7.78983,-4.30588,4.14377,-0.07773,0.04933,-0.03406,64.19176,44.73838,-57.43935
36.078809,-79.008232,9,0.07,162.1,7.81,2690603,7.81,7.81017,-4.26162,4.13001,-0.09621,0.03558,-0.00443,63.34405,44.09529,-57.84858
36.07881,-79.008235,9,0.54,162.1,7.79,2691403,7.79,7.78565,-4.26042,4.13599,-0.09362,0.00229,-0.04994,64.06022,43.39374,-59.35399
36.07881,-79.008235,9,0.54,161.9,7.78,2691603,7.78,7.77727,-4.28076,4.14257,-0.06154,0.06536,-0.05284,63.73867,43.56913,-58.95937
36.078811,-79.008237,9,0.59,161.9,7.77,2692403,7.77,7.77308,-4.26222,4.13121,-0.06002,0.05208,-0.06002,63.35867,41.90295,-60.12862
36.078811,-79.008237,9,0.59,162,7.81,2692603,7.81,7.80838,-4.2993,4.1342,-0.06552,0.06338,-0.03604,64.08945,42.22449,-60.24554
36.078808,-79.008238,9,0.69,162,7.79,2693403,7.79,7.78804,-4.27298,4.16052,-0.09392,0.04979,0.00794,63.62175,41.36217,-61.07863
36.078808,-79.008238,9,0.69,161.6,7.78,2693603,7.78,7.78445,-4.22931,4.14257,-0.07101,0.03283,-0.05925,63.89944,40.5437,-60.74247
36.078807,-79.00824,9,0.49,161.6,7.82,2694403,7.82,7.81615,-4.30409,3.98285,-0.06903,0.03009,-0.05299,64.99561,40.14908,-61.3271
36.078807,-79.00824,9,0.49,161.5,7.73,2694603,7.73,7.72942,-4.28435,4.18804,-0.08308,0.04734,-0.01176,64.68869,39.696,-63.00789
36.078808,-79.008243,9,0.36,161.5,7.77,2695403,7.77,7.7683,-4.23709,4.15274,-0.08094,0.04505,-0.01726,64.74715,38.74598,-63.32943
36.078808,-79.008243,9,0.36,161.4,7.79,2695603,7.79,7.79402,-4.25504,4.11506,-0.06445,0.05315,-0.05421,64.29407,38.58521,-63.40252
36.078807,-79.008249,9,0.98,161.4,7.78,2696403,7.78,7.77667,-4.29571,4.14975,-0.09194,0.00947,-0.0368,64.25022,37.29903,-63.7679
36.078807,-79.008249,9,0.98,161.3,7.75,2696603,7.75,7.75095,-4.22513,4.13659,-0.07391,0.062,-0.01863,64.45483,36.78749,-63.60713
36.078809,-79.008251,9,0.82,161.3,7.79,2697403,7.79,7.78505,-4.26939,4.13958,-0.05986,0.03757,-0.07697,64.58638,35.64747,-64.51331
36.078809,-79.008251,9,0.82,161.3,7.75,2697603,7.75,7.74856,-4.29631,4.1007,-0.08094,0.04459,-0.02306,64.55714,35.47208,-64.49869
36.07881,-79.008254,9,0.68,161.3,7.81,2698403,7.81,7.81017,-4.27298,4.15035,-0.07743,0.03864,-0.02963,64.64484,34.58053,-66.25256
36.07881,-79.008254,9,0.68,160.8,7.77,2698603,7.77,7.7683,-4.24367,4.17189,-0.07025,0.05162,-0.0391,65.2587,34.05437,-65.87255
36.078812,-79.008255,9,0.43,160.8,7.79,2699403,7.79,7.79043,-4.26042,4.08694,-0.06536,0.031,-0.07376,65.22946,33.46975,-65.77025
36.078812,-79.008255,9,0.43,160.5,7.79,2699603,7.79,7.79283,-4.30828,4.1683,-0.08628,0.03024,-0.01833,65.11254,33.27974,-65.88716
36.078817,-79.008255,9,0.32,160.5,7.77,2700403,7.77,7.77129,-4.24128,4.11446,-0.0701,0.04933,-0.0449,65.93102,31.78895,-65.97486
36.078817,-79.008255,9,0.32,160,7.81,2700603,7.81,7.81496,-4.25145,4.14257,-0.07178,0.06124,-0.02932,65.69717,31.54049,-65.56562
36.078819,-79.008255,9,0.49,160,7.78,2701403,7.78,7.77907,-4.2682,4.09173,-0.11729,0.04917,-0.02459,66.54488,30.8097,-65.68255
36.078819,-79.008255,9,0.49,159.7,7.82,2701603,7.82,7.81855,-4.2688,4.11685,-0.08125,0.02841,-0.0368,66.91026,29.84507,-66.44256
36.078824,-79.008253,9,0.53,159.7,7.75,2702403,7.75,7.74916,-4.24367,4.12164,-0.07223,0.02505,-0.062,67.33411,28.54429,-66.74949
36.078824,-79.008253,9,0.53,159.4,7.8,2702603,7.8,7.80419,-4.2688,4.12104,-0.06674,0.07636,-0.0226,67.30488,28.41274,-66.22333
36.078828,-79.008253,9,0.66,159.4,7.81,2703403,7.81,7.81436,-4.25205,3.999,-0.08399,0.04001,-0.02902,68.10873,27.9012,-66.16486
36.078828,-79.008253,9,0.66,159.1,7.78,2703603,7.78,7.77787,-4.27239,4.11924,-0.07636,0.02596,-0.05101,67.68489,26.93657,-66.31102
36.078826,-79.008253,9,0.28,159.1,7.79,2704403,7.79,7.78924,-4.26461,4.19581,-0.07926,0.03344,-0.05406,68.28413,25.95732,-66.91026
36.078826,-79.008253,9,0.28,159.3,7.79,2704603,7.79,7.79283,-4.25863,4.17189,-0.07468,0.06307,-0.0139,68.53259,25.72347,-67.20258
36.078818,-79.008255,9,0.83,159.3,7.77,2705403,7.77,7.77308,-4.25564,4.12822,-0.07346,0.06643,-0.03176,69.59953,24.53961,-66.51564
36.078818,-79.008255,9,0.83,159.4,7.79,2705603,7.79,7.79163,-4.26281,4.09053,-0.08537,0.03238,-0.04444,69.73107,24.08652,-67.37796
36.078823,-79.008254,9,0.36,159.4,7.77,2706403,7.77,7.77428,-4.24247,4.133,-0.09041,0.00748,-0.07101,70.16954,22.74189,-66.82256
36.078823,-79.008254,9,0.36,159.1,7.78,2706603,7.78,7.77847,-4.25384,4.16411,-0.07636,0.07789,-0.03619,69.78954,22.36188,-66.22333
36.078825,-79.008253,9,0.51,159.1,7.79,2707403,7.79,7.78744,-4.27538,4.15215,-0.09682,0.06338,-0.02505,70.90032,20.94417,-66.01871
36.078825,-79.008253,9,0.51,159.3,7.81,2707603,7.81,7.80778,-4.25564,4.06002,-0.08674,0.05452,-0.05315,71.30956,20.54955,-66.72026
36.078827,-79.008255,9,0.35,159.3,7.81,2708403,7.81,7.81436,-4.25863,4.13659,-0.09163,0.05483,-0.04963,72.34727,19.23414,-65.39024
36.078827,-79.008255,9,0.35,159.3,7.75,2708603,7.75,7.74916,-4.2664,4.11625,-0.09621,0.02993,-0.06429,72.27419,18.92721,-65.43409
36.078827,-79.008256,9,0.23,159.3,7.78,2709403,7.78,7.78086,-4.28913,4.13779,-0.10247,0.04719,-0.04062,72.87343,17.61181,-64.68869
36.078827,-79.008256,9,0.23,159.4,7.78,2709603,7.78,7.77608,-4.25803,4.16471,-0.09499,0.05986,-0.04917,73.07805,17.71412,-64.49869
36.078828,-79.008255,9,0.15,159.4,7.77,2710403,7.77,7.7671,-4.2688,4.11625,-0.09194,0.07559,-0.04001,73.79421,16.15025,-64.16253
36.078828,-79.008255,9,0.15,159.6,7.79,2710603,7.79,7.79342,-4.2688,4.26102,-0.09835,0.06017,-0.04047,75.21192,15.71178,-63.68021
36.078829,-79.008256,9,0.28,159.6,7.77,2711403,7.77,7.77428,-4.2347,4.10369,-0.10324,0.04917,-0.05834,76.16194,14.38176,-61.83865
36.078829,-79.008256,9,0.28,159.6,7.81,2711603,7.81,7.81257,-4.26341,4.13839,-0.11011,0.05101,-0.03879,76.07425,13.79714,-62.33558
36.078831,-79.008256,9,0.31,159.6,7.79,2712403,7.79,7.78565,-4.24606,4.26102,-0.10201,0.05986,-0.05315,76.76118,12.42327,-60.77171
36.078831,-79.008256,9,0.31,159.5,7.85,2712603,7.85,7.84906,-4.27358,4.12941,-0.10232,0.06429,-0.05635,77.06811,12.48173,-60.64016
36.078835,-79.008256,9,0.21,159.5,7.77,2713403,7.77,7.77189,-4.24188,4.10608,-0.11484,0.06017,-0.03742,78.90968,11.10786,-60.53786
36.078835,-79.008256,9,0.21,159.5,7.79,2713603,7.79,7.78565,-4.25982,4.16052,-0.09713,0.0759,-0.06093,78.29582,10.93248,-59.61707
36.078841,-79.008255,9,0.4,159.5,7.84,2714403,7.84,7.84128,-4.26939,4.10967,-0.09667,0.08125,-0.05498,80.25431,10.21631,-58.09705
36.078841,-79.008255,9,0.4,159.3,7.8,2714603,7.8,7.80359,-4.25803,4.14437,-0.11729,0.04398,-0.06277,80.86816,10.12862,-57.79012
36.078849,-79.008255,9,0.43,159.3,7.81,2715403,7.81,7.80898,-4.24367,4.12642,-0.1182,0.0588,-0.04261,80.73663,9.39784,-55.83163
36.078849,-79.008255,9,0.43,159.3,7.8,2715603,7.8,7.79701,-4.2347,4.10549,-0.11087,0.06414,-0.05727,81.51125,8.78398,-55.55393
36.078856,-79.008257,9,0.16,159.3,7.84,2716403,7.84,7.84487,-4.24965,4.14557,-0.10278,0.09071,-0.05085,82.38819,8.5209,-53.80006
36.078856,-79.008257,9,0.16,159,7.79,2716603,7.79,7.78565,-4.267,4.13121,-0.11958,0.04475,-0.0672,82.7682,9.01783,-53.33236
36.078864,-79.008256,9,0.43,159,7.86,2717403,7.86,7.85683,-4.25922,4.14078,-0.12752,0.05925,-0.01939,83.26513,8.87168,-50.36539
36.078864,-79.008256,9,0.43,158.4,7.77,2717603,7.77,7.7677,-4.23171,4.1677,-0.10904,0.03955,-0.09743,83.6159,8.22859,-50.80386
36.078868,-79.008257,9,0.18,158.4,7.8,2718403,7.8,7.803,-4.26222,4.12044,-0.09407,0.09209,-0.07483,85.25285,8.0532,-49.37153
36.078868,-79.008257,8,0.18,157.9,7.76,2718603,7.76,7.76471,-4.28016,4.08515,-0.12935,0.06292,-0.02581,85.09208,7.61473,-48.34843
36.078873,-79.008257,8,0.3,157.9,7.85,2719403,7.85,7.85384,-4.2341,4.1013,-0.135,0.05406,-0.03085,86.07133,8.63783,-47.48611
36.078873,-79.008257,8,0.3,157.7,7.78,2719603,7.78,7.77787,-4.25145,4.1336,-0.11225,0.02871,-0.09759,85.35516,8.60859,-46.36071
36.078872,-79.008261,8,0.66,157.7,7.81,2720403,7.81,7.81017,-4.26999,4.15573,-0.10705,0.06384,-0.07025,86.39287,8.82783,-44.37299
36.078872,-79.008261,8,0.66,157.5,7.75,2720603,7.75,7.75334,-4.25922,4.14018,-0.10675,0.08491,-0.05162,86.15902,9.33937,-43.86144
36.078872,-79.008265,8,0.75,157.5,7.8,2721403,7.8,7.80359,-4.25982,4.07558,-0.10736,0.08063,-0.05223,86.62672,9.67553,-41.88834
36.078872,-79.008265,8,0.75,157.1,7.79,2721603,7.79,7.79462,-4.25444,4.10608,-0.13363,0.04627,-0.04719,86.87518,9.47091,-41.52295
36.07887,-79.008269,8,0.77,157.1,7.74,2722403,7.74,7.74437,-4.21675,4.12044,-0.1376,0.01833,-0.07559,86.86057,10.26016,-39.50599
36.07887,-79.008269,8,0.77,156.7,7.78,2722603,7.78,7.77966,-4.28255,4.14317,-0.10568,0.10889,-0.04872,87.31365,11.2394,-39.90061
36.078869,-79.008269,8,0.43,156.7,7.77,2723403,7.77,7.77249,-4.28255,4.11087,-0.11973,0.08506,-0.04765,86.77287,12.27711,-37.03595
36.078869,-79.008269,8,0.43,156.3,7.81,2723603,7.81,7.80838,-4.25025,4.11685,-0.13164,0.06567,-0.04062,87.5475,12.54019,-35.89594
36.078866,-79.008274,8,0.83,156.3,7.82,2724403,7.82,7.81855,-4.20658,4.12822,-0.11393,0.05131,-0.10049,87.63519,13.81175,-35.35516
36.078866,-79.008274,8,0.83,156.2,7.75,2724603,7.75,7.75035,-4.34178,4.10489,-0.12248,0.06277,-0.07468,87.25519,14.80561,-35.35516
36.078862,-79.008278,8,0.84,156.2,7.79,2725403,7.79,7.79342,-4.24606,3.98225,-0.13302,0.06063,-0.04123,87.41595,16.20871,-33.67437
36.078862,-79.008278,8,0.84,155.9,7.79,2725603,7.79,7.79103,-4.24367,4.12343,-0.12324,0.08506,-0.0478,87.38673,16.69103,-33.39667
36.078856,-79.008283,8,1.13,155.9,7.79,2726403,7.79,7.78505,-4.21197,4.1354,-0.1263,0.04459,-0.08873,86.77287,18.29874,-30.8974
36.078856,-79.008283,8,1.13,155.5,7.74,2726603,7.74,7.73779,-4.27896,4.12283,-0.12202,0.07697,-0.06185,86.93364,19.27799,-31.13125
36.078853,-79.008286,8,0.76,155.5,7.77,2727403,7.77,7.7689,-4.24547,4.14497,-0.12584,0.06536,-0.06109,86.11517,21.32417,-30.152
36.078853,-79.008286,8,0.76,155.1,7.77,2727603,7.77,7.77249,-4.2335,4.13121,-0.12706,0.06643,-0.0588,86.3344,21.58726,-29.59661
36.07885,-79.00829,8,0.71,155.1,7.79,2728403,7.79,7.79402,-4.27358,4.14198,-0.11713,0.08277,-0.06536,85.79362,23.2242,-29.3043
36.07885,-79.00829,8,0.71,154.7,7.82,2728603,7.82,7.81735,-4.27717,4.15693,-0.12523,0.07071,-0.04688,85.69132,23.86729,-29.66969
36.078851,-79.008291,8,0.25,154.7,7.78,2729403,7.78,7.77667,-4.25564,4.10728,-0.13515,0.05345,-0.05147,85.04823,26.13271,-28.50044
36.078851,-79.008291,9,0.25,154.2,7.81,2729603,7.81,7.81017,-4.26222,4.11386,-0.11637,0.08491,-0.0533,84.87284,26.65887,-28.60275
36.078851,-79.008292,9,0.15,154.2,7.77,2730403,7.77,7.7695,-4.25504,4.13958,-0.11377,0.05849,-0.08919,83.6159,29.3043,-27.91582
36.078851,-79.008292,9,0.15,154.4,7.8,2730603,7.8,7.8006,-4.27239,4.13001,-0.12309,0.07468,-0.04322,83.73283,29.40661,-27.79889
36.07885,-79.008295,9,0.43,154.4,7.94,2731403,7.94,7.9352,-4.24427,4.17488,-0.12217,0.07559,-0.03344,82.91435,31.92049,-28.14966
36.07885,-79.008295,9,0.43,154.4,7.84,2731603,7.84,7.83649,-4.22692,4.11326,-0.11332,0.05315,-0.07544,82.91435,32.19819,-27.75504
36.078847,-79.008299,9,0.55,154.4,7.78,2732403,7.78,7.78206,-4.27837,4.14317,-0.10537,0.07147,-0.0701,80.85355,34.87284,-28.82198
36.078847,-79.008299,9,0.55,154.3,7.79,2732603,7.79,7.79223,-4.3005,4.13659,-0.12706,0.0649,-0.02993,81.14587,35.28208,-28.31044
36.078845,-79.008304,9,0.66,154.3,7.76,2733403,7.76,7.76351,-4.25145,4.16052,-0.10965,0.09881,-0.02321,80.73663,36.07132,-29.15814
36.078845,-79.008304,9,0.66,154,7.84,2733603,7.84,7.83949,-4.25025,4.07976,-0.10217,0.07178,-0.06994,80.35662,36.65595,-29.12891
36.078842,-79.008312,9,0.96,154,7.79,2734403,7.79,7.79103,-4.24487,4.10369,-0.11576,0.07086,-0.04811,78.89507,38.74598,-29.58199
36.078842,-79.008312,9,0.96,153.8,7.8,2734603,7.8,7.79701,-4.24367,4.15394,-0.115,0.0391,-0.07239,78.98275,38.81906,-31.43818
36.078839,-79.008317,9,0.97,153.8,7.78,2735403,7.78,7.78206,-4.2347,4.18026,-0.1237,0.01756,-0.07193,77.22888,40.93832,-29.962
36.078839,-79.008317,9,0.97,153.8,7.78,2735603,7.78,7.78086,-4.24547,4.16351,-0.10766,0.08216,-0.03146,76.92195,41.59602,-31.62818
36.078836,-79.008321,9,0.98,153.8,7.79,2736403,7.79,7.78505,-4.20299,4.15992,-0.0985,0.10415,-0.03497,76.42502,41.9468,-32.40281
36.078836,-79.008321,9,0.98,153.8,7.8,2736603,7.8,7.79582,-4.24666,4.07558,-0.0846,0.0588,-0.09071,75.84039,43.0722,-32.08126
36.078837,-79.008325,9,0.66,153.8,7.79,2737403,7.79,7.79163,-4.29093,4.1007,-0.12034,0.01604,-0.02993,75.13885,43.84683,-33.36744
36.078837,-79.008325,9,0.66,153.3,7.79,2737603,7.79,7.78565,-4.2341,4.18445,-0.10308,0.03604,-0.03772,74.56884,43.75914,-33.8059
36.078833,-79.00833,9,1.05,153.3,7.83,2738403,7.83,7.82812,-4.26281,4.1665,-0.08827,0.06109,-0.04536,73.67729,45.76147,-34.90208
36.078833,-79.00833,9,1.05,153.2,7.8,2738603,7.8,7.8,-4.22872,4.1671,-0.07147,0.05742,-0.06231,73.28266,45.38147,-35.03362
36.078829,-79.008335,9,1.12,153.2,7.82,2739403,7.82,7.81615,-4.29033,4.09532,-0.08552,0.10049,-0.00596,72.99035,46.31686,-35.58901
36.078829,-79.008335,9,1.12,153.3,7.85,2739603,7.85,7.85145,-4.22393,4.12104,-0.11545,-0.00122,-0.03742,73.18035,46.85764,-36.43671
36.078825,-79.008339,9,0.93,153.3,7.8,2740403,7.8,7.8024,-4.21137,4.16172,-0.05895,0.03528,-0.06582,71.20725,46.75533,-37.44519
36.078825,-79.008339,9,0.93,153,7.79,2740603,7.79,7.78804,-4.31426,4.15274,-0.07315,0.03635,-0.04795,71.28033,47.41304,-37.97135
36.078822,-79.008345,9,0.99,153,7.76,2741403,7.76,7.75933,-4.29871,4.14437,-0.08018,0.08231,-0.02978,70.33031,47.45689,-38.38059
36.078822,-79.008345,9,0.99,153.1,7.81,2741603,7.81,7.81017,-4.2682,4.11565,-0.10217,0.05971,-0.00489,70.6957,47.13534,-38.54136
36.078819,-79.00835,9,0.76,153.1,7.79,2742403,7.79,7.78624,-4.22273,4.08096,-0.09285,0.05315,-0.07071,69.46799,47.64688,-39.696
36.078819,-79.00835,9,0.76,152.7,7.77,2742603,7.77,7.7683,-4.29871,4.07737,-0.10263,0.03665,-0.06689,69.26337,48.33382,-40.29523
36.078817,-79.008352,9,0.76,152.7,7.82,2743403,7.82,7.81795,-4.26162,4.1689,-0.11958,0.05956,-0.01298,68.21105,48.47998,-42.28296
36.078817,-79.008352,9,0.76,152.7,7.81,2743603,7.81,7.81316,-4.19821,4.11446,-0.09652,0.0675,-0.06445,68.13797,47.95382,-41.8591
36.078815,-79.008356,9,0.63,152.7,7.79,2744403,7.79,7.78864,-4.2676,4.11565,-0.10919,0.04719,-0.04902,67.55334,47.80766,-43.93452
36.078815,-79.008356,9,0.63,152.7,7.81,2744603,7.81,7.80599,-4.27478,4.14616,-0.09972,0.04719,-0.05223,67.52412,48.08536,-44.56299
36.078809,-79.008363,9,1.15,152.7,7.78,2745403,7.78,7.77608,-4.27119,4.16232,-0.09529,0.07407,-0.03238,66.6618,48.47998,-46.2584
36.078809,-79.008363,9,1.15,153.1,7.79,2745603,7.79,7.79342,-4.27896,4.15992,-0.07223,0.07636,-0.06307,67.01257,48.56767,-46.09763
36.078805,-79.008366,9,0.9,153.1,7.8,2746403,7.8,7.8006,-4.31366,4.1001,-0.10171,0.06658,-0.03467,66.2964,48.58229,-47.57381
36.078805,-79.008366,9,0.9,153.5,7.8,2746603,7.8,7.79761,-4.31905,4.14317,-0.11301,0.03558,-0.07223,66.15025,48.53844,-48.46536
36.078802,-79.008372,9,0.93,153.5,7.73,2747403,7.73,7.7348,-4.33699,4.16411,-0.11683,0.05269,-0.08506,64.80562,48.71383,-50.35077
36.078802,-79.008372,9,0.93,153.9,7.8,2747603,7.8,7.8018,-4.29213,4.11565,-0.12263,0.11561,-0.00626,65.39024,48.47998,-50.73078
36.078795,-79.008376,9,1.17,153.9,7.75,2748403,7.75,7.74796,-4.22453,4.27538,-0.12675,0.08018,-0.02703,64.58638,47.76381,-51.7831
36.078795,-79.008376,9,1.17,153.9,7.85,2748603,7.85,7.84786,-4.25803,4.15693,-0.1266,0.06109,-0.07376,64.79099,47.2815,-53.31775
36.078788,-79.008381,9,1.24,153.9,7.82,2749403,7.82,7.81974,-4.24726,4.13958,-0.14142,0.07254,-0.07422,64.44022,46.02456,-55.26162
36.078788,-79.008381,9,1.24,154.2,7.77,2749603,7.77,7.77129,-4.27956,4.12762,-0.14142,0.05131,-0.08674,64.20638,45.74686,-55.39316
36.078784,-79.008386,9,1.24,154.2,7.85,2750403,7.85,7.84786,-4.267,4.18146,-0.12401,0.11225,-0.06002,64.2356,44.46069,-57.2055
36.078784,-79.008386,9,1.24,154.3,7.77,2750603,7.77,7.77368,-4.26461,4.08574,-0.13806,0.06628,-0.08231,63.88483,44.0076,-58.47705
36.07878,-79.008391,9,1.06,154.3,7.82,2751403,7.82,7.81735,-4.25504,4.07976,-0.16386,0.07315,-0.02978,63.81175,42.09296,-59.2663
36.07878,-79.008391,9,1.06,154.5,7.8,2751603,7.8,7.8006,-4.21795,4.1007,-0.13302,0.04307,-0.09346,63.7679,41.77141,-59.90939
36.078775,-79.008396,9,0.89,154.5,7.81,2752403,7.81,7.81257,-4.26281,4.11625,-0.0927,0.02703,-0.07285,64.0456,40.47062,-61.57556
36.078775,-79.008396,9,0.89,154.4,7.76,2752603,7.76,7.75992,-4.27358,4.18505,-0.07621,0.0646,-0.02932,64.07483,40.29523,-62.11634
36.078769,-79.008404,9,1.24,154.4,7.81,2753403,7.81,7.80898,-4.28016,4.08993,-0.06643,0.05208,-0.00092,64.2356,39.65215,-62.13096
36.078769,-79.008404,9,1.24,154.5,7.8,2753603,7.8,7.80419,-4.23829,4.09173,-0.05666,0.02062,-0.04856,67.30488,39.12599,-61.75095
36.078768,-79.008407,9,0.98,154.5,7.78,2754403,7.78,7.78266,-4.30768,4.12164,-0.04475,0.02459,-0.0452,64.57176,38.9506,-62.48173
36.078768,-79.008407,9,0.98,154.3,7.81,2754603,7.81,7.80599,-4.25982,4.10309,-0.05269,0.03818,-0.01023,64.19176,38.62906,-63.30021
36.078767,-79.008412,9,0.94,154.3,7.81,2755403,7.81,7.80958,-4.24188,4.12283,-0.06567,0.0365,0.01848,64.63022,37.7375,-63.12482
36.078767,-79.008412,9,0.94,154.6,7.8,2755603,7.8,7.80479,-4.22273,4.11087,-0.03726,0.02138,-0.05467,64.68869,37.4598,-63.62175
36.078767,-79.008414,9,0.59,154.6,7.81,2756403,7.81,7.80718,-4.2658,4.10489,-0.02474,0.02764,-0.01787,64.68869,37.37211,-62.96405
36.078767,-79.008414,9,0.59,154.7,7.83,2756603,7.83,7.82872,-4.24487,4.0666,-0.031,0.02092,-0.00214,64.10406,37.47442,-62.77404
36.078764,-79.008418,9,0.56,154.7,7.84,2757403,7.84,7.84008,-4.22513,4.10369,-0.02001,0.03406,0.0029,64.87869,37.53288,-63.00789
36.078764,-79.008418,9,0.56,154.5,7.82,2757603,7.82,7.81556,-4.23649,4.08814,-0.0223,-0.01069,-0.01756,64.64484,37.13826,-63.02251
36.078761,-79.008423,9,0.75,154.5,7.81,2758403,7.81,7.81137,-4.25504,4.09591,-0.02184,-0.00137,-0.01481,64.49869,36.87518,-63.53406
36.078761,-79.008423,9,0.75,154.6,7.78,2758603,7.78,7.78146,-4.28734,4.12164,-0.02489,0.01604,-0.00275,64.73254,36.83134,-62.90559
36.078757,-79.008425,9,0.78,154.6,7.8,2759403,7.8,7.8,-4.22632,4.15035,-0.02505,0.03955,-0.01924,65.0687,36.72903,-63.5779
36.078757,-79.008425,8,0.78,154.7,7.83,2759603,7.83,7.82812,-4.24786,4.1013,-0.02367,0.02673,-0.03314,64.61561,37.19672,-63.81175
36.078752,-79.008426,8,0.74,154.7,7.82,2760403,7.82,7.81795,-4.26461,4.12523,-0.06338,0.03176,-0.00519,65.01023,36.91903,-63.62175
36.078752,-79.008426,8,0.74,154.6,7.79,2760603,7.79,7.79103,-4.24247,4.17548,-0.08476,0.00779,-0.00626,65.11254,35.93978,-63.65098
36.078746,-79.008428,8,0.82,154.6,7.81,2761403,7.81,7.81137,-4.25384,4.17248,-0.06704,0.03986,-0.01985,65.4487,35.09208,-63.91406
36.078746,-79.008428,8,0.82,154.2,7.79,2761603,7.79,7.79402,-4.22872,4.14198,-0.07651,0.04215,-0.0307,65.8287,33.90821,-64.22099
36.07874,-79.008435,8,1.39,154.2,7.81,2762403,7.81,7.81257,-4.23829,4.05942,-0.1602,0.10812,-0.0846,65.90178,32.37357,-65.18562
36.07874,-79.008435,8,1.39,153.5,7.78,2762603,7.78,7.78385,-4.22931,4.12642,-0.19868,0.07422,-0.0956,65.90178,31.92049,-65.46332
36.078731,-79.008441,8,2.23,153.5,7.87,2763403,7.87,7.87179,-4.22692,4.22692,-0.16112,-0.03344,-0.3737,67.21719,28.3689,-67.2318
36.078731,-79.008441,8,2.23,153.3,7.52,2763603,7.52,7.51885,-4.37229,4.06899,-0.22938,0.25824,0.11454,66.86642,27.91582,-66.98334
36.07873,-79.008444,8,1.67,153.3,7.67,2764403,7.67,7.669,-4.05344,4.07558,-0.19517,0.16142,-0.01451,69.93569,24.13037,-65.98948
36.07873,-79.008444,8,1.67,152.9,7.83,2764603,7.83,7.82752,-4.1683,4.00379,-0.1602,0.21319,-0.03955,71.19263,23.09266,-65.62408
36.078723,-79.008452,8,1.93,152.9,7.9,2765403,7.9,7.89931,-4.66182,3.66999,0.14035,1.4618,0.71089,72.43496,23.2242,-64.83485
36.078723,-79.008452,9,1.93,152.8,8.29,2765603,8.29,8.29053,-3.74656,3.45344,-0.51252,-0.73227,-0.1263,75.31424,17.58258,-63.94329
36.078715,-79.008459,9,1.76,152.8,7.46,2766403,7.46,7.45723,-4.3328,4.73899,-0.01863,-0.23488,-0.52229,71.73341,17.94797,-66.76411
36.078715,-79.008459,9,1.76,152.7,7.48,2766603,7.48,7.47518,-4.76949,4.24487,0.12339,0.5707,0.07193,73.04882,20.08185,-63.89944
36.078708,-79.008464,9,1.85,152.7,7.78,2767403,7.78,7.78206,-4.74257,4.14676,-0.03314,0.36117,0.08476,74.97808,17.36334,-62.65712
36.078708,-79.008464,9,1.85,152.8,7.89,2767603,7.89,7.88615,-4.14856,3.92842,-0.22113,0.0646,0.16386,77.14119,14.19176,-61.56095
36.078705,-79.008466,9,1.63,152.8,8.13,2768403,8.13,8.13201,-3.87577,4.07857,-0.18265,0.02016,-0.1182,78.50043,10.87401,-59.96785
36.078705,-79.008466,9,1.63,152.6,7.65,2768603,7.65,7.65045,-4.18206,4.21256,-0.04612,-0.00947,-0.37141,77.55042,12.01403,-60.47939
36.078706,-79.008466,9,1.08,152.6,7.4,2769403,7.4,7.39921,-4.50568,4.27059,-0.13958,0.12401,0.10385,78.17889,13.02251,-60.66939
36.078706,-79.008466,8,1.08,152.3,8.03,2769603,8.03,8.0333,-4.03011,3.98644,-0.11622,0.11102,-0.05895,79.66969,10.81555,-58.4332
36.078702,-79.008469,8,0.83,152.3,8.19,2770403,8.19,8.19123,-4.06182,3.8656,-0.11102,-0.05177,-0.1657,80.48817,10.37708,-55.37854
36.078702,-79.008469,8,0.83,152,7.66,2770603,7.66,7.66062,-4.26401,4.15274,-0.05238,0.13943,0.01619,80.37124,10.55247,-56.35779
36.078698,-79.008472,8,0.83,152,7.89,2771403,7.89,7.89452,-4.5332,3.99482,-0.05238,0.08674,0.10156,81.90588,10.78632,-54.3116
36.078698,-79.008472,7,0.83,151.6,7.75,2771603,7.75,7.75095,-4.09292,4.09412,-0.12294,-0.17135,-0.03406,81.26279,10.304,-55.56855
36.078695,-79.008471,7,0.79,151.6,7.81,2772403,7.81,7.80778,-4.47039,4.12822,-0.17043,-0.22999,0.04032,81.37971,10.8594,-56.76703
36.078695,-79.008471,7,0.79,151.3,7.76,2772603,7.76,7.76112,-4.10489,4.05524,0.06933,0.29688,-0.02443,81.54048,9.96785,-55.67086
36.078691,-79.008472,7,1.21,151.3,7.86,2773403,7.86,7.85982,-4.14856,3.94038,0.00137,0.10415,-0.14707,82.59281,9.09091,-53.01081
36.078691,-79.008472,7,1.21,150.7,7.79,2773603,7.79,7.79163,-4.42852,3.98884,-0.16371,-0.11225,0.0171,82.40281,10.12862,-53.23005
36.078687,-79.008475,7,0.93,150.7,7.84,2774403,7.84,7.83769,-4.29691,4.18086,-0.08048,-0.0223,-0.00428,82.32973,9.16399,-53.36159
36.078687,-79.008475,7,0.93,150.5,7.85,2774603,7.85,7.84547,-4.21556,4.20658,-0.05589,0.01588,-0.03467,82.51974,9.06168,-53.36159
36.078688,-79.008471,7,0.39,150.5,7.71,2775403,7.71,7.70848,-4.267,4.20239,-0.10476,0.04505,0.03925,83.13358,8.91552,-53.23005
36.078688,-79.008471,8,0.39,150,7.83,2775603,7.83,7.83111,-4.17129,3.99841,-0.00611,0.10201,-0.17593,83.4259,9.20783,-52.83543
36.078684,-79.008474,8,1.1,150,7.73,2776403,7.73,7.72762,-4.22572,4.10489,-0.05956,0.06597,-0.13363,84.20052,9.70477,-52.01696
36.078684,-79.008474,8,1.1,149.3,7.86,2776603,7.86,7.85923,-4.30947,4.02891,-0.10583,0.15562,0.05681,84.79977,9.09091,-50.52616
36.078682,-79.008475,8,0.72,149.3,7.83,2777403,7.83,7.8341,-4.02174,4.07797,0.03238,0.29383,-0.08766,85.36978,7.05934,-49.62
36.078682,-79.008475,8,0.72,149.1,7.71,2777603,7.71,7.71326,-5.58425,2.42752,0.9615,0.73075,-1.71592,86.17364,12.75943,-47.03303
36.078671,-79.008478,8,0.67,149.1,2.45,2778403,2.45,2.45085,6.71426,4.669,4.9419,1.36192,-5.00421,51.54926,-36.1444,-29.05583
36.078671,-79.008478,7,0.67,149.3,6.5,2778603,6.5,6.5013,-7.56551,4.00499,4.12303,1.25976,-5.00421,82.44666,29.83046,-42.95528
36.07866,-79.008476,7,2.15,149.3,7.35,2779403,7.35,7.35075,-4.86281,4.61934,1.8358,0.33475,-1.29717,78.82198,11.63402,-58.88629
36.07866,-79.008476,7,2.15,149.3,7.52,2779603,7.52,7.51586,-4.80658,3.41216,0.30391,-0.42806,1.2761,79.34814,14.80561,-57.98012
36.078659,-79.008475,7,0.15,149.3,7.64,2780403,7.64,7.64088,-4.38245,5.47418,1.81931,-1.03251,0.41798,66.41333,28.19351,-68.19643
36.078659,-79.008475,7,0.15,149.2,6.74,2780603,6.74,6.73939,-4.55534,4.92981,1.50059,-1.15255,0.89965,58.90091,38.02982,-66.8518
36.078656,-79.008475,7,0.43,149.2,7.49,2781403,7.49,7.49372,-5.22353,3.94876,1.15759,-0.32223,1.38636,69.26337,49.26922,-36.52441
36.078656,-79.008475,7,0.43,149,8.18,2781603,8.18,8.17568,-4.28016,3.56471,1.48288,-0.43998,0.34468,75.57732,43.10143,-30.02046
36.07864,-79.008479,7,1.53,149,7.7,2782403,7.7,7.6995,-4.44527,4.267,1.2877,-0.41524,0.53329,86.37825,23.04882,-31.45279
36.07864,-79.008479,8,1.53,149.8,7.78,2782603,7.78,7.77548,-4.5344,3.69093,1.23547,-0.92867,0.45555,87.60596,17.62642,-34.37592
36.078641,-79.008481,8,0.91,149.8,7.86,2783403,7.86,7.86222,-4.57328,4.32443,1.42958,-0.73472,0.7477,79.08507,12.04326,-59.38322
36.078641,-79.008481,8,0.91,150.3,7.74,2783603,7.74,7.73958,-4.15514,4.19821,1.31565,-0.92592,0.75549,74.0573,15.47793,-64.83485
36.078632,-79.008485,8,0.97,150.3,7.81,2784403,7.81,7.81197,-4.68515,4.22333,1.17698,-0.67394,0.76526,63.44636,42.75066,-60.20169
36.078632,-79.008485,8,0.97,150.3,7.8,2784603,7.8,7.8012,-4.20598,4.21137,1.17928,-0.62262,0.62751,64.2356,45.23531,-55.77316
36.078624,-79.008488,8,0.67,150.3,7.91,2785403,7.91,7.90708,-3.97388,4.2006,1.13896,-0.32498,0.26786,74.04268,45.24993,-35.69132
36.078624,-79.008488,8,0.67,150.7,7.68,2785603,7.68,7.68335,-4.54517,3.81416,0.82421,-0.71517,0.40271,75.56271,43.40836,-31.35048
36.078619,-79.00849,8,0.13,150.7,7.93,2786403,7.93,7.93101,-4.46919,4.19103,0.59376,-0.59788,0.51908,84.75592,26.83426,-27.46273
36.078619,-79.00849,8,0.13,151.4,7.4,2786603,7.4,7.40459,-4.07258,4.36092,0.86483,-0.29291,0.16402,86.05671,23.63344,-31.11663
36.078618,-79.008491,8,1.09,151.4,7.49,2787403,7.49,7.49133,-4.35494,4.22273,0.77885,-0.11958,0.28619,87.5475,12.87635,-38.73137
36.078618,-79.008491,8,1.09,151.7,7.97,2787603,7.97,7.96571,-4.42852,3.76271,0.62827,-0.301,0.30864,87.66443,11.97018,-39.696
36.078623,-79.008494,8,1.12,151.7,7.33,2788403,7.33,7.3334,-4.22154,4.28375,0.50824,-0.2167,0.43814,82.34435,8.30167,-54.60392
36.078623,-79.008494,8,1.12,151.7,8.24,2788603,8.24,8.2361,-4.56491,3.9021,0.56749,-0.24389,0.219,82.09588,10.04092,-55.51009
36.078621,-79.008501,8,0.79,151.7,8.07,2789403,8.07,8.07099,-3.88056,4.17667,0.63163,-0.19044,-0.13836,75.67963,14.42561,-64.29407
36.078621,-79.008501,8,0.79,152.1,7.38,2789603,7.38,7.38066,-4.68156,4.07258,0.49999,-0.17608,0.17975,73.89652,19.74569,-64.2356
36.07862,-79.008508,8,1.35,152.1,8.01,2790403,8.01,8.00758,-3.97508,4.08335,0.29871,-0.19441,0.39981,71.13417,24.2473,-65.56562
36.07862,-79.008508,8,1.35,152.1,7.55,2790603,7.55,7.54636,-4.15035,4.05165,0.33231,-0.21258,0.3375,70.35954,26.10348,-65.72639
36.078619,-79.008523,8,2.29,152.1,7.64,2791403,7.64,7.64268,-4.27059,4.33879,0.3882,-0.51435,-0.62721,63.06636,35.63285,-66.60333
36.078619,-79.008523,8,2.29,151.6,7.24,2791603,7.24,7.23829,-4.71386,4.02174,0.15027,0.47724,0.9163,64.08945,37.75212,-63.27097
36.078613,-79.008538,8,2.73,151.6,6.54,2792403,6.54,6.53659,-3.88415,2.7673,0.03803,0.32086,-0.08812,65.49255,39.47676,-62.0871
36.078613,-79.008538,8,2.73,151.7,8.09,2792603,8.09,8.09432,-3.32423,4.45244,-0.48365,-0.46853,0.41417,66.2964,33.77667,-64.80562
36.078606,-79.008551,8,1.51,151.7,7.03,2793403,7.03,7.02772,-4.1019,3.90509,-0.42318,-0.77168,-0.31062,64.01637,36.49517,-64.03099
36.078606,-79.008551,8,1.51,152.2,7.89,2793603,7.89,7.89452,-4.3005,4.81077,-0.05009,0.43142,0.01542,63.5779,36.15902,-65.52177
36.078595,-79.008562,8,2.75,152.2,7.19,2794403,7.19,7.19402,-3.87159,4.02891,0.17242,1.06535,0.10889,65.97486,32.60743,-65.81409
36.078595,-79.008562,8,2.75,152.1,8.77,2794603,8.77,8.7667,-5.13141,3.15015,-0.06643,-0.04795,-0.49923,69.20491,36.48056,-60.90324
36.078601,-79.008565,8,0.87,152.1,8.13,2795403,8.13,8.13021,-4.00379,4.62293,0.21961,0.94822,0.06781,67.94797,28.71967,-66.50102
36.078601,-79.008565,8,0.87,150.9,8.35,2795603,8.35,8.34557,-4.57448,3.36969,-0.19578,-0.44624,-0.41294,69.04414,32.9582,-63.9579
36.078601,-79.008569,8,0.7,150.9,7.68,2796403,7.68,7.68276,-4.43151,4.55354,-0.46319,0.11072,1.07421,67.42181,29.20199,-66.34025
36.078601,-79.008569,8,0.7,150.6,8.69,2796603,8.69,8.68774,-3.19621,4.56012,0.26817,0.18112,-0.45739,69.70184,26.77579,-65.36101
36.078605,-79.008577,8,1.36,150.6,7.73,2797403,7.73,7.733,-4.6002,3.45942,0.08186,0.06277,-0.43188,69.4826,32.53435,-64.30868
36.078605,-79.008577,8,1.36,150.3,7.67,2797603,7.67,7.67139,-4.71506,4.2688,-0.48487,-0.18295,0.3737,67.61181,29.84507,-65.9164
36.078612,-79.008583,8,1.63,150.3,7.77,2798403,7.77,7.7671,-3.84826,4.29512,0.04994,0.37782,-0.45082,68.79568,25.32885,-66.72026
36.078612,-79.008583,8,1.63,149.2,6.96,2798603,6.96,6.96132,-4.64686,3.75853,-0.29077,0.02535,-0.18799,69.1026,27.08272,-66.82256
36.078616,-79.008588,8,1.1,149.2,8.9,2799403,8.9,8.90429,-4.45663,3.53061,-0.45555,-0.49633,-0.37981,74.55422,20.12569,-63.40252
36.078616,-79.008588,8,1.1,148.1,5.65,2799603,5.65,5.64646,-3.59402,3.57548,-0.21273,0.3178,-0.00779,71.66033,19.78954,-66.12102
36.078622,-79.008594,8,1.42,148.1,10.25,2800403,10.25,10.25145,-3.49053,1.05105,-1.6669,0.67623,-0.25947,86.04209,6.88395,-45.05993
36.078622,-79.008594,8,1.42,147.2,8.62,2800603,8.62,8.61596,-4.51286,1.07079,-1.44363,0.35843,-0.85842,87.89828,11.13709,-39.40368
36.07863,-79.008599,8,1.97,147.2,7.59,2801403,7.59,7.58764,-4.84068,3.70349,-2.13528,0.03497,-0.43265,87.51827,19.77492,-34.69746
36.07863,-79.008599,8,1.97,146.3,8.12,2801603,8.12,8.12303,-3.54497,4.92144,-2.46622,1.58107,-0.78114,86.86057,24.20345,-32.51973
36.078632,-79.008608,8,1.59,146.3,4.38,2802403,4.38,4.37528,9.02393,-3.27458,-0.72662,1.89765,3.43825,62.20403,-17.58258,4.57469
36.078632,-79.008608,7,1.59,146.1,-3.62,2802603,-3.62,-3.61675,9.14896,-3.26202,0.51236,2.53616,4.71252,22.25957,-11.7071,4.64776
36.078632,-79.008609,7,0.44,146.1,7.03,2803403,7.03,7.0337,1.61695,5.88933,-0.96807,-0.25336,-2.22752,80.44431,25.46039,-55.34932
36.078632,-79.008609,7,0.44,145.4,7.2,2803603,7.2,7.2006,-3.84168,6.55932,0.5342,1.23425,-3.16566,63.60713,48.64075,-54.56007
36.078621,-79.008612,7,1.93,145.4,7.8,2804403,7.8,7.803,-3.45883,4.40519,-1.06947,1.14568,-0.9166,70.228,18.62029,-67.84566
36.078621,-79.008612,7,1.93,145.3,7.81,2804603,7.81,7.80898,-5.06082,3.36132,-0.57467,1.12033,-1.27503,76.27886,20.52032,-63.08097
36.078623,-79.008611,7,0.72,145.3,8.05,2805403,8.05,8.04826,-4.10608,4.18804,0.29642,1.03465,-0.53909,82.41742,8.25782,-53.90237
36.078623,-79.008611,8,0.72,144.1,7.9,2805603,7.9,7.89751,-4.61516,3.91705,-0.34315,0.03772,-0.39294,84.01052,10.94709,-52.04618
36.078621,-79.008607,8,0.68,144.1,7.54,2806403,7.54,7.54337,-4.62353,4.54277,-0.97387,0.09911,0.20128,84.91669,11.02017,-49.03537
36.078621,-79.008607,7,0.68,144.1,7.72,2806603,7.72,7.72104,-3.91705,4.48594,-0.28986,0.71089,-0.68615,85.7644,8.95937,-46.28764
36.078619,-79.008613,7,2.03,144.1,7.44,2807403,7.44,7.44407,-4.60439,4.10369,-0.38378,0.37981,-0.52687,87.56211,19.07337,-36.27594
36.078619,-79.008613,7,2.03,143.5,7.67,2807603,7.67,7.6678,-4.60858,4.15035,-0.54596,0.15959,-0.01466,87.32827,20.24262,-34.3613
36.078615,-79.008614,7,1.12,143.5,7.78,2808403,7.78,7.77667,-5.71286,4.28196,-1.9595,1.89674,5.00344,85.64747,25.10962,-34.90208
36.078615,-79.008614,7,1.12,142.7,8.36,2808603,8.36,8.35813,0.54437,3.06102,-0.42699,-0.36011,0.42455,85.9544,-9.12014,-25.67963
36.078613,-79.008614,7,0.21,142.7,8.08,2809403,8.08,8.07578,-2.34317,4.14198,-0.02718,-0.63667,-0.74266,88.43906,10.08477,-31.21894
36.078613,-79.008614,7,0.21,141.8,7.24,2809603,7.24,7.23829,-5.10628,4.53021,0.39569,0.04795,-0.99403,86.84595,24.04268,-35.79362
36.078609,-79.008618,7,0.48,141.8,7.2,2810403,7.2,7.2024,-5.01416,4.22812,0.10507,0.26466,0.0281,86.75826,24.21807,-33.32359
36.078609,-79.008618,7,0.48,141.2,7.96,2810603,7.96,7.95554,-4.34656,4.05942,-0.23045,0.11866,0.59132,87.79597,20.19877,-30.41508
36.07861,-79.008619,7,0.67,141.2,7.84,2811403,7.84,7.84188,-4.01037,4.08395,-0.30436,-0.09239,0.29841,88.36597,18.26951,-31.80357
36.07861,-79.008619,7,0.67,140.5,7.78,2811603,7.78,7.78325,-3.81536,4.52363,-0.05162,-0.09423,-0.26008,88.73137,18.59105,-32.41742
36.078603,-79.008621,7,0.55,140.5,7.62,2812403,7.62,7.61755,-4.61516,4.96092,-0.0617,0.20739,0.12767,87.32827,22.31804,-34.47822
36.078603,-79.008621,8,0.55,140,7.6,2812603,7.6,7.59901,-3.86979,4.07079,0.11423,0.46853,0.09774,88.19058,20.84186,-30.152
36.078597,-79.008613,8,1.67,140,6.89,2813403,6.89,6.88894,-3.99302,3.0347,0.21609,0.25473,-0.79962,86.04209,26.73195,-27.65273
36.078597,-79.008613,8,1.67,140.7,7.65,2813603,7.65,7.65045,-5.36411,5.44666,-0.59712,-0.47815,0.21273,86.20287,26.60041,-31.45279
36.078587,-79.008611,8,1.91,140.7,7.84,2814403,7.84,7.84427,-4.64925,3.90748,-0.61178,0.26603,0.60124,84.65361,29.4943,-26.0304
36.078587,-79.008611,8,1.91,140.4,8.08,2814603,8.08,8.08176,-3.46541,4.27358,-0.41814,0.01359,-0.4748,86.10056,26.45425,-28.03274
36.078575,-79.008618,8,1.38,140.4,15.23,2815403,15.23,15.22792,7.8676,-10.98007,-0.44608,-3.16459,-0.7083,63.3879,51.84157,-49.07922
36.078575,-79.008618,8,1.38,141.5,3.54,2815603,3.54,3.54377,-4.24008,4.78983,2.03983,3.64412,2.82785,65.53639,51.24233,-45.45455
36.078565,-79.008625,8,1.07,141.5,4.78,2816403,4.78,4.78086,-6.62752,6.3332,-0.12569,0.14142,2.31915,76.54195,42.54604,-40.79217
36.078565,-79.008625,8,1.07,142.5,18.24,2816603,18.24,18.23929,-19.59961,19.59961,2.12795,0.71212,1.98272,88.07366,16.35487,-29.26045
36.07856,-79.008633,8,0.63,142.5,5.91,2817403,5.91,5.91087,-4.6995,5.38744,1.56809,-0.78084,2.76493,58.50629,33.86437,-71.25109
36.07856,-79.008633,8,0.63,143.5,9,2817603,9,9.0012,-3.08913,3.68255,2.11879,0.27611,2.15208,68.97106,36.65595,-61.83865
36.078556,-79.008637,8,0.41,143.5,7.83,2818403,7.83,7.82573,-3.52104,3.25902,1.99203,-0.24083,0.58964,81.56972,35.72055,-28.12043
36.078556,-79.008637,8,0.41,144.7,8.2,2818603,8.2,8.19661,-4.5661,4.26341,1.57069,-1.15927,0.32712,83.45512,32.25665,-25.28501
36.078551,-79.008639,8,0.38,144.7,7.69,2819403,7.69,7.68754,-4.22214,3.76989,1.41354,0.31872,1.30557,87.69366,9.07629,-42.47296
36.078551,-79.008639,8,0.38,144.8,8.7,2819603,8.7,8.7027,-3.59761,3.68854,1.10903,-0.72861,0.69104,86.52441,3.30313,-44.82608
36.078547,-79.008644,8,0.78,144.8,6.77,2820403,6.77,6.7681,-3.17767,4.20299,0.97189,0.06597,0.38866,73.63344,15.65332,-66.82256
36.078547,-79.008644,8,0.78,144.9,6.74,2820603,6.74,6.74238,-4.07378,2.44367,0.48946,0.21289,1.57588,78.10582,16.34025,-61.25402
36.078543,-79.008654,8,1.37,144.9,8.18,2821403,8.18,8.17867,-4.89093,6.57787,0.43936,-0.88774,3.82325,67.26103,47.16457,-51.2131
36.078543,-79.008654,8,1.37,144.4,7.36,2821603,7.36,7.36152,-1.27657,6.22732,2.17514,-0.08048,1.04611,81.62818,31.04355,-44.753
36.078539,-79.008665,8,1.67,144.4,8.91,2822403,8.91,8.91147,-5.78584,4.6672,0.75564,-0.24129,2.49218,87.98597,15.09793,-35.16515
36.078539,-79.008665,8,1.67,144.6,8.26,2822603,8.26,8.25943,-2.61595,4.05404,1.2057,-0.5426,0.47373,86.87518,0.95001,-40.60216
36.078536,-79.008668,8,0.71,144.6,9.72,2823403,9.72,9.71905,-3.61496,3.62453,1.00976,-0.79306,-0.57284,82.32973,7.10319,-55.67086
36.078536,-79.008668,8,0.71,145,7.22,2823603,7.22,7.22393,-4.74616,4.45962,0.36621,-1.22784,0.37049,73.54575,12.9202,-66.54488
36.078529,-79.008679,8,1.47,145,7.08,2824403,7.08,7.07617,-5.26241,2.92343,-0.03894,0.35018,1.87688,72.33265,26.71733,-63.70944
36.078529,-79.008679,8,1.47,145.5,8.94,2824603,8.94,8.93839,-2.21037,4.10309,0.28818,-0.5032,0.18769,74.91961,15.55101,-64.57176
36.078525,-79.008689,8,1.65,145.5,7.37,2825403,7.37,7.37169,-2.48674,6.0006,0.16157,-0.37217,0.73762,63.51944,27.18504,-70.62262
36.078525,-79.008689,8,1.65,144.5,8.25,2825603,8.25,8.25225,-3.69871,4.65165,1.56992,1.82908,-0.61621,68.57644,32.94358,-65.11254
36.078516,-79.0087,8,1.85,144.5,6.48,2826403,6.48,6.48096,-4.17069,3.42951,0.47281,-0.40287,-0.5313,62.86174,43.58375,-60.71324
36.078516,-79.0087,8,1.85,144.1,9.03,2826603,9.03,9.0347,-3.87278,5.22234,0.19731,0.2448,0.70311,66.54488,40.92371,-60.114
36.078511,-79.008707,8,1.9,144.1,8.92,2827403,8.92,8.91685,-2.78046,2.88036,0.61621,-0.03146,-1.34329,70.228,44.76761,-51.57849
36.078511,-79.008707,8,1.9,143.7,7.11,2827603,7.11,7.11207,-4.71685,3.31406,-0.46991,-0.44303,1.10597,67.02719,47.09149,-51.50541
36.078501,-79.008717,8,1.89,143.7,7.7,2828403,7.7,7.69711,-4.50568,5.10927,0.13317,-0.40424,0.5962,62.01403,50.86232,-50.02923
36.078501,-79.008717,8,1.89,144.3,7.24,2828603,7.24,7.24487,-2.97727,3.68854,0.40852,0.45219,0.93157,69.20491,46.17071,-48.93306
36.078499,-79.00871,8,0.61,144.3,8.13,2829403,8.13,8.13201,-4.03609,2.78525,2.86923,-1.43859,1.89506,80.21046,34.77053,-22.96112
36.078499,-79.00871,7,0.61,145.1,8.06,2829603,8.06,8.05843,-4.65524,3.54437,3.11618,-2.35214,1.3013,86.05671,20.56416,-27.81351
36.078494,-79.008714,7,0.82,145.1,7.92,2830403,7.92,7.91905,-4.57328,4.09472,2.80005,0.24236,2.27715,66.98334,33.64513,-64.16253
36.078494,-79.008714,7,0.82,145.6,9.05,2830603,9.05,9.04726,-3.22732,3.31526,2.7999,-1.25838,0.48442,72.72727,41.2891,-52.36773
36.078485,-79.008722,7,1.47,145.6,7.96,2831403,7.96,7.96212,-4.73899,3.9344,2.24188,-0.99907,0.88423,87.3575,21.13417,-28.93891
36.078485,-79.008722,7,1.47,145.5,7.29,2831603,7.29,7.29153,-3.65982,3.70349,1.9198,-1.20264,0.98044,88.58521,12.14557,-38.02982
36.078482,-79.008729,7,1.16,145.5,7.82,2832403,7.82,7.82453,-4.14497,4.19581,1.69042,-0.57635,0.1095,74.94884,17.42181,-64.51331
36.078482,-79.008729,7,1.16,145.8,8.01,2832603,8.01,8.00519,-4.72463,3.57906,1.07222,-0.96563,0.79138,70.19878,26.46887,-65.85793
36.078483,-79.008731,7,0.79,145.8,7.53,2833403,7.53,7.53081,-3.83091,4.29392,0.78893,-0.68982,0.31841,64.58638,41.65449,-61.15171
36.078483,-79.008731,7,0.79,144.8,7.85,2833603,7.85,7.85324,-4.08814,4.06002,1.03511,-0.06307,0.25794,64.67407,46.31686,-56.02163
36.078471,-79.008736,7,1.06,144.8,8.03,2834403,8.03,8.02672,-4.0331,4.25863,0.9925,-0.19242,0.27061,71.54341,47.06226,-40.5437
36.078471,-79.008736,8,1.06,146.1,7.74,2834603,7.74,7.74377,-4.21496,3.95833,0.87445,-0.42196,0.31093,72.80035,47.23765,-35.41362
36.07846,-79.008743,8,1.29,146.1,8.1,2835403,8.1,8.09731,-3.92303,4.05225,0.60369,-0.7532,0.52458,82.4905,33.36744,-28.42736
36.07846,-79.008743,8,1.29,147.1,7.68,2835603,7.68,7.68036,-4.09173,4.59841,0.96379,-0.22327,0.20922,84.72668,29.99123,-29.69892
36.078453,-79.008752,8,1.43,147.1,7.39,2836403,7.39,7.39143,-4.08036,4.23171,0.6214,-0.489,0.11423,88.02982,15.90178,-35.36977
36.078453,-79.008752,8,1.43,147.3,8.32,2836603,8.32,8.31925,-4.49791,3.8339,0.68845,0.10782,0.5901,88.36597,13.46098,-34.0836
36.07845,-79.00876,8,1.35,147.3,8.06,2837403,8.06,8.05723,-4.133,3.6006,0.66218,0.0113,0.48167,86.11517,7.29319,-46.62379
36.07845,-79.00876,8,1.35,147.4,7.99,2837603,7.99,7.98784,-3.91526,4.12044,0.58719,-0.45326,0.15959,85.20901,6.85472,-49.22537
36.078447,-79.008763,8,0.92,147.4,8.29,2838403,8.29,8.29292,-4.05105,3.58445,0.34774,-0.83139,0.13607,78.96814,12.48173,-60.28939
36.078447,-79.008763,8,0.92,148.8,7.21,2838603,7.21,7.20898,-3.90628,4.27956,0.61881,0.09087,0.41096,75.81116,14.07483,-64.84946
36.078443,-79.008771,8,1.45,148.8,8.41,2839403,8.41,8.41257,-4.00678,4.01217,0.55573,0.19761,0.37874,72.59573,22.36188,-66.2964
36.078443,-79.008771,8,1.45,148.5,7.99,2839603,7.99,7.99382,-3.77767,3.78006,0.22678,-0.97647,-0.12675,69.58492,24.37884,-67.67027
36.078445,-79.008779,8,1.09,148.5,8.83,2840403,8.83,8.82712,-4.1689,3.89193,0.57376,0.27565,-0.49114,69.26337,32.38819,-63.98714
36.078445,-79.008779,8,1.09,148.1,7.38,2840603,7.38,7.38305,-4.48295,3.47617,-0.18479,-0.56337,0.42929,66.47179,34.82899,-64.3233
36.078446,-79.008784,8,0.93,148.1,7.89,2841403,7.89,7.88973,-4.0678,3.83869,-0.10339,-0.45235,0.26389,66.72026,35.8667,-64.99561
36.078446,-79.008784,8,0.93,147.7,7.92,2841603,7.92,7.91845,-3.82911,4.41715,0.32437,0.1347,-0.14905,66.04794,35.66209,-65.15639
36.078439,-79.008784,8,0.74,147.7,7.6,2842403,7.6,7.59781,-4.14736,4.17548,0.30604,0.33552,0.15592,65.05408,39.35984,-63.40252
36.078439,-79.008784,8,0.74,148.9,8.34,2842603,8.34,8.34018,-4.00259,3.94457,0.14875,-0.13439,0.04414,67.12949,40.52908,-61.21017
36.078435,-79.008785,8,0.82,148.9,7.68,2843403,7.68,7.67917,-4.26521,3.94337,0.07407,0.02107,0.21991,65.11254,43.2622,-59.33937
36.078435,-79.008785,8,0.82,149.6,8.14,2843603,8.14,8.14397,-3.99003,4.21615,0.02306,-0.20052,0.12004,65.53639,42.35603,-59.51476
36.078427,-79.008782,8,0.93,149.6,7.63,2844403,7.63,7.62593,-3.94517,4.14915,0.2897,0.09652,-0.13851,65.0687,44.22683,-56.85472
36.078427,-79.008782,8,0.93,150.2,8.24,2844603,8.24,8.24387,-4.29153,4.01037,0.16402,-0.02596,0.01939,65.741,45.51301,-54.22391
36.07842,-79.008779,8,0.96,150.2,7.62,2845403,7.62,7.62174,-3.91227,4.17787,0.12477,-0.00825,0.19929,66.26717,46.21456,-53.66852
36.07842,-79.008779,8,0.96,150.7,8.16,2845603,8.16,8.16192,-4.07139,4.20419,0.21884,0.03146,0.04398,67.65565,46.95995,-51.63695
36.078418,-79.008784,8,0.66,150.7,7.9,2846403,7.9,7.8999,-4.14616,4.09292,0.146,-0.16554,-0.06735,67.65565,47.85151,-49.15229
36.078418,-79.008784,8,0.66,150.6,7.85,2846603,7.85,7.84547,-4.15334,4.27896,0.10232,-0.08552,0.11561,67.34873,47.98305,-48.8746
36.078415,-79.008786,8,0.44,150.6,7.96,2847403,7.96,7.96272,-4.01217,4.19223,0.08216,0.05956,0.30711,68.98568,47.6615,-45.8784
36.078415,-79.008786,8,0.44,150.9,7.95,2847603,7.95,7.95195,-3.84227,4.16531,0.17654,-0.07269,-0.06949,69.78954,47.29611,-44.69453
36.078405,-79.008784,8,1.05,150.9,7.94,2848403,7.94,7.94118,-4.09831,4.09711,0.07743,-0.14905,-0.00779,70.56416,47.60304,-41.40602
36.078405,-79.008784,8,1.05,151.4,7.8,2848603,7.8,7.8006,-4.05883,4.24905,0.0759,-0.08674,0.03329,70.21339,47.77843,-42.00526
36.078393,-79.008786,8,1.44,151.4,7.85,2849403,7.85,7.85324,-4.07617,4.15633,0.10675,0.02337,0.08476,71.73341,46.78456,-40.076
36.078393,-79.008786,8,1.44,152,7.95,2849603,7.95,7.94537,-4.0014,4.06481,0.11668,-0.00428,0.01634,72.90266,47.09149,-39.37445
36.078387,-79.008793,8,1.16,152,7.8,2850403,7.8,7.8012,-4.05942,4.14975,0.08384,-0.05941,-0.00336,73.15112,46.33148,-38.27828
36.078387,-79.008793,8,1.16,152,7.94,2850603,7.94,7.94297,-4.09891,4.16291,0.05742,-0.0423,0.08216,73.63344,45.54224,-37.10903
36.078387,-79.008802,8,0.79,152,7.92,2851403,7.92,7.91665,-3.97986,4.24188,0.05727,-0.0785,0.00199,74.49577,44.65068,-36.2321
36.078387,-79.008802,8,0.79,151.2,7.79,2851603,7.79,7.78804,-4.07019,4.17787,0.12431,0.09743,0.01191,74.86115,44.44607,-35.74978
36.078382,-79.008805,8,0.63,151.2,7.68,2852403,7.68,7.67737,-4.03729,4.07438,0.08583,0.07147,0.04917,75.67963,43.46682,-34.14207
36.078382,-79.008805,8,0.63,152.2,8.03,2852603,8.03,8.03211,-4.03669,4.02652,0.01084,-0.04123,0.08735,76.29348,42.92604,-32.73896
36.078381,-79.008809,8,0.13,152.2,7.7,2853403,7.7,7.69831,-4.07617,4.10369,0.04154,0.07987,0.09117,76.67349,42.70681,-33.36744
36.078381,-79.008809,8,0.13,152.2,8.24,2853603,8.24,8.23969,-4.04327,4.0684,0.01222,-0.11316,-0.07178,76.89272,42.16603,-32.54896
36.078377,-79.008811,8,0.54,152.2,7.9,2854403,7.9,7.90469,-4.13599,4.08814,0.01329,0.12477,0.00214,76.71734,42.19526,-32.47588
36.078377,-79.008811,8,0.54,151.5,7.95,2854603,7.95,7.94896,-4.05284,4.0672,-0.07086,-0.00367,0.01833,77.36042,42.10757,-32.4905
36.078373,-79.008818,8,0.54,151.5,8.03,2855403,8.03,8.03211,-4.01276,4.1348,-0.07346,0.0817,-0.03253,76.57118,42.03449,-32.89974
36.078373,-79.008818,8,0.54,151.6,7.86,2855603,7.86,7.86401,-4.05524,4.21137,-0.10919,-0.02825,-0.09453,76.14732,42.86758,-33.95206
36.078374,-79.008821,8,0.45,151.6,7.9,2856403,7.9,7.89811,-4.13659,4.08694,-0.14279,0.1237,0.01222,75.13885,44.34376,-34.90208
36.078374,-79.008821,8,0.45,151.1,8.03,2856603,8.03,8.02613,-3.94816,4.02832,-0.12309,0.07132,-0.0985,75.285,43.59836,-35.019
36.078373,-79.008824,8,0.23,151.1,7.83,2857403,7.83,7.82692,-4.09891,4.08275,-0.19074,0.00061,-0.08613,72.82958,45.8784,-37.48904
36.078373,-79.008824,8,0.23,151.8,8.02,2857603,8.02,8.02194,-4.00559,4.09472,-0.15715,0.07315,-0.09865,72.21572,46.03917,-38.52674
36.07837,-79.008824,8,0.18,151.8,7.92,2858403,7.92,7.92144,-4.05045,4.03789,-0.14997,0.1547,-0.03421,71.45572,46.15609,-40.96755
36.07837,-79.008824,8,0.18,153.3,7.93,2858603,7.93,7.92802,-4.06481,4.04267,-0.16906,0.00015,-0.12263,71.17802,47.16457,-41.65449
36.078362,-79.008825,8,0.69,153.3,7.93,2859403,7.93,7.92682,-3.97029,4.1665,-0.13943,0.07697,-0.08705,70.65186,46.76995,-44.53376
36.078362,-79.008825,8,0.69,154.3,7.9,2859603,7.9,7.89931,-4.07916,4.05105,-0.11851,0.07987,-0.12843,69.58492,46.69687,-44.57761
36.078366,-79.008831,8,0.21,154.3,7.82,2860403,7.82,7.82274,-4.01875,4.18265,-0.12813,0.09362,-0.01283,69.42415,46.79918,-46.79918
36.078366,-79.008831,7,0.21,153.8,7.92,2860603,7.92,7.91725,-3.82852,4.42014,0.15424,-0.02505,0.20082,69.89185,46.37533,-46.66764
36.078369,-79.008836,7,0.06,153.8,8.05,2861403,8.05,8.04886,-4.18026,3.77707,-0.5116,-0.1492,-0.09881,68.57644,46.98919,-47.17919
36.078369,-79.008836,8,0.06,153.9,7.71,2861603,7.71,7.70908,-3.9356,4.33161,-0.34376,-0.05452,-0.2051,67.61181,46.62379,-50.83309
36.078368,-79.00884,8,0.17,153.9,7.95,2862403,7.95,7.95075,-4.09711,3.93619,-0.12477,0.00061,-0.04872,67.02719,46.02456,-53.55159
36.078368,-79.00884,8,0.17,154.2,7.89,2862603,7.89,7.89392,-4.04746,4.04387,-0.08338,0.03375,-0.01252,67.12949,45.39608,-53.77083
36.078368,-79.008845,8,0.31,154.2,7.76,2863403,7.76,7.76112,-4.10429,4.33639,0.1857,0.15027,-0.13867,66.09179,46.36071,-53.05466
36.078368,-79.008845,8,0.31,154.5,7.79,2863603,7.79,7.79283,-4.34537,4.19641,-0.08873,-0.09392,-0.01649,66.13564,47.4715,-52.76235
36.078367,-79.008848,8,0.09,154.5,7.76,2864403,7.76,7.75693,-4.08096,4.44108,-0.13088,-0.06384,-0.06552,66.25256,46.41918,-53.68313
36.078367,-79.008848,8,0.09,155.1,7.61,2864603,7.61,7.60858,-4.05225,4.57867,0.07254,0.09255,0.01466,66.03333,46.09763,-54.70623
36.078363,-79.008852,8,0.08,155.1,7.71,2865403,7.71,7.70668,-4.10608,4.46142,0.03574,-0.06353,-0.04261,66.04794,47.10611,-53.08389
36.078363,-79.008852,8,0.08,156,7.68,2865603,7.68,7.68096,-4.32862,4.32742,0.15577,0.14905,0.0223,66.16486,47.51535,-52.23619
36.078361,-79.008857,8,0.14,156,7.38,2866403,7.38,7.38485,-4.45783,4.56371,-0.02367,0.16707,-0.10873,64.83485,48.5969,-54.16545
36.078361,-79.008857,8,0.14,156.9,7.52,2866603,7.52,7.52124,-4.57268,4.41655,-0.04261,-0.01604,-0.00809,64.30868,48.65536,-53.96083
36.078359,-79.008863,8,0.21,156.9,7.61,2867403,7.61,7.61217,-4.20539,4.45843,-0.01069,0.0423,-0.19151,65.50716,47.12073,-54.3993
36.078359,-79.008863,8,0.21,157.5,7.63,2867603,7.63,7.6343,-4.49073,4.41536,-0.03757,0.04352,-0.08812,64.60099,48.08536,-53.12774
36.078357,-79.00887,8,0.26,157.5,7.55,2868403,7.55,7.55474,-4.33639,4.47458,-0.08735,0.02627,-0.12095,64.65946,47.52996,-52.92312
36.078357,-79.00887,8,0.26,158.1,7.63,2868603,7.63,7.63011,-4.4351,4.48834,-0.11301,0.00061,-0.03864,64.58638,47.45689,-53.36159
36.078353,-79.008876,8,0.24,158.1,7.63,2869403,7.63,7.6337,-4.26162,4.61396,-0.00076,0.05681,0.05773,64.68869,46.90149,-53.8439
36.078353,-79.008876,8,0.24,158.7,7.61,2869603,7.61,7.60618,-4.0995,4.6355,-0.08934,-0.05666,-0.07223,64.73254,46.65303,-54.47237
36.07835,-79.008883,8,0.01,158.7,7.57,2870403,7.57,7.5679,-4.19581,4.55474,0.00168,0.03757,-0.01817,64.99561,47.32534,-53.2739
36.07835,-79.008883,8,0.01,159.3,7.68,2870603,7.68,7.68276,-4.22752,4.56969,-0.04688,-0.01741,-0.00275,65.34639,47.41304,-54.03391
36.078346,-79.008894,8,0.52,159.3,7.63,2871403,7.63,7.6331,-4.30648,4.42911,-0.06552,0.15852,-0.04475,65.69717,47.13534,-53.23005
36.078346,-79.008894,9,0.52,159.7,7.55,2871603,7.55,7.55055,-4.34896,4.52423,-0.05727,-0.11118,-0.13897,64.86407,47.67612,-54.35545
36.078343,-79.008902,9,0.18,159.7,7.55,2872403,7.55,7.55115,-4.23231,4.54876,-0.06384,-0.03039,-0.00504,64.92254,47.10611,-53.44928
36.078343,-79.008902,8,0.18,159.7,7.57,2872603,7.57,7.57328,-4.29272,4.51406,0.00672,0.07636,-0.02963,64.22099,47.25227,-53.24467
36.07834,-79.00891,8,0.2,159.7,7.56,2873403,7.56,7.56012,-4.20419,4.65045,-0.13118,-0.02413,-0.03115,64.86407,46.59456,-54.29699
36.07834,-79.00891,8,0.2,159.8,7.52,2873603,7.52,7.51586,-4.06541,4.69891,-0.07957,0.04246,-0.01833,64.68869,46.46302,-54.60392
36.078337,-79.008916,8,0.18,159.8,7.6,2874403,7.6,7.59542,-4.06062,4.67797,-0.0391,0.01344,-0.00046,65.88716,46.37533,-55.02777
36.078337,-79.008916,8,0.18,159.9,7.71,2874603,7.71,7.71147,-4.1001,4.60379,-0.01726,0.05437,-0.00321,65.88716,46.60918,-54.48699
36.078335,-79.008922,8,0.13,159.9,7.57,2875403,7.57,7.57029,-4.05225,4.69532,-0.12324,-0.00718,-0.06017,65.49255,46.43379,-54.32622
36.078335,-79.008922,8,0.13,159.6,7.61,2875603,7.61,7.61217,-4.0349,4.67378,-0.04505,-0.01955,-0.02657,65.47793,46.69687,-54.32622
36.078333,-79.00893,8,0.2,159.6,7.62,2876403,7.62,7.61516,-4.05823,4.61516,-0.07895,0.01237,-0.16188,65.98948,46.59456,-53.34697
36.078333,-79.00893,8,0.2,159.3,7.69,2876603,7.69,7.69292,-4.10728,4.62533,-0.07285,0.07514,0.03589,66.23795,46.28764,-53.15697
36.07833,-79.008937,8,0.2,159.3,7.61,2877403,7.61,7.61456,-4.12702,4.60319,-0.02611,0.07285,0.02001,65.47793,46.84303,-53.09851
36.07833,-79.008937,8,0.2,159.3,7.64,2877603,7.64,7.63968,-4.00738,4.6337,-0.01191,-0.08781,-0.00519,65.58024,46.55072,-53.47852
36.078328,-79.008944,8,0.16,159.3,7.67,2878403,7.67,7.67199,-4.07139,4.61396,-0.12248,0.03864,-0.12996,66.55949,47.3838,-53.69775
36.078328,-79.008944,8,0.16,159.2,7.62,2878603,7.62,7.61576,-4.16949,4.6002,-0.04841,0.06307,-0.06231,65.72639,47.2815,-53.59544
36.078326,-79.00895,8,0.16,159.2,7.61,2879403,7.61,7.60798,-4.22872,4.52782,0.12019,0.08109,0.01405,65.59486,47.44227,-52.13388
36.078326,-79.00895,8,0.16,159.2,7.65,2879603,7.65,7.64985,-4.28674,4.53859,-0.14294,-0.00535,-0.0704,66.32564,47.7492,-52.82081
36.078324,-79.008956,8,0.18,159.2,7.52,2880403,7.52,7.52363,-4.25025,4.61336,-0.04917,0.00092,0.03009,64.96638,46.98919,-54.98392
36.078324,-79.008956,8,0.18,159.2,7.53,2880603,7.53,7.53261,-4.24547,4.68395,0.05681,0.03833,0.03711,65.30254,46.98919,-54.37007
36.078322,-79.008961,8,0.26,159.2,7.56,2881403,7.56,7.56252,-4.09891,4.68634,0.01313,0.01512,0.03803,65.68255,46.49226,-55.437
36.078322,-79.008961,8,0.26,159.5,7.62,2881603,7.62,7.61635,-4.05344,4.666,0.03085,-0.05544,0.03054,65.75563,46.30225,-55.07162
36.078319,-79.008966,8,0.33,159.5,7.72,2882403,7.72,7.71865,-4.0666,4.62473,-0.13806,-0.01756,-0.08369,66.63256,46.40456,-54.01929
36.078319,-79.008966,8,0.33,159.6,7.51,2882603,7.51,7.51406,-4.02951,4.63908,0.0084,0.05116,-0.04398,65.08331,47.13534,-55.3347
36.078318,-79.008969,8,0.23,159.6,7.58,2883403,7.58,7.58286,-4.03071,4.65703,0.04139,-0.00428,-0.04933,66.72026,46.7261,-53.97544
36.078318,-79.008969,8,0.23,159.8,7.7,2883603,7.7,7.69891,-4.1324,4.57627,0.02642,0.08384,0.0139,66.23795,47.06226,-53.62467
36.078316,-79.008973,8,0.21,159.8,7.67,2884403,7.67,7.66601,-4.1677,4.55713,-0.02459,0.00641,-0.02795,65.94563,46.74072,-54.07775
36.078316,-79.008973,8,0.21,159.9,7.61,2884603,7.61,7.61037,-4.03968,4.61934,-0.03512,-0.04475,0.00199,65.30254,46.18533,-53.49313
36.078314,-79.008978,8,0.22,159.9,7.6,2885403,7.6,7.59841,-4.08096,4.60439,-0.01023,0.03115,-0.02459,65.97486,47.09149,-52.64543
36.078314,-79.008978,8,0.22,160.2,7.66,2885603,7.66,7.66122,-4.01037,4.61815,-0.10415,0.03543,0.00764,66.13564,46.47764,-53.91698
36.078312,-79.008982,8,0.31,160.2,7.56,2886403,7.56,7.56252,-3.98644,4.64148,-0.02382,0.05986,0.03375,66.26717,46.63841,-52.9085
36.078312,-79.008982,8,0.31,160.4,7.68,2886603,7.68,7.67976,-4.03789,4.59362,0.02413,-0.03253,-0.02856,66.17948,46.50687,-52.77697
36.078311,-79.008986,8,0.18,160.4,7.55,2887403,7.55,7.55414,-3.97747,4.66421,0.00504,0.19059,-0.10003,66.07717,46.7261,-53.7416
36.078311,-79.008986,8,0.18,160.3,7.74,2887603,7.74,7.74258,-4.15274,4.57029,-0.05941,0.00977,-0.08308,66.00409,46.50687,-53.43467
36.078309,-79.00899,8,0.14,160.3,7.66,2888403,7.66,7.66361,-4.11506,4.60439,-0.05284,0.02886,0.01069,66.22333,46.00994,-52.76235
36.078309,-79.00899,8,0.14,160.6,7.69,2888603,7.69,7.69412,-3.9673,4.60738,-0.04841,-0.08354,-0.03482,66.22333,46.18533,-53.33236
36.078308,-79.008993,8,0.1,160.6,7.67,2889403,7.67,7.67139,-4.05942,4.63669,-0.03574,-0.0281,-0.00183,65.90178,47.3838,-53.69775
36.078308,-79.008993,8,0.1,160.5,7.75,2889603,7.75,7.74736,-4.02712,4.61994,-0.01756,-0.05315,0.01206,66.1064,46.97457,-52.9085
36.078307,-79.008997,8,0.25,160.5,7.66,2890403,7.66,7.65643,-4.04327,4.65942,-0.00825,0.08934,0.01344,66.42795,46.85764,-52.10464
36.078307,-79.008997,8,0.25,160.4,7.63,2890603,7.63,7.6349,-3.9996,4.67318,-0.02779,-0.00244,-0.03344,66.01871,47.13534,-53.04005
36.078305,-79.009001,8,0.28,160.4,7.7,2891403,7.7,7.7025,-4.0672,4.64507,-0.01237,0.04902,0.02321,66.53025,46.97457,-53.21543
36.078305,-79.009001,8,0.28,160.6,7.6,2891603,7.6,7.59901,-4.0002,4.71326,0.0029,0.00657,-0.03482,66.26717,47.16457,-53.21543
36.078303,-79.009004,8,0.18,160.6,7.68,2892403,7.68,7.67917,-4.15095,4.54935,-0.13958,-0.0058,-0.17333,65.72639,47.45689,-53.6539
36.078303,-79.009004,8,0.18,160.6,7.54,2892603,7.54,7.54337,-4.2329,4.52483,0.00993,0.03344,-0.07391,64.79099,47.80766,-54.45776
36.078302,-79.009006,8,0.18,160.6,7.59,2893403,7.59,7.58525,-4.24068,4.60678,-0.01588,0.07987,-0.00473,65.58024,47.71996,-52.93774
36.078302,-79.009006,8,0.18,160.7,7.55,2893603,7.55,7.55474,-4.18744,4.64387,-0.0814,-0.02077,-0.04536,65.2587,47.04765,-53.61006
36.078302,-79.009009,8,0.2,160.7,7.62,2894403,7.62,7.62293,-4.24606,4.64567,0.062,0.06826,-0.01436,65.88716,47.09149,-54.09237
36.078302,-79.009009,8,0.2,160.7,7.59,2894603,7.59,7.59003,-4.18864,4.62832,-0.04536,-0.07193,0.0478,65.96024,46.84303,-54.04853
36.078302,-79.009011,8,0.22,160.7,7.56,2895403,7.56,7.55713,-4.11087,4.68993,-0.02856,0.02398,-0.01313,65.81409,46.66764,-53.1862
36.078302,-79.009011,8,0.22,160.5,7.57,2895603,7.57,7.57448,-4.14078,4.64626,-0.00122,-0.02001,-0.01313,66.45718,46.22917,-54.06314
36.078301,-79.009014,8,0.18,160.5,7.62,2896403,7.62,7.62174,-4.1019,4.62592,-0.0113,-0.00657,-0.0846,65.96024,46.63841,-53.6539
36.078301,-79.009014,8,0.18,160.6,7.65,2896603,7.65,7.64627,-4.20598,4.51645,0.02153,-0.01191,0.05666,65.40485,46.56533,-53.50774
36.0783,-79.009018,8,0.24,160.6,7.65,2897403,7.65,7.65284,-4.14856,4.54576,-0.02214,0.01817,0.05421,66.83718,47.23765,-52.26542
36.0783,-79.009018,8,0.24,160.8,7.53,2897603,7.53,7.52902,-4.0343,4.68455,-0.03558,-0.00336,-0.10736,65.93102,46.82841,-52.4408
36.0783,-79.009021,8,0.21,160.8,7.59,2898403,7.59,7.58764,-4.00559,4.71027,-0.04841,0.08155,-0.12385,66.06256,46.68225,-54.60392
36.0783,-79.009021,8,0.21,161.1,7.69,2898603,7.69,7.69233,-4.15932,4.60559,-0.01939,0.00764,-0.02291,66.28179,45.95148,-53.69775
36.0783,-79.009023,8,0.29,161.1,7.63,2899403,7.63,7.63191,-4.09591,4.66122,-0.0672,0.0788,-0.03268,66.36948,46.52148,-52.7185
36.0783,-79.009023,8,0.29,161.3,7.67,2899603,7.67,7.66601,-4.19641,4.60499,-0.12171,0.01359,-0.00718,66.25256,45.93686,-53.52236
36.078301,-79.009023,8,0.3,161.3,7.59,2900403,7.59,7.58585,-4.11506,4.72463,0.09881,-0.04291,0.1576,65.31716,46.28764,-53.85852
36.078301,-79.009023,8,0.3,161,7.58,2900603,7.58,7.57986,-4.03968,4.6995,0.15638,-0.00137,0.01512,66.34025,46.94534,-53.01081
36.078304,-79.009021,8,0.2,161,7.6,2901403,7.6,7.59901,-4.05763,4.69233,-0.08109,0.08781,-0.0142,65.77025,46.31686,-53.15697
36.078304,-79.009021,9,0.2,160.5,7.63,2901603,7.63,7.62652,-3.99542,4.71326,-0.06994,0.0055,-0.05437,66.25256,45.61532,-54.5893
36.078306,-79.009019,9,0.14,160.5,7.67,2902403,7.67,7.6684,-4.11326,4.75035,-0.00031,-0.06017,-0.03329,66.01871,46.21456,-54.13622
36.078306,-79.009019,9,0.14,159.9,7.52,2902603,7.52,7.51765,-3.94457,4.72104,-0.00901,0.07086,-0.0087,65.72639,45.99532,-53.90237
36.078308,-79.009016,9,0.13,159.9,7.59,2903403,7.59,7.58644,-4.04507,4.66242,0.00428,0.05941,0.0394,66.3841,45.8784,-54.07775
36.078308,-79.009016,8,0.13,159.6,7.63,2903603,7.63,7.62712,-3.99721,4.71625,-0.06429,-0.08277,-0.03971,66.64718,46.56533,-52.96697
36.078311,-79.009012,8,0.15,159.6,7.65,2904403,7.65,7.64926,-4.09771,4.60977,0.02291,0.01298,-0.03329,66.3841,46.14148,-54.01929
36.078311,-79.009012,7,0.15,159.2,7.68,2904603,7.68,7.67558,-3.98943,4.62114,-0.08644,-0.04276,-0.03772,66.51564,46.3461,-53.25928
36.078312,-79.009009,7,0.28,159.2,7.54,2905403,7.54,7.53739,-4.01456,4.66481,-0.07147,-0.03176,-0.01298,65.28793,45.93686,-54.06314
36.078312,-79.009009,7,0.28,159.1,7.58,2905603,7.58,7.57687,-4.25085,4.57508,0.08155,0.0846,0.00596,65.60947,46.40456,-54.7793
36.078315,-79.009004,7,0.07,159.1,7.58,2906403,7.58,7.58465,-4.21556,4.56909,0.04856,0.00412,-0.00687,65.85793,47.16457,-53.88776
36.078315,-79.009004,7,0.07,158.5,7.59,2906603,7.59,7.59243,-4.334,4.50808,0.00397,0.07712,0.01695,65.39024,46.68225,-53.47852
36.078318,-79.009,7,0.01,158.5,7.55,2907403,7.55,7.55235,-4.3005,4.56251,-0.11393,-0.00779,0.031,65.2587,46.75533,-53.99006
36.078318,-79.009,7,0.01,157.9,7.56,2907603,7.56,7.56012,-4.23769,4.65583,0.05956,0.00916,0.01329,64.60099,46.47764,-54.3116
36.07832,-79.008996,7,0.05,157.9,7.59,2908403,7.59,7.58824,-4.19821,4.6337,0.02841,0.09575,-0.0142,65.27332,46.69687,-54.54546
36.07832,-79.008996,7,0.05,157.6,7.54,2908603,7.54,7.53978,-4.22931,4.60858,-0.03787,-0.05177,-0.03879,64.65946,46.69687,-55.15931
36.078322,-79.008993,7,0.32,157.6,7.66,2909403,7.66,7.65703,-4.17847,4.60618,-0.11164,-0.08247,-0.03726,65.71178,46.94534,-53.78544
36.078322,-79.008993,7,0.32,156.9,7.53,2909603,7.53,7.52543,-4.08515,4.61576,-0.00397,0.1127,-0.00015,65.58024,46.38994,-55.58316
36.078326,-79.008988,7,0.17,156.9,7.63,2910403,7.63,7.63011,-4.1019,4.62592,-0.03757,-0.00092,-0.05391,65.96024,45.98071,-54.60392
36.078326,-79.008988,8,0.17,156.2,7.66,2910603,7.66,7.65823,-4.25564,4.59781,0.0142,0.03512,0.00916,65.85793,46.62379,-54.83777
36.078328,-79.008985,8,0.05,156.2,7.59,2911403,7.59,7.59183,-4.1336,4.60319,-0.07559,0.04383,-0.01863,65.60947,46.28764,-53.28851
36.078328,-79.008985,8,0.05,155.8,7.6,2911603,7.6,7.59602,-4.24427,4.51825,-0.02566,0.05727,-0.09041,66.16486,46.75533,-52.95235
36.078331,-79.008982,8,0.08,155.8,7.51,2912403,7.51,7.51406,-4.34537,4.55773,0.06399,0.06048,0.00244,64.87869,46.95995,-54.37007
36.078331,-79.008982,8,0.08,155.4,7.53,2912603,7.53,7.5344,-4.54218,4.57448,-0.1347,-0.03054,-0.11209,64.49869,46.93072,-53.91698
36.078334,-79.008978,8,0.16,155.4,7.59,2913403,7.59,7.59302,-4.61516,4.46381,0.06704,0.04016,0.01191,63.88483,47.6615,-54.01929
36.078334,-79.008978,8,0.16,154.9,7.48,2913603,7.48,7.48236,-4.55534,4.42553,0.07911,-0.16142,0.10079,64.65946,47.70535,-54.88161
36.078335,-79.008973,8,0.43,154.9,7.5,2914403,7.5,7.5021,-4.41655,4.669,-0.01741,-0.00015,-0.02107,63.92868,46.8138,-55.55393
36.078335,-79.008973,8,0.43,154.2,7.47,2914603,7.47,7.47219,-4.32263,4.64387,0.0423,0.04627,0.104,64.29407,46.82841,-55.56855
36.078338,-79.008968,8,0.24,154.2,7.66,2915403,7.66,7.65943,-4.29512,4.5015,-0.01802,0.08766,-0.11362,64.68869,46.38994,-53.82929
36.078338,-79.008968,7,0.24,153.1,7.51,2915603,7.51,7.50808,-4.19641,4.62174,-0.03604,-0.06109,0.01772,64.46945,47.07688,-54.72084
36.07834,-79.008965,7,0.12,153.1,7.56,2916403,7.56,7.56371,-4.29512,4.51705,-0.17517,-0.05299,-0.07727,65.53639,46.90149,-54.16545
36.07834,-79.008965,7,0.12,152.2,7.53,2916603,7.53,7.52961,-4.27657,4.49073,0.02306,-0.00046,-0.0391,64.08945,47.17919,-54.64776
36.078342,-79.008964,7,0.1,152.2,7.56,2917403,7.56,7.55713,-4.27059,4.58764,-0.08735,0.05208,0.00214,64.92254,46.27302,-54.61853
36.078342,-79.008964,7,0.1,151.3,7.55,2917603,7.55,7.54517,-4.12523,4.66541,-0.01359,0.00855,-0.00565,65.09792,46.2584,-54.69161
36.078344,-79.00896,7,0.37,151.3,7.62,2918403,7.62,7.61755,-4.15873,4.6684,-0.03833,0.03512,0.04078,65.66793,45.79071,-55.04239
36.078344,-79.00896,7,0.37,150,7.59,2918603,7.59,7.59243,-4.06301,4.69292,-0.073,-0.0223,-0.0307,65.78486,45.64455,-55.81701
36.078346,-79.008957,7,0.29,150,7.59,2919403,7.59,7.58824,-4.08933,4.66242,0.03589,0.01359,0.02184,65.78486,45.36685,-53.75621
36.078346,-79.008957,7,0.29,149.1,7.59,2919603,7.59,7.59243,-4.07438,4.63908,-0.03054,0.00092,-0.02428,66.01871,45.93686,-53.30313
36.078348,-79.008952,7,0.25,149.1,7.59,2920403,7.59,7.59302,-4.04507,4.67797,-0.10812,-0.00229,-0.06903,65.96024,45.79071,-54.01929
36.078348,-79.008952,7,0.25,148.2,7.64,2920603,7.64,7.63789,-4.05643,4.6672,-0.01038,0.05437,-0.05727,65.53639,45.93686,-54.26776
36.07835,-79.008953,7,0.13,148.2,7.68,2921403,7.68,7.68096,-4.17488,4.66421,-0.0171,-0.0142,-0.03955,65.65332,45.90763,-54.09237
36.07835,-79.008953,8,0.13,148.2,7.55,2921603,7.55,7.55235,-4.17248,4.64267,-0.0478,0.10919,0.00397,64.87869,47.14996,-54.53084
36.078352,-79.008952,8,0.1,148.2,7.47,2922403,7.47,7.47398,-4.09352,4.70967,0.10919,-0.00336,-0.03268,65.56562,46.33148,-54.85238
36.078352,-79.008952,8,0.1,148,7.66,2922603,7.66,7.65763,-4.3346,4.55354,-0.02443,0.0507,0.01023,65.8287,46.0684,-53.75621
36.078353,-79.00895,8,0.17,148,7.55,2923403,7.55,7.55175,-4.23589,4.54636,0.0507,0.06475,0.04047,65.14177,46.33148,-54.28237
36.078353,-79.00895,8,0.17,147.7,7.62,2923603,7.62,7.62413,-4.18864,4.58345,-0.13057,-0.0704,-0.02046,65.9164,46.30225,-54.7793
36.078355,-79.008954,8,0.14,147.7,7.67,2924403,7.67,7.67019,-4.16232,4.68874,0.07361,-0.11683,0.00443,66.16486,45.90763,-54.48699
36.078355,-79.008954,7,0.14,148.1,7.52,2924603,7.52,7.51765,-4.00977,4.66182,0.04551,0.04612,0.02734,66.15025,45.99532,-54.35545
36.078356,-79.008954,7,0.06,148.1,7.53,2925403,7.53,7.52961,-4.18983,4.64806,0.03696,0.00794,-0.10812,65.741,46.74072,-53.56621
36.078356,-79.008954,7,0.06,147.8,7.51,2925603,7.51,7.51167,-4.33879,4.66481,-0.04887,0.06032,0.06842,65.77025,46.40456,-54.06314
36.078358,-79.008954,7,0.08,147.8,7.51,2926403,7.51,7.50987,-4.11924,4.69532,-0.11454,0.06796,-0.04856,65.46332,45.90763,-54.99854
36.078358,-79.008954,7,0.08,147.6,7.58,2926603,7.58,7.57927,-4.17129,4.6995,0.01573,-0.04139,-0.02489,65.34639,45.76147,-55.17393
36.078362,-79.008963,7,0.41,147.6,7.57,2927403,7.57,7.57089,-4.35254,4.56551,-0.04444,0.03451,-0.0226,65.24408,46.55072,-55.34932
36.078362,-79.008963,7,0.41,147.4,7.45,2927603,7.45,7.44706,-4.2012,4.68335,-0.05009,-0.01084,-0.0391,65.46332,46.30225,-55.26162
36.078363,-79.008961,7,0.15,147.4,7.52,2928403,7.52,7.51885,-4.32383,4.6684,0.03039,0.00748,-0.0843,65.02485,46.2584,-55.057
36.078363,-79.008961,7,0.15,146.8,7.47,2928603,7.47,7.47219,-4.39023,4.67677,-0.07834,0.05651,0.00046,64.25022,46.63841,-55.04239
36.078365,-79.00896,7,0.29,146.8,7.52,2929403,7.52,7.51885,-4.36391,4.60259,0.00153,0.04062,0.02566,63.8556,46.94534,-54.88161
36.078365,-79.00896,7,0.29,146.3,7.46,2929603,7.46,7.46262,-4.4016,4.64626,0.00031,0.00596,-0.04917,64.25022,46.55072,-55.10085
36.078366,-79.008957,7,0.08,146.3,7.53,2930403,7.53,7.52543,-4.43928,4.58046,-0.093,0.0368,-0.12889,64.38176,45.84917,-56.72318
36.078366,-79.008957,7,0.08,146,7.35,2930603,7.35,7.35075,-4.52184,4.7007,-0.06414,0.0452,-0.08751,63.3879,46.74072,-57.23473
36.07837,-79.008952,7,0.14,146,7.5,2931403,7.5,7.5009,-4.68275,4.5344,-0.11988,0.13073,-0.01451,62.74482,46.90149,-56.95703
36.07837,-79.008952,7,0.14,144.7,7.44,2931603,7.44,7.44048,-4.57747,4.53021,-0.23472,0.08858,-0.15974,63.44636,45.74686,-58.02397
36.078373,-79.008948,7,0.22,144.7,7.35,2932403,7.35,7.35314,-4.61755,4.5996,-0.10675,-0.05421,0.11225,62.4525,45.10377,-58.72552
36.078373,-79.008948,7,0.22,143.6,7.38,2932603,7.38,7.38425,-4.53141,4.55175,-0.02459,0.10263,-0.02245,63.15405,44.943,-59.06168
36.078375,-79.008941,7,0.13,143.6,7.42,2933403,7.42,7.42313,-4.79701,4.55055,-0.1909,0.00702,0.11851,63.03712,44.81146,-60.80093
36.078375,-79.008941,7,0.13,142.5,7.3,2933603,7.3,7.30409,-4.48295,4.5009,-0.04872,-0.00809,-0.00244,62.35019,43.48144,-61.40018
36.07838,-79.008935,7,0.43,142.5,7.36,2934403,7.36,7.36272,-4.88016,4.38305,-0.07407,-0.04016,-0.02459,61.67787,44.92838,-60.64016
36.07838,-79.008935,7,0.43,140.9,7.42,2934603,7.42,7.42194,-4.6678,4.46381,-0.05651,0.03268,0.19624,62.8325,44.37299,-60.77171
36.078383,-79.008933,7,0.61,140.9,7.46,2935403,7.46,7.45903,-4.46501,4.55235,-0.0281,0.03054,-0.07804,62.93481,43.29144,-59.95323
36.078383,-79.008933,7,0.61,140.2,7.53,2935603,7.53,7.52722,-4.51107,4.45783,-0.03528,-0.02764,0.03558,62.99327,43.8176,-60.74247
36.078386,-79.008927,7,0.36,140.2,7.51,2936403,7.51,7.50987,-4.59063,4.47219,0.0226,-0.02688,0.00428,62.78866,43.83221,-61.91172
36.078386,-79.008927,7,0.36,139.1,7.4,2936603,7.4,7.39621,-4.64028,4.39861,-0.04139,0.10537,-0.11408,62.80328,44.08068,-61.06402
36.07839,-79.00892,7,0.23,139.1,7.57,2937403,7.57,7.5685,-4.60798,4.14676,0.18234,0.13806,-0.03314,63.65098,44.12453,-58.82783
36.07839,-79.00892,8,0.23,137.8,7.51,2937603,7.51,7.50569,-4.71147,4.13061,-0.12248,-0.10263,-0.01634,63.7679,44.8553,-58.78399
36.078392,-79.008916,8,0.25,137.8,7.3,2938403,7.3,7.29751,-5.07458,4.10907,0.02001,0.12385,-0.05574,62.29173,45.61532,-59.10553
36.078392,-79.008916,9,0.25,137.1,7.41,2938603,7.41,7.40997,-5.0686,4.04327,-0.21686,0.12095,-0.06154,62.07249,45.24993,-59.57323
36.078393,-79.00891,9,0.24,137.1,7.27,2939403,7.27,7.2664,-5.25165,4.22214,-0.15058,0.10186,-0.02062,61.35633,42.80912,-61.10786
36.078393,-79.00891,8,0.24,136.7,7.22,2939603,7.22,7.22214,-5.02433,4.28255,-0.09255,0.02795,-0.01466,60.97632,43.14528,-62.21865
36.078394,-79.008907,8,0.18,136.7,7.39,2940403,7.39,7.39083,-4.71207,4.46979,0.00015,0.01848,-0.0281,62.78866,41.7568,-61.91172
36.078394,-79.008907,8,0.18,136.5,7.31,2940603,7.31,7.31127,-4.84427,4.3005,-0.02214,0.02275,-0.13134,62.65712,41.80064,-63.02251
36.078397,-79.008908,8,0.18,136.5,7.25,2941403,7.25,7.25025,-5.08056,4.42612,-0.02107,-0.02611,-0.00305,61.34171,42.28296,-62.97866
36.078397,-79.008908,7,0.18,136.2,7.24,2941603,7.24,7.23948,-4.88016,4.44945,-0.06979,0.03589,0.04673,61.60479,41.97603,-63.89944
36.078396,-79.008905,7,0.1,136.2,7.46,2942403,7.46,7.46441,-4.68515,4.37528,-0.03848,0.11072,0.10858,63.25636,40.92371,-62.68635
36.078396,-79.008905,8,0.1,136.3,7.48,2942603,7.48,7.47757,-4.48475,4.29871,0.00764,-0.02077,-0.05727,63.35867,41.33294,-62.8325
36.078397,-79.008904,8,0.33,136.3,7.4,2943403,7.4,7.40459,-4.72343,4.32622,0.00779,0.03009,-0.02779,62.68635,41.25987,-62.23326
36.078397,-79.008904,8,0.33,136.1,7.45,2943603,7.45,7.44706,-4.79342,4.38126,-0.00473,-0.04123,0.01955,62.6425,41.49371,-62.29173
36.078399,-79.008904,8,0.43,136.1,7.34,2944403,7.34,7.34477,-4.94297,4.25743,-0.0142,-0.02107,-0.011,61.85326,42.44373,-62.1748
36.078399,-79.008904,8,0.43,135.9,7.38,2944603,7.38,7.38485,-4.91246,4.32622,-0.03772,0.02489,0.0226,61.92633,42.1368,-62.02865
36.078398,-79.008903,8,0.14,135.9,7.47,2945403,7.47,7.47278,-4.87059,4.34537,-0.05147,-0.03131,0.01726,62.37942,41.63987,-63.28559
36.078398,-79.008903,7,0.14,136.3,7.36,2945603,7.36,7.36032,-4.7348,4.26042,-0.00611,0.00596,-0.03268,62.62789,41.69833,-62.94943
36.078397,-79.008901,7,0.22,136.3,7.32,2946403,7.32,7.32204,-4.80778,4.42792,0.04398,0.0394,-0.08644,61.91172,41.44987,-63.1102
36.078397,-79.008901,7,0.22,136.5,7.29,2946603,7.29,7.28854,-4.77248,4.43749,-0.0139,-0.01604,0.04032,61.97018,41.84449,-63.09559
36.078397,-79.0089,7,0.38,136.5,7.36,2947403,7.36,7.36451,-4.83231,4.42313,0.01939,0.03665,-0.02382,62.02865,41.96141,-63.13943
36.078397,-79.0089,7,0.38,136.6,7.35,2947603,7.35,7.34776,-4.85623,4.40519,-0.01787,-0.01909,0.00672,62.02865,41.55218,-63.44636
36.078398,-79.0089,7,0.53,136.6,7.3,2948403,7.3,7.2999,-4.90828,4.32503,-0.00321,-0.04811,0.05864,61.92633,42.06372,-62.6425
36.078398,-79.0089,7,0.53,136.7,7.33,2948603,7.33,7.32981,-4.91306,4.32323,-0.02627,0.09789,-0.02841,61.42941,42.03449,-62.42327
36.078397,-79.008898,7,0.32,136.7,7.36,2949403,7.36,7.35733,-4.95494,4.28016,-0.06368,0.01634,-0.00504,62.05788,42.16603,-62.87635
36.078397,-79.008898,7,0.32,136.8,7.2,2949603,7.2,7.2024,-4.91366,4.26281,-0.05208,-0.03711,0.03085,61.9848,42.44373,-61.7948
36.078397,-79.008898,7,0.22,136.8,7.28,2950403,7.28,7.27598,-5.0668,4.22812,-0.01313,0.02596,-0.02703,61.92633,42.57527,-62.39404
36.078397,-79.008898,7,0.22,137.1,7.26,2950603,7.26,7.25623,-5.11167,4.28016,-0.0281,-0.03665,0.03848,61.50249,42.95528,-62.35019
36.078396,-79.008899,7,0.17,137.1,7.24,2951403,7.24,7.2353,-5.07398,4.2682,-0.031,0.02291,0.04352,61.50249,43.18913,-62.18942
36.078396,-79.008899,7,0.17,137.6,7.29,2951603,7.29,7.29213,-4.92802,4.22572,0.00428,0.00214,0.05421,62.6425,42.6045,-62.55481
36.078393,-79.008898,7,0.12,137.6,7.37,2952403,7.37,7.37049,-4.80479,4.3023,-0.04414,0.04429,0.03314,62.70096,41.96141,-62.81789
36.078393,-79.008898,7,0.12,138.1,7.47,2952603,7.47,7.4692,-4.67139,4.28614,-0.04108,0.01023,0.09835,63.47559,40.55832,-64.06022
36.078392,-79.008901,7,0.12,138.1,7.39,2953403,7.39,7.38963,-4.67916,4.42014,-0.00962,0.04627,0.05192,62.97866,41.02602,-64.44022
36.078392,-79.008901,8,0.12,139,7.53,2953603,7.53,7.52902,-4.55115,4.4327,-0.00458,0.03299,0.04612,63.30021,40.85063,-63.54867
36.078391,-79.008904,8,0.31,139,7.44,2954403,7.44,7.44288,-4.6008,4.41595,-0.02886,0.02886,0.02474,63.13943,41.23063,-63.34405
36.078391,-79.008904,8,0.31,139.7,7.52,2954603,7.52,7.52423,-4.54995,4.40399,-0.02077,0.00015,0.01268,63.31482,40.76294,-63.60713
36.07839,-79.008909,8,0.16,139.7,7.53,2955403,7.53,7.53021,-4.53679,4.48056,-0.00855,0.00657,-0.03879,64.39638,40.19292,-62.42327
36.07839,-79.008909,8,0.16,140.4,7.53,2955603,7.53,7.52543,-4.54337,4.32263,-0.00916,0.02398,-0.02505,63.63636,40.45601,-63.27097
36.078391,-79.008914,8,0.24,140.4,7.32,2956403,7.32,7.32443,-4.92383,4.25922,-0.05895,0.02627,-0.02535,62.05788,41.78603,-62.9202
36.078391,-79.008914,8,0.24,140.8,7.37,2956603,7.37,7.3675,-4.93101,4.35613,-0.02337,-0.00733,0.04673,62.33558,42.1368,-63.44636
36.07839,-79.008918,8,0.29,140.8,7.4,2957403,7.4,7.39621,-4.74736,4.32443,0.03115,0.02917,-0.02688,62.96405,41.56679,-63.00789
36.07839,-79.008918,9,0.29,141.7,7.41,2957603,7.41,7.40758,-4.87657,4.32862,-0.0704,-0.02459,0.00993,62.68635,41.96141,-62.4525
36.078388,-79.008922,9,0.12,141.7,7.42,2958403,7.42,7.42373,-4.75095,4.31546,0.02718,0.0701,-0.06994,62.94943,41.24525,-62.42327
36.078388,-79.008922,9,0.12,142.8,7.4,2958603,7.4,7.40339,-4.83111,4.34237,-0.01222,0.01359,-0.00535,62.52558,41.65449,-62.29173
36.078386,-79.008925,9,0.03,142.8,7.48,2959403,7.48,7.48056,-4.67677,4.34656,-0.01252,0.01283,-0.03283,63.18328,41.80064,-63.1102
36.078386,-79.008925,9,0.03,143.6,7.44,2959603,7.44,7.43869,-4.71386,4.37827,-0.04459,0.01604,0.01542,62.87635,41.56679,-63.9579
36.078384,-79.008928,9,0.17,143.6,7.44,2960403,7.44,7.44108,-4.71266,4.31246,0.00397,-0.00565,0.0168,62.59866,42.06372,-62.62789
36.078384,-79.008928,9,0.17,144.7,7.44,2960603,7.44,7.43809,-4.77428,4.36511,-0.01939,0.03696,-0.02428,62.86174,42.06372,-63.00789
36.078383,-79.008931,9,0.0,144.7,7.38,2961403,7.38,7.37947,-4.80658,4.32862,0.01252,0.07636,-0.0478,62.8325,41.27448,-63.21251
36.078383,-79.008931,9,0.0,145.5,7.65,2961603,7.65,7.65105,-4.68694,4.25145,-0.07086,-0.01038,0.08308,62.96405,40.86525,-63.21251
36.078381,-79.008932,9,0.0,145.5,7.45,2962403,7.45,7.44587,-4.70728,4.37887,-0.01054,0.02596,-0.04062,63.63636,41.30371,-62.87635
36.078381,-79.008932,9,0.0,146.4,7.43,2962603,7.43,7.43211,-4.71506,4.30828,0.0307,-0.01802,-0.0168,62.8325,41.30371,-63.44636
36.078381,-79.008936,9,0.2,146.4,7.49,2963403,7.49,7.48834,-4.95434,4.15873,-0.03451,0.06628,-0.03054,62.02865,42.82373,-61.91172
36.078381,-79.008936,9,0.2,147,7.36,2963603,7.36,7.36451,-4.96092,4.27717,-0.01298,-0.02138,-0.00718,62.30634,42.83835,-62.68635
36.078381,-79.008939,9,0.25,147,7.38,2964403,7.38,7.38006,-4.95613,4.18923,-0.01542,-0.04856,-0.00672,62.77404,42.10757,-62.05788
36.078381,-79.008939,9,0.25,147.8,7.28,2964603,7.28,7.27777,-4.94716,4.2347,-0.02566,0.05696,-0.01359,62.86174,41.82988,-62.96405
36.078381,-79.008944,9,0.45,147.8,7.41,2965403,7.41,7.40758,-4.82094,4.27956,-0.01145,-0.02306,-0.04627,63.03712,41.78603,-62.6425
36.078381,-79.008944,9,0.45,148.3,7.43,2965603,7.43,7.4339,-4.80778,4.31187,-0.05116,0.0055,0.0365,62.96405,41.43525,-62.96405
36.078381,-79.008947,9,0.47,148.3,7.37,2966403,7.37,7.37229,-5.17388,4.08455,0.06613,0.07132,-0.20449,62.18942,43.56913,-61.78018
36.078381,-79.008947,8,0.47,148.7,7.4,2966603,7.4,7.4004,-5.17867,4.11625,-0.09423,-0.08369,0.12141,62.1748,43.62759,-62.40865
36.078381,-79.008946,8,0.08,148.7,7.38,2967403,7.38,7.37827,-4.9663,4.01934,-0.0336,0.04734,0.04276,63.15405,42.01988,-62.81789
36.078381,-79.008946,8,0.08,148.9,7.56,2967603,7.56,7.56252,-4.96511,4.05165,-0.0139,-0.03161,0.06521,63.72406,42.00526,-62.37942
36.078382,-79.00895,8,0.12,148.9,7.59,2968403,7.59,7.58704,-4.55175,4.14616,-0.08338,0.02718,0.11148,64.17715,40.09062,-62.78866
36.078382,-79.00895,8,0.12,149.1,7.58,2968603,7.58,7.58405,-4.4662,4.19701,0.07254,-0.01008,-0.0759,64.65946,39.82753,-63.43175
36.078382,-79.008951,8,0.08,149.1,7.6,2969403,7.6,7.6008,-4.47338,4.19103,-0.06445,-0.00489,0.02688,64.07483,39.98831,-63.63636
36.078382,-79.008951,8,0.08,149.3,7.6,2969603,7.6,7.60379,-4.52004,4.19342,0.00641,-0.04368,-0.01008,64.67407,39.57907,-62.93481
36.078382,-79.008952,8,0.07,149.3,7.62,2970403,7.62,7.61875,-4.40459,4.25384,0.02489,0.01329,-0.09957,64.35253,39.18445,-62.07249
36.078382,-79.008952,8,0.07,149.4,7.59,2970603,7.59,7.59482,-4.57089,4.27896,-0.00489,-0.00702,-0.07819,63.88483,39.76907,-62.65712
36.078382,-79.008952,8,0.02,149.4,7.44,2971403,7.44,7.43929,-4.71446,4.18864,0.08583,-0.00015,-0.11469,63.73867,40.76294,-62.33558
36.078382,-79.008952,8,0.02,149.5,7.58,2971603,7.58,7.57807,-4.78565,4.19821,-0.10247,0.05208,0.06536,63.27097,41.2891,-62.05788
36.078382,-79.008954,8,0.03,149.5,7.58,2972403,7.58,7.57867,-4.48834,4.2,-0.02031,0.0084,-0.01817,64.11868,40.41216,-62.74482
36.078382,-79.008954,8,0.03,149.9,7.62,2972603,7.62,7.62473,-4.5015,4.22692,-0.00229,0.03467,-0.00382,63.97252,40.25139,-62.18942
36.078381,-79.008955,8,0.03,149.9,7.62,2973403,7.62,7.61875,-4.5015,4.25264,-0.01405,0.07071,-0.04872,64.68869,40.7337,-62.33558
36.078381,-79.008955,8,0.03,150.4,7.58,2973603,7.58,7.57807,-4.50748,4.20957,-0.0449,0.02932,-0.04566,64.16253,40.01754,-62.61327
36.078382,-79.008956,8,0.01,150.4,7.65,2974403,7.65,7.64627,-4.34537,4.33879,-0.0339,0.03742,0.06445,64.27945,39.22829,-62.67173
36.078382,-79.008956,8,0.01,150.5,7.64,2974603,7.64,7.63968,-4.29631,4.28196,0.01329,0.0197,-0.02184,65.14177,39.05291,-62.07249
36.078382,-79.008959,8,0.15,150.5,7.71,2975403,7.71,7.70788,-4.35733,4.23829,-0.05101,-0.00565,0.042,64.42561,39.63753,-62.71558
36.078382,-79.008959,8,0.15,150.8,7.57,2975603,7.57,7.57149,-4.4662,4.24786,0.06888,-0.01237,-0.03787,64.42561,40.23677,-62.43789
36.078382,-79.008957,8,0.24,150.8,7.56,2976403,7.56,7.56431,-4.57687,4.27059,-0.03146,-0.00046,-0.07055,67.21719,40.55832,-62.68635
36.078382,-79.008957,8,0.24,150.9,7.55,2976603,7.55,7.55414,-4.55175,4.25863,-0.03787,0.04536,0.0084,63.49021,40.58755,-62.39404
36.078382,-79.008956,8,0.4,150.9,7.39,2977403,7.39,7.38844,-4.69831,4.21077,-0.01329,0.03436,0.00153,63.68021,41.09909,-61.67787
36.078382,-79.008956,8,0.4,151,7.51,2977603,7.51,7.51227,-4.89392,4.19043,-0.08506,0.02566,-0.01924,63.1102,41.21602,-62.0871
36.07838,-79.008952,8,0.71,151,7.42,2978403,7.42,7.41655,-4.63789,4.29033,-0.02046,-0.03635,-0.01802,63.53406,39.98831,-62.71558
36.07838,-79.008952,8,0.71,151.3,7.51,2978603,7.51,7.50509,-4.73839,4.27418,-0.01817,0.04414,-0.05406,63.88483,41.14294,-63.12482
36.07838,-79.008951,8,0.29,151.3,7.5,2979403,7.5,7.5009,-4.63849,4.21675,-0.03039,0.03512,-0.02306,63.84098,40.80678,-62.1748
36.07838,-79.008951,8,0.29,151.2,7.55,2979603,7.55,7.55235,-4.63968,4.23231,-0.01329,-0.01863,-0.06124,63.82636,40.3537,-62.16019
36.078381,-79.008954,8,0.26,151.2,7.57,2980403,7.57,7.57269,-4.52124,4.35254,-0.04276,0.06338,-0.02489,64.07483,40.38293,-62.18942
36.078381,-79.008954,8,0.26,151.1,7.61,2980603,7.61,7.60798,-4.48236,4.3017,-0.00626,0.031,0.02825,64.11868,40.01754,-62.93481
36.078383,-79.008956,8,0.46,151.1,7.6,2981403,7.6,7.59841,-4.45723,4.38126,0.01985,0.0336,0.01329,64.26483,40.25139,-62.87635
36.078383,-79.008956,8,0.46,151.1,7.54,2981603,7.54,7.54038,-4.51645,4.26401,0.01283,0.00046,-0.06949,64.3233,40.29523,-62.8325
36.078383,-79.008957,8,0.39,151.1,7.54,2982403,7.54,7.54457,-4.64626,4.15155,0.0226,0.02734,-0.0759,64.7033,39.87138,-62.6425
36.078383,-79.008957,8,0.39,151.1,7.54,2982603,7.54,7.53859,-4.74317,4.22692,-0.02153,0.01405,-0.02275,63.65098,40.60216,-62.81789
36.078382,-79.008953,8,0.07,151.1,7.62,2983403,7.62,7.61994,-4.4674,4.33699,-0.0649,0.06154,0.01115,63.84098,40.076,-62.75943
36.078382,-79.008953,8,0.07,151,7.53,2983603,7.53,7.52902,-4.5344,4.30588,0.02841,-0.01604,-0.12523,63.89944,39.47676,-62.89096
36.078381,-79.008951,8,0.13,151,7.56,2984403,7.56,7.56132,-4.43928,4.42014,-0.02566,0.00794,-0.00855,63.81175,39.47676,-62.58404
36.078381,-79.008951,8,0.13,150.9,7.58,2984603,7.58,7.58166,-4.43629,4.42911,-0.05574,0.00748,0.01939,63.59252,40.23677,-63.28559
36.078381,-79.008949,8,0.09,150.9,7.71,2985403,7.71,7.70549,-4.267,4.27119,-0.06918,0.04826,-0.02428,64.63022,39.24291,-61.91172
36.078381,-79.008949,8,0.09,150.9,7.69,2985603,7.69,7.68634,-4.37887,4.27896,-0.00718,0.02871,-0.05895,64.63022,39.50599,-62.07249
36.078381,-79.008947,8,0.28,150.9,7.65,2986403,7.65,7.64985,-4.47637,4.32323,-0.08491,-0.03864,0.03115,64.10406,39.73984,-62.24788
36.078381,-79.008947,8,0.28,150.9,7.66,2986603,7.66,7.65943,-4.31785,4.26042,-0.011,0.04337,-0.0084,64.63022,39.52061,-62.16019
36.07838,-79.008946,8,0.13,150.9,7.53,2987403,7.53,7.52961,-4.59242,4.29751,0.03253,0.01924,-0.05712,63.97252,40.45601,-62.62789
36.07838,-79.008946,8,0.13,151,7.57,2987603,7.57,7.57448,-4.54816,4.26401,-0.09026,0.01359,0.04459,64.07483,40.67524,-63.12482
36.078378,-79.008944,8,0.14,151,7.53,2988403,7.53,7.535,-4.47518,4.27956,0.03757,0.0197,-0.03329,64.25022,40.33908,-62.68635
36.078378,-79.008944,8,0.14,151.2,7.6,2988603,7.6,7.6026,-4.50927,4.25743,-0.05712,0.04749,0.01023,64.39638,40.32447,-63.02251
36.078378,-79.008944,8,0.03,151.2,7.63,2989403,7.63,7.62772,-4.41416,4.28196,-0.02138,0.01909,-0.01313,64.67407,40.06139,-62.52558
36.078378,-79.008944,8,0.03,151.2,7.64,2989603,7.64,7.63909,-4.42074,4.34357,-0.04566,-0.02841,0.00519,64.44022,40.266,-62.4525
36.078377,-79.008943,8,0.17,151.2,7.59,2990403,7.59,7.59482,-4.41595,4.3005,-0.00382,0.04444,-0.03238,64.01637,39.696,-63.44636
36.078377,-79.008943,8,0.17,151.4,7.62,2990603,7.62,7.61516,-4.401,4.28734,-0.03039,0.02505,-0.01573,64.44022,39.44753,-63.3879
36.078376,-79.008943,8,0.21,151.4,7.68,2991403,7.68,7.67558,-4.38784,4.24188,-0.00718,0.05925,0.0113,64.42561,40.00293,-62.43789
36.078376,-79.008943,8,0.21,151.6,7.6,2991603,7.6,7.5996,-4.38604,4.30469,-0.01741,0.01329,-0.03848,65.22946,39.25753,-62.78866
36.078375,-79.008943,8,0.14,151.6,7.6,2992403,7.6,7.6008,-4.46979,4.35374,0.02352,0.00687,0.0029,64.35253,39.78369,-63.15405
36.078375,-79.008943,8,0.14,151.8,7.62,2992603,7.62,7.61815,-4.43988,4.32981,-0.06368,0.00504,0.07285,64.16253,39.84215,-62.77404
36.078374,-79.008942,8,0.03,151.8,7.59,2993403,7.59,7.58884,-4.34357,4.34896,-0.01313,0.05162,-0.02138,64.41099,39.46215,-63.9579
36.078374,-79.008942,8,0.03,151.9,7.64,2993603,7.64,7.63849,-4.48953,4.29093,0.01695,0.00504,-0.05437,64.33791,40.00293,-63.66559
36.078375,-79.008942,8,0.07,151.9,7.52,2994403,7.52,7.52423,-4.47159,4.26042,-0.00168,-0.00168,-0.0368,64.01637,40.98217,-62.58404
36.078375,-79.008942,8,0.07,151.8,7.57,2994603,7.57,7.56551,-4.61336,4.34776,0.03589,0.01176,-0.00809,63.68021,41.14294,-62.71558
36.078375,-79.008942,8,0.09,151.8,7.49,2995403,7.49,7.48535,-4.7348,4.25623,-0.04459,0.09972,-0.10537,63.25636,41.11371,-63.3879
36.078375,-79.008942,8,0.09,151.8,7.49,2995603,7.49,7.49013,-4.83589,4.08096,0.00626,0.02764,-0.0927,63.79713,42.29757,-61.86787
36.078374,-79.008941,8,0.2,151.8,7.56,2996403,7.56,7.56132,-4.78385,4.16052,-0.01863,-0.03482,0.09652,63.56329,41.56679,-62.87635
36.078374,-79.008941,8,0.2,151.9,7.39,2996603,7.39,7.39382,-4.89093,4.22572,-0.04581,-0.00962,-0.01924,63.21251,40.83601,-63.03712
36.078376,-79.008944,8,0.16,151.9,7.51,2997403,7.51,7.50868,-4.62413,4.21256,-0.00916,0.02657,-0.03344,63.3879,40.67524,-63.25636
36.078376,-79.008944,8,0.16,151.6,7.51,2997603,7.51,7.51466,-4.70489,4.2688,-0.03955,0.02596,-0.02016,63.46098,40.55832,-62.93481
36.078376,-79.008945,8,0.01,151.6,7.51,2998403,7.51,7.51406,-4.57149,4.3328,0.03971,0.03711,-0.12569,64.0456,40.1637,-62.58404
36.078376,-79.008945,8,0.01,151.5,7.53,2998603,7.53,7.53261,-4.72762,4.19402,0.00367,0.1066,-0.09178,63.31482,41.42064,-61.7071
36.078378,-79.008947,8,0.13,151.5,7.6,2999403,7.6,7.59542,-4.65763,4.15573,0.00214,0.01756,-0.04475,63.53406,40.6314,-62.80328
36.078378,-79.008947,8,0.13,151.3,7.52,2999603,7.52,7.51526,-4.66421,4.22991,-0.03161,0.00428,0.04963,63.88483,40.60216,-61.80941
36.07838,-79.008949,8,0.12,151.3,7.62,3000403,7.62,7.61935,-4.51466,4.22991,-0.02077,-0.08888,-0.10751,64.39638,39.75446,-62.56942
36.07838,-79.008949,8,0.12,151,7.51,3000603,7.51,7.51466,-4.60798,4.27717,0.02138,0.11774,-0.09132,63.81175,40.52908,-62.87635
36.078381,-79.008949,8,0.06,151,7.48,3001403,7.48,7.47757,-4.79342,4.28614,-0.05131,-0.01252,0.03024,63.43175,41.0114,-62.11634
36.078381,-79.008949,8,0.06,150.8,7.49,3001603,7.49,7.49073,-4.68216,4.04925,-0.04016,-0.0197,-0.06765,64.25022,40.30985,-62.42327
36.078382,-79.008947,8,0.05,150.8,7.35,3002403,7.35,7.35494,-4.87119,4.21556,-0.02871,0.02718,-0.01588,62.42327,41.69833,-62.6425
36.078382,-79.008947,8,0.05,150.4,7.44,3002603,7.44,7.43988,-4.94716,4.26401,-0.03406,0.01863,0.06338,62.54019,41.65449,-63.24174
36.078384,-79.008946,8,0.16,150.4,7.4,3003403,7.4,7.39801,-4.89871,4.22513,0.02184,0.03482,-0.09652,63.19789,41.18679,-63.30021
36.078384,-79.008946,9,0.16,150.2,7.4,3003603,7.4,7.40339,-4.91246,4.18864,-0.0087,0.04459,-0.01619,63.13943,41.46449,-63.81175
36.078383,-79.008945,9,0.08,150.2,7.26,3004403,7.26,7.25564,-5.0686,4.15454,-0.0252,0.00321,0.0307,62.33558,42.07834,-62.24788
36.078383,-79.008945,9,0.08,150.3,7.44,3004603,7.44,7.44347,-5.03151,4.002,-0.07773,0.01481,0.05864,62.18942,41.93218,-63.13943
36.078382,-79.008944,9,0.1,150.3,7.42,3005403,7.42,7.42433,-4.91905,4.24905,-0.00809,0.07239,0.04001,63.13943,41.23063,-62.74482
36.078382,-79.008944,9,0.1,150.4,7.45,3005603,7.45,7.44587,-4.76471,4.20359,-0.04078,0.00214,0.00153,63.21251,41.24525,-62.9202
36.078382,-79.008943,9,0.1,150.4,7.62,3006403,7.62,7.61755,-4.63789,4.20897,-0.02275,0.01833,0.03482,64.0456,40.03215,-62.86174
36.078382,-79.008943,9,0.1,150.2,7.55,3006603,7.55,7.55294,-4.59781,4.18744,-0.0536,-0.02031,-0.00626,63.46098,40.10523,-63.27097
36.078382,-79.008943,9,0.1,150.2,7.48,3007403,7.48,7.48056,-4.59721,4.27478,-0.03879,0.02596,-0.06643,64.14791,39.92985,-62.70096
36.078382,-79.008943,9,0.1,150.4,7.56,3007603,7.56,7.55594,-4.70309,4.42612,-0.04459,-0.00351,0.04917,63.75329,39.82753,-63.03712
36.078381,-79.008942,9,0.03,150.4,7.53,3008403,7.53,7.53021,-4.59003,4.25085,-0.07789,0.02841,0.08155,63.92868,40.61678,-62.74482
36.078381,-79.008942,9,0.03,150.5,7.59,3008603,7.59,7.58585,-4.46202,4.24188,-0.03131,-0.02673,0.07086,64.68869,39.18445,-64.19176
36.07838,-79.008942,9,0.09,150.5,7.54,3009403,7.54,7.53919,-4.61695,4.25623,-0.01756,-0.00092,0.01313,64.33791,40.22216,-63.81175
36.07838,-79.008942,9,0.09,150.7,7.57,3009603,7.57,7.57029,-4.56132,4.28674,-0.01878,0.00031,-0.01161,64.3233,39.50599,-63.84098
36.07838,-79.008942,9,0.06,150.7,7.42,3010403,7.42,7.42254,-4.69532,4.30349,0.01069,-0.00687,-0.10568,63.50482,40.83601,-63.53406
36.07838,-79.008942,9,0.06,150.7,7.43,3010603,7.43,7.42792,-4.87837,4.22094,-0.01588,0.02734,-0.06903,63.19789,41.42064,-63.15405
36.07838,-79.00894,9,0.02,150.7,7.55,3011403,7.55,7.55235,-4.52363,4.24547,-0.01817,0.00351,-0.03589,64.38176,40.266,-63.02251
36.07838,-79.00894,9,0.02,150.5,7.55,3011603,7.55,7.54816,-4.65284,4.23231,0.00092,0.04261,-0.01268,64.46945,40.14908,-63.50482
36.07838,-79.008938,9,0.08,150.5,7.56,3012403,7.56,7.56311,-4.5667,4.25623,-0.05437,-0.00137,0.04459,64.55714,40.44139,-63.24174
36.07838,-79.008938,9,0.08,150.4,7.57,3012603,7.57,7.57269,-4.6002,4.28794,0.0084,0.02718,-0.01512,64.68869,40.076,-63.24174
36.078379,-79.008938,9,0.09,150.4,7.56,3013403,7.56,7.55713,-4.5003,4.24487,-0.03299,-0.00764,-0.03604,64.27945,39.34522,-63.06636
36.078379,-79.008938,9,0.09,150.3,7.6,3013603,7.6,7.60319,-4.59901,4.26222,-0.04108,-0.0058,0.0452,64.57176,39.91523,-62.59866
36.078379,-79.008938,9,0.08,150.3,7.56,3014403,7.56,7.55594,-4.45783,4.18565,-0.07193,-0.02734,-0.00031,64.95177,39.85677,-62.97866
36.078379,-79.008938,9,0.08,150.1,7.6,3014603,7.6,7.602,-4.6337,4.2676,0.06368,0.07254,-0.1408,63.91406,40.29523,-63.21251
36.078379,-79.008936,9,0.16,150.1,7.5,3015403,7.5,7.49612,-4.5667,4.12702,-0.00153,0.03421,-0.16157,64.38176,39.81292,-62.78866
36.078379,-79.008936,8,0.16,150,7.53,3015603,7.53,7.53261,-4.79402,4.22393,0.02107,0.03222,-0.01878,63.44636,40.99678,-62.94943
36.07838,-79.008936,8,0.23,150,7.47,3016403,7.47,7.4674,-4.86341,4.19402,0.00122,0.03176,-0.04414,63.70944,40.96755,-62.71558
36.07838,-79.008936,8,0.23,149.8,7.41,3016603,7.41,7.40938,-4.87298,4.23889,-0.01176,-0.01069,0.02107,63.1102,41.34756,-62.48173
36.078381,-79.008935,8,0.18,149.8,7.53,3017403,7.53,7.52902,-4.59661,4.19402,-0.01222,0.04734,-0.062,63.88483,39.91523,-62.86174
36.078381,-79.008935,8,0.18,149.7,7.51,3017603,7.51,7.51406,-4.76411,4.21376,0.03115,0.04795,-0.12966,63.43175,40.86525,-62.55481
36.07838,-79.008932,8,0.3,149.7,7.52,3018403,7.52,7.51765,-4.73958,4.24965,-0.01298,0.01894,0.02917,63.60713,40.77755,-63.1102
36.07838,-79.008932,8,0.3,149.8,7.53,3018603,7.53,7.52603,-4.67258,4.21974,-0.04337,-0.01466,0.03879,64.17715,40.38293,-62.89096
36.078381,-79.008931,8,0.12,149.8,7.49,3019403,7.49,7.48774,-4.88495,4.22931,-0.07376,0.06536,0.03711,63.44636,40.90909,-63.18328
36.078381,-79.008931,8,0.12,149.6,7.55,3019603,7.55,7.55235,-4.65464,4.11326,-0.01283,0.02627,0.05666,64.0456,40.74832,-62.30634
36.07838,-79.008929,8,0.06,149.6,7.5,3020403,7.5,7.49731,-4.71326,4.21556,-0.00244,-0.04536,-0.07743,64.11868,40.32447,-61.9848
36.07838,-79.008929,8,0.06,149.6,7.53,3020603,7.53,7.53021,-4.78923,4.18385,0.02871,0.03818,-0.03344,63.97252,40.87986,-62.6425
36.078381,-79.008926,8,0.14,149.6,7.47,3021403,7.47,7.47219,-4.6349,4.26401,-0.03635,-0.0814,-0.05024,63.65098,40.10523,-62.68635
36.078381,-79.008926,8,0.14,149.3,7.51,3021603,7.51,7.50987,-4.78864,4.22991,-0.01069,0.01542,-0.04368,63.40252,41.23063,-62.61327
36.078381,-79.008923,8,0.33,149.3,7.53,3022403,7.53,7.52961,-4.67378,4.19462,-0.00443,0.01756,-0.00764,64.61561,40.51447,-62.61327
36.078381,-79.008923,8,0.33,149,7.51,3022603,7.51,7.50987,-4.67737,4.22692,0.00336,0.05101,-0.08858,64.38176,40.45601,-62.51096
36.078382,-79.008922,8,0.14,149,7.55,3023403,7.55,7.55414,-4.67677,4.18624,-0.00596,-0.03039,-0.08858,63.94329,40.076,-62.90559
36.078382,-79.008922,8,0.14,148.6,7.48,3023603,7.48,7.47697,-4.72044,4.2341,0.0029,0.04719,-0.00993,63.7679,40.3537,-62.94943
36.078383,-79.00892,8,0.07,148.6,7.51,3024403,7.51,7.51346,-4.65643,4.29452,-0.04917,0.00443,0.09774,63.88483,40.29523,-62.80328
36.078383,-79.00892,8,0.07,148.1,7.52,3024603,7.52,7.52064,-4.62533,4.31905,-0.02337,0.0223,0.00962,64.57176,39.84215,-63.43175
36.078384,-79.008918,8,0.15,148.1,7.55,3025403,7.55,7.54756,-4.63131,4.20479,-0.00061,-0.02077,-0.10079,63.72406,40.06139,-63.12482
36.078384,-79.008918,8,0.15,147.8,7.58,3025603,7.58,7.58405,-4.65284,4.21795,-0.02673,0.03268,0.03589,63.8556,40.10523,-62.71558
36.078383,-79.008917,8,0.07,147.8,7.52,3026403,7.52,7.52124,-4.7677,4.28315,-0.00657,0.06582,-0.02902,63.12482,40.60216,-62.70096
36.078383,-79.008917,8,0.07,147.7,7.49,3026603,7.49,7.48595,-4.64088,4.21615,-0.04459,0.00901,0.08751,63.13943,40.076,-63.40252
36.078384,-79.008918,8,0.28,147.7,7.63,3027403,7.63,7.62712,-4.52722,4.24786,-0.01206,0.06811,0.04581,64.46945,39.46215,-63.53406
36.078384,-79.008918,8,0.28,147.5,7.56,3027603,7.56,7.55653,-4.55235,4.21197,-0.03207,-0.07132,-0.00855,63.9579,39.57907,-63.37329
36.078384,-79.008919,8,0.31,147.5,7.53,3028403,7.53,7.52782,-4.61217,4.22632,0.00321,0.00397,-0.08155,64.11868,39.886,-63.19789
36.078384,-79.008919,8,0.31,147.4,7.56,3028603,7.56,7.56072,-4.72104,4.27358,-0.02535,0.03512,0.0223,63.56329,40.38293,-62.3648
36.078384,-79.008918,8,0.05,147.4,7.44,3029403,7.44,7.43988,-4.75274,4.24965,0.00519,0.00565,-0.1208,63.28559,40.48524,-63.1102
36.078384,-79.008918,8,0.05,147.2,7.49,3029603,7.49,7.48834,-4.88375,4.22931,-0.0368,0.09606,0.01695,63.05173,41.37679,-62.48173
36.078385,-79.008917,8,0.03,147.2,7.6,3030403,7.6,7.60439,-4.66242,4.2353,0.01665,-0.0087,-0.05681,63.88483,40.20754,-63.1102
36.078385,-79.008917,8,0.03,147.1,7.58,3030603,7.58,7.58465,-4.54517,4.30768,-0.03497,0.03436,0.05605,63.81175,39.21368,-62.62789
36.078386,-79.008916,8,0.18,147.1,7.59,3031403,7.59,7.59063,-4.6684,4.22094,-0.01084,-0.05956,-0.01481,63.65098,39.97369,-63.16866
36.078386,-79.008916,8,0.18,146.9,7.57,3031603,7.57,7.56611,-4.69651,4.17548,-0.06368,0.04184,-0.01649,63.84098,39.71061,-63.27097
36.078386,-79.008913,8,0.07,146.9,7.43,3032403,7.43,7.42553,-4.71924,4.18565,0.00901,-0.04368,-0.03436,63.18328,40.38293,-63.92868
36.078386,-79.008913,8,0.07,146.8,7.43,3032603,7.43,7.43151,-4.84307,4.22154,-0.04169,0.06613,-0.07147,63.37329,40.70448,-63.91406
36.078386,-79.00891,8,0.07,146.8,7.51,3033403,7.51,7.51047,-4.68455,4.22453,0.02596,0.04001,-0.05681,63.94329,40.36831,-64.2356
36.078386,-79.00891,8,0.07,146.9,7.51,3033603,7.51,7.51406,-4.73001,4.27059,-0.0223,0.03589,0.00168,63.78252,39.98831,-64.16253
36.078386,-79.008909,8,0.06,146.9,7.53,3034403,7.53,7.5344,-4.58644,4.25145,-0.00977,0.03024,-0.06185,64.54253,39.38907,-63.82636
36.078386,-79.008909,8,0.06,146.9,7.53,3034603,7.53,7.53081,-4.70309,4.25324,-0.03085,-0.03772,0.01665,63.75329,39.76907,-63.78252
36.078386,-79.008906,8,0.15,146.9,7.58,3035403,7.58,7.57687,-4.39442,4.21855,-0.04307,0.04154,-0.01817,64.83485,38.89214,-63.89944
36.078386,-79.008906,9,0.15,146.9,7.61,3035603,7.61,7.61157,-4.63609,4.34776,0.03421,0.03436,-0.06597,63.84098,39.49137,-63.50482
36.078387,-79.008905,9,0.08,146.9,7.59,3036403,7.59,7.59183,-4.42911,4.15334,0.0026,-0.00916,-0.0843,64.54253,39.87138,-63.92868
36.078387,-79.008905,9,0.08,146.9,7.53,3036603,7.53,7.53261,-4.64148,4.1994,-0.00244,-0.01252,-0.03879,64.3233,40.14908,-64.06022
36.078387,-79.008904,9,0.12,146.9,7.54,3037403,7.54,7.54397,-4.67797,4.19163,-0.05101,-0.06918,-0.01542,64.14791,40.22216,-64.27945
36.078387,-79.008904,9,0.12,146.7,7.46,3037603,7.46,7.45663,-4.76112,4.41954,-0.02489,0.04719,-0.03726,63.56329,40.23677,-63.92868
36.078387,-79.008902,9,0.09,146.7,7.44,3038403,7.44,7.43929,-4.81735,4.20897,-0.01344,0.07055,0.01802,62.97866,40.39754,-64.13329
36.078387,-79.008902,9,0.09,146.8,7.48,3038603,7.48,7.48295,-4.8,4.22572,-0.00031,-0.03192,0.0255,63.37329,39.94446,-63.9579
36.078387,-79.0089,9,0.2,146.8,7.4,3039403,7.4,7.401,-5.02493,3.98824,0.01772,0.03131,-0.0872,62.13096,41.7568,-63.8556
36.078387,-79.0089,9,0.2,146.9,7.37,3039603,7.37,7.3693,-4.95972,4.09591,-0.02016,0.08048,0.042,62.6425,42.42912,-63.34405
36.078389,-79.008899,9,0.1,146.9,7.34,3040403,7.34,7.33819,-5.09013,4.28435,0.02779,0.07575,-0.05483,62.94943,42.31219,-62.97866
36.078389,-79.008899,9,0.1,146.6,7.37,3040603,7.37,7.37169,-4.9681,4.09113,-0.03054,0.0507,0.03803,62.90559,41.43525,-63.3879
36.078389,-79.008895,9,0.36,146.6,7.36,3041403,7.36,7.35554,-4.86939,4.20838,-0.00153,-0.00412,-0.08644,63.00789,41.0114,-63.84098
36.078389,-79.008895,9,0.36,146.4,7.4,3041603,7.4,7.40339,-5.05603,4.17847,-0.00275,0.02795,-0.04948,62.30634,41.34756,-62.99327
36.078385,-79.008895,9,0.17,146.4,7.35,3042403,7.35,7.35195,-5.04407,4.17667,-0.02703,-0.02107,-0.02107,62.23326,41.49371,-63.41713
36.078385,-79.008895,8,0.17,147.7,7.21,3042603,7.21,7.21436,-4.96451,4.18684,-0.0588,0.05223,0.0478,62.81789,41.58141,-63.19789
36.078378,-79.008893,8,0.3,147.7,7.37,3043403,7.37,7.36989,-4.98006,4.16112,-0.03467,0.00718,-0.05376,62.56942,41.31833,-62.61327
36.078378,-79.008893,8,0.3,149.3,7.38,3043603,7.38,7.37647,-5.0004,4.17966,-0.03238,0.01512,0.01084,62.40865,41.50833,-62.62789
36.078374,-79.008889,8,0.44,149.3,7.42,3044403,7.42,7.42433,-4.85683,4.08275,-0.01451,0.0649,-0.06552,63.18328,40.98217,-63.44636
36.078374,-79.008889,8,0.44,150.3,7.43,3044603,7.43,7.42971,-5.02792,4.19462,0.00367,0.02352,0.01206,62.97866,40.96755,-63.37329
36.078369,-79.008883,8,0.61,150.3,7.5,3045403,7.5,7.49552,-4.75394,4.09113,-0.04887,-0.01466,0.00214,63.30021,40.42678,-62.29173
36.078369,-79.008883,8,0.61,151.4,7.49,3045603,7.49,7.49013,-4.6002,4.23829,-0.04841,0.08644,0.04979,63.92868,39.76907,-62.46712
36.078365,-79.008883,8,0.24,151.4,7.5,3046403,7.5,7.4997,-4.64985,4.16052,-0.02367,0.05391,-0.01497,63.84098,40.6314,-63.40252
36.078365,-79.008883,9,0.24,152.7,7.5,3046603,7.5,7.49911,-4.79701,4.22154,-0.01023,-0.00748,-0.00641,63.63636,41.09909,-63.34405
36.078364,-79.008876,9,0.6,152.7,7.29,3047403,7.29,7.29033,-5.11526,4.1671,0.02367,0.02902,-0.12049,62.10172,42.38527,-63.75329
36.078364,-79.008876,8,0.6,152.7,7.23,3047603,7.23,7.22573,-5.24746,4.13061,-0.00489,0.04979,-0.09178,61.48787,42.73604,-63.06636
36.078364,-79.008876,8,0.21,152.7,7.35,3048403,7.35,7.35075,-5.09552,4.15514,-0.04154,0.03528,0.11438,62.97866,41.88834,-63.88483
36.078364,-79.008876,8,0.21,152.8,7.4,3048603,7.4,7.4016,-4.72463,4.15215,-0.06704,0.00535,0.11774,63.65098,40.55832,-64.01637
36.078364,-79.008875,8,0.05,152.8,7.47,3049403,7.47,7.4662,-4.71625,4.14616,0.02031,0.00779,-0.10247,63.16866,40.41216,-63.25636
36.078364,-79.008875,8,0.05,153,7.43,3049603,7.43,7.4339,-4.92622,4.14198,0.02886,0.02718,-0.14172,62.86174,41.09909,-63.72406
36.078366,-79.008876,8,0.31,153,7.32,3050403,7.32,7.32024,-4.97647,4.04925,-0.06888,0.08155,0.08552,63.34405,41.37679,-62.37942
36.078366,-79.008876,8,0.31,153,7.5,3050603,7.5,7.5027,-5.08953,4.12702,0.05544,-0.00886,-0.1825,62.56942,42.06372,-62.30634
36.078365,-79.008874,8,0.16,153,7.57,3051403,7.57,7.57328,-4.7336,4.08036,-0.07575,-0.11316,0.14157,63.72406,40.52908,-62.8325
36.078365,-79.008874,8,0.16,153.1,7.52,3051603,7.52,7.51526,-4.60259,4.09232,-0.02443,0.05315,-0.06261,63.82636,40.25139,-62.37942
36.078368,-79.008882,8,1.02,153.1,7.54,3052403,7.54,7.54397,-4.63849,4.13061,-0.01038,0.02367,-0.03009,64.17715,40.13446,-63.7679
36.078368,-79.008882,8,1.02,152.8,7.63,3052603,7.63,7.6349,-4.72044,4.15215,-0.05437,-0.0171,0.05849,63.69483,40.66063,-63.34405
36.078367,-79.008878,8,0.3,152.8,7.6,3053403,7.6,7.60319,-4.52243,4.18445,0.01405,0.05742,-0.0672,64.55714,39.84215,-62.74482
36.078367,-79.008878,7,0.3,152.8,7.61,3053603,7.61,7.61396,-4.45065,4.16411,0.01772,0.00046,-0.05437,63.84098,40.06139,-63.16866
36.078368,-79.008874,7,0.28,152.8,7.63,3054403,7.63,7.6331,-4.64088,4.26162,-0.01787,-0.00092,-0.05009,64.26483,40.36831,-63.22713
36.078368,-79.008874,7,0.28,152.6,7.59,3054603,7.59,7.58764,-4.5009,4.24606,-0.02214,0.08598,0.06674,63.98714,40.10523,-63.31482
36.078369,-79.008875,7,0.29,152.6,7.6,3055403,7.6,7.59602,-4.56969,4.14796,-0.03375,-0.02566,-0.04948,64.16253,40.25139,-63.22713
36.078369,-79.008875,7,0.29,152.4,7.55,3055603,7.55,7.54816,-4.68814,4.21316,-0.05788,0.00443,-0.00351,64.26483,40.49986,-63.22713
36.078369,-79.008874,7,0.08,152.4,7.58,3056403,7.58,7.58465,-4.61276,4.19103,-0.02352,0.07162,0.02062,64.38176,40.04677,-63.69483
36.078369,-79.008874,7,0.08,152.1,7.6,3056603,7.6,7.59841,-4.56371,4.25743,0.0223,0.07559,-0.00718,64.52792,39.90061,-63.1102
36.078369,-79.008873,7,0.2,152.1,7.54,3057403,7.54,7.53859,-4.70369,4.20957,-0.02596,0.01008,-0.0087,63.97252,40.23677,-61.64864
36.078369,-79.008873,7,0.2,151.8,7.55,3057603,7.55,7.55055,-4.59781,4.14497,-0.01649,-0.00367,0.01374,64.01637,40.06139,-62.93481
36.078369,-79.008872,7,0.2,151.8,7.55,3058403,7.55,7.55354,-4.74676,4.21556,-0.01405,0.0646,0.04261,63.97252,39.6083,-63.08097
36.078369,-79.008872,7,0.2,151.3,7.57,3058603,7.57,7.5679,-4.64925,4.12044,-0.04505,-0.0533,0.03268,64.86407,39.90061,-62.61327
36.078364,-79.008874,7,0.24,151.3,7.61,3059403,7.61,7.61277,-4.42911,4.21077,0.03986,0.07483,-0.13744,64.79099,39.56445,-62.35019
36.078364,-79.008874,9,0.24,152,7.53,3059603,7.53,7.53021,-4.79462,4.24726,0.02978,-0.03115,-0.06536,63.31482,39.91523,-62.46712
36.078362,-79.008877,9,0.23,152,7.39,3060403,7.39,7.38604,-4.99143,4.11685,-0.03115,-0.00137,-0.00107,62.99327,41.58141,-62.30634
36.078362,-79.008877,9,0.23,152.6,7.44,3060603,7.44,7.43929,-4.88495,4.10728,-0.06261,-0.05712,0.05773,63.22713,41.17217,-62.26249
36.078359,-79.00888,9,0.46,152.6,7.51,3061403,7.51,7.51047,-4.74856,4.21316,-0.02382,0.01374,0.06048,62.67173,40.90909,-62.54019
36.078359,-79.00888,9,0.46,153.1,7.47,3061603,7.47,7.4692,-4.71685,4.20359,-0.00932,0.04719,-0.06765,63.43175,39.62292,-62.52558
36.078355,-79.008883,9,0.51,153.1,7.5,3062403,7.5,7.50389,-4.78864,4.09891,-0.06261,-0.0281,-0.00947,63.91406,40.45601,-62.26249
36.078355,-79.008883,9,0.51,153.8,7.53,3062603,7.53,7.5344,-4.70668,4.09591,-0.00932,0.04719,-0.01191,63.69483,40.64601,-62.77404
36.078352,-79.008886,9,0.31,153.8,7.5,3063403,7.5,7.49612,-4.86999,4.13659,-0.06063,-0.0113,0.09728,63.19789,40.67524,-62.77404
36.078352,-79.008886,9,0.31,154.4,7.37,3063603,7.37,7.37289,-4.7689,4.17428,-0.03146,-0.02199,-0.10095,63.65098,40.86525,-62.05788
36.078349,-79.008888,9,0.05,154.4,7.53,3064403,7.53,7.5338,-4.80838,4.21855,0.01481,0.0672,-0.03894,63.05173,40.79217,-63.00789
36.078349,-79.008888,9,0.05,154.8,7.46,3064603,7.46,7.45843,-4.81556,4.18086,-0.02886,-0.03497,0.01313,62.75943,40.5437,-63.9579
36.078349,-79.008889,9,0.17,154.8,7.43,3065403,7.43,7.4333,-5.07458,4.12224,-0.02459,-0.01283,0.08552,62.89096,41.23063,-62.61327
36.078349,-79.008889,9,0.17,155.3,7.29,3065603,7.29,7.29452,-4.91905,4.1019,-0.09041,-0.00244,0.04307,63.34405,40.90909,-62.26249
36.078347,-79.008893,9,0.26,155.3,7.52,3066403,7.52,7.51526,-4.79462,4.12822,-0.00015,0.04078,-0.00336,63.56329,40.79217,-61.7071
36.078347,-79.008893,9,0.26,155.9,7.53,3066603,7.53,7.52722,-4.7659,4.08933,-0.00489,0.01756,-0.0113,63.47559,40.38293,-62.11634
36.078346,-79.008895,9,0.18,155.9,7.61,3067403,7.61,7.60977,-4.64686,4.20539,-0.03879,-0.0029,-0.01023,64.14791,40.42678,-62.55481
36.078346,-79.008895,9,0.18,156.3,7.51,3067603,7.51,7.50987,-4.64267,4.17189,-0.00275,0.06888,-0.02352,63.94329,40.29523,-62.86174
36.078345,-79.008895,9,0.05,156.7,7.53,3068603,7.53,7.52842,-4.63071,4.16052,-0.02275,0.04475,-0.01924,64.51331,40.13446,-62.67173
36.078344,-79.008895,9,0.13,157.3,7.53,3069603,7.53,7.52842,-4.79522,4.18923,0.01619,0.01542,-0.06445,63.88483,40.36831,-63.28559
36.078341,-79.008894,9,0.36,157.3,7.47,3070403,7.47,7.46561,-4.83231,4.12762,-0.04872,0.01252,0.07804,63.1102,40.92371,-62.43789
36.078341,-79.008894,9,0.36,158,7.49,3070603,7.49,7.48774,-4.81855,4.18026,0.00061,0.01176,0.03619,64.17715,41.09909,-62.80328
36.078337,-79.008898,9,0.52,158,7.47,3071403,7.47,7.4692,-4.89452,4.11984,-0.04215,0.01558,0.04749,63.08097,40.79217,-62.71558
36.078337,-79.008898,9,0.52,158.5,7.5,3071603,7.5,7.5009,-4.75274,4.18086,-0.03543,0.00412,0.04994,63.72406,40.68986,-62.30634
36.078337,-79.008902,9,0.08,158.5,7.53,3072403,7.53,7.53021,-4.73659,4.17368,-0.01802,0.02337,-0.00993,63.75329,40.04677,-62.78866
36.078337,-79.008902,9,0.08,158.8,7.44,3072603,7.44,7.44407,-4.68574,4.14138,-0.04444,-0.00397,-0.01313,63.78252,39.97369,-63.16866
36.078334,-79.008903,9,0.21,159.3,7.5,3073603,7.5,7.5009,-4.78206,4.28255,-0.01161,0.00809,-0.02505,63.66559,40.20754,-63.02251
36.078334,-79.008905,9,0.09,159.4,7.51,3074603,7.51,7.50509,-4.85205,4.21974,-0.00932,-0.00153,0.06979,63.63636,40.79217,-62.40865
36.07833,-79.008911,9,0.55,159.4,7.47,3075403,7.47,7.46561,-4.75035,4.14676,-0.04811,0.0139,0.07789,62.58404,40.20754,-62.4525
36.07833,-79.008911,9,0.55,159.7,7.58,3075603,7.58,7.57687,-4.6355,4.1683,-0.02566,-0.00046,-0.00886,63.81175,39.886,-62.39404
36.078327,-79.008916,9,0.33,159.7,7.53,3076403,7.53,7.52603,-4.62832,4.14915,-0.04933,-0.03253,0.00962,63.73867,39.56445,-61.73633
36.078327,-79.008916,9,0.33,160,7.56,3076603,7.56,7.56132,-4.70788,4.12523,-0.01558,0.02978,-0.04001,64.2356,40.11985,-61.80941
36.078326,-79.008917,9,0.21,160,7.6,3077403,7.6,7.59602,-4.58046,4.18146,-0.02779,-0.0084,-0.00764,64.39638,39.66676,-62.27711
36.078326,-79.008917,7,0.21,160,7.61,3077603,7.61,7.60559,-4.57448,4.19342,-0.02596,-0.00351,-0.01405,64.00175,40.01754,-62.65712
36.078325,-79.008917,7,0.38,160,7.62,3078403,7.62,7.61875,-4.47637,4.20419,0.00535,0.06613,0.0142,64.86407,38.99445,-62.46712
36.078325,-79.008917,7,0.38,159.7,7.68,3078603,7.68,7.68096,-4.50568,4.19103,-0.00764,0.01512,-0.0562,64.77638,39.31599,-61.97018
36.07832,-79.008918,7,0.89,159.7,7.59,3079403,7.59,7.59063,-4.68455,4.20897,-0.01894,0.00504,-0.02917,63.81175,39.85677,-62.80328
36.07832,-79.008918,7,0.89,159.3,7.55,3079603,7.55,7.55115,-4.669,4.13839,-0.01741,-0.00076,-0.02169,63.82636,39.886,-61.64864
36.078313,-79.008921,7,1.19,159.3,7.59,3080403,7.59,7.59422,-4.52004,4.13659,-0.07651,0.0504,0.03528,64.76176,39.53522,-62.78866
36.078313,-79.008921,7,1.19,159,7.64,3080603,7.64,7.63669,-4.56012,4.15035,-0.00733,0.05834,0.01863,64.63022,39.47676,-62.97866
36.078312,-79.008921,7,0.77,159,7.62,3081403,7.62,7.61755,-4.45125,4.17727,0.00321,0.03665,0.01695,64.67407,39.18445,-63.03712
36.078312,-79.008921,7,0.77,158.9,7.65,3081603,7.65,7.65464,-4.44586,4.16411,-0.01756,0.04841,-0.0394,64.99561,39.27214,-61.75095
36.078309,-79.00892,7,0.85,158.9,7.64,3082403,7.64,7.64028,-4.73121,4.23889,-0.03283,-0.0252,-0.06048,64.14791,40.09062,-63.70944
36.078309,-79.00892,6,0.85,158.6,7.58,3082603,7.58,7.57867,-4.72403,4.16949,-0.02107,0.07025,0.04032,64.00175,40.14908,-63.46098
36.07831,-79.008918,6,0.54,158.6,7.52,3083403,7.52,7.51885,-4.76471,4.13839,-0.02932,-0.00535,0.01894,63.89944,40.51447,-62.71558
36.07831,-79.008918,8,0.54,159.3,7.48,3083603,7.48,7.47757,-4.70728,4.15095,0.00733,0.00886,-0.01848,63.69483,40.22216,-61.94095
36.078308,-79.008916,8,0.35,159.3,7.44,3084403,7.44,7.44288,-4.91246,4.16471,-0.00305,-0.00748,-0.011,62.97866,41.11371,-62.96405
36.078308,-79.008916,8,0.35,160,7.44,3084603,7.44,7.44168,-4.85384,4.02891,-0.02718,0.00901,-0.0084,59.96785,41.04063,-63.24174
36.07831,-79.008916,8,0.23,160,7.45,3085403,7.45,7.44826,-4.91127,4.14437,-0.00015,0.00168,0.03772,63.62175,41.49371,-62.39404
36.07831,-79.008916,9,0.23,160.8,7.47,3085603,7.47,7.4692,-4.84247,4.05524,-0.04902,-0.00519,0.01741,63.87022,40.80678,-62.59866
36.07831,-79.00892,9,0.29,160.8,7.53,3086403,7.53,7.52662,-4.57747,4.14676,0.02306,0.06032,-0.08827,64.60099,39.34522,-63.37329
36.07831,-79.00892,9,0.29,161.7,7.57,3086603,7.57,7.5679,-4.79402,4.12702,-0.04643,0.05712,-0.03864,63.91406,40.1637,-62.81789
36.078313,-79.008917,9,0.43,162,7.6,3087603,7.6,7.59781,-4.54457,4.21675,-0.03497,0.02169,0.0171,64.46945,39.4183,-63.02251
36.078314,-79.008918,9,0.35,162,7.53,3088403,7.53,7.53021,-4.74975,4.14616,-0.00428,0.00733,0.01512,63.73867,40.95294,-62.26249
36.078314,-79.008918,9,0.35,162.3,7.57,3088603,7.57,7.5673,-4.66541,4.07438,-0.05208,0.04154,0.03253,64.3233,40.47062,-62.6425
36.078317,-79.008917,9,0.18,162.3,7.59,3089403,7.59,7.59422,-4.64925,4.17368,-0.01726,0.0226,-0.00107,64.06022,40.23677,-62.33558
36.078317,-79.008917,8,0.18,162.4,7.58,3089603,7.58,7.58465,-4.59901,4.15035,-0.01619,0.02779,0.01924,64.49869,39.46215,-62.23326
36.078319,-79.008917,8,0.21,162.4,7.66,3090403,7.66,7.66361,-4.65105,4.09053,-0.02169,-0.00977,-0.08628,64.74715,39.98831,-63.09559
36.078319,-79.008917,8,0.21,162.4,7.62,3090603,7.62,7.61576,-4.62951,4.11685,-0.0139,0.01344,0.03054,64.49869,40.04677,-62.58404
36.078322,-79.008922,8,0.24,162.4,7.6,3091403,7.6,7.59602,-4.57448,4.13599,-0.06368,0.01604,0.04261,64.48407,39.40368,-61.97018
36.078322,-79.008922,8,0.24,162.8,7.62,3091603,7.62,7.62413,-4.58884,4.15215,0.01741,0.01863,-0.05574,64.60099,39.87138,-62.78866
36.078325,-79.008923,8,0.22,162.8,7.55,3092403,7.55,7.55115,-4.64507,4.1994,-0.04581,-0.01405,0.03482,64.61561,40.28062,-61.80941
36.078325,-79.008923,8,0.22,162.9,7.64,3092603,7.64,7.6361,-4.64088,4.09173,0.01069,0.03803,-0.02779,64.49869,40.04677,-62.87635
36.078325,-79.008927,8,0.18,162.9,7.63,3093403,7.63,7.6337,-4.58465,4.21914,-0.0533,0.02031,0.07239,64.76176,39.72523,-63.24174
36.078325,-79.008927,7,0.18,163.3,7.64,3093603,7.64,7.63968,-4.49133,4.13719,-0.01436,-0.00779,-0.02749,64.48407,39.12599,-62.05788
36.078326,-79.008931,7,0.3,163.3,7.64,3094403,7.64,7.64268,-4.51346,4.15573,-0.02107,0.01787,0.02199,64.63022,39.03829,-62.59866
36.078326,-79.008931,8,0.3,163.6,7.64,3094603,7.64,7.63729,-4.47458,4.16949,-0.03848,-0.0336,-0.00412,64.95177,39.24291,-62.81789
36.078328,-79.008933,8,0.23,163.6,7.6,3095403,7.6,7.60319,-4.4016,4.13779,-0.02413,0.00168,-0.09178,64.45483,38.9506,-62.55481
36.078328,-79.008933,8,0.23,163.7,7.69,3095603,7.69,7.68754,-4.58644,4.1342,-0.02856,0.05742,-0.07727,64.10406,39.18445,-63.06636
36.07833,-79.008933,8,0.43,163.7,7.73,3096403,7.73,7.72583,-4.50927,4.24307,-0.02841,0.01283,0.0562,65.17101,38.77521,-62.71558
36.07833,-79.008933,8,0.43,163.8,7.67,3096603,7.67,7.67318,-4.35554,4.07797,-0.00519,0.01558,-0.04872,65.68255,38.81906,-62.56942
36.078334,-79.008933,8,0.4,163.8,7.72,3097403,7.72,7.72343,-4.59542,4.18744,-0.02474,0.06536,-0.04184,64.87869,39.62292,-61.53172
36.078334,-79.008933,8,0.4,163.8,7.65,3097603,7.65,7.65464,-4.51825,4.08395,-0.00229,0.02138,0.04459,64.65946,39.53522,-62.32096
36.078339,-79.008931,8,0.21,163.8,7.67,3098403,7.67,7.67079,-4.35793,4.11266,-0.01145,-0.01527,0.00626,65.34639,38.9506,-62.80328
36.078339,-79.008931,8,0.21,163.8,7.73,3098603,7.73,7.73001,-4.45065,4.14437,-0.01985,0.02779,-0.00764,65.08331,39.15522,-62.55481
36.078346,-79.008927,8,0.58,163.7,7.7,3099603,7.7,7.7007,-4.468,4.24786,-0.02917,-0.00367,-0.00932,64.61561,40.076,-62.96405
36.078353,-79.008926,8,0.43,163.7,7.64,3100403,7.64,7.64028,-4.47278,4.14377,-0.0365,0.01344,0.07789,64.58638,39.35984,-62.90559
36.078353,-79.008926,9,0.43,163.6,7.67,3100603,7.67,7.6672,-4.44945,4.14557,0.00565,0.04184,-0.05986,64.55714,38.99445,-63.03712
36.078362,-79.008921,9,0.62,163.6,7.61,3101403,7.61,7.61097,-4.5326,4.17607,0.01252,0.05223,-0.05773,64.42561,39.90061,-62.87635
36.078362,-79.008921,9,0.62,163.4,7.58,3101603,7.58,7.58465,-4.57448,4.12642,-0.01619,-0.02107,-0.0113,64.25022,39.57907,-62.54019
36.078367,-79.008918,9,0.47,163.4,7.63,3102403,7.63,7.62712,-4.4997,4.1001,0.01542,-0.0026,-0.09911,64.99561,39.59369,-63.24174
36.078367,-79.008918,9,0.47,163.3,7.65,3102603,7.65,7.65404,-4.75753,4.16112,-0.02291,-0.0029,0.00886,63.50482,40.33908,-62.89096
36.07837,-79.008917,9,0.32,163.3,7.68,3103403,7.68,7.67917,-4.48714,3.9996,0.00672,0.05391,-0.06048,64.57176,39.59369,-63.47559
36.07837,-79.008917,9,0.32,163.3,7.64,3103603,7.64,7.63789,-4.47757,4.10728,-0.03604,-0.0168,-0.00199,64.95177,39.09676,-63.08097
36.078372,-79.008915,9,0.33,163.4,7.65,3104603,7.65,7.65284,-4.60858,4.1671,-0.01115,0.00809,0.03283,64.3233,39.50599,-63.24174
36.078373,-79.008914,8,0.23,163.1,7.63,3105603,7.63,7.62712,-4.5338,4.18265,-0.01894,-0.03497,-0.03528,64.80562,39.81292,-63.43175
36.078372,-79.008913,8,0.44,163.1,7.63,3106403,7.63,7.6331,-4.59123,4.14497,-0.00733,0.05147,-0.02673,64.0456,40.23677,-63.44636
36.078372,-79.008913,8,0.44,163,7.7,3106603,7.7,7.69771,-4.5685,4.18864,-0.04643,0.00092,0.11897,64.64484,40.28062,-62.96405
36.078372,-79.00891,8,0.41,163,7.63,3107403,7.63,7.62832,-4.49312,4.18265,-0.01985,0.02718,-0.00061,64.57176,39.78369,-62.61327
36.078372,-79.00891,8,0.41,162.6,7.65,3107603,7.65,7.64686,-4.51107,4.20419,-0.04123,-0.00321,0.01695,64.92254,39.56445,-63.15405
36.078373,-79.008906,8,0.38,162.6,7.66,3108403,7.66,7.66301,-4.535,4.11266,-0.02382,0.01374,-0.0478,64.93715,39.87138,-62.65712
36.078373,-79.008906,8,0.38,162.2,7.64,3108603,7.64,7.63909,-4.55055,4.18265,0.00229,0.0171,0.03803,64.14791,39.66676,-61.99942
36.078374,-79.008903,8,0.41,162.2,7.67,3109403,7.67,7.67139,-4.57268,4.15633,-0.04307,0.03543,0.04658,65.41946,39.49137,-62.10172
36.078374,-79.008903,8,0.41,161.7,7.6,3109603,7.6,7.60499,-4.50269,4.17009,-0.00244,-0.01405,-0.04551,65.36101,39.54984,-63.31482
36.078377,-79.008899,8,0.4,161.7,7.69,3110403,7.69,7.68874,-4.44886,4.17368,-0.04047,-0.00321,0.02443,64.83485,39.76907,-63.47559
36.078377,-79.008899,8,0.4,161.2,7.67,3110603,7.67,7.669,-4.47877,4.15394,-0.01206,0.03451,-0.00458,64.55714,39.46215,-63.27097
36.078376,-79.008897,9,0.4,161,7.62,3111603,7.62,7.62413,-4.51585,4.18146,0.04246,-0.01604,-0.10736,64.87869,39.53522,-63.41713
36.078376,-79.008895,9,0.02,161,7.59,3112603,7.59,7.59123,-4.49372,4.12762,-0.01436,0.03467,-0.02153,65.28793,39.24291,-62.71558
36.078373,-79.008895,9,0.35,161,7.65,3113403,7.65,7.65105,-4.49193,4.15394,0.00519,-0.04673,-0.03146,65.65332,39.27214,-62.51096
36.078373,-79.008895,8,0.35,160.8,7.61,3113603,7.61,7.60858,-4.57089,4.15873,-0.04597,0.06552,-0.02856,64.3233,39.28676,-62.16019
36.07837,-79.008895,8,0.66,160.5,7.68,3114603,7.68,7.67797,-4.44228,4.15573,-0.00458,0.03589,-0.03451,65.03946,38.9506,-62.20403
36.078373,-79.008893,8,0.38,160.5,7.67,3115403,7.67,7.66959,-4.54337,4.09472,0.00504,0.02734,-0.05223,65.0687,39.34522,-63.05173
36.078373,-79.008893,8,0.38,160.2,7.61,3115603,7.61,7.60559,-4.54876,4.13659,-0.05223,-0.00367,0.03742,64.87869,39.52061,-62.62789
36.078377,-79.008888,8,0.15,160.2,7.65,3116403,7.65,7.65225,-4.46261,4.18744,-0.00275,0.02856,-0.06216,64.80562,38.93598,-63.06636
36.078377,-79.008888,7,0.15,159.5,7.68,3116603,7.68,7.68036,-4.55952,4.08275,-0.0168,0.02978,-0.0026,64.74715,39.65215,-63.18328
36.078376,-79.008888,7,0.15,159.1,7.69,3117603,7.69,7.68634,-4.51107,4.13839,0.02642,0.0142,-0.11591,65.02485,39.37445,-62.07249
36.078377,-79.008884,7,0.14,159.1,7.63,3118403,7.63,7.6343,-4.60559,4.28614,-0.02123,-0.03894,-0.03589,64.22099,39.46215,-62.97866
36.078377,-79.008884,7,0.14,158.5,7.59,3118603,7.59,7.59422,-4.6008,4.04566,-0.00382,0.04688,-0.01466,64.7033,39.28676,-63.00789
36.078381,-79.008879,8,0.07,157.6,7.65,3119603,7.65,7.65105,-4.50269,4.12343,-0.0252,-0.01344,-0.04108,64.82023,39.28676,-62.23326
36.078382,-79.008875,8,0.08,157.6,7.61,3120403,7.61,7.61037,-4.5661,4.1019,0.00367,0.0113,-0.02275,64.79099,39.4183,-63.32943
36.078382,-79.008875,8,0.08,157,7.65,3120603,7.65,7.65165,-4.54038,4.13779,-0.05696,0.03589,0.02337,65.12716,39.52061,-62.55481
36.078376,-79.008879,9,0.14,158.4,7.63,3121603,7.63,7.62832,-4.54816,4.13061,-0.07361,-0.02764,0.0675,64.80562,39.30138,-62.6425
36.07837,-79.008882,9,0.25,160,7.68,3122603,7.68,7.67737,-4.47817,4.14856,-0.00779,-0.01237,-0.04933,64.64484,38.92137,-63.54867
36.078364,-79.008886,9,0.14,161.2,7.65,3123603,7.65,7.65105,-4.49492,4.12702,-0.06246,0.03803,0.04887,64.90792,39.34522,-61.95557
36.078361,-79.008888,9,0.1,161.7,7.73,3124603,7.73,7.73121,-4.33041,4.12403,-0.06216,-0.01313,0.10751,65.50716,38.51213,-62.24788
36.07836,-79.00889,9,0.07,162.2,7.67,3125603,7.67,7.67438,-4.42612,4.22812,0.00504,0.04887,0.01298,65.17101,39.38907,-62.42327
36.078358,-79.008892,9,0.16,162.8,7.64,3126603,7.64,7.6355,-4.71984,4.06481,0.00412,0.011,-0.05498,64.38176,41.08448,-62.11634
36.078358,-79.008892,9,0.06,163,7.57,3127603,7.57,7.57448,-4.7665,4.04866,-0.05101,0.04948,0.05696,64.80562,40.11985,-62.39404
36.078357,-79.008893,9,0.02,163.7,7.56,3128603,7.56,7.55534,-4.71266,4.05105,0.00061,0.04749,-0.02443,63.91406,39.696,-62.4525
36.078357,-79.008891,9,0.08,163.4,7.63,3129603,7.63,7.62832,-4.60678,4.07976,-0.0336,0.01542,0.01741,64.3233,39.37445,-63.82636
36.078359,-79.008889,9,0.12,163.1,7.6,3130603,7.6,7.60319,-4.60319,4.14557,-0.02627,-0.01726,-0.02505,64.84946,39.35984,-63.13943
36.078359,-79.00889,9,0.26,162.9,7.6,3131603,7.6,7.59901,-4.55414,4.17607,-0.02505,-0.01695,-0.0368,64.41099,39.34522,-63.69483
36.078358,-79.008889,9,0.07,163.3,7.55,3132603,7.55,7.54876,-4.75454,3.98584,-0.06322,0.0507,0.02764,64.14791,40.19292,-62.90559
36.078357,-79.008889,9,0.16,163.3,7.57,3133403,7.57,7.56611,-4.65942,4.06959,-0.0452,0.03146,-0.00397,64.35253,40.076,-63.46098
36.078357,-79.008889,8,0.16,163.6,7.61,3133603,7.61,7.60858,-4.65464,4.11147,-0.00657,0.00489,-0.00916,64.57176,39.62292,-63.09559
36.078357,-79.008888,8,0.08,163.6,7.51,3134603,7.51,7.50868,-4.89871,3.9996,-0.01558,0.05834,-0.10278,63.9579,39.84215,-62.71558
36.078356,-79.008886,8,0.26,163.8,7.5,3135603,7.5,7.5009,-4.7336,4.14796,-0.01573,0.00015,-0.09759,64.25022,39.63753,-63.02251
36.078356,-79.008885,8,0.16,163.8,7.65,3136403,7.65,7.64926,-4.51406,4.14317,-0.01817,0.00519,-0.01145,65.27332,39.16983,-62.56942
36.078356,-79.008885,9,0.16,163.3,7.52,3136603,7.52,7.51586,-4.49252,4.15215,-0.04459,0.03497,0.03589,64.86407,38.90675,-63.08097
36.078357,-79.008882,9,0.01,162.7,7.73,3137603,7.73,7.7336,-4.32921,4.13061,-0.03864,0.0139,0.08598,66.23795,38.83368,-62.52558
36.078357,-79.008877,9,0.23,162.5,7.54,3138603,7.54,7.54397,-4.74676,4.1324,0.01741,0.02581,-0.08674,64.35253,40.17831,-63.97252
36.078356,-79.008879,9,0.31,162.2,7.59,3139603,7.59,7.58525,-4.58824,4.13659,-0.02367,0.08094,0.03131,64.38176,39.44753,-63.8556
36.078358,-79.00888,9,0.14,162.2,7.68,3140403,7.68,7.68216,-4.43809,4.18146,-0.0452,0.00947,0.09041,65.69717,38.80444,-63.98714
36.078358,-79.00888,8,0.14,161.6,7.64,3140603,7.64,7.64028,-4.40997,4.133,-0.00214,0.00168,-0.06154,65.03946,38.93598,-63.69483
36.078358,-79.008879,8,0.28,161.6,7.37,3141403,7.37,7.3669,-4.89811,4.04566,-0.05101,0.01924,0.02535,63.25636,40.83601,-63.75329
36.078358,-79.008879,7,0.28,161,7.5,3141603,7.5,7.49731,-4.77248,4.12343,-0.07529,-0.05513,0.06994,63.43175,40.04677,-64.42561
36.078359,-79.008884,7,0.52,160.3,7.54,3142603,7.54,7.54457,-4.79282,4.15454,-0.06506,0.02917,0.12126,64.07483,40.00293,-64.16253
36.078361,-79.008883,7,0.23,159.6,7.69,3143603,7.69,7.68993,-4.54158,4.12463,0.00932,0.04383,-0.0478,64.71792,39.25753,-63.79713
36.078361,-79.008884,8,0.22,158.9,7.68,3144603,7.68,7.68036,-4.51765,4.10907,-0.03787,0.00764,-0.01695,64.49869,39.43291,-63.62175
36.078363,-79.008883,8,0.06,158.4,7.69,3145603,7.69,7.69472,-4.42014,4.12882,-0.07269,0.02046,0.06567,65.2587,38.7606,-63.87022
36.078361,-79.008884,8,0.32,157.9,7.67,3146603,7.67,7.66959,-4.48774,4.12882,-0.06017,0.0113,0.05605,64.95177,39.72523,-63.24174
36.078362,-79.008886,8,0.16,157.9,7.59,3147403,7.59,7.59362,-4.55175,3.99661,-0.02031,-0.01649,-0.04627,64.82023,39.57907,-64.58638
36.078362,-79.008886,8,0.16,157.3,7.67,3147603,7.67,7.67199,-4.55414,4.21436,-0.03971,0.01741,0.09988,64.76176,38.81906,-63.9579
36.078361,-79.008888,8,0.21,156.8,7.66,3148603,7.66,7.66481,-4.34357,4.16291,-0.00336,0.01054,-0.08903,65.53639,38.62906,-64.7033
36.078359,-79.008889,8,0.22,156.4,7.59,3149603,7.59,7.58884,-4.56491,4.19402,-0.04475,0.0255,-0.00092,64.36714,39.31599,-64.17715
36.07836,-79.00889,8,0.31,155.8,7.58,3150603,7.58,7.58286,-4.6349,4.18864,0.01573,0.00183,-0.04383,64.52792,40.06139,-64.49869
36.078361,-79.00889,8,0.14,155.3,7.54,3151603,7.54,7.54457,-4.72523,4.04507,-0.04811,-0.00321,-0.03421,64.52792,40.76294,-62.94943
36.078364,-79.008889,8,0.21,154.7,7.55,3152603,7.55,7.55354,-4.79462,4.10907,-0.00687,0.02611,-0.03024,63.88483,40.99678,-63.21251
36.078364,-79.008892,8,0.17,154.2,7.56,3153603,7.56,7.55833,-4.60499,4.08754,-0.04551,0.07972,-0.05544,64.60099,40.19292,-63.24174
36.078367,-79.008892,8,0.25,153.7,7.6,3154603,7.6,7.60379,-4.72343,4.2012,-0.04108,-0.00046,0.062,64.48407,40.1637,-63.40252
36.07837,-79.008891,8,0.25,153.1,7.69,3155603,7.69,7.68814,-4.44048,4.22393,0.00718,0.05406,0.03344,65.34639,39.18445,-63.15405
36.078375,-79.008889,8,0.52,152.4,7.61,3156603,7.61,7.61157,-4.67318,4.26461,0.02917,0.05253,-0.07407,65.01023,40.19292,-63.3879
36.078376,-79.008889,8,0.62,152,7.6,3157603,7.6,7.60499,-4.52662,4.1019,-0.01451,0.04291,-0.05208,65.43409,39.92985,-62.65712
36.078379,-79.00889,8,0.71,152,7.64,3158403,7.64,7.64327,-4.47877,4.13899,-0.00031,-0.00412,-0.00153,64.71792,39.79831,-63.21251
36.078379,-79.00889,8,0.71,151.6,7.68,3158603,7.68,7.67797,-4.4668,4.18265,-0.02489,0.02245,0.01359,64.8933,39.35984,-63.24174
36.078381,-79.008889,9,0.47,151.2,7.65,3159603,7.65,7.64507,-4.52602,4.11685,-0.06109,0.02749,0.08934,64.87869,39.05291,-63.75329
36.078379,-79.008891,9,0.24,151,7.7,3160603,7.7,7.69711,-4.55833,4.1354,-0.00244,0.04062,0.01772,64.95177,39.03829,-63.91406
36.078381,-79.00889,9,0.15,150.2,7.65,3161603,7.65,7.64627,-4.54876,4.17308,-0.01848,0.073,0.01283,65.4487,39.18445,-64.27945
36.078382,-79.008889,9,0.17,149.6,7.65,3162603,7.65,7.64567,-4.54696,4.1683,-0.00321,0.03192,0.02046,64.58638,39.40368,-64.26483
36.078386,-79.008888,9,0.09,148.5,7.63,3163603,7.63,7.62832,-4.57209,4.27837,-0.00382,-0.0307,-0.05376,65.01023,39.4183,-63.79713
36.078386,-79.008886,9,0.13,148.1,7.65,3164603,7.65,7.64866,-4.78146,4.10249,-0.01833,-0.05147,0.02169,63.66559,40.7337,-63.87022
36.078385,-79.008884,9,0.37,147.9,8.28,3165603,8.28,8.28036,-4.09711,2.77268,0.32971,0.09087,-0.39172,66.41333,41.08448,-61.22479
36.078386,-79.008886,8,0.05,147.6,8.43,3166603,8.43,8.42632,-4.22393,3.42054,-0.38133,-0.06139,1.25518,74.27653,25.48962,-62.99327
36.078389,-79.008887,8,0.49,147.3,2.8,3167603,2.8,2.7996,5.21276,-4.73958,0.18815,1.60138,1.51418,58.41859,-34.53669,-19.30722
36.078389,-79.008892,8,0.53,146.7,-7.16,3168603,-7.16,-7.16172,7.15155,-1.66361,0.52657,-0.22068,0.55024,27.41888,-32.92897,-24.48115
36.078389,-79.008896,8,0.14,146.5,-5.46,3169603,-5.46,-5.45803,9.84048,-4.08874,0.32315,0.44135,-1.45401,14.10406,-24.1596,-34.03975
36.078387,-79.0089,7,0.96,146.4,2.9,3170603,2.9,2.89532,10.84068,-1.18684,0.76648,1.5238,-1.17576,77.22888,-23.64806,-26.41041
36.078378,-79.008903,7,0.92,146.4,7.08,3171603,7.08,7.07797,-0.36909,5.91147,0.40806,0.21304,0.05299,76.23502,34.90208,-53.52236
36.078376,-79.008893,7,0.76,144.8,7.91,3172603,7.91,7.91426,-0.67777,4.93819,-0.19426,0.01466,0.13683,78.60275,34.27361,-50.71617
36.078373,-79.008889,9,0.75,143.7,9.19,3173603,9.19,9.18664,-1.95793,12.21536,-0.69471,1.06917,0.76816,75.65039,40.32447,-46.63841
36.078372,-79.008886,9,0.41,142.4,8.18,3174603,8.18,8.17628,1.46082,5.7667,-0.01008,0.7251,0.97738,85.92517,20.44724,-46.05378
36.07837,-79.008888,9,0.15,141.9,6.2,3175603,6.2,6.20339,-3.31167,2.95155,0.11866,0.99342,1.97966,79.45045,39.00906,-29.26045
36.07837,-79.008891,9,0.39,141.7,7.09,3176603,7.09,7.09173,-3.77647,3.96909,0.67592,0.16585,-0.36484,84.1713,29.94739,-29.78661
36.078369,-79.008893,9,0.45,141.2,9.42,3177603,9.42,9.42294,-2.65543,3.79083,0.06994,-0.74281,-0.15104,87.94212,17.9772,-29.0266
36.078368,-79.008894,9,0.24,140.6,8.07,3178603,8.07,8.06561,-4.66182,3.82134,0.14035,-0.6014,0.11927,88.52674,16.7641,-32.11049
36.07837,-79.008893,9,0.1,139.7,7.97,3179603,7.97,7.97109,-5.87318,5.20319,-0.26053,0.43402,-0.12507,87.75212,16.61795,-37.69366
36.07837,-79.008876,9,1.4,139.2,7.5,3180603,7.5,7.49791,-4.27597,4.53081,-0.07926,0.12798,0.07117,88.11751,15.81409,-37.32827
36.078373,-79.008879,9,0.26,138.9,7.51,3181603,7.51,7.50509,-4.59661,4.35195,0.0255,0.02718,-0.03115,88.16135,14.54253,-38.23443
36.078375,-79.008878,8,0.33,138.2,7.7,3182603,7.7,7.70369,-4.47577,4.10848,0.01665,-0.05513,-0.04887,88.00058,13.70944,-37.47442
36.078376,-79.008876,8,0.26,137.3,5.6,3183603,5.6,5.59921,-3.03589,2.91326,-0.208,0.04368,0.43112,88.40982,11.91172,-37.06519
36.078375,-79.008875,9,0.83,136.5,9.17,3184603,9.17,9.1675,-6.01855,2.77926,-0.08201,0.26084,0.78481,85.12131,23.13651,-20.54955
36.078376,-79.008876,9,0.38,135.7,7.93,3185603,7.93,7.93161,-3.83031,4.40698,-0.04429,-0.16127,-0.00565,88.16135,16.8518,-32.06665
36.078379,-79.008875,9,0.54,134.8,7.78,3186603,7.78,7.78206,-3.99542,4.30768,0.21121,0.09423,-0.25519,88.65829,17.07103,-33.83514
36.078379,-79.008871,9,0.32,134.1,8.09,3187603,8.09,8.08954,-3.80339,4.19342,-0.0591,-0.19853,-0.10675,88.48289,15.18562,-31.35048
36.078379,-79.008868,9,0.3,133.2,7.77,3188603,7.77,7.77129,-3.66521,4.24247,0.04016,-0.06979,-0.28527,88.2052,15.50716,-33.48436
36.07838,-79.008865,9,0.18,132.2,7.88,3189603,7.88,7.88435,-4.14796,4.2353,-0.08888,0.04994,0.07559,88.27828,17.43642,-32.41742
36.078381,-79.008863,9,0.25,131.5,7.36,3190603,7.36,7.36092,-4.10608,4.0331,0.00321,0.03406,-0.0478,88.2052,18.47413,-32.18357
36.078382,-79.008861,9,0.4,130.9,7.71,3191603,7.71,7.71386,-3.82313,4.43869,-0.02917,-0.09438,-0.14859,88.54137,17.39258,-32.40281
36.078383,-79.00886,9,0.52,130.7,7.59,3192603,7.59,7.59482,-4.15992,3.97508,-0.19028,-0.104,0.21625,87.70827,19.11722,-31.68664
36.078383,-79.008859,9,0.28,130.5,8.23,3193603,8.23,8.2331,-4.08634,4.32383,-0.05406,-0.0562,-0.13592,87.37212,19.24876,-30.56124
36.078384,-79.008859,9,0.26,130.1,5.52,3194603,5.52,5.51546,-3.48634,3.19801,0.18555,0.5174,0.73747,88.52674,12.78866,-34.50745
36.078384,-79.008861,9,0.21,129.8,8.18,3195603,8.18,8.18405,-3.75613,3.14058,-0.02337,1.01679,2.80311,87.89828,2.60158,-39.09676
36.078383,-79.00886,9,0.07,129.5,8.24,3196603,8.24,8.24028,-3.59761,4.62353,1.09971,0.31811,-1.39827,83.86436,5.10085,-52.86466
36.078381,-79.008863,8,0.45,129.4,10.11,3197603,10.11,10.10549,-3.76929,3.05384,-0.17776,-0.64782,0.00718,85.019,4.70623,-50.10231
36.07838,-79.008869,8,0.81,129.4,8.23,3198403,8.23,8.23131,-4.69591,4.60559,0.30314,0.07605,-0.81383,81.77434,12.01403,-56.02163
36.07838,-79.008869,8,0.81,129.2,6.86,3198603,6.86,6.85663,-4.9017,3.89731,-0.65867,-0.15149,1.04321,81.42356,9.734,-56.43087
36.078377,-79.008867,8,0.47,128.7,6.93,3199603,6.93,6.93081,-5.54178,4.54995,0.1605,0.09331,-0.55589,80.95586,15.55101,-57.26396
36.078375,-79.008865,8,0.26,128.4,-7.03,3200603,-7.03,-7.03071,2.84925,-4.79043,1.37933,1.07482,-2.27272,84.44899,4.66238,-50.97924
36.078375,-79.008865,8,0.23,128,7.75,3201603,7.75,7.74975,-4.42553,3.79203,-0.57391,0.40256,0.7729,87.62058,10.14323,-44.59222
36.078373,-79.008869,8,0.79,127.8,8.28,3202603,8.28,8.27917,-5.22892,4.04806,1.17378,-2.58549,-0.01741,63.87022,36.74364,-65.50716
36.078371,-79.008872,8,0.68,127.4,7.93,3203603,7.93,7.93101,-4.64806,4.5356,1.00411,-0.33552,0.88377,71.77726,46.78456,-38.78983
36.078369,-79.00887,8,0.32,127,8.09,3204603,8.09,8.08954,-3.89013,3.9679,0.54245,-0.95463,0.12217,85.19438,26.16194,-26.14733
36.078367,-79.008868,8,0.28,127,7.92,3205403,7.92,7.91845,-4.0355,4.47219,0.54611,-0.36881,0.10889,88.16135,14.38176,-34.30284
36.078367,-79.008868,8,0.28,126.5,7.75,3205603,7.75,7.74676,-4.24666,4.41416,0.65286,0.02947,0.22113,88.11751,13.34405,-35.77901
36.078364,-79.00887,8,0.23,126.6,7.88,3206603,7.88,7.87717,-3.89791,4.31007,0.36178,-0.06017,0.33613,86.36364,5.87547,-44.89915
36.078364,-79.00887,8,0.4,126.4,8.03,3207603,8.03,8.02672,-3.94517,4.18206,0.354,-0.33537,-0.04917,83.1482,7.08857,-53.40544
36.078365,-79.008868,8,0.39,126,8.17,3208603,8.17,8.17029,-4.20838,4.16351,0.32086,0.07865,0.45005,78.17889,10.52324,-60.36246
36.078365,-79.008869,8,0.69,125.6,7.94,3209603,7.94,7.94417,-4.09232,4.14437,0.49602,-0.11515,-0.01939,72.63958,18.70798,-65.24408
36.078364,-79.008867,8,0.48,125.4,7.7,3210603,7.7,7.7007,-4.31366,4.3017,0.29138,-0.13821,0.25107,68.28413,28.07659,-66.34025
36.078368,-79.008867,8,1.08,125.1,7.72,3211603,7.72,7.72224,-3.78006,4.52004,0.52519,-0.25549,0.04551,65.69717,36.48056,-63.09559
36.078362,-79.008867,8,0.16,125.3,8.12,3212603,8.12,8.11526,-4.38963,3.98764,0.55711,-0.2303,0.15623,66.28179,46.37533,-51.06694
36.078361,-79.008864,8,0.17,124.9,7.9,3213603,7.9,7.9011,-4.12822,4.41895,0.53695,-0.10797,0.41081,71.42648,46.36071,-40.83601
36.078358,-79.008863,8,0.64,124.7,7.97,3214603,7.97,7.97348,-4.28315,4.25324,0.46609,-0.28008,0.25534,79.01199,38.81906,-30.37124
36.078354,-79.00886,8,0.46,124.5,7.85,3215603,7.85,7.85444,-4.01815,4.08515,0.57024,-0.27886,-0.16493,85.1067,26.41041,-28.35428
36.078351,-79.00886,8,0.32,124.7,7.76,3216603,7.76,7.76351,-4.25743,4.07797,0.23885,-0.33369,0.49984,88.0152,16.35487,-31.86203
36.078349,-79.008855,8,0.12,124.7,7.69,3217603,7.69,7.68874,-3.79262,3.99661,0.6298,-0.00397,-0.09071,88.02982,8.27244,-41.05525
36.078349,-79.008854,8,0.12,124.2,7.64,3218603,7.64,7.63669,-4.02114,4.27956,0.26817,-0.2952,0.24465,84.39053,6.82549,-51.24233
36.078347,-79.008854,8,0.35,124.2,7.8,3219603,7.8,7.8,-4.01934,4.04507,0.33048,0.03558,0.35904,80.86816,8.53552,-58.78399
36.078344,-79.008853,8,0.38,123.9,7.64,3220603,7.64,7.63789,-4.31605,4.29571,0.25641,-0.24664,0.16417,75.095,16.5741,-64.17715
36.078343,-79.008856,8,0.6,123.8,7.94,3221603,7.94,7.94297,-4.11565,4.10429,0.27107,-0.18433,0.16142,71.89418,22.39111,-65.8287
36.078343,-79.008857,8,0.49,123.5,7.79,3222603,7.79,7.79342,-4.39801,4.24307,0.23381,-0.22801,0.12233,67.37796,31.75972,-66.41333
36.078344,-79.008857,8,0.28,123.4,7.85,3223603,7.85,7.84966,-4.03609,4.21795,0.2474,-0.18173,0.11973,66.28179,36.55364,-63.09559
36.078344,-79.008859,8,0.41,123.7,7.7,3224603,7.7,7.70429,-4.13899,4.25025,0.31276,0.00412,0.1014,65.22946,42.70681,-58.5209
36.078345,-79.008856,8,0.4,123.8,7.91,3225603,7.91,7.91067,-4.16291,4.30648,0.2616,-0.03131,0.13515,66.47179,46.02456,-53.05466
36.078345,-79.008852,8,0.23,124.2,8.03,3226603,8.03,8.03091,-4.25025,4.18265,0.22862,-0.08567,0.13195,68.7226,47.71996,-46.59456
36.078345,-79.008852,9,0.07,123.9,7.8,3227603,7.8,7.79582,-4.1671,4.25623,0.22205,-0.11316,0.0646,71.57264,46.50687,-41.42064
36.078346,-79.008853,9,0.18,123.6,7.74,3228603,7.74,7.73779,-4.14257,4.24666,0.18509,-0.20937,0.00443,73.66267,44.4753,-37.09442
36.078346,-79.008854,8,0.24,123.5,7.73,3229603,7.73,7.72942,-4.18265,4.22991,0.16341,-0.06552,0.16264,77.27273,41.15755,-33.5136
36.078344,-79.008858,8,0.21,123.7,7.74,3230603,7.74,7.74078,-4.12403,4.2347,0.16203,-0.13073,0.04887,80.31277,37.62058,-31.58433
36.078344,-79.008857,9,0.24,123.5,7.93,3231603,7.93,7.92981,-4.11147,4.09831,0.166,-0.04902,0.06903,82.18357,33.04589,-29.90354
36.078344,-79.008854,9,0.35,123.2,7.84,3232603,7.84,7.84487,-4.1665,4.27597,0.1321,-0.07804,0.06231,84.33207,29.27507,-29.72815
36.078346,-79.008851,9,0.35,122.8,7.91,3233603,7.91,7.90529,-3.97687,4.1994,0.1573,-0.07147,-0.00153,86.24671,24.67115,-29.46507
36.078344,-79.008851,9,0.13,122.7,7.8,3234603,7.8,7.80479,-4.13779,4.13958,0.09835,-0.09957,0.07682,87.19672,21.19263,-30.23969
36.078341,-79.00885,9,0.21,122.4,7.84,3235603,7.84,7.8353,-4.11805,4.11625,0.11102,-0.04246,0.10125,87.7375,18.45951,-31.20432
36.078339,-79.008851,9,0.05,122.4,7.71,3236603,7.71,7.70609,-4.17368,4.21137,0.13439,-0.06063,0.0478,88.70213,15.50716,-34.71207
36.078339,-79.008854,9,0.1,122,7.74,3237603,7.74,7.74078,-4.09831,4.19282,0.13332,-0.04719,0.04047,88.96521,12.32096,-37.05057
36.078339,-79.008856,9,0.16,121.7,7.84,3238603,7.84,7.83769,-4.17906,4.32263,0.12492,-0.00321,0.09209,88.24905,10.42093,-40.52908
36.078336,-79.008861,9,0.71,122.2,7.75,3239603,7.75,7.75215,-4.13061,4.18684,0.07697,-0.16035,0.00947,88.54137,8.53552,-43.13066
36.078331,-79.00886,9,0.43,122.8,7.76,3240603,7.76,7.75514,-4.07677,4.14856,0.10385,-0.05147,0.05315,87.26981,7.89243,-45.61532
36.07833,-79.008861,9,0.31,123.1,7.82,3241603,7.82,7.81675,-4.24188,4.20479,0.10369,-0.01497,0.06277,86.02748,7.01549,-48.24613
36.078328,-79.008863,9,0.1,123.5,7.73,3242603,7.73,7.733,-4.16232,4.18026,0.09972,-0.07223,0.02062,85.17977,7.2055,-51.27156
36.078328,-79.008865,9,0.28,124,7.77,3243603,7.77,7.77368,-4.06361,4.21197,0.06582,-0.08323,0.05299,84.40514,7.54165,-53.82929
36.078327,-79.008866,8,0.43,123.9,7.83,3244603,7.83,7.83111,-4.21197,4.18565,0.08186,-0.03451,0.05315,82.54897,8.36013,-56.16779
36.078327,-79.008868,8,0.41,123.7,7.89,3245603,7.89,7.89332,-4.30768,4.12941,0.05223,-0.12584,0.00305,81.14587,10.12862,-58.59398
36.078327,-79.008872,8,0.15,124.1,7.91,3246603,7.91,7.91187,-4.22214,4.18983,0.0449,-0.04352,0.07147,79.84508,9.60246,-60.84478
36.078326,-79.008876,8,0.12,124.2,7.88,3247603,7.88,7.87837,-4.35793,4.2006,0.0872,-0.01008,-0.02596,78.31043,12.20403,-61.92633
36.078328,-79.008875,8,0.12,123.7,7.87,3248603,7.87,7.86521,-4.07857,4.21436,-1.51586,0.83505,-0.5962,88.0152,7.16165,-44.67992
36.078326,-79.008876,8,0.28,123.8,7.73,3249603,7.73,7.73001,-4.12523,4.18086,-1.13606,0.55146,-0.59819,83.19205,33.55744,-30.45893
36.078327,-79.008878,8,0.13,123.7,7.8,3250603,7.8,7.79761,-4.15334,4.17727,-0.95371,0.49358,-0.4693,69.33645,48.07074,-45.57147
36.078326,-79.008883,8,0.22,124,7.75,3251603,7.75,7.74975,-4.0337,4.15813,-0.85704,0.27733,-0.47052,66.22333,36.78749,-65.30254
36.078325,-79.008886,8,0.24,124.2,7.62,3252603,7.62,7.61875,-4.15334,4.26999,-0.7532,0.40455,-0.25717,73.23882,19.39491,-67.21719
36.078323,-79.008887,8,0.62,124.2,7.71,3253603,7.71,7.70609,-4.12882,4.26222,-0.65515,0.28329,-0.35949,82.53435,7.03011,-56.5624
36.078319,-79.008887,8,0.61,124.5,7.83,3254603,7.83,7.82812,-4.22872,4.14437,-0.59315,0.29871,-0.26542,88.33674,8.49167,-41.7568
36.078318,-79.008887,8,0.15,124.5,7.75,3255603,7.75,7.74916,-4.17129,4.19402,-0.56566,0.24343,-0.2138,88.17597,19.67261,-31.84741
36.078318,-79.008888,8,0.24,124.4,7.86,3256603,7.86,7.86162,-4.04925,4.15095,-0.49434,0.17715,-0.32651,84.34668,31.80357,-28.69044
36.078316,-79.008891,8,0.29,124.4,7.76,3257603,7.76,7.76052,-4.17009,4.21316,-0.47907,0.22923,-0.18326,77.24349,42.20988,-33.41128
36.078314,-79.00889,8,0.6,124.1,7.84,3258603,7.84,7.8359,-3.98345,4.15215,-0.41157,0.21029,-0.2584,71.73341,47.32534,-40.77755
36.078313,-79.008891,8,0.35,124.2,7.9,3259603,7.9,7.9005,-4.18983,4.16411,-0.42165,0.18204,-0.17837,67.56796,47.39842,-50.19
36.078314,-79.008888,8,0.35,124.2,7.89,3260603,7.89,7.89392,-4.21436,4.15334,-0.38194,0.1689,-0.19288,65.65332,43.51067,-59.61707
36.078317,-79.008886,8,0.45,124.2,7.86,3261603,7.86,7.86162,-4.20479,4.19462,-0.39095,0.1434,-0.12431,65.98948,36.87518,-64.77638
36.078317,-79.008885,8,0.16,124.2,7.88,3262603,7.88,7.87837,-4.19402,4.19821,-0.31047,0.19777,-0.20785,68.7226,27.75504,-67.37796
36.078316,-79.008883,8,0.35,123.9,7.84,3263603,7.84,7.8353,-4.13719,4.20359,-0.36163,0.09499,-0.1492,72.33265,19.93569,-67.3195
36.078318,-79.008885,8,0.28,123.7,7.76,3264603,7.76,7.76351,-4.22872,4.22333,-0.29978,0.17455,-0.14905,76.6881,14.00175,-63.75329
36.078319,-79.008886,8,0.15,123.6,7.84,3265603,7.84,7.83889,-4.09113,4.10848,-0.29535,0.16967,-0.13821,80.91201,8.27244,-57.93628
36.078318,-79.008886,8,0.15,123.4,7.81,3266603,7.81,7.81376,-4.14377,4.2335,-0.281,0.1657,-0.15745,84.39053,6.7378,-53.31775
36.078318,-79.008886,8,0.36,123.2,7.78,3267603,7.78,7.78325,-4.06062,4.17009,-0.28008,0.15241,-0.15547,87.09441,7.10319,-45.95148
36.078318,-79.008887,8,0.22,123.1,7.81,3268603,7.81,7.80958,-4.19462,4.2353,-0.27016,0.21273,-0.10965,89.38907,9.70477,-40.28062
36.078316,-79.008888,8,0.18,122.9,7.78,3269603,7.78,7.78445,-4.15035,4.19522,-0.2981,0.13989,-0.17776,89.3306,14.981,-34.66822
36.07831,-79.008887,8,0.32,123.5,7.71,3270603,7.71,7.71326,-4.13719,4.2335,-0.28924,0.24175,-0.16402,87.66443,20.98802,-30.18123
36.078307,-79.008885,8,0.24,123.5,7.85,3271603,7.85,7.85025,-4.15693,4.22453,-0.36408,0.17058,-0.11408,85.31131,28.90967,-28.45659
36.078306,-79.008886,8,0.18,122.8,7.82,3272603,7.82,7.81915,-4.21974,4.25085,-0.36545,0.2109,-0.15898,80.60509,37.7375,-28.85121
36.078304,-79.008888,8,0.31,122.4,7.81,3273603,7.81,7.81257,-4.16471,4.2,-0.3824,0.24939,-0.16066,75.95732,45.67378,-35.19439
36.078305,-79.008891,8,0.3,122.2,7.83,3274603,7.83,7.82752,-4.1671,4.21974,-0.41798,0.12263,-0.21961,70.60801,47.85151,-42.6045
36.078302,-79.008892,8,0.48,122.3,7.82,3275603,7.82,7.81675,-4.24905,4.22214,-0.4076,0.21976,-0.17562,66.22333,47.07688,-52.30927
36.0783,-79.008897,8,0.6,122.5,7.8,3276603,7.8,7.80359,-4.20897,4.24905,-0.43814,0.15699,-0.15959,64.95177,42.99912,-60.09939
36.078297,-79.008899,8,0.45,123,7.84,3277603,7.84,7.83769,-4.16351,4.22991,-0.3175,0.2109,-0.21838,66.72026,35.36977,-65.2587
36.078297,-79.008901,8,0.06,123.2,7.82,3278603,7.82,7.81675,-4.21974,4.13659,-0.34987,0.09575,-0.10492,68.57644,26.62964,-67.3195
36.0783,-79.008905,8,0.41,123.1,7.95,3279603,7.95,7.94716,-4.19103,4.10848,-0.3456,0.0368,-0.13821,73.19498,20.06723,-66.26717
36.078297,-79.008905,8,0.43,122.8,7.76,3280603,7.76,7.75633,-4.15573,4.32024,-0.27474,0.17028,-0.14371,76.22041,13.46098,-65.36101
36.078296,-79.008906,8,0.63,122.4,7.89,3281603,7.89,7.89153,-4.2664,4.0995,-0.26817,0.27657,-0.15989,81.49664,9.36861,-58.78399
36.078293,-79.008906,8,0.75,121.9,7.84,3282603,7.84,7.84128,-4.19342,4.24487,-0.37202,0.15608,-0.11515,85.22362,6.57702,-51.6808
36.078289,-79.008905,8,0.92,121.5,7.83,3283603,7.83,7.8329,-4.18445,4.18983,-0.37904,0.07819,-0.14936,88.58521,6.63549,-44.70915
36.078284,-79.008906,8,0.6,121.4,7.77,3284603,7.77,7.7683,-4.10429,4.22094,-0.26909,0.10369,-0.12889,86.1444,9.55861,-37.8252
36.078281,-79.008908,8,0.62,121.2,7.75,3285603,7.75,7.75394,-4.15274,4.19223,-0.1715,0.11164,-0.04658,90.25139,13.43175,-35.31131
36.078278,-79.008909,8,0.58,121.1,7.84,3286603,7.84,7.84068,-4.17548,4.19821,-0.14203,0.05085,-0.09056,90.13447,15.62409,-31.92049
36.078275,-79.00891,8,0.47,120.7,7.8,3287603,7.8,7.79522,-4.14257,4.1671,-0.14187,0.07162,-0.07086,89.43291,18.82491,-30.50278
36.078273,-79.008914,8,0.12,120.8,7.79,3288603,7.79,7.78744,-4.1677,4.16411,-0.14371,0.05986,-0.04047,88.61444,21.92341,-28.99737
36.078272,-79.008916,8,0.07,120.3,7.81,3289603,7.81,7.80958,-4.16291,4.22154,-0.09896,0.06216,-0.05681,87.19672,23.66267,-28.48582
36.078271,-79.008918,8,0.07,120.3,7.79,3290603,7.79,7.78624,-4.13899,4.15633,-0.06842,0.05162,-0.02978,86.49518,25.40193,-28.17889
36.078272,-79.008917,8,0.3,119.8,7.79,3291603,7.79,7.78624,-4.14078,4.18983,-0.05452,0.03054,-0.02413,85.7644,26.51271,-27.91582
36.078271,-79.008917,8,0.35,119.6,7.77,3292603,7.77,7.76531,-4.14377,4.22513,-0.04276,0.0423,-0.02245,85.72055,28.12043,-28.12043
36.078271,-79.008917,8,0.21,119.6,7.66,3293603,7.66,7.65943,-4.15394,4.23769,-0.02841,0.07239,-0.00993,85.53055,28.92429,-27.94505
36.07827,-79.008923,8,0.51,120,7.83,3294603,7.83,7.82872,-4.13958,4.21017,-0.03742,0.02902,-0.01695,84.97515,29.11429,-28.20813
36.078266,-79.008925,8,0.23,120.2,7.81,3295603,7.81,7.80958,-4.15454,4.22632,-0.03146,0.03375,-0.01604,85.13593,29.64046,-27.57966
36.078263,-79.008927,8,0.23,120.6,7.79,3296603,7.79,7.79342,-4.11924,4.18146,-0.02169,-0.01176,-0.01909,84.84361,29.65507,-27.22888
36.078261,-79.008931,8,0.26,120.9,7.8,3297603,7.8,7.79701,-4.17308,4.2006,0.00825,0.00489,-0.00748,84.90208,29.01199,-28.12043
36.078259,-79.008932,8,0.12,121.2,7.78,3298603,7.78,7.77667,-4.1671,4.2,0.00107,-0.01405,0.00626,84.9313,28.80737,-27.55042
36.078256,-79.008933,8,0.25,121.9,7.79,3299603,7.79,7.79342,-4.14856,4.25025,-0.00397,-0.01848,0.01481,85.9544,27.49196,-27.71119
36.078248,-79.008931,8,0.38,123.3,7.96,3300603,7.96,7.95554,-4.18086,4.17428,0.01359,0.00977,0.00779,85.79362,26.67349,-26.89272
36.078244,-79.008932,8,0.33,124.2,7.77,3301603,7.77,7.7689,-4.13599,4.23769,0.01649,0.01573,0.01924,86.6121,25.98655,-27.33119
36.07824,-79.008933,8,0.17,125.3,7.84,3302603,7.84,7.83889,-4.18385,4.2347,0.0197,0.00962,0.00794,86.86057,24.83192,-27.52119
36.078236,-79.008935,8,0.15,125.9,7.86,3303603,7.86,7.85863,-4.13899,4.25743,0.01512,0.02764,0.01313,86.94827,23.86729,-27.63812
36.078234,-79.008936,8,0.14,126.5,7.84,3304603,7.84,7.83649,-4.14497,4.22872,0.00458,-0.00977,-0.01665,87.0798,23.01958,-28.88044
36.07823,-79.008936,8,0.13,127.4,7.85,3305603,7.85,7.85025,-4.13599,4.21556,0.02413,0.02871,-0.00809,87.60596,22.30342,-28.80737
36.078226,-79.008939,8,0.47,127.7,7.77,3306603,7.77,7.77249,-4.13958,4.22752,0.12843,0.00275,0.03604,87.86904,20.38877,-29.66969
36.078225,-79.00894,8,0.17,127.9,7.87,3307603,7.87,7.87478,-4.2341,3.98884,-1.20432,0.6576,-0.34483,78.64659,39.05291,-28.10582
36.078224,-79.008941,8,0.09,128.1,7.68,3308603,7.68,7.68156,-4.12642,4.50449,0.77687,-0.47709,0.43784,69.20491,48.1292,-44.70915
36.078224,-79.008943,8,0.24,128.7,7.86,3309603,7.86,7.86222,-4.13779,4.00917,0.64889,-0.20632,0.31154,79.1143,38.7606,-28.45659
36.078225,-79.008944,8,0.12,128.7,7.75,3310603,7.75,7.75275,-4.15753,4.25085,0.53695,-0.34422,0.2781,86.86057,23.41421,-28.20813
36.078225,-79.008945,8,0.16,128.5,7.84,3311603,7.84,7.83769,-4.11984,4.2347,0.61377,-0.25,0.29505,89.19907,10.52324,-37.0798
36.078223,-79.008945,8,0.28,128.5,7.88,3312603,7.88,7.88016,-4.05045,4.21675,0.56169,-0.28069,0.31872,84.79977,4.64776,-50.80386
36.078221,-79.008946,8,0.23,128.4,7.62,3313603,7.62,7.61516,-4.11625,4.70369,0.07727,0.27061,-0.04368,80.99971,6.22625,-57.60012
36.078219,-79.008948,7,0.05,128.6,7.82,3314603,7.82,7.81915,-4.02054,4.29512,-0.09804,-0.10278,0.06857,81.86203,5.91932,-56.97165
36.078217,-79.008949,7,0.15,128.6,7.83,3315603,7.83,7.82872,-4.09173,4.24427,-0.07636,0.18616,-0.0617,82.94358,6.78164,-55.34932
36.078216,-79.008947,7,0.29,128.4,7.79,3316603,7.79,7.79283,-4.11386,4.32024,0.10385,-0.06567,-0.01955,82.34435,5.27624,-55.21777
36.078215,-79.008946,7,0.1,128.1,7.82,3317603,7.82,7.82154,-4.10489,4.25324,-0.16722,0.0704,-0.05406,82.16895,5.78778,-56.51856
36.078215,-79.008948,7,0.01,127.9,7.85,3318603,7.85,7.84966,-4.10309,4.20239,-0.0084,-0.04627,-0.00015,82.56358,6.63549,-55.34932
36.078212,-79.008946,7,0.51,128,7.8,3319603,7.8,7.79821,-4.09831,4.23889,-0.00336,0.02245,-0.0029,81.61356,5.77317,-56.43087
36.07821,-79.008945,7,0.49,128,7.83,3320603,7.83,7.83171,-4.10249,4.17428,-0.06124,-0.01909,-0.00855,81.16048,6.19702,-55.91932
36.078209,-79.008945,7,0.22,128.2,7.88,3321603,7.88,7.87957,-4.02951,4.18983,-0.16631,0.093,-0.06261,83.23589,4.94008,-54.91084
36.07821,-79.008947,7,0.13,128.2,7.89,3322603,7.89,7.89332,-4.07139,4.12283,-0.01466,-0.00244,-0.0591,84.90208,4.82315,-51.69541
36.078209,-79.008949,7,0.1,128.4,7.85,3323603,7.85,7.85145,-4.14198,4.07258,0.06994,0.04184,-0.01329,84.77054,5.46624,-52.11926
36.078211,-79.008953,7,0.02,128.3,7.96,3324603,7.96,7.95972,-4.20479,4.13001,0.10583,-0.03787,0.00107,83.17744,6.09471,-53.49313
36.078211,-79.008955,7,0.02,128.3,7.83,3325603,7.83,7.8341,-4.14078,4.25025,-0.0394,0.02642,-0.02947,82.03741,6.43087,-56.25549
36.07821,-79.008955,7,0.26,128.1,7.85,3326603,7.85,7.85145,-4.12523,4.1354,-0.07208,0.03482,-0.03757,82.59281,5.36393,-54.15083
36.07821,-79.008956,8,0.33,127.4,7.83,3327603,7.83,7.83111,-4.17787,4.10309,0.08186,0.00473,-0.00321,82.47588,6.72318,-55.9924
36.078208,-79.008955,8,0.06,127.1,7.77,3328603,7.77,7.77189,-4.14856,4.34178,-0.14096,0.07773,-0.00046,81.13125,7.05934,-57.35165
36.078205,-79.008954,8,0.12,127.1,7.79,3329603,7.79,7.78624,-4.12044,4.28016,0.00611,-0.03696,0.01573,82.16895,6.75241,-56.10933
36.078206,-79.008954,8,0.39,126.9,7.77,3330603,7.77,7.7665,-4.08455,4.29571,-0.08048,0.1095,-0.115,81.74511,6.32856,-56.47472
36.078205,-79.008953,8,0.24,126.6,7.8,3331603,7.8,7.80359,-4.10309,4.28315,-0.05177,0.02581,-0.03512,81.86203,6.1824,-56.66472
36.078204,-79.008951,8,0.06,126.2,7.82,3332603,7.82,7.81615,-4.11207,4.21974,-0.00901,-0.00397,0.00168,81.67203,6.6501,-56.70856
36.078203,-79.008949,8,0.39,126.2,7.81,3333603,7.81,7.81316,-4.06062,4.1354,-0.06796,0.03161,0.03711,81.61356,5.90471,-56.44548
36.078205,-79.00895,8,0.25,125.7,7.78,3334603,7.78,7.78385,-4.12104,4.23948,-0.04139,0.02428,-0.04719,82.0228,6.48933,-56.34317
36.0782,-79.008947,7,0.33,126,7.82,3335603,7.82,7.82274,-4.0995,4.24666,0.03665,-0.03161,0.01634,82.89973,6.19702,-55.64163
36.078194,-79.008948,7,0.79,126.1,7.83,3336603,7.83,7.8335,-4.10907,4.23171,-0.14707,0.02535,-0.06765,82.19818,6.47471,-57.93628
36.07819,-79.008947,7,0.64,126.4,7.87,3337603,7.87,7.87059,-4.07617,4.2,-0.02703,0.0704,0.01176,82.51974,5.20316,-56.38702
36.078187,-79.008943,7,0.35,126.9,7.77,3338603,7.77,7.7689,-4.12104,4.29213,-0.05131,-0.00367,-0.01772,82.18357,6.09471,-55.70009
36.078185,-79.008941,7,0.12,127.1,7.81,3339603,7.81,7.81017,-4.10907,4.25324,-0.02611,0.04749,-0.00168,82.41742,6.84011,-56.51856
36.078184,-79.008941,7,0.3,127,7.8,3340603,7.8,7.8012,-4.07318,4.25564,-0.00535,0.05986,-0.0252,82.09588,6.38702,-56.25549
36.078185,-79.008939,7,0.14,126.9,7.82,3341603,7.82,7.82333,-4.1001,4.28076,-0.05437,0.03635,-0.02902,81.75972,6.06548,-56.97165
36.078184,-79.008938,7,0.4,126.9,7.85,3342603,7.85,7.85384,-4.05284,4.23769,-0.0956,-0.0058,-0.06445,82.1105,6.06548,-56.10933
36.078182,-79.008935,7,0.35,126.9,7.83,3343603,7.83,7.82932,-4.15573,4.08515,0.03054,0.00061,-0.01588,82.35896,6.59164,-56.05086
36.078181,-79.008933,7,0.02,126.8,7.8,3344603,7.8,7.8006,-4.07258,4.24307,0.06154,-0.02673,-0.02001,82.06665,5.75855,-56.03625
36.078179,-79.00893,7,0.06,126.7,7.78,3345603,7.78,7.78385,-4.10429,4.27657,-0.03757,0.01558,0.01451,81.81818,6.00702,-56.44548
36.078179,-79.008929,7,0.12,126,7.82,3346603,7.82,7.81974,-4.11027,4.17906,-0.00031,-0.00458,0.00626,82.35896,6.47471,-56.12394
36.078178,-79.008928,8,0.13,125.9,7.84,3347603,7.84,7.84188,-4.09412,4.26162,-0.02428,0.02123,-0.02428,81.87664,5.94855,-56.57703
36.078176,-79.008926,8,0.16,126.4,7.8,3348603,7.8,7.8018,-4.09831,4.25743,0.03726,-0.03635,0.00351,81.77434,6.56241,-55.72932
36.078174,-79.008923,8,0.12,126.8,7.84,3349603,7.84,7.8353,-4.05643,4.24427,-0.05024,0.05376,0.0113,82.37358,5.53932,-55.49547
36.078172,-79.008921,8,0.03,127.6,7.82,3350603,7.82,7.81675,-4.10608,4.33819,-0.05803,0.02199,-0.06307,81.99357,6.40164,-56.35779
36.078171,-79.008918,8,0.21,127.5,7.82,3351603,7.82,7.81855,-4.09532,4.23171,-0.03604,0.02825,-0.0058,82.0228,6.00702,-56.1824
36.078171,-79.008913,8,0.16,127.3,7.83,3352603,7.83,7.82632,-4.04208,4.18684,-0.00916,-0.01817,0.00168,83.27974,5.87547,-55.08623
36.078172,-79.008909,8,0.08,126.6,7.83,3353603,7.83,7.83171,-4.12822,4.24905,-0.03085,0.02596,-0.01833,81.58434,6.41625,-55.68547
36.078173,-79.008905,8,0.12,126.5,7.83,3354603,7.83,7.82991,-4.0995,4.28495,-0.04597,0.02581,-0.03192,81.65741,5.96317,-55.75855
36.078172,-79.008903,8,0.06,126.5,7.88,3355603,7.88,7.88315,-4.0666,4.22034,0.02138,0.06277,-0.01084,82.70973,5.87547,-55.5247
36.078169,-79.0089,8,0.16,126.5,7.81,3356603,7.81,7.81197,-4.09053,4.27538,-0.0365,0.0171,-0.05101,82.05203,5.77317,-55.90471
36.078165,-79.008899,8,0.31,126.3,7.89,3357603,7.89,7.89273,-4.05344,4.30828,-0.06002,0.08796,-0.00244,82.94358,5.247,-54.29699
36.078166,-79.008895,8,0.08,125.9,7.86,3358603,7.86,7.86401,-4.06122,4.17548,0.13912,0.00015,0.04246,82.41742,6.12394,-56.37241
36.078173,-79.008892,8,0.58,124.7,7.77,3359603,7.77,7.77189,-4.14257,4.26999,0.02046,-0.13744,0.00809,82.32973,5.70009,-55.87547
36.078176,-79.008891,8,0.59,123.6,7.87,3360603,7.87,7.8664,-4.13899,4.07378,-0.09759,0.07483,-0.06078,82.51974,6.59164,-55.72932
36.078176,-79.008893,8,0.07,122.8,7.85,3361603,7.85,7.85324,-4.19701,4.10249,0.06888,-0.07208,0.04505,82.32973,6.9278,-55.78778
36.078179,-79.008894,8,0.24,121.7,7.89,3362603,7.89,7.88734,-4.12762,4.04148,-0.07911,0.05956,-0.03512,82.72435,6.57702,-55.53931
36.078181,-79.008892,8,0.15,120.7,7.77,3363603,7.77,7.77368,-4.11506,4.40399,0.03528,0.02321,0.02016,82.12511,6.03625,-55.89009
36.078182,-79.008892,8,0.13,119.8,7.97,3364603,7.97,7.9675,-4.03849,3.91526,0.08231,0.02581,-0.04169,81.80357,7.24934,-56.41626
36.078183,-79.008895,8,0.03,118.9,10.95,3365603,10.95,10.95075,-12.84766,-3.54437,0.77626,0.59651,-0.61972,61.3271,45.4107,-58.2432
36.078184,-79.008898,8,0.23,118.8,7.69,3366603,7.69,7.68814,-4.22154,5.16491,0.45586,0.10553,0.58002,61.72172,42.16603,-61.0494
36.07818,-79.008897,7,0.18,119.4,7.22,3367603,7.22,7.22393,-3.93201,4.88196,-0.58887,0.24847,0.29596,63.09559,33.98129,-67.42181
36.078177,-79.008899,7,0.32,120.2,7.56,3368603,7.56,7.56311,-4.45663,4.05344,0.062,0.44639,-0.27489,67.52412,28.00351,-67.26103
36.078175,-79.008903,7,0.62,121.1,7.82,3369603,7.82,7.81915,-4.15394,4.16232,-0.14294,-0.26023,0.02123,68.37182,25.34347,-67.8895
36.078175,-79.008906,7,0.61,121.6,7.89,3370603,7.89,7.89332,-3.99422,4.30888,0.03604,-0.15837,-0.06903,67.61181,26.60041,-68.73721
36.078175,-79.008909,7,0.4,122.1,7.86,3371603,7.86,7.86042,-3.92961,4.21675,0.0423,-0.25687,-0.13699,66.86642,28.29582,-68.38644
36.078178,-79.008908,7,0.45,122.2,7.44,3372603,7.44,7.43869,-4.05583,4.3352,0.21014,0.40424,0.22373,65.72639,30.6197,-66.80795
36.078176,-79.008909,7,0.38,122.4,7.87,3373603,7.87,7.8682,-4.0672,4.1336,0.0226,-0.36453,-0.19777,66.31102,34.11283,-64.95177
36.078178,-79.008911,7,0.06,122.4,7.97,3374603,7.97,7.96571,-4.21017,4.17069,0.12339,0.20724,0.17181,66.07717,36.24671,-63.7679
36.078181,-79.008914,8,0.36,122.3,7.74,3375603,7.74,7.73719,-4.12224,4.30708,0.177,0.22113,0.09667,64.83485,38.30751,-63.03712
36.078183,-79.008915,8,0.45,122.7,7.68,3376603,7.68,7.68216,-4.08694,4.31007,0.00779,-0.40119,-0.04184,63.94329,39.91523,-62.18942
36.078185,-79.008913,8,0.26,122.1,7.93,3377603,7.93,7.93281,-4.09232,4.05105,0.12233,-0.04826,0.07254,65.24408,42.80912,-57.93628
36.078185,-79.008916,8,0.32,121.6,8.13,3378603,8.13,8.12842,-3.95593,4.15454,0.15501,-0.06093,0.04749,66.41333,44.59222,-53.99006
36.078183,-79.008917,8,0.21,122,7.89,3379603,7.89,7.88555,-4.27298,4.0995,0.09728,-0.06353,0.16936,66.67641,46.95995,-49.40076
36.078186,-79.008921,8,0.23,121.4,7.79,3380603,7.79,7.78804,-4.07438,4.33938,0.16356,-0.01145,-0.17349,66.93949,47.52996,-47.09149
36.078186,-79.008922,8,0.07,121.7,7.85,3381603,7.85,7.85265,-4.15932,4.14198,-0.03512,-0.13928,0.07376,68.29874,48.20228,-44.81146
36.078184,-79.008925,8,0.17,122.2,7.9,3382603,7.9,7.9017,-3.84706,4.19821,0.11836,0.0504,-0.09713,69.46799,46.65303,-44.16837
36.078184,-79.008927,8,0.2,123.1,7.35,3383603,7.35,7.35314,-4.25623,4.1683,-0.05635,-0.00916,0.20831,68.53259,47.69073,-43.71529
36.078183,-79.008932,8,0.2,123.7,7.94,3384603,7.94,7.9352,-3.8016,4.20539,-0.01313,-0.0142,0.04383,70.60801,46.55072,-41.84449
36.078183,-79.008937,8,0.3,123.8,7.55,3385603,7.55,7.55115,-4.18983,4.15932,0.03772,0.0817,0.05162,70.11108,47.19381,-40.83601
36.078183,-79.00894,8,0.13,124.7,7.59,3386603,7.59,7.59482,-4.19701,4.10967,-0.06231,-0.10812,0.04078,70.02338,46.31686,-40.58755
36.078184,-79.008947,8,0.63,125.5,7.88,3387603,7.88,7.88375,-3.95414,4.16949,0.09972,0.27642,-0.01008,71.93803,46.46302,-39.75446
36.078185,-79.008952,8,0.59,126,7.98,3388603,7.98,7.97647,-4.00858,4.37229,-0.08522,-0.14554,-0.16386,71.29494,46.12686,-40.6314
36.078185,-79.008957,7,0.63,126.4,8.18,3389603,8.18,8.17927,-4.04626,4.13001,-0.14264,-0.03925,-0.00779,70.8857,46.02456,-40.89447
36.078185,-79.00896,7,0.58,126.7,7.8,3390603,7.8,7.80359,-4.15633,4.0666,-0.15944,-0.00657,0.02657,69.05875,46.7261,-43.11605
36.078184,-79.00896,7,0.26,127.5,7.71,3391603,7.71,7.71267,-3.95294,4.10848,0.07132,0.09529,-0.43127,68.31336,46.85764,-46.05378
36.07818,-79.008959,8,0.31,128.6,7.98,3392603,7.98,7.98365,-4.04387,4.27956,-0.21289,0.1011,0.19258,67.68489,46.2584,-47.51535
36.078176,-79.008958,8,0.35,129.9,7.84,3393603,7.84,7.83949,-4.22513,4.22273,-0.07636,0.10568,-0.11515,66.2964,46.79918,-50.68693
36.078171,-79.008962,8,0.72,130.6,7.98,3394603,7.98,7.98006,-3.95055,4.15514,-0.14233,0.18234,0.08827,67.27565,45.11839,-52.86466
36.078167,-79.008962,8,0.61,130.9,7.64,3395603,7.64,7.64148,-4.14616,4.39861,-0.06017,0.20357,-0.0672,64.76176,43.87606,-56.00702
36.078166,-79.008965,8,0.37,131.1,8.12,3396603,8.12,8.12363,-4.16112,4.21914,-0.14737,0.07346,-0.02107,65.6387,42.37065,-56.63549
36.078167,-79.008966,8,0.23,131.1,7.88,3397603,7.88,7.87957,-4.06301,4.30289,-0.07117,0.15409,-0.11637,65.56562,40.92371,-59.77784
36.07817,-79.00897,8,0.36,130.7,7.85,3398603,7.85,7.85444,-4.10369,4.14736,-0.10446,0.06307,-0.07666,66.32564,38.4829,-60.83016
36.078173,-79.008973,8,0.36,129.8,7.65,3399603,7.65,7.64866,-4.14616,4.13958,-0.14829,0.00336,-0.03589,64.95177,36.86057,-62.65712
36.078173,-79.008975,8,0.49,129.9,8.07,3400603,8.07,8.06621,-3.89432,4.21077,-0.04872,0.07162,-0.17211,67.27565,34.01052,-63.59252
36.078172,-79.00898,8,0.51,130.3,7.92,3401603,7.92,7.92383,-4.2341,4.11207,-0.06078,0.22984,0.04505,66.53025,32.53435,-63.97252
36.078174,-79.008983,8,0.51,130.1,7.76,3402603,7.76,7.76112,-4.14497,4.21197,-0.16035,-0.10033,-0.08109,65.85793,30.18123,-66.15025
36.078174,-79.008987,8,0.6,130.2,7.85,3403603,7.85,7.85444,-4.15215,4.0002,-0.0449,0.20663,-0.03787,68.57644,28.76352,-65.18562
36.078175,-79.008988,8,0.28,130.8,7.75,3404603,7.75,7.75035,-4.07857,4.22692,-0.13867,0.00611,-0.05849,68.31336,25.05116,-67.72874
36.078176,-79.008987,8,0.05,131.2,8.02,3405603,8.02,8.02314,-4.17428,4.10549,-0.11026,0.02382,-0.08445,69.52645,23.7796,-66.15025
36.078174,-79.008987,8,0.24,132.1,7.97,3406603,7.97,7.9675,-4.12702,4.16052,-0.06704,0.15302,-0.06093,71.22186,20.72493,-66.93949
36.078174,-79.00899,8,0.61,132.5,7.88,3407603,7.88,7.88196,-4.10848,4.12104,-0.13347,0.01573,-0.08781,72.20111,18.9126,-66.17948
36.078175,-79.008992,8,0.52,132.7,7.84,3408603,7.84,7.84128,-4.03849,4.22812,-0.15287,0.04933,-0.01649,73.3119,15.59486,-65.09792
36.078174,-79.008995,8,0.69,132.3,7.74,3409603,7.74,7.74078,-4.1001,4.19103,-0.1237,0.1014,-0.05147,74.68576,13.21251,-64.49869
36.078173,-79.008997,8,0.48,132.4,7.91,3410603,7.91,7.91366,-4.16172,4.11207,-0.12981,-0.02291,-0.07269,76.26425,11.57556,-62.75943
36.078173,-79.008997,8,0.48,132.2,7.89,3411603,7.89,7.89213,-4.21556,4.14078,-0.04032,0.04597,-0.10568,77.82812,10.78632,-61.0494
36.078174,-79.008999,8,0.4,131.8,8,3412603,8,7.99562,-4.19522,4.07737,-0.15791,-0.09545,0.05147,77.69658,9.67553,-60.43555
36.078174,-79.009001,8,0.17,131.7,7.67,3413603,7.67,7.6678,-3.99242,4.20778,0.0171,0.05131,-0.17394,78.38351,9.36861,-59.6463
36.078176,-79.009001,8,0.16,131.4,7.88,3414603,7.88,7.88076,-4.19581,4.00917,-0.1631,-0.20052,-0.0226,78.85121,8.63783,-58.76936
36.078178,-79.009003,8,0.26,131.1,7.9,3415603,7.9,7.89931,-4.11326,4.19342,-0.04016,0.10965,0.06414,78.85121,7.90704,-58.0532
36.078175,-79.009003,8,0.68,131.4,7.84,3416603,7.84,7.84487,-4.29452,4.17787,-0.11347,-0.01726,0.1124,79.55276,8.21397,-58.11166
36.078174,-79.009005,8,0.61,131.3,7.94,3417603,7.94,7.94477,-3.98225,4.21376,-0.02642,-0.04505,-0.09484,79.72815,7.03011,-57.49781
36.078173,-79.009006,8,0.38,131.8,7.89,3418603,7.89,7.89213,-4.15274,4.0666,-0.06933,0.03803,0.10492,80.50278,7.29319,-57.23473
36.078175,-79.009007,8,0.16,132,7.8,3419603,7.8,7.8012,-3.95952,4.22931,-0.02245,-0.05131,-0.07208,79.23122,6.48933,-57.45396
36.078176,-79.009007,8,0.07,132.1,7.93,3420603,7.93,7.92503,-4.17966,4.0331,-0.01481,0.01252,-0.00535,80.26893,8.49167,-55.78778
36.078178,-79.009006,8,0.13,132,7.82,3421603,7.82,7.82214,-4.05105,4.28315,0.06154,0.10263,-0.05864,79.0266,7.60012,-56.98626
36.078178,-79.009007,8,0.21,132,8.01,3422603,8.01,8.01476,-4.29213,4.05823,-0.02123,0.01466,0.06475,79.62584,8.50628,-57.1178
36.078179,-79.009007,6,0.17,132.2,7.8,3423603,7.8,7.79941,-4.02832,4.25683,0.08354,0.13561,-0.0394,79.04122,7.83397,-57.81935
36.078178,-79.009008,6,0.16,132.4,7.82,3424603,7.82,7.82274,-4.17607,4.25743,-0.03436,-0.01878,0.06643,79.08507,8.88629,-58.94476
36.078179,-79.009007,7,0.18,132.3,8,3425603,8,8.00339,-4.28495,4.08335,0.00412,0.00809,-0.0058,78.57352,9.55861,-57.46857
36.078176,-79.009009,7,0.41,132.8,7.79,3426603,7.79,7.79342,-4.08335,4.19462,-0.01313,0.04123,0.05864,77.95966,8.00935,-58.7109
36.078175,-79.009009,7,0.37,132.8,7.76,3427603,7.76,7.76292,-4.29392,4.21855,-0.06384,-0.04917,0.05574,78.14967,9.8363,-58.60859
36.078176,-79.00901,7,0.06,133.1,7.86,3428603,7.86,7.86281,-4.23111,4.12702,-0.04643,-0.02046,0.0142,78.45659,9.10552,-59.09091
36.078177,-79.009012,8,0.17,133.2,7.85,3429603,7.85,7.85324,-4.1683,4.22692,-0.0394,-0.0087,-0.01695,78.03274,8.63783,-59.19322
36.078175,-79.009014,8,0.56,133.5,8,3430603,8,7.99921,-4.17248,4.22034,-0.05055,0.00809,0.00183,78.03274,8.30167,-57.87782
36.078173,-79.009012,8,0.3,134.4,7.96,3431603,7.96,7.95913,-4.1677,4.17069,0.02566,0.14508,-0.0365,79.20199,8.46244,-57.14703
36.07817,-79.009011,8,0.32,135.3,7.91,3432603,7.91,7.91486,-4.02832,4.20658,-0.07055,-0.06307,-0.03039,79.45045,7.67319,-57.23473
36.078169,-79.009012,8,0.29,135.7,7.77,3433603,7.77,7.7683,-4.29811,4.31127,-0.03146,0.11164,0.05055,79.61122,8.57936,-57.43935
36.078164,-79.009015,8,0.49,136.6,7.85,3434603,7.85,7.84726,-4.05763,4.11745,-0.08445,-0.14493,-0.07422,80.04969,6.50395,-56.88396
36.078165,-79.009015,8,0.24,136.8,7.85,3435603,7.85,7.84666,-4.16471,4.2688,-0.00015,0.03451,0.01542,79.87431,6.53318,-57.55627
36.078165,-79.009016,8,0.33,136.6,7.91,3436603,7.91,7.90589,-4.14138,4.12164,0.05803,-0.01588,0.01252,79.88892,7.51242,-57.41011
36.078168,-79.009021,7,0.29,136.2,7.88,3437603,7.88,7.87538,-4.15693,4.26222,0.07697,-0.01115,0.05941,78.38351,8.91552,-59.13476
36.078168,-79.009022,6,0.36,136.1,7.87,3438603,7.87,7.86521,-4.08156,4.17607,0.1127,-0.03589,0.01176,77.63812,10.53785,-61.38556
36.078167,-79.009023,6,0.4,136.1,7.85,3439603,7.85,7.84846,-4.08874,4.14616,0.11744,-0.02978,0.09927,75.75271,13.62175,-61.35633
36.078164,-79.009025,6,0.56,135.9,7.74,3440603,7.74,7.74497,-4.11386,4.22154,0.13668,-0.07651,0.05803,73.51652,17.49488,-64.11868
36.07816,-79.009029,8,0.39,137.1,7.83,3441603,7.83,7.8335,-4.09591,4.1671,0.12828,-0.09194,0.08842,72.0988,20.87109,-64.67407
36.078159,-79.009029,8,0.24,137.3,7.85,3442603,7.85,7.85265,-4.10907,4.15633,0.13867,-0.13103,0.05986,69.74569,24.75884,-66.55949
36.078157,-79.009029,8,0.38,137.7,7.83,3443603,7.83,7.82513,-4.06301,4.17009,0.15592,-0.09881,0.09575,67.74335,29.62584,-65.08331
36.078152,-79.009032,8,0.56,138.7,7.81,3444603,7.81,7.80838,-4.11326,4.17009,0.16402,-0.13622,0.08109,66.79333,34.66822,-63.92868
36.078149,-79.009031,8,0.64,139.1,7.79,3445603,7.79,7.79283,-4.08574,4.18624,0.1938,-0.11958,0.09621,66.03333,38.46828,-61.34171
36.07815,-79.009033,8,0.25,139.1,7.83,3446603,7.83,7.8335,-4.09711,4.1659,0.20265,-0.16432,0.06338,66.06256,42.6045,-56.00702
36.078152,-79.009033,8,0.2,138.7,7.86,3447603,7.86,7.85863,-4.06241,4.15454,0.21487,-0.12263,0.1098,67.1441,44.92838,-51.19848
36.078152,-79.009036,8,0.17,138.8,7.85,3448603,7.85,7.84666,-4.11924,4.2006,0.22526,-0.11683,0.12492,69.17568,46.57995,-45.70301
36.078154,-79.009036,8,0.41,138.5,7.8,3449603,7.8,7.8006,-4.06122,4.19103,0.22923,-0.08705,0.14615,71.89418,45.89301,-40.57293
36.078152,-79.00904,8,0.66,138.9,7.77,3450603,7.77,7.77069,-4.07916,4.19402,0.2335,-0.08002,0.10247,75.25578,43.17451,-35.10669
36.078148,-79.009041,8,0.45,139.6,7.79,3451603,7.79,7.78684,-4.11865,4.18265,0.21166,-0.11011,0.08522,78.80737,38.9506,-31.6428
36.078144,-79.009043,8,0.31,140.1,7.86,3452603,7.86,7.85624,-4.08874,4.15334,0.20831,-0.08964,0.10415,82.13972,34.20052,-28.98275
36.078142,-79.009045,8,0.4,140,7.86,3453603,7.86,7.86042,-4.05105,4.19103,0.20464,-0.073,0.08231,85.00439,28.73429,-28.26659
36.078137,-79.009048,8,0.79,140.6,7.96,3454603,7.96,7.95793,-4.05583,4.20838,0.17975,-0.11347,0.06429,87.25519,23.57498,-29.04122
36.078137,-79.009051,8,0.45,141.1,7.81,3455603,7.81,7.81017,-4.08455,4.21017,0.1941,-0.04963,0.08995,88.46828,18.28413,-31.26279
36.078136,-79.009054,8,0.48,141.2,7.88,3456603,7.88,7.87837,-4.15155,4.17368,0.15715,-0.11087,0.05986,89.3306,14.14791,-33.79129
36.078129,-79.009055,8,0.37,142.2,7.86,3457603,7.86,7.86162,-4.09771,4.19761,0.17074,-0.0226,0.10003,89.21368,9.67553,-36.62672
36.078128,-79.009059,8,0.52,142.5,7.81,3458603,7.81,7.81137,-4.11326,4.17129,0.1602,-0.11805,0.04276,87.86904,7.51242,-40.55832
36.078125,-79.009061,8,0.45,142.7,7.81,3459603,7.81,7.81436,-4.07677,4.18744,0.13882,-0.06536,0.14722,87.32827,6.22625,-44.56299
36.078124,-79.009061,8,0.41,142.3,7.82,3460603,7.82,7.81675,-4.27597,4.14138,0.13622,-0.15852,0.00046,86.1444,5.90471,-48.97691
36.078124,-79.009063,8,0.53,142.4,7.83,3461603,7.83,7.83111,-4.14796,4.19402,0.1211,-0.13057,0.10705,83.71821,5.89009,-53.55159
36.078122,-79.009063,8,0.37,142.7,7.81,3462603,7.81,7.81316,-4.13061,4.19103,0.1689,-0.07605,0.07514,81.78895,7.74627,-57.80473
36.07812,-79.009062,8,0.39,143,7.84,3463603,7.84,7.84248,-4.14975,4.1683,0.1492,-0.09438,0.115,78.96814,11.09325,-60.40631
36.078119,-79.00906,8,0.28,143.2,7.68,3464603,7.68,7.68156,-4.12104,4.14078,0.20311,-0.09972,0.06216,76.48348,15.50716,-63.72406
36.07812,-79.009057,8,0.07,143,7.84,3465603,7.84,7.83709,-4.13958,4.18206,0.18097,-0.06826,0.16554,73.73575,19.96492,-66.03333
36.078123,-79.009058,8,0.26,142.6,7.84,3466603,7.84,7.84367,-4.15095,4.17368,0.21166,-0.07621,0.10415,70.44724,25.73809,-66.64718
36.078124,-79.009057,8,0.24,142.8,7.86,3467603,7.86,7.85564,-4.06959,4.21077,0.17333,-0.14676,0.06689,68.15259,30.76586,-65.75563
36.078124,-79.009056,8,0.2,142.9,7.82,3468603,7.82,7.82094,-4.08933,4.20838,0.18906,-0.0423,0.14966,67.18796,35.63285,-63.59252
36.078125,-79.009056,8,0.07,142.9,7.85,3469603,7.85,7.84786,-4.1336,4.24487,0.19212,-0.04887,0.12187,66.93949,40.38293,-60.71324
36.078125,-79.009056,8,0.35,142.7,7.89,3470603,7.89,7.88973,-4.1013,4.18206,0.19899,-0.07468,0.09331,66.80795,43.56913,-56.76703
36.078126,-79.009056,8,0.14,142.8,7.93,3471603,7.93,7.93041,-4.09711,4.22034,0.18998,-0.07529,0.12462,67.90412,45.95148,-51.76849
36.078124,-79.009057,8,0.3,142.5,7.89,3472603,7.89,7.88615,-4.14317,4.18026,0.21655,-0.07758,0.08796,68.89798,47.70535,-46.31686
36.078123,-79.00906,8,0.32,142.7,7.86,3473603,7.86,7.85982,-4.08455,4.24786,0.19731,-0.11179,0.12034,71.7188,46.87226,-40.98217
36.078122,-79.009061,8,0.44,142.5,7.81,3474603,7.81,7.81017,-4.0684,4.17847,0.22526,-0.1098,0.05834,78.48582,44.25607,-35.82286
36.07812,-79.009061,8,0.55,142.5,7.82,3475603,7.82,7.82034,-4.05763,4.24188,0.20769,-0.12156,0.0872,77.97428,40.77755,-32.66589
36.078119,-79.009064,8,0.41,142.3,7.87,3476603,7.87,7.867,-4.16411,4.1689,0.19212,-0.12523,0.11118,81.84741,36.36364,-29.15814
36.078117,-79.009066,8,0.62,142.4,7.84,3477603,7.84,7.8353,-4.04686,4.22034,0.20388,-0.07559,0.09163,84.49284,30.82432,-29.04122
36.078115,-79.009066,8,0.53,142.4,7.89,3478603,7.89,7.89392,-4.15035,4.19223,0.17776,-0.12049,0.08873,86.87518,25.27039,-28.23736
36.078111,-79.009067,8,0.69,142.4,7.86,3479603,7.86,7.85863,-4.13659,4.17847,0.20021,-0.06399,0.06216,88.19058,20.15493,-30.22508
36.078106,-79.009068,8,0.37,143.2,7.88,3480603,7.88,7.87598,-4.11446,4.11266,0.16738,-0.08995,0.08384,89.44753,15.31716,-32.0228
36.078102,-79.009068,8,0.59,143.7,7.87,3481603,7.87,7.867,-4.10549,4.16949,0.1492,-0.07025,0.10354,89.47676,11.7948,-35.51593
36.078098,-79.00907,8,0.59,144.3,7.84,3482603,7.84,7.84128,-4.09472,4.21675,0.16142,-0.06139,0.05528,89.3306,8.44782,-39.1406
36.078095,-79.009071,8,0.46,144.6,7.92,3483603,7.92,7.92084,-4.11685,4.23589,0.15867,-0.03482,0.04123,88.02982,7.19088,-43.3499
36.078094,-79.009072,8,0.47,144.3,7.91,3484603,7.91,7.90888,-4.17966,4.1665,0.16509,-0.05147,0.05391,86.59748,6.05086,-47.20842
36.078094,-79.009072,8,0.31,144.4,7.92,3485603,7.92,7.91546,-4.10369,4.13599,0.1179,-0.08323,0.06429,85.03362,5.91932,-50.87694
36.078095,-79.009073,8,0.2,144.1,7.83,3486603,7.83,7.82692,-4.0672,4.17667,0.12294,-0.06277,0.04414,83.4259,6.66472,-54.56007
36.078094,-79.009074,7,0.38,144.1,7.87,3487603,7.87,7.87478,-4.09472,4.14317,0.12248,-0.03054,0.06872,81.48203,8.38936,-57.60012
36.078095,-79.009077,7,0.54,143.8,7.84,3488603,7.84,7.84367,-4.07378,4.2335,0.15333,0.0223,0.00809,80.41508,10.31862,-59.52938
36.078094,-79.009077,7,0.46,143.5,7.94,3489603,7.94,7.93819,-4.17847,4.10668,0.09377,-0.08231,0.03955,78.48582,12.20403,-61.45863
36.078093,-79.009077,7,0.54,143.1,8.12,3490603,8.12,8.11526,-4.09532,4.11865,0.10599,-0.03039,0.05223,76.42502,14.3233,-63.19789
36.078093,-79.009079,7,0.31,143.4,7.84,3491603,7.84,7.84307,-4.14078,4.1689,0.08522,-0.08384,0.05941,74.78808,16.83718,-65.0687
36.078095,-79.00908,8,0.66,143.1,7.87,3492603,7.87,7.8676,-4.09771,4.12582,0.09591,-0.06933,0.02275,73.44344,20.15493,-65.47793
36.078097,-79.009081,8,0.4,142.5,7.91,3493603,7.91,7.91306,-4.12104,4.1019,0.08186,-0.07407,0.03986,72.63958,22.34727,-66.96872
36.078098,-79.009084,8,0.18,142,7.83,3494603,7.83,7.82752,-4.09651,4.16411,0.08903,-0.05238,0.01374,70.94417,26.01579,-67.30488
36.078103,-79.009083,8,0.81,141.8,7.76,3495603,7.76,7.75873,-4.04028,4.17368,0.08201,-0.07208,0.00061,69.26337,28.51505,-67.93335
36.078103,-79.009082,8,0.44,142.2,7.88,3496603,7.88,7.88256,-4.05284,4.12941,0.07376,-0.0452,0.03161,69.36568,30.76586,-66.91026
36.078099,-79.009082,8,0.32,142.3,7.9,3497603,7.9,7.9017,-4.08993,4.15035,0.09102,0.01863,0.03482,67.99181,33.79129,-66.45718
36.078097,-79.009083,8,0.4,142.8,7.91,3498603,7.91,7.91067,-4.11446,4.12941,0.04536,-0.09194,0.00901,67.68489,35.79362,-65.34639
36.078096,-79.009086,8,0.49,143.5,7.85,3499603,7.85,7.85085,-4.08455,4.17189,0.07315,0.01069,0.0339,66.77872,38.0152,-63.35867
36.078094,-79.009087,8,0.31,143.8,7.88,3500603,7.88,7.88256,-4.07258,4.22632,0.06139,-0.01084,0.02718,67.0418,40.32447,-62.0871
36.078091,-79.009087,7,0.33,144.2,7.86,3501603,7.86,7.86102,-4.10907,4.18684,0.05651,-0.04123,0.02581,66.58871,41.53756,-61.76556
36.078084,-79.009089,7,0.6,144.8,7.85,3502603,7.85,7.85265,-4.11446,4.14856,0.04765,-0.05391,0.01191,66.13564,42.91143,-60.12862
36.07808,-79.009091,7,0.53,145.1,7.89,3503603,7.89,7.89093,-4.11147,4.20957,0.06246,-0.01558,0.02581,66.36948,44.22683,-57.01549
36.078077,-79.009095,7,0.79,145.3,7.92,3504603,7.92,7.91665,-4.08933,4.14676,0.04856,-0.0058,0.05192,66.91026,45.27916,-56.34317
36.078073,-79.009097,7,0.6,145.7,7.86,3505603,7.86,7.86401,-4.11745,4.17069,0.05208,-0.00809,0.03574,66.63256,45.61532,-54.06314
36.078069,-79.009098,7,0.31,146.5,7.82,3506603,7.82,7.81974,-3.98345,4.21795,0.05559,0.00244,0.04093,66.91026,47.57381,-52.28003
36.078066,-79.009098,8,0.22,146.8,7.86,3507603,7.86,7.85803,-4.10608,4.19641,0.06109,-0.02627,-0.0058,67.27565,47.10611,-50.9354
36.07806,-79.009099,8,0.06,147.5,7.94,3508603,7.94,7.94118,-4.05583,4.15454,0.0478,-0.03589,0.02092,68.56182,47.80766,-49.69307
36.078053,-79.009099,8,0.48,148.4,7.81,3509603,7.81,7.80658,-4.09771,4.19881,0.05834,-0.01038,0.03635,69.00029,48.15844,-47.82227
36.078046,-79.009097,8,0.43,149.1,7.87,3510603,7.87,7.87358,-4.08335,4.24068,0.07071,-0.00458,-0.00443,69.68723,48.15844,-45.32301
36.078043,-79.009099,8,0.49,148.9,7.84,3511603,7.84,7.8353,-4.11266,4.15873,0.03161,-0.03085,0.03543,70.19878,47.98305,-43.55452
36.078039,-79.009098,8,0.16,149.5,7.82,3512603,7.82,7.81735,-4.0995,4.14796,0.04627,0.01176,0.01726,70.75417,47.41304,-42.44373
36.078038,-79.0091,8,0.24,149.8,7.87,3513603,7.87,7.86581,-4.07438,4.15633,0.02581,-0.06017,-0.01558,71.4411,47.55919,-41.52295
36.078032,-79.0091,8,0.33,150.4,7.87,3514603,7.87,7.87119,-4.07258,4.18744,0.02535,0.01069,0.04994,73.12189,47.45689,-38.64367
36.078027,-79.009101,8,0.6,150.5,7.86,3515603,7.86,7.85743,-4.07857,4.21615,0.03711,-0.00229,0.00321,72.88805,46.79918,-38.46828
36.078025,-79.009102,8,0.51,150.4,7.89,3516603,7.89,7.88854,-4.13958,4.08335,0.01038,-0.04016,0.02505,73.80882,46.11225,-36.77287
36.07802,-79.009101,8,0.25,150.8,7.86,3517603,7.86,7.85863,-4.06541,4.17727,0.04444,-0.0142,-0.01497,73.85268,45.58609,-36.8021
36.078015,-79.0091,8,0.38,151,7.79,3518603,7.79,7.78924,-4.09232,4.17667,0.02459,-0.02077,0.01206,74.83192,44.78223,-35.42824
36.078013,-79.0091,8,0.24,151.2,7.85,3519603,7.85,7.84786,-4.10369,4.18146,0.02153,-0.00687,0.03375,75.15347,43.74452,-34.56592
36.078011,-79.009101,8,0.14,151.2,7.86,3520603,7.86,7.86401,-4.09472,4.19223,0.02856,0.00672,0.01222,76.13271,43.04297,-34.39053
36.07801,-79.009102,8,0.3,151.2,7.88,3521603,7.88,7.87957,-4.12762,4.12642,0.00489,-0.02413,0.02046,77.11195,42.45835,-33.58667
36.078009,-79.009104,8,0.45,151,7.92,3522603,7.92,7.92024,-4.0678,4.16052,0.01695,-0.01222,-0.00489,77.38965,41.6691,-32.37357
36.078011,-79.009106,8,0.2,150.9,7.85,3523603,7.85,7.85444,-4.08395,4.20239,0.00336,-0.01726,0.00748,77.84274,41.59602,-32.47588
36.078009,-79.009105,8,0.26,151,7.82,3524603,7.82,7.81795,-4.07797,4.15454,0.01619,-0.00672,-0.01481,78.25198,40.10523,-31.97895
36.078009,-79.009105,8,0.14,150.8,7.85,3525603,7.85,7.85085,-4.11685,4.17189,0.00214,0.01878,0.01374,78.45659,40.266,-31.81818
36.078008,-79.009103,8,0.28,150.7,7.88,3526603,7.88,7.88076,-4.08754,4.10788,0.00412,-0.00764,-0.04108,79.14352,40.30985,-31.94972
36.078003,-79.009105,8,0.3,151.2,7.87,3527603,7.87,7.8682,-4.08335,4.19043,-0.00641,0.01084,0.00367,79.26045,39.4183,-31.39433
36.078001,-79.009106,8,0.2,151.6,7.89,3528603,7.89,7.88854,-4.1013,4.17488,0.00214,0.03009,0.0223,79.71353,39.24291,-31.2774
36.077993,-79.009108,8,0.31,152.5,7.83,3529603,7.83,7.83051,-4.09831,4.21615,0.00672,-0.01054,-0.01298,80.29816,39.15522,-30.72201
36.077988,-79.009107,7,0.25,153.2,7.87,3530603,7.87,7.8694,-4.09891,4.21855,0.01191,0.00092,0.01038,79.80122,38.4829,-29.97662
36.077986,-79.009106,7,0.33,153.5,7.85,3531603,7.85,7.85085,-4.10728,4.14377,0.01268,-0.02398,-0.01909,81.20432,36.8898,-29.72815
36.077981,-79.009104,7,0.26,153.9,7.79,3532603,7.79,7.78983,-4.07378,4.09113,-0.0058,-0.04276,0.01252,81.48203,36.45133,-28.5589
36.077973,-79.0091,7,0.3,155.7,7.82,3533603,7.82,7.81675,-4.11027,4.12283,0.01252,-0.00214,-0.00947,82.47588,35.9544,-29.58199
36.077965,-79.009097,8,0.2,157.1,7.91,3534603,7.91,7.91306,-4.09472,4.20598,0.00535,0.01191,0.00428,81.80357,35.12131,-28.33967
36.077959,-79.009094,8,0.2,157.4,7.87,3535603,7.87,7.87059,-4.11685,4.10489,0.01298,0.01451,-0.02337,81.74511,34.75592,-28.73429
36.077956,-79.009093,8,0.33,157.8,7.88,3536603,7.88,7.88076,-4.11805,4.11147,-0.02306,0.0142,0.02932,82.40281,34.50745,-29.0266
36.07795,-79.009093,8,0.26,158.5,7.88,3537603,7.88,7.88196,-4.09711,4.267,0.03787,0.05085,-0.01268,82.57819,34.11283,-27.97428
36.077947,-79.009091,8,0.07,158.8,7.8,3538603,7.8,7.803,-4.12642,4.15633,0.00764,-0.00183,0.03955,82.72435,34.01052,-28.17889
36.077943,-79.00909,8,0.35,158.9,7.87,3539603,7.87,7.87119,-4.07438,4.12702,0.06933,-0.00825,0.03085,84.24437,32.31511,-28.01812
36.07794,-79.009092,8,0.39,159.1,7.87,3540603,7.87,7.8664,-4.07258,4.1665,0.09911,-0.04581,0.01924,85.13593,29.81584,-27.40427
36.077939,-79.009095,8,0.38,159.4,7.87,3541603,7.87,7.87298,-4.09591,4.13899,0.11316,-0.07285,0.073,86.94827,25.47501,-28.12043
36.077936,-79.009094,8,0.37,159.8,7.87,3542603,7.87,7.87478,-4.11087,4.17488,0.19273,-0.06994,0.0956,87.86904,22.17188,-27.65273
36.077932,-79.009092,8,0.28,160.4,7.87,3543603,7.87,7.87239,-4.09532,4.17069,0.22953,-0.10064,0.12263,89.71061,15.97486,-31.35048
36.077931,-79.009091,8,0.37,160.6,7.85,3544603,7.85,7.84966,-4.09651,4.17248,0.26741,-0.10049,0.08827,88.81905,10.27477,-35.99825
36.077927,-79.00909,8,0.62,160.9,7.87,3545603,7.87,7.8682,-4.12104,4.17548,0.2532,-0.12828,0.14218,88.2929,6.82549,-41.71295
36.077924,-79.00909,8,0.64,160.9,7.87,3546603,7.87,7.8676,-4.09113,4.1354,0.28329,-0.10934,0.1295,86.05671,5.11546,-49.0646
36.077922,-79.009091,8,0.32,160.9,7.82,3547603,7.82,7.81735,-4.07019,4.17248,0.27184,-0.14539,0.15623,83.10435,6.32856,-56.43087
36.077922,-79.00909,8,0.25,160.6,7.84,3548603,7.84,7.84367,-4.12642,4.15394,0.27779,-0.19685,0.16325,78.07658,10.71324,-61.94095
36.077925,-79.009093,8,0.23,159.7,7.83,3549603,7.83,7.82991,-4.08933,4.12642,0.33017,-0.13683,0.15363,73.19498,18.1672,-67.08565
36.077927,-79.009096,8,0.13,159.2,7.87,3550603,7.87,7.8682,-4.14736,4.14796,0.30788,-0.1689,0.14905,68.76644,27.36042,-67.39258
36.077925,-79.009098,8,0.59,158.9,7.91,3551603,7.91,7.90768,-4.09651,4.15095,0.30131,-0.14554,0.12767,66.99795,35.69132,-63.21251
36.077923,-79.009101,8,0.9,158.7,7.88,3552603,7.88,7.87777,-4.1013,4.17548,0.28512,-0.11347,0.15043,65.08331,42.66296,-59.69015
36.077921,-79.009102,8,0.67,158.5,7.84,3553603,7.84,7.84068,-4.10728,4.18146,0.26176,-0.1489,0.12355,66.79333,46.17071,-52.9085
36.077921,-79.009102,8,0.52,158.1,7.9,3554603,7.9,7.90289,-4.08335,4.15215,0.26267,-0.13088,0.14004,69.70184,47.80766,-45.10377
36.077918,-79.009104,8,0.37,158.1,7.86,3555603,7.86,7.85504,-4.1001,4.17069,0.25702,-0.14539,0.10507,72.44958,46.31686,-38.46828
36.07792,-79.009105,8,0.2,157.2,7.89,3556603,7.89,7.88973,-4.07019,4.15095,0.25931,-0.1014,0.11652,76.32271,42.56065,-33.27974
36.077923,-79.009103,8,0.58,156.7,7.86,3557603,7.86,7.85803,-4.08395,4.00858,0.23961,-0.12905,0.10751,80.41508,37.1675,-30.22508
36.077922,-79.009103,8,0.35,156.4,7.88,3558603,7.88,7.87598,-4.09053,4.11865,0.23457,-0.1069,0.10675,83.99591,31.10202,-28.76352
36.077922,-79.009103,8,0.28,155.9,7.84,3559603,7.84,7.84487,-4.11865,4.2006,0.22159,-0.11591,0.11484,86.49518,24.715,-28.25197
36.077922,-79.009104,8,0.16,155.2,7.85,3560603,7.85,7.85205,-4.08515,4.13121,0.21854,-0.13195,0.08231,88.36597,18.43028,-30.6197
36.07792,-79.009107,8,0.15,155.3,7.87,3561603,7.87,7.87358,-4.11087,4.21256,0.21136,-0.08048,0.11942,89.4183,13.44636,-33.73283
36.077919,-79.009108,8,0.32,155,7.82,3562603,7.82,7.82333,-4.08395,4.14078,0.20052,-0.11194,0.08537,89.02368,8.90091,-37.89827
36.077916,-79.009108,8,0.51,155.3,7.86,3563603,7.86,7.85624,-4.12403,4.2012,0.20617,-0.08354,0.09942,88.33674,6.82549,-42.94066
36.077911,-79.009111,8,0.49,155.8,7.84,3564603,7.84,7.83949,-4.03071,4.16052,0.19929,-0.0982,0.08247,85.92517,5.23239,-47.29611
36.07791,-79.009113,8,0.35,155.4,7.83,3565603,7.83,7.8341,-4.13181,4.1336,0.18036,-0.08109,0.11774,83.5136,6.38702,-53.97544
36.077908,-79.009113,8,0.32,155.4,7.85,3566603,7.85,7.84607,-4.08874,4.14915,0.17944,-0.09468,0.07941,81.51125,7.65858,-58.03859
36.077905,-79.009113,8,0.39,155.7,7.82,3567603,7.82,7.82393,-4.10249,4.18265,0.16936,-0.0872,0.0846,78.04736,10.7717,-61.31248
36.077903,-79.009115,8,0.41,155.6,7.85,3568603,7.85,7.84846,-4.09053,4.13061,0.17226,-0.06261,0.08873,75.3727,14.73253,-65.8287
36.077905,-79.009118,8,0.25,154.9,7.82,3569603,7.82,7.81675,-4.08455,4.12582,0.15058,-0.10339,0.09331,72.65419,18.70798,-66.77872
36.077904,-79.009121,8,0.6,154.5,7.84,3570603,7.84,7.84307,-4.07438,4.12224,0.16539,-0.093,0.05147,70.038,23.89652,-67.11488
36.077905,-79.009124,8,0.64,153.5,7.86,3571603,7.86,7.85863,-4.08993,4.1019,0.14554,-0.08308,0.08323,68.79568,28.61736,-67.71412
36.077905,-79.009124,8,0.32,153.3,7.88,3572603,7.88,7.87657,-4.07318,4.15932,0.14997,-0.06689,0.07117,67.33411,32.92897,-66.07717
36.077907,-79.009125,8,0.25,153.3,7.89,3573603,7.89,7.89332,-4.10309,4.15992,0.15745,-0.04215,0.07361,66.13564,36.53902,-64.17715
36.077908,-79.009125,8,0.35,152.9,7.91,3574603,7.91,7.90888,-4.11446,4.14736,0.14035,-0.06933,0.05818,65.81409,40.23677,-61.0494
36.077909,-79.009129,8,0.37,152.6,7.85,3575603,7.85,7.84726,-4.08156,4.19103,0.14142,-0.07285,0.03329,65.88716,43.1599,-58.76936
36.07791,-79.00913,8,0.29,151.7,7.85,3576603,7.85,7.84547,-4.07797,4.15693,0.12049,-0.05391,0.07972,66.25256,44.92838,-54.34083
36.077911,-79.009132,8,0.51,151.2,7.87,3577603,7.87,7.86521,-4.11685,4.15155,0.11133,-0.04872,0.06628,67.49489,46.85764,-52.19234
36.077911,-79.009134,8,0.36,151,7.85,3578603,7.85,7.84607,-4.09113,4.18146,0.1211,-0.011,0.0672,67.93335,46.98919,-48.78691
36.077913,-79.009141,8,0.37,150.4,7.85,3579603,7.85,7.85085,-4.08216,4.17368,0.10721,-0.05284,0.04123,68.41566,47.2815,-45.89301
36.077915,-79.009144,8,0.24,150,7.86,3580603,7.86,7.85743,-4.11207,4.15155,0.09927,-0.03589,0.05971,70.8857,46.79918,-42.86758
36.077917,-79.009146,8,0.24,149.4,7.84,3581603,7.84,7.83709,-4.09053,4.1348,0.09835,-0.04673,0.0391,71.80649,46.49226,-39.21368
36.077917,-79.009148,8,0.43,149.1,7.86,3582603,7.86,7.86461,-4.09412,4.20838,0.10629,-0.03543,0.02001,73.38498,45.19146,-37.22596
36.077916,-79.009149,8,0.17,149.1,7.85,3583603,7.85,7.85444,-4.11685,4.2,0.07895,-0.04887,0.05101,75.38731,44.38761,-35.26747
36.077915,-79.00915,8,0.07,149,7.85,3584603,7.85,7.84786,-4.08754,4.14975,0.08858,-0.03742,0.03329,77.34581,41.99065,-32.89974
36.077914,-79.00915,8,0.24,148.8,7.89,3585603,7.89,7.88973,-4.08634,4.15813,0.0817,-0.02566,0.04979,78.3689,40.29523,-31.35048
36.077917,-79.009151,8,0.12,148.4,7.86,3586603,7.86,7.85624,-4.07498,4.11924,0.08002,-0.04749,0.02443,79.84508,37.47442,-30.29816
36.077914,-79.00915,8,0.26,148.5,7.85,3587603,7.85,7.85205,-4.08634,4.12164,0.06933,-0.03558,0.04261,80.72201,35.77901,-29.24584
36.077912,-79.009152,7,0.28,148.5,7.86,3588603,7.86,7.85564,-4.08335,4.13958,0.06964,-0.02856,0.04291,82.25665,33.84975,-28.71967
36.077913,-79.00915,7,0.16,148,7.82,3589603,7.82,7.82154,-4.08993,4.28255,0.07391,-0.02153,0.02306,83.49898,31.54049,-27.74043
36.077911,-79.009151,7,0.33,147.8,7.86,3590603,7.86,7.86042,-4.10967,4.15095,0.06399,-0.042,0.02245,85.35516,29.40661,-28.13505
36.07791,-79.009151,7,0.33,147.6,7.87,3591603,7.87,7.87119,-4.11565,4.15873,0.06765,-0.02642,0.02581,85.35516,27.1558,-28.22274
36.077909,-79.009151,7,0.15,147.5,7.89,3592603,7.89,7.88854,-4.10309,4.16112,0.05788,-0.03421,0.03085,86.4221,25.18269,-27.97428
36.077908,-79.009152,8,0.1,147.8,7.87,3593603,7.87,7.86521,-4.09651,4.15693,0.05727,-0.01924,0.04368,87.25519,23.39959,-28.06197
36.077905,-79.009154,8,0.18,148.2,7.86,3594603,7.86,7.85863,-4.07737,4.16172,0.06307,-0.02902,0.00916,87.97135,21.13417,-29.71354
36.077904,-79.009155,8,0.38,148.4,7.82,3595603,7.82,7.82214,-4.09651,4.15215,0.05299,-0.01023,0.03726,88.97983,19.54107,-29.94739
36.077901,-79.009156,8,0.54,148.2,7.84,3596603,7.84,7.84188,-4.10369,4.13659,0.04581,-0.04841,0.01604,89.63754,17.5095,-30.13739
36.077898,-79.009157,8,0.28,148.1,7.85,3597603,7.85,7.84846,-4.10608,4.14796,0.062,-0.00443,0.02978,89.72523,15.40485,-31.62818
36.077897,-79.009156,8,0.25,148,7.85,3598603,7.85,7.85205,-4.09053,4.15334,0.04566,-0.03329,0.01619,89.66676,14.06022,-32.65127
36.077897,-79.009157,8,0.26,147.8,7.9,3599603,7.9,7.9017,-4.11027,4.16291,0.05818,-0.00809,0.01451,89.4183,12.59865,-33.96667
36.077897,-79.00916,8,0.33,147.4,7.86,3600603,7.86,7.85564,-4.08874,4.12582,0.04872,-0.00535,0.02611,89.53522,10.68401,-35.51593
36.077896,-79.00916,8,0.4,147.3,7.85,3601603,7.85,7.84547,-4.1013,4.17248,0.05299,-0.00015,0.02382,89.72523,9.52938,-36.1444
36.077897,-79.009159,8,0.13,147,7.84,3602603,7.84,7.84367,-4.09352,4.12882,0.05406,-0.00153,0.01558,88.87753,9.14937,-38.00058
36.077897,-79.009158,8,0.15,146.8,7.88,3603603,7.88,7.88375,-4.1013,4.12941,0.05009,-0.00687,0.00489,89.40369,8.00935,-39.66676
36.077898,-79.009156,8,0.24,146.9,7.86,3604603,7.86,7.85863,-4.10429,4.17189,0.04551,0.00519,0.02107,88.89214,7.2055,-40.28062
36.0779,-79.009155,8,0.08,146.5,7.83,3605603,7.83,7.8329,-4.1013,4.15753,0.03039,-0.03497,0.01313,88.39521,6.57702,-41.30371
36.077901,-79.009154,8,0.17,145.7,7.85,3606603,7.85,7.85444,-4.05583,4.09831,0.03436,-0.02184,0.01405,88.27828,6.54779,-43.1599
36.077902,-79.009153,8,0.15,145.5,7.83,3607603,7.83,7.83171,-4.10668,4.16351,0.04123,-0.00519,0.01573,87.18211,6.08009,-45.11839
36.0779,-79.009152,7,0.22,145.9,7.85,3608603,7.85,7.85085,-4.09053,4.28196,0.04169,-0.01894,0.00672,87.0798,5.58316,-47.09149
36.077899,-79.00915,8,0.3,146.1,7.85,3609603,7.85,7.85025,-4.11027,4.13899,0.03833,-0.01222,0.02138,86.5098,5.8024,-48.2169
36.077898,-79.009148,8,0.21,146,7.87,3610603,7.87,7.86581,-4.10249,4.13181,0.0339,-0.02138,0.01665,86.12978,4.79392,-49.45922
36.077898,-79.009147,8,0.28,145.8,7.85,3611603,7.85,7.85384,-4.08634,4.17189,0.0365,-0.03268,0.00443,85.34054,5.29085,-50.49693
36.077898,-79.009146,8,0.2,145.7,7.88,3612603,7.88,7.87717,-4.08993,4.15573,0.03009,-0.02825,0.02321,84.82899,5.61239,-52.93774
36.077899,-79.009147,8,0.18,145.2,7.86,3613603,7.86,7.86401,-4.0995,4.16172,0.03192,-0.01268,0.02275,83.79129,5.97778,-53.25928
36.077899,-79.009146,8,0.25,145,7.85,3614603,7.85,7.84786,-4.09113,4.14078,0.02123,-0.03009,0.00886,83.1482,6.24087,-55.37854
36.077899,-79.009147,8,0.24,144.7,7.86,3615603,7.86,7.86102,-4.10788,4.12463,0.02474,-0.00183,0.00641,83.00205,6.29933,-56.05086
36.0779,-79.009147,8,0.2,144.4,7.84,3616603,7.84,7.83709,-4.09651,4.13181,0.02993,-0.00367,0.00855,82.18357,6.95703,-56.63549
36.077897,-79.009144,8,0.55,144.7,7.85,3617603,7.85,7.84966,-4.07857,4.13958,0.03375,-0.00611,0.00367,81.78895,7.67319,-56.67933
36.077897,-79.009143,8,0.37,144.7,7.86,3618603,7.86,7.85504,-4.08933,4.08515,0.02886,0.00153,0.01344,80.59047,8.47705,-58.69629
36.077897,-79.009143,8,0.16,144.6,7.82,3619603,7.82,7.81615,-4.09412,4.18146,0.02474,-0.00535,0.01374,80.23969,8.46244,-60.12862
36.077898,-79.009143,8,0.14,144.1,7.86,3620603,7.86,7.85564,-4.10309,4.18265,0.02199,-0.01863,0.01588,79.6843,9.29553,-60.9617
36.077898,-79.009141,8,0.25,143.9,7.85,3621603,7.85,7.84547,-4.10369,4.16531,0.03146,-0.01313,0.01023,78.41275,10.05554,-60.97632
36.077897,-79.009141,8,0.28,143.7,7.88,3622603,7.88,7.88315,-4.09532,4.14257,0.031,-0.0113,0.00947,78.47121,11.26863,-62.21865
36.077898,-79.009141,8,0.14,143.5,7.86,3623603,7.86,7.86222,-4.13061,4.14616,0.03528,-0.0026,0.01558,77.60889,12.07249,-62.42327
36.077897,-79.009141,8,0.31,143.6,7.86,3624603,7.86,7.86401,-4.10848,4.00798,0.0391,-0.00046,0.0058,76.35194,12.59865,-63.89944
36.077895,-79.009141,8,0.44,143.6,7.89,3625603,7.89,7.89033,-4.10907,4.1324,0.02917,-0.01222,0.00794,75.89886,13.47559,-64.13329
36.077894,-79.009141,8,0.15,143.8,7.86,3626603,7.86,7.85743,-4.10249,4.15753,0.02214,-0.01161,0.01527,75.54808,14.77638,-65.03946
36.077898,-79.009138,8,0.58,143.9,7.86,3627603,7.86,7.85564,-4.08216,4.15753,0.02321,-0.00947,0.01436,74.99269,15.30254,-65.50716
36.077899,-79.009139,8,0.21,143.8,7.89,3628603,7.89,7.88794,-4.11685,4.17847,0.01909,-0.01237,0.01313,73.99883,17.2318,-66.13564
36.077899,-79.00914,8,0.33,143.6,7.85,3629603,7.85,7.84607,-4.11745,4.14437,0.01833,-0.01145,0.01665,74.04268,17.96258,-65.60947
36.077899,-79.009141,8,0.24,143.7,7.86,3630603,7.86,7.86461,-4.11506,4.14257,0.02398,-0.00764,0.00504,73.29728,19.02952,-67.11488
36.077899,-79.009141,8,0.17,143.6,7.86,3631603,7.86,7.86341,-4.08335,4.18445,0.02046,0.00382,0.01512,71.77726,20.3157,-66.96872
36.0779,-79.009141,8,0.17,143.3,7.84,3632603,7.84,7.83949,-4.10967,4.16052,0.02275,-0.00305,0.00153,72.08419,20.81263,-67.45103
36.077901,-79.009142,7,0.2,142.7,7.88,3633603,7.88,7.88315,-4.11087,4.15155,0.0142,-0.00764,0.00886,71.52879,21.76264,-66.61795
36.077905,-79.009142,7,0.12,142.3,7.87,3634603,7.87,7.87059,-4.08515,4.16351,0.0168,-0.01985,0.00626,70.66647,22.34727,-67.53873
36.077908,-79.009141,7,0.01,141.8,7.83,3635603,7.83,7.8335,-4.1001,4.15813,0.0171,-0.00443,0.00015,70.44724,23.88191,-67.67027
36.077913,-79.009141,7,0.36,141,7.86,3636603,7.86,7.85683,-4.08874,4.16232,0.02413,0.02825,0.01649,69.95031,24.46653,-66.35487
36.077914,-79.009141,7,0.08,140.7,7.87,3637603,7.87,7.86581,-4.11506,4.12523,0.01374,-0.00535,-0.00565,69.19029,25.24116,-67.11488
36.077918,-79.009141,7,0.08,140.2,7.87,3638603,7.87,7.8676,-4.09173,4.17129,0.00779,-0.01176,0.00932,69.62876,26.17656,-67.17335
36.07792,-79.009142,8,0.12,139.8,7.85,3639603,7.85,7.84666,-4.08634,4.14437,0.0197,0.00702,0.00947,68.43028,27.37504,-67.29027
36.077918,-79.009144,8,0.2,140.2,7.86,3640603,7.86,7.85564,-4.09232,4.17129,0.01481,-0.0026,0.00519,68.89798,27.18504,-67.17335
36.077919,-79.009144,8,0.13,139.7,7.87,3641603,7.87,7.87179,-4.08036,4.14497,0.01955,0.00641,0.0084,68.83952,28.47121,-67.53873
36.077922,-79.009144,8,0.2,139.1,7.86,3642603,7.86,7.85923,-4.07139,4.14856,0.01145,-0.01268,0.00168,67.77258,28.98275,-67.27565
36.077923,-79.009144,8,0.16,139,7.85,3643603,7.85,7.85324,-4.1001,4.15813,0.01619,0.00321,0.00886,67.2318,31.35048,-66.50102
36.077926,-79.009143,8,0.13,138.4,7.86,3644603,7.86,7.85803,-4.09771,4.19282,0.01436,-0.00275,0.00168,67.2318,32.37357,-65.62408
36.077928,-79.009142,8,0.18,138.4,7.9,3645603,7.9,7.89512,-4.10249,4.15633,0.01573,-0.00214,0.00641,67.29027,32.78281,-65.75563
36.077929,-79.009144,8,0.1,138.3,7.87,3646603,7.87,7.87358,-4.11207,4.14975,0.01894,-0.00321,0.00443,67.08565,33.87898,-65.84332
36.07793,-79.009143,8,0.13,138.2,7.86,3647603,7.86,7.86401,-4.08515,4.11565,0.01756,-0.01115,0.00275,67.05642,34.06898,-63.94329
36.07793,-79.009146,8,0.24,138.4,7.86,3648603,7.86,7.85743,-4.10249,4.17548,0.01878,0.0026,0.00947,66.42795,35.72055,-63.25636
36.077928,-79.00915,8,0.28,138.8,7.86,3649603,7.86,7.86162,-4.08216,4.26341,0.0171,-0.00458,0.01237,67.20258,36.8898,-63.37329
36.077926,-79.009153,8,0.22,138.8,7.86,3650603,7.86,7.86341,-4.07558,4.19103,0.01573,-0.01161,0.01558,66.35487,36.99211,-63.06636
36.077926,-79.009155,8,0.17,138.7,7.84,3651603,7.84,7.84367,-4.1019,4.1665,0.02428,0.00137,0.01313,65.66793,38.24905,-62.46712
36.077923,-79.009159,8,0.28,139.1,7.85,3652603,7.85,7.84726,-4.1001,4.15932,0.03131,0.01145,0.01176,66.03333,38.81906,-60.93248
36.077922,-79.009159,8,0.2,139.1,7.85,3653603,7.85,7.84786,-4.09532,4.13958,0.031,-0.00153,0.0055,66.13564,40.3537,-60.37709
36.07792,-79.009158,8,0.56,139,7.84,3654603,7.84,7.84427,-4.10608,4.17189,0.02184,-0.00733,0.00718,66.41333,40.49986,-59.67553
36.07792,-79.009158,8,0.41,138.8,7.88,3655603,7.88,7.88435,-4.09591,4.12941,0.01558,-0.00962,0.01527,66.01871,41.33294,-59.25168
36.077922,-79.009159,8,0.25,138.1,7.87,3656603,7.87,7.8688,-4.08574,4.1689,0.03222,0.01054,0.00214,66.31102,41.71295,-58.7986
36.077923,-79.009158,8,0.09,138.3,7.86,3657603,7.86,7.85743,-4.09173,4.18624,0.01313,-0.00733,0.01497,66.32564,42.66296,-58.68167
36.077922,-79.009158,8,0.28,138,7.87,3658603,7.87,7.87179,-4.09891,4.15813,0.02535,0.00321,0.00626,66.06256,42.92604,-56.8401
36.077922,-79.009159,8,0.22,137.9,7.87,3659603,7.87,7.8676,-4.08634,4.15813,0.01787,0.00504,0.01252,66.35487,43.61298,-56.31394
36.077918,-79.009159,8,0.16,138.5,7.88,3660603,7.88,7.87897,-4.07916,4.12941,0.00794,-0.01313,0.00672,65.93102,45.01608,-56.1824
36.077915,-79.009159,8,0.07,138.6,7.87,3661603,7.87,7.8676,-4.08754,4.14796,0.00932,0.00061,0.00367,67.27565,44.62146,-55.34932
36.077913,-79.00916,8,0.16,138.6,7.83,3662603,7.83,7.82991,-4.07916,4.17787,-0.00244,-0.00825,0.00305,66.51564,44.95761,-54.00468
36.077911,-79.009161,8,0.26,138.4,7.87,3663603,7.87,7.87239,-4.08395,4.133,0.0055,0.01772,-0.00015,67.12949,45.51301,-53.30313
36.077909,-79.009163,8,0.17,138.4,7.87,3664603,7.87,7.8688,-4.08814,4.15215,0.00382,0.02016,-0.00107,67.05642,45.89301,-53.59544
36.077907,-79.009164,8,0.21,138.6,7.84,3665603,7.84,7.84487,-4.09292,4.14975,-0.00122,-0.00428,-0.00428,66.92487,46.40456,-53.01081
36.077905,-79.009165,8,0.22,138.5,7.89,3666603,7.89,7.88794,-4.09591,4.16172,0.00305,0.00183,-0.00367,66.74949,45.58609,-51.00848
36.077904,-79.009166,8,0.15,138.7,7.86,3667603,7.86,7.86401,-4.10429,4.16052,-0.00367,-0.00397,-0.0026,67.37796,46.11225,-51.72464
36.077902,-79.009169,8,0.09,139.2,7.85,3668603,7.85,7.85025,-4.08993,4.1671,-0.00061,0.0029,-0.00611,67.36334,46.46302,-50.58463
36.077901,-79.009171,8,0.36,139.1,7.87,3669603,7.87,7.8694,-4.10788,4.13958,0.00397,0.00901,-0.00382,67.84566,45.98071,-50.20462
36.0779,-79.009175,8,0.22,139.2,7.88,3670603,7.88,7.88375,-4.08933,4.16351,0.00031,0.00336,-0.00015,67.3195,46.02456,-49.41538
36.077897,-79.009178,8,0.22,139.4,7.85,3671603,7.85,7.85145,-4.09352,4.18026,0.00489,0.01268,-0.00015,67.56796,46.27302,-48.94768
36.077895,-79.00918,8,0.2,139.6,7.85,3672603,7.85,7.84966,-4.09771,4.12283,0.00443,0.0058,-0.0026,67.49489,46.74072,-48.93306
36.077891,-79.009182,8,0.29,140,7.84,3673603,7.84,7.84008,-4.09292,4.13958,0.00183,-0.00092,-0.00229,67.96259,46.59456,-48.62613
36.077887,-79.009184,8,0.28,140.6,7.89,3674603,7.89,7.89093,-4.08754,4.13719,-0.00214,0.00657,0.00137,67.81643,46.28764,-48.96229
36.077882,-79.009184,8,0.36,141.5,7.87,3675603,7.87,7.87298,-4.08275,4.1671,0.00076,0.01222,0.00122,68.69337,46.78456,-47.89535
36.077878,-79.009185,8,0.31,142.4,7.87,3676603,7.87,7.8676,-4.08634,4.1677,-0.00183,0.00504,0.00626,68.83952,47.41304,-47.55919
36.077875,-79.009188,8,0.25,143,7.89,3677603,7.89,7.89273,-4.10967,4.1659,0.00428,0.01054,-0.0055,68.0649,47.04765,-46.82841
36.077872,-79.009189,8,0.35,143.2,7.87,3678603,7.87,7.8688,-4.09352,4.17428,-0.00412,-0.00397,-0.00596,68.57644,46.55072,-46.18533
36.077867,-79.009191,8,0.51,144.3,7.87,3679603,7.87,7.86999,-4.08574,4.17428,-0.0058,0.00596,-0.00687,69.38029,47.13534,-46.91611
36.077865,-79.009192,8,0.17,144.6,7.84,3680603,7.84,7.84008,-4.09711,4.15992,-0.01115,0.00657,-0.01176,68.66413,47.4715,-45.17685
36.077864,-79.009193,8,0.43,144.5,7.86,3681603,7.86,7.86102,-4.0995,4.15992,-0.01313,0.02214,0.03848,69.40953,46.82841,-45.84917
36.077862,-79.009196,8,0.22,144.8,7.84,3682603,7.84,7.84128,-4.08096,4.15693,-0.01604,0.00779,-0.00855,69.16106,46.91611,-44.97223
36.077861,-79.009198,8,0.23,145,7.88,3683603,7.88,7.88076,-4.07378,4.17428,-0.02291,0.01726,-0.00901,69.26337,47.2815,-45.23531
36.077863,-79.009199,8,0.13,144.9,7.86,3684603,7.86,7.85743,-4.09891,4.17428,-0.02352,0.02749,-0.0142,68.66413,47.41304,-45.38147
36.077863,-79.009201,8,0.25,144.7,7.89,3685603,7.89,7.88973,-4.07797,4.14078,-0.02795,0.0223,-0.01558,68.95644,47.16457,-45.39608
36.077864,-79.009203,8,0.23,144.3,7.89,3686603,7.89,7.88794,-4.11027,4.15035,-0.03512,0.02703,-0.01329,68.94183,47.07688,-45.65916
36.077865,-79.009202,8,0.17,143.8,7.86,3687603,7.86,7.86042,-4.0995,4.16112,-0.04016,0.02535,-0.0168,68.50336,46.55072,-45.79071
36.077865,-79.009203,8,0.15,143.9,7.87,3688603,7.87,7.87119,-4.07976,4.1665,-0.0339,0.02184,-0.0171,68.51797,46.43379,-46.57995
36.077864,-79.009204,8,0.29,144.3,7.85,3689603,7.85,7.84906,-4.09591,4.15394,-0.03604,0.02092,-0.01848,68.24028,46.93072,-47.7492
36.077865,-79.009206,8,0.16,144.4,7.87,3690603,7.87,7.86999,-4.09831,4.13181,-0.04047,0.02474,-0.01772,68.54721,46.75533,-48.15844
36.077863,-79.009205,8,0.23,144.4,7.9,3691603,7.9,7.89871,-4.07498,4.19342,-0.03894,0.02092,-0.01344,68.35721,46.88688,-48.4069
36.077863,-79.009206,8,0.01,144.7,7.83,3692603,7.83,7.8347,-4.09831,4.15753,-0.04078,0.02382,-0.01955,68.34259,46.2584,-49.2546
36.077861,-79.009208,8,0.37,144.9,7.87,3693603,7.87,7.86581,-4.09591,4.14257,-0.04139,0.02077,-0.0168,68.34259,46.46302,-49.10845
36.077861,-79.009207,8,0.17,144.8,7.86,3694603,7.86,7.86222,-4.10249,4.17667,-0.04352,0.02138,-0.01894,67.71412,46.52148,-50.16077
36.077861,-79.009208,8,0.24,144.9,7.86,3695603,7.86,7.85863,-4.08634,4.14975,-0.04001,0.02443,-0.02001,67.48026,46.88688,-49.76615
36.07786,-79.009209,8,0.29,145.1,7.85,3696603,7.85,7.85324,-4.10369,4.16411,-0.03772,0.02764,-0.02001,67.62642,45.81993,-51.25694
36.077858,-79.009209,8,0.46,145,7.86,3697603,7.86,7.85982,-4.10249,4.15514,-0.03787,0.0255,-0.01833,67.56796,46.41918,-51.37387
36.077857,-79.009209,8,0.22,144.8,7.86,3698603,7.86,7.85863,-4.09651,4.17428,-0.0339,0.03146,-0.02398,67.48026,46.21456,-52.93774
36.077856,-79.009212,8,0.15,145.2,7.88,3699603,7.88,7.88076,-4.10907,4.16291,-0.04032,0.02199,-0.01665,67.46565,45.98071,-52.1485
36.077856,-79.009211,8,0.4,145.1,7.86,3700603,7.86,7.85863,-4.07976,4.21077,-0.03864,0.02505,-0.01649,66.79333,45.26454,-51.57849
36.077856,-79.009211,8,0.36,144.8,7.88,3701603,7.88,7.88315,-4.1001,4.1659,-0.00031,0.02474,-0.01359,67.3195,45.76147,-52.58696
36.077854,-79.009211,8,0.35,145.1,7.88,3702603,7.88,7.88375,-4.10549,4.17069,-0.04139,0.02779,-0.01588,66.69102,45.70301,-53.06927
36.077853,-79.009211,8,0.15,145.3,7.86,3703603,7.86,7.85564,-4.11207,4.16232,-0.03818,0.02199,-0.02321,67.01257,45.4107,-54.47237
36.077849,-79.009212,8,0.26,146.1,7.86,3704603,7.86,7.86222,-4.1019,4.15873,-0.03955,0.02871,-0.01527,67.45103,44.84069,-53.59544
36.077846,-79.009211,8,0.15,146.7,7.87,3705603,7.87,7.8664,-4.07737,4.15514,-0.04169,0.02596,-0.01329,66.51564,44.86992,-54.9693
36.077845,-79.009214,8,0.18,147,7.85,3706603,7.85,7.84666,-4.07558,4.1013,-0.03848,0.01787,-0.01619,66.73487,44.67992,-54.09237
36.077845,-79.009215,8,0.39,147,7.86,3707603,7.86,7.85923,-4.09113,4.15514,-0.03971,0.01955,-0.0113,66.44256,44.46069,-55.34932
36.077845,-79.009217,8,0.14,147.2,7.87,3708603,7.87,7.87239,-4.09771,4.14377,-0.02718,0.02062,-0.01512,66.36948,44.31453,-55.7147
36.077842,-79.009217,8,0.25,147.6,7.87,3709603,7.87,7.87478,-4.1019,4.15035,-0.03406,0.01558,-0.00977,66.22333,43.74452,-55.89009
36.077838,-79.009216,8,0.23,148.1,7.86,3710603,7.86,7.85923,-4.08993,4.17966,-0.03665,0.01634,-0.01298,66.55949,44.2853,-56.6501
36.077836,-79.009217,8,0.23,148.5,7.87,3711603,7.87,7.8664,-4.10967,4.15753,-0.03742,0.01772,-0.01909,66.45718,43.42298,-56.50394
36.077834,-79.009216,8,0.23,148.9,7.85,3712603,7.85,7.84966,-4.09352,4.11924,-0.03543,0.02306,-0.01038,66.6618,43.21836,-55.93394
36.07783,-79.009218,8,0.13,150,7.86,3713603,7.86,7.85982,-4.09591,4.16172,-0.02902,0.01924,-0.01619,66.86642,42.96989,-56.95703
36.077826,-79.009218,8,0.21,151.2,7.87,3714603,7.87,7.8682,-4.10967,4.15932,-0.02795,0.01619,-0.01222,65.96024,43.20374,-56.32856
36.077824,-79.009219,8,0.15,151.6,7.87,3715603,7.87,7.87358,-4.09651,4.2353,-0.02718,0.01634,-0.01756,66.34025,42.70681,-56.8401
36.077821,-79.009219,8,0.36,152,7.84,3716603,7.84,7.84487,-4.11565,4.17368,-0.03054,0.00367,-0.0087,66.6618,42.56065,-57.01549
36.077818,-79.009221,8,0.29,152.8,7.84,3717603,7.84,7.84008,-4.09831,4.14856,-0.02642,0.01573,-0.00962,66.72026,42.47296,-57.95089
36.077816,-79.00922,8,0.26,153.3,7.86,3718603,7.86,7.86162,-4.08395,4.18804,-0.02123,0.02428,-0.011,66.4864,42.66296,-57.5855
36.077813,-79.009222,8,0.26,154.2,7.87,3719603,7.87,7.8664,-4.10429,4.19821,-0.02642,0.00733,-0.00458,65.98948,42.47296,-57.8632
36.07781,-79.009223,8,0.38,155,7.85,3720603,7.85,7.85145,-4.08515,4.16411,-0.02337,0.01634,-0.0113,65.96024,42.77989,-56.88396
36.077807,-79.009225,8,0.45,155.2,7.87,3721603,7.87,7.8676,-4.09053,4.18146,-0.01955,0.0139,-0.00993,66.69102,42.58989,-57.98012
36.077807,-79.009228,8,0.25,155.1,7.87,3722603,7.87,7.87478,-4.10489,4.15274,-0.02566,0.0142,-0.0055,66.4864,42.1368,-58.40398
36.077806,-79.009229,8,0.26,155.2,7.86,3723603,7.86,7.86042,-4.08993,4.14796,-0.02306,0.01023,-0.01206,65.97486,42.45835,-57.95089
36.077802,-79.00923,8,0.35,155.8,7.86,3724603,7.86,7.85743,-4.09352,4.18086,-0.02077,0.02337,-0.01069,66.44256,42.32681,-57.77551
36.077798,-79.009233,8,0.37,156.6,7.89,3725603,7.89,7.88734,-4.1019,4.13958,-0.0197,0.01558,-0.00916,66.23795,42.38527,-57.98012
36.077793,-79.009237,8,0.33,157.6,7.88,3726603,7.88,7.87957,-4.08335,4.16232,-0.01802,0.01191,-0.00596,66.41333,42.54604,-58.18474
36.077792,-79.009239,8,0.31,158,7.87,3727603,7.87,7.8688,-4.09891,4.15873,-0.01955,0.00947,-0.01038,66.45718,42.89681,-57.98012
36.077791,-79.009241,8,0.36,158,7.86,3728603,7.86,7.86102,-4.07438,4.15813,-0.0226,0.01741,-0.00672,65.77025,43.10143,-57.74627
36.077792,-79.009242,8,0.3,157.5,7.88,3729603,7.88,7.87897,-4.07258,4.17727,-0.03207,0.01955,-0.01084,66.23795,42.58989,-58.12628
36.077794,-79.009243,8,0.32,156.9,7.88,3730603,7.88,7.87717,-4.13061,4.17488,-0.03986,0.02535,-0.0168,65.96024,42.09296,-58.47705
36.077796,-79.009245,8,0.22,156.2,7.87,3731603,7.87,7.8694,-4.11565,4.12822,-0.04398,0.02947,-0.01451,65.71178,42.28296,-58.85706
36.077796,-79.009245,8,0.3,156,7.83,3732603,7.83,7.8329,-4.09412,4.15215,-0.04566,0.03207,-0.0223,65.79948,41.74218,-59.57323
36.077795,-79.009245,8,0.44,155.7,7.85,3733603,7.85,7.84906,-4.09232,4.1689,-0.05421,0.02291,-0.02963,65.78486,41.04063,-59.63169
36.077795,-79.009246,8,0.31,155.8,7.89,3734603,7.89,7.88555,-4.11506,4.1683,-0.06307,0.03497,-0.03192,65.69717,39.85677,-61.41479
36.077795,-79.009247,8,0.23,155.8,7.87,3735603,7.87,7.867,-4.08574,4.14198,-0.08186,0.04414,-0.03131,66.42795,39.25753,-62.11634
36.077793,-79.009248,8,0.45,155.9,7.86,3736603,7.86,7.85923,-4.08096,4.16232,-0.08415,0.03604,-0.04643,66.07717,38.21982,-61.45863
36.077793,-79.009247,8,0.22,155.7,7.82,3737603,7.82,7.82393,-4.06541,4.15693,-0.08201,0.03864,-0.03833,66.31102,36.68518,-62.70096
36.077795,-79.009246,8,0.33,154.8,7.87,3738603,7.87,7.86521,-4.07498,4.18206,-0.07346,0.04001,-0.04093,66.91026,34.93131,-63.9579
36.077794,-79.009246,8,0.52,154.4,7.85,3739603,7.85,7.85145,-4.08634,4.1689,-0.06765,0.03574,-0.03131,66.3841,33.48436,-64.83485
36.077795,-79.009247,8,0.38,154,7.86,3740603,7.86,7.85863,-4.07976,4.14497,-0.07315,0.0368,-0.03039,67.34873,32.62204,-64.95177
36.077795,-79.009248,8,0.37,154,7.87,3741603,7.87,7.8676,-4.10429,4.19701,-0.06826,0.03635,-0.03283,67.5095,31.39433,-66.44256
36.077795,-79.009249,8,0.3,153.8,7.87,3742603,7.87,7.87418,-4.09532,4.15873,-0.06582,0.03574,-0.03054,67.87489,30.32739,-65.88716
36.077795,-79.009249,8,0.24,153.6,7.87,3743603,7.87,7.87119,-4.08036,4.15454,-0.06093,0.03421,-0.03207,68.15259,29.28968,-66.54488
36.077796,-79.009251,8,0.31,153.6,7.86,3744603,7.86,7.85504,-4.09173,4.17368,-0.06597,0.02932,-0.02535,68.34259,28.0912,-67.48026
36.077798,-79.009252,8,0.22,153.3,7.86,3745603,7.86,7.86102,-4.08874,4.18624,-0.06032,0.03192,-0.02611,69.1026,26.71733,-67.58258
36.077798,-79.009252,8,0.3,153.1,7.86,3746603,7.86,7.85863,-4.09591,4.17966,-0.06582,0.03054,-0.02275,69.05875,25.79655,-66.92487
36.077798,-79.009251,8,0.3,153,7.84,3747603,7.84,7.83949,-4.10309,4.20239,-0.06216,0.03604,-0.02596,69.89185,24.74423,-66.96872
36.077797,-79.009251,8,0.47,152.9,7.87,3748603,7.87,7.86521,-4.08814,4.17607,-0.06185,0.0423,-0.02734,70.3157,23.34113,-67.24642
36.077794,-79.009251,8,0.36,153.4,7.85,3749603,7.85,7.84906,-4.08455,4.16172,-0.06826,0.03268,-0.03253,70.81263,22.63958,-67.61181
36.07779,-79.009249,8,0.44,154,7.84,3750603,7.84,7.84008,-4.08455,4.14796,-0.06597,0.03176,-0.03314,71.74802,20.9734,-66.67641
36.077788,-79.00925,8,0.46,154.1,7.87,3751603,7.87,7.87059,-4.08933,4.16112,-0.06994,0.04108,-0.02764,71.99649,20.63724,-66.06256
36.077787,-79.00925,8,0.6,153.5,7.86,3752603,7.86,7.86341,-4.08275,4.1677,-0.06765,0.04093,-0.03314,72.08419,18.79567,-66.09179
36.077787,-79.009249,8,0.43,153.3,7.86,3753603,7.86,7.85743,-4.10549,4.17787,-0.07223,0.03436,-0.02795,73.58959,18.3572,-65.11254
36.077786,-79.009249,7,0.3,153.2,7.87,3754603,7.87,7.8682,-4.08216,4.15035,-0.07544,0.0368,-0.03344,74.24729,16.80795,-65.09792
36.077784,-79.009249,7,0.61,152.8,7.89,3755603,7.89,7.88615,-4.08515,4.18385,-0.08094,0.03039,-0.03314,75.03654,15.18562,-64.33791
36.077785,-79.009248,7,0.31,152.8,7.85,3756603,7.85,7.85384,-4.07079,4.11865,-0.07498,0.03665,-0.03787,75.86963,14.29407,-63.41713
36.077784,-79.009248,7,0.31,152.7,7.86,3757603,7.86,7.85564,-4.10967,4.17906,-0.07208,0.04123,-0.03482,76.3081,12.67173,-62.84712
36.077783,-79.009247,8,0.28,152.8,7.87,3758603,7.87,7.86521,-4.07737,4.15633,-0.07437,0.03955,-0.03512,77.40427,11.72172,-62.29173
36.077782,-79.009246,8,0.25,153,7.87,3759603,7.87,7.8676,-4.08694,4.17189,-0.08109,0.0423,-0.03436,78.32505,10.40631,-61.95557
36.07778,-79.009245,8,0.31,153.1,7.86,3760603,7.86,7.85624,-4.1007,4.18026,-0.08033,0.04291,-0.03711,78.74891,9.89477,-61.09325
36.077779,-79.009245,8,0.58,152.6,7.86,3761603,7.86,7.85803,-4.08694,4.16949,-0.08415,0.03757,-0.03848,79.50891,8.68167,-59.50014
36.077778,-79.009244,8,0.31,152.4,7.84,3762603,7.84,7.84068,-4.10848,4.12702,-0.07361,0.04093,-0.03833,80.47355,7.87781,-58.78399
36.077778,-79.009244,8,0.35,152.2,7.86,3763603,7.86,7.85923,-4.11326,4.18086,-0.0814,0.04902,-0.03619,81.71587,7.10319,-57.54166
36.077777,-79.009242,8,0.16,152,7.87,3764603,7.87,7.8694,-4.08455,4.17607,-0.07972,0.04352,-0.0394,82.19818,7.04472,-55.87547
36.077776,-79.009242,8,0.29,152,7.86,3765603,7.86,7.86102,-4.07438,4.19462,-0.07865,0.04459,-0.03207,83.08974,5.87547,-54.88161
36.077776,-79.009241,8,0.23,151.6,7.85,3766603,7.85,7.85025,-4.09532,4.17129,-0.07453,0.04841,-0.03619,83.45512,5.5247,-53.42006
36.077776,-79.009242,8,0.16,151.4,7.86,3767603,7.86,7.86281,-4.09532,4.15215,-0.0759,0.03436,-0.03864,84.44899,5.91932,-51.62233
36.077775,-79.009242,8,0.23,151.2,7.86,3768603,7.86,7.86281,-4.10668,4.13181,-0.06918,0.04673,-0.03589,85.1067,5.27624,-51.33002
36.077775,-79.009241,8,0.18,151,7.85,3769603,7.85,7.85265,-4.10668,4.1659,-0.08048,0.03207,-0.03161,86.12978,5.37854,-49.42999
36.077774,-79.009241,8,0.18,150.7,7.83,3770603,7.83,7.82812,-4.09173,4.15035,-0.06964,0.03848,-0.03726,86.53902,5.27624,-48.14382
36.077773,-79.009242,8,0.28,150.1,7.87,3771603,7.87,7.86999,-4.08515,4.1659,-0.06826,0.04643,-0.02947,87.09441,5.20316,-46.85764
36.077772,-79.009242,8,0.52,149.5,7.84,3772603,7.84,7.84188,-4.11565,4.14856,-0.08063,0.03482,-0.02718,87.45981,5.90471,-46.56533
36.077772,-79.009243,8,0.26,149.1,7.86,3773603,7.86,7.86401,-4.09472,4.17488,-0.07269,0.0394,-0.03757,87.59135,5.8024,-43.91991
36.077771,-79.009245,8,0.29,148.7,7.87,3774603,7.87,7.87358,-4.09113,4.18265,-0.07605,0.03879,-0.02932,87.92751,6.03625,-42.66296
36.07777,-79.009246,8,0.1,148.9,7.85,3775603,7.85,7.85085,-4.08814,4.12044,-0.07437,0.03589,-0.03864,88.52674,6.66472,-42.94066
36.077769,-79.009246,8,0.16,148.7,7.83,3776603,7.83,7.83171,-4.11805,4.17189,-0.07636,0.04169,-0.0281,88.78983,7.00088,-40.41216
36.077767,-79.009247,8,0.53,148.5,7.84,3777603,7.84,7.84427,-4.08216,4.1671,-0.06888,0.0478,-0.03283,88.92137,7.79012,-39.65215
36.077767,-79.009248,8,0.23,148.2,7.84,3778603,7.84,7.8353,-4.09711,4.17129,-0.07621,0.04383,-0.02871,88.62906,9.1786,-38.93598
36.077768,-79.009246,8,0.06,147.9,7.85,3779603,7.85,7.85444,-4.08335,4.16411,-0.07498,0.03833,-0.03803,89.30137,9.85092,-37.19672
36.077767,-79.009245,8,0.14,147.7,7.86,3780603,7.86,7.86162,-4.10429,4.1001,-0.07911,0.03589,-0.03665,89.47676,10.46478,-35.4867
36.077765,-79.009244,8,0.48,147.4,7.84,3781603,7.84,7.84427,-4.12224,4.12822,-0.07758,0.04276,-0.03512,89.53522,11.80941,-33.82052
36.077766,-79.009242,8,0.31,146.8,7.87,3782603,7.87,7.87358,-4.08634,4.1689,-0.07621,0.03879,-0.04643,89.38907,12.32096,-33.98129
36.077767,-79.009242,8,0.22,146.1,7.85,3783603,7.85,7.84786,-4.10249,4.1348,-0.08094,0.04643,-0.03146,88.64367,13.66559,-32.32973
36.077766,-79.009241,8,0.07,145.6,7.83,3784603,7.83,7.83231,-4.09831,4.2018,-0.08109,0.04139,-0.03589,88.64367,15.14177,-32.16896
36.077763,-79.00924,8,0.1,146,7.87,3785603,7.87,7.8694,-4.09831,4.1677,-0.07926,0.0423,-0.03283,89.28676,16.50102,-31.30664
36.077759,-79.009239,8,0.45,146.3,7.88,3786603,7.88,7.87657,-4.08275,4.15693,-0.07117,0.04902,-0.0336,88.46828,17.9772,-31.04355
36.077757,-79.009237,8,0.24,146.1,7.85,3787603,7.85,7.84846,-4.09053,4.11565,-0.07498,0.03329,-0.0368,88.45367,18.85414,-30.51739
36.077753,-79.009234,8,0.18,146.7,7.85,3788603,7.85,7.84786,-4.08694,4.15932,-0.07269,0.03955,-0.03344,88.14674,20.25723,-29.66969
36.077748,-79.009233,8,0.09,147.4,7.86,3789603,7.86,7.86281,-4.10728,4.02712,-0.07437,0.03711,-0.03726,87.21134,21.86495,-28.69044
36.077746,-79.009232,8,0.18,147.5,7.83,3790603,7.83,7.8347,-4.10489,4.16471,-0.07178,0.042,-0.03619,86.83134,23.15112,-28.07659
36.077743,-79.009233,8,0.24,147.9,7.88,3791603,7.88,7.88076,-4.08335,4.18744,-0.07789,0.03375,-0.03604,86.36364,24.80269,-27.17042
36.07774,-79.009235,8,0.47,147.9,7.88,3792603,7.88,7.88375,-4.10429,4.14975,-0.07132,0.04795,-0.03375,85.93978,26.04502,-26.93657
36.077741,-79.009236,8,0.1,147.4,7.87,3793603,7.87,7.87418,-4.1001,4.15813,-0.07773,0.04215,-0.04047,85.66209,27.12657,-27.46273
36.077741,-79.009237,8,0.2,147.1,7.86,3794603,7.86,7.85683,-4.07916,4.1671,-0.08186,0.03986,-0.04078,84.62438,28.79275,-27.79889
36.077741,-79.009239,8,0.24,146.7,7.86,3795603,7.86,7.85982,-4.08634,4.17727,-0.08613,0.05024,-0.03879,84.01052,30.94124,-27.69658
36.077743,-79.009241,8,0.22,145.8,7.85,3796603,7.85,7.84846,-4.07976,4.14856,-0.09026,0.04826,-0.03803,83.20667,32.15434,-27.84274
36.077743,-79.009242,8,0.3,145.2,7.87,3797603,7.87,7.8664,-4.09532,4.14497,-0.08842,0.0507,-0.04658,82.4905,34.37592,-28.5589
36.077742,-79.009244,8,0.24,145.1,7.88,3798603,7.88,7.87538,-4.09831,4.14975,-0.09804,0.05452,-0.04169,80.95586,36.27594,-29.55276
36.077742,-79.009243,8,0.37,144.5,7.86,3799603,7.86,7.86102,-4.0995,4.14557,-0.0901,0.04872,-0.04093,80.19585,37.03595,-31.23356
36.077741,-79.009242,8,0.26,144.4,7.84,3800603,7.84,7.84427,-4.11087,4.1671,-0.09102,0.04826,-0.04505,78.58813,39.12599,-30.47355
36.07774,-79.009241,8,0.33,144.1,7.87,3801603,7.87,7.86581,-4.08216,4.14257,-0.09484,0.0504,-0.04001,78.52967,40.45601,-32.06665
36.077739,-79.009242,8,0.25,143.8,7.89,3802603,7.89,7.89093,-4.08574,4.13779,-0.09423,0.05192,-0.04917,76.67349,41.58141,-32.57819
36.077738,-79.009243,7,0.26,143.6,7.87,3803603,7.87,7.8676,-4.08634,4.18026,-0.09911,0.04979,-0.0394,75.88425,42.95528,-33.38205
36.077738,-79.009242,7,0.2,143.1,7.87,3804603,7.87,7.86999,-4.11386,4.14257,-0.1011,0.05742,-0.04688,74.36422,44.40222,-35.55978
36.077737,-79.009245,7,0.36,142.8,7.87,3805603,7.87,7.86521,-4.09591,4.14437,-0.0982,0.05223,-0.04688,73.41421,45.70301,-36.87518
36.077737,-79.009247,7,0.26,142.5,7.87,3806603,7.87,7.86581,-4.1019,4.15095,-0.09911,0.0533,-0.04551,72.66881,45.35223,-38.89214
36.077737,-79.009248,8,0.2,141.9,7.87,3807603,7.87,7.87298,-4.10668,4.14915,-0.09835,0.05452,-0.05055,71.4411,46.7261,-41.11371
36.077737,-79.00925,7,0.18,141.4,7.88,3808603,7.88,7.88196,-4.10549,4.19043,-0.10171,0.05834,-0.04093,70.40339,47.48611,-43.2622
36.077738,-79.009251,7,0.22,141.2,7.88,3809603,7.88,7.87538,-4.11147,4.17847,-0.10461,0.05269,-0.04856,69.90646,46.90149,-45.27916
36.077736,-79.009251,7,0.21,141.5,7.86,3810603,7.86,7.85683,-4.08694,4.1689,-0.10599,0.05253,-0.04108,68.6349,47.36919,-47.64688
36.077736,-79.009252,7,0.15,141.1,7.87,3811603,7.87,7.867,-4.10728,4.17488,-0.09789,0.05528,-0.04841,68.12336,46.87226,-47.58842
36.077734,-79.009253,8,0.26,141.3,7.87,3812603,7.87,7.86999,-4.08216,4.14437,-0.09881,0.05131,-0.04261,67.46565,46.82841,-51.1254
36.077734,-79.009255,8,0.25,141.1,7.87,3813603,7.87,7.8676,-4.10369,4.17189,-0.09713,0.05666,-0.03971,66.53025,45.64455,-52.2508
36.077733,-79.009255,8,0.28,140.9,7.85,3814603,7.85,7.84846,-4.11326,4.16232,-0.09713,0.0562,-0.04414,66.2964,45.57147,-53.78544
36.077733,-79.009258,8,0.24,140.6,7.87,3815603,7.87,7.87418,-4.07318,4.19462,-0.09697,0.04627,-0.04581,65.9164,43.70067,-56.54779
36.077731,-79.009259,8,0.18,140.9,7.86,3816603,7.86,7.85683,-4.08634,4.15155,-0.09331,0.04184,-0.04719,66.53025,43.10143,-57.87782
36.07773,-79.009259,8,0.38,140.8,7.87,3817603,7.87,7.867,-4.10489,4.19641,-0.0927,0.0504,-0.03864,65.6387,42.38527,-58.50629
36.077729,-79.009261,8,0.3,140.7,7.88,3818603,7.88,7.87717,-4.11386,4.17787,-0.09392,0.04887,-0.03833,66.01871,40.33908,-60.75709
36.077729,-79.009262,8,0.24,140.7,7.85,3819603,7.85,7.85444,-4.09472,4.16232,-0.09148,0.0449,-0.04963,65.72639,38.62906,-60.75709
36.077728,-79.009262,8,0.4,140.5,7.86,3820603,7.86,7.86461,-4.1013,4.15633,-0.09239,0.05024,-0.042,65.94563,37.70827,-62.74482
36.077727,-79.009263,8,0.46,140.4,7.85,3821603,7.85,7.84786,-4.09173,4.15693,-0.08842,0.05253,-0.03955,66.03333,36.02748,-63.66559
36.077725,-79.009264,8,0.2,140.6,7.87,3822603,7.87,7.8664,-4.10369,4.14138,-0.08338,0.04581,-0.03879,66.58871,34.53669,-64.65946
36.077723,-79.009264,8,0.26,141.1,7.84,3823603,7.84,7.84008,-4.11984,4.16052,-0.08323,0.04749,-0.03528,67.21719,32.6805,-66.00409
36.07772,-79.009264,8,0.48,141.4,7.89,3824603,7.89,7.88914,-4.1007,4.09831,-0.08995,0.04383,-0.04001,67.48026,31.20432,-66.03333
36.077719,-79.009263,8,0.39,141.6,7.87,3825603,7.87,7.8688,-4.10967,4.16172,-0.08552,0.04475,-0.04032,67.90412,30.03508,-66.72026
36.077722,-79.00926,8,0.15,141.4,7.86,3826603,7.86,7.86042,-4.09113,4.18086,-0.08735,0.03955,-0.04551,68.57644,27.52119,-67.0418
36.07772,-79.00926,8,0.07,141.9,7.85,3827603,7.85,7.85384,-4.12104,4.15035,-0.09041,0.05131,-0.04001,68.78106,25.67963,-67.6995
36.07772,-79.009259,7,0.08,141.8,7.88,3828603,7.88,7.87657,-4.09532,4.14138,-0.09423,0.0423,-0.04368,70.46185,23.66267,-67.08565
36.077722,-79.009257,7,0.09,141.9,7.87,3829603,7.87,7.86521,-4.1013,4.17966,-0.09041,0.05376,-0.04184,70.68109,22.21573,-66.92487
36.077724,-79.009256,7,0.08,141.6,7.86,3830603,7.86,7.86341,-4.10369,4.15932,-0.09224,0.04917,-0.0391,71.47033,20.038,-66.34025
36.077723,-79.009255,7,0.2,141.1,7.83,3831603,7.83,7.8341,-4.07916,4.13181,-0.09087,0.04811,-0.04597,72.62496,19.04414,-66.47179
36.077721,-79.009256,7,0.3,140.8,7.85,3832603,7.85,7.85384,-4.10728,4.16949,-0.09545,0.04734,-0.04444,74.04268,17.42181,-64.58638
36.07772,-79.009255,8,0.37,140.3,7.86,3833603,7.86,7.85624,-4.09591,4.19282,-0.09759,0.04001,-0.04383,74.64192,15.21485,-64.22099
36.077719,-79.009254,8,0.47,140.1,7.87,3834603,7.87,7.87298,-4.1019,4.14437,-0.09957,0.04933,-0.03757,76.10348,14.10406,-63.41713
36.077717,-79.009253,8,0.36,140.2,7.87,3835603,7.87,7.86581,-4.08814,4.17129,-0.09621,0.04826,-0.04475,77.02426,12.32096,-63.09559
36.077714,-79.009252,8,0.44,140.3,7.87,3836603,7.87,7.8676,-4.10489,4.12822,-0.09575,0.04963,-0.04673,78.2812,10.75709,-61.9848
36.077712,-79.009253,8,0.29,140.5,7.87,3837603,7.87,7.86521,-4.09053,4.16112,-0.09529,0.04872,-0.04734,79.1143,9.38322,-61.06402
36.07771,-79.009254,8,0.47,140.9,7.83,3838603,7.83,7.8347,-4.08993,4.17847,-0.09484,0.05147,-0.04658,80.60509,8.93014,-59.38322
36.077706,-79.009256,8,0.36,141,7.85,3839603,7.85,7.85265,-4.09831,4.14557,-0.10095,0.04688,-0.03787,81.97895,7.13242,-57.79012
36.077705,-79.009257,8,0.32,141.1,7.87,3840603,7.87,7.87059,-4.10728,4.16172,-0.09667,0.04612,-0.04566,82.19818,6.2701,-56.08009
36.077702,-79.009259,8,0.3,141.3,7.87,3841603,7.87,7.8688,-4.10668,4.1659,-0.10125,0.04261,-0.04154,83.38205,6.22625,-53.8439
36.077701,-79.009259,8,0.32,141.3,7.85,3842603,7.85,7.85324,-4.10608,4.14018,-0.093,0.05757,-0.04841,83.96667,5.64162,-52.3385
36.0777,-79.009259,8,0.33,141.1,7.86,3843603,7.86,7.86162,-4.08814,4.17787,-0.10263,0.04337,-0.04169,85.09208,5.30547,-50.99386
36.077698,-79.009259,8,0.3,141.2,7.87,3844603,7.87,7.87179,-4.1007,4.18026,-0.09835,0.06109,-0.04688,85.77901,5.247,-49.35691
36.077696,-79.009259,8,0.26,141.3,7.88,3845603,7.88,7.88136,-4.09352,4.20897,-0.10278,0.05544,-0.04979,86.65595,5.61239,-47.10611
36.077695,-79.009257,8,0.35,141,7.86,3846603,7.86,7.86281,-4.09173,4.1348,-0.10782,0.04505,-0.04979,87.79597,5.8024,-45.51301
36.077692,-79.009258,8,0.59,140.9,7.89,3847603,7.89,7.88674,-4.09472,4.18146,-0.10614,0.05727,-0.04352,88.05905,6.70856,-42.00526
36.077689,-79.009258,8,0.58,141.2,7.84,3848603,7.84,7.84427,-4.09831,4.11565,-0.10125,0.05406,-0.04643,87.76674,7.00088,-41.11371
36.077685,-79.009259,8,0.48,141.8,7.88,3849603,7.88,7.88196,-4.09651,4.15753,-0.09743,0.05208,-0.05223,89.21368,7.74627,-39.71061
36.077682,-79.00926,8,0.58,141.9,7.85,3850603,7.85,7.84846,-4.08933,4.18864,-0.0982,0.062,-0.05513,88.9506,9.03245,-38.36597
36.077681,-79.009261,8,0.48,141.7,7.83,3851603,7.83,7.8347,-4.08993,4.19223,-0.12324,0.05971,-0.05101,89.71061,11.07863,-35.93978
36.077679,-79.009264,8,0.53,141.6,7.86,3852603,7.86,7.86341,-4.08574,4.19641,-0.14371,0.06521,-0.06597,88.99445,12.61327,-34.27361
36.077677,-79.009264,8,0.46,141.5,7.85,3853603,7.85,7.84547,-4.08754,4.17906,-0.09911,0.04505,-0.04139,88.96521,14.58638,-32.85589
36.077675,-79.009263,8,0.62,141.4,7.84,3854603,7.84,7.83889,-4.09472,4.17009,-0.08522,0.04016,-0.00092,89.03829,17.10026,-32.0228
36.077672,-79.009263,8,0.69,141.3,7.86,3855603,7.86,7.86281,-4.1007,4.19163,-0.06796,0.05299,-0.0171,89.12598,17.46565,-31.26279
36.077667,-79.009264,8,0.71,141.8,7.87,3856603,7.87,7.867,-4.10668,4.15992,-0.04826,0.02169,-0.04307,88.21982,18.89798,-30.13739
36.077663,-79.009265,8,0.54,141.9,7.84,3857603,7.84,7.83649,-4.07019,4.16531,-0.03467,0.042,-0.0058,88.61444,19.39491,-30.19585
36.077657,-79.009268,8,0.96,142,7.87,3858603,7.87,7.8664,-4.10728,4.14736,-0.02673,-0.00061,-0.031,88.23444,19.76031,-29.14352
36.077652,-79.009272,8,1.22,141.9,7.83,3859603,7.83,7.83051,-4.30828,4.27179,-0.09575,-0.06597,0.08949,87.85442,20.08185,-31.37971
36.077645,-79.009277,8,1.53,141.8,7.99,3860603,7.99,7.99023,-3.85484,4.06122,0.093,0.13271,-0.09331,88.13213,17.72873,-29.45045
36.077636,-79.009279,8,1.33,142.3,7.7,3861603,7.7,7.6995,-4.27418,4.32383,0.11484,0.07376,0.10782,88.38059,19.33645,-31.24817
36.077633,-79.009285,8,1.4,142.3,7.88,3862603,7.88,7.88016,-4.11207,4.11506,0.11194,-0.0394,0.05009,88.84829,14.00175,-30.37124
36.077635,-79.009285,8,0.43,142,7.98,3863603,7.98,7.97767,-3.96431,4.09472,0.42791,-0.11332,0.19258,87.95674,8.74013,-35.26747
36.077634,-79.009286,7,0.18,142,7.81,3864603,7.81,7.80778,-4.17727,4.21017,0.51099,-0.16554,0.14936,85.82285,6.13856,-46.22917
36.077633,-79.009287,7,0.2,142.1,7.86,3865603,7.86,7.85564,-3.9667,4.29392,0.30436,-0.26344,0.30314,80.95586,5.97778,-56.63549
36.077635,-79.009287,7,0.14,142,7.76,3866603,7.76,7.76052,-3.96072,4.56072,0.61148,-0.32238,0.19212,73.13651,13.34405,-65.90178
36.077633,-79.009285,8,0.13,142.6,7.93,3867603,7.93,7.93041,-4.17548,3.99123,0.45204,-0.42272,0.25305,67.78719,28.67583,-65.18562
36.077635,-79.009284,8,0.56,143.3,7.84,3868603,7.84,7.84307,-4.0331,4.28076,0.48396,-0.20388,0.23824,64.49869,40.23677,-59.31014
36.077635,-79.009285,7,0.31,143.3,7.76,3869603,7.76,7.76351,-4.92204,3.26979,1.04107,-0.70219,0.83933,67.45103,49.32768,-37.94212
36.077633,-79.009288,7,0.59,143.3,7.77,3870603,7.77,7.77368,-4.02951,4.14676,1.08642,-0.40729,0.39706,85.79362,25.29962,-30.07892
36.077634,-79.00929,7,0.28,143,7.8,3871603,7.8,7.79941,-4.14497,4.12164,0.60353,-0.40485,0.42929,88.87753,7.2055,-40.10523
36.07763,-79.009291,7,0.58,143.1,8.48,3872603,8.48,8.48256,-2.86062,4.83051,-1.34009,0.81215,-0.83322,86.78748,-1.52002,-45.93686
36.077624,-79.009292,7,0.98,143.3,7.56,3873603,7.56,7.55952,-5.26241,2.91087,-3.27897,1.42836,-0.94195,64.25022,46.75533,-55.20316
36.077624,-79.009291,7,0.23,143.7,8.1,3874603,8.1,8.09552,-3.88953,3.90688,-2.15773,1.04336,-1.05619,89.24291,6.57702,-36.74364
36.077622,-79.009292,7,0.01,143.9,7.32,3875603,7.32,7.31964,-5.12423,4.15932,2.8926,-1.30649,2.86603,87.63519,17.34873,-40.19292
36.077621,-79.009293,7,0.13,144.1,7.85,3876603,7.85,7.85324,-3.8339,4.28913,2.40971,-0.93264,0.64782,67.1441,41.74218,-57.45396
36.077618,-79.009289,7,0.58,144.1,7.95,3877603,7.95,7.95255,-4.09891,3.95414,1.51617,-0.7845,0.84605,87.03596,20.85647,-28.12043
36.077615,-79.009296,7,0.77,144.2,7.78,3878603,7.78,7.77847,-4.16949,4.09651,1.17088,-0.4612,0.58842,82.50511,7.41011,-56.37241
36.077609,-79.009296,8,1.2,144.4,7.95,3879603,7.95,7.95314,-4.05643,4.01875,0.93875,-0.42043,0.37797,68.78106,26.23502,-67.30488
36.077604,-79.009299,8,1.37,144.7,7.9,3880603,7.9,7.90409,-4.07378,4.12822,0.74556,-0.39065,0.3178,66.13564,44.56299,-55.20316
36.077601,-79.009299,8,0.97,145,7.9,3881603,7.9,7.89751,-4.09591,4.14557,0.58445,-0.22465,0.30757,72.77112,45.05993,-39.696
36.077598,-79.0093,8,0.92,145.1,7.87,3882603,7.87,7.87179,-4.11446,4.11147,0.51175,-0.28818,0.24587,80.56124,36.21748,-30.6197
36.077596,-79.009296,8,0.55,145,7.85,3883603,7.85,7.85205,-4.11266,4.1683,0.4974,-0.19991,0.25168,87.05057,22.81497,-28.66121
36.077591,-79.009296,8,0.62,145.5,7.9,3884603,7.9,7.90409,-4.09352,4.0995,0.45479,-0.21716,0.20556,89.54984,11.5171,-34.71207
36.077587,-79.009296,7,0.72,145.4,7.89,3885603,7.89,7.89452,-4.09771,4.15813,0.42318,-0.1941,0.19548,87.44519,5.74393,-44.86992
36.077584,-79.009293,8,0.83,145.7,7.89,3886603,7.89,7.88615,-4.06361,4.09113,0.41936,-0.19853,0.19853,83.57205,5.84624,-55.20316
36.07758,-79.009292,8,0.68,146.1,7.88,3887603,7.88,7.88435,-4.10309,4.133,0.42348,-0.18402,0.19685,76.79041,12.65712,-63.51944
36.077576,-79.009292,8,0.79,146.5,7.89,3888603,7.89,7.89452,-4.07318,4.15215,0.34193,-0.17761,0.1773,71.38264,21.45571,-66.44256
36.077575,-79.009291,8,0.58,146.7,7.89,3889603,7.89,7.88794,-4.04327,4.16112,0.29398,-0.14371,0.13912,67.78719,30.41508,-66.79333
36.077575,-79.009291,8,0.38,146.5,7.89,3890603,7.89,7.88674,-4.05942,4.10608,0.24526,-0.12294,0.11576,66.44256,37.1675,-64.17715
36.07757,-79.009292,8,0.87,146.7,7.86,3891603,7.86,7.86042,-4.07558,4.11506,0.23045,-0.10766,0.11179,66.23795,42.47296,-59.82169
36.077571,-79.009293,8,0.77,146.2,7.87,3892603,7.87,7.87418,-4.08694,4.10967,0.19319,-0.08063,0.09697,66.54488,45.17685,-53.9316
36.077572,-79.009293,8,0.47,146,7.89,3893603,7.89,7.89093,-4.08754,4.12224,0.12813,-0.06002,0.06109,67.93335,46.46302,-49.50307
36.077571,-79.009294,8,0.54,145.8,7.9,3894603,7.9,7.9005,-4.07199,4.07677,0.07223,-0.03329,0.04032,68.60567,47.03303,-46.69687
36.07757,-79.009296,8,0.61,145.7,7.89,3895603,7.89,7.88914,-4.04925,4.10668,0.06093,-0.04261,0.00672,69.86262,47.12073,-45.01608
36.077568,-79.009297,8,0.77,145.7,7.91,3896603,7.91,7.90708,-4.06541,4.1354,0.07483,-0.03039,0.03283,71.26571,46.90149,-42.96989
36.077567,-79.009299,8,0.55,145.1,7.91,3897603,7.91,7.91426,-4.09412,4.11685,0.07621,-0.02428,0.05467,72.31804,45.98071,-40.266
36.077564,-79.0093,8,0.66,145.3,7.87,3898603,7.87,7.87298,-4.09651,4.09891,0.08033,-0.02596,0.0365,73.66267,44.97223,-38.70213
36.077561,-79.009299,8,0.67,145.2,7.94,3899603,7.94,7.94297,-4.07019,4.11446,0.05971,-0.03115,0.01359,75.59193,43.65683,-36.8021
36.077556,-79.009301,8,0.55,145.4,7.9,3900603,7.9,7.89691,-4.09651,4.133,0.04505,-0.0307,0.02306,75.67963,42.67758,-35.15054
36.077554,-79.009297,8,0.39,145.5,7.87,3901603,7.87,7.8676,-4.11147,4.1342,0.04948,-0.01863,0.0226,76.95118,41.2014,-33.5136
36.077554,-79.009294,8,0.21,145.6,7.93,3902603,7.93,7.934,-4.05524,4.10907,0.05406,0.00275,0.00626,77.79889,40.23677,-32.03741
36.077552,-79.009294,8,0.29,145.7,7.9,3903603,7.9,7.89572,-4.10907,4.13958,0.03009,0.00153,0.0058,78.20812,39.18445,-30.38585
36.07755,-79.009294,7,0.69,145.4,7.9,3904603,7.9,7.89691,-4.1019,4.08395,0.03192,0.00122,0.02062,79.24583,38.10289,-31.56972
36.07755,-79.009292,7,0.44,145.2,7.94,3905603,7.94,7.94417,-4.1007,4.13121,0.02184,0.01008,-0.00153,79.78661,36.74364,-30.54662
36.077545,-79.009292,7,0.72,145.6,7.89,3906603,7.89,7.88734,-4.09532,4.09831,0.0139,0.00855,0.02031,80.29816,36.93365,-29.91815
36.077541,-79.009289,7,0.71,145.9,7.9,3907603,7.9,7.89811,-4.11147,4.09891,0.01802,0.00061,0.00199,81.16048,36.62672,-29.23122
36.077537,-79.009288,7,0.6,146.3,7.9,3908603,7.9,7.89871,-4.07139,4.08754,0.01772,-0.01176,-0.00092,81.07278,35.23823,-29.58199
36.077531,-79.009286,8,0.4,147.5,7.94,3909603,7.94,7.93879,-4.10429,4.11266,0.0171,0.02092,0.02856,82.37358,34.12745,-29.65507
36.077526,-79.009286,8,0.33,148.4,7.98,3910603,7.98,7.98126,-4.10668,4.08933,0.02245,-0.0084,-0.01665,82.38819,33.52821,-27.63812
36.077522,-79.009283,8,0.52,149.6,7.9,3911603,7.9,7.89632,-4.09292,4.1019,0.0055,-0.00489,0.02978,82.75358,32.89974,-28.77814
36.077519,-79.009279,8,0.43,150.2,7.9,3912603,7.9,7.9017,-4.08036,4.08515,0.00641,-0.0026,-0.00122,83.07513,32.11049,-29.20199
36.07752,-79.009275,8,0.26,150.1,7.82,3913603,7.82,7.81735,-4.01994,4.0684,-0.45372,0.27687,-0.20632,82.81204,33.16282,-28.52967
36.077517,-79.009274,8,0.12,150.5,7.86,3914603,7.86,7.86042,-4.07737,4.14198,-0.31979,0.14493,-0.27275,76.36656,42.63373,-35.17977
36.077514,-79.009272,7,0.24,151,7.91,3915603,7.91,7.91486,-4.02234,4.11625,-0.67577,0.22785,-0.26695,72.78574,46.21456,-41.30371
36.077514,-79.009272,7,0.24,150.8,7.9,3916603,7.9,7.90289,-4.1348,4.08096,-1.52289,0.72052,-0.64691,69.13184,27.34581,-67.52412
36.077513,-79.009272,7,0.47,150.8,7.91,3917603,7.91,7.90768,-4.12164,4.10848,-1.2567,0.59193,-0.63897,86.36364,5.11546,-49.64923
36.07751,-79.009268,8,0.4,151.5,7.91,3918603,7.91,7.90529,-4.10848,4.10369,-1.12552,0.54062,-0.51771,86.49518,24.87577,-27.91582
36.077506,-79.009264,8,0.62,152.2,7.88,3919603,7.88,7.88256,-4.09891,4.13659,-1.0038,0.47403,-0.48518,72.87343,45.84917,-38.43905
36.077504,-79.009262,8,0.67,152.3,7.9,3920603,7.9,7.89811,-4.07737,4.10369,-0.89507,0.4696,-0.42547,65.72639,40.7337,-59.6463
36.077505,-79.009262,7,0.3,151.5,7.9,3921603,7.9,7.89811,-4.08574,4.25324,-0.81688,0.40729,-0.38897,72.40573,20.65186,-67.43642
36.077505,-79.009261,7,0.35,151.4,7.88,3922603,7.88,7.88435,-4.08335,4.15394,-0.74449,0.36606,-0.35384,83.11897,7.22011,-56.50394
36.077506,-79.00926,7,0.43,150.8,7.87,3923603,7.87,7.87179,-4.08335,4.10608,-0.68157,0.33307,-0.32208,88.87753,8.31628,-39.81292
36.077504,-79.009259,7,0.29,150.8,7.89,3924603,7.89,7.88854,-4.09113,4.08933,-0.63698,0.28604,-0.29245,88.36597,20.72493,-29.43584
36.077506,-79.009257,7,0.48,150.3,7.84,3925603,7.84,7.84248,-4.07558,4.15932,-0.5849,0.28863,-0.29459,81.77434,35.45747,-29.772
36.077503,-79.009255,7,0.33,150.6,7.84,3926603,7.84,7.83949,-4.09232,4.0995,-0.54367,0.26084,-0.22969,73.6919,45.70301,-37.97135
36.077501,-79.009255,7,0.22,151.1,7.89,3927603,7.89,7.89273,-4.05404,4.10608,-0.49679,0.21151,-0.2613,68.60567,47.23765,-48.56767
36.077502,-79.009254,7,0.14,150.9,7.9,3928603,7.9,7.89811,-4.08515,4.05284,-0.47266,0.20525,-0.21823,66.45718,41.53756,-58.69629
36.077502,-79.009256,8,0.2,151,7.89,3929603,7.89,7.88973,-4.1336,4.10549,-0.4131,0.25107,-0.17975,67.5095,32.46127,-65.36101
36.077502,-79.009255,8,0.38,150.8,7.9,3930603,7.9,7.89871,-4.066,4.14557,-0.38347,0.22755,-0.18509,70.91493,22.68343,-67.30488
36.077505,-79.009253,8,0.21,150.5,7.84,3931603,7.84,7.84367,-4.05284,4.10429,-0.38057,0.16829,-0.16234,75.67963,14.17714,-65.09792
36.077507,-79.00925,8,0.29,150.4,7.87,3932603,7.87,7.87239,-4.06421,4.09173,-0.35003,0.15577,-0.18738,81.0874,8.22859,-59.06168
36.077504,-79.009248,8,0.21,150.9,7.87,3933603,7.87,7.86999,-4.07498,4.15155,-0.33262,0.19105,-0.115,85.19438,5.40778,-51.46156
36.077503,-79.009247,8,0.1,151.2,7.9,3934603,7.9,7.89751,-4.11326,4.09113,-0.3204,0.13515,-0.11759,87.64981,5.49547,-45.4107
36.077497,-79.009245,8,0.3,152.2,7.89,3935603,7.89,7.88734,-4.07139,4.12283,-0.27611,0.16005,-0.16081,89.15521,8.94475,-37.88366
36.077494,-79.009245,8,0.24,152.8,7.9,3936603,7.9,7.89691,-4.09831,4.12702,-0.27596,0.13561,-0.12782,89.54984,13.66559,-34.06898
36.077492,-79.009245,7,0.31,152.5,7.85,3937603,7.85,7.85444,-4.05942,4.14138,-0.25717,0.12156,-0.12645,88.46828,19.16106,-29.84507
36.077491,-79.009244,7,0.32,152,7.87,3938603,7.87,7.867,-4.07916,4.16052,-0.24587,0.11652,-0.12309,86.84595,25.12423,-28.2812
36.077491,-79.009243,7,0.21,151.4,7.88,3939603,7.88,7.88315,-4.10249,4.12164,-0.2387,0.10705,-0.11072,83.99591,30.8974,-27.81351
36.077489,-79.009245,7,0.43,151.2,7.87,3940603,7.87,7.87298,-4.08335,4.0678,-0.22709,0.0759,-0.12706,81.75972,35.85209,-29.2166
36.077488,-79.009247,7,0.44,151,7.84,3941603,7.84,7.83649,-4.05883,4.12582,-0.21441,0.06903,-0.10721,78.86583,39.97369,-32.6805
36.077487,-79.009247,7,0.46,150.9,7.84,3942603,7.84,7.83709,-4.09651,4.11805,-0.18234,0.10797,-0.10003,75.41655,42.92604,-34.22976
36.077483,-79.009245,8,0.43,151.4,7.9,3943603,7.9,7.9011,-4.06002,4.12523,-0.18066,0.08216,-0.08888,73.73575,45.01608,-38.51213
36.077482,-79.009245,8,0.41,151.2,7.81,3944603,7.81,7.81137,-4.08036,4.12702,-0.16768,0.10064,-0.06582,71.67495,46.28764,-41.81526
36.077481,-79.009246,8,0.56,151,7.89,3945603,7.89,7.89452,-4.04566,4.133,-0.16173,0.07391,-0.0846,69.96492,46.36071,-45.83455
36.07748,-79.009246,8,0.52,150.7,7.91,3946603,7.91,7.91366,-4.08574,4.11027,-0.1689,0.08934,-0.05635,68.16721,46.69687,-49.04998
36.077477,-79.009248,8,0.66,150.9,7.88,3947603,7.88,7.87598,-4.10728,4.1677,-0.16142,0.08369,-0.09331,67.3195,46.03917,-52.2508
36.077476,-79.009247,8,0.51,150.7,7.89,3948603,7.89,7.89213,-4.0666,4.08634,-0.17074,0.06032,-0.08109,66.25256,44.37299,-55.48085
36.077479,-79.009248,8,0.36,149.9,7.88,3949603,7.88,7.88076,-4.07498,4.12044,-0.16554,0.07727,-0.05559,66.01871,42.73604,-58.38936
36.07748,-79.009249,8,0.4,149.3,7.9,3950603,7.9,7.90409,-4.10249,4.15274,-0.16585,0.08583,-0.05773,66.42795,40.22216,-60.75709
36.077479,-79.009246,8,0.72,149.3,7.87,3951603,7.87,7.8694,-4.0355,4.11266,-0.16386,0.07422,-0.08125,67.40719,37.57673,-62.6425
36.077479,-79.009243,8,0.39,149.1,7.78,3952603,7.78,7.78266,-4.12822,4.21914,-0.95249,0.53374,-0.55375,68.37182,30.59047,-66.72026
36.07748,-79.009242,8,0.4,148.9,7.92,3953603,7.92,7.92084,-4.12104,4.04088,-0.80634,0.39752,-0.35033,78.63198,10.56709,-61.67787
36.077479,-79.009243,8,0.24,149,7.91,3954603,7.91,7.91366,-4.03011,4.12343,-0.72189,0.33445,-0.31964,87.28442,5.83163,-46.05378
36.077478,-79.009244,8,0.29,149,7.87,3955603,7.87,7.87418,-4.09591,4.08335,-0.65286,0.31536,-0.2923,88.87753,14.83484,-33.00204
36.077479,-79.009239,8,0.24,148.8,7.88,3956603,7.88,7.88435,-4.06182,4.08634,-0.57742,0.25412,-0.29383,84.27361,29.94739,-28.10582
36.077478,-79.009236,8,0.24,148.8,7.88,3957603,7.88,7.87837,-3.99542,4.17129,-0.45968,0.2364,-0.23702,77.94505,40.33908,-34.05437
36.077479,-79.009236,8,0.03,148.5,8.36,3958603,8.36,8.35693,-4.12104,2.79123,-0.43402,-1.23929,-0.38607,76.20579,42.72143,-29.47968
36.077479,-79.009236,8,0.1,148.2,7.51,3959603,7.51,7.50928,-4.14018,4.68096,-0.03604,-0.06521,0.04795,74.15961,44.15376,-39.53522
36.077477,-79.009238,8,0.29,148.3,7.76,3960603,7.76,7.76351,-3.90389,4.2664,0.20571,-0.30009,-0.0814,77.7112,40.39754,-35.74978
36.077477,-79.009237,8,0.36,148,7.78,3961603,7.78,7.77787,-4.06481,4.1348,-0.15577,-0.15256,-0.03711,78.88045,40.23677,-33.64513
36.077477,-79.009237,7,0.24,147.9,8.09,3962603,8.09,8.08894,-4.00917,4.02652,-0.03146,-0.0368,-0.06368,78.77814,39.81292,-31.86203
36.077477,-79.009237,7,0.08,147.8,7.88,3963603,7.88,7.87837,-4.01097,4.1019,-0.11194,0.02291,-0.06216,77.74043,41.2891,-33.57205
36.077475,-79.009238,7,0.12,147.7,8.01,3964603,8.01,8.01297,-3.935,4.00798,-0.05177,-0.01909,0.02581,77.84274,40.70448,-33.86437
36.077474,-79.009238,7,0.15,147.6,8.1,3965603,8.1,8.10449,-4.05883,3.96072,-0.00199,0.03283,0.03665,78.39812,40.74832,-32.63666
36.077474,-79.009239,7,0.15,147.3,8,3966603,8,7.99921,-3.91466,3.97807,-0.02001,0.02169,0.01283,79.21661,38.99445,-32.12511
36.077473,-79.009239,7,0.07,147.2,8.09,3967603,8.09,8.08894,-3.84527,3.87458,-0.03268,-0.01924,-0.02566,79.47968,39.6083,-31.3651
36.077473,-79.00924,7,0.08,147,7.98,3968603,7.98,7.97647,-4.03789,3.88774,-0.07254,0.05818,-0.04337,78.79275,40.79217,-32.27127
36.077473,-79.009241,7,0.05,146.8,7.99,3969603,7.99,7.98724,-3.91944,4.00559,0.02337,-0.01436,-0.02306,77.94505,40.90909,-33.32359
36.077473,-79.00924,7,0.1,146.5,8.02,3970603,8.02,8.02373,-3.92243,3.96431,0.01985,-0.01497,0.02505,78.06197,40.39754,-32.53435
36.077472,-79.009239,7,0.13,146.5,8.09,3971603,8.09,8.09372,-3.84108,3.9003,-0.01176,-0.02337,-0.01604,79.81584,37.75212,-31.75972
36.077473,-79.009239,7,0.08,146.2,8.09,3972603,8.09,8.08954,-3.77827,4.01157,0.05528,0.01955,0.02077,80.04969,38.97983,-31.84741
36.077473,-79.009238,7,0.1,145.8,7.95,3973603,7.95,7.94836,-4.15334,3.91765,-0.19273,0.06765,-0.13271,78.10582,40.90909,-31.67202
36.077473,-79.009239,7,0.06,145.6,8.07,3974603,8.07,8.06501,-3.8333,3.9009,0.12431,-0.11683,-0.04612,77.88658,41.50833,-33.07512
36.077469,-79.009239,7,0.36,145.9,8.01,3975603,8.01,8.01237,-3.87996,4.01635,0.13439,-0.10996,0.03009,79.66969,38.36597,-31.26279
36.077467,-79.009238,7,0.2,146.2,7.96,3976603,7.96,7.96451,-4.00439,3.90987,-0.20174,0.02474,-0.08522,79.46507,39.62292,-31.56972
36.077464,-79.009237,7,0.36,146.3,8.02,3977603,8.02,8.02074,-3.92483,3.97627,0.0646,-0.01008,-0.01894,78.83659,40.29523,-32.84127
36.077461,-79.009237,7,0.29,146.4,8.13,3978603,8.13,8.13201,-3.70469,3.87278,0.01909,-0.05559,-0.00504,80.63432,36.52441,-31.23356
36.077459,-79.009237,7,0.25,146.5,8.15,3979603,8.15,8.14517,-3.7687,3.89073,-0.05696,0.0026,-0.06704,80.5174,37.37211,-30.38585
36.077456,-79.009236,7,0.22,146.9,8.13,3980603,8.13,8.13021,-3.9679,3.83689,0.00489,-0.07422,-0.07972,80.18124,37.76674,-30.16662
36.077453,-79.009233,7,0.51,147.3,8.18,3981603,8.18,8.17628,-3.76331,3.83749,-0.05009,-0.00641,0.0058,80.23969,38.0152,-31.29202
36.077449,-79.00923,7,0.81,147.7,8.17,3982603,8.17,8.1673,-3.64965,3.9344,0.07239,-0.05315,-0.00168,81.10202,36.31979,-30.50278
36.077446,-79.009228,7,0.71,148,8.1,3983603,8.1,8.1015,-3.77767,3.81356,-0.19868,0.07758,-0.06674,80.47355,37.98597,-31.75972
36.077444,-79.009227,7,0.24,148.4,8.11,3984603,8.11,8.10569,-3.85603,3.84586,-0.21319,0.15256,-0.02367,77.63812,41.49371,-32.69512
36.07744,-79.009227,7,0.26,148.9,8.04,3985603,8.04,8.04407,-4.05225,3.76929,0.13622,-0.07697,0.0391,78.10582,40.25139,-31.56972
36.077435,-79.00923,7,0.29,149.3,8.1,3986603,8.1,8.09552,-3.82732,3.95534,0.03421,-0.00855,-0.01588,80.60509,37.05057,-30.53201
36.077429,-79.009227,7,0.52,149.9,8.15,3987603,8.15,8.14517,-3.71426,3.8351,-0.03146,0.01985,-0.04383,80.41508,38.84829,-31.04355
36.077426,-79.009223,7,0.29,150.4,8.09,3988603,8.09,8.09253,-3.76092,3.91944,-0.03604,-0.0255,-0.06857,79.64046,38.55598,-31.10202
36.077427,-79.009219,7,0.09,150.6,8.3,3989603,8.3,8.30309,-3.56531,3.71426,-0.03039,-0.0026,-0.0339,81.07278,37.41596,-29.15814
36.077422,-79.009216,7,0.21,150.9,8.16,3990603,8.16,8.15893,-3.87518,3.76092,-0.30085,0.15577,-0.02199,78.38351,41.06986,-32.38819
36.07742,-79.009214,7,0.05,151.4,8.04,3991603,8.04,8.04407,-3.94457,3.88654,0.13653,-0.05864,-0.00565,77.49197,41.91757,-32.35896
36.077417,-79.00921,7,0.21,152,8,3992603,8,8.00399,-3.92782,4.0331,-0.0449,0.01451,-0.00214,77.46273,41.62526,-34.21514
36.077414,-79.009208,7,0.25,153.1,8.05,3993603,8.05,8.04587,-3.95414,3.94218,-0.04368,-0.03238,-0.01115,77.50658,41.69833,-33.73283
36.077413,-79.009205,7,0.45,153.8,8.03,3994603,8.03,8.02732,-3.90748,3.95653,-0.00107,-0.00855,-0.00886,78.03274,41.52295,-33.55744
36.077403,-79.009201,7,0.15,155,8.07,3995603,8.07,8.07159,-3.93141,3.90329,-0.06399,0.06811,-0.03848,77.69658,41.63987,-33.03128
36.077398,-79.009198,7,0.06,156,8.04,3996603,8.04,8.03869,-3.94457,3.84826,0.00367,0.07926,-0.00092,77.98889,41.09909,-33.04589
36.077393,-79.009196,7,0.1,157.2,8.04,3997603,8.04,8.04288,-3.89731,3.95893,-0.02001,0.05101,0.01878,77.82812,41.34756,-33.3382
36.077388,-79.009195,7,0.16,158.3,8.01,3998603,8.01,8.00519,-3.97029,3.98704,0.00092,0.01084,-0.01038,77.66735,41.61064,-34.3613
36.077385,-79.009193,7,0.03,159.3,8,3999603,8,7.99801,-3.97627,3.98465,-0.02627,-0.01176,-0.00748,76.89272,42.1368,-34.31745
36.077381,-79.009192,7,0.1,160.2,8.02,4000603,8.02,8.02373,-3.97448,3.95952,-0.03024,-0.01558,-0.00657,77.87196,41.78603,-33.41128
36.077375,-79.009191,7,0.24,161.1,8.05,4001603,8.05,8.04527,-3.9332,3.96969,0.03253,-0.02627,-0.01298,78.31043,40.36831,-33.8936
36.077372,-79.009189,7,0.23,161.8,8.08,4002603,8.08,8.07578,-3.8351,3.89851,-0.01313,0.02199,-0.0026,78.60275,39.71061,-32.41742
36.077366,-79.009188,7,0.39,162.9,7.96,4003603,7.96,7.95554,-3.91526,3.98764,-0.19899,0.13088,-0.05085,77.33119,41.82988,-33.90821
36.077362,-79.009187,7,0.31,164.1,7.97,4004603,7.97,7.97289,-3.97508,4.04746,0.08048,-0.02657,0.06643,77.7112,41.59602,-35.209
36.077357,-79.009187,7,0.18,165.5,8.01,4005603,8.01,8.01237,-4.04447,4.00559,-0.04948,0.05986,-0.00229,78.45659,41.2014,-33.32359
36.077353,-79.009186,7,0.32,166.8,8.03,4006603,8.03,8.0345,-3.93619,3.97149,-0.03253,0.01008,-0.02673,77.81351,41.82988,-34.1713
36.077349,-79.009186,7,0.36,168.2,7.98,4007603,7.98,7.97767,-3.98644,4.00499,-0.03375,0.02092,-0.00535,77.78428,41.43525,-34.34668
36.077345,-79.009188,7,0.25,169.4,7.96,4008603,7.96,7.95853,-3.98166,4.06062,0.00229,0.03711,0.00275,77.79889,41.42064,-34.30284
36.077342,-79.009188,7,0.17,170.5,7.99,4009603,7.99,7.98664,-3.95713,4.02473,-0.02627,0.01985,0.01008,77.50658,41.52295,-33.92283
36.077338,-79.00919,7,0.16,171.3,7.97,4010603,7.97,7.97109,-4.02951,4.00917,-0.00107,-0.011,-0.02856,77.95966,42.44373,-34.12745
36.077336,-79.009191,7,0.32,171.8,8.06,4011603,8.06,8.06022,-3.94696,3.90748,-0.03864,-0.04872,-0.01436,77.27273,41.59602,-34.60976
36.077334,-79.009193,7,0.29,172.6,8,4012603,8,7.99622,-3.94457,4.00738,0.07361,-0.04597,0.02673,78.5589,41.84449,-34.75592
36.07733,-79.009195,7,0.29,173.4,8.04,4013603,8.04,8.04048,-3.94995,3.95175,-0.01985,-0.01237,-0.01985,79.3043,39.65215,-31.78895
36.077326,-79.009197,7,0.36,174,7.99,4014603,7.99,7.98605,-4.07139,3.98285,-0.19059,0.07239,-0.073,77.94505,41.25987,-32.6805
36.077323,-79.0092,7,0.33,174.9,8.02,4015603,8.02,8.01655,-3.99183,3.97209,-0.07437,0.0029,-0.01542,76.54195,42.6045,-36.64133
36.077321,-79.009203,7,0.35,175.6,8.09,4016603,8.09,8.08535,-3.88953,3.92662,0.17425,-0.05376,0.05681,77.85735,41.44987,-34.28822
36.077318,-79.009204,7,0.29,176.5,7.99,4017603,7.99,7.98904,-3.97508,4.01037,-0.02566,0.06384,0.02337,79.28968,40.14908,-32.43204
36.077315,-79.009204,7,0.69,177.3,7.99,4018603,7.99,7.98545,-3.97627,4.00379,-0.14569,0.09468,0.00275,77.93044,40.80678,-33.83514
36.077314,-79.009207,7,0.4,177.9,8.03,4019603,8.03,8.03271,-3.95294,3.92124,-0.04459,-0.0084,0.03665,76.55656,42.53143,-34.39053
36.077314,-79.00921,7,0.16,178.4,8.03,4020603,8.03,8.03031,-4.03669,3.88295,0.08644,-0.00779,0.04261,78.06197,40.29523,-33.01666
36.077313,-79.009214,7,0.29,178.9,8,4021603,8,8.001,-4.06959,3.86441,-0.08796,0.08002,-0.06338,78.63198,41.0114,-33.08974
36.077312,-79.009219,7,0.3,179.4,8.14,4022603,8.14,8.14397,-3.91885,3.72383,0.01939,0.00504,0.01069,77.12657,41.87372,-34.06898
36.077311,-79.009223,7,0.35,179.9,8.1,4023603,8.1,8.09791,-3.90808,3.89252,0.02489,0.06597,0.031,77.55042,41.8591,-33.86437
36.07731,-79.009229,7,0.63,180.5,8.09,4024603,8.09,8.09193,-3.83988,3.94337,0.14478,-0.00687,0.11393,79.26045,39.22829,-32.89974
36.077309,-79.009237,7,0.98,180.9,8.04,4025603,8.04,8.04228,-3.98704,3.86501,-0.13622,0.06597,-0.08262,79.62584,39.08214,-31.56972
36.077309,-79.009243,7,0.81,181.1,8.26,4026603,8.26,8.25584,-3.84646,3.82792,-0.1266,0.06521,-0.06521,77.50658,41.0114,-34.37592
36.077309,-79.009247,7,0.52,181.5,8.11,4027603,8.11,8.10868,-3.91944,3.72742,0.00886,-0.00504,0.03192,78.86583,37.41596,-32.56358
36.077307,-79.009253,7,0.6,182.2,8.02,4028603,8.02,8.02314,-3.98824,3.93081,-0.02169,0.00137,0.0087,82.12511,40.64601,-33.11897
36.077306,-79.009261,7,0.98,182.6,8.11,4029603,8.11,8.11107,-3.82134,3.87219,0.02917,-0.02718,0.0026,78.60275,40.58755,-33.70359
36.077306,-79.009266,7,0.79,183.2,8.12,4030603,8.12,8.11586,-3.77647,3.89492,0.10858,0.00535,0.05315,80.64893,37.7375,-31.56972
36.077305,-79.009267,7,0.36,183.4,8.05,4031603,8.05,8.04766,-3.91346,3.88116,-0.16066,0.07651,-0.06643,79.772,38.6729,-31.84741
36.077304,-79.009267,7,0.45,183.7,8.07,4032603,8.07,8.068,-4.03669,3.78903,-0.20097,0.09697,-0.05147,77.36042,41.80064,-33.48436
36.077305,-79.009272,7,0.33,183.8,8.09,4033603,8.09,8.09312,-3.96012,3.8351,0.05147,0.02428,0.01497,77.59427,41.69833,-33.44051
36.077303,-79.009274,7,0.4,184.3,8.12,4034603,8.12,8.12004,-3.86979,3.80758,0.06063,-0.04902,0.02382,78.41275,40.32447,-32.12511
36.077301,-79.009277,7,0.52,184.5,8.09,4035603,8.09,8.09253,-3.88594,3.82672,0.06307,-0.0171,-0.02627,80.69278,37.62058,-30.32739
36.077302,-79.00928,7,0.18,184.4,8.12,4036603,8.12,8.12303,-3.80279,3.86381,-0.0339,0.03604,-0.0672,79.99123,38.14674,-30.97047
36.077302,-79.00928,7,0.22,184.5,8.18,4037603,8.18,8.17807,-3.81775,3.77587,0.01161,0.01588,-0.00962,79.61122,38.92137,-31.2774
36.077303,-79.009282,7,0.15,184.6,8.11,4038603,8.11,8.11047,-3.85185,3.85005,-0.02856,0.03085,-0.02993,79.80122,39.35984,-31.17509
36.077303,-79.009283,7,0.21,184.5,8.05,4039603,8.05,8.05304,-3.98943,3.81835,-0.1631,0.02291,-0.05467,78.47121,40.66063,-32.34435
36.077304,-79.009287,7,0.03,184.5,8.09,4040603,8.09,8.09133,-3.9661,3.77587,0.03497,-0.011,0.01772,77.6235,42.29757,-33.92283
36.077305,-79.009291,7,0.18,184.2,8.04,4041603,8.04,8.04108,-3.89252,3.89312,0.02199,-0.01191,0.01497,78.00351,41.43525,-33.73283
36.077305,-79.009293,7,0.35,184.4,8.05,4042603,8.05,8.05125,-3.81476,3.94397,0.08751,-0.05177,0.08216,79.56738,39.43291,-32.7682
36.077305,-79.009295,7,0.25,184.5,8.04,4043603,8.04,8.04228,-3.98884,3.88893,-0.13897,0.0394,-0.06658,79.43584,39.06752,-31.56972
36.077305,-79.009302,7,0.31,184.5,8.04,4044603,8.04,8.03988,-3.94636,3.90748,-0.10904,0.09163,-0.03986,77.9012,41.15755,-34.20052
36.077305,-79.009304,7,0.12,184.7,8.06,4045603,8.06,8.06321,-3.95653,3.8351,0.02611,0.03833,-0.01604,77.28734,41.68372,-33.30898
36.077305,-79.009309,7,0.28,184.9,8.08,4046603,8.08,8.08295,-3.97627,3.7687,-0.02428,0.0307,0.00061,77.46273,41.68372,-33.82052
36.077306,-79.00931,7,0.22,185.2,8.05,4047603,8.05,8.05005,-3.85244,3.91406,0.08491,0.01023,0.00137,77.66735,41.08448,-33.73283
36.077304,-79.009315,7,0.54,185.5,8,4048603,8,8.00339,-4.05763,3.88834,-0.15424,0.04047,-0.03818,77.91581,41.58141,-33.4259
36.077301,-79.009319,7,0.33,186.1,8.17,4049603,8.17,8.17149,-3.90808,3.71605,-0.00244,-0.02535,-0.02016,77.9012,41.2891,-33.20667
36.077298,-79.009321,7,0.26,186.8,8.07,4050603,8.07,8.07219,-3.92004,3.78006,-0.02306,-0.0339,0.01222,78.54428,41.39141,-33.39667
36.077296,-79.009322,7,0.26,187.4,8.09,4051603,8.09,8.08595,-4.00379,3.84527,-0.05177,0.03742,-0.04337,78.00351,41.15755,-32.73896
36.077294,-79.009319,7,0.16,188,8.02,4052603,8.02,8.02373,-3.92064,3.95833,-0.02795,-0.00061,-0.01374,77.7112,41.55218,-34.81438
36.077287,-79.009322,7,0.46,189.2,8.09,4053603,8.09,8.08535,-3.93201,3.88714,-0.03619,-0.01878,-0.00993,77.38965,41.53756,-33.30898
36.077284,-79.009321,7,0.14,190.1,8.1,4054603,8.1,8.10389,-3.92423,3.76212,-0.03299,-0.02138,-0.01023,77.50658,41.87372,-33.38205
36.077281,-79.009314,7,0.37,190.7,8.13,4055603,8.13,8.12961,-3.96072,3.70529,-0.00947,0.01542,-0.02153,77.84274,41.53756,-32.08126
36.077274,-79.009311,7,0.49,191.7,8.09,4056603,8.09,8.09193,-3.8991,3.75673,0.01054,-0.04459,0.02169,77.60889,42.25373,-33.2359
36.077268,-79.009311,7,0.81,193,8.08,4057603,8.08,8.08295,-3.92363,3.80279,-0.0307,-0.02489,-0.00122,77.50658,41.97603,-34.15668
36.077262,-79.00931,7,0.84,194.1,8.18,4058603,8.18,8.17687,-3.91825,3.6329,0.07086,-0.00779,-0.02291,79.01199,41.2014,-31.43818
36.077257,-79.009309,7,0.56,194.8,8.05,4059603,8.05,8.04826,-4.05105,3.80339,-0.11729,0.01283,-0.06384,77.37504,42.23911,-34.22976
36.077254,-79.009311,7,0.58,195.2,8.13,4060603,8.13,8.13261,-3.98106,3.6676,0.08216,-0.05284,0.09636,76.99503,42.51681,-33.39667
36.077254,-79.009309,6,0.71,194.8,8.1,4061603,8.1,8.09731,-3.87757,3.88774,0.23427,-0.05834,0.15272,80.82432,37.7375,-30.53201
36.077256,-79.009306,6,0.38,194.5,8.05,4062603,8.05,8.04826,-3.77827,4.07318,0.31169,-0.13653,0.14645,83.80591,31.49664,-28.86583
36.077258,-79.009301,6,0.28,193.6,7.98,4063603,7.98,7.97588,-3.68315,4.28495,0.77962,-0.3259,0.23442,89.11137,18.02105,-30.83894
36.077259,-79.009297,6,0.44,192.9,7.63,4064603,7.63,7.62952,-3.6658,4.88375,0.68157,-0.40057,0.21915,87.26981,4.7793,-48.37767
36.07726,-79.009295,6,0.31,192.6,7.85,4065603,7.85,7.85085,-3.8997,4.41416,0.19364,-0.21777,0.09148,83.36744,6.03625,-56.38702
36.077261,-79.009291,6,0.2,192,7.73,4066603,7.73,7.72822,-4.21496,4.34477,0.25458,-0.22281,0.18402,79.74277,10.66939,-61.64864
36.077261,-79.009287,7,0.18,192.2,7.83,4067603,7.83,7.82752,-4.19103,4.21556,0.18845,-0.10828,0.13485,75.63578,16.51564,-65.18562
36.07726,-79.009284,6,0.31,192.5,7.74,4068603,7.74,7.74258,-4.14078,4.39083,-0.26771,0.16371,-0.1405,75.06577,15.62409,-66.58871
36.07726,-79.009283,6,0.29,192.8,7.68,4069603,7.68,7.68276,-4.28614,4.30708,-0.00122,0.02566,0.00153,77.37504,13.21251,-64.79099
36.077261,-79.00928,6,0.17,192.9,7.7,4070603,7.7,7.69771,-4.31725,4.31905,0.11973,-0.10873,0.09209,73.98421,16.96872,-65.78486
36.077261,-79.009279,6,0.12,192.9,7.76,4071603,7.76,7.76112,-4.18923,4.25025,-0.10476,0.08583,-0.042,74.59807,16.55949,-66.1064
36.077261,-79.00928,6,0.22,192.7,7.77,4072603,7.77,7.76531,-4.23889,4.27119,-0.00046,0.01848,0.02489,74.42268,17.29027,-66.12102
36.077261,-79.00928,6,0.24,192.7,7.7,4073603,7.7,7.69651,-4.20419,4.38724,-0.00137,0.04215,0.01115,74.52499,16.53025,-65.24408
36.077261,-79.009281,7,0.24,193,7.79,4074603,7.79,7.79283,-4.12283,4.2682,-0.03085,0.07071,0.01436,74.99269,16.5741,-66.42795
36.07726,-79.009284,7,0.13,193.3,7.74,4075603,7.74,7.73779,-4.13899,4.36331,-0.00321,0.03375,0.01833,75.095,16.3841,-65.39024
36.07726,-79.009286,7,0.09,193.7,7.7,4076603,7.7,7.70489,-4.28435,4.31665,0.01344,0.01924,0.01084,74.61269,16.88103,-66.17948
36.077259,-79.009288,7,0.21,194.2,7.66,4077603,7.66,7.66182,-4.23171,4.40339,0.01237,0.02825,-0.02978,74.87576,16.82257,-65.17101
36.077258,-79.00929,7,0.17,194.7,7.73,4078603,7.73,7.72762,-4.24547,4.2012,-0.01924,0.03238,0.00718,74.70038,16.41333,-65.40485
36.077258,-79.009292,7,0.17,195.2,7.69,4079603,7.69,7.69053,-4.2329,4.36092,-0.03955,0.02978,-0.03604,74.68576,15.97486,-66.88103
36.077258,-79.009293,7,0.25,195.6,7.7,4080603,7.7,7.70369,-4.20239,4.34058,-0.03772,0.00443,-0.0171,74.94884,15.88717,-66.09179
36.077258,-79.009294,7,0.2,195.9,7.75,4081603,7.75,7.75454,-4.17906,4.28495,-0.01985,0.03467,0.01206,75.19731,16.44256,-65.37562
36.077258,-79.009296,7,0.3,196.1,7.68,4082603,7.68,7.67737,-4.31486,4.36989,-0.00672,0.03558,0.02566,74.75884,16.86641,-65.93102
36.077259,-79.009297,7,0.29,196.1,7.73,4083603,7.73,7.73121,-4.25803,4.28854,-0.02978,0.01726,-0.00244,74.70038,16.70564,-66.01871
36.07726,-79.009297,7,0.17,196,7.73,4084603,7.73,7.72762,-4.28315,4.29033,-0.00321,0.03009,-0.01955,74.5396,16.64718,-66.28179
36.077261,-79.009297,6,0.24,195.8,7.78,4085603,7.78,7.77847,-4.25444,4.23051,-0.00061,-0.03314,-0.02489,74.27653,16.99795,-64.76176
36.077262,-79.009297,6,0.29,195.5,7.8,4086603,7.8,7.79881,-4.17787,4.20658,-0.06414,-0.00458,-0.01237,75.13885,16.48641,-64.29407
36.077263,-79.009296,6,0.35,195.2,7.78,4087603,7.78,7.78445,-4.1683,4.25863,-0.09835,0.05315,-0.06872,76.08887,14.54253,-64.71792
36.077264,-79.009296,6,0.2,194.7,7.72,4088603,7.72,7.71685,-4.19402,4.31964,0.08369,0.00076,0.05635,75.54808,15.20023,-65.2587
36.077265,-79.009298,7,0.12,194.3,7.7,4089603,7.7,7.7007,-4.2347,4.42911,-0.08415,0.09102,-0.00809,74.18884,17.15873,-66.91026
36.077267,-79.009299,7,0.17,193.9,7.63,4090603,7.63,7.63131,-4.25982,4.4327,0.08308,-0.00199,0.05467,74.13037,16.60333,-67.15872
36.077267,-79.009298,7,0.3,193.6,7.67,4091603,7.67,7.66601,-4.28555,4.41356,-0.07926,0.00702,-0.03787,73.86729,17.29027,-66.99795
36.077269,-79.009297,7,0.23,193.2,7.76,4092603,7.76,7.75873,-4.15215,4.3017,-0.03467,-0.00367,-0.0171,74.84653,16.92488,-66.2964
36.07727,-79.009297,7,0.23,192.9,7.75,4093603,7.75,7.75394,-4.15155,4.35853,-0.05085,0.01344,-0.00947,74.26191,16.50102,-66.61795
36.077271,-79.009297,7,0.24,192.9,7.69,4094603,7.69,7.69412,-4.21256,4.37288,-0.01145,0.0171,0.00611,74.37884,16.13563,-66.91026
36.077272,-79.009296,7,0.25,192.6,7.72,4095603,7.72,7.72044,-4.23948,4.32921,-0.00031,0.06093,0.0168,74.36422,16.32564,-65.88716
36.077273,-79.009295,7,0.14,192.5,7.66,4096603,7.66,7.65584,-4.30289,4.37587,-0.03497,0.01115,-0.02306,73.57498,16.92488,-66.61795
36.077274,-79.009294,7,0.35,192.6,7.78,4097603,7.78,7.78325,-4.14497,4.23889,-0.04643,-0.00977,0.00046,74.80269,16.55949,-66.74949
36.077276,-79.009294,7,0.41,192.5,7.73,4098603,7.73,7.7342,-4.16949,4.33161,-0.04948,0.0029,-0.0391,74.93423,15.74101,-66.06256
36.077277,-79.009296,7,0.18,192.1,7.66,4099603,7.66,7.66002,-4.27179,4.35434,0.03818,-0.02153,-0.0197,74.24729,16.5741,-66.47179
36.077277,-79.009297,7,0.51,192,7.69,4100603,7.69,7.69352,-4.25803,4.3675,-0.02031,-0.01176,-0.04123,73.9696,17.3195,-66.88103
36.077278,-79.009298,7,0.4,191.8,7.73,4101603,7.73,7.73181,-4.15155,4.41536,-0.05849,-0.00107,0.02123,74.74422,16.58872,-67.0418
36.077279,-79.0093,7,0.05,191.2,7.7,4102603,7.7,7.70429,-4.21675,4.38604,-0.03421,-0.00473,0.02138,73.6919,17.34873,-66.3841
36.07728,-79.009303,7,0.07,191.1,7.71,4103603,7.71,7.71446,-4.22273,4.36331,-0.01527,0.02871,0.00611,73.67729,16.92488,-66.00409
36.077281,-79.009303,7,0.24,190.8,7.84,4104603,7.84,7.84367,-4.08754,4.24367,-0.0449,0.02489,0.00168,74.32037,16.3841,-66.51564
36.077281,-79.009304,7,0.17,190.7,7.73,4105603,7.73,7.72642,-4.19163,4.36511,0.00779,0.03772,0.02077,74.45192,16.66179,-66.60333
36.077283,-79.009304,7,0.18,190.4,7.71,4106603,7.71,7.70549,-4.19821,4.38664,-0.00565,0.00947,-0.01405,73.38498,16.66179,-66.64718
36.077284,-79.009307,7,0.02,189.7,7.75,4107603,7.75,7.75394,-4.12941,4.36989,-0.02138,0.07162,0.00244,74.48115,16.22333,-66.89565
36.077287,-79.009309,7,0.09,188.8,7.71,4108603,7.71,7.71386,-4.2018,4.38365,-0.00962,0.04505,0.02841,74.55422,17.24642,-66.22333
36.077289,-79.009309,7,0.47,188.5,7.72,4109603,7.72,7.72104,-4.17308,4.38365,-0.02275,0.05452,0.00321,74.29115,16.48641,-66.98334
36.07729,-79.009312,7,0.55,187.7,7.69,4110603,7.69,7.69113,-4.24965,4.37647,-0.01542,0.03726,0.01222,74.46653,17.61181,-66.73487
36.077294,-79.009312,7,0.22,187.1,7.72,4111603,7.72,7.72044,-4.23709,4.32742,-0.00962,0.00244,-0.02001,73.92575,17.52412,-66.17948
36.077296,-79.009312,7,0.22,186.9,7.75,4112603,7.75,7.74975,-4.18804,4.34118,-0.01558,0.02184,-0.00672,74.13037,17.10026,-66.23795
36.0773,-79.00931,7,0.36,186.6,7.69,4113603,7.69,7.68634,-4.23948,4.33938,-0.02459,0.01787,0.01313,74.21806,17.53873,-66.74949
36.077303,-79.00931,7,0.13,186,7.71,4114603,7.71,7.70967,-4.21795,4.34955,-0.02642,0.03207,0.01206,73.82345,17.2318,-68.09412
36.077307,-79.009307,7,0.33,185.6,7.78,4115603,7.78,7.78325,-4.14796,4.32024,-0.00092,0.00993,-0.01023,74.27653,17.17334,-66.06256
36.077308,-79.009303,7,0.56,185.6,7.79,4116603,7.79,7.78565,-4.13599,4.26401,-0.03864,0.05177,0.03528,75.18269,16.88103,-66.77872
36.077309,-79.009305,7,0.14,185.3,7.81,4117603,7.81,7.80898,-4.17906,4.21376,-0.00687,0.01069,0.03192,75.16808,16.74949,-65.24408
36.077312,-79.009302,7,0.55,185.1,7.67,4118603,7.67,7.66541,-4.32383,4.29631,0.02718,0.01298,0.01924,74.78808,17.05642,-66.34025
36.07731,-79.009298,7,0.58,185.5,7.7,4119603,7.7,7.7013,-4.25863,4.37049,-0.03864,-0.02627,-0.04459,73.67729,17.45104,-66.09179
36.077311,-79.009299,7,0.22,185.7,7.75,4120603,7.75,7.75215,-4.21556,4.24905,-0.03375,0.0255,-0.00046,74.74422,17.55335,-66.70564
36.077308,-79.009301,7,0.17,185.7,7.7,4121603,7.7,7.70309,-4.24307,4.39621,-0.10079,0.09591,-0.02169,75.73809,15.05408,-66.16486
36.077308,-79.009299,7,0.16,185.9,7.77,4122603,7.77,7.77189,-4.17368,4.30409,-0.05803,0.07055,-0.03406,76.65887,13.53405,-64.49869
36.077307,-79.009296,7,0.25,186.1,7.72,4123603,7.72,7.71506,-4.20539,4.33938,0.00962,0.04627,0.00626,76.87811,12.94943,-65.46332
36.077303,-79.009293,7,0.49,186.7,7.71,4124603,7.71,7.71027,-4.1659,4.36571,-0.02841,0.04108,-0.00916,76.45425,13.69483,-64.93715
36.077302,-79.009292,7,0.41,187,7.69,4125603,7.69,7.69053,-4.17906,4.41236,0.06078,0.01298,0.04246,75.63578,13.72406,-65.0687
36.0773,-79.00929,7,0.48,187.1,7.77,4126603,7.77,7.77249,-3.99242,4.30289,0.11133,-0.0588,0.05956,74.46653,17.0418,-65.52177
36.077297,-79.009296,7,0.33,187.6,7.76,4127603,7.76,7.75873,-4.18086,4.26461,-0.04307,0.02443,-0.00107,73.75037,17.93335,-65.46332
36.077294,-79.009297,7,0.35,187.8,7.69,4128603,7.69,7.69113,-4.27418,4.35015,-0.03054,-0.00641,-0.02031,74.26191,17.71412,-66.07717
36.077292,-79.009303,7,0.37,188.3,7.66,4129603,7.66,7.66242,-4.3023,4.38963,-0.03146,-0.02581,-0.04016,73.86729,18.6349,-67.20258
36.077292,-79.009303,7,0.32,188.7,7.76,4130603,7.76,7.76292,-4.21496,4.25683,-0.0452,-0.01512,-0.02718,74.32037,18.03566,-66.28179
36.07729,-79.009305,6,0.22,188.7,7.72,4131603,7.72,7.72343,-4.25863,4.32503,-0.02978,-0.01008,-0.01756,73.76498,17.90412,-66.19409
36.077287,-79.009311,6,0.31,188.7,7.75,4132603,7.75,7.74916,-4.22094,4.23231,-0.01298,0.00367,-0.01604,73.89652,18.13797,-65.93102
36.077284,-79.009311,6,0.23,189.1,7.76,4133603,7.76,7.75633,-4.19761,4.32862,-0.02688,0.01894,-0.00687,73.85268,18.15259,-65.9164
36.077282,-79.009308,6,0.4,189.3,7.7,4134603,7.7,7.69711,-4.27298,4.334,0.00092,0.03467,-0.0142,73.9696,17.59719,-66.34025
36.077279,-79.009306,6,0.54,189.5,7.7,4135603,7.7,7.69532,-4.26999,4.36391,-0.03512,-0.01054,-0.01665,73.12189,17.90412,-66.92487
36.077277,-79.009309,6,0.35,189.7,7.73,4136603,7.73,7.73181,-4.2664,4.2993,0.02841,0.01756,-0.00367,74.18884,18.54721,-67.33411
36.07727,-79.009314,7,0.41,190.1,7.65,4137603,7.65,7.65045,-4.32443,4.39621,-0.00932,0.00137,-0.03528,73.07805,19.04414,-66.54488
36.077261,-79.009317,7,0.61,190.2,7.65,4138603,7.65,7.64926,-4.36032,4.37049,0.01497,0.00687,-0.01894,72.52265,18.97106,-67.18796
36.077258,-79.009316,6,0.37,190.7,7.73,4139603,7.73,7.7348,-4.18804,4.35314,-0.04475,0.00901,-0.03925,73.13651,18.50336,-66.41333
36.077258,-79.009315,6,0.29,190.9,7.69,4140603,7.69,7.69113,-4.21675,4.33639,-0.02459,-0.00214,-0.01023,73.28266,18.34259,-66.3841
36.077255,-79.009322,5,0.68,191.4,7.71,4141603,7.71,7.70609,-4.24905,4.34417,-0.04016,0.02963,0.01038,72.81496,18.86875,-67.11488
36.077251,-79.009323,6,0.66,191.7,7.74,4142603,7.74,7.73958,-4.22453,4.24726,-0.05024,0.03024,-0.00779,73.10728,18.38644,-66.86642
36.077254,-79.009314,6,0.44,192.1,7.74,4143603,7.74,7.73958,-4.24068,4.27777,-0.03696,0.0307,0.00962,72.97574,19.02952,-66.74949
36.07725,-79.009315,6,0.31,192.5,7.71,4144603,7.71,7.70668,-4.25803,4.32921,-0.00932,0.00702,-0.01252,72.96112,18.51798,-67.62642
36.077251,-79.009311,6,0.64,192.6,7.75,4145603,7.75,7.74617,-4.17488,4.34955,-0.01359,0.02428,-0.01604,73.10728,17.58258,-67.18796
36.077247,-79.00931,6,0.63,193.1,7.73,4146603,7.73,7.73001,-4.19641,4.35913,-0.0281,0.01252,-0.02505,73.28266,17.40719,-66.61795
36.077243,-79.009315,6,0.12,193.3,7.71,4147603,7.71,7.71326,-4.28255,4.27896,-0.02001,0.02245,0.00748,73.26805,18.28413,-66.92487
36.077242,-79.009314,6,0.09,193.5,7.75,4148603,7.75,7.74557,-4.16351,4.27059,-0.09209,0.01756,-0.05803,74.29115,17.53873,-65.98948
36.077243,-79.00931,6,0.24,193.7,7.69,4149603,7.69,7.69472,-4.28315,4.30469,0.01268,-0.01283,0.04276,74.97808,16.7641,-66.50102
36.077245,-79.009307,5,0.26,193.8,7.66,4150603,7.66,7.66002,-4.31127,4.35374,0.07834,-0.04994,0.04719,73.23882,18.45951,-67.77258
36.077246,-79.009306,5,0.23,193.8,7.69,4151603,7.69,7.68934,-4.2341,4.34776,0.00351,0.03742,0.00428,73.19498,18.73721,-67.29027
36.077249,-79.009296,5,0.53,193.8,7.6,4152603,7.6,7.6026,-4.34955,4.41536,0.00458,0.00702,-0.00168,72.40573,19.02952,-66.89565
36.077252,-79.009287,5,0.96,193.9,7.63,4153603,7.63,7.6349,-4.32323,4.35613,0.02306,0.01084,-0.02138,72.78574,19.19029,-67.45103
36.077254,-79.009281,5,0.77,194,7.63,4154603,7.63,7.63011,-4.32263,4.39502,-0.08231,-0.00137,-0.04108,72.47881,18.97106,-67.02719
36.077261,-79.009267,6,0.96,193.9,7.71,4155603,7.71,7.71267,-4.21137,4.36271,-0.06643,-0.01756,-0.11683,74.02806,17.15873,-66.2964
36.07727,-79.009252,6,1.36,193.9,7.79,4156603,7.79,7.79043,-4.12822,4.2664,0,-0.04078,-0.00519,74.02806,17.55335,-66.32564
36.077277,-79.009241,6,1.58,193.9,7.74,4157603,7.74,7.73958,-4.22692,4.29631,-0.00275,0.0339,-0.00473,73.28266,19.07337,-66.93949
36.077277,-79.009241,6,1.58,193.2,7.71,4157803,7.71,7.70908,-4.26162,4.31127,0.01924,-0.00901,-0.01955,73.45805,18.76644,-66.93949
36.077292,-79.00922,6,2.11,193.2,7.72,4158603,7.72,7.71865,-4.21436,4.2999,-0.0368,-0.00107,-0.03497,72.81496,18.85414,-67.18796
36.077292,-79.00922,6,2.11,192.5,7.72,4158803,7.72,7.71805,-4.23111,4.31785,-0.02596,-0.00993,-0.02199,72.91727,18.41567,-66.93949
36.077298,-79.009213,6,1.53,192.5,7.77,4159603,7.77,7.7683,-4.2006,4.28854,-0.03161,-0.00015,-0.01038,72.66881,18.34259,-65.96024
36.077298,-79.009213,6,1.53,191.8,7.73,4159803,7.73,7.72942,-4.19522,4.34237,-0.02688,-0.02352,-0.03833,72.93189,18.47413,-66.86642
36.077297,-79.009215,6,0.97,191.2,7.76,4160603,7.76,7.75753,-4.24307,4.28375,-0.01649,0.02138,0.00275,73.29728,18.57644,-65.56562
36.077297,-79.009215,6,0.83,190.7,7.72,4161603,7.72,7.72224,-4.12523,4.39741,-0.1069,0.07346,-0.01726,73.28266,17.36334,-67.10027
36.0773,-79.009214,7,0.66,190.5,7.7,4162603,7.7,7.7007,-4.24487,4.34896,0.04963,-0.00489,0.06597,73.60421,17.67027,-66.99795
36.07729,-79.009232,7,0.58,190.3,7.64,4163603,7.64,7.64387,-4.37109,4.33879,-0.07376,0.08415,0.0026,72.33265,19.71646,-68.02105
36.077289,-79.009237,7,0.74,190.1,7.7,4164603,7.7,7.69711,-4.25264,4.2658,0.02062,0.03085,0.02352,73.29728,19.49722,-66.67641
36.077293,-79.009236,7,0.43,189.6,7.7,4165603,7.7,7.69891,-4.32024,4.29033,0.01588,0.05971,0.01802,72.55189,19.36568,-66.76411
36.077298,-79.009231,7,0.05,189.1,7.63,4166603,7.63,7.6343,-4.31964,4.30289,0.00076,0.06139,0.03375,72.68343,19.46799,-66.98334
36.077305,-79.009226,7,0.51,188.4,7.69,4167603,7.69,7.69173,-4.27418,4.3681,-0.02245,0.05147,0.02153,72.68343,18.76644,-67.55334
36.07731,-79.009226,7,0.21,187.4,7.67,4168603,7.67,7.6678,-4.27717,4.39861,-0.01268,-0.00428,-0.04078,72.23034,19.26337,-67.5095
36.077312,-79.009229,7,0.02,186.7,7.78,4169603,7.78,7.77966,-4.20778,4.25863,0.01145,-0.0171,-0.03803,73.25343,19.83338,-66.8518
36.077315,-79.009229,7,0.15,186,7.76,4170603,7.76,7.76052,-4.31725,4.21436,0.07972,-0.07391,0.02932,72.33265,21.07571,-67.30488
36.077319,-79.009229,7,0.23,184.9,7.68,4171603,7.68,7.67917,-4.33579,4.29332,-0.03604,-0.02337,-0.06842,71.23648,21.9088,-67.86028
36.077324,-79.009224,7,0.48,184.1,7.7,4172603,7.7,7.70429,-4.34896,4.21974,-0.0536,0.01436,-0.0139,72.63958,20.60801,-67.83105
36.077329,-79.009223,7,0.2,183.2,7.75,4173603,7.75,7.75334,-4.19581,4.25623,-0.13271,0.00412,-0.0672,73.94037,18.53259,-67.02719
36.077334,-79.009222,7,0.03,181.9,7.73,4174603,7.73,7.7342,-4.19342,4.31964,-0.08308,0.05101,-0.01833,74.18884,17.29027,-65.94563
36.077337,-79.009223,7,0.17,181,7.76,4175603,7.76,7.75574,-4.19163,4.24128,0.05696,0.00535,0.02321,73.73575,16.70564,-66.80795
36.07734,-79.009219,7,0.52,180.6,7.7,4176603,7.7,7.7025,-4.24487,4.32742,0.04902,-0.01665,0.03955,71.89418,20.3157,-67.26103
36.077342,-79.009217,7,0.36,180.5,7.7,4177603,7.7,7.7019,-4.25863,4.35135,-0.12202,0.03787,-0.03238,72.65419,18.66413,-67.80182
36.077346,-79.00922,7,0.1,179.6,7.67,4178603,7.67,7.67378,-4.28435,4.3687,0.04612,-0.03115,0.03283,72.96112,18.21105,-67.58258
36.077348,-79.009221,7,0.15,178.9,7.75,4179603,7.75,7.74796,-4.16232,4.27478,-0.09896,0.05712,0.0223,72.85881,18.38644,-68.19643
36.07735,-79.009225,7,0.1,178.9,7.76,4180603,7.76,7.76411,-4.17308,4.32204,-0.26053,0.27428,-0.18647,75.35808,14.67407,-65.66793
36.07735,-79.009225,7,0.1,178,7.76,4180803,7.76,7.75633,-4.17607,4.23889,-0.29932,0.1069,-0.17394,76.10348,13.66559,-64.65946
36.077351,-79.009226,7,0.01,177.8,7.78,4181603,7.78,7.77667,-4.04626,4.38963,-0.26771,0.20678,-0.18692,79.6843,9.09091,-61.67787
36.077353,-79.009225,7,0.15,177.4,7.83,4182603,7.83,7.82632,-3.85125,4.4351,-0.33888,0.22037,-0.15745,83.5136,5.27624,-57.04473
36.077355,-79.009225,7,0.07,177.4,7.92,4183603,7.92,7.91964,-3.80279,4.40638,-0.66508,0.22587,-0.24771,88.39521,4.28237,-45.01608
36.077355,-79.009225,7,0.07,177.1,7.87,4183803,7.87,7.87179,-3.59043,4.60439,-0.57849,0.19532,-0.2361,88.64367,4.92546,-42.85297
36.077359,-79.009224,7,0.25,176.6,7.91,4184603,7.91,7.90947,-3.81476,4.28435,-0.30803,0.1069,-0.04276,89.84216,10.84478,-35.88132
36.07736,-79.009223,7,0.2,176.3,7.93,4185603,7.93,7.92922,-3.80937,4.28614,0.02779,-0.01756,0.05528,89.56445,11.94095,-34.98977
36.077362,-79.009221,7,0.05,176.1,7.87,4186603,7.87,7.86581,-3.78784,4.43988,0.15516,-0.09804,0.06674,89.71061,9.55861,-37.21134
36.077362,-79.009221,7,0.14,175.8,7.81,4187603,7.81,7.81137,-3.91645,4.46919,0.33766,-0.18265,0.06994,88.84829,7.29319,-43.93452
36.077362,-79.00922,7,0.07,175.7,7.76,4188603,7.76,7.75633,-3.81835,4.60858,0.04276,0.02138,0.06292,86.39287,3.99006,-49.59076
36.077361,-79.009218,7,0.03,176.1,7.87,4189603,7.87,7.8664,-3.65683,4.61456,-0.33445,0.14386,-0.15165,88.17597,4.73546,-45.58609
36.077361,-79.009217,7,0.15,175.9,7.96,4190603,7.96,7.95853,-3.80638,4.31964,-0.1266,0.0452,0.00168,88.78983,6.69395,-41.33294
36.077361,-79.009216,7,0.03,175.6,7.97,4191603,7.97,7.9681,-3.84467,4.18624,-0.00718,0.11148,-0.14722,89.27214,8.14089,-39.62292
36.077361,-79.009215,7,0.05,175.2,7.88,4192603,7.88,7.88375,-3.8345,4.36989,0.08125,0.08506,-0.04841,90.00292,8.81321,-38.55598
36.077362,-79.009214,7,0.2,174.9,7.83,4193603,7.83,7.82932,-3.60419,4.72762,0.33659,-0.04566,0.04093,88.68752,5.93394,-42.94066
36.077362,-79.009212,7,0.16,174.9,7.89,4194603,7.89,7.89332,-3.67418,4.50269,0.10125,-0.06979,0.04948,86.21748,3.63929,-49.73692
36.077362,-79.009212,7,0.16,174.9,7.86,4194803,7.86,7.85624,-3.70469,4.48176,0.03726,0.0226,-0.07743,86.58287,4.35545,-50.6577
36.07736,-79.009208,7,0.13,175.7,7.84,4195603,7.84,7.83829,-3.75793,4.48834,-0.1857,0.10553,0.00855,87.67904,4.82315,-49.56153
36.077359,-79.009204,7,0.28,176,7.74,4196603,7.74,7.74497,-4.02891,4.54995,-0.01497,0.00794,0.00916,87.81059,7.2055,-46.30225
36.07736,-79.009203,7,0.18,176,7.85,4197603,7.85,7.84666,-3.8686,4.3663,0.04749,0.10201,-0.08964,87.98597,5.40778,-45.08916
36.07736,-79.009203,7,0.18,175.8,7.86,4197803,7.86,7.86162,-4.01037,4.24367,0.0084,0.00977,-0.05941,88.61444,6.67933,-44.97223
36.077362,-79.009202,7,0.16,175.8,7.84,4198603,7.84,7.84367,-3.72622,4.58824,-0.02016,0.0307,-0.02474,87.78135,5.17393,-46.49226
36.077362,-79.009202,7,0.16,175.6,7.85,4198803,7.85,7.84726,-3.77229,4.51765,-0.01054,0.02886,-0.01329,88.2929,5.27624,-46.38994
36.077362,-79.009201,7,0.13,175.6,7.83,4199603,7.83,7.82812,-3.82253,4.4339,-0.00779,0.02275,-0.02031,88.2929,5.58316,-45.57147
36.077362,-79.009201,7,0.13,175.4,7.86,4199803,7.86,7.85982,-3.86082,4.39442,-0.00626,0.04979,-0.02627,87.95674,5.247,-44.81146
36.077366,-79.009201,7,0.14,174.6,7.87,4200603,7.87,7.867,-3.81296,4.37408,-0.0084,-0.00535,-0.0058,87.97135,5.83163,-44.70915
36.077367,-79.0092,7,0.07,174.2,7.84,4201603,7.84,7.84128,-3.74716,4.57448,-0.01924,-0.04322,-0.02413,87.44519,4.60392,-46.46302
36.077371,-79.009197,7,0.13,173.4,7.78,4202603,7.78,7.78086,-3.78844,4.55414,0.00107,0.00535,-0.02703,88.32213,5.10085,-46.15609
36.077371,-79.009195,7,0.13,173.4,7.78,4203603,7.78,7.78206,-3.7998,4.62712,-0.02031,0.01512,-0.00412,88.13213,5.46624,-44.89915
36.077371,-79.009195,7,0.13,173.1,7.79,4203803,7.79,7.78804,-3.77767,4.61576,-0.0452,-0.02703,0.00412,88.00058,4.82315,-45.52762
36.077374,-79.009195,6,0.06,172.5,7.81,4204603,7.81,7.80958,-3.78186,4.61516,0.03818,0.08628,-0.06643,87.83981,5.61239,-45.39608
36.077376,-79.009194,6,0.18,171.9,7.76,4205603,7.76,7.76351,-3.71067,4.75454,-0.0478,0.05131,-0.00764,88.24905,5.21777,-46.41918
36.077378,-79.009193,6,0.24,171.1,7.8,4206603,7.8,7.79941,-3.82612,4.54158,-0.01741,0.01405,0.04032,88.35136,5.30547,-46.82841
36.077381,-79.009191,6,0.14,170.2,7.79,4207603,7.79,7.78684,-3.89073,4.53978,-0.03329,0.0139,-0.01741,88.1029,5.70009,-45.51301
36.077385,-79.009192,6,0.18,170.2,7.66,4208603,7.66,7.65763,-3.91167,4.69771,0.01542,-0.07468,0.0336,87.7375,6.40164,-46.36071
36.077385,-79.009192,7,0.18,169.3,7.68,4208803,7.68,7.67857,-3.88535,4.73659,0.05345,-0.04093,0.04078,87.57673,5.72932,-46.8138
36.077386,-79.009192,7,0.07,169.3,7.83,4209603,7.83,7.8347,-3.75434,4.47936,-0.03665,0.05849,0.01084,87.83981,4.82315,-46.87226
36.077386,-79.009192,7,0.07,168.9,7.92,4209803,7.92,7.91785,-3.6999,4.38903,-0.11561,0.07132,-0.011,88.0152,4.09237,-46.59456
36.077386,-79.009193,7,0.14,168.9,7.84,4210603,7.84,7.83949,-3.97867,4.36032,-0.04368,0.04994,-0.05757,88.17597,6.44548,-44.54838
36.077386,-79.009193,7,0.14,168.7,7.84,4210803,7.84,7.84367,-3.93859,4.33998,-0.07239,0.00443,0.0478,88.19058,5.93394,-44.25607
36.077387,-79.009194,7,0.24,168.3,7.81,4211603,7.81,7.81496,-3.89312,4.4333,0.02062,0.04734,-0.00473,88.27828,5.86086,-45.35223
36.077388,-79.009195,7,0.3,168.3,7.77,4212603,7.77,7.7683,-3.76212,4.70848,-0.04795,0.02795,-0.02611,87.8252,4.04852,-45.36685
36.077388,-79.009195,7,0.3,167.9,7.77,4212803,7.77,7.77069,-3.76451,4.72702,-0.02749,0.04749,-0.02199,88.13213,5.26162,-46.28764
36.077389,-79.009197,7,0.23,167.4,7.72,4213603,7.72,7.71566,-3.8357,4.68874,-0.02352,0.06231,0.00977,87.60596,5.3347,-46.3461
36.077391,-79.009198,7,0.18,167.4,7.89,4214603,7.89,7.89332,-3.9667,4.22214,-0.12339,-0.01436,0.02046,88.16135,6.89857,-44.41684
36.077391,-79.009198,7,0.18,166.7,7.86,4214803,7.86,7.86222,-3.86261,4.37647,-0.14294,-0.04001,-0.0171,88.45367,5.91932,-45.83455
36.077393,-79.0092,7,0.08,166.7,7.87,4215603,7.87,7.86581,-3.95354,4.27777,0.05666,0.05376,0.02367,88.36597,6.9278,-43.56913
36.077393,-79.0092,7,0.08,166,7.91,4215803,7.91,7.91187,-3.88415,4.30469,-0.02474,-0.062,0.06139,88.48289,6.13856,-44.86992
36.077394,-79.009202,7,0.31,166,7.76,4216603,7.76,7.76232,-3.8674,4.60977,0.07712,0.05055,0.01634,87.9129,5.96317,-46.60918
36.077394,-79.009202,7,0.31,165.4,7.85,4216803,7.85,7.84607,-3.85603,4.44945,0.03161,0.07941,0.04917,87.79597,5.20316,-46.14148
36.077396,-79.009204,7,0.24,165.4,7.81,4217603,7.81,7.81017,-3.65623,4.666,-0.05269,0.02947,-0.062,87.60596,3.77083,-46.3461
36.077396,-79.009204,7,0.24,164.6,7.83,4217803,7.83,7.8341,-3.71007,4.56909,-0.05513,0.09759,-0.09407,88.02982,4.3116,-44.81146
36.077396,-79.009206,7,0.14,164.6,7.84,4218603,7.84,7.83949,-3.77946,4.51585,-0.04917,-0.0197,0.01802,87.94212,5.43701,-46.24379
36.077396,-79.009206,7,0.14,164.2,7.82,4218803,7.82,7.82274,-3.74477,4.54397,-0.03085,-0.01115,0.00092,87.56211,4.95469,-45.98071
36.077396,-79.009206,7,0.09,164.2,7.78,4219603,7.78,7.77966,-3.82493,4.602,0.00351,0.01924,-0.00596,87.43058,5.10085,-45.70301
36.077396,-79.009206,7,0.09,164,7.76,4219803,7.76,7.75992,-3.8656,4.54816,-0.01344,0.02062,-0.01878,87.92751,5.77317,-45.11839
36.077395,-79.009207,7,0.07,164,7.69,4220603,7.69,7.69292,-3.70409,4.81496,-0.00305,-0.02321,-0.01283,88.04443,5.65624,-46.71149
36.077395,-79.009207,7,0.07,163.8,7.69,4220803,7.69,7.68694,-3.78903,4.83051,0.03238,0.04169,-0.04215,87.9129,5.45162,-46.40456
36.077395,-79.009206,7,0.17,163.8,7.86,4221603,7.86,7.85564,-3.87458,4.40997,0.00076,-0.01787,0.0255,88.19058,5.90471,-45.6007
36.077395,-79.009206,7,0.17,163.5,7.84,4221803,7.84,7.83709,-3.79502,4.52602,-0.06811,-0.0084,0.031,88.1029,5.07162,-46.2584
36.077396,-79.009205,7,0.13,163,7.88,4222603,7.88,7.88016,-3.84467,4.38963,0.01191,0.04597,-0.03986,87.81059,5.30547,-45.32301
36.077397,-79.009207,7,0.12,163,7.83,4223603,7.83,7.8335,-3.82014,4.52483,-0.03131,0.02398,-0.0139,87.69366,5.17393,-45.2207
36.077397,-79.009207,7,0.12,162.6,7.83,4223803,7.83,7.8329,-3.85304,4.48295,-0.00397,0.06002,-0.02963,87.60596,5.74393,-45.24993
36.077397,-79.009206,7,0.08,162.6,7.82,4224603,7.82,7.81974,-3.79801,4.53021,-0.0307,-0.00855,0.00305,88.2052,5.7147,-46.0684
36.077397,-79.009206,7,0.08,162.2,7.82,4224803,7.82,7.82214,-3.80758,4.53619,-0.01512,0.02107,-0.01023,87.7375,5.75855,-44.67992
36.077398,-79.009205,7,0.13,162.2,7.85,4225603,7.85,7.85324,-3.87936,4.42014,-0.07025,-0.0368,0.0307,88.57059,5.97778,-45.57147
36.077398,-79.009205,7,0.13,161.6,7.83,4225803,7.83,7.82932,-3.79681,4.51526,-0.04719,-0.04979,0.02459,87.8252,5.40778,-45.58609
36.077399,-79.009207,7,0.29,161.6,7.78,4226603,7.78,7.78206,-4.00917,4.4345,0.05788,0.05116,0.02169,87.98597,6.69395,-45.46916
36.077399,-79.009207,7,0.29,161.1,7.83,4226803,7.83,7.8329,-3.96431,4.38006,0.03864,-0.00855,0.08628,87.97135,5.84624,-45.76147
36.077402,-79.009208,7,0.23,161.1,7.78,4227603,7.78,7.78206,-3.89193,4.54576,-0.03268,0.02963,-0.06567,87.64981,4.75007,-48.36305
36.077402,-79.009208,7,0.23,160.2,7.78,4227803,7.78,7.77907,-3.9661,4.48475,-0.02046,0.03818,-0.07804,88.00058,5.84624,-47.52996
36.077405,-79.009209,7,0.1,160.2,7.82,4228603,7.82,7.82034,-3.7657,4.60678,-0.05559,0.00962,-0.01283,87.47443,4.41391,-46.82841
36.077405,-79.009209,7,0.1,159.4,7.79,4228803,7.79,7.79163,-3.78545,4.59003,-0.05284,0.06277,-0.07575,87.57673,4.85238,-47.03303
36.077407,-79.009208,7,0.28,158.5,7.82,4229603,7.82,7.81615,-3.80937,4.50868,-0.03665,-0.01298,0.00214,87.26981,5.37854,-45.71763
36.07741,-79.00921,7,0.3,158.5,7.78,4230603,7.78,7.77548,-3.84766,4.57089,-0.04658,-0.02169,0.0171,87.78135,5.43701,-45.98071
36.07741,-79.00921,7,0.3,157.5,7.81,4230803,7.81,7.80898,-3.78903,4.61157,-0.03421,0.00702,-0.0029,87.92751,4.69161,-46.37533
36.077413,-79.009211,7,0.17,157.5,7.81,4231603,7.81,7.81137,-3.84527,4.52184,-0.01558,0.01604,-0.00031,87.47443,5.43701,-45.71763
36.077413,-79.009211,7,0.17,156.5,7.83,4231803,7.83,7.82752,-3.82732,4.51466,0.00367,-0.0058,0.00886,87.70827,5.42239,-45.23531
36.077415,-79.009212,7,0.24,156.5,7.77,4232603,7.77,7.7671,-3.72204,4.71984,-0.12202,-0.01772,0.00061,88.05905,4.7793,-46.49226
36.077415,-79.009212,7,0.24,155.8,7.75,4232803,7.75,7.74736,-3.68315,4.78265,0.01329,-0.00748,0.01451,87.43058,4.38468,-46.2584
36.077417,-79.009214,7,0.15,155.1,7.74,4233603,7.74,7.74198,-3.86082,4.55713,-0.03894,-0.0087,0.01649,87.88366,5.68547,-45.4107
36.077419,-79.009215,7,0.15,155.1,7.76,4234603,7.76,7.76052,-3.87996,4.55713,0.00657,0.05742,-0.0223,88.19058,5.67086,-45.8784
36.077419,-79.009215,7,0.15,154.2,7.76,4234803,7.76,7.76112,-3.89492,4.535,-0.02092,0.02825,-0.01481,87.92751,5.90471,-45.73224
36.077421,-79.009216,7,0.14,154.2,7.73,4235603,7.73,7.73001,-3.69153,4.76411,-0.04658,0.02688,-0.01619,87.98597,4.72084,-47.25227
36.077421,-79.009216,7,0.14,153.6,7.75,4235803,7.75,7.75334,-3.73579,4.73181,-0.0026,0.06994,-0.04001,87.76674,4.96931,-45.95148
36.077424,-79.009218,7,0.13,153.6,7.83,4236603,7.83,7.82632,-3.87039,4.47817,-0.01527,-0.01008,0.04841,88.48289,5.89009,-44.70915
36.077424,-79.009218,7,0.13,152.9,7.82,4236803,7.82,7.81615,-3.79083,4.5021,0.01237,-0.03085,0.06949,87.67904,5.68547,-44.86992
36.077427,-79.009221,7,0.24,152.9,7.87,4237603,7.87,7.87298,-3.87877,4.33998,0.02306,0.06261,-0.04704,88.0152,5.29085,-45.61532
36.077427,-79.009221,7,0.24,152,7.86,4237803,7.86,7.86401,-3.8997,4.30409,-0.04566,-0.01497,0.01008,88.48289,5.86086,-45.43993
36.077429,-79.009221,7,0.28,152,7.85,4238603,7.85,7.84846,-3.84826,4.45843,-0.01176,0.02092,-0.02016,87.57673,4.95469,-45.54224
36.077429,-79.009221,7,0.28,151.5,7.85,4238803,7.85,7.85085,-3.81416,4.45723,-0.04826,-0.02199,-0.00809,87.47443,5.07162,-46.69687
36.077433,-79.009222,7,0.17,151.5,7.78,4239603,7.78,7.77966,-3.74716,4.66959,-0.04001,0.01054,-0.01833,87.89828,4.51622,-46.94534
36.077433,-79.009222,7,0.17,150.6,7.78,4239803,7.78,7.78146,-3.74537,4.65583,-0.04734,0.00657,-0.0026,88.14674,4.91084,-46.55072
36.077435,-79.009224,7,0.24,150.6,7.8,4240603,7.8,7.79821,-3.82433,4.5338,0.00855,0.06613,-0.03894,88.30751,5.40778,-45.76147
36.077435,-79.009224,7,0.24,150,7.82,4240803,7.82,7.82034,-3.89791,4.45005,-0.00504,0.03344,-0.02153,88.19058,5.36393,-45.42531
36.077438,-79.009226,7,0.16,150,7.75,4241603,7.75,7.74975,-3.76212,4.6355,-0.02398,0.00397,-0.01206,88.43906,4.94008,-45.45455
36.077438,-79.009226,7,0.16,149.2,7.8,4241803,7.8,7.79522,-3.77946,4.62114,-0.00702,0.04368,-0.0255,87.79597,5.08623,-45.67378
36.077441,-79.009231,7,0.26,149.2,7.81,4242603,7.81,7.80658,-3.91825,4.43629,-0.03726,-0.01008,0.0113,88.24905,5.97778,-45.65916
36.077441,-79.009231,7,0.26,148.5,7.83,4242803,7.83,7.82513,-3.85364,4.53201,-0.04688,-0.02596,0.01374,88.62906,5.78778,-44.88454
36.077444,-79.009232,7,0.29,148.5,7.8,4243603,7.8,7.79701,-3.83151,4.52961,-0.00504,0.04169,-0.03665,88.19058,5.34931,-46.15609
36.077444,-79.009232,7,0.29,147.6,7.78,4243803,7.78,7.78266,-3.89552,4.47518,-0.00122,0.02505,-0.00748,87.64981,6.09471,-46.22917
36.077447,-79.009232,7,0.26,147.6,7.82,4244603,7.82,7.81915,-3.82732,4.4997,-0.07086,0.03299,-0.02138,87.98597,5.15931,-44.73838
36.077447,-79.009232,7,0.26,146.6,7.81,4244803,7.81,7.81376,-3.79382,4.48176,-0.01283,0.03115,-0.01726,87.72289,4.91084,-45.26454
36.07745,-79.009234,7,0.28,146.6,7.86,4245603,7.86,7.85863,-3.89252,4.37587,-0.03543,-0.01237,0.00305,87.85442,5.39316,-44.56299
36.07745,-79.009234,7,0.28,146,7.87,4245803,7.87,7.86521,-3.83869,4.38664,-0.03803,-0.01115,0.00916,88.17597,5.14469,-45.54224
36.077454,-79.009234,7,0.17,146,7.85,4246603,7.85,7.84786,-3.8674,4.44287,-0.00825,0.03299,-0.02398,88.51213,5.32008,-45.14762
36.077454,-79.009234,7,0.17,145,7.87,4246803,7.87,7.87298,-3.90509,4.32981,-0.0084,0.03803,-0.02871,87.98597,4.82315,-45.26454
36.077458,-79.009235,7,0.1,145,7.84,4247603,7.84,7.84068,-3.82134,4.53619,-0.03818,-0.00947,0.00764,87.98597,4.38468,-46.47764
36.077458,-79.009235,7,0.1,144,7.81,4247803,7.81,7.81496,-3.81595,4.51526,-0.00901,0.03451,-0.02107,88.02982,5.13008,-46.27302
36.077463,-79.009234,7,0.3,144,7.85,4248603,7.85,7.85145,-3.92124,4.32204,-0.04398,-0.00092,0.00153,88.07366,5.10085,-45.33762
36.077463,-79.009234,7,0.3,142.6,7.85,4248803,7.85,7.84846,-3.89671,4.35015,-0.04627,0.00275,0.01069,88.38059,4.99854,-45.36685
36.077467,-79.009233,7,0.36,142.6,7.88,4249603,7.88,7.87777,-3.96132,4.30947,-0.011,0.01833,-0.00916,88.61444,5.83163,-45.03069
36.077467,-79.009233,7,0.36,141.4,7.86,4249803,7.86,7.85923,-3.97867,4.28315,-0.02535,-0.00046,-0.00244,88.36597,5.75855,-45.77609
36.077473,-79.009235,7,0.29,141.4,7.85,4250603,7.85,7.84906,-3.80459,4.51466,-0.03818,-0.01634,0.00382,88.42444,5.13008,-45.29377
36.077473,-79.009235,7,0.29,140.2,7.81,4250803,7.81,7.80838,-3.7998,4.51705,-0.03803,-0.00107,-0.0142,88.21982,5.30547,-45.39608
36.077478,-79.009231,7,0.31,138.6,7.77,4251603,7.77,7.77249,-3.79861,4.64806,0.00076,0.03742,-0.00916,87.85442,4.76469,-46.02456
36.077482,-79.009226,7,0.31,138.6,7.86,4252603,7.86,7.85863,-3.99242,4.31127,0.00947,0.05971,-0.03635,88.2929,6.89857,-44.24145
36.077482,-79.009226,7,0.31,137.5,7.87,4252803,7.87,7.8694,-4.03011,4.22094,-0.02718,0.03467,0,88.86291,7.33704,-44.10991
36.077487,-79.009223,7,0.36,137.5,7.86,4253603,7.86,7.86461,-3.94696,4.36271,0.00489,0.02199,-0.02352,88.35136,6.4601,-43.61298
36.077487,-79.009223,7,0.36,136.1,7.85,4253803,7.85,7.85384,-3.98345,4.31785,-0.01145,0.0139,0.02291,88.36597,6.31394,-44.2853
36.077492,-79.00922,7,0.24,136.1,7.85,4254603,7.85,7.84607,-3.73938,4.5326,-0.0423,0.02917,-0.011,87.44519,4.99854,-46.18533
36.077492,-79.00922,7,0.24,134.6,7.83,4254803,7.83,7.83171,-3.75015,4.54756,0.01176,0.04475,-0.02474,88.05905,4.80854,-45.61532
36.077498,-79.009215,7,0.47,134.6,7.85,4255603,7.85,7.85444,-3.82852,4.468,-0.0675,-0.0452,0.00473,88.17597,5.8024,-44.62146
36.077498,-79.009215,7,0.47,133.1,7.78,4255803,7.78,7.78026,-3.7998,4.5661,-0.06597,-0.03024,-0.01588,88.19058,5.51008,-45.65916
36.077504,-79.009211,7,0.6,133.1,7.65,4256603,7.65,7.65105,-4.04148,4.66122,0.10232,0.01191,0.05284,87.57673,6.37241,-47.39842
36.077504,-79.009211,7,0.6,131.7,7.69,4256803,7.69,7.69292,-3.98405,4.56132,0.11851,-0.0336,0.12935,87.72289,6.22625,-46.27302
36.077509,-79.009208,7,0.37,131.7,7.73,4257603,7.73,7.7348,-3.72802,4.77248,-0.03329,0.09728,-0.01619,85.77901,4.26776,-49.38614
36.077509,-79.009208,7,0.37,130.4,7.82,4257803,7.82,7.81915,-3.73041,4.58943,-0.0817,0.16432,-0.06261,86.46594,4.19468,-48.14382
36.077515,-79.009205,7,0.35,130.4,7.84,4258603,7.84,7.8359,-3.91346,4.41416,-0.19181,0.02062,-0.04108,87.76674,5.65624,-44.46069
36.077515,-79.009205,7,0.35,129,7.8,4258803,7.8,7.80359,-3.84108,4.57568,-0.10507,-0.01634,-0.02825,87.45981,5.65624,-45.133
36.07752,-79.009202,7,0.32,129,7.79,4259603,7.79,7.79043,-3.97807,4.41416,0.06032,0.02825,-0.01084,87.79597,6.12394,-44.943
36.07752,-79.009202,7,0.32,127.9,7.82,4259803,7.82,7.81675,-3.97209,4.35254,-0.03558,0.02367,-0.00886,87.59135,6.10932,-45.67378
36.077523,-79.0092,7,0.32,127.9,7.78,4260603,7.78,7.78445,-3.77946,4.6337,-0.02963,-0.00489,0.00351,87.50365,5.01315,-45.95148
36.077523,-79.0092,7,0.32,127.1,7.76,4260803,7.76,7.76471,-3.77647,4.61336,-0.00687,0.03268,-0.02627,87.56211,4.96931,-45.89301
36.077528,-79.009197,7,0.37,127.1,7.81,4261603,7.81,7.80898,-3.9326,4.41296,-0.01268,0.00351,-0.01466,87.48904,5.40778,-44.82608
36.077528,-79.009197,7,0.37,126,7.79,4261803,7.79,7.79163,-3.91107,4.40578,-0.03115,-0.00137,-0.00107,87.56211,6.00702,-44.89915
36.077531,-79.009196,7,0.29,126,7.82,4262603,7.82,7.81556,-3.87577,4.52602,-0.01344,0.01649,-0.0087,87.38673,5.77317,-45.45455
36.077531,-79.009196,7,0.29,124.9,7.81,4262803,7.81,7.81197,-3.85962,4.50568,-0.02153,0.01985,-0.01313,87.56211,5.83163,-44.73838
36.077536,-79.009196,7,0.35,124.9,7.77,4263603,7.77,7.7671,-3.76451,4.65404,-0.0704,-0.00473,0.01054,87.63519,5.34931,-46.82841
36.077536,-79.009196,7,0.35,123.8,7.76,4263803,7.76,7.75933,-3.70409,4.7336,-0.02382,-0.01023,0.00641,87.29903,4.7793,-46.03917
36.077541,-79.009195,7,0.37,123.8,7.81,4264603,7.81,7.81376,-3.88774,4.48116,-0.01206,0.02245,-0.00764,88.26366,6.08009,-45.55685
36.077541,-79.009195,7,0.37,122.7,7.78,4264803,7.78,7.78206,-3.89013,4.47039,-0.03406,-0.02046,0.00397,88.27828,5.74393,-45.77609
36.077545,-79.009195,7,0.35,122.7,7.78,4265603,7.78,7.77847,-3.77348,4.59302,0.01573,0.04123,-0.01313,87.43058,5.13008,-46.03917
36.077545,-79.009195,7,0.35,121.6,7.83,4265803,7.83,7.82513,-3.84108,4.51227,0.02321,0.04139,-0.01512,87.53288,5.11546,-46.30225
36.07755,-79.009194,7,0.41,121.6,7.84,4266603,7.84,7.83889,-3.92483,4.37229,-0.03726,-0.01466,0.00901,88.05905,6.32856,-45.16224
36.07755,-79.009194,7,0.41,120.6,7.8,4266803,7.8,7.803,-3.88953,4.46321,-0.04673,-0.02779,0.01268,87.86904,6.21163,-44.73838
36.077554,-79.009193,7,0.48,120.6,7.8,4267603,7.8,7.803,-3.80698,4.52602,0.01649,0.07819,-0.05162,87.38673,5.17393,-46.65303
36.077554,-79.009193,6,0.48,119.5,7.83,4267803,7.83,7.8335,-3.90389,4.40818,0.02856,0.07605,-0.04933,87.37212,5.61239,-45.45455
36.07756,-79.009191,6,0.56,119.5,7.79,4268603,7.79,7.79043,-3.83988,4.50329,-0.06078,-0.04704,0.02978,87.38673,5.72932,-45.83455
36.07756,-79.009191,6,0.56,118.3,7.8,4268803,7.8,7.80359,-3.79861,4.58644,-0.04398,-0.02321,0.00626,87.13827,5.32008,-45.67378
36.077564,-79.00919,6,0.38,118.3,7.82,4269603,7.82,7.81974,-3.84347,4.47398,-0.00962,0.02337,-0.01542,87.8252,5.36393,-44.92838
36.077564,-79.00919,7,0.38,117.3,7.82,4269803,7.82,7.82034,-3.87936,4.44945,-0.02367,0.01038,-0.01161,87.75212,5.49547,-44.8553
36.077567,-79.009189,7,0.36,117.3,7.84,4270603,7.84,7.84008,-3.93619,4.44228,-0.02306,0.01726,-0.00382,87.83981,6.44548,-45.29377
36.077567,-79.009189,7,0.36,116.6,7.82,4270803,7.82,7.81974,-3.90987,4.4345,-0.02993,0.0026,-0.00367,87.57673,5.68547,-45.04531
36.077571,-79.009187,7,0.46,116.6,7.85,4271603,7.85,7.85205,-3.93978,4.32862,-0.00611,0.04047,-0.02367,87.86904,6.09471,-45.48378
36.077571,-79.009187,7,0.46,115.8,7.84,4271803,7.84,7.84068,-3.96012,4.36092,-0.02947,0.01695,-0.00687,87.94212,6.35779,-45.11839
36.077576,-79.009185,7,0.43,115.8,7.83,4272603,7.83,7.82812,-3.85903,4.49252,-0.00367,0.03528,-0.02169,87.78135,5.8024,-46.46302
36.077576,-79.009185,7,0.43,114.6,7.84,4272803,7.84,7.84427,-3.89013,4.4333,-0.01191,0.02749,-0.01344,87.81059,6.06548,-45.01608
36.077582,-79.009183,7,0.37,114.6,7.83,4273603,7.83,7.82991,-3.77647,4.54935,-0.02062,0.03421,-0.01802,87.51827,5.23239,-46.90149
36.077582,-79.009183,7,0.37,113.5,7.82,4273803,7.82,7.81915,-3.79023,4.49252,-0.00015,0.03711,-0.03115,87.37212,6.00702,-45.77609
36.077587,-79.009181,7,0.39,113.5,7.86,4274603,7.86,7.86461,-3.83629,4.4345,-0.02764,-0.00305,-0.00611,87.64981,5.37854,-46.02456
36.077587,-79.009181,7,0.39,112.3,7.82,4274803,7.82,7.82094,-3.79502,4.53021,-0.03512,0.0087,0.00015,87.12365,4.91084,-45.71763
36.077594,-79.009178,7,0.53,112.3,7.86,4275603,7.86,7.85982,-3.77887,4.54576,0.00015,0.04704,-0.02963,87.56211,5.04239,-46.62379
36.077594,-79.009178,7,0.53,110.9,7.84,4275803,7.84,7.84307,-3.81895,4.50808,-0.00443,0.04475,-0.02153,87.9129,5.62701,-46.05378
36.077599,-79.009176,7,0.45,110.9,7.81,4276603,7.81,7.81376,-3.74776,4.6355,-0.04444,-0.00229,0.01069,87.31365,4.70623,-46.76995
36.077599,-79.009176,7,0.45,109.5,7.83,4276803,7.83,7.82812,-3.72383,4.56371,0.00092,0.05849,-0.03192,87.53288,4.16545,-46.46302
36.077604,-79.009174,7,0.38,109.5,7.83,4277603,7.83,7.83171,-3.79023,4.50987,-0.07346,-0.06979,0.04215,87.62058,5.75855,-45.90763
36.077604,-79.009174,7,0.38,108.3,7.82,4277803,7.82,7.81974,-3.71904,4.67976,-0.05101,-0.0452,0.01802,87.7375,4.69161,-45.84917
36.077608,-79.009172,7,0.35,108.3,7.7,4278603,7.7,7.7025,-3.87099,4.7013,0.00183,-0.01787,-0.05315,87.3575,5.53932,-46.8138
36.077608,-79.009172,7,0.35,107.6,7.64,4278803,7.64,7.6361,-3.97388,4.74676,0.04749,-0.03131,-0.00244,87.22595,6.00702,-46.46302
36.077611,-79.009171,7,0.4,107.6,7.68,4279603,7.68,7.67917,-3.7328,4.83769,0.03635,-0.11576,0.06078,85.96901,4.53084,-49.60538
36.077611,-79.009171,7,0.4,106.8,7.59,4279803,7.59,7.59422,-3.72981,4.94836,-0.00412,-0.04643,0.00122,85.7644,4.01929,-51.09617
36.077616,-79.00917,7,0.49,106.8,7.61,4280603,7.61,7.61097,-3.90868,4.81795,-0.01741,0.08201,-0.03955,86.4221,5.58316,-49.35691
36.077616,-79.00917,7,0.49,106,7.67,4280803,7.67,7.66959,-3.93799,4.68574,-0.05177,0.0701,-0.01894,86.43671,5.51008,-48.80152
36.077618,-79.009169,7,0.44,106,7.75,4281603,7.75,7.74975,-3.94038,4.59242,-0.01008,0.05925,-0.04123,87.02134,5.65624,-48.02689
36.077618,-79.009169,7,0.44,105.5,7.75,4281803,7.75,7.75095,-4.00439,4.535,-0.03085,0.05284,-0.03039,86.52441,6.06548,-48.09997
36.077622,-79.009169,7,0.39,105.5,7.83,4282603,7.83,7.8329,-3.70947,4.59781,-0.1237,0.04597,-0.0785,87.31365,4.80854,-46.46302
36.077622,-79.009169,7,0.39,104.6,7.79,4282803,7.79,7.79163,-3.81835,4.54876,-0.12462,0.03665,-0.17578,87.67904,5.77317,-46.11225
36.077624,-79.009169,7,0.38,104.6,7.71,4283603,7.71,7.71326,-3.82672,4.77847,0.01955,-0.00764,-0.03192,87.50365,5.96317,-46.19994
36.077624,-79.009169,7,0.38,104.3,7.73,4283803,7.73,7.733,-3.86022,4.70608,0.0223,0.12019,-0.03757,87.59135,6.09471,-45.96609
36.077624,-79.00917,7,0.36,104.3,7.84,4284603,7.84,7.84487,-4.09472,4.22273,-0.01512,-0.01756,0.0113,88.54137,6.82549,-44.67992
36.077624,-79.00917,7,0.36,104.2,7.86,4284803,7.86,7.85564,-4.05823,4.2676,-0.03864,-0.00382,0.00794,88.48289,6.56241,-44.32914
36.077627,-79.00917,7,0.48,104.2,7.81,4285603,7.81,7.80539,-3.91705,4.45364,-0.03665,-0.011,0.00428,87.64981,5.96317,-45.92225
36.077627,-79.00917,7,0.48,103.6,7.8,4285803,7.8,7.8018,-3.87697,4.50329,-0.01405,0.02703,-0.0139,87.32827,5.91932,-45.24993
36.077628,-79.009171,7,0.4,103.6,7.79,4286603,7.79,7.79043,-3.82971,4.5332,-0.00565,0.02611,-0.01237,88.05905,5.30547,-45.52762
36.077628,-79.009171,7,0.4,103.1,7.8,4286803,7.8,7.8,-3.89312,4.47577,0.01298,0.05528,-0.03711,88.07366,5.43701,-45.04531
36.077629,-79.009173,7,0.41,103.1,7.79,4287603,7.79,7.79402,-3.93739,4.46082,-0.03543,-0.02382,0.01038,87.89828,5.94855,-44.56299
36.077629,-79.009173,7,0.41,102.7,7.79,4287803,7.79,7.79103,-3.88295,4.48355,-0.02779,0.02107,0.00672,87.95674,6.02163,-45.39608
36.07763,-79.009175,7,0.44,102.7,7.82,4288603,7.82,7.82214,-4.01097,4.35254,-0.04169,-0.0142,0.00733,88.21982,6.29933,-44.46069
36.07763,-79.009175,7,0.44,102.6,7.81,4288803,7.81,7.80539,-3.95354,4.48236,-0.04765,-0.02657,0.01726,87.95674,6.22625,-45.07454
36.07763,-79.009176,7,0.46,102.6,7.85,4289603,7.85,7.84547,-4.03011,4.2999,0.00809,0.04826,-0.03879,88.48289,6.7378,-44.57761
36.07763,-79.009176,7,0.46,102.6,7.83,4289803,7.83,7.82632,-4.08096,4.23649,-0.00168,0.02932,-0.02688,88.39521,7.01549,-43.74452
36.077628,-79.009179,7,0.32,102.6,7.78,4290603,7.78,7.78385,-3.9332,4.47219,-0.04643,-0.02413,0.01283,87.86904,5.3347,-46.24379
36.077628,-79.009179,7,0.32,102.9,7.79,4290803,7.79,7.78684,-3.88235,4.53739,-0.04276,-0.01955,-0.0029,88.48289,5.75855,-45.84917
36.077626,-79.009182,7,0.35,102.9,7.8,4291603,7.8,7.79941,-3.93799,4.45962,-0.01054,0.01802,-0.01741,88.46828,5.84624,-45.133
36.077626,-79.009182,7,0.35,103.4,7.79,4291803,7.79,7.78864,-3.94576,4.44407,-0.00519,-0.00183,0.01313,88.02982,6.12394,-45.27916
36.077624,-79.009185,7,0.36,103.4,7.81,4292603,7.81,7.80778,-3.95593,4.39801,0.00229,0.04047,-0.02932,87.8252,5.65624,-45.33762
36.077624,-79.009185,7,0.36,103.8,7.81,4292803,7.81,7.81376,-4.0002,4.3334,-0.00183,0.03161,-0.02566,88.39521,6.78164,-44.37299
36.077623,-79.009187,7,0.37,103.8,7.84,4293603,7.84,7.83949,-3.98824,4.32981,-0.01359,0.02275,-0.01833,88.05905,6.38702,-44.44607
36.077623,-79.009187,7,0.37,103.9,7.84,4293803,7.84,7.83829,-4.00618,4.31785,-0.01252,0.01573,-0.01955,88.46828,6.00702,-45.55685
36.077621,-79.009191,7,0.32,103.9,7.84,4294603,7.84,7.83649,-4.06959,4.27358,-0.03833,-0.00733,0.00748,87.83981,6.12394,-44.8553
36.077621,-79.009191,7,0.32,104.5,7.81,4294803,7.81,7.81376,-4.02234,4.33101,-0.04276,-0.01451,0.01283,88.08828,5.97778,-44.95761
36.07762,-79.009193,7,0.35,104.5,7.79,4295603,7.79,7.78565,-3.88235,4.49312,-0.03482,0.00458,0.00305,87.56211,5.62701,-45.26454
36.07762,-79.009193,7,0.35,104.9,7.8,4295803,7.8,7.8018,-3.87877,4.49432,-0.01374,0.01894,-0.01695,87.76674,5.84624,-44.56299
36.077618,-79.009196,7,0.31,104.9,7.82,4296603,7.82,7.81675,-4.00618,4.3346,0.0055,0.05284,-0.03253,88.30751,5.87547,-44.50453
36.077618,-79.009196,7,0.31,105.5,7.86,4296803,7.86,7.85683,-4.07976,4.22453,-0.00199,0.03925,-0.02413,88.08828,6.66472,-44.753
36.077616,-79.009197,7,0.28,105.5,7.84,4297603,7.84,7.84307,-4.05165,4.27597,-0.04627,-0.0168,0.00916,88.36597,6.03625,-44.50453
36.077616,-79.009197,7,0.28,105.9,7.83,4297803,7.83,7.82513,-3.98943,4.31127,-0.04963,-0.02107,0.01924,87.94212,5.62701,-45.04531
36.077615,-79.009198,7,0.31,105.9,7.8,4298603,7.8,7.8024,-3.87039,4.53021,-0.02001,0.02749,-0.01069,88.16135,5.49547,-45.51301
36.077615,-79.009198,7,0.31,106.1,7.82,4298803,7.82,7.82154,-3.89013,4.46381,-0.0055,0.03421,-0.02764,87.97135,5.90471,-45.71763
36.077614,-79.009199,7,0.29,106.1,7.82,4299603,7.82,7.81974,-4.03609,4.30947,-0.03299,-0.01237,-0.00199,88.05905,6.60626,-45.30839
36.077614,-79.009199,7,0.29,106.3,7.8,4299803,7.8,7.79821,-3.99721,4.41296,-0.04643,-0.01268,0.01344,87.95674,6.63549,-44.53376
36.077613,-79.0092,7,0.3,106.3,7.78,4300603,7.78,7.78146,-3.78963,4.57807,-0.05085,-0.03146,0.01359,87.24057,5.64162,-46.59456
36.077613,-79.0092,7,0.3,106.6,7.75,4300803,7.75,7.75155,-3.74357,4.67857,-0.03283,-0.00779,0.00641,87.78135,4.99854,-46.97457
36.077611,-79.009202,7,0.25,106.6,7.82,4301603,7.82,7.82154,-3.98046,4.35613,-0.00122,0.04368,-0.03085,88.61444,5.91932,-45.96609
36.077611,-79.009202,7,0.25,107.3,7.82,4301803,7.82,7.82154,-3.99721,4.33041,-0.01481,0.02398,-0.01359,88.02982,5.83163,-45.62993
36.07761,-79.009203,7,0.16,107.3,7.85,4302603,7.85,7.84547,-3.96072,4.35613,-0.00733,0.03115,-0.02062,88.05905,6.44548,-45.6884
36.07761,-79.009203,7,0.16,107.2,7.81,4302803,7.81,7.81496,-3.98345,4.33699,-0.01344,0.02443,-0.01665,88.1029,6.79626,-44.81146
36.077612,-79.009203,7,0.22,107.2,7.79,4303603,7.79,7.79223,-3.8016,4.58226,-0.04994,-0.0368,0.02382,87.67904,5.10085,-45.71763
36.077612,-79.009203,7,0.22,107.1,7.79,4303803,7.79,7.78565,-3.77767,4.62951,-0.00733,0.03787,-0.01909,87.37212,5.17393,-46.57995
36.077613,-79.009203,7,0.15,107.1,7.84,4304603,7.84,7.84248,-3.97508,4.37109,-0.02657,0.01084,-0.00473,88.17597,6.50395,-45.43993
36.077613,-79.009203,7,0.15,107,7.85,4304803,7.85,7.85205,-3.94636,4.37587,-0.02841,0.00428,-0.00733,88.07366,6.32856,-45.39608
36.077615,-79.009202,7,0.18,107,7.79,4305603,7.79,7.79223,-3.88953,4.49372,-0.02443,0.01115,-0.00443,87.78135,5.68547,-45.48378
36.077615,-79.009202,7,0.18,106.6,7.84,4305803,7.84,7.84128,-3.89252,4.48116,-0.00962,0.02474,-0.02367,87.5475,5.61239,-44.38761
36.077618,-79.0092,7,0.2,106.6,7.84,4306603,7.84,7.83709,-3.99362,4.35075,-0.02245,0.01695,-0.01329,87.7375,6.21163,-45.23531
36.077618,-79.0092,7,0.2,105.8,7.8,4306803,7.8,7.8018,-4.00499,4.36271,-0.02932,0.00733,0.00107,87.59135,6.03625,-44.51915
36.077621,-79.009197,7,0.25,105.8,7.79,4307603,7.79,7.79283,-3.86082,4.48295,-0.02016,0.02535,-0.01206,87.8252,5.53932,-44.81146
36.077621,-79.009197,7,0.25,104.9,7.8,4307803,7.8,7.79641,-3.87817,4.47398,-0.01115,0.02611,-0.01878,87.89828,5.53932,-45.35223
36.077624,-79.009195,7,0.23,104.9,7.84,4308603,7.84,7.84008,-4.00319,4.32742,-0.02169,0.01206,-0.00916,87.76674,6.24087,-45.07454
36.077624,-79.009195,7,0.23,104.3,7.82,4308803,7.82,7.81915,-4.04507,4.31665,-0.00565,0.07743,-0.02505,87.95674,6.08009,-45.03069
36.077625,-79.009194,7,0.2,104.3,7.83,4309603,7.83,7.82573,-3.9679,4.37348,-0.06109,-0.04139,0.02642,88.43906,5.93394,-44.6653
36.077625,-79.009194,7,0.2,103.8,7.8,4309803,7.8,7.79522,-3.89671,4.48295,-0.03894,-0.00626,0.00977,87.81059,5.27624,-45.16224
36.077627,-79.009192,7,0.16,103.8,7.81,4310603,7.81,7.81137,-4.06481,4.28555,-0.02367,0.02367,-0.01237,88.84829,6.25548,-44.4753
36.077627,-79.009192,7,0.16,103.2,7.83,4310803,7.83,7.8335,-4.00499,4.31845,-0.05528,-0.03375,0.01939,88.42444,6.43087,-45.51301
36.07763,-79.00919,7,0.22,103.2,7.76,4311603,7.76,7.76292,-3.74776,4.67139,-0.0026,0.02443,-0.02169,87.72289,5.01315,-46.47764
36.07763,-79.00919,7,0.22,102.6,7.66,4311803,7.66,7.65763,-3.82194,4.55593,0.02321,0.08018,-0.04872,88.45367,4.66238,-45.42531
36.077632,-79.009188,7,0.25,102.6,7.82,4312603,7.82,7.82274,-3.9344,4.41655,-0.05528,-0.04444,0.02749,87.62058,5.64162,-45.77609
36.077632,-79.009188,7,0.25,102.2,7.78,4312803,7.78,7.78266,-3.83928,4.55534,-0.05315,-0.02291,0.01634,87.83981,5.46624,-45.76147
36.077634,-79.009186,7,0.21,102.2,7.82,4313603,7.82,7.81735,-3.9338,4.37049,-0.00611,0.03574,-0.01878,88.0152,6.12394,-45.73224
36.077634,-79.009186,7,0.21,101.8,7.83,4313803,7.83,7.82872,-3.97149,4.36391,-0.01069,0.01466,-0.02077,88.2929,6.29933,-45.81993
36.077634,-79.009185,7,0.15,101.8,7.83,4314603,7.83,7.83051,-3.94457,4.40638,-0.01634,0.02138,-0.00993,88.26366,5.39316,-46.2584
36.077634,-79.009185,7,0.15,101.6,7.66,4314803,7.66,7.66242,-3.95175,4.45304,-0.02382,0.00367,-0.00687,88.43906,5.83163,-45.6884
36.077635,-79.009184,7,0.17,101.6,7.83,4315603,7.83,7.83051,-4.13121,4.37169,0.02734,0.08262,-0.05528,88.19058,5.46624,-45.32301
36.077635,-79.009184,7,0.17,101.4,7.83,4315803,7.83,7.8329,-4.07079,4.25025,0.02443,0.06918,-0.05498,88.42444,6.54779,-45.10377
36.077635,-79.009183,7,0.17,101.4,7.8,4316603,7.8,7.8006,-3.8674,4.50568,-0.04169,-0.00916,0.01069,88.62906,5.8024,-45.6007
36.077635,-79.009183,7,0.17,101.4,7.82,4316803,7.82,7.81855,-3.85663,4.50927,-0.00702,0.03833,-0.02352,88.30751,5.27624,-45.57147
36.077634,-79.009182,7,0.2,101.4,7.83,4317603,7.83,7.82932,-4.06241,4.28375,-0.03222,-0.00199,-0.0026,88.78983,6.70856,-45.19146
36.077634,-79.009182,7,0.2,101.3,7.79,4317803,7.79,7.79223,-4.0337,4.35913,-0.05269,-0.03467,0.01924,88.42444,6.41625,-45.38147
36.077634,-79.009182,7,0.22,101.3,7.8,4318603,7.8,7.803,-3.85185,4.56491,-0.0087,0.03192,-0.02245,87.81059,5.08623,-45.29377
36.077634,-79.009182,7,0.22,101.3,7.79,4318803,7.79,7.79462,-3.85484,4.52064,-0.02856,0.01069,-0.00641,88.51213,5.18854,-45.45455
36.077634,-79.00918,7,0.18,101.3,7.8,4319603,7.8,7.79701,-3.9009,4.4674,0.02871,0.06811,-0.0504,88.24905,5.46624,-45.133
36.077634,-79.00918,7,0.18,101.4,7.82,4319803,7.82,7.81795,-3.98943,4.34417,0.02825,0.07147,-0.04643,88.02982,6.6501,-44.97223
36.077633,-79.00918,7,0.2,101.4,7.79,4320603,7.79,7.79342,-3.85663,4.54816,-0.03635,-0.02001,0.00611,88.14674,5.18854,-45.46916
36.077633,-79.00918,7,0.2,101.4,7.96,4320803,7.96,7.96272,-3.84407,4.47458,0.00321,0.05345,-0.02718,88.24905,5.65624,-46.09763
36.077632,-79.00918,7,0.2,101.4,7.82,4321603,7.82,7.82393,-4.00977,4.30888,-0.05345,-0.0255,0.01772,88.64367,6.38702,-43.74452
36.077632,-79.00918,7,0.2,101.7,7.82,4321803,7.82,7.81615,-3.94337,4.47039,-0.0533,-0.03742,0.02184,87.79597,5.74393,-44.95761
36.077631,-79.009179,7,0.21,101.7,7.81,4322603,7.81,7.80539,-3.81177,4.61157,-0.00932,0.03665,-0.02031,87.98597,5.67086,-45.84917
36.077631,-79.009179,7,0.21,101.9,7.81,4322803,7.81,7.80838,-3.87697,4.52423,0.00596,0.04719,-0.03222,88.39521,5.77317,-45.42531
36.077631,-79.009179,7,0.28,101.9,7.82,4323603,7.82,7.82034,-3.9356,4.44886,-0.042,-0.01604,0.01069,87.66443,5.87547,-45.32301
36.077631,-79.009179,7,0.28,102,7.96,4323803,7.96,7.95913,-3.90868,4.47936,-0.01955,0.0142,-0.00611,87.75212,5.8024,-45.73224
36.07763,-79.009178,7,0.31,102,7.83,4324603,7.83,7.83171,-3.98824,4.35613,-0.02382,0.00687,-0.00687,88.00058,6.12394,-45.54224
36.07763,-79.009178,7,0.31,102.3,7.82,4324803,7.82,7.81675,-3.97567,4.38425,-0.04459,-0.0139,0.01206,87.50365,5.9924,-45.6007
36.077629,-79.009178,7,0.22,102.3,7.81,4325603,7.81,7.81077,-3.88893,4.47219,-0.01023,0.03528,-0.0223,87.85442,5.94855,-45.62993
36.077629,-79.009178,7,0.22,102.7,7.81,4325803,7.81,7.80838,-3.93201,4.56251,-0.00244,0.04047,-0.02566,88.16135,6.24087,-45.26454
36.077626,-79.009178,7,0.2,102.7,7.83,4326603,7.83,7.82692,-3.99242,4.38066,-0.02978,-0.0026,0.00092,87.64981,6.47471,-45.16224
36.077626,-79.009178,7,0.2,103.2,7.81,4326803,7.81,7.81077,-3.95952,4.37528,-0.03314,0.03833,-0.00046,87.38673,5.94855,-45.14762
36.077624,-79.009178,7,0.2,103.2,7.82,4327603,7.82,7.81675,-4.0678,4.2329,-0.00305,0.03299,-0.02291,88.19058,6.35779,-44.27068
36.077624,-79.009178,7,0.2,103.8,7.85,4327803,7.85,7.85205,-4.08634,4.25564,-0.04047,-0.01604,0.0084,88.21982,6.62087,-44.54838
36.077622,-79.009179,7,0.15,103.8,7.8,4328603,7.8,7.8018,-3.88834,4.46082,-0.0226,0.01313,-0.00886,88.16135,5.11546,-45.35223
36.077622,-79.009179,7,0.15,104.5,7.8,4328803,7.8,7.80479,-3.91346,4.45843,-0.01405,0.02092,-0.01848,88.07366,5.32008,-45.01608
36.07762,-79.009179,7,0.14,104.5,7.77,4329603,7.77,7.77009,-3.76152,4.6349,-0.04444,-0.01038,0.00886,87.88366,4.7793,-45.81993
36.07762,-79.009179,7,0.14,105.1,7.79,4329803,7.79,7.79103,-3.76271,4.59063,-0.0084,0.02871,-0.01939,87.53288,4.69161,-45.92225
36.077617,-79.009179,7,0.16,105.1,7.79,4330603,7.79,7.79103,-3.81595,4.60559,-0.05605,-0.0504,0.02398,87.3575,5.057,-45.99532
36.077617,-79.009179,7,0.16,105.8,7.75,4330803,7.75,7.75035,-3.78963,4.71386,-0.06811,-0.00107,-0.03955,86.87518,5.27624,-46.47764
36.077615,-79.00918,7,0.17,105.8,7.78,4331603,7.78,7.77907,-4.05823,4.3681,-0.00473,0.02016,-0.01084,87.9129,6.48933,-44.21222
36.077615,-79.00918,7,0.17,106.3,7.78,4331803,7.78,7.78385,-4.0678,4.38245,-0.01497,0.02413,-0.01054,88.55598,5.89009,-44.06606
36.077613,-79.009181,7,0.16,106.3,7.8,4332603,7.8,7.80479,-4.04626,4.31127,-0.08934,0.00244,-0.02062,87.98597,6.81087,-43.42298
36.077613,-79.009181,7,0.16,106.9,7.79,4332803,7.79,7.78505,-4.01875,4.43211,-0.08033,-0.01802,-0.01863,87.64981,6.66472,-43.91991
36.077612,-79.009182,7,0.18,106.9,7.75,4333603,7.75,7.75394,-3.89312,4.64028,0.00504,0.00809,-0.01008,87.57673,5.36393,-45.51301
36.077612,-79.009182,7,0.18,107.1,7.76,4333803,7.76,7.75933,-3.88714,4.63729,-0.02871,0.01069,0.00718,87.59135,6.05086,-45.17685
36.07761,-79.009182,7,0.13,107.1,7.65,4334603,7.65,7.65105,-3.89133,4.80838,0.04795,0.01176,0.02046,86.71441,5.27624,-47.2815
36.07761,-79.009182,7,0.13,107.7,7.68,4334803,7.68,7.68395,-3.88893,4.73958,0.05467,-0.00504,0.04383,87.06519,5.40778,-47.23765
36.077608,-79.009183,7,0.15,107.7,7.77,4335603,7.77,7.7671,-3.87219,4.57627,0.01833,0.02688,-0.08751,86.97749,4.79392,-47.03303
36.077608,-79.009183,7,0.15,108,7.71,4335803,7.71,7.71386,-4.00738,4.57328,0.01665,-0.00428,-0.05864,87.05057,6.16779,-47.4715
36.077609,-79.009183,7,0.17,108,7.66,4336603,7.66,7.66062,-3.84227,4.78684,-0.06979,0.04414,-0.01955,86.8898,4.48699,-49.00614
36.077609,-79.009183,7,0.17,108,7.72,4336803,7.72,7.72463,-3.81177,4.7001,-0.0846,0.12462,-0.02841,86.75826,4.83777,-48.18766
36.077608,-79.009183,7,0.21,108,7.8,4337603,7.8,7.79881,-4.00977,4.38126,-0.16112,0.02337,-0.10125,88.30751,6.62087,-44.09529
36.077608,-79.009183,7,0.21,108.1,7.75,4337803,7.75,7.74796,-4.01157,4.44886,-0.12462,0.01451,-0.04307,88.55598,6.53318,-44.0076
36.077608,-79.009183,7,0.22,108.1,7.86,4338603,7.86,7.85683,-3.94636,4.32383,0.05391,-0.00855,0.0029,87.9129,6.06548,-43.89067
36.077608,-79.009183,7,0.22,108.1,7.82,4338803,7.82,7.81915,-3.97627,4.40818,0.04597,-0.07453,0.02581,88.07366,5.96317,-44.50453
36.077608,-79.009184,7,0.13,108.1,7.78,4339603,7.78,7.78325,-3.68136,4.67139,-0.03497,0.01206,-0.03787,87.45981,4.3993,-46.60918
36.077608,-79.009184,7,0.13,108.1,7.75,4339803,7.75,7.74557,-3.72024,4.70369,-0.04917,0.03696,-0.06949,87.57673,5.46624,-46.56533
36.077608,-79.009184,7,0.12,108.1,7.82,4340603,7.82,7.81675,-4.00319,4.334,0.01909,0.07376,-0.05177,87.59135,5.81701,-44.67992
36.077608,-79.009184,7,0.12,108.1,7.82,4340803,7.82,7.81855,-4.06421,4.31845,-0.01863,0.01497,-0.01115,87.78135,6.50395,-44.63607
36.077608,-79.009185,7,0.1,108.1,7.84,4341603,7.84,7.84068,-3.83629,4.45902,0.06078,0.04016,-0.0255,88.14674,5.39316,-45.14762
36.077608,-79.009185,7,0.1,108,7.86,4341803,7.86,7.85863,-3.94457,4.32204,0.0139,0.07987,-0.05773,88.39521,5.81701,-44.21222
36.077608,-79.009183,7,0.14,108,7.83,4342603,7.83,7.83171,-3.90389,4.43809,-0.04704,-0.01695,0.01619,87.89828,5.18854,-44.63607
36.077608,-79.009183,7,0.14,107.9,7.82,4342803,7.82,7.81735,-3.85364,4.48535,-0.02947,-0.00718,-0.00901,87.60596,5.08623,-45.03069
36.07761,-79.009183,7,0.25,107.9,7.75,4343603,7.75,7.75095,-3.89851,4.57089,-0.05544,0.01405,-0.02275,88.0152,5.8024,-45.35223
36.07761,-79.009183,7,0.25,107.4,7.75,4343803,7.75,7.74916,-3.84287,4.56909,-0.05391,0.0394,0.01161,87.51827,5.78778,-44.60684
36.077611,-79.009182,7,0.25,107.4,7.86,4344603,7.86,7.85803,-3.86202,4.46142,-0.00962,0.02535,-0.01634,87.60596,5.26162,-45.23531
36.077611,-79.009182,7,0.25,107.2,7.83,4344803,7.83,7.82632,-3.89671,4.48295,-0.02077,0.00596,-0.01008,88.0152,5.5247,-45.03069
36.077612,-79.009181,7,0.12,107.2,7.8,4345603,7.8,7.8024,-3.77408,4.58943,-0.00779,0.02474,-0.02153,87.1675,4.92546,-45.24993
36.077612,-79.009181,7,0.12,107,7.84,4345803,7.84,7.84487,-3.85663,4.49432,0.00611,0.04856,-0.03512,88.14674,5.15931,-45.29377
36.077613,-79.00918,7,0.15,107,7.83,4346603,7.83,7.82812,-3.91346,4.4004,-0.04398,-0.00565,0.00764,87.98597,6.09471,-45.07454
36.077613,-79.00918,7,0.15,106.6,7.82,4346803,7.82,7.82333,-3.86082,4.48834,-0.03589,0.00244,0.00412,88.13213,5.43701,-44.95761
36.077615,-79.009179,7,0.09,106.6,7.84,4347603,7.84,7.83709,-3.96012,4.35793,-0.02077,0.00977,-0.01054,87.09441,5.34931,-44.753
36.077615,-79.009179,7,0.09,106.2,7.82,4347803,7.82,7.82214,-3.92184,4.37229,-0.03971,-0.00519,0.00321,87.41595,5.7147,-44.12453
36.077617,-79.009179,7,0.18,106.2,7.79,4348603,7.79,7.79342,-3.8022,4.57867,-0.01695,0.01802,-0.01344,87.70827,4.85238,-45.71763
36.077617,-79.009179,7,0.18,105.5,7.81,4348803,7.81,7.80838,-3.78186,4.52722,-0.00596,0.0255,-0.01527,87.92751,4.92546,-45.73224
36.077621,-79.009179,7,0.21,105.5,7.83,4349603,7.83,7.8335,-3.87817,4.45065,-0.01558,0.02459,-0.01252,88.0152,5.23239,-45.42531
36.077621,-79.009179,7,0.21,104.5,7.83,4349803,7.83,7.83231,-3.88475,4.43211,-0.01222,0.02611,-0.0171,87.94212,5.78778,-46.27302
36.077622,-79.009179,7,0.07,104.5,7.83,4350603,7.83,7.82632,-3.92184,4.38903,-0.03314,0.0084,0.00031,87.57673,5.94855,-45.2207
36.077622,-79.009179,7,0.07,103.9,7.84,4350803,7.84,7.83709,-3.8991,4.40997,-0.02856,0.00092,-0.00153,87.57673,5.39316,-44.31453
36.077623,-79.00918,7,0.08,103.9,7.82,4351603,7.82,7.81974,-3.8022,4.51107,-0.02993,0.00122,0.00565,87.98597,5.27624,-46.08302
36.077623,-79.00918,7,0.08,103.4,7.82,4351803,7.82,7.81795,-3.81057,4.54277,-0.02382,-0.00153,-0.01084,87.72289,5.08623,-45.70301
36.077624,-79.00918,7,0.13,103.4,7.8,4352603,7.8,7.79641,-3.75075,4.6325,-0.02505,0.02275,-0.00993,87.13827,4.70623,-46.43379
36.077624,-79.00918,7,0.13,103,7.8,4352803,7.8,7.8018,-3.75015,4.6002,-0.00015,0.031,-0.02398,87.34288,5.32008,-46.17071
36.077625,-79.009182,7,0.22,103,7.84,4353603,7.84,7.84307,-3.87817,4.47577,-0.02611,0.01344,-0.00702,87.51827,5.91932,-45.00146
36.077625,-79.009182,7,0.22,102.2,7.83,4353803,7.83,7.82812,-3.87877,4.45304,-0.02092,0.01604,-0.01069,87.76674,5.39316,-45.83455
36.077626,-79.009183,7,0.2,102.2,7.83,4354603,7.83,7.83111,-3.89073,4.48295,-0.02795,0.02001,-0.01252,87.72289,5.08623,-45.39608
36.077626,-79.009183,7,0.2,101.8,7.83,4354803,7.83,7.83111,-3.85304,4.46321,-0.03696,-0.00977,0.0171,87.53288,5.02777,-46.11225
36.077626,-79.009184,7,0.17,101.8,7.84,4355603,7.84,7.83769,-3.91406,4.34477,-0.03146,0.01787,-0.00153,87.79597,6.08009,-44.65068
36.077626,-79.009184,7,0.17,101.5,7.84,4355803,7.84,7.84068,-3.90329,4.37408,-0.05574,-0.01878,-0.01313,88.35136,6.21163,-44.70915
36.077625,-79.009185,7,0.16,101.5,7.78,4356603,7.78,7.78266,-3.8022,4.60858,-0.03604,-0.00336,-0.02947,87.38673,5.43701,-45.58609
36.077625,-79.009185,7,0.16,101.4,7.76,4356803,7.76,7.76351,-3.81296,4.7001,-0.05253,-0.00916,-0.0171,86.94827,5.61239,-45.86378
36.077625,-79.009185,7,0.15,101.4,7.67,4357603,7.67,7.6684,-3.87219,4.76232,0.01344,-0.00031,0.00626,87.1675,5.83163,-46.09763
36.077625,-79.009185,7,0.15,101.1,7.69,4357803,7.69,7.69352,-3.84287,4.75155,0.02077,-0.00779,0.04047,86.81672,5.90471,-47.58842
36.077625,-79.009187,7,0.17,101.1,7.83,4358603,7.83,7.82812,-3.76929,4.54457,-0.01084,0.02871,-0.04154,87.18211,4.95469,-47.12073
36.077625,-79.009187,5,0.17,101,7.8,4358803,7.8,7.80479,-3.82433,4.54337,-0.01527,0.01772,-0.01222,87.60596,5.30547,-46.03917
36.077624,-79.009189,5,0.15,101,7.76,4359603,7.76,7.76112,-3.88176,4.57807,-0.0817,0.03222,-0.02199,87.57673,5.97778,-44.92838
36.077624,-79.009189,5,0.15,101,7.72,4359803,7.72,7.72104,-3.89013,4.62473,-0.02092,-0.00855,0.01359,87.40134,6.44548,-45.55685
36.077624,-79.009189,5,0.12,101,7.73,4360603,7.73,7.7348,-3.82553,4.73779,0.05284,0.11698,-0.01008,87.51827,5.75855,-45.19146
36.077624,-79.009189,5,0.12,100.9,7.78,4360803,7.78,7.77966,-3.92004,4.55414,0.02886,0.05986,-0.04887,87.60596,6.21163,-44.34376
36.077623,-79.009191,5,0.21,100.9,7.72,4361603,7.72,7.72463,-3.72562,4.73779,-0.03543,-0.00535,0.00214,86.81672,5.23239,-46.14148
36.077623,-79.009191,5,0.21,100.9,7.76,4361803,7.76,7.76232,-3.75733,4.78265,-0.00412,0.04246,-0.03604,87.86904,5.39316,-46.22917
36.077622,-79.009192,5,0.33,100.9,7.82,4362603,7.82,7.81795,-4.05045,4.35135,-0.0139,0.02459,-0.01573,88.11751,7.17626,-43.67144
36.077622,-79.009192,5,0.33,101.1,7.8,4362803,7.8,7.8012,-4.0014,4.37946,-0.06826,-0.04704,0.03482,87.92751,6.88395,-44.65068
36.077621,-79.009194,5,0.18,101.1,7.72,4363603,7.72,7.71805,-3.73101,4.75873,-0.03543,-0.00611,0.01374,87.44519,5.08623,-45.86378
36.077621,-79.009194,5,0.18,101.3,7.7,4363803,7.7,7.70309,-3.73759,4.8006,-0.00214,0.02734,-0.02275,87.03596,5.5247,-45.6884
36.07762,-79.009195,5,0.15,101.3,7.77,4364603,7.77,7.77428,-4.01217,4.41536,-0.01023,0.02734,-0.02001,88.38059,6.67933,-44.69453
36.07762,-79.009195,5,0.15,101.5,7.79,4364803,7.79,7.79402,-4.02772,4.35015,-0.02657,0.00275,-0.00275,88.07366,6.84011,-45.10377
36.077619,-79.009196,5,0.2,101.5,7.78,4365603,7.78,7.78445,-4.02533,4.38425,-0.01268,0.03329,-0.01955,87.8252,7.00088,-44.69453
36.077619,-79.009196,7,0.2,101.5,7.79,4365803,7.79,7.79283,-4.0343,4.37408,-0.01772,0.01756,-0.00932,88.39521,6.67933,-44.15376
36.077618,-79.009197,7,0.39,101.5,7.77,4366603,7.77,7.77009,-3.78724,4.68275,-0.05681,-0.03864,0.02306,88.21982,5.23239,-46.59456
36.077618,-79.009197,6,0.39,101.7,7.76,4366803,7.76,7.76411,-3.7687,4.68216,-0.0255,0.01756,-0.00748,87.51827,5.55393,-46.50687
36.077618,-79.009198,6,0.29,101.7,7.83,4367603,7.83,7.82573,-3.97149,4.43091,-0.00443,0.02474,-0.02046,88.11751,5.84624,-45.27916
36.077618,-79.009198,7,0.29,101.6,7.78,4367803,7.78,7.78146,-3.96132,4.40878,-0.04414,-0.02184,0.00718,87.69366,5.74393,-44.97223
36.077616,-79.009199,7,0.3,101.6,7.79,4368603,7.79,7.79462,-3.85903,4.56969,-0.01008,0.03421,-0.02337,87.63519,5.62701,-45.62993
36.077616,-79.009199,7,0.3,102,7.77,4368803,7.77,7.7689,-3.8991,4.55893,-0.01222,0.02703,-0.01665,87.86904,6.10932,-45.24993
36.077613,-79.009201,7,0.18,102,7.66,4369603,7.66,7.66002,-3.91047,4.42313,-0.03039,0.00489,0.00336,87.79597,6.57702,-44.69453
36.077613,-79.009201,7,0.18,102.6,7.78,4369803,7.78,7.78146,-3.92004,4.51047,-0.02978,0.00046,0.00275,87.75212,6.38702,-45.55685
36.077609,-79.009202,7,0.07,102.6,7.78,4370603,7.78,7.77847,-3.88235,4.51227,-0.01237,0.031,-0.01604,87.81059,5.9924,-45.51301
36.077609,-79.009202,7,0.07,103.5,7.78,4370803,7.78,7.77667,-3.92004,4.51107,-0.00687,0.02031,-0.01756,87.97135,6.21163,-44.73838
36.077602,-79.0092,7,0.13,103.5,7.78,4371603,7.78,7.77787,-3.84048,4.60678,-0.03238,-0.0026,0.00183,87.86904,5.77317,-45.24993
36.077602,-79.0092,7,0.13,105,7.75,4371803,7.75,7.74796,-3.80818,4.57807,-0.02245,0.00214,-0.00718,87.59135,5.34931,-45.93686
36.077595,-79.009199,7,0.15,105,7.82,4372603,7.82,7.81974,-3.79681,4.52842,-0.00275,0.04368,-0.00244,87.59135,5.04239,-45.29377
36.077595,-79.009199,7,0.15,106.7,7.83,4372803,7.83,7.83051,-3.86082,4.49611,0.02703,0.03696,-0.03161,87.89828,6.00702,-45.05993
36.07759,-79.0092,7,0.17,106.7,7.87,4373603,7.87,7.8682,-3.83749,4.40758,-0.05238,-0.02275,0.02581,87.66443,5.64162,-44.70915
36.07759,-79.0092,7,0.17,108,7.85,4373803,7.85,7.84846,-3.7992,4.48714,-0.01405,-0.06246,0.00947,87.5475,5.26162,-44.70915
36.077584,-79.0092,7,0.13,108,7.86,4374603,7.86,7.85683,-3.87338,4.42074,-0.00886,0.04368,-0.0226,87.57673,5.65624,-44.57761
36.077584,-79.0092,7,0.13,109.6,7.82,4374803,7.82,7.81615,-3.88176,4.40937,-0.01115,0.01237,-0.01817,87.81059,5.46624,-44.65068
36.077576,-79.009197,7,0.05,109.6,7.88,4375603,7.88,7.88136,-3.94756,4.31067,-0.00932,0.03482,-0.02703,87.94212,6.29933,-45.23531
36.077576,-79.009197,7,0.05,111.4,7.87,4375803,7.87,7.8676,-3.94517,4.31845,-0.02535,0.01405,-0.00137,87.69366,6.62087,-44.51915
36.07757,-79.009196,7,0.2,111.4,7.83,4376603,7.83,7.8347,-3.82373,4.50748,-0.02459,0.00382,-0.00519,87.89828,5.37854,-45.73224
36.07757,-79.009196,7,0.2,113.1,7.84,4376803,7.84,7.83949,-3.83629,4.46202,-0.01069,0.04154,-0.0281,87.75212,5.55393,-44.69453
36.077562,-79.009194,7,0.02,113.1,7.77,4377603,7.77,7.7665,-3.94397,4.5021,-0.03604,0.00183,-0.01955,87.78135,6.43087,-44.97223
36.077562,-79.009194,7,0.02,114.8,7.73,4377803,7.73,7.7348,-3.96251,4.50568,-0.02153,-0.00687,-0.00687,87.67904,6.28471,-46.56533
36.077556,-79.009192,7,0.16,114.8,7.94,4378603,7.94,7.93819,-3.73759,4.65284,-0.07269,0.00641,-0.01848,87.57673,4.95469,-46.15609
36.077556,-79.009192,7,0.16,116.5,7.78,4378803,7.78,7.77787,-3.73041,4.70549,0.00122,0.02046,-0.0055,87.88366,4.69161,-46.55072
36.077549,-79.009191,7,0.1,116.5,7.8,4379603,7.8,7.8024,-3.91047,4.46919,-0.00244,0.04765,-0.03192,87.88366,5.90471,-45.01608
36.077549,-79.009191,7,0.1,118.2,7.8,4379803,7.8,7.8018,-3.94158,4.45843,-0.02321,0.02398,-0.01695,88.05905,5.93394,-45.6884
36.077542,-79.009187,7,0.02,118.2,7.8,4380603,7.8,7.8,-3.78903,4.60738,-0.01573,0.03192,-0.01069,87.56211,5.51008,-46.30225
36.077542,-79.009187,7,0.02,119.8,7.8,4380803,7.8,7.8018,-3.82612,4.54576,0.00977,0.05116,-0.03619,87.72289,5.17393,-46.24379
36.077535,-79.009185,7,0.07,119.8,7.66,4381603,7.66,7.65763,-3.90269,4.44287,-0.02443,0.00412,-0.00809,87.85442,6.16779,-45.4107
36.077535,-79.009185,7,0.07,121.4,7.81,4381803,7.81,7.81436,-3.92722,4.4345,-0.02306,0.00428,-0.00733,87.7375,6.03625,-46.24379
36.077529,-79.009182,7,0.21,121.4,7.81,4382603,7.81,7.80539,-3.91047,4.46979,-0.00855,0.031,-0.02001,87.44519,6.35779,-45.89301
36.077529,-79.009182,7,0.21,122.7,7.82,4382803,7.82,7.82214,-3.95653,4.41715,0.00367,0.04184,-0.03146,87.3575,6.48933,-45.36685
36.077525,-79.009181,7,0.05,122.7,7.82,4383603,7.82,7.82214,-3.88654,4.47817,-0.05147,-0.03314,0.01833,87.45981,6.54779,-45.20608
36.077525,-79.009181,7,0.05,123.7,7.8,4383803,7.8,7.8,-3.85783,4.49432,-0.02077,0.01619,-0.00733,87.10903,6.10932,-45.54224
36.077524,-79.009184,7,0.53,123.7,7.67,4384603,7.67,7.67498,-3.95833,4.3675,-0.03497,-0.00748,0.00565,87.3575,6.63549,-45.26454
36.077524,-79.009184,7,0.53,124.2,7.8,4384803,7.8,7.79641,-3.9344,4.44347,-0.05238,-0.03344,0.02841,87.7375,6.37241,-45.77609
36.077522,-79.009182,7,0.13,124.2,7.77,4385603,7.77,7.77308,-3.87577,4.52961,-0.03192,0.05574,-0.00107,87.60596,6.24087,-45.14762
36.077522,-79.009182,7,0.13,124.5,7.82,4385803,7.82,7.82393,-3.86202,4.52303,-0.00336,0.0113,0.00932,87.60596,5.68547,-45.54224
36.077522,-79.009181,7,0.07,124.5,7.87,4386603,7.87,7.867,-4.09352,4.15454,0.01756,0.06292,-0.04475,88.48289,7.24934,-44.31453
36.077522,-79.009181,6,0.07,124.7,7.9,4386803,7.9,7.9005,-4.11565,4.08395,-0.05315,0.02764,-0.02459,87.75212,7.41011,-44.62146
36.077521,-79.009181,6,0.15,124.7,7.79,4387603,7.79,7.79223,-3.85962,4.52722,0.02978,-0.01206,0.03528,87.95674,5.36393,-45.58609
36.077521,-79.009181,6,0.15,124.6,7.82,4387803,7.82,7.82094,-3.8991,4.5015,0.04994,0.02352,-0.00443,87.83981,5.40778,-45.36685
36.07752,-79.00918,6,0.13,124.6,7.83,4388603,7.83,7.8329,-3.8333,4.48714,-0.07193,-0.05696,0.03421,87.70827,6.10932,-45.70301
36.07752,-79.00918,6,0.13,124.7,7.81,4388803,7.81,7.80838,-3.78305,4.59601,-0.04246,-0.01924,-0.0029,87.64981,5.40778,-45.71763
36.077519,-79.00918,6,0.05,124.7,7.85,4389603,7.85,7.84666,-3.90688,4.58764,-0.0226,0.011,-0.00473,88.21982,6.13856,-45.14762
36.077519,-79.00918,6,0.05,124.7,7.84,4389803,7.84,7.84307,-3.88774,4.3998,-0.04917,-0.02107,0.01191,87.72289,5.74393,-45.29377
36.077518,-79.009178,6,0.05,124.7,7.81,4390603,7.81,7.81316,-3.80878,4.53978,0.02352,0.07391,-0.04581,87.95674,5.93394,-45.17685
36.077518,-79.009178,6,0.05,124.6,7.83,4390803,7.83,7.82932,-3.93619,4.4016,0.02825,0.08522,-0.05513,87.64981,6.43087,-44.89915
36.077517,-79.009176,6,0.12,124.6,7.83,4391603,7.83,7.82692,-3.82313,4.53619,-0.04261,-0.01084,0.01726,87.78135,5.45162,-46.02456
36.077517,-79.009176,6,0.12,124.9,7.81,4391803,7.81,7.81257,-3.78545,4.5667,-0.03955,-0.01542,0.00855,88.14674,4.89623,-46.12686
36.077517,-79.009175,6,0.03,124.9,7.86,4392603,7.86,7.85982,-3.89671,4.37169,0.00825,0.01741,0.00015,87.64981,5.75855,-46.50687
36.077517,-79.009175,6,0.03,125,7.84,4392803,7.84,7.84248,-3.91466,4.40339,-0.04658,0.00794,-0.00351,88.1029,5.45162,-45.79071
36.077516,-79.009172,6,0.06,125,7.84,4393603,7.84,7.83649,-4.002,4.26401,0.00901,0.06017,-0.04047,88.16135,6.4601,-45.17685
36.077516,-79.009172,7,0.06,125.1,7.86,4393803,7.86,7.85982,-4.03011,4.22991,-0.02138,0.01772,-0.01008,87.66443,6.16779,-44.91377
36.077514,-79.00917,7,0.15,125.1,7.81,4394603,7.81,7.80539,-3.78664,4.56192,-0.03772,-0.00702,0.00305,87.47443,5.20316,-46.60918
36.077514,-79.00917,7,0.15,125.5,7.8,4394803,7.8,7.8024,-3.78784,4.54576,-0.00932,0.02673,-0.02062,87.75212,5.34931,-46.33148
36.077514,-79.009169,7,0.0,125.5,7.82,4395603,7.82,7.81675,-3.89851,4.41775,-0.073,-0.04016,0.03299,88.51213,5.62701,-45.61532
36.077514,-79.009169,7,0.0,125.4,7.8,4395803,7.8,7.8012,-3.81057,4.52423,-0.04047,-0.02275,0.01115,88.13213,4.63315,-45.10377
36.077512,-79.009165,7,0.14,125.4,7.86,4396603,7.86,7.85803,-3.99362,4.24247,-0.0113,0.01863,-0.01878,88.08828,6.37241,-45.42531
36.077512,-79.009165,7,0.14,125.8,7.84,4396803,7.84,7.84188,-3.98884,4.29691,-0.0368,-0.0058,0.00886,87.79597,6.57702,-44.4753
36.07751,-79.009163,7,0.1,125.8,7.86,4397603,7.86,7.85803,-3.94397,4.35434,-0.0087,0.03054,-0.0168,88.26366,6.25548,-44.43145
36.07751,-79.009163,7,0.1,126.2,7.82,4397803,7.82,7.82333,-3.94277,4.32802,-0.03299,-0.02153,0.00596,88.04443,6.22625,-45.26454
36.077508,-79.009161,7,0.1,126.2,7.83,4398603,7.83,7.82632,-3.77827,4.56192,-0.00672,0.03054,-0.0226,87.63519,4.79392,-46.36071
36.077508,-79.009161,7,0.1,126.6,7.81,4398803,7.81,7.80838,-3.82852,4.54158,-0.00489,0.03268,-0.0255,87.63519,5.78778,-45.48378
36.077503,-79.009158,7,0.15,126.6,7.69,4399603,7.69,7.68993,-3.89851,4.43928,-0.03314,-0.00336,-0.00199,87.9129,6.40164,-46.12686
36.077503,-79.009158,7,0.15,127.7,7.81,4399803,7.81,7.81017,-3.89252,4.46022,-0.02642,0.00657,-0.00397,88.14674,5.5247,-45.07454
36.0775,-79.009156,7,0.17,127.7,7.82,4400603,7.82,7.82214,-3.88056,4.46082,-0.01573,0.0255,-0.00305,88.14674,5.91932,-44.91377
36.0775,-79.009156,7,0.17,128.3,7.85,4400803,7.85,7.85324,-3.86919,4.44168,-0.02123,0.01405,-0.01237,88.00058,5.7147,-44.44607
36.077497,-79.009154,7,0.16,128.3,7.81,4401603,7.81,7.81376,-3.83869,4.49133,-0.02337,0.00702,-0.00458,88.24905,6.34317,-45.26454
36.077497,-79.009154,7,0.16,128.8,7.85,4401803,7.85,7.85205,-3.85783,4.47039,-0.00397,0.03176,-0.01939,88.36597,5.59778,-45.45455
36.077495,-79.009153,7,0.1,128.8,7.7,4402603,7.7,7.69771,-3.93201,4.40339,-0.04719,-0.02627,0.01374,88.27828,5.96317,-44.78223
36.077495,-79.009153,7,0.1,129.4,7.81,4402803,7.81,7.80778,-3.82732,4.49492,-0.06322,-0.03971,0.03314,87.76674,5.26162,-45.71763
36.077494,-79.009153,7,0.07,129.4,7.81,4403603,7.81,7.81436,-3.8656,4.47577,0.01756,0.06261,-0.04123,87.64981,6.15317,-45.51301
36.077494,-79.009153,7,0.07,129.7,7.82,4403803,7.82,7.82274,-3.92543,4.44467,-0.02673,0.02016,-0.00519,88.2929,6.00702,-45.19146
36.077493,-79.009153,7,0.05,129.7,7.78,4404603,7.78,7.77907,-3.71127,4.71865,-0.00504,0.01176,-0.01604,87.62058,5.21777,-46.55072
36.077493,-79.009153,7,0.05,129.9,7.76,4404803,7.76,7.76411,-3.77408,4.62832,0.02275,0.07055,-0.06017,87.5475,4.75007,-45.96609
36.077493,-79.009154,7,0.03,129.9,7.79,4405603,7.79,7.79462,-3.8656,4.52423,-0.03986,-0.00596,0.00886,88.30751,5.8024,-45.26454
36.077493,-79.009154,7,0.03,130,7.79,4405803,7.79,7.79462,-3.85663,4.54816,-0.02657,0.00397,-0.00489,88.23444,5.48085,-45.05993
36.077493,-79.009154,7,0.09,130,7.82,4406603,7.82,7.82453,-4.01635,4.34656,-0.0252,0.00702,-0.00397,88.13213,5.97778,-44.76761
36.077493,-79.009154,7,0.09,130,7.84,4406803,7.84,7.83949,-3.96012,4.37049,-0.05085,-0.02046,0.02749,87.40134,5.96317,-44.89915
36.077491,-79.009155,7,0.14,130,7.81,4407603,7.81,7.81077,-3.95115,4.41536,0.01649,0.07407,-0.04291,88.36597,5.83163,-44.72376
36.077491,-79.009155,7,0.14,130.3,7.82,4407803,7.82,7.82393,-4.04208,4.26102,0.01206,0.0478,-0.03451,88.39521,6.62087,-43.94914
36.077488,-79.009154,7,0.05,130.3,7.79,4408603,7.79,7.79223,-3.82792,4.57807,-0.0307,-0.00916,0.0055,87.53288,5.17393,-46.38994
36.077488,-79.009154,7,0.05,130.8,7.79,4408803,7.79,7.78684,-3.82313,4.60858,-0.02459,0.01069,-0.011,87.32827,5.27624,-46.08302
36.077486,-79.009154,7,0.15,130.8,7.81,4409603,7.81,7.81316,-3.93201,4.42672,-0.02581,0.00199,-0.01374,87.29903,6.6501,-45.17685
36.077486,-79.009154,7,0.15,131.2,7.77,4409803,7.77,7.77129,-3.95474,4.5003,-0.0536,-0.02764,-0.00443,87.44519,6.31394,-45.133
36.077483,-79.009154,7,0.21,131.2,7.61,4410603,7.61,7.60918,-4.07318,4.69711,0.11515,-0.06307,0.02642,87.28442,7.08857,-47.20842
36.077483,-79.009154,7,0.21,131.6,7.6,4410803,7.6,7.59781,-4.08874,4.81376,0.13454,-0.11866,0.10919,86.67056,7.01549,-49.0646
36.07748,-79.009154,7,0.22,131.6,7.93,4411603,7.93,7.92563,-3.64606,4.43928,-0.06429,0.17608,-0.05483,86.34902,3.68313,-48.36305
36.07748,-79.009154,7,0.22,132.2,7.98,4411803,7.98,7.98066,-3.72622,4.27597,-0.17119,0.16035,-0.1689,87.26981,4.48699,-46.69687
36.077478,-79.009153,7,0.14,132.2,7.76,4412603,7.76,7.75514,-3.75554,4.68634,-0.12065,0.10018,-0.05131,87.72289,5.5247,-45.30839
36.077478,-79.009153,7,0.14,132.6,7.84,4412803,7.84,7.8359,-3.75733,4.56192,-0.0423,0.14936,-0.03467,88.81905,6.38702,-44.86992
36.077476,-79.009154,7,0.18,132.6,7.85,4413603,7.85,7.84666,-3.84407,4.45544,-0.07391,-0.0504,-0.02474,88.86291,7.07396,-42.66296
36.077476,-79.009154,7,0.18,132.9,7.8,4413803,7.8,7.79821,-3.81356,4.62772,-0.03192,-0.0646,0.00993,88.97983,6.86934,-43.75914
36.077473,-79.009155,7,0.21,132.9,7.81,4414603,7.81,7.80838,-3.86381,4.50688,0.2222,-0.05589,0.11622,87.56211,5.93394,-45.73224
36.077473,-79.009155,7,0.21,133.5,7.86,4414803,7.86,7.85863,-3.83689,4.45065,0.09667,-0.0562,0.11744,87.70827,5.39316,-45.8784
36.07747,-79.009155,7,0.18,133.5,7.91,4415603,7.91,7.90768,-3.72981,4.41655,-0.0084,0.01313,-0.01115,87.67904,4.89623,-47.04765
36.07747,-79.009155,7,0.18,133.9,7.9,4415803,7.9,7.8999,-3.72802,4.47697,-0.04383,-0.01359,0.00061,87.3575,4.91084,-45.99532
36.077468,-79.009156,7,0.22,133.9,7.85,4416603,7.85,7.84906,-3.96072,4.30947,-0.08964,0.03528,-0.06674,87.41595,5.37854,-45.4107
36.077468,-79.009156,7,0.22,134.3,7.8,4416803,7.8,7.8012,-3.97029,4.3998,-0.10583,-0.00641,-0.04505,87.81059,6.63549,-45.35223
36.077466,-79.009157,7,0.21,134.3,7.78,4417603,7.78,7.77727,-3.80399,4.63609,-0.00947,0.00901,-0.0087,88.11751,5.8024,-45.77609
36.077466,-79.009157,7,0.21,134.9,7.75,4417803,7.75,7.74856,-3.82911,4.60678,-0.01512,0.03207,-0.01955,87.63519,5.13008,-46.33148
36.077465,-79.009158,7,0.17,134.9,7.83,4418603,7.83,7.8329,-3.84826,4.46202,0.06704,0.05773,0.00825,88.16135,5.65624,-45.70301
36.077465,-79.009158,7,0.17,135.2,7.89,4418803,7.89,7.89153,-3.88235,4.33579,0.04505,0.05544,-0.00428,87.83981,5.90471,-45.48378
36.077463,-79.009158,7,0.26,135.2,7.85,4419603,7.85,7.85444,-3.935,4.32742,-0.02886,0.0087,0.00351,87.7375,6.41625,-44.86992
36.077463,-79.009158,7,0.26,135.5,7.81,4419803,7.81,7.80718,-3.91286,4.39442,-0.03024,-0.02367,-0.0055,88.35136,5.81701,-45.36685
36.077462,-79.009158,7,0.12,135.5,7.86,4420603,7.86,7.85923,-3.9015,4.34836,0.00718,0.05208,-0.03299,88.07366,6.19702,-44.6653
36.077462,-79.009158,7,0.12,135.8,7.87,4420803,7.87,7.86999,-3.95534,4.28196,-0.01008,0.02367,-0.0168,88.11751,6.19702,-45.08916
36.077461,-79.009158,7,0.14,135.8,7.85,4421603,7.85,7.84607,-3.88116,4.40758,-0.02092,0.0055,-0.0055,87.97135,5.45162,-45.4107
36.077461,-79.009158,7,0.14,136.3,7.83,4421803,7.83,7.82991,-3.89013,4.40818,-0.02611,0.00718,-0.0084,87.85442,5.27624,-45.42531
36.077458,-79.009158,7,0.16,136.3,7.82,4422603,7.82,7.81735,-3.84227,4.46321,-0.02306,0.00565,-0.00535,87.81059,4.92546,-45.86378
36.077458,-79.009158,7,0.16,137.1,7.86,4422803,7.86,7.86281,-3.87458,4.40818,0.02184,0.05055,-0.04291,88.05905,5.15931,-45.83455
36.077455,-79.009155,7,0.22,137.1,7.84,4423603,7.84,7.84427,-3.92124,4.44407,-0.05925,-0.02459,0.02795,88.21982,5.70009,-44.82608
36.077455,-79.009155,7,0.22,137.8,7.84,4423803,7.84,7.8359,-3.84826,4.48116,-0.03283,-0.00107,0.00962,87.60596,5.5247,-46.0684
36.077452,-79.009152,7,0.22,137.8,7.86,4424603,7.86,7.85564,-3.94876,4.28495,-0.01573,0.01466,-0.00733,88.08828,5.59778,-45.33762
36.077452,-79.009152,7,0.22,138.8,7.87,4424803,7.87,7.8676,-3.94636,4.31366,-0.02153,0.00687,-0.00611,88.30751,5.62701,-46.09763
36.077449,-79.009151,7,0.2,138.8,7.86,4425603,7.86,7.85564,-3.92722,4.30888,-0.03711,0.00718,0.00611,88.21982,5.8024,-45.49839
36.077449,-79.009151,7,0.2,139.7,7.85,4425803,7.85,7.84607,-3.89432,4.39203,-0.03451,-0.01542,0.00092,87.63519,5.27624,-46.02456
36.077447,-79.009149,7,0.17,139.7,7.83,4426603,7.83,7.82692,-3.83869,4.44228,-0.00687,0.02214,-0.02169,87.51827,5.26162,-45.79071
36.077447,-79.009149,7,0.17,140.4,7.82,4426803,7.82,7.82154,-3.87219,4.45603,-0.02673,0.03115,-0.02413,88.00058,5.9924,-45.92225
36.077443,-79.009147,7,0.16,140.4,7.83,4427603,7.83,7.8347,-3.85903,4.47637,-0.02153,0.01206,-0.00657,87.72289,5.48085,-45.00146
36.077443,-79.009147,6,0.16,141.4,7.86,4427803,7.86,7.85624,-3.85783,4.40818,-0.01665,0.02734,-0.0084,87.94212,4.73546,-44.72376
36.07744,-79.009145,6,0.17,141.4,7.83,4428603,7.83,7.83171,-3.84586,4.48295,-0.03619,-0.01161,0.00565,87.64981,5.20316,-45.48378
36.07744,-79.009145,6,0.17,142.5,7.81,4428803,7.81,7.81197,-3.82971,4.49133,-0.011,0.02902,-0.01726,88.1029,5.37854,-46.19994
36.077435,-79.009141,6,0.2,142.5,7.83,4429603,7.83,7.82752,-3.92004,4.37707,-0.06735,-0.03879,0.01695,88.0152,5.81701,-45.83455
36.077435,-79.009141,6,0.2,143.7,7.84,4429803,7.84,7.8359,-3.8668,4.48535,-0.03894,-0.0171,0.01497,87.37212,5.55393,-46.2584
36.077432,-79.009139,6,0.12,143.7,7.81,4430603,7.81,7.81436,-3.83689,4.52902,-0.03971,0.00046,0.01069,87.64981,5.83163,-45.86378
36.077432,-79.009139,6,0.12,144.8,7.84,4430803,7.84,7.83829,-3.83031,4.51406,-0.02062,0.00382,-0.00764,87.95674,5.10085,-45.8784
36.077427,-79.009137,6,0.21,144.8,7.84,4431603,7.84,7.83889,-3.9673,4.35793,-0.02062,0.01344,-0.00993,87.64981,5.70009,-44.69453
36.077427,-79.009137,6,0.21,146,7.83,4431803,7.83,7.83231,-3.97149,4.334,-0.01848,0.02031,-0.01237,87.97135,6.24087,-45.19146
36.077424,-79.009135,6,0.25,146,7.86,4432603,7.86,7.85683,-3.94038,4.32981,-0.04444,-0.00825,0.01787,88.46828,6.16779,-45.133
36.077424,-79.009135,6,0.25,146.8,7.86,4432803,7.86,7.85743,-3.92961,4.37408,-0.02627,0.00916,-0.00886,88.1029,5.8024,-46.47764
36.07742,-79.009132,6,0.25,146.8,7.83,4433603,7.83,7.82513,-4.02652,4.2329,-0.07605,0.01191,-0.03604,88.46828,6.63549,-44.65068
36.07742,-79.009132,7,0.25,147.9,7.85,4433803,7.85,7.84607,-4.00559,4.32921,-0.07162,-0.01252,-0.00733,88.46828,6.84011,-45.71763
36.077418,-79.009129,7,0.17,147.9,7.83,4434603,7.83,7.82573,-3.91585,4.38963,-0.01512,0.01298,0.0281,88.13213,6.08009,-45.08916
36.077418,-79.009129,7,0.17,148.6,7.85,4434803,7.85,7.85145,-3.93619,4.3352,-0.02841,0.01451,-0.01054,87.63519,5.13008,-44.98685
36.077417,-79.009127,7,0.09,148.6,7.84,4435603,7.84,7.8359,-3.9015,4.39023,-0.00794,0.03115,-0.01772,88.2929,5.86086,-44.6653
36.077417,-79.009127,6,0.09,149,7.85,4435803,7.85,7.84726,-3.91227,4.39023,-0.02352,0.00886,-0.00535,88.33674,5.81701,-45.30839
36.077415,-79.009124,6,0.15,149,7.83,4436603,7.83,7.8341,-3.85364,4.50987,-0.01878,0.00702,-0.00596,88.0152,5.56855,-45.52762
36.077415,-79.009124,7,0.15,149.6,7.82,4436803,7.82,7.82274,-3.85005,4.48654,-0.03283,0.0113,-0.00382,87.89828,5.43701,-45.46916
36.077413,-79.009122,7,0.22,149.6,7.85,4437603,7.85,7.84666,-3.93201,4.38305,-0.0113,0.02428,-0.01924,88.2052,6.08009,-45.42531
36.077413,-79.009122,7,0.22,150.1,7.83,4437803,7.83,7.82692,-3.9015,4.401,-0.04123,-0.00367,0.00825,88.05905,5.56855,-45.29377
36.077413,-79.009119,7,0.17,150.1,7.81,4438603,7.81,7.80958,-3.91346,4.34178,-0.00031,0.03406,-0.0307,88.0152,5.37854,-45.71763
36.077413,-79.009119,7,0.17,150.2,7.85,4438803,7.85,7.85205,-3.9344,4.37348,-0.01741,0.02718,-0.01344,88.1029,6.10932,-45.73224
36.077412,-79.009116,7,0.12,150.2,7.85,4439603,7.85,7.85324,-3.87637,4.47697,-0.00611,0.01069,-0.00718,88.32213,5.55393,-45.86378
36.077412,-79.009116,7,0.12,150.5,7.83,4439803,7.83,7.82692,-3.86082,4.46321,-0.0255,0.01176,-0.00504,87.67904,5.20316,-45.55685
36.07741,-79.009115,7,0.1,150.5,7.83,4440603,7.83,7.8341,-3.98345,4.27597,-0.00886,0.0255,-0.01741,87.70827,5.65624,-45.133
36.07741,-79.009115,7,0.1,151.1,7.87,4440803,7.87,7.867,-4.00917,4.27179,-0.03222,0.00519,-0.00489,88.55598,5.55393,-44.72376
36.077408,-79.009113,7,0.16,151.1,7.82,4441603,7.82,7.81735,-3.90868,4.38903,-0.01527,0.02841,-0.01634,87.83981,5.40778,-46.50687
36.077408,-79.009113,7,0.16,151.6,7.82,4441803,7.82,7.81915,-3.935,4.42911,-0.01604,-0.01145,-0.01283,87.67904,5.057,-46.31686
36.077408,-79.009112,7,0.18,151.6,7.77,4442603,7.77,7.76531,-3.87936,4.54756,-0.0252,0.03436,-0.01374,87.76674,5.04239,-45.65916
36.077408,-79.009112,7,0.18,151.9,7.81,4442803,7.81,7.80599,-3.87518,4.52842,-0.03222,0.07483,-0.01329,87.72289,5.30547,-46.05378
36.077407,-79.009111,7,0.21,151.9,7.81,4443603,7.81,7.81376,-3.85484,4.49312,-0.02581,0.01756,-0.01008,87.72289,5.11546,-45.4107
36.077407,-79.009111,7,0.21,152.4,7.81,4443803,7.81,7.81017,-3.83869,4.48834,-0.02611,0.0223,-0.01298,87.64981,5.56855,-45.62993
36.077402,-79.009107,7,0.1,152.4,7.79,4444603,7.79,7.78624,-3.79681,4.66242,-0.02535,0.02001,-0.00687,87.79597,5.77317,-47.01841
36.077402,-79.009107,7,0.1,153.9,7.79,4444803,7.79,7.78924,-3.84826,4.58884,0.01237,0.06048,-0.03314,88.00058,5.39316,-46.28764
36.077399,-79.009105,7,0.1,153.9,7.72,4445603,7.72,7.72044,-3.82194,4.64447,-0.06246,-0.05742,-0.00321,87.76674,5.14469,-46.17071
36.077399,-79.009105,7,0.1,155,7.72,4445803,7.72,7.72463,-3.79502,4.77488,-0.04643,-0.00611,-0.01268,87.7375,5.23239,-47.0038
36.077396,-79.009104,7,0.25,155,7.75,4446603,7.75,7.75035,-3.86501,4.61217,-0.04322,-0.00519,0.01176,88.19058,5.34931,-45.64455
36.077396,-79.009104,7,0.25,155.9,7.75,4446803,7.75,7.75215,-3.82672,4.69233,-0.03986,-0.00244,0.00565,87.7375,5.45162,-46.40456
36.077394,-79.009103,7,0.22,155.9,7.8,4447603,7.8,7.79941,-3.8997,4.46919,-0.02352,0.00657,-0.00473,88.05905,5.40778,-45.67378
36.077394,-79.009103,7,0.22,156.6,7.77,4447803,7.77,7.7689,-3.90568,4.52243,-0.02795,0.00748,0.0084,87.38673,5.51008,-46.21456
36.077389,-79.0091,7,0.22,156.6,7.81,4448603,7.81,7.80958,-3.85544,4.48176,-0.02031,0.00947,-0.00672,87.66443,5.02777,-45.23531
36.077389,-79.0091,7,0.22,157.8,7.8,4448803,7.8,7.80359,-3.84168,4.49193,-0.03833,-0.00168,0.00183,88.13213,5.51008,-45.57147
36.077385,-79.009099,7,0.17,157.8,7.85,4449603,7.85,7.84786,-3.97149,4.35673,0.01161,0.01619,-0.00748,87.40134,5.86086,-45.46916
36.077385,-79.009099,7,0.17,158.9,7.81,4449803,7.81,7.81376,-3.93978,4.37229,-0.05299,-0.0142,0.01206,87.7375,5.51008,-44.86992
36.077383,-79.009098,7,0.12,158.9,7.8,4450603,7.8,7.8,-3.77109,4.65045,-0.03131,0.01023,-0.01436,87.1675,4.83777,-45.92225
36.077383,-79.009098,7,0.12,159.8,7.8,4450803,7.8,7.79582,-3.80399,4.57508,-0.00794,0.03131,-0.01298,87.32827,4.867,-45.99532
36.077379,-79.009096,7,0.35,159.8,7.82,4451603,7.82,7.81556,-3.93201,4.31964,-0.01405,0.0171,-0.01329,87.76674,6.34317,-45.35223
36.077379,-79.009096,7,0.35,160.9,7.82,4451803,7.82,7.82393,-3.95294,4.40578,-0.04062,-0.01268,0.00596,88.05905,5.90471,-45.6007
36.077375,-79.009093,7,0.25,160.9,7.8,4452603,7.8,7.803,-3.79681,4.57986,-0.00672,0.02841,-0.01985,87.83981,5.29085,-46.18533
36.077375,-79.009093,7,0.25,162.1,7.67,4452803,7.67,7.66959,-3.82433,4.52064,0.00061,0.03558,-0.02947,88.32213,5.90471,-45.96609
36.07737,-79.00909,7,0.2,162.1,7.81,4453603,7.81,7.80778,-3.96491,4.53619,-0.05162,-0.03024,0.0171,87.78135,5.34931,-45.73224
36.07737,-79.00909,7,0.2,163.2,7.8,4453803,7.8,7.79821,-3.74656,4.64148,-0.05528,-0.03467,0.01817,87.60596,5.43701,-44.79684
36.077367,-79.009088,7,0.22,163.2,7.79,4454603,7.79,7.78624,-3.91286,4.44287,0.01038,0.04627,-0.02871,88.0152,5.7147,-45.92225
36.077367,-79.009088,7,0.22,164.3,7.82,4454803,7.82,7.82214,-3.94158,4.43809,-0.00947,0.02703,-0.01741,87.88366,6.79626,-44.6653
36.077363,-79.009086,7,0.29,164.3,7.76,4455603,7.76,7.75693,-3.85125,4.6008,-0.02001,0.01237,-0.01145,88.02982,5.39316,-46.24379
36.077363,-79.009086,7,0.29,165.5,7.78,4455803,7.78,7.77667,-3.87577,4.5332,-0.00657,0.04062,-0.02184,87.72289,5.70009,-46.41918
36.07736,-79.009083,7,0.26,165.5,7.81,4456603,7.81,7.80838,-3.92483,4.45723,-0.02214,0.00367,-0.00596,87.88366,5.83163,-45.8784
36.07736,-79.009083,7,0.26,166.7,7.8,4456803,7.8,7.8012,-3.90568,4.52303,-0.04261,-0.01298,0.00672,88.71675,5.68547,-45.20608
36.077359,-79.009081,7,0.16,166.7,7.77,4457603,7.77,7.77249,-3.78485,4.62353,-0.00458,0.04047,-0.02077,87.64981,4.80854,-46.03917
36.077359,-79.009081,7,0.16,167.3,7.78,4457803,7.78,7.77907,-3.84407,4.58824,-0.00244,0.03772,-0.02596,87.72289,5.3347,-46.43379
36.077356,-79.009079,7,0.17,167.3,7.8,4458603,7.8,7.80419,-3.98465,4.39861,-0.02092,0.00779,-0.00367,88.2052,6.15317,-45.27916
36.077356,-79.009079,7,0.17,168.4,7.81,4458803,7.81,7.81017,-3.95175,4.4339,-0.03314,-0.00504,0,87.69366,5.8024,-46.00994
36.077353,-79.009076,7,0.35,168.4,7.82,4459603,7.82,7.81855,-3.89312,4.4674,-0.01145,0.02611,-0.03757,88.0152,5.91932,-46.52148
36.077353,-79.009076,7,0.35,169.4,7.79,4459803,7.79,7.79163,-3.94636,4.41715,0.01115,0.00672,-0.01573,88.35136,6.05086,-45.26454
36.077348,-79.009073,7,0.32,169.4,7.8,4460603,7.8,7.8012,-3.999,4.36271,-0.01802,0.00993,-0.01176,87.95674,6.59164,-44.67992
36.077348,-79.009073,7,0.32,170.9,7.82,4460803,7.82,7.81795,-3.99003,4.36271,-0.02352,0.02062,-0.01359,87.86904,6.03625,-45.38147
36.077345,-79.009071,7,0.31,170.9,7.79,4461603,7.79,7.79283,-3.8351,4.59721,-0.0197,0.01329,-0.01237,87.62058,5.29085,-46.09763
36.077345,-79.009071,7,0.31,172.2,7.81,4461803,7.81,7.81376,-3.88355,4.55115,0.02779,0.07651,-0.04673,87.3575,5.84624,-46.08302
36.077341,-79.009069,7,0.2,172.2,7.81,4462603,7.81,7.80658,-3.94636,4.43151,-0.07269,-0.04566,0.03451,87.64981,5.15931,-45.27916
36.077341,-79.009069,7,0.2,173.4,7.81,4462803,7.81,7.81017,-3.86082,4.48415,-0.04246,-0.02138,0.01604,88.26366,5.23239,-45.01608
36.077339,-79.009067,7,0.21,173.4,7.85,4463603,7.85,7.84666,-4.01037,4.30349,-0.03039,0.0026,-0.00168,87.85442,6.4601,-44.82608
36.077339,-79.009067,7,0.21,174.4,7.85,4463803,7.85,7.85025,-3.96969,4.34955,-0.05345,-0.03589,0.0223,88.21982,6.43087,-44.8553
36.077336,-79.009065,7,0.4,174.4,7.8,4464603,7.8,7.79881,-3.86381,4.5003,0.02123,0.06154,-0.03879,87.45981,5.55393,-46.74072
36.077336,-79.009065,7,0.4,175.4,7.83,4464803,7.83,7.83111,-3.93918,4.36212,0.01497,0.06521,-0.04307,87.70827,6.28471,-44.753
36.077332,-79.009063,7,0.35,175.4,7.79,4465603,7.79,7.78684,-3.85185,4.52602,-0.03192,-0.00214,0.00458,87.95674,5.32008,-45.33762
36.077332,-79.009063,7,0.35,176.6,7.8,4465803,7.8,7.79582,-3.85843,4.56311,-0.02214,0.01542,-0.01222,87.40134,5.02777,-45.98071
36.077328,-79.00906,7,0.38,176.6,7.81,4466603,7.81,7.81077,-3.94876,4.41296,-0.01145,0.02734,-0.01619,88.14674,6.05086,-45.30839
36.077328,-79.00906,7,0.38,177.9,7.82,4466803,7.82,7.82094,-3.95474,4.38724,-0.02505,0.00932,-0.00565,87.78135,6.31394,-45.83455
36.077324,-79.009059,7,0.26,177.9,7.81,4467603,7.81,7.81316,-3.89492,4.4668,-0.01038,0.03085,-0.02856,87.51827,5.14469,-45.30839
36.077324,-79.009059,7,0.26,178.9,7.81,4467803,7.81,7.80539,-3.94457,4.44945,-0.01344,0.03497,-0.02413,87.69366,5.97778,-45.11839
36.077321,-79.009059,7,0.29,178.9,7.8,4468603,7.8,7.803,-3.85484,4.49492,-0.03039,0.00168,-0.00916,88.00058,5.61239,-44.89915
36.077321,-79.009059,7,0.29,180,7.79,4468803,7.79,7.78924,-3.89492,4.50389,-0.03772,0.0449,-0.02657,87.57673,5.91932,-46.46302
36.077319,-79.009058,7,0.45,180,7.81,4469603,7.81,7.81257,-3.93918,4.39262,-0.03039,0.00412,-0.00596,87.88366,5.58316,-45.24993
36.077319,-79.009058,7,0.45,181.1,7.82,4469803,7.82,7.81615,-3.91526,4.42074,-0.01466,0.02535,-0.01604,88.00058,6.19702,-45.55685
36.077316,-79.009057,7,0.54,181.1,7.81,4470603,7.81,7.81137,-3.88594,4.5003,-0.05818,-0.03329,0.01726,87.48904,5.32008,-46.5361
36.077316,-79.009057,7,0.54,182,7.8,4470803,7.8,7.80419,-3.81296,4.60499,-0.04307,-0.0197,0.00336,87.09441,5.64162,-47.22303
36.077314,-79.009058,7,0.24,182,7.8,4471603,7.8,7.80419,-3.91885,4.4016,-0.02046,0.00809,-0.00641,87.81059,5.34931,-45.62993
36.077314,-79.009058,7,0.24,182.6,7.81,4471803,7.81,7.80599,-3.87518,4.54517,-0.05406,-0.03329,0.01268,87.66443,5.65624,-46.03917
36.077312,-79.009058,7,0.28,182.6,7.76,4472603,7.76,7.76292,-3.74477,4.67019,0.01038,0.04246,-0.03268,87.8252,4.95469,-46.65303
36.077312,-79.009058,7,0.28,183,7.76,4472803,7.76,7.75574,-3.78784,4.61576,0,0.03604,-0.02275,87.45981,5.07162,-46.82841
36.077312,-79.009059,7,0.26,183,7.79,4473603,7.79,7.78744,-3.91885,4.5021,-0.00367,0.02413,0.00168,87.62058,6.31394,-46.55072
36.077312,-79.009059,7,0.26,183.2,7.8,4473803,7.8,7.80419,-3.88415,4.50389,-0.04536,0.02993,0.02657,87.62058,5.72932,-45.57147
36.077312,-79.009061,7,0.2,183.2,7.84,4474603,7.84,7.83829,-3.97627,4.3681,0.00626,0.04078,-0.03497,88.04443,6.10932,-45.36685
36.077312,-79.009061,7,0.2,183.3,7.84,4474803,7.84,7.8359,-4.00499,4.31486,-0.0281,-0.00412,-0.00443,88.39521,5.96317,-45.6884
36.077313,-79.009062,7,0.16,183.3,7.84,4475603,7.84,7.83649,-3.97388,4.39322,-0.04215,0.02734,-0.04704,88.00058,5.84624,-45.98071
36.077313,-79.009062,7,0.16,183.4,7.82,4475803,7.82,7.81735,-3.97268,4.37229,-0.02673,0.00076,0.00214,88.0152,6.1824,-44.97223
36.077312,-79.009064,7,0.16,183.4,7.8,4476603,7.8,7.80419,-3.89432,4.45603,-0.01649,0.00901,-0.02169,88.23444,5.43701,-46.17071
36.077312,-79.009064,7,0.16,183.6,7.83,4476803,7.83,7.82872,-3.93141,4.42971,-0.00397,0.03115,-0.02016,88.11751,5.94855,-45.6884
36.077311,-79.009065,7,0.24,183.6,7.84,4477603,7.84,7.84427,-4.14736,4.26461,-0.01985,0.00977,-0.00565,88.83367,7.2055,-43.89067
36.077311,-79.009065,7,0.24,184,7.83,4477803,7.83,7.82812,-4.03789,4.28315,-0.09178,-0.09255,0.07483,88.42444,6.16779,-44.40222
36.077312,-79.009067,7,0.38,184,7.64,4478603,7.64,7.6361,-3.50788,5.06082,-0.05223,0.0255,-0.042,86.84595,3.75621,-48.72844
36.077312,-79.009067,7,0.38,183.8,7.69,4478803,7.69,7.68934,-3.53719,4.95494,-0.04276,0.17807,-0.04688,87.31365,4.73546,-47.69073
36.077313,-79.009068,7,0.45,183.8,7.87,4479603,7.87,7.8676,-4.2664,3.97687,-0.03574,-0.03039,0.0252,88.62906,7.74627,-43.96375
36.077313,-79.009068,7,0.45,183.6,7.86,4479803,7.86,7.85743,-4.07976,4.24068,-0.16753,-0.16677,0.11026,88.38059,5.97778,-45.76147
36.077315,-79.009069,7,0.16,183.6,7.76,4480603,7.76,7.76471,-3.58564,4.85683,0.12905,0.19731,-0.13882,87.21134,3.59544,-48.04151
36.077315,-79.009069,7,0.16,183.4,7.85,4480803,7.85,7.84846,-3.92243,4.39801,0.1208,0.22022,-0.14035,87.9129,5.49547,-45.61532
36.077314,-79.00907,7,0.12,183.4,7.77,4481603,7.77,7.77129,-3.59881,4.76291,-0.14584,-0.1576,0.10751,87.25519,3.84391,-46.46302
36.077314,-79.00907,7,0.12,183.7,7.72,4481803,7.72,7.72044,-3.37627,5.03809,-0.06063,-0.02871,0.03146,86.48056,2.8062,-47.90997
36.077313,-79.00907,7,0.35,183.7,7.9,4482603,7.9,7.90409,-4.35494,3.80698,0.0084,0.05116,-0.04246,88.2929,8.09705,-43.94914
36.077313,-79.00907,7,0.35,183.9,7.89,4482803,7.89,7.89273,-4.29691,3.85185,-0.0982,-0.07223,0.07208,88.35136,8.25782,-42.23911
36.077313,-79.009073,7,0.21,183.9,7.87,4483603,7.87,7.87298,-3.99542,4.20897,0.0675,0.14875,-0.08781,88.07366,6.51856,-44.21222
36.077313,-79.009073,7,0.21,183.9,7.89,4483803,7.89,7.88674,-4.18146,3.98764,0.04261,0.10171,-0.08735,88.30751,7.68781,-44.19761
36.077311,-79.009074,7,0.25,183.9,7.77,4484603,7.77,7.77069,-3.6323,4.72224,-0.01527,0.02734,-0.011,87.63519,4.57469,-46.68225
36.077311,-79.009074,7,0.25,184.2,7.81,4484803,7.81,7.81316,-3.84347,4.48714,0.13378,0.19624,-0.16356,87.70827,5.53932,-46.63841
36.077311,-79.009074,7,0.15,184.2,7.82,4485603,7.82,7.82034,-3.97986,4.30768,-0.09804,-0.08903,0.06063,87.88366,5.86086,-45.05993
36.077311,-79.009074,7,0.15,184.3,7.81,4485803,7.81,7.81017,-3.89312,4.44826,-0.01252,-0.00382,-0.02169,87.88366,5.14469,-45.89301
36.07731,-79.009077,7,0.35,184.3,7.6,4486603,7.6,7.60499,-3.68734,4.97229,-0.03665,0.12187,0.08781,86.99211,5.11546,-48.69921
36.07731,-79.009077,7,0.35,184.4,7.74,4486803,7.74,7.74018,-3.58325,4.69352,-0.04322,0.23503,0.02703,87.64981,3.94621,-46.62379
36.077312,-79.009082,7,0.13,184.4,7.62,4487603,7.62,7.62293,-3.87936,4.78265,0.04276,0.19258,0.07376,87.25519,5.78778,-47.09149
36.077312,-79.009082,7,0.13,184.3,7.8,4487803,7.8,7.8006,-3.83869,4.43031,0.03986,0.21732,0.02184,87.76674,4.80854,-46.28764
36.077314,-79.009086,7,0.24,184.3,7.76,4488603,7.76,7.76471,-3.81715,4.70788,-0.23595,-0.21365,0.33155,87.59135,5.07162,-46.52148
36.077314,-79.009086,7,0.24,184.2,7.67,4488803,7.67,7.67378,-3.09332,5.19422,-0.30589,-0.21457,0.25275,86.81672,1.44695,-48.85999
36.077313,-79.009085,7,0.24,184.2,7.87,4489603,7.87,7.8664,-4.53021,3.57488,-0.29459,-0.35995,0.1182,88.61444,9.14937,-42.63373
36.077313,-79.009085,7,0.24,184,7.67,4489803,7.67,7.6672,-3.85603,4.61037,-0.35675,-0.27199,0.2726,87.89828,4.70623,-46.24379
36.077313,-79.009085,7,0.25,184,7.81,4490603,7.81,7.81436,-3.91705,4.3681,-0.01878,0.08109,0.13683,88.39521,5.36393,-44.81146
36.077313,-79.009085,7,0.25,184.1,7.94,4490803,7.94,7.94058,-3.98046,4.13659,0.14645,0.03665,-0.22801,88.74598,6.22625,-44.50453
36.077316,-79.00909,7,0.28,184.1,7.73,4491603,7.73,7.72942,-4.25564,3.87039,0.06322,-0.15088,-0.17791,88.23444,7.84858,-45.26454
36.077316,-79.00909,7,0.28,183.1,7.86,4491803,7.86,7.85982,-4.27239,4.37049,-0.1379,-0.14737,0.34254,87.63519,6.03625,-47.13534
36.07732,-79.009092,7,0.17,183.1,7.95,4492603,7.95,7.95195,-3.75374,4.8993,0.20204,0.21365,0.10461,86.1444,3.81467,-50.16077
36.07732,-79.009092,7,0.17,182.6,7.95,4492803,7.95,7.95255,-4.11865,3.82672,0.38607,0.23534,-0.20907,87.79597,6.89857,-47.31073
36.077321,-79.009099,7,0.52,182.6,7.85,4493603,7.85,7.85145,-4.38006,3.66521,0.0168,-0.30543,0.14981,86.65595,8.43321,-50.86232
36.077321,-79.009099,7,0.52,182.2,7.9,4493803,7.9,7.89691,-3.96431,4.53739,-0.06949,-0.30024,0.35598,84.15668,5.247,-54.45776
36.077324,-79.009103,7,0.37,182.2,7.67,4494603,7.67,7.6666,-3.69571,4.10309,0.28588,-0.00718,-0.10858,82.79742,5.07162,-56.53318
36.077324,-79.009103,7,0.37,181.4,7.97,4494803,7.97,7.9675,-4.53739,4.14736,0.27519,0.03406,-0.03772,83.10435,9.09091,-57.05934
36.077327,-79.009108,7,0.46,181.4,7.84,4495603,7.84,7.83949,-3.93619,4.04566,0.18463,0.02505,0.16448,80.97047,8.87168,-60.114
36.077327,-79.009108,7,0.46,180.2,8.04,4495803,8.04,8.03869,-4.21855,4.17548,0.22052,-0.11454,-0.07208,81.07278,10.61093,-60.43555
36.077332,-79.009112,7,0.22,180.2,7.74,4496603,7.74,7.73958,-4.22393,4.13958,0.11041,-0.17318,0.08751,77.74043,13.1102,-63.69483
36.077332,-79.009112,7,0.22,179.6,7.83,4496803,7.83,7.82752,-3.99781,4.28555,0.15944,0.00993,0.15989,77.25811,13.37328,-65.20023
36.077336,-79.009116,7,0.48,179.6,7.84,4497603,7.84,7.84487,-3.92124,4.03131,0.13179,0.02779,0.22602,75.50423,15.75563,-66.16486
36.077336,-79.009116,7,0.48,178.9,8.08,4497803,8.08,8.07937,-4.12343,4.18864,0.19548,-0.11057,-0.06002,75.27039,17.14411,-66.5741
36.07734,-79.009124,7,0.6,178.9,7.86,4498603,7.86,7.86401,-4.18804,4.09412,0.18952,-0.20388,-0.18876,72.18649,20.75417,-66.32564
36.07734,-79.009124,7,0.6,177.6,7.74,4498803,7.74,7.73659,-4.24008,4.1689,0.08796,0.04765,0.31429,71.9088,21.68956,-67.11488
36.077342,-79.009128,7,0.47,177.6,7.94,4499603,7.94,7.94058,-3.98584,4.16052,0.11652,-0.09331,0.08338,71.36802,23.95498,-66.73487
36.077342,-79.009128,7,0.47,177.1,7.81,4499803,7.81,7.81316,-4.02353,4.09292,0.16692,-0.07727,-0.04276,70.28647,24.97808,-67.5095
36.077346,-79.009135,7,0.24,177.1,7.88,4500603,7.88,7.87777,-4.14437,4.22572,0.11255,-0.13424,0.02291,68.7226,28.85121,-67.07103
36.077346,-79.009135,7,0.24,175.4,7.79,4500803,7.79,7.78864,-4.0337,4.10967,0.14294,0.07483,0.16386,69.73107,29.12891,-66.50102
36.077356,-79.00914,7,0.03,175.4,8.01,4501603,8.01,8.00519,-4.14616,4.12523,0.11087,-0.16722,-0.03436,68.37182,31.59895,-65.2587
36.077356,-79.00914,7,0.03,173.9,7.85,4501803,7.85,7.84666,-4.0995,4.21376,0.10873,-0.02062,0.10507,67.62642,33.48436,-65.43409
36.077355,-79.009144,7,0.37,173.9,7.67,4502603,7.67,7.66601,-4.06062,4.14856,0.12278,-0.00351,0.0985,67.10027,35.92517,-64.06022
36.077355,-79.009144,7,0.37,173.5,8.13,4502803,8.13,8.12782,-4.0678,4.10728,0.13912,-0.03696,0.03757,67.53873,35.82286,-63.44636
36.077362,-79.009148,7,0.09,173.5,7.83,4503603,7.83,7.8347,-3.97567,4.15035,0.135,-0.09514,-0.0252,66.35487,38.30751,-63.53406
36.077362,-79.009148,7,0.09,172.9,7.91,4503803,7.91,7.91306,-4.2006,4.21077,0.13744,0.0252,0.0872,66.32564,39.21368,-61.99942
36.077368,-79.009153,7,0.08,172.9,7.8,4504603,7.8,7.8012,-4.05823,4.09831,0.11438,0.02795,0.11561,66.98334,41.24525,-60.80093
36.077368,-79.009153,7,0.08,172.1,7.94,4504803,7.94,7.94357,-4.07378,4.15035,0.1127,-0.0533,0.02474,67.30488,41.43525,-59.20783
36.077374,-79.009158,7,0.21,172.1,8.01,4505603,8.01,8.01297,-4.22034,3.72383,-0.3065,0.04429,-0.20418,67.49489,41.84449,-56.81087
36.077374,-79.009158,7,0.21,171.2,7.89,4505803,7.89,7.89033,-4.27837,4.04447,-0.52626,0.15913,-0.208,66.89565,41.56679,-60.26016
36.077383,-79.009164,7,0.37,171.2,7.85,4506603,7.85,7.84966,-4.12403,4.21137,-0.47098,0.25885,-0.12859,67.6995,32.84127,-65.65332
36.077383,-79.009164,7,0.37,169.9,7.87,4506803,7.87,7.87478,-3.98345,4.02054,-0.43127,0.19151,-0.24251,68.9126,29.72815,-66.53025
36.07739,-79.009167,7,0.22,169.9,7.92,4507603,7.92,7.92084,-4.19462,4.1683,-0.44547,0.04078,-0.29444,71.87956,22.21573,-66.45718
36.07739,-79.009167,7,0.22,169.2,7.73,4507803,7.73,7.7348,-4.10369,4.27896,-0.40485,0.281,-0.1011,72.61035,19.83338,-67.0418
36.077391,-79.00917,7,0.24,169.2,7.98,4508603,7.98,7.98006,-4.04387,4.08036,-0.416,0.1321,-0.1376,77.27273,12.86174,-63.12482
36.077391,-79.00917,7,0.24,168.8,7.8,4508803,7.8,7.80359,-3.97807,4.2,-0.33857,0.13241,-0.28756,77.56504,11.64864,-63.7679
36.077394,-79.009172,7,0.32,168.8,7.85,4509603,7.85,7.85025,-4.20718,4.13779,-0.33078,0.1886,-0.14905,81.90588,8.27244,-58.62321
36.077394,-79.009172,7,0.32,168.7,7.85,4509803,7.85,7.85025,-4.04866,4.13719,-0.3485,0.19441,-0.09468,83.30898,7.22011,-56.95703
36.077394,-79.009175,7,0.17,168.7,7.98,4510603,7.98,7.98246,-4.15274,4.09113,-0.2978,0.14264,-0.18555,86.12978,5.65624,-51.30079
36.077394,-79.009175,7,0.17,168.3,7.76,4510803,7.76,7.75992,-4.04985,4.18565,-0.34819,0.07834,-0.11622,86.1444,5.61239,-50.83309
36.077397,-79.009176,7,0.08,168.3,7.93,4511603,7.93,7.934,-4.12941,4.16411,-0.98136,0.51985,-0.43005,89.78368,12.54019,-34.02514
36.077397,-79.009176,7,0.08,167.6,7.88,4511803,7.88,7.88375,-4.0331,4.11027,-0.93004,0.51145,-0.43921,89.71061,16.54487,-31.29202
36.077398,-79.009178,7,0.07,167.6,7.83,4512603,7.83,7.82872,-4.43211,4.08216,-0.34682,0.21976,-0.0223,83.67436,32.43204,-27.76966
36.077398,-79.009178,7,0.07,166.9,7.75,4512803,7.75,7.75095,-4.30888,4.0355,-0.41844,0.13561,0.13286,83.7036,32.69512,-27.84274
36.0774,-79.00918,7,0.07,166.9,7.94,4513603,7.94,7.93939,-4.02353,4.10429,-0.33872,0.10369,-0.01939,81.49664,36.52441,-29.97662
36.0774,-79.00918,7,0.07,166,7.85,4513803,7.85,7.85205,-4.01575,4.13779,-0.24404,0.10217,-0.25412,80.79509,37.86905,-31.8328
36.077402,-79.009184,7,0.2,166,7.89,4514603,7.89,7.89153,-3.98704,4.1994,-0.30956,0.14783,-0.21121,76.60041,42.19526,-34.39053
36.077402,-79.009184,7,0.2,165.3,7.81,4514803,7.81,7.81496,-4.17787,4.13779,-0.34208,0.18922,-0.15119,75.62116,43.80298,-35.69132
36.077403,-79.009186,7,0.15,165.3,7.86,4515603,7.86,7.86222,-4.08754,4.15633,-0.4102,0.20067,-0.15241,71.58725,46.28764,-41.11371
36.077403,-79.009186,7,0.15,165.1,7.88,4515803,7.88,7.88375,-4.04028,4.13899,-0.40256,0.1854,-0.20525,71.10493,46.84303,-43.29144
36.077404,-79.009186,7,0.21,165.1,7.83,4516603,7.83,7.8347,-4.10309,4.14736,-0.4163,0.21915,-0.17455,67.24642,46.3461,-50.71617
36.077404,-79.009186,7,0.21,164.1,7.95,4516803,7.95,7.94716,-4.11326,4.11565,-0.41569,0.2138,-0.19594,67.42181,45.90763,-52.79158
36.077405,-79.009189,7,0.14,164.1,7.89,4517603,7.89,7.89033,-4.05883,4.133,-0.40348,0.22694,-0.19441,66.20871,41.68372,-59.60246
36.077405,-79.009189,7,0.14,163.4,7.87,4517803,7.87,7.87298,-4.11745,4.1683,-0.41188,0.17226,-0.21716,65.75563,40.58755,-60.80093
36.077408,-79.009192,7,0.14,163.4,7.91,4518603,7.91,7.91187,-4.06122,4.16172,-0.39813,0.20204,-0.15211,67.52412,34.28822,-65.37562
36.077408,-79.009192,7,0.14,162.2,7.86,4518803,7.86,7.85624,-4.02413,4.01396,-0.385,0.17089,-0.20754,67.80182,31.51125,-66.60333
36.07741,-79.009194,7,0.18,162.2,7.9,4519603,7.9,7.89632,-4.09173,4.12822,-0.39095,0.1237,-0.19487,69.95031,24.80269,-67.36334
36.07741,-79.009194,7,0.18,161.3,7.88,4519803,7.88,7.87657,-4.05883,4.1659,-0.35965,0.21365,-0.17608,70.75417,23.29728,-67.58258
36.077412,-79.009196,7,0.39,161.3,7.85,4520603,7.85,7.84786,-4.05344,4.15873,-0.34712,0.20021,-0.17349,73.95498,15.8287,-66.12102
36.077412,-79.009196,7,0.39,160.5,7.89,4520803,7.89,7.88734,-4.10608,4.12224,-0.35048,0.20403,-0.16188,75.43116,15.11254,-65.27332
36.077412,-79.009197,7,0.32,160.5,7.88,4521603,7.88,7.87657,-4.10608,4.12403,-0.37232,0.15653,-0.16539,79.18737,8.81321,-61.3271
36.077412,-79.009197,7,0.32,160.2,7.9,4521803,7.9,7.89572,-4.08874,4.18864,-0.36377,0.15882,-0.17837,80.53201,8.02397,-59.58784
36.077414,-79.0092,7,0.37,160.2,7.85,4522603,7.85,7.85025,-4.08634,4.1665,-0.31994,0.22297,-0.18418,83.77667,5.8024,-53.62467
36.077414,-79.0092,7,0.37,159.6,7.91,4522803,7.91,7.90947,-4.14198,4.04686,-0.36026,0.17791,-0.14493,84.81438,5.15931,-52.16311
36.077414,-79.009201,7,0.31,159.6,7.88,4523603,7.88,7.87837,-4.07378,4.20239,-0.34193,0.1741,-0.15409,87.40134,6.50395,-45.8784
36.077414,-79.009201,7,0.31,159.2,7.86,4523803,7.86,7.85863,-4.10549,4.11446,-0.34147,0.15989,-0.16386,87.92751,5.83163,-43.65683
36.077412,-79.009202,7,0.44,159.2,7.86,4524603,7.86,7.85803,-4.04148,4.1994,-0.31857,0.17364,-0.14707,89.12598,8.68167,-38.24905
36.077412,-79.009202,7,0.44,159.1,7.89,4524803,7.89,7.88615,-4.12582,4.15514,-0.31521,0.1631,-0.16463,88.97983,9.41245,-37.62058
36.077411,-79.009203,7,0.44,159.1,7.85,4525603,7.85,7.85025,-4.09472,4.11326,-0.32849,0.16402,-0.13286,89.87138,14.11868,-32.63666
36.077411,-79.009203,7,0.44,159.2,7.9,4525803,7.9,7.89691,-4.1013,4.14257,-0.31124,0.14997,-0.16539,89.66676,15.02485,-32.15434
36.077407,-79.009201,7,0.37,159.2,7.83,4526603,7.83,7.82573,-4.07677,4.15753,-0.30345,0.11225,-0.12614,88.43906,20.15493,-29.36276
36.077407,-79.009201,7,0.37,159.3,7.89,4526803,7.89,7.89093,-4.11147,4.15514,-0.28314,0.16952,-0.12706,87.72289,21.64572,-28.58813
36.077406,-79.009201,7,0.29,159.3,7.85,4527603,7.85,7.84547,-4.09771,4.22752,-0.21426,0.13974,-0.1208,86.02748,26.58579,-28.5589
36.077406,-79.009201,7,0.29,158.9,7.89,4527803,7.89,7.89332,-4.12224,4.14676,-0.24099,0.13653,-0.10201,85.80824,27.78427,-27.30196
36.077406,-79.009203,7,0.37,158.9,7.85,4528603,7.85,7.85265,-4.08933,4.14138,-0.23915,0.10018,-0.10599,84.02514,31.7451,-27.33119
36.077406,-79.009203,7,0.37,158.4,7.89,4528803,7.89,7.89153,-4.09113,4.2012,-0.23198,0.11393,-0.1179,83.46975,32.31511,-27.76966
36.077407,-79.009206,7,0.47,158.4,7.88,4529603,7.88,7.87837,-4.06122,4.14736,-0.21075,0.08842,-0.10675,81.17509,36.2321,-28.95352
36.077407,-79.009206,7,0.47,158.1,7.86,4529803,7.86,7.85803,-4.09591,4.14736,-0.20311,0.10736,-0.10263,81.35048,37.29903,-29.6843
36.077409,-79.009206,7,0.26,158.1,7.85,4530603,7.85,7.85384,-4.09472,4.11924,-0.20097,0.12385,-0.06078,78.45659,40.52908,-31.01432
36.077409,-79.009206,7,0.26,157.4,7.9,4530803,7.9,7.89871,-4.07199,4.11266,-0.19929,0.08842,-0.08201,77.52119,40.6314,-32.0228
36.077406,-79.009207,7,0.08,157.4,7.89,4531603,7.89,7.89093,-4.09651,4.10249,-0.17119,0.15516,-0.03283,76.3081,43.61298,-35.17977
36.077406,-79.009207,7,0.08,157.6,7.9,4531803,7.9,7.9011,-4.05524,4.12762,-0.1967,0.05803,-0.08598,76.13271,44.05145,-36.39287
36.077405,-79.009207,7,0.22,157.6,7.97,4532603,7.97,7.9693,-4.02592,4.15274,-0.1828,0.02245,-0.11713,74.13037,45.00146,-37.34288
36.077405,-79.009207,7,0.22,157.5,7.83,4532803,7.83,7.8347,-4.11087,4.19821,-0.15669,0.01023,-0.17669,72.75651,46.30225,-39.68138
36.077405,-79.009209,7,0.2,157.5,7.8,4533603,7.8,7.8024,-4.13839,4.17727,-0.14203,0.13271,-0.06704,71.36802,46.90149,-41.31833
36.077405,-79.009209,7,0.2,157,7.9,4533803,7.9,7.9005,-4.07199,4.09891,-0.15547,0.15516,-0.01436,71.35341,46.43379,-41.69833
36.077405,-79.009213,7,0.12,157,7.75,4534603,7.75,7.75275,-3.99841,4.13121,-0.17593,-0.02321,-0.1095,70.12569,47.23765,-45.6884
36.077405,-79.009213,7,0.12,157,7.86,4534803,7.86,7.86222,-4.08275,4.15514,-0.08537,0.20327,-0.06735,69.24876,47.82227,-45.6007
36.077403,-79.009216,7,0.13,157,7.79,4535603,7.79,7.78744,-4.06241,4.09472,-0.1208,0.09911,-0.08705,69.01491,47.45689,-47.45689
36.077403,-79.009216,7,0.13,157.4,8.01,4535803,8.01,8.00938,-4.18086,4.06421,-0.17349,0.04673,-0.00168,68.7226,47.29611,-48.02689
36.077404,-79.009217,7,0.16,157.4,7.92,4536603,7.92,7.92383,-4.05225,4.10489,-0.15149,0.06048,-0.00993,68.03566,46.82841,-50.68693
36.077404,-79.009217,7,0.16,157.6,7.86,4536803,7.86,7.86281,-3.99721,4.13061,-0.08919,0.06322,-0.13363,68.45952,46.68225,-51.18386
36.077403,-79.009219,7,0.06,157.6,7.93,4537603,7.93,7.92563,-4.13899,4.11446,-0.10553,0.05116,-0.09835,67.15872,45.96609,-53.05466
36.077403,-79.009219,7,0.06,158,7.87,4537803,7.87,7.867,-4.14257,4.10728,-0.13393,0.04917,-0.02459,67.37796,45.70301,-53.23005
36.077401,-79.00922,7,0.14,158,7.8,4538603,7.8,7.803,-4.06959,4.13779,-0.11774,0.06338,-0.03955,66.72026,45.32301,-54.79392
36.077401,-79.00922,7,0.14,158.4,7.97,4538803,7.97,7.9675,-4.07318,4.13958,-0.10629,0.07376,-0.05895,66.74949,44.79684,-55.15931
36.077399,-79.00922,7,0.15,158.4,7.89,4539603,7.89,7.88615,-4.10788,4.10907,-0.12339,0.01008,-0.08308,67.05642,44.0076,-57.14703
36.077399,-79.00922,7,0.15,158.6,7.84,4539803,7.84,7.83769,-4.09591,4.19163,-0.11729,0.07193,-0.02077,66.50102,43.7299,-57.38089
36.077397,-79.009221,7,0.16,158.6,7.89,4540603,7.89,7.88734,-4.08694,4.14078,-0.0982,0.05589,-0.04979,65.85793,42.31219,-58.75475
36.077397,-79.009221,7,0.16,158.7,7.91,4540803,7.91,7.90888,-4.11266,4.12224,-0.12095,0.05192,-0.0087,67.01257,41.84449,-59.60246
36.077398,-79.009222,7,0.13,158.7,7.86,4541603,7.86,7.86341,-4.10728,4.14437,-0.09835,0.08002,-0.01436,66.06256,40.98217,-60.88863
36.077398,-79.009222,7,0.13,158.7,7.92,4541803,7.92,7.91845,-4.05344,4.12762,-0.09881,0.06414,-0.02505,66.5741,40.19292,-60.50862
36.077399,-79.009225,7,0.07,158.7,8,4542603,8,8.0016,-4.16531,4.1007,-0.12843,0.01115,-0.02275,66.63256,39.78369,-62.16019
36.077399,-79.009225,7,0.07,158.6,7.79,4542803,7.79,7.78684,-4.0325,4.18505,-0.10385,0.01481,-0.06872,67.01257,38.89214,-62.71558
36.077401,-79.009228,7,0.08,158.6,7.92,4543603,7.92,7.92204,-4.14138,4.15873,-0.05681,0.12599,-0.02749,66.2964,38.10289,-63.63636
36.077401,-79.009228,7,0.08,157.7,7.91,4543803,7.91,7.90768,-4.08933,4.0325,-0.11347,0.01084,-0.01863,66.79333,37.66442,-63.49021
36.077402,-79.009236,7,0.09,157.7,7.94,4544603,7.94,7.93639,-4.07498,4.11207,-0.11209,0.00916,-0.01451,67.40719,35.82286,-65.33177
36.077402,-79.009236,7,0.09,157.7,7.85,4544803,7.85,7.84547,-4.04148,4.14198,-0.06796,0.03787,-0.07178,66.98334,36.31979,-64.84946
36.077404,-79.009239,7,0.23,157.7,7.85,4545603,7.85,7.85145,-4.01396,4.1671,-0.0785,0.02627,-0.05528,67.27565,34.41976,-65.2587
36.077404,-79.009239,7,0.23,157.4,7.85,4545803,7.85,7.85145,-4.1007,4.1324,-0.04704,0.0785,-0.07132,67.29027,34.56592,-64.981
36.077405,-79.009241,7,0.25,157.4,7.89,4546603,7.89,7.88973,-4.15693,4.08275,-0.08796,0.03131,-0.02963,67.5095,34.24437,-65.8287
36.077405,-79.009241,7,0.25,157.4,7.87,4546803,7.87,7.8694,-4.08694,4.17607,-0.12553,-0.00809,0.03146,67.45103,33.13359,-66.00409
36.077407,-79.009244,7,0.14,157.4,7.82,4547603,7.82,7.81855,-4.04208,4.2,-0.0956,0.04612,0.01481,67.67027,31.90587,-66.15025
36.077407,-79.009244,7,0.14,157.1,7.86,4547803,7.86,7.86341,-4.01396,4.15215,-0.0142,0.12065,-0.08216,67.67027,31.81818,-65.78486
36.077408,-79.009247,7,0.23,157.1,7.93,4548603,7.93,7.92802,-4.12044,4.1336,-0.062,0.02703,-0.06353,68.34259,31.58433,-66.2964
36.077408,-79.009247,7,0.23,156.8,7.85,4548803,7.85,7.84666,-4.10788,4.11805,-0.10095,0.02306,0.02367,68.47413,31.07279,-66.50102
36.077409,-79.009249,7,0.18,156.8,7.82,4549603,7.82,7.82214,-4.01635,4.17189,-0.06658,0.08858,0.03024,69.1026,29.12891,-66.39871
36.077409,-79.009249,6,0.18,156.7,7.92,4549803,7.92,7.92264,-4.04028,4.05763,-0.02459,0.05315,-0.10476,69.55569,29.37737,-67.01257
36.07741,-79.00925,6,0.02,156.7,7.88,4550603,7.88,7.88375,-4.14138,4.09532,-0.07483,-0.01802,-0.04215,69.01491,29.17276,-67.37796
36.07741,-79.00925,6,0.02,156.5,7.86,4550803,7.86,7.85624,-4.09651,4.14796,-0.08201,0.02169,0.02856,68.81029,28.26659,-68.16721
36.077413,-79.009252,6,0.06,156.5,7.89,4551603,7.89,7.89093,-4.03609,4.13899,-0.03497,0.05452,-0.03146,69.93569,27.50658,-67.08565
36.077413,-79.009252,7,0.06,156.1,7.9,4551803,7.9,7.89632,-4.10728,4.09591,-0.03787,0.06109,-0.01084,69.77492,27.53581,-66.79333
36.077418,-79.009256,7,0.05,156.1,7.92,4552603,7.92,7.92323,-4.09771,4.13839,-0.05589,0.0168,-0.01695,69.71646,27.25811,-67.05642
36.077418,-79.009256,7,0.05,155.1,7.86,4552803,7.86,7.86341,-4.07916,4.16411,-0.05834,0.00229,-0.01863,69.26337,27.02426,-68.21105
36.07742,-79.009261,7,0.0,155.1,7.88,4553603,7.88,7.88256,-4.07558,4.14377,-0.03894,0.06124,-0.00153,69.4826,26.39579,-67.84566
36.07742,-79.009261,7,0.0,154.8,7.92,4553803,7.92,7.91845,-4.08874,4.12403,-0.0391,0.03176,-0.03207,70.28647,26.41041,-67.5095
36.077421,-79.009263,7,0.09,154.8,7.89,4554603,7.89,7.88973,-4.07976,4.15095,-0.04826,0.01817,-0.01115,70.56416,25.16808,-68.56182
36.077421,-79.009263,7,0.09,154.4,7.87,4554803,7.87,7.87478,-4.08814,4.17248,-0.04093,0.0055,-0.03757,70.62262,25.43116,-67.9772
36.077422,-79.009264,7,0.01,154.4,7.86,4555603,7.86,7.86162,-4.08814,4.16052,-0.03803,0.03787,-0.01268,70.84186,25.095,-68.21105
36.077422,-79.009264,7,0.01,154,7.9,4555803,7.9,7.90349,-4.08096,4.08874,-0.04047,0.02352,-0.01542,70.59339,24.89038,-67.78719
36.077424,-79.009267,7,0.23,154,7.88,4556603,7.88,7.88256,-4.10309,4.28674,-0.0536,0.01069,-0.01176,70.66647,24.32037,-67.45103
36.077424,-79.009267,7,0.23,153.3,7.86,4556803,7.86,7.85564,-4.0672,4.19223,-0.03803,0.03833,-0.01955,70.63724,24.59807,-67.86028
36.077424,-79.00927,7,0.33,153.3,7.89,4557603,7.89,7.89033,-4.06301,4.05404,-0.03115,0.00779,-0.05895,71.13417,23.64806,-68.13797
36.077424,-79.00927,7,0.33,153.1,7.86,4557803,7.86,7.85743,-4.14078,4.14736,-0.03925,0.02107,-0.03009,70.34493,23.64806,-67.46565
36.077426,-79.00927,7,0.09,153.1,7.86,4558603,7.86,7.86162,-4.11087,4.12164,-0.0452,0.04246,-0.00886,70.91493,23.86729,-68.00643
36.077426,-79.00927,7,0.09,152.4,7.9,4558803,7.9,7.89632,-4.04806,4.13779,-0.04383,0.03024,-0.01909,71.45572,23.18036,-67.87489
36.077429,-79.009269,7,0.03,152.4,7.9,4559603,7.9,7.89512,-4.07019,4.11266,-0.04291,0.01863,-0.03635,71.29494,23.12189,-68.00643
36.077429,-79.009269,7,0.03,151.8,7.88,4559803,7.88,7.87897,-4.11207,4.08395,-0.05834,0.00748,-0.02627,71.38264,23.39959,-68.86875
36.07743,-79.00927,7,0.07,151.8,7.84,4560603,7.84,7.83949,-4.09292,4.1342,-0.06124,0.0336,-0.00886,71.93803,22.43496,-69.36568
36.07743,-79.00927,7,0.07,151.6,7.91,4560803,7.91,7.90589,-4.07677,4.12164,-0.0504,0.0504,-0.02062,71.99649,21.92341,-69.00029
36.07743,-79.009268,7,0.15,151.6,7.88,4561603,7.88,7.88076,-4.08634,4.12702,-0.06582,0.01802,-0.03421,72.85881,21.01725,-68.41566
36.07743,-79.009268,7,0.15,151.7,7.87,4561803,7.87,7.86999,-4.07797,4.15514,-0.06292,0.03467,-0.02489,72.01111,20.92955,-68.10873
36.07743,-79.009268,7,0.08,151.7,7.89,4562603,7.89,7.89273,-4.1001,4.13121,-0.05803,0.03085,-0.04123,72.97574,19.90646,-67.77258
36.07743,-79.009268,7,0.08,151.8,7.87,4562803,7.87,7.87059,-4.09292,4.16949,-0.06017,0.04398,-0.02214,72.63958,19.76031,-67.81643
36.077435,-79.009269,7,0.26,151.8,7.89,4563603,7.89,7.88914,-4.09113,4.13958,-0.0536,0.04368,-0.04643,72.88805,18.43028,-66.80795
36.077435,-79.009269,7,0.26,151.1,7.85,4563803,7.85,7.85085,-4.1001,4.14317,-0.07789,0.01344,-0.03039,73.3119,18.57644,-67.59719
36.077439,-79.009268,7,0.22,151.1,7.88,4564603,7.88,7.87598,-4.09711,4.15394,-0.08155,0.03787,-0.01772,73.25343,17.7872,-66.79333
36.077439,-79.009268,7,0.22,150.7,7.9,4564803,7.9,7.90349,-4.08156,4.15992,-0.06322,0.05391,-0.03848,74.08652,16.92488,-67.17335
36.077439,-79.009268,7,0.24,150.7,7.86,4565603,7.86,7.85923,-4.11984,4.12523,-0.06888,0.04139,-0.04643,74.32037,16.63256,-66.12102
36.077439,-79.009268,7,0.24,150.3,7.86,4565803,7.86,7.86401,-4.07438,4.15693,-0.08552,0.03314,-0.01268,74.58345,16.31102,-66.17948
36.07744,-79.009266,7,0.15,150.3,7.87,4566603,7.87,7.87059,-4.05583,4.16052,-0.08812,0.03054,-0.01512,76.05963,15.37562,-65.52177
36.07744,-79.009266,7,0.15,149.9,7.89,4566803,7.89,7.89273,-4.07378,4.16471,-0.06399,0.04169,-0.05773,75.76732,15.20023,-65.66793
36.07744,-79.009265,7,0.08,149.9,7.89,4567603,7.89,7.88794,-4.07976,4.11685,-0.0701,0.04368,-0.04551,76.23502,14.13329,-64.41099
36.07744,-79.009265,7,0.08,149.7,7.85,4567803,7.85,7.84906,-4.07139,4.12224,-0.07987,0.03787,-0.02917,76.54195,13.65098,-64.7033
36.077441,-79.009265,7,0.08,149.7,7.9,4568603,7.9,7.89632,-4.08814,4.14676,-0.08399,0.02596,-0.042,77.25811,12.90558,-63.97252
36.077441,-79.009265,7,0.08,149.2,7.84,4568803,7.84,7.83949,-4.09711,4.18864,-0.0817,0.0368,-0.0281,77.36042,12.62789,-64.57176
36.077441,-79.009263,7,0.16,149.2,7.94,4569603,7.94,7.93639,-4.12403,4.14856,-0.07544,0.05208,-0.02581,78.25198,11.67787,-63.65098
36.077441,-79.009263,6,0.16,148.6,7.82,4569803,7.82,7.81795,-4.05763,4.12702,-0.08949,0.01863,-0.03818,77.76966,11.42941,-63.62175
36.077442,-79.00926,6,0.09,148.6,7.93,4570603,7.93,7.92503,-4.133,4.13958,-0.0814,0.04566,-0.02016,78.98275,10.90324,-62.84712
36.077442,-79.00926,7,0.09,148,7.85,4570803,7.85,7.85025,-4.06361,4.15215,-0.07529,0.03833,-0.0336,78.3689,10.87401,-62.26249
36.077441,-79.00926,7,0.23,148,7.89,4571603,7.89,7.88674,-4.08933,4.14138,-0.07789,0.02566,-0.02627,79.52354,9.4563,-61.76556
36.077441,-79.00926,7,0.23,147.7,7.86,4571803,7.86,7.85863,-4.08754,4.18505,-0.06292,0.04093,-0.04123,79.72815,9.61707,-62.30634
36.077441,-79.00926,7,0.28,147.7,7.86,4572603,7.86,7.85923,-4.05524,4.19282,-0.073,0.04078,-0.02932,80.16662,9.33937,-60.34785
36.077441,-79.00926,7,0.28,146.8,7.89,4572803,7.89,7.89093,-4.09771,4.12463,-0.07055,0.03879,-0.04368,80.16662,9.19322,-60.28939
36.07744,-79.009261,7,0.3,146.8,7.85,4573603,7.85,7.85324,-4.09831,4.14078,-0.07682,0.04551,-0.03009,81.26279,8.31628,-60.42093
36.07744,-79.009261,7,0.3,146.3,7.91,4573803,7.91,7.91247,-4.08395,4.12343,-0.07346,0.05162,-0.03344,80.56124,8.69629,-59.99707
36.07744,-79.009259,7,0.25,146.3,7.8,4574603,7.8,7.803,-4.13958,4.14257,-0.09636,0.0478,0.05345,81.74511,8.63783,-59.52938
36.07744,-79.009259,7,0.25,145.8,7.92,4574803,7.92,7.92144,-4.05105,4.13001,-0.08155,0.03451,0.0252,81.92049,6.91318,-58.75475
36.077439,-79.00926,7,0.45,145.8,7.9,4575603,7.9,7.9017,-4.0331,4.17667,-0.05192,0.0142,-0.06322,82.41742,6.91318,-57.8632
36.077439,-79.00926,7,0.45,145.7,7.84,4575803,7.84,7.83889,-4.11865,4.15693,-0.03696,0.03726,-0.07514,82.4905,6.88395,-58.90091
36.077437,-79.009257,7,0.53,145.7,7.86,4576603,7.86,7.85683,-4.14557,4.10668,-0.05192,0.06399,-0.01298,83.04589,7.17626,-56.9278
36.077437,-79.009257,7,0.53,145.5,7.88,4576803,7.88,7.88495,-4.08754,4.10907,-0.07773,0.01298,-0.01145,83.08974,6.67933,-56.97165
36.077435,-79.009257,7,0.44,145.5,7.87,4577603,7.87,7.87179,-4.05643,4.15155,-0.06949,0.01436,-0.04291,83.57205,6.82549,-56.57703
36.077435,-79.009257,7,0.44,145.7,7.87,4577803,7.87,7.87119,-4.14616,4.11506,-0.05177,0.04856,-0.0391,83.45512,6.85472,-55.7147
36.077436,-79.009253,7,0.6,145.7,7.87,4578603,7.87,7.87119,-4.11027,4.12642,-0.05147,0.03314,-0.04505,83.52821,6.24087,-54.37007
36.077436,-79.009253,7,0.6,144.8,7.84,4578803,7.84,7.84367,-4.14198,4.12762,-0.07055,0.02016,-0.00305,83.5136,6.12394,-55.20316
36.077437,-79.009248,7,0.52,144.8,7.88,4579603,7.88,7.88136,-4.07438,4.12822,-0.06307,0.03833,-0.01436,84.31745,5.70009,-54.79392
36.077437,-79.009248,7,0.52,144.4,7.88,4579803,7.88,7.87657,-4.07079,4.15334,-0.05788,0.04566,-0.03268,84.06898,5.96317,-53.91698
36.077439,-79.009248,7,0.28,144.4,7.85,4580603,7.85,7.85025,-4.08335,4.13839,-0.07773,0.0504,-0.01894,84.66823,5.45162,-53.49313
36.077439,-79.009248,7,0.28,143.1,7.89,4580803,7.89,7.89452,-4.11625,4.09472,-0.06964,0.0336,-0.04627,85.23824,5.62701,-53.49313
36.07744,-79.009246,7,0.31,143.1,7.86,4581603,7.86,7.85624,-4.09771,4.19821,-0.06918,0.02764,-0.04398,84.94592,5.7147,-52.47004
36.07744,-79.009246,7,0.31,142.5,7.87,4581803,7.87,7.87418,-4.10549,4.14078,-0.07178,0.04078,-0.02474,84.81438,5.29085,-51.1254
36.077441,-79.009246,7,0.26,142.5,7.89,4582603,7.89,7.88734,-4.09173,4.12642,-0.05299,0.01939,-0.01695,85.07746,4.98392,-50.68693
36.077441,-79.009246,7,0.26,141.8,7.86,4582803,7.86,7.85564,-4.08216,4.13001,-0.05895,0.00015,-0.0252,85.19438,5.057,-51.44695
36.077442,-79.009246,7,0.07,141.8,7.81,4583603,7.81,7.80778,-4.21077,4.08933,-1.86711,0.83414,-1.12827,89.3306,10.68401,-38.43905
36.077442,-79.009246,7,0.07,141.4,7.83,4583803,7.83,7.82932,-4.32503,4.05524,-1.9285,1.04153,-0.81031,88.59982,18.73721,-31.73049
36.077442,-79.009247,7,0.07,141.4,7.85,4584603,7.85,7.84726,-4.09053,4.15992,-1.48165,0.81459,-0.63286,72.65419,45.98071,-40.66063
36.077442,-79.009247,7,0.07,141.1,7.94,4584803,7.94,7.94297,-4.06959,4.03729,-1.41782,0.70876,-0.67134,70.06723,47.23765,-46.38994
36.077443,-79.009248,7,0.23,141.1,7.83,4585603,7.83,7.82932,-4.10489,4.11924,-1.25823,0.51694,-0.58979,67.71412,31.49664,-65.90178
36.077443,-79.009248,7,0.23,140.5,7.89,4585803,7.89,7.88854,-4.11446,4.18445,-1.16629,0.60155,-0.55772,69.97954,25.38731,-67.48026
36.077443,-79.009245,7,0.55,140.5,7.88,4586603,7.88,7.87837,-4.07558,4.1324,-1.04015,0.53481,-0.50381,81.87664,7.76089,-58.34552
36.077443,-79.009245,6,0.55,139.9,7.92,4586803,7.92,7.91546,-4.12044,4.11506,-1.01617,0.51603,-0.47831,84.91669,5.84624,-54.41391
36.07744,-79.009244,6,0.49,139.9,7.89,4587603,7.89,7.89213,-4.1013,4.14138,-0.91141,0.4331,-0.41737,89.54984,10.52324,-36.30518
36.07744,-79.009244,6,0.49,140.1,7.88,4587803,7.88,7.87837,-4.08515,4.11685,-0.87995,0.4215,-0.41127,89.44753,13.97252,-33.70359
36.077438,-79.009243,6,0.3,140.1,7.89,4588603,7.89,7.88615,-4.06959,4.10549,-0.78069,0.36178,-0.37553,84.79977,29.88892,-28.77814
36.077438,-79.009243,6,0.3,140.2,7.87,4588803,7.87,7.86581,-4.11087,4.17428,-0.74678,0.38042,-0.34789,83.08974,33.5136,-29.91815
36.077438,-79.009247,6,0.38,140.2,7.89,4589603,7.89,7.88914,-4.09352,4.12642,-0.67226,0.33399,-0.31734,74.89038,44.25607,-36.58287
36.077438,-79.009247,7,0.38,140.2,7.86,4589803,7.86,7.86281,-4.08335,4.13001,-0.66722,0.31124,-0.30024,73.19498,45.57147,-39.97369
36.077438,-79.009249,7,0.1,140.2,7.87,4590603,7.87,7.8676,-4.06361,4.14856,-0.55818,0.26741,-0.27153,68.34259,46.84303,-50.30693
36.077438,-79.009249,7,0.1,140.1,7.9,4590803,7.9,7.8999,-4.10489,4.12582,-0.53542,0.26771,-0.25779,67.49489,46.05378,-53.36159
36.077437,-79.009249,7,0.23,140.1,7.87,4591603,7.87,7.8664,-4.11805,4.18624,-0.47495,0.25045,-0.20571,66.67641,40.00293,-61.53172
36.077437,-79.009249,7,0.23,140.4,7.91,4591803,7.91,7.90589,-4.05823,4.08993,-0.46701,0.23472,-0.20647,66.98334,37.72289,-63.46098
36.077437,-79.009252,7,0.25,140.4,7.9,4592603,7.9,7.89871,-4.06122,4.09532,-0.40241,0.19838,-0.23305,68.64952,30.73663,-67.12949
36.077437,-79.009252,7,0.25,139.8,7.91,4592803,7.91,7.90589,-4.12882,4.17308,-0.41905,0.17501,-0.18692,68.78106,28.5589,-67.5095
36.077434,-79.009254,7,0.4,139.8,7.84,4593603,7.84,7.83649,-4.08574,4.17069,-0.36331,0.22633,-0.15745,71.42648,20.66647,-67.67027
36.077434,-79.009254,7,0.4,140.4,7.91,4593803,7.91,7.91007,-4.09352,4.12582,-0.36438,0.19273,-0.1715,73.22421,19.58492,-67.68489
36.077437,-79.009255,7,0.1,140.4,7.89,4594603,7.89,7.88914,-4.1348,4.18445,-0.354,0.14142,-0.14294,76.6881,13.8556,-64.61561
36.077437,-79.009255,7,0.1,139.9,7.87,4594803,7.87,7.87179,-4.07199,4.17906,-0.32681,0.16035,-0.16722,77.57965,12.39404,-64.03099
36.07744,-79.009254,7,0.1,139.9,7.87,4595603,7.87,7.87358,-4.11506,4.13061,-0.30589,0.18036,-0.12569,81.64279,8.76937,-59.98246
36.07744,-79.009254,7,0.1,139.3,7.88,4595803,7.88,7.88196,-4.04626,4.17189,-0.31902,0.1518,-0.11225,81.51125,7.46858,-58.47705
36.077441,-79.009254,7,0.2,139.3,7.92,4596603,7.92,7.91725,-4.09232,4.11865,-0.29352,0.11454,-0.14264,84.46361,6.12394,-53.25928
36.077441,-79.009254,7,0.2,139.3,7.83,4596803,7.83,7.83051,-4.11565,4.18804,-0.30436,0.10721,-0.12706,85.20901,6.03625,-53.43467
36.077441,-79.009253,7,0.2,139.3,7.9,4597603,7.9,7.89691,-4.06541,4.19342,-0.26649,0.18189,-0.09209,87.75212,5.9924,-46.97457
36.077441,-79.009253,7,0.2,139.1,7.89,4597803,7.89,7.89332,-4.06002,4.12463,-0.24511,0.12859,-0.16203,87.83981,6.1824,-46.03917
36.077442,-79.009251,7,0.31,139.1,7.9,4598603,7.9,7.89512,-4.11386,4.15155,-0.24923,0.13225,-0.14462,89.06753,7.7755,-41.84449
36.077442,-79.009251,7,0.31,138.7,7.85,4598803,7.85,7.85384,-4.08395,4.14915,-0.27657,0.09453,-0.13179,88.73137,8.2432,-39.97369
36.077442,-79.009248,7,0.22,138.7,7.83,4599603,7.83,7.82752,-4.09891,4.1659,-0.25626,0.13393,-0.12538,90.076,11.31248,-36.8898
36.077442,-79.009248,7,0.22,138.5,7.9,4599803,7.9,7.9023,-4.12164,4.14257,-0.25412,0.1657,-0.08873,89.85677,12.01403,-34.72669
36.077442,-79.009246,7,0.43,138.5,7.9,4600603,7.9,7.9005,-4.06899,4.10309,-0.2364,0.1321,-0.12294,89.06753,15.77024,-32.40281
36.077442,-79.009246,7,0.43,138.1,7.86,4600803,7.86,7.85504,-4.11207,4.14257,-0.25076,0.07254,-0.12492,89.27214,16.69103,-32.2128
36.077444,-79.009242,7,0.45,138.1,7.92,4601603,7.92,7.92443,-4.10728,4.1689,-0.22801,0.12263,-0.10293,88.07366,20.57878,-30.72201
36.077444,-79.009242,7,0.45,137.4,7.85,4601803,7.85,7.84666,-4.09831,4.14915,-0.22113,0.10308,-0.12065,88.00058,21.95265,-29.93277
36.077442,-79.009242,7,0.45,137.4,7.9,4602603,7.9,7.9023,-4.11147,4.01815,-0.20097,0.13195,-0.09239,87.0798,26.3081,-28.66121
36.077442,-79.009242,7,0.45,136.9,7.87,4602803,7.87,7.86521,-4.09472,4.09532,-0.23167,0.08705,-0.06399,86.37825,26.90734,-29.20199
36.077441,-79.009242,7,0.41,136.9,7.89,4603603,7.89,7.89452,-4.0672,4.19223,-0.20556,0.06842,-0.10599,84.85823,30.56124,-29.2166
36.077441,-79.009242,7,0.41,136.2,7.86,4603803,7.86,7.85803,-4.08933,4.23111,-0.18402,0.10904,-0.12278,84.39053,31.78895,-29.24584
36.077441,-79.009241,7,0.47,136.2,7.88,4604603,7.88,7.87897,-4.06241,4.1689,-0.17853,0.11744,-0.13607,82.79742,35.51593,-29.52353
36.077441,-79.009241,7,0.47,135.4,7.86,4604803,7.86,7.86222,-4.13001,4.14915,-0.22388,0.10889,-0.00061,82.05203,36.27594,-29.62584
36.077441,-79.009242,7,0.45,135.4,7.89,4605603,7.89,7.88794,-4.08515,4.14078,-0.21075,0.0759,-0.0846,79.91815,38.90675,-32.16896
36.077441,-79.009242,7,0.45,134.7,7.86,4605803,7.86,7.85624,-4.04866,4.19103,-0.18891,0.09743,-0.11423,79.75738,39.97369,-32.28588
36.07744,-79.009242,7,0.49,134.7,7.88,4606603,7.88,7.88256,-4.08754,4.12582,-0.19135,0.13195,-0.06506,77.27273,42.9845,-33.39667
36.07744,-79.009242,7,0.49,134.3,7.9,4606803,7.9,7.89811,-4.06361,4.15873,-0.20495,0.06674,-0.09957,77.25811,43.32067,-34.31745
36.077441,-79.00924,7,0.33,134.3,7.9,4607603,7.9,7.90409,-4.09173,4.15215,-0.21655,0.12385,-0.09392,74.59807,45.64455,-37.97135
36.077441,-79.00924,7,0.33,134.2,7.86,4607803,7.86,7.85624,-4.06421,4.1019,-0.22083,0.1211,-0.10446,73.75037,46.30225,-38.89214
36.077444,-79.009239,7,0.4,134.2,7.86,4608603,7.86,7.85564,-4.06241,4.19103,-0.20785,0.11698,-0.09636,71.61649,46.82841,-41.63987
36.077444,-79.009239,7,0.4,133.6,7.89,4608803,7.89,7.89332,-4.07019,4.12702,-0.19914,0.11454,-0.09392,71.20725,47.20842,-43.36451
36.077444,-79.009235,7,0.63,133.6,7.89,4609603,7.89,7.89033,-4.04447,4.10728,-0.17669,0.08415,-0.10003,70.37416,47.51535,-46.31686
36.077444,-79.009235,7,0.63,133.5,7.89,4609803,7.89,7.88854,-4.12582,4.17548,-0.1773,0.08858,-0.08506,69.40953,47.51535,-46.82841
36.077447,-79.009234,7,0.51,133.5,7.84,4610603,7.84,7.84188,-4.05225,4.17129,-0.13454,0.06063,-0.07636,68.35721,46.69687,-48.96229
36.077447,-79.009234,7,0.51,133.4,7.85,4610803,7.85,7.85085,-4.10549,4.1354,-0.11179,0.10033,-0.06093,68.57644,47.36919,-50.04385
36.07745,-79.009232,7,0.68,133.4,7.88,4611603,7.88,7.87538,-4.08515,4.12762,-0.13073,0.02092,-0.02886,67.80182,46.59456,-52.26542
36.07745,-79.009232,7,0.68,132.5,7.82,4611803,7.82,7.82094,-4.06301,4.20598,-0.09713,0.04979,-0.0507,67.5095,46.76995,-52.89389
36.077453,-79.009231,7,0.56,132.5,7.94,4612603,7.94,7.94058,-4.09591,4.13899,-0.08277,0.02535,-0.01695,67.05642,45.35223,-54.01929
36.077453,-79.009231,7,0.56,131.4,7.86,4612803,7.86,7.85564,-4.04985,4.1659,-0.04154,0.06949,-0.031,67.21719,45.55685,-53.82929
36.077456,-79.009231,7,0.44,131.4,7.87,4613603,7.87,7.86581,-4.06241,4.14557,-0.01695,0.06002,-0.03925,67.36334,44.79684,-54.3116
36.077456,-79.009231,7,0.44,130.7,7.89,4613803,7.89,7.89093,-4.14736,4.14377,-0.04795,0.00412,-0.01726,67.40719,45.70301,-55.247
36.077458,-79.009228,7,0.66,130.7,7.88,4614603,7.88,7.88435,-4.10788,4.21496,-0.0368,0.01802,-0.01863,66.36948,45.16224,-54.69161
36.077458,-79.009228,7,0.66,130.3,7.84,4614803,7.84,7.84188,-4.04985,4.14437,-0.03192,0.03894,-0.01222,66.89565,44.69453,-55.62701
36.077457,-79.009226,7,0.71,130.3,7.88,4615603,7.88,7.88495,-4.07199,4.15215,-0.01176,0.01268,-0.03238,66.91026,44.92838,-55.74393
36.077457,-79.009226,7,0.71,130.2,7.84,4615803,7.84,7.83949,-4.08096,4.16052,-0.01817,0.01481,-0.01756,66.25256,45.19146,-55.89009
36.07746,-79.009226,7,0.64,130.2,7.87,4616603,7.87,7.86581,-4.1336,4.14975,-0.08063,0.08506,0.00519,66.35487,45.133,-55.40778
36.07746,-79.009226,7,0.64,129.3,7.86,4616803,7.86,7.85564,-4.02353,4.09352,-0.09148,0.06903,-0.02581,66.64718,44.34376,-56.02163
36.077461,-79.009225,7,0.4,129.3,7.92,4617603,7.92,7.91606,-4.06182,4.27538,-0.09453,-0.01481,-0.09942,66.96872,43.93452,-57.13242
36.077461,-79.009225,7,0.4,128.7,7.88,4617803,7.88,7.87837,-4.14317,4.23111,-0.10873,-0.01878,-0.05345,66.16486,43.49606,-58.03859
36.077461,-79.009225,7,0.44,128.7,7.8,4618603,7.8,7.8006,-4.09591,4.28555,-0.04368,0.03665,-0.02031,65.71178,43.14528,-59.12014
36.077461,-79.009225,7,0.44,128.4,7.91,4618803,7.91,7.91247,-4.09472,4.11924,-0.02214,0.06674,-0.00076,65.33177,42.57527,-58.55013
36.077461,-79.009225,7,0.41,128.4,7.89,4619603,7.89,7.89452,-4.12343,4.14975,-0.01573,0.00641,-0.01573,66.47179,43.05759,-57.87782
36.077461,-79.009225,7,0.41,128.1,7.9,4619803,7.9,7.89931,-4.0995,4.15394,-0.01695,-0.00641,-0.00336,66.26717,43.24759,-57.92166
36.077459,-79.009224,7,0.6,128.1,7.82,4620603,7.82,7.82453,-4.12224,4.19701,0.01772,-0.00122,0.01283,65.81409,43.32067,-58.4332
36.077459,-79.009224,7,0.6,128,7.88,4620803,7.88,7.87598,-4.09591,4.12822,0.0452,0.02795,-0.00764,65.9164,43.48144,-57.49781
36.077457,-79.009223,7,0.35,128,7.91,4621603,7.91,7.91067,-4.1671,4.2006,0.0504,0.01206,0.03268,65.87255,44.46069,-56.40163
36.077457,-79.009223,7,0.35,128.3,7.86,4621803,7.86,7.86162,-4.10668,4.14377,0.04826,0.01374,0.073,66.60333,43.97837,-56.70856
36.077457,-79.009223,7,0.2,128.3,7.85,4622603,7.85,7.85025,-4.13779,4.13061,0.04383,0.04979,0.11958,66.31102,45.4107,-55.34932
36.077457,-79.009223,7,0.2,128.4,7.89,4622803,7.89,7.89273,-4.06062,4.08216,0.03833,-0.02291,0.06277,67.6995,45.11839,-54.54546
36.077456,-79.009224,7,0.21,128.4,7.92,4623603,7.92,7.91905,-3.9003,3.98046,0.10797,0.05788,0.06918,68.62029,45.38147,-52.73312
36.077456,-79.009224,7,0.21,128.6,9.3,4623803,9.3,9.30449,-4.75753,-2.09073,2.24646,-0.74968,0.46136,73.35574,43.77375,-45.2207
36.077456,-79.009225,7,0.13,128.6,8.44,4624603,8.44,8.44248,-3.44686,3.44088,0.08812,0.32422,0.146,73.98421,44.50453,-41.87372
36.077456,-79.009225,7,0.13,128.4,8.27,4624803,8.27,8.2678,-3.55753,3.68674,-0.22984,-0.65149,-0.35949,73.23882,45.39608,-42.77989
36.077458,-79.009226,7,0.08,128.4,8.48,4625603,8.48,8.47657,-3.37687,3.11127,0.18891,0.71151,0.40225,74.715,44.79684,-41.25987
36.077458,-79.009226,7,0.08,128.1,8.58,4625803,8.58,8.58186,-3.31226,3.06102,-0.25717,-0.67623,-0.37431,74.75884,44.16837,-40.39754
36.077458,-79.009226,7,0.23,128.1,8.42,4626603,8.42,8.41855,-3.51266,3.49352,0.02337,0.14661,0.05864,73.44344,45.16224,-43.14528
36.077458,-79.009226,7,0.23,127.7,8.5,4626803,8.5,8.49691,-3.41815,3.2333,-0.05391,-0.08262,-0.05849,74.42268,44.31453,-41.17217
36.07746,-79.009226,7,0.14,127.7,8.1,4627603,8.1,8.0997,-3.70529,4.03968,-0.0788,-0.16554,-0.10522,71.73341,45.61532,-44.88454
36.07746,-79.009226,7,0.14,127,7.84,4627803,7.84,7.83709,-3.84048,4.48176,-0.01588,0.04093,0.00397,70.44724,45.86378,-46.65303
36.077463,-79.009226,7,0.15,127,8.34,4628603,8.34,8.34317,-3.54018,3.51147,0.12126,0.42913,0.20739,72.80035,45.36685,-42.80912
36.077463,-79.009226,7,0.15,126.6,8.34,4628803,8.34,8.33779,-3.57009,3.57607,-0.13027,-0.31872,-0.1854,73.18035,45.16224,-42.6922
36.077461,-79.009226,7,0.12,126.6,8.07,4629603,8.07,8.07219,-3.70289,4.00977,-0.03436,-0.02902,-0.03283,72.08419,45.49839,-45.05993
36.077461,-79.009226,7,0.12,126.9,8.13,4629803,8.13,8.13081,-3.67896,3.94158,0.03329,0.17486,0.07391,72.47881,44.88454,-44.25607
36.077461,-79.009225,7,0.15,126.9,8.95,4630603,8.95,8.94975,-3.04128,2.43888,0.02306,0.55467,0.29062,76.61502,42.04911,-35.28208
36.077461,-79.009225,7,0.15,126.9,10.02,4630803,10.02,10.01875,-3.83928,3.32901,0.62827,2.74034,1.4476,78.96814,37.19672,-22.68343
36.07746,-79.009223,7,0.24,126.9,7.8,4631603,7.8,7.79881,-1.2341,-1.56491,-1.09009,0.52321,-0.00122,77.72581,33.57205,-12.29173
36.07746,-79.009223,7,0.24,126.9,8.68,4631803,8.68,8.68236,-2.7661,1.18804,-0.05971,-3.52164,-1.70416,77.69658,40.42678,-25.48962
36.07746,-79.009223,7,0.35,126.9,8.25,4632603,8.25,8.25105,-4.23589,4.1677,0.1263,-1.16584,-0.71242,75.32885,43.68606,-35.57439
36.07746,-79.009223,7,0.35,127.1,6.99,4632803,6.99,6.99243,-4.49432,4.5667,0.32116,0.37843,0.45677,72.78574,45.77609,-37.31365
36.077462,-79.009219,7,0.61,127.1,8.15,4633603,8.15,8.14696,-4.34237,3.85304,0.02993,0.23656,0.49175,78.06197,40.89447,-32.16896
36.077462,-79.009219,7,0.61,126.8,8.1,4633803,8.1,8.09671,-3.66222,4.10249,0.0649,-0.33109,-0.14523,79.91815,38.77521,-32.54896
36.077461,-79.009216,7,0.7,126.8,8.46,4634603,8.46,8.45923,-4.21675,4.06481,0.05345,-0.24282,-0.07834,79.46507,39.16983,-31.32125
36.077461,-79.009216,7,0.7,126.6,7.44,4634803,7.44,7.43749,-4.01276,4.27777,0.04948,-0.0391,0.12935,80.25431,38.33675,-32.06665
36.077461,-79.009214,7,0.66,126.6,8,4635603,8,8.0016,-4.14078,4.14557,0.03787,0.07575,0.10797,81.07278,36.72903,-30.28354
36.077461,-79.009214,7,0.66,125.9,7.92,4635803,7.92,7.92443,-3.87398,4.05404,0.01359,-0.05437,0.04383,82.1105,35.91055,-26.67349
36.077458,-79.009212,7,0.87,125.9,7.95,4636603,7.95,7.94716,-4.07438,4.14915,0.06093,-0.06231,-0.1095,81.99357,35.74978,-30.50278
36.077458,-79.009212,7,0.87,125.4,7.8,4636803,7.8,7.803,-4.14856,4.12762,0.011,-0.00962,0.0872,82.0228,35.74978,-30.32739
36.077455,-79.009209,7,0.72,125.4,7.84,4637603,7.84,7.83829,-4.07857,4.19522,0.062,-0.00305,0.00137,82.79742,34.58053,-29.91815
36.077455,-79.009209,7,0.72,125.1,7.87,4637803,7.87,7.8688,-4.11805,4.08455,0.04612,0.01344,0.04429,82.69512,33.90821,-30.02046
36.07745,-79.009207,7,0.81,125.1,7.94,4638603,7.94,7.93879,-4.12523,4.10668,0.04902,-0.01726,0.01176,82.9582,30.26893,-28.5589
36.07745,-79.009207,7,0.81,125.1,7.87,4638803,7.87,7.8694,-4.14616,4.12104,0.01038,-0.0478,0.06032,82.78281,33.16282,-28.20813
36.077448,-79.009204,7,0.66,125.1,7.9,4639603,7.9,7.9017,-4.17847,4.07558,0.01833,0.02749,0.08369,84.1713,32.03741,-28.50044
36.077448,-79.009204,7,0.66,124.4,7.86,4639803,7.86,7.85683,-4.00499,4.13958,0.03146,-0.03543,-0.01451,84.20052,31.18971,-27.57966
36.077443,-79.009205,7,0.69,124.4,7.86,4640603,7.86,7.85743,-4.11386,4.13121,0.0029,-0.03742,0.02825,84.259,30.95586,-28.31044
36.077443,-79.009205,7,0.69,124.3,7.84,4640803,7.84,7.84307,-4.09711,4.1689,0.03406,-0.00122,-0.011,84.47823,30.50278,-28.73429
36.077441,-79.009203,7,0.25,124.3,7.77,4641603,7.77,7.77189,-4.09711,4.10309,0.02138,0.0139,0.02321,84.9313,29.53815,-28.2812
36.077441,-79.009203,7,0.25,124.5,7.99,4641803,7.99,7.99203,-4.17667,4.03609,-0.00428,-0.04291,0.0394,85.34054,29.20199,-27.94505
36.077437,-79.009202,7,0.45,124.5,7.9,4642603,7.9,7.89512,-4.12582,4.17308,0.05544,0.00718,0.04749,85.38439,27.27273,-29.34814
36.077437,-79.009202,7,0.45,124.5,7.83,4642803,7.83,7.83051,-4.10608,4.12642,0.05406,0.01634,0.05452,85.63286,26.93657,-28.3689
36.077432,-79.009203,7,0.77,124.5,7.96,4643603,7.96,7.96152,-4.13779,4.07318,0.08659,0.01985,-0.0029,86.29056,25.57732,-27.82812
36.077432,-79.009203,7,0.77,124.5,7.83,4643803,7.83,7.82932,-4.09891,4.09113,0.03696,-0.05712,0.03009,86.53902,25.02192,-28.03274
36.077429,-79.009201,7,0.62,124.5,7.94,4644603,7.94,7.93939,-4.06959,4.18146,0.01634,-0.0985,0.04979,86.5098,23.26805,-28.95352
36.077429,-79.009201,7,0.62,124.2,7.76,4644803,7.76,7.75813,-4.02533,4.19462,0.09774,-0.03024,-0.06048,86.6998,22.81497,-30.54662
36.077424,-79.009199,7,0.69,124.2,7.95,4645603,7.95,7.94896,-4.08933,4.10429,0.06231,0.02214,-0.06674,87.57673,22.74189,-29.94739
36.077424,-79.009199,7,0.69,124.6,7.79,4645803,7.79,7.79283,-4.21496,4.08216,-0.00993,-0.0588,-0.00046,88.05905,22.80035,-29.6843
36.07742,-79.009199,7,0.55,124.6,7.8,4646603,7.8,7.79881,-4.17069,4.12164,-0.03268,-0.02092,0.02031,88.13213,22.55189,-30.69278
36.07742,-79.009199,7,0.55,124.6,7.84,4646803,7.84,7.84128,-4.13719,4.15873,0.01558,0.05757,-0.0168,88.49751,21.73341,-30.29816
36.077417,-79.009198,7,0.77,124.6,7.92,4647603,7.92,7.91725,-4.11984,4.13599,-0.0055,0.04872,-0.02657,88.2929,22.18649,-30.34201
36.077417,-79.009198,7,0.77,124.1,7.85,4647803,7.85,7.85324,-4.13899,4.1354,-0.01924,0.04536,0.01084,87.89828,22.52265,-29.66969
36.077413,-79.009197,7,1.15,124.1,7.74,4648603,7.74,7.73779,-4.21436,4.17248,0.04398,0.19563,0.01436,88.61444,23.0342,-29.4943
36.077413,-79.009197,7,1.15,123.6,7.92,4648803,7.92,7.91845,-4.14138,3.98764,-0.08735,0.04016,0.11759,87.88366,22.17188,-28.10582
36.077411,-79.009197,7,0.9,123.6,7.93,4649603,7.93,7.93041,-4.13839,4.11625,-0.11622,-0.10721,-0.01115,88.32213,22.23034,-29.01199
36.077411,-79.009197,7,0.9,122.9,7.77,4649803,7.77,7.77129,-4.07318,4.19701,-0.05834,0.00641,-0.04566,87.94212,22.69804,-29.69892
36.077406,-79.009197,7,1.0,122.9,7.83,4650603,7.83,7.82632,-4.19043,4.24666,-0.06628,0.0591,-0.06781,87.88366,23.80883,-27.81351
36.077406,-79.009197,7,1.0,122.7,7.83,4650803,7.83,7.82932,-4.09591,4.10608,-0.0956,0.01924,-0.06216,87.32827,23.98421,-28.35428
36.077402,-79.009198,7,0.91,122.7,7.9,4651603,7.9,7.90469,-4.13958,4.09591,-0.11713,-0.12538,-0.19548,87.02134,24.58345,-27.09734
36.077402,-79.009198,7,0.91,122.4,7.79,4651803,7.79,7.78565,-4.35853,4.40878,-0.14248,-0.00443,-0.02275,86.31979,25.72347,-28.73429
36.077397,-79.009198,7,0.81,122.4,7.8,4652603,7.8,7.79941,-4.05583,4.14796,-0.06231,0.21625,0.02062,85.48669,27.53581,-27.95966
36.077397,-79.009198,7,0.81,122.5,8.02,4652803,8.02,8.02014,-4.18744,4.11625,-0.09575,0.02535,-0.04719,85.83747,27.68196,-27.34581
36.077394,-79.009198,7,0.87,122.5,7.86,4653603,7.86,7.86461,-4.16052,4.11087,-0.11332,0.00137,-0.02657,85.17977,28.57352,-28.61736
36.077394,-79.009198,7,0.87,122.1,7.83,4653803,7.83,7.82573,-4.13121,4.24487,-0.07575,0.04139,-0.08827,84.85823,29.90354,-28.16428
36.07739,-79.009195,7,0.84,122.1,7.85,4654603,7.85,7.84607,-4.21316,4.20957,-0.0646,0.0672,0.04612,84.77054,31.07279,-28.57352
36.07739,-79.009195,7,0.84,122,7.95,4654803,7.95,7.94776,-4.01217,4.13061,-0.0704,-0.01069,0.0026,84.98977,30.69278,-28.54429
36.07739,-79.009195,7,0.67,122,7.85,4655603,7.85,7.85145,-4.15693,4.11924,-0.02153,0.00153,-0.0449,83.95206,31.75972,-28.63198
36.07739,-79.009195,7,0.67,121.6,7.8,4655803,7.8,7.79881,-4.09651,4.0672,-0.05345,-0.01817,0.01558,84.03976,31.59895,-29.50891
36.077389,-79.009191,7,0.69,121.6,7.82,4656603,7.82,7.81795,-4.17966,4.1324,-0.04337,-0.01329,0.06322,84.56591,31.46741,-28.80737
36.077389,-79.009191,7,0.69,121.1,7.87,4656803,7.87,7.86581,-4.04387,4.12642,0.0139,0.00779,-0.02993,84.20052,31.26279,-29.50891
36.077383,-79.009191,7,0.84,121.1,7.81,4657603,7.81,7.80658,-4.12463,4.20479,0.02611,-0.00397,-0.05315,84.52207,31.20432,-30.06431
36.077383,-79.009191,7,0.84,121.3,7.78,4657803,7.78,7.78206,-4.11865,4.0325,0.01695,0.12553,0.08964,84.94592,30.22508,-27.95966
36.077378,-79.009193,7,0.98,121.3,8.1,4658603,8.1,8.09791,-4.09651,4.03729,-0.00993,-0.04001,-0.04917,84.66823,30.152,-28.41274
36.077378,-79.009193,7,0.98,121.3,7.75,4658803,7.75,7.75275,-4.07438,4.06122,-0.05925,-0.07666,0.02459,84.79977,30.66355,-29.3043
36.077371,-79.009196,7,0.78,121.3,7.88,4659603,7.88,7.87777,-4.13121,4.1689,-0.03986,0.00168,0.06781,85.41362,29.53815,-28.35428
36.077371,-79.009196,7,0.78,121.9,7.9,4659803,7.9,7.90289,-4.04866,4.12523,0.03711,0.03848,-0.0507,85.15054,29.42122,-29.23122
36.077365,-79.009196,7,1.0,121.9,7.87,4660603,7.87,7.87418,-4.09113,4.05883,0.01054,-0.01787,-0.09591,85.32593,30.97047,-28.06197
36.077365,-79.009196,7,1.0,122.1,7.78,4660803,7.78,7.77787,-4.24786,4.11865,-0.04444,0.00443,0.02352,84.79977,30.91201,-28.17889
36.07736,-79.009195,7,0.9,122.1,7.67,4661603,7.67,7.66959,-4.23709,4.03191,-0.08323,0.03192,-0.00092,84.78515,30.72201,-27.00965
36.07736,-79.009195,7,0.9,122.4,7.84,4661803,7.84,7.84487,-4.15095,4.08574,-0.12156,-0.02199,0.00932,84.50745,30.83894,-28.22274
36.077354,-79.009195,7,1.16,122.4,7.96,4662603,7.96,7.95793,-4.00738,3.90568,-0.06032,0.15333,-0.12538,83.67436,31.77434,-26.77579
36.077354,-79.009195,7,1.16,122.5,7.82,4662803,7.82,7.81795,-4.21914,4.06002,-0.18524,-0.1292,-0.18998,83.54282,33.67437,-28.90967
36.077348,-79.009197,7,1.12,122.5,7.74,4663603,7.74,7.736,-4.34477,4.25743,-0.01512,0.24404,-0.2361,80.88278,37.78135,-29.14352
36.077348,-79.009197,7,1.12,122.3,7.9,4663803,7.9,7.89751,-4.38126,3.69332,-0.14157,0.30406,0.07621,80.00585,37.95674,-27.41888
36.077345,-79.009196,7,0.93,122.3,7.89,4664603,7.89,7.88555,-4.13001,4.02174,-0.14645,0.10339,-0.10721,79.56738,39.63753,-29.78661
36.077345,-79.009196,7,0.93,122.4,7.86,4664803,7.86,7.85624,-4.17847,4.1677,-0.24038,-0.06384,-0.03024,79.27506,40.64601,-32.05203
36.07734,-79.009197,7,0.71,122.4,7.86,4665603,7.86,7.86341,-4.11087,4.17009,-0.1967,0.04505,-0.0281,77.50658,42.37065,-33.5136
36.07734,-79.009197,7,0.71,122.5,7.86,4665803,7.86,7.85923,-4.00559,4.1348,-0.14508,0.09835,-0.09728,77.95966,42.20988,-34.24437
36.077338,-79.009199,7,0.39,122.5,7.78,4666603,7.78,7.78445,-4.1683,4.17607,-0.11026,0.15211,-0.01008,75.60655,44.56299,-35.4867
36.077338,-79.009199,7,0.39,122.5,7.9,4666803,7.9,7.90409,-4.1354,4.04566,-0.09835,0.06261,-0.11377,75.73809,44.53376,-35.51593
36.077337,-79.009198,7,0.35,122.5,7.9,4667603,7.9,7.9005,-4.24487,4.07677,-0.11057,0.06628,-0.00397,73.95498,45.65916,-36.02748
36.077337,-79.009198,7,0.35,122.7,7.82,4667803,7.82,7.81855,-4.09053,4.11565,-0.14035,-0.01604,-0.03054,74.99269,45.6884,-37.48904
36.077334,-79.009202,7,0.43,122.7,7.8,4668603,7.8,7.80359,-4.21974,4.20778,-0.0785,0.10156,-0.01161,73.12189,46.60918,-39.82753
36.077334,-79.009202,7,0.43,122.8,7.85,4668803,7.85,7.85324,-4.10967,4.12582,-0.05192,0.0817,-0.04979,73.34113,46.7261,-38.77521
36.077332,-79.009203,7,0.4,122.8,7.81,4669603,7.81,7.80539,-4.1994,4.1019,-0.02795,0.00092,-0.03451,72.66881,47.13534,-39.92985
36.077332,-79.009203,7,0.4,122.5,7.87,4669803,7.87,7.8676,-4.15514,4.17428,-0.07773,-0.0058,0.0869,73.56036,46.19994,-40.32447
36.077332,-79.009206,7,0.45,122.5,7.85,4670603,7.85,7.85444,-4.0684,4.18923,0.01817,0.03115,-0.02337,73.06343,46.65303,-39.3306
36.077332,-79.009206,7,0.45,122.2,7.86,4670803,7.86,7.86222,-4.16291,4.10788,0.01817,0.05818,0.00641,73.29728,45.95148,-39.59369
36.077329,-79.009208,7,0.6,122.2,7.95,4671603,7.95,7.95135,-4.15573,4.0995,0.0368,0.04872,0.01741,73.29728,46.59456,-39.50599
36.077329,-79.009208,7,0.6,122.4,7.88,4671803,7.88,7.87598,-4.15454,4.10489,-0.02673,-0.12339,0.03451,73.54575,46.11225,-39.03829
36.077327,-79.009209,7,0.61,122.4,7.97,4672603,7.97,7.96631,-4.0325,4.22752,0.06185,-0.15424,-0.00382,74.97808,45.07454,-38.74598
36.077327,-79.009209,7,0.61,122.6,7.67,4672803,7.67,7.67019,-4.06481,4.23709,0.16631,-0.01863,-0.02077,75.21192,45.00146,-38.36597
36.077324,-79.00921,7,0.62,122.6,7.88,4673603,7.88,7.88375,-4.08036,4.21017,0.1938,-0.00076,0.1237,77.08273,42.32681,-34.56592
36.077324,-79.00921,7,0.62,122.5,8,4673803,8,7.99681,-4.11446,4.14796,0.2025,-0.1208,0.03344,77.57965,42.09296,-33.44051
36.077322,-79.009214,7,0.33,122.5,7.92,4674603,7.92,7.91785,-4.21795,4.06361,0.1321,-0.22801,0.03955,79.62584,38.78983,-31.59895
36.077322,-79.009214,7,0.33,122.5,7.71,4674803,7.71,7.70668,-4.10549,4.28614,0.1208,-0.09026,0.17715,80.47355,38.43905,-32.12511
36.077321,-79.009212,7,0.55,122.5,8.32,4675603,8.32,8.32403,-4.11266,3.91286,-1.99371,0.87247,-0.90072,75.34347,43.7299,-40.71909
36.077321,-79.009212,7,0.55,122.5,7.78,4675803,7.78,7.77966,-4.04507,3.61436,-1.73944,0.60613,-0.95936,70.71032,44.79684,-50.4677
36.077318,-79.009209,7,0.68,122.5,8.17,4676603,8.17,8.1667,-4.17009,3.9338,-1.33703,0.56184,-0.61789,71.98188,25.78193,-68.00643
36.077318,-79.009209,7,0.68,122.6,7.55,4676803,7.55,7.54936,-4.22812,4.02712,-1.22463,0.62415,-0.60353,73.85268,19.42414,-67.1441
36.077314,-79.009208,7,0.89,122.6,7.89,4677603,7.89,7.89392,-4.16949,4.11087,-1.05222,0.6663,-0.52886,86.20287,6.69395,-51.24233
36.077314,-79.009208,7,0.89,122.7,7.98,4677803,7.98,7.98126,-4.35494,4.11924,-1.12598,0.54077,-0.35109,88.55598,6.34317,-45.38147
36.077311,-79.009215,7,0.74,122.7,7.84,4678603,7.84,7.83769,-4.22333,3.92662,-0.83429,0.2416,-0.32773,89.15521,17.93335,-31.78895
36.077311,-79.009215,7,0.74,122.7,7.85,4678803,7.85,7.85085,-4.13061,4.21017,-0.68417,0.28268,-0.38897,88.38059,21.82111,-31.01432
36.077303,-79.009214,7,1.12,122.7,7.73,4679603,7.73,7.7336,-4.0678,4.13599,-0.40913,0.46563,-0.12049,83.68898,33.58667,-29.37737
36.077303,-79.009214,7,1.12,122.8,7.97,4679803,7.97,7.97468,-4.25205,3.93978,-0.44349,0.18998,-0.20403,82.34435,35.16515,-28.04736
36.077297,-79.009219,7,1.24,122.8,7.8,4680603,7.8,7.79701,-4.22034,4.12343,-0.4415,-0.11729,-0.09865,77.66735,41.90295,-32.8705
36.077297,-79.009219,7,1.24,122.7,7.81,4680803,7.81,7.81376,-4.15035,4.36451,-0.28909,0.14905,-0.03467,77.69658,42.23911,-35.12131
36.077295,-79.009219,7,0.85,122.7,7.79,4681603,7.79,7.78924,-4.06241,4.18864,-0.21396,0.2865,-0.23366,75.50423,45.19146,-37.86905
36.077295,-79.009219,7,0.85,122.8,7.85,4681803,7.85,7.84547,-4.20598,4.06062,-0.34636,0.16448,-0.15088,73.77959,46.30225,-38.84829
36.077292,-79.009221,7,1.07,122.8,8.04,4682603,8.04,8.04168,-3.79621,5.05723,-0.30528,-0.07055,-0.52687,68.50336,48.1292,-49.15229
36.077292,-79.009221,7,1.07,122.6,7.26,4682803,7.26,7.25863,-4.54816,4.74078,-0.20724,0.38897,-0.3259,65.52177,50.02923,-50.73078
36.07729,-79.009221,7,1.33,122.6,7.98,4683603,7.98,7.98305,-4.21017,4.09591,-0.3062,0.54,-0.06842,68.26951,46.82841,-53.23005
36.07729,-79.009221,7,1.33,122.4,8.19,4683803,8.19,8.18764,-4.18864,3.72742,-0.37553,0.0985,-0.38378,68.67875,46.24379,-53.77083
36.077287,-79.009223,7,0.9,122.4,8.67,4684603,8.67,8.6698,-3.67717,3.8327,-0.46319,-0.13164,-0.34636,67.46565,38.52674,-63.24174
36.077287,-79.009223,7,0.9,122.4,6.62,4684803,6.62,6.62154,-4.63669,3.89133,-0.31276,-0.1127,-0.2813,63.1102,39.30138,-65.30254
36.077283,-79.009229,7,0.77,122.4,7.6,4685603,7.6,7.6026,-4.7342,4.41177,-0.1857,-0.69807,-0.03207,64.99561,43.68606,-59.60246
36.077283,-79.009229,7,0.77,122.9,2.35,4685803,2.35,2.34676,4.39382,13.35016,-1.47142,0.40791,0.41997,67.93335,28.7489,-68.51797
36.077278,-79.00923,7,1.05,122.9,8.18,4686603,8.18,8.17986,-2.9342,4.57388,-0.56612,0.53359,-0.99495,72.42035,15.60947,-71.04648
36.077278,-79.00923,7,1.05,123.1,7.72,4686803,7.72,7.72284,-4.60917,3.935,-0.45479,0.47296,-1.14476,74.37884,20.05262,-67.64104
36.077276,-79.009235,7,1.43,123.1,7.8,4687603,7.8,7.79641,-4.64447,3.99841,-0.58261,0.39156,-0.25198,83.17744,10.43554,-59.13476
36.077276,-79.009235,7,1.43,123.3,7.75,4687803,7.75,7.74856,-4.31306,3.98166,-0.68997,0.28191,0.0504,84.31745,7.99474,-56.16779
36.077278,-79.009235,7,0.68,123.3,7.96,4688603,7.96,7.95673,-4.0672,4.12882,-0.49908,0.23992,-0.04352,88.64367,5.01315,-47.22303
36.077278,-79.009235,7,0.68,122.7,7.9,4688803,7.9,7.89512,-4.00858,4.1342,-0.40836,0.08369,-0.38439,88.7606,5.40778,-45.64455
36.07728,-79.009236,7,0.41,122.7,7.83,4689603,7.83,7.8329,-4.23171,4.05643,-0.31948,0.23045,-0.22541,90.29523,10.47939,-38.74598
36.07728,-79.009236,7,0.41,122.7,7.84,4689803,7.84,7.83709,-4.20658,4.03131,-0.36606,0.10369,-0.08125,90.39754,11.59018,-36.69979
36.077278,-79.009241,7,0.63,122.7,7.92,4690603,7.92,7.92383,-4.15274,4.19342,-0.22877,0.13485,-0.06277,90.63139,14.01637,-32.57819
36.077278,-79.009241,7,0.63,122.9,7.85,4690803,7.85,7.84966,-4.00738,4.2688,-0.23396,0.04276,-0.10171,90.80679,15.4487,-33.3382
36.077277,-79.009241,7,0.37,122.9,7.86,4691603,7.86,7.86102,-4.09831,4.16172,-0.21441,0.073,-0.05986,89.92984,19.13183,-31.23356
36.077277,-79.009241,7,0.37,123,7.86,4691803,7.86,7.86102,-4.0337,4.23769,-0.14981,0.12569,-0.13103,89.05291,19.20491,-31.14586
36.077275,-79.009238,7,0.64,123,7.89,4692603,7.89,7.89452,-4.21914,4.10967,-0.13271,0.13027,-0.11637,88.17597,23.54575,-28.79275
36.077275,-79.009238,7,0.64,123.1,7.86,4692803,7.86,7.85982,-4.17248,4.10489,-0.18738,0.05085,-0.06322,87.97135,24.61269,-28.82198
36.077277,-79.009236,7,0.24,123.1,7.89,4693603,7.89,7.88854,-4.2329,4.09711,-0.14462,0.09056,-0.08583,87.06519,27.36042,-28.93891
36.077277,-79.009236,7,0.24,123.5,7.81,4693803,7.81,7.81257,-4.14676,4.12343,-0.18601,0.04368,-0.03955,86.55364,27.60889,-28.58813
36.077278,-79.009233,7,0.21,123.5,7.85,4694603,7.85,7.84547,-4.14138,4.21077,-0.13592,0.11576,-0.06781,85.04823,30.02046,-29.53815
36.077278,-79.009233,7,0.21,123.9,7.9,4694803,7.9,7.89811,-4.13659,4.12104,-0.15455,0.04933,-0.07514,85.42824,31.42356,-28.60275
36.077281,-79.009231,7,0.1,123.9,7.82,4695603,7.82,7.82214,-4.16949,4.09831,-0.12935,0.13485,-0.01436,83.68898,33.54282,-29.52353
36.077281,-79.009231,7,0.1,123.8,7.96,4695803,7.96,7.95733,-4.12523,4.09891,-0.12202,0.04139,-0.10263,83.36744,34.03975,-28.50044
36.077283,-79.009231,7,0.16,123.8,7.79,4696603,7.79,7.78804,-4.16052,4.16531,-0.10583,0.06521,-0.06811,82.50511,36.24671,-30.23969
36.077283,-79.009231,7,0.16,124,7.93,4696803,7.93,7.92922,-4.19581,4.0995,-0.11072,0.08231,-0.04307,81.84741,37.31365,-30.73663
36.077283,-79.009231,7,0.09,124,7.78,4697603,7.78,7.78445,-4.15693,4.12164,-0.09148,0.06643,-0.02673,81.17509,38.27828,-30.4297
36.077283,-79.009231,7,0.09,124,7.89,4697803,7.89,7.88674,-4.15215,4.03789,-0.11729,0.06399,-0.0171,81.24817,38.55598,-30.16662
36.077282,-79.009232,7,0.08,124,7.89,4698603,7.89,7.89153,-4.18744,4.09651,-0.09835,-0.03406,-0.00428,80.40047,39.28676,-30.95586
36.077282,-79.009232,7,0.08,124.4,7.8,4698803,7.8,7.8012,-4.12164,4.15274,-0.0336,0.04734,-0.06353,80.25431,39.52061,-32.25665
36.07728,-79.009233,7,0.4,124.4,7.94,4699603,7.94,7.94297,-4.14138,4.15274,-0.02871,0.05803,-0.03329,79.772,40.3537,-31.62818
36.07728,-79.009233,7,0.4,124.8,7.79,4699803,7.79,7.79043,-4.15035,4.05703,-0.06384,0.00657,-0.01436,79.772,39.78369,-31.67202
36.077277,-79.009235,7,0.15,124.8,7.89,4700603,7.89,7.89452,-4.17906,4.17906,-0.05864,-0.0171,-0.01084,79.43584,40.1637,-32.43204
36.077277,-79.009235,7,0.15,125.4,7.79,4700803,7.79,7.78864,-4.12044,4.16112,-0.02031,0.03283,-0.04047,80.06431,40.64601,-32.59281
36.077273,-79.009236,7,0.05,125.4,7.84,4701603,7.84,7.83889,-4.17129,4.12582,-0.02245,0.06322,0,78.67583,41.39141,-30.88278
36.077273,-79.009236,7,0.05,126.1,7.82,4701803,7.82,7.82154,-4.14497,4.11266,-0.0391,-0.00428,-0.0223,79.3043,41.15755,-31.84741
36.077272,-79.009238,7,0.05,126.1,7.86,4702603,7.86,7.85863,-4.13958,4.10549,-0.0394,-0.01512,-0.05467,79.15814,40.74832,-31.77434
36.077272,-79.009238,7,0.05,126.5,7.78,4702803,7.78,7.78266,-4.18923,4.05225,-0.02596,0.05253,0.00244,78.85121,40.99678,-31.99357
36.077273,-79.009239,7,0.02,126.5,7.85,4703603,7.85,7.84846,-4.15334,4.10668,-0.06093,0.01542,0.05192,78.82198,41.04063,-31.80357
36.077273,-79.009239,7,0.02,126.4,7.86,4703803,7.86,7.85923,-4.09173,4.14736,-0.01512,0.01451,-0.04475,79.59661,40.95294,-31.78895
36.077272,-79.009237,7,0.1,126.4,7.85,4704603,7.85,7.85205,-4.17488,4.14317,-0.00367,0.02107,-0.03161,78.73429,41.61064,-32.75358
36.077272,-79.009237,7,0.1,126.5,7.89,4704803,7.89,7.89033,-4.17368,4.0684,-0.03222,-0.01344,0.0113,78.64659,41.59602,-31.05817
36.077274,-79.009236,7,0.12,126.5,7.86,4705603,7.86,7.85803,-4.17248,4.09292,-0.01527,0.02199,0.01817,78.64659,41.25987,-30.79509
36.077274,-79.009236,7,0.12,126,7.86,4705803,7.86,7.86042,-4.14437,4.15454,-0.01726,-0.02107,-0.03864,79.99123,40.80678,-31.52587
36.077273,-79.009237,7,0.14,126,7.86,4706603,7.86,7.86162,-4.20479,4.11625,0.00809,0.01604,-0.00748,79.4943,40.39754,-30.82432
36.077273,-79.009237,7,0.14,125.8,7.84,4706803,7.84,7.8353,-4.17189,4.07737,-0.01573,0.02566,0.05192,79.14352,40.22216,-30.73663
36.077272,-79.009238,7,0.06,125.8,7.88,4707603,7.88,7.88256,-4.11446,4.09532,0.00382,-0.01008,-0.02474,79.78661,40.04677,-30.35662
36.077272,-79.009238,7,0.06,125.8,7.84,4707803,7.84,7.84367,-4.2018,4.12343,-0.00107,-0.0029,-0.00718,80.03508,40.48524,-31.3651
36.077271,-79.009241,7,0.45,125.8,7.84,4708603,7.84,7.83709,-4.1336,4.13839,-0.01252,-0.03146,-0.01573,79.74277,40.29523,-31.33587
36.077271,-79.009241,7,0.45,125.5,7.83,4708803,7.83,7.82573,-4.18206,4.11446,0.0139,0.05803,0.01817,79.37738,39.66676,-31.02894
36.077269,-79.009244,7,0.26,125.5,7.76,4709603,7.76,7.76471,-4.18923,4.10728,-0.0142,-0.01695,0.00092,80.21046,39.46215,-30.79509
36.077269,-79.009244,7,0.26,126,7.9,4709803,7.9,7.89512,-4.13719,4.05942,0.00672,0.04765,0.01604,80.56124,39.57907,-30.95586
36.07727,-79.009245,7,0.01,126,7.8,4710603,7.8,7.79582,-4.11207,4.04866,-0.0252,-0.01374,0.00672,80.47355,39.00906,-31.87664
36.07727,-79.009245,7,0.01,125.9,7.96,4710803,7.96,7.96092,-4.18086,4.1336,0.0168,0.03253,-0.0255,80.83894,39.27214,-29.71354
36.077271,-79.009247,7,0.13,125.9,7.74,4711603,7.74,7.74198,-4.11386,4.1013,-0.03039,-0.01191,0.03054,80.72201,38.9506,-31.35048
36.077271,-79.009247,7,0.13,125.4,7.91,4711803,7.91,7.90888,-4.1683,4.09292,0.01802,0.06704,-0.00458,80.85355,38.62906,-30.54662
36.077272,-79.009247,7,0.09,125.4,7.88,4712603,7.88,7.87538,-4.1683,4.05284,-0.00916,0.00809,-0.00428,80.37124,38.64367,-30.51739
36.077272,-79.009247,7,0.09,125.1,7.85,4712803,7.85,7.85085,-4.14437,4.12164,-0.01634,-0.01206,-0.01481,80.53201,37.79597,-30.28354
36.077272,-79.009247,7,0.02,125.1,7.87,4713603,7.87,7.8694,-4.13599,4.10608,-0.01894,0.01451,0.01527,81.2774,38.55598,-30.60509
36.077272,-79.009247,7,0.02,125.4,7.87,4713803,7.87,7.8688,-4.1354,4.12044,-0.00748,-0.0026,-0.01206,80.56124,37.91289,-30.40047
36.077273,-79.009248,7,0.15,125.4,7.84,4714603,7.84,7.84307,-4.1689,4.11326,0.01023,0.0452,-0.00428,80.97047,41.12833,-30.47355
36.077273,-79.009248,7,0.15,125.1,7.86,4714803,7.86,7.85504,-4.1671,4.13719,-0.02169,-0.02627,-0.01283,80.40047,38.21982,-30.37124
36.077271,-79.009248,7,0.61,125.1,7.88,4715603,7.88,7.87777,-4.16531,4.11565,-0.01436,0.00031,-0.01512,81.48203,37.53288,-29.99123
36.077271,-79.009248,7,0.61,125.2,7.87,4715803,7.87,7.8688,-4.19282,4.1019,-0.02184,-0.00611,0.00947,81.29202,37.34288,-30.29816
36.077269,-79.00925,7,0.2,125.2,7.94,4716603,7.94,7.94297,-4.15753,4.10309,-0.01313,0.0394,0.00962,81.11664,37.38673,-30.59047
36.077269,-79.00925,7,0.2,126.2,7.92,4716803,7.92,7.91785,-4.1671,4.09472,-0.00061,0.04887,-0.02123,81.48203,37.2698,-29.84507
36.077266,-79.009249,7,0.07,126.2,7.87,4717603,7.87,7.8682,-4.17966,4.07857,-0.01023,0.02413,-0.02291,81.20432,37.69366,-29.81584
36.077266,-79.009249,7,0.07,127.1,7.88,4717803,7.88,7.87538,-4.1665,4.066,-0.03925,-0.01374,-0.00535,81.73049,37.83981,-30.13739
36.077265,-79.00925,7,0.3,127.1,7.79,4718603,7.79,7.79283,-4.18325,4.15394,-0.02764,0.04551,0.03482,81.40895,37.62058,-29.90354
36.077265,-79.00925,7,0.3,128.5,7.92,4718803,7.92,7.91905,-4.14676,4.10249,-0.01542,0.03589,-0.01283,81.30663,37.29903,-30.06431
36.077259,-79.009254,7,0.16,128.5,7.86,4719603,7.86,7.86042,-4.12762,4.05883,-0.03131,-0.01634,-0.04887,80.23969,38.08828,-30.04969
36.077259,-79.009254,7,0.16,129.3,7.85,4719803,7.85,7.84966,-4.19641,4.09651,-0.03207,0.01374,-0.02031,80.60509,37.8252,-30.40047
36.077252,-79.009259,7,0.38,129.3,7.88,4720603,7.88,7.87657,-4.21855,4.08515,-0.04414,0.09835,0.08292,80.78048,38.23443,-29.90354
36.077252,-79.009259,7,0.38,131,7.94,4720803,7.94,7.94477,-4.08515,4.12642,-0.04795,-0.02489,-0.06017,80.73663,37.62058,-30.22508
36.077245,-79.009264,7,0.3,131,7.85,4721603,7.85,7.84786,-4.15693,4.08993,-0.03039,0.02321,-0.0507,80.8974,38.68752,-31.30664
36.077245,-79.009264,7,0.3,132.8,7.82,4721803,7.82,7.81675,-4.18505,4.15215,-0.04261,0.05788,0.01084,79.99123,38.2929,-30.45893
36.077239,-79.009275,7,0.75,132.8,7.81,4722603,7.81,7.81077,-4.14257,4.08096,-0.06536,-0.02169,-0.02535,79.97662,38.90675,-30.31277
36.077239,-79.009275,7,0.75,134.4,7.86,4722803,7.86,7.85504,-4.16112,4.12283,-0.03115,0.07117,-0.01313,80.15201,39.16983,-30.85355
36.077235,-79.009283,7,0.4,134.4,7.78,4723603,7.78,7.78325,-4.17248,4.11745,-0.07941,-0.02902,-0.00519,80.16662,39.91523,-31.51125
36.077235,-79.009283,7,0.4,135.6,7.89,4723803,7.89,7.89093,-4.09891,4.14497,-0.01878,0.09682,-0.02367,79.87431,39.19906,-30.57585
36.077233,-79.009287,7,0.15,135.6,7.87,4724603,7.87,7.87418,-4.14078,4.05643,-0.03726,0.03696,-0.05085,79.66969,39.94446,-31.7451
36.077233,-79.009287,7,0.15,136.9,7.92,4724803,7.92,7.91845,-4.20419,4.10489,-0.07697,-0.00153,-0.01161,79.53815,39.91523,-31.6428
36.077232,-79.009293,7,0.43,136.9,7.83,4725603,7.83,7.82932,-4.21256,4.09591,-0.0562,0.06506,0.01344,78.5589,41.02602,-32.43204
36.077232,-79.009293,7,0.43,137.7,7.89,4725803,7.89,7.88914,-4.11147,4.13779,-0.06506,0.0336,0.0026,79.26045,41.2014,-32.27127
36.077228,-79.009303,7,0.71,137.7,7.82,4726603,7.82,7.82393,-4.14856,4.11625,-0.07712,0.03467,-0.04444,78.16428,41.14294,-32.40281
36.077228,-79.009303,7,0.71,139,7.87,4726803,7.87,7.86999,-4.19881,4.07498,-0.04841,0.04169,-0.01726,77.95966,41.88834,-32.69512
36.077228,-79.009304,7,0.22,139,7.89,4727603,7.89,7.89093,-4.22513,4.12403,-0.07132,-0.01115,-0.02825,77.56504,42.57527,-33.95206
36.077228,-79.009304,7,0.22,140.1,7.78,4727803,7.78,7.77667,-4.10369,4.13958,-0.05925,0.01802,-0.011,77.49197,42.92604,-34.15668
36.077226,-79.009305,7,0.14,140.1,8.03,4728603,8.03,8.03151,-4.1336,4.12224,-0.03054,0.1208,0.01283,76.6881,42.64835,-34.22976
36.077226,-79.009305,7,0.14,141.4,7.81,4728803,7.81,7.80898,-4.1007,4.06062,-0.06765,-0.07605,-0.10492,76.95118,43.27682,-33.87898
36.077224,-79.009308,7,0.12,141.4,7.84,4729603,7.84,7.83649,-4.21077,4.14915,-0.073,-0.01497,-0.02718,76.20579,43.99298,-34.20052
36.077224,-79.009308,7,0.12,142.4,7.83,4729803,7.83,7.8341,-4.13719,4.13719,-0.05437,0.08644,0.04276,76.29348,43.51067,-34.68284
36.077225,-79.009304,7,0.03,142.4,7.9,4730603,7.9,7.9005,-4.09113,4.07378,-0.0449,-0.00351,-0.0759,75.97194,43.32067,-35.54516
36.077225,-79.009304,7,0.03,142.9,7.94,4730803,7.94,7.94058,-4.19163,4.18086,-0.04276,0.03818,-0.02764,75.91348,44.46069,-35.26747
36.077224,-79.009301,7,0.29,142.9,7.9,4731603,7.9,7.90349,-4.13719,4.08754,-0.04352,0.03482,-0.02917,75.66501,43.77375,-35.4867
36.077224,-79.009301,7,0.29,143.1,7.82,4731803,7.82,7.82154,-4.16112,4.12762,-0.05101,0.0029,-0.02932,75.78194,44.19761,-35.36977
36.077224,-79.009296,7,0.52,143.1,7.85,4732603,7.85,7.85205,-4.17966,4.12762,-0.07605,-0.03696,-0.01527,75.60655,45.23531,-36.87518
36.077224,-79.009296,7,0.52,143.8,7.76,4732803,7.76,7.75693,-4.12523,4.28016,-0.02474,0.08628,0.00428,75.43116,46.0684,-36.37825
36.077227,-79.009293,7,0.26,143.8,7.91,4733603,7.91,7.91247,-4.15095,4.08694,-0.04841,-0.011,-0.03161,75.25578,45.32301,-36.29056
36.077227,-79.009293,7,0.26,144.1,7.85,4733803,7.85,7.84906,-4.14317,4.09113,-0.04078,0.02581,-0.01649,75.38731,44.89915,-36.45133
36.077229,-79.009289,7,0.23,144.1,7.94,4734603,7.94,7.93819,-4.23709,4.04626,-0.0307,0.00168,-0.06597,75.22654,45.39608,-37.05057
36.077229,-79.009289,7,0.23,144.2,7.79,4734803,7.79,7.79103,-4.15155,4.14915,-0.05849,0.03451,0.02841,74.99269,45.39608,-36.37825
36.077231,-79.009287,7,0.01,144.2,7.82,4735603,7.82,7.82333,-4.14915,4.11027,-0.0533,0.00199,-0.03268,74.64192,45.26454,-37.60596
36.077231,-79.009287,7,0.01,144,7.83,4735803,7.83,7.82932,-4.17248,4.0995,-0.0252,0.0788,-0.01695,74.67115,45.80532,-37.18211
36.077234,-79.009284,7,0.08,144,7.9,4736603,7.9,7.90469,-4.12283,4.02592,-0.06399,-0.0562,-0.06353,74.37884,46.28764,-38.78983
36.077234,-79.009284,7,0.08,143.8,7.96,4736803,7.96,7.95614,-4.22513,4.12283,-0.04841,0.00183,-0.03803,74.01345,46.37533,-39.05291
36.077236,-79.00928,7,0.06,143.8,7.73,4737603,7.73,7.72882,-4.14138,4.18624,-0.05452,0.05498,0.02566,73.44344,46.30225,-39.06752
36.077236,-79.00928,7,0.06,143.4,7.93,4737803,7.93,7.934,-4.19342,4.10429,-0.02489,0.09377,-0.01222,73.98421,46.40456,-38.40982
36.077239,-79.009278,7,0.09,143.4,7.93,4738603,7.93,7.92623,-4.19103,4.03908,-0.03268,0.0281,-0.06781,73.82345,46.63841,-38.26367
36.077239,-79.009278,7,0.09,143.5,7.78,4738803,7.78,7.78026,-4.18923,4.08874,-0.07437,-0.02749,-0.02123,73.15112,46.74072,-38.46828
36.077241,-79.009278,7,0.25,143.5,7.86,4739603,7.86,7.85923,-4.17847,4.15813,-0.06857,-0.00351,0.01863,72.82958,47.07688,-39.75446
36.077241,-79.009278,7,0.25,143.2,7.85,4739803,7.85,7.85085,-4.10668,4.08335,-0.0168,0.08308,-0.01817,73.48728,46.98919,-40.68986
36.077245,-79.00928,7,0.03,143.2,7.85,4740603,7.85,7.84906,-4.10728,4.05643,-0.01313,-0.01206,-0.10476,72.59573,47.51535,-39.94446
36.077245,-79.00928,7,0.03,143.3,7.85,4740803,7.85,7.84547,-4.26461,4.13839,-0.02932,0.04215,-0.00626,71.96726,47.63227,-39.79831
36.077247,-79.009284,7,0.14,143.3,7.81,4741603,7.81,7.80958,-4.16232,4.15155,-0.02291,0.05895,0.01848,72.08419,47.09149,-39.696
36.077247,-79.009284,7,0.14,143.3,7.93,4741803,7.93,7.93281,-4.17966,4.08574,-0.05925,-0.01924,-0.00015,72.55189,47.60304,-39.65215
36.07725,-79.009284,7,0.02,143.3,7.8,4742603,7.8,7.79941,-4.15633,4.14078,-0.00428,0.02489,-0.0365,72.43496,47.57381,-39.57907
36.07725,-79.009284,7,0.02,143.4,7.88,4742803,7.88,7.87598,-4.17787,4.09651,-0.0084,0.07193,0.02657,71.93803,47.13534,-39.696
36.077253,-79.009282,7,0.15,143.4,7.93,4743603,7.93,7.92503,-4.15813,4.05165,-0.02947,-0.01222,-0.01054,71.93803,47.2815,-39.90061
36.077253,-79.009282,7,0.15,143.2,7.81,4743803,7.81,7.80838,-4.12582,4.14616,-0.01894,-0.01344,-0.0307,72.55189,47.17919,-40.85063
36.077254,-79.00928,7,0.08,143.2,7.78,4744603,7.78,7.77548,-4.20239,4.16531,-0.0394,-0.02963,-0.00443,72.05495,47.17919,-39.91523
36.077254,-79.00928,7,0.08,142.9,7.9,4744803,7.9,7.90469,-4.17308,4.11924,-0.00962,0.0672,0.02642,72.3765,47.33996,-39.76907
36.077255,-79.009278,7,0.14,142.9,7.9,4745603,7.9,7.89751,-4.20239,4.11745,0.00611,0.1127,0.03146,72.27419,46.57995,-40.14908
36.077255,-79.009278,7,0.14,142.4,7.89,4745803,7.89,7.88973,-4.14915,4.10907,-0.0507,-0.07544,-0.04001,72.65419,46.87226,-39.71061
36.077255,-79.009276,7,0.12,142.4,7.94,4746603,7.94,7.94058,-4.20897,4.07258,-0.02627,-0.01924,-0.0252,72.33265,47.20842,-38.7606
36.077255,-79.009276,7,0.12,142.4,7.79,4746803,7.79,7.79163,-4.14676,4.09292,-0.03467,-0.04368,-0.03176,72.44958,47.12073,-40.22216
36.077254,-79.009275,7,0.01,142.4,7.89,4747603,7.89,7.89153,-4.21197,4.10489,0.00367,0.07101,0.00702,72.21572,46.95995,-40.23677
36.077254,-79.009275,7,0.01,142.4,7.86,4747803,7.86,7.85624,-4.14198,4.04507,-0.02291,-0.01145,-0.01955,73.04882,47.07688,-40.03215
36.077254,-79.009277,7,0.21,142.4,7.82,4748603,7.82,7.82214,-4.18445,4.10668,-0.01161,0.06185,0.01802,72.77112,47.42765,-39.62292
36.077254,-79.009277,7,0.21,141.6,7.94,4748803,7.94,7.9358,-4.22214,4.05703,-0.02932,-0.01787,-0.02169,72.71266,47.17919,-39.68138
36.077253,-79.009277,7,0.08,141.6,7.85,4749603,7.85,7.85444,-4.18684,4.06182,0.0058,0.05116,-0.02169,72.75651,47.07688,-40.25139
36.077253,-79.009277,7,0.08,141.9,7.86,4749803,7.86,7.86341,-4.1994,4.07079,-0.0391,0.0029,0.02734,72.3765,47.6615,-40.38293
36.077252,-79.009278,7,0.38,141.9,7.86,4750603,7.86,7.85683,-4.18744,4.1342,-0.03894,0.04429,0.07117,72.85881,47.23765,-40.22216
36.077252,-79.009278,7,0.38,141.6,7.91,4750803,7.91,7.90828,-4.08634,4.09711,-0.00993,-0.0649,-0.11469,72.77112,47.04765,-40.49986
36.077254,-79.00928,7,0.32,141.6,7.84,4751603,7.84,7.84008,-4.12104,4.11685,-0.01237,-0.00641,-0.06643,72.85881,47.63227,-40.13446
36.077254,-79.00928,7,0.32,141.1,7.86,4751803,7.86,7.86341,-4.24188,4.13659,-0.02917,0.05024,0.02535,73.29728,47.70535,-40.33908
36.077256,-79.009282,7,0.08,141.1,7.89,4752603,7.89,7.88973,-4.18325,4.08694,-0.0391,0.01619,-0.00214,73.09267,47.01841,-39.66676
36.077256,-79.009282,7,0.08,141,7.84,4752803,7.84,7.83949,-4.15932,4.15514,-0.04414,-0.00321,-0.00977,73.15112,46.97457,-40.44139
36.077257,-79.00928,7,0.14,141,7.91,4753603,7.91,7.91067,-4.11027,4.09053,-0.04872,-0.02673,-0.03436,72.68343,46.90149,-39.85677
36.077257,-79.00928,7,0.14,140.3,7.8,4753803,7.8,7.80419,-4.15215,4.13958,-0.01329,0.05009,-0.03558,71.99649,47.4715,-40.6314
36.077255,-79.009278,7,0.41,140.3,7.85,4754603,7.85,7.84966,-4.19282,4.07916,-0.06307,-0.01588,0.00107,72.39111,47.29611,-40.79217
36.077255,-79.009278,7,0.41,140.2,7.87,4754803,7.87,7.8688,-4.13121,4.16471,-0.03512,0.04475,-0.00321,72.18649,46.97457,-40.29523
36.077255,-79.009277,7,0.47,140.2,7.9,4755603,7.9,7.89691,-4.14018,4.08933,-0.02749,0.02031,-0.0365,72.42035,47.60304,-40.85063
36.077255,-79.009277,7,0.47,140,7.78,4755803,7.78,7.77727,-4.2,4.13121,-0.02886,0.04246,-0.00733,72.15726,47.7492,-41.14294
36.077256,-79.009277,7,0.22,140,7.83,4756603,7.83,7.83111,-4.15932,4.09771,-0.07101,-0.03894,0.00107,71.87956,47.52996,-41.77141
36.077256,-79.009277,7,0.22,139.9,7.86,4756803,7.86,7.85564,-4.1324,4.11685,-0.00855,0.04246,-0.04291,71.48495,47.70535,-42.04911
36.077257,-79.009278,7,0.1,139.9,7.75,4757603,7.75,7.74676,-4.15693,4.12582,-0.05544,-0.04261,-0.01985,71.77726,48.26074,-42.18065
36.077257,-79.009278,7,0.1,140,7.86,4757803,7.86,7.86102,-4.15095,4.14915,0.00458,0.12294,0.02046,71.61649,47.31073,-42.89681
36.077258,-79.009278,7,0.08,140,7.85,4758603,7.85,7.84966,-4.1342,4.06182,-0.04826,-0.04047,-0.03268,71.55802,48.08536,-41.6691
36.077258,-79.009278,7,0.08,140,7.8,4758803,7.8,7.8024,-4.17847,4.15334,-0.01619,0.01909,-0.02459,71.09032,47.45689,-41.68372
36.077261,-79.009278,7,0.07,140,7.86,4759603,7.86,7.86461,-4.15573,4.09651,-0.03803,-0.02382,-0.02077,71.86495,48.05612,-41.78603
36.077261,-79.009278,7,0.07,140,7.83,4759803,7.83,7.82513,-4.17129,4.11865,-0.00565,0.05986,-0.00336,71.87956,47.76381,-42.58989
36.077263,-79.009278,7,0.08,140,7.87,4760603,7.87,7.87179,-4.15633,4.09173,-0.02841,0.01878,0.00626,71.54341,47.51535,-41.21602
36.077263,-79.009278,7,0.08,139.8,7.85,4760803,7.85,7.84966,-4.18206,4.0995,-0.03024,-0.0055,-0.01161,71.49957,48.05612,-42.01988
36.077266,-79.009277,7,0.03,139.8,7.8,4761603,7.8,7.79641,-4.17428,4.12224,-0.01497,0.05085,0.0029,71.79188,47.88074,-42.07834
36.077266,-79.009277,7,0.03,139,7.88,4761803,7.88,7.88256,-4.12762,4.05225,-0.01527,0.0307,-0.01558,71.36802,47.67612,-41.78603
36.07727,-79.009277,7,0.06,139,7.91,4762603,7.91,7.90708,-4.15454,4.11625,-0.02291,0.01405,-0.01588,71.87956,47.45689,-41.99065
36.07727,-79.009277,7,0.06,137.8,7.81,4762803,7.81,7.81496,-4.16949,4.10967,-0.0368,-0.01237,-0.01985,71.70418,47.51535,-42.44373
36.077275,-79.009277,7,0.02,137.8,7.93,4763603,7.93,7.92623,-4.19163,4.12044,-0.03009,0.05147,0.02932,71.00263,47.85151,-41.87372
36.077275,-79.009277,7,0.02,136.5,7.82,4763803,7.82,7.81675,-4.27538,4.10369,-0.02993,-0.02947,-0.05834,71.17802,47.22303,-42.56065
36.07728,-79.009279,7,0.08,136.5,7.89,4764603,7.89,7.89273,-4.22034,4.13719,-0.00611,0.04749,-0.03482,71.7188,47.82227,-41.9468
36.07728,-79.009279,7,0.08,135.4,7.83,4764803,7.83,7.8347,-4.15155,4.1336,-0.03879,0.02031,0.02795,71.35341,48.08536,-42.16603
36.077283,-79.009279,7,0.1,135.4,7.9,4765603,7.9,7.89751,-4.14317,4.14138,-0.03192,0.03879,-0.01848,71.85033,48.26074,-42.37065
36.077283,-79.009279,7,0.1,134.6,7.84,4765803,7.84,7.83889,-4.19282,4.11685,-0.03268,0.01268,-0.00886,71.77726,47.89535,-41.96141
36.077286,-79.00928,7,0.13,134.6,7.89,4766603,7.89,7.88914,-4.19043,4.1013,-0.01772,0.04078,-0.00901,71.32417,47.55919,-42.47296
36.077286,-79.00928,7,0.13,133.9,7.87,4766803,7.87,7.87478,-4.15514,4.04806,-0.04581,-0.03085,-0.02123,70.92955,48.08536,-42.6045
36.077289,-79.009282,7,0.17,133.9,7.86,4767603,7.86,7.86341,-4.16471,4.14018,-0.03314,0.00229,-0.01222,71.76264,47.92458,-43.52528
36.077289,-79.009282,7,0.17,133,7.83,4767803,7.83,7.82932,-4.11386,4.08275,-0.0255,0.02214,-0.00489,71.42648,47.77843,-43.20374
36.077293,-79.009285,7,0.29,133,8.06,4768603,8.06,8.06321,-4.16351,4.08156,-0.00137,0.05024,-0.03176,71.25109,48.34843,-42.45835
36.077293,-79.009285,7,0.29,132.4,7.81,4768803,7.81,7.81257,-4.17966,4.12044,-0.04337,-0.01405,-0.00397,70.9734,48.09997,-42.89681
36.077295,-79.009288,7,0.18,132.4,7.88,4769603,7.88,7.87957,-4.14557,4.12941,-0.02825,-0.02428,-0.03818,71.14879,47.39842,-42.61912
36.077295,-79.009288,7,0.18,132.5,7.8,4769803,7.8,7.8,-4.18684,4.10907,-0.02092,0.02474,0.03864,70.52032,48.52382,-42.85297
36.077295,-79.009289,7,0.06,132.5,7.81,4770603,7.81,7.80658,-4.15813,4.11446,-0.02627,0.00107,-0.00153,70.90032,48.69921,-43.21836
36.077295,-79.009289,7,0.06,132.9,7.91,4770803,7.91,7.90589,-4.17548,4.08275,-0.00015,0.05299,-0.01069,71.68957,48.07074,-42.16603
36.077297,-79.009289,7,0.12,132.9,7.8,4771603,7.8,7.8006,-4.19043,4.09173,-0.01894,0.04184,0.02046,70.62262,47.76381,-43.01374
36.077297,-79.009289,7,0.12,133.4,7.95,4771803,7.95,7.95494,-4.15454,4.09352,-0.02123,-0.00657,-0.02474,71.32417,47.58842,-42.73604
36.077298,-79.009289,7,0.08,133.4,7.76,4772603,7.76,7.75753,-4.14018,4.11625,-0.01527,-0.01023,-0.03879,70.73955,47.99766,-43.58375
36.077298,-79.009289,7,0.08,133.7,7.86,4772803,7.86,7.85743,-4.21855,4.07976,-0.00687,0.07651,0.03436,70.6957,47.80766,-42.94066
36.077298,-79.009289,7,0.4,133.7,7.94,4773603,7.94,7.93879,-4.14676,4.04626,-0.02245,-0.02077,-0.03039,70.66647,48.09997,-42.01988
36.077298,-79.009289,7,0.4,133.8,7.76,4773803,7.76,7.76411,-4.13839,4.10309,-0.01237,0.01161,-0.02046,70.52032,48.23151,-43.02835
36.0773,-79.009289,7,0.12,133.8,7.85,4774603,7.85,7.85444,-4.18744,4.11506,-0.04215,-0.06506,-0.02596,71.17802,48.08536,-42.38527
36.0773,-79.009289,7,0.12,134.3,7.79,4774803,7.79,7.79163,-4.1336,4.13958,-0.01268,0.0591,0.02443,71.03186,48.77229,-43.05759
36.077301,-79.009289,7,0.08,134.3,7.86,4775603,7.86,7.85803,-4.15992,4.09532,-0.04551,-0.02123,0.01344,71.52879,48.65536,-43.37913
36.077301,-79.009289,6,0.08,134.3,7.81,4775803,7.81,7.80958,-4.10907,4.13061,0.01268,0.05788,-0.02779,71.41187,47.98305,-42.70681
36.077301,-79.009292,6,0.09,134.3,7.91,4776603,7.91,7.90529,-4.11984,4.06062,-0.01237,-0.01573,-0.03742,71.13417,47.48611,-42.96989
36.077301,-79.009292,6,0.09,134.4,7.82,4776803,7.82,7.81675,-4.20897,4.11625,-0.02184,-0.00336,-0.00489,71.0611,48.15844,-43.0722
36.077304,-79.009294,6,0.09,134.4,7.9,4777603,7.9,7.9023,-4.20539,4.11087,-0.0339,-0.05941,-0.02917,71.16341,48.34843,-42.89681
36.077304,-79.009294,6,0.09,134.3,7.7,4777803,7.7,7.70489,-4.13899,4.18325,-0.00687,0.04979,0.02703,71.16341,48.24613,-42.76527
36.077304,-79.009295,6,0.35,134.3,7.89,4778603,7.89,7.89392,-4.15573,4.07857,-0.02382,0.0168,0.01558,72.43496,47.77843,-41.87372
36.077304,-79.009295,6,0.35,134.4,7.85,4778803,7.85,7.84966,-4.13839,4.09292,-0.01374,-0.0084,-0.0281,71.93803,47.9392,-42.58989
36.077307,-79.009297,6,0.07,134.4,7.86,4779603,7.86,7.86281,-4.12941,4.14497,-0.0168,-0.03329,-0.03543,71.19263,48.18766,-43.27682
36.077307,-79.009297,6,0.07,134.8,7.89,4779803,7.89,7.88615,-4.20897,4.12523,-0.00305,0.07697,0.01054,71.26571,48.37767,-43.04297
36.077306,-79.009297,6,0.07,134.8,7.81,4780603,7.81,7.81197,-4.16112,4.10967,-0.02413,-0.00687,0.00596,71.51418,48.07074,-42.1368
36.077306,-79.009297,7,0.07,135.9,7.84,4780803,7.84,7.84427,-4.15992,4.12403,-0.00015,0.03253,-0.00535,71.48495,48.07074,-42.44373
36.077305,-79.009297,7,0.09,135.9,7.83,4781603,7.83,7.82812,-4.20718,4.11865,-0.0139,-0.00764,-0.0171,71.73341,48.27536,-41.91757
36.077305,-79.009297,7,0.09,136.8,7.85,4781803,7.85,7.85085,-4.15932,4.08634,-0.02245,0.02902,0.04566,71.60188,47.70535,-42.09296
36.077305,-79.009299,7,0.28,136.8,7.84,4782603,7.84,7.84008,-4.15753,4.10907,0.00122,-0.00397,-0.04016,71.92342,47.61766,-41.59602
36.077305,-79.009299,7,0.28,137.6,7.82,4782803,7.82,7.82154,-4.20658,4.16052,-0.00809,0.04062,0.02978,71.70418,47.85151,-41.46449
36.077307,-79.009303,7,0.17,137.6,7.89,4783603,7.89,7.89392,-4.10608,4.11625,-0.0084,0.01436,0.00641,72.55189,47.80766,-40.74832
36.077307,-79.009303,7,0.17,137.9,7.9,4783803,7.9,7.90469,-4.17727,4.10848,-0.0087,-0.03803,-0.04719,72.18649,47.58842,-41.6691
36.077308,-79.009305,7,0.02,137.9,7.83,4784603,7.83,7.83231,-4.16112,4.18325,0.01756,0.03131,-0.02886,72.06956,47.60304,-41.37679
36.077308,-79.009305,7,0.02,138,7.88,4784803,7.88,7.87657,-4.17906,4.2347,-0.00473,0.04734,0.04261,72.23034,47.64688,-41.33294
36.07731,-79.009308,7,0.17,138,7.87,4785603,7.87,7.87119,-4.12822,4.04566,0.00229,0.00458,-0.01436,72.58112,47.32534,-40.30985
36.07731,-79.009308,7,0.17,138,7.88,4785803,7.88,7.87837,-4.16531,4.09711,-0.01176,-0.03894,-0.02703,72.62496,47.76381,-40.42678
36.077312,-79.009308,7,0.37,138,7.81,4786603,7.81,7.80658,-4.19163,4.17308,-0.00244,-0.01176,-0.00519,71.92342,47.31073,-41.0114
36.077312,-79.009308,7,0.37,138.5,7.87,4786803,7.87,7.87298,-4.15215,4.10429,0.00672,0.05559,0.0307,72.3765,47.2815,-39.71061
36.077315,-79.009308,7,0.07,138.5,7.84,4787603,7.84,7.84008,-4.18804,4.09292,-0.011,0.00244,0.02016,72.58112,47.95382,-39.79831
36.077315,-79.009308,7,0.07,138.6,7.85,4787803,7.85,7.85384,-4.14856,4.11865,0.00107,0.00107,-0.00932,72.69804,47.50073,-39.49137
36.07732,-79.009308,7,0.33,138.6,7.88,4788603,7.88,7.87957,-4.19881,4.1001,-0.00962,-0.01268,0.01329,72.97574,47.89535,-39.76907
36.07732,-79.009308,7,0.33,138.5,7.82,4788803,7.82,7.81855,-4.12882,4.10429,-0.01038,-0.01863,0.00122,73.51652,47.2815,-39.31599
36.077323,-79.009308,7,0.3,138.5,7.88,4789603,7.88,7.88435,-4.17607,4.12642,0.00901,0.02627,0.0139,73.18035,47.19381,-39.78369
36.077323,-79.009308,7,0.3,138.3,7.85,4789803,7.85,7.85025,-4.16172,4.1001,0.00367,-0.02535,-0.03497,73.54575,46.93072,-39.02368
36.077324,-79.009307,7,0.01,138.3,7.82,4790603,7.82,7.82214,-4.18923,4.17069,0.00748,0.00962,-0.01222,73.29728,46.88688,-39.35984
36.077324,-79.009307,7,0.01,137.9,7.88,4790803,7.88,7.88375,-4.19163,4.10309,-0.01115,0.01084,0.03024,73.35574,47.01841,-38.57059
36.077326,-79.009306,7,0.33,137.9,7.9,4791603,7.9,7.89751,-4.14497,4.12164,0.02016,0.05009,0.00947,74.0573,46.55072,-39.00906
36.077326,-79.009306,7,0.33,137.4,7.7,4791803,7.7,7.70309,-4.13061,4.12224,-0.01023,-0.03726,-0.031,73.44344,47.19381,-38.55598
36.077329,-79.009306,7,0.16,137.4,7.79,4792603,7.79,7.78804,-4.20359,4.18206,0.01344,0.02001,-0.00672,73.83806,46.22917,-38.45367
36.077329,-79.009306,7,0.16,136.9,7.91,4792803,7.91,7.90768,-4.19163,4.10309,-0.0113,0.02352,0.05223,74.20345,46.18533,-38.04443
36.077332,-79.009305,7,0.08,136.9,7.86,4793603,7.86,7.85564,-4.13659,4.13599,-0.01161,-0.04444,-0.00397,74.14499,45.33762,-37.97135
36.077332,-79.009305,7,0.08,136.7,7.85,4793803,7.85,7.84906,-4.12044,4.26341,0.02459,0.02184,-0.00977,73.79421,46.38994,-36.72903
36.077332,-79.009304,7,0.23,136.7,7.92,4794603,7.92,7.92443,-4.18146,4.10967,0.01817,-0.00275,-0.00428,75.38731,46.11225,-36.6121
36.077332,-79.009304,7,0.23,136.6,7.76,4794803,7.76,7.75992,-4.15992,4.18265,0.01268,-0.01298,-0.00107,74.72961,45.96609,-36.39287
36.077332,-79.009304,7,0.01,136.6,7.92,4795603,7.92,7.92204,-4.17847,4.08275,-0.02169,-0.06949,0.00901,75.47501,45.10377,-36.02748
36.077332,-79.009304,7,0.01,136.5,7.73,4795803,7.73,7.72882,-4.09053,4.13061,0.02016,-0.00794,-0.02016,75.50423,44.72376,-36.86057
36.077331,-79.009304,7,0.15,136.5,7.88,4796603,7.88,7.87837,-4.17308,4.09053,0.00611,-0.02947,-0.00535,75.9427,44.65068,-36.29056
36.077331,-79.009304,7,0.15,136.7,7.82,4796803,7.82,7.82034,-4.21017,4.11027,0.01802,0.02321,0.03039,76.36656,44.29991,-35.25285
36.07733,-79.009304,7,0.05,136.7,7.89,4797603,7.89,7.89273,-4.15573,4.10848,0.01359,-0.02107,0.00855,76.39579,44.15376,-34.3613
36.07733,-79.009304,7,0.05,136.9,7.83,4797803,7.83,7.82752,-4.16232,4.14616,0.01665,-0.0226,-0.00519,76.57118,43.97837,-34.87284
36.077329,-79.009305,7,0.07,136.9,7.82,4798603,7.82,7.82094,-4.18445,4.06301,0.04414,0.03192,0.01924,76.62964,43.13066,-34.05437
36.077329,-79.009305,7,0.07,136.7,7.92,4798803,7.92,7.91905,-4.18744,4.07737,0.01894,-0.02153,0.02169,77.06811,43.33528,-33.96667
36.077328,-79.009304,7,0.03,136.7,7.82,4799603,7.82,7.82214,-4.11625,4.11984,0.03772,-0.03375,-0.02535,77.84274,42.54604,-33.22128
36.077328,-79.009304,7,0.03,136.3,7.82,4799803,7.82,7.82274,-4.22273,4.13061,0.03467,0.00015,0.02627,77.76966,42.85297,-33.48436
36.077326,-79.009304,7,0.07,136.3,7.89,4800603,7.89,7.89332,-4.15932,4.0995,0.04917,0.00947,0.03222,78.3689,44.76761,-32.31511
36.077326,-79.009304,7,0.07,136.1,7.88,4800803,7.88,7.87957,-4.17129,4.11207,0.02734,-0.04688,0.01206,78.47121,41.0114,-31.8328
36.077325,-79.009303,7,0.03,136.1,7.82,4801603,7.82,7.81974,-4.2,4.1013,0.04154,-0.05009,0.00748,79.66969,40.48524,-31.49664
36.077325,-79.009303,7,0.03,135.8,7.87,4801803,7.87,7.86581,-4.17189,4.14018,0.05666,0.01924,0.03955,80.00585,39.78369,-30.97047
36.077322,-79.009302,7,0.18,135.8,7.89,4802603,7.89,7.88674,-4.1689,4.12463,0.04475,-0.04887,0.01649,80.09354,38.40982,-31.35048
36.077322,-79.009302,7,0.18,136.1,7.77,4802803,7.77,7.77308,-4.13779,4.13719,0.05391,-0.01268,0.04597,80.67816,37.85443,-31.26279
36.077319,-79.009303,7,0.22,136.1,7.86,4803603,7.86,7.85923,-4.11984,4.11924,0.06231,-0.03039,0.00535,81.0874,36.94826,-29.64046
36.077319,-79.009303,7,0.22,136.2,7.83,4803803,7.83,7.83231,-4.17906,4.08395,0.0704,-0.02016,0.00397,82.00819,36.83134,-28.90967
36.077317,-79.009303,7,0.17,136.2,7.85,4804603,7.85,7.85444,-4.20299,4.11565,0.05437,-0.00412,0.07269,83.19205,34.59515,-29.20199
36.077317,-79.009303,7,0.17,135.7,7.91,4804803,7.91,7.90888,-4.1336,4.1019,0.05315,-0.05009,0.02153,83.13358,34.22976,-28.71967
36.077314,-79.009304,7,0.28,135.7,7.89,4805603,7.89,7.88734,-4.15454,4.17906,0.08628,-0.06139,-0.04139,84.37592,32.92897,-29.43584
36.077314,-79.009304,7,0.28,135.5,7.81,4805803,7.81,7.80778,-4.19043,4.1001,0.08048,0.01527,0.05727,84.11284,32.6805,-29.05583
36.077312,-79.009303,7,0.45,135.5,7.94,4806603,7.94,7.93998,-4.19881,4.05225,0.05315,-0.04749,0.0591,85.50131,29.61122,-28.13505
36.077312,-79.009303,7,0.45,135.3,7.8,4806803,7.8,7.8,-4.12523,4.16411,0.0507,-0.08735,0.03299,84.9313,29.33353,-28.51505
36.07731,-79.0093,7,0.39,135.3,7.85,4807603,7.85,7.84666,-4.1683,4.11087,0.05681,-0.05956,0.03482,86.05671,27.76966,-27.9012
36.07731,-79.0093,7,0.39,135.2,7.82,4807803,7.82,7.82453,-4.15573,4.12582,0.08354,0.00473,0.04108,86.59748,27.56504,-28.71967
36.077307,-79.0093,7,0.13,135.2,7.82,4808603,7.82,7.82154,-4.15514,4.16949,0.08628,-0.01955,0.00947,87.13827,25.27039,-29.05583
36.077307,-79.0093,7,0.13,135.5,7.88,4808803,7.88,7.88495,-4.2006,4.05464,0.08125,-0.03192,0.02505,87.03596,24.45191,-29.3043
36.077305,-79.009299,7,0.14,135.5,7.84,4809603,7.84,7.83649,-4.19701,4.11984,0.0704,-0.011,0.06735,88.55598,23.51652,-29.01199
36.077305,-79.009299,7,0.14,135.5,7.9,4809803,7.9,7.89632,-4.26401,4.1665,0.07193,-0.05101,0.02214,88.73137,22.43496,-29.94739
36.077302,-79.009298,7,0.28,135.5,7.85,4810603,7.85,7.85205,-4.15633,4.05344,0.09392,0.00535,0.03009,89.21368,20.57878,-29.62584
36.077302,-79.009298,7,0.28,135.4,7.9,4810803,7.9,7.9023,-4.18983,4.11326,0.06185,-0.05635,0.03238,88.71675,20.54955,-30.37124
36.077307,-79.009294,7,0.2,135.4,7.74,4811603,7.74,7.7354,-4.18923,4.09472,0.05315,-0.05131,0.05055,89.65215,18.48874,-31.24817
36.077307,-79.009294,7,0.2,134.8,7.95,4811803,7.95,7.95434,-4.15095,4.15274,0.09759,0.03329,0.05284,89.54984,17.15873,-31.90587
36.077313,-79.009292,7,0.15,134.8,7.84,4812603,7.84,7.84128,-4.11565,4.06002,0.08125,-0.03207,0.00779,90.11985,15.59486,-31.51125
36.077313,-79.009292,7,0.15,134.4,7.86,4812803,7.86,7.85923,-4.19821,4.07079,0.07514,-0.03283,0.02107,90.01754,15.8287,-33.11897
36.077315,-79.00929,7,0.09,134.4,7.75,4813603,7.75,7.75334,-4.17129,3.98704,0.06842,-0.01359,0.05376,90.61678,14.41099,-34.14207
36.077315,-79.00929,7,0.09,134.3,7.96,4813803,7.96,7.95972,-4.18565,4.11027,0.06002,-0.02688,0.03696,89.82754,13.56329,-34.14207
36.077319,-79.009286,7,0.1,134.3,7.87,4814603,7.87,7.86521,-4.12283,4.14138,0.08125,-0.01405,0.00153,90.5437,12.23327,-36.37825
36.077319,-79.009286,7,0.1,133.8,7.86,4814803,7.86,7.86162,-4.19701,4.10907,0.06552,-0.03833,0.01649,90.30985,12.10172,-36.20287
36.077321,-79.009283,7,0.09,133.8,7.84,4815603,7.84,7.8353,-4.17488,4.09412,0.05712,-0.01573,0.04184,89.94446,11.09325,-37.62058
36.077321,-79.009283,7,0.09,133.8,7.89,4815803,7.89,7.89273,-4.15394,4.07737,0.05406,-0.03635,0.0307,90.28062,9.93861,-37.78135
36.07732,-79.009281,7,0.43,133.8,7.82,4816603,7.82,7.81795,-4.1659,4.28076,0.0588,-0.03528,0.02856,90.41216,9.48553,-38.62906
36.07732,-79.009281,7,0.43,133.6,7.86,4816803,7.86,7.85624,-4.17607,4.0672,0.0649,-0.00412,0.03955,89.98831,9.13476,-38.68752
36.077321,-79.009277,7,0.18,133.6,7.82,4817603,7.82,7.81795,-4.13001,4.13899,0.05727,-0.03986,0.0171,89.87138,8.27244,-40.5437
36.077321,-79.009277,7,0.18,133.9,7.86,4817803,7.86,7.86042,-4.19342,4.13181,0.06368,-0.0084,0.04062,89.71061,8.28705,-40.85063
36.07732,-79.009273,7,0.33,133.9,7.83,4818603,7.83,7.8335,-4.1324,4.16411,0.06704,-0.01008,0.03238,88.68752,7.99474,-42.73604
36.07732,-79.009273,7,0.33,134,7.85,4818803,7.85,7.84726,-4.17847,4.0672,0.06475,0.00046,0.02596,89.02368,7.32242,-42.18065
36.077319,-79.009271,7,0.44,134,7.86,4819603,7.86,7.85982,-4.15155,4.08634,0.04154,-0.0646,0.0029,88.71675,6.56241,-44.57761
36.077319,-79.009271,7,0.44,134,7.88,4819803,7.88,7.87538,-4.17368,4.15394,0.03955,-0.03818,0.03329,88.70213,6.79626,-44.63607
36.077323,-79.009268,7,0.06,134,7.84,4820603,7.84,7.83829,-4.17368,4.19581,0.07391,0.01741,0.03115,88.38059,6.37241,-46.75533
36.077323,-79.009268,7,0.06,134.1,7.85,4820803,7.85,7.84786,-4.14736,4.04267,0.06689,0.00199,0.02337,87.67904,6.2701,-46.60918
36.077326,-79.009266,7,0.14,134.1,7.91,4821603,7.91,7.91187,-4.18505,4.08275,0.06384,-0.03207,0.01374,87.41595,6.38702,-48.75767
36.077326,-79.009266,7,0.14,133.8,7.83,4821803,7.83,7.83231,-4.18565,4.14377,0.04016,-0.0646,0.0226,87.47443,6.43087,-49.04998
36.077327,-79.009263,7,0.25,133.8,7.87,4822603,7.87,7.87059,-4.16052,4.1001,0.0507,-0.03604,0.04108,86.83134,5.39316,-50.01461
36.077327,-79.009263,7,0.25,133.9,7.82,4822803,7.82,7.82214,-4.14198,4.11565,0.0675,-0.01909,0.01145,86.4221,5.32008,-51.18386
36.077328,-79.009259,7,0.14,133.9,7.85,4823603,7.85,7.85085,-4.19043,4.10489,0.05574,-0.01237,0.04887,86.01286,5.67086,-51.88541
36.077328,-79.009259,7,0.14,134.2,7.88,4823803,7.88,7.87598,-4.16172,4.07737,0.05956,-0.0449,0.00428,86.26133,5.77317,-52.77697
36.077326,-79.009257,7,0.29,134.2,7.89,4824603,7.89,7.88615,-4.18265,4.13958,0.06384,-0.01451,0.02795,85.66209,6.40164,-53.8439
36.077326,-79.009257,7,0.29,134.6,7.83,4824803,7.83,7.8329,-4.16351,4.09472,0.05055,-0.04016,0.03009,85.09208,5.7147,-54.82315
36.077326,-79.009254,7,0.06,134.6,7.84,4825603,7.84,7.84008,-4.15573,4.24965,0.05437,-0.02275,0.031,84.22975,6.09471,-55.78778
36.077326,-79.009254,7,0.06,134.9,7.81,4825803,7.81,7.80838,-4.13719,4.0337,0.06582,-0.02642,-0.00458,83.6159,6.63549,-56.43087
36.077329,-79.00925,7,0.14,134.9,7.83,4826603,7.83,7.83171,-4.16531,4.07438,0.05345,-0.03772,0.01115,82.87051,6.69395,-58.37474
36.077329,-79.00925,7,0.14,134.4,7.85,4826803,7.85,7.84726,-4.1994,4.09472,0.03955,-0.02046,0.05177,83.27974,7.92166,-59.23706
36.077332,-79.009249,7,0.22,134.4,7.88,4827603,7.88,7.88076,-4.15633,4.11087,0.04123,-0.03772,0.01451,82.09588,8.08243,-59.12014
36.077332,-79.009249,7,0.22,134.1,7.85,4827803,7.85,7.85145,-4.18146,4.13958,0.06353,-0.01038,-0.00947,82.09588,8.43321,-59.71938
36.077338,-79.009247,7,0.14,134.1,7.83,4828603,7.83,7.8347,-4.2018,4.10309,0.03589,-0.00183,0.0617,81.5551,9.09091,-59.93861
36.077338,-79.009247,7,0.14,133.5,7.89,4828803,7.89,7.88615,-4.12941,4.09532,0.04566,-0.02107,0.02856,81.46741,8.55013,-61.67787
36.07734,-79.009246,7,0.24,133.5,7.86,4829603,7.86,7.85564,-4.2012,4.12882,0.05742,-0.01863,0.00351,79.72815,9.79246,-62.0871
36.07734,-79.009246,7,0.24,133.3,7.87,4829803,7.87,7.87179,-4.15932,4.08395,0.04811,-0.02352,0.02932,80.03508,10.27477,-61.63403
36.077342,-79.009244,7,0.08,133.3,7.84,4830603,7.84,7.83709,-4.17129,4.09472,0.05055,-0.04307,0.01756,79.23122,10.78632,-62.43789
36.077342,-79.009244,7,0.08,133,7.87,4830803,7.87,7.87179,-4.16471,4.11625,0.04704,-0.02947,0.03619,79.33353,11.47325,-63.47559
36.077342,-79.009243,7,0.08,133,7.83,4831603,7.83,7.82991,-4.1689,4.11865,0.06063,-0.02001,0.03268,77.59427,11.92634,-63.78252
36.077342,-79.009243,7,0.08,133.2,7.89,4831803,7.89,7.89153,-4.15873,4.07677,0.07361,-0.02703,0.0113,77.57965,12.4525,-64.46945
36.077338,-79.009244,7,0.41,133.2,7.85,4832603,7.85,7.84906,-4.1677,4.11446,0.05864,-0.05452,0.00855,76.43964,13.97252,-65.87255
36.077338,-79.009244,7,0.41,133.4,7.83,4832803,7.83,7.83171,-4.2006,4.1324,0.04765,-0.02657,0.07055,76.19118,13.75329,-65.15639
36.077336,-79.009243,7,0.66,133.4,7.87,4833603,7.87,7.87358,-4.12403,4.14796,0.07239,-0.00305,0.04016,75.10962,15.88717,-66.28179
36.077336,-79.009243,7,0.66,133.2,7.82,4833803,7.82,7.81735,-4.13719,4.07258,0.07025,-0.0533,0.00351,75.08039,16.36948,-66.22333
36.077336,-79.00924,7,0.41,133.2,7.86,4834603,7.86,7.86281,-4.17787,4.08874,0.05971,-0.02825,0.03757,73.86729,18.00643,-67.1441
36.077336,-79.00924,7,0.41,133.3,7.85,4834803,7.85,7.84966,-4.15095,4.10489,0.07132,-0.02718,0.01649,74.04268,18.85414,-66.89565
36.077338,-79.009237,7,0.22,133.3,7.84,4835603,7.84,7.83769,-4.1689,4.12283,0.06399,-0.03574,0.02367,72.68343,20.34493,-67.58258
36.077338,-79.009237,7,0.22,133.2,7.86,4835803,7.86,7.86102,-4.1683,4.1342,0.06536,-0.01939,0.02657,72.30342,20.85647,-67.71412
36.077335,-79.009237,7,0.32,133.2,7.85,4836603,7.85,7.85324,-4.2,4.14497,0.06185,-0.02611,0.04047,71.61649,22.69804,-67.67027
36.077335,-79.009237,7,0.32,133.4,7.87,4836803,7.87,7.87478,-4.13061,3.98644,0.04872,-0.0197,0.06231,72.17188,22.68343,-68.69337
36.077335,-79.009236,7,0.36,133.4,7.86,4837603,7.86,7.85683,-4.1336,4.10549,0.0701,-0.02367,0.00275,71.4411,24.80269,-68.82491
36.077335,-79.009236,7,0.36,133.7,7.84,4837803,7.84,7.83889,-4.20239,4.11865,0.062,-0.03619,0.01939,70.95878,24.99269,-68.78106
36.077335,-79.009235,7,0.47,133.7,7.85,4838603,7.85,7.85145,-4.21077,4.0684,0.07957,0.00199,0.0087,70.11108,26.92195,-68.00643
36.077335,-79.009235,7,0.47,133.3,7.87,4838803,7.87,7.87119,-4.21256,4.12582,0.042,-0.03833,0.06078,69.65799,27.03888,-69.07337
36.077333,-79.009236,7,0.36,133.3,7.89,4839603,7.89,7.89093,-4.15394,4.07976,0.0536,-0.03467,0.02703,69.39491,29.09968,-68.10873
36.077333,-79.009236,7,0.36,133,7.86,4839803,7.86,7.86281,-4.17009,3.99123,0.06124,-0.02703,0.01512,69.24876,29.2166,-67.43642
36.077333,-79.009232,7,0.4,133,7.86,4840603,7.86,7.86162,-4.20658,4.14317,0.08369,0.01802,0.00397,68.02105,31.16048,-67.78719
36.077333,-79.009232,7,0.4,132.7,7.86,4840803,7.86,7.85982,-4.20359,4.0678,0.03421,-0.04688,0.04307,67.9772,31.13125,-67.81643
36.07733,-79.009233,7,0.63,132.7,7.87,4841603,7.87,7.87119,-4.20598,4.17488,0.0533,-0.00947,0.03512,67.74335,32.41742,-67.45103
36.07733,-79.009233,7,0.63,132.6,7.87,4841803,7.87,7.86521,-4.18445,4.1019,0.03711,-0.02535,0.05589,67.87489,32.46127,-67.12949
36.07733,-79.009231,7,0.56,132.6,7.83,4842603,7.83,7.8335,-4.13181,4.13599,0.09285,0.01069,-0.01466,67.33411,33.8936,-65.96024
36.07733,-79.009231,7,0.56,132.2,7.92,4842803,7.92,7.91905,-4.2664,4.08515,0.04307,-0.02856,0.04291,67.53873,34.7413,-65.55101
36.077331,-79.009229,7,0.16,132.2,7.84,4843603,7.84,7.83889,-4.1683,4.13121,0.0423,-0.02505,0.04811,66.99795,35.88132,-64.8933
36.077331,-79.009229,7,0.16,131.9,7.88,4843803,7.88,7.88196,-4.15633,4.11087,0.06933,-0.01573,-0.00244,66.98334,36.65595,-64.92254
36.077331,-79.009231,7,0.14,131.9,7.88,4844603,7.88,7.87657,-4.18505,4.04806,0.06139,-0.0197,0.01497,66.53025,38.0152,-64.30868
36.077331,-79.009231,7,0.14,131.6,7.8,4844803,7.8,7.79881,-4.12762,4.12582,0.05269,-0.02688,0.02001,66.06256,39.38907,-60.12862
36.077329,-79.009231,7,0.32,131.6,7.85,4845603,7.85,7.85085,-4.20838,4.07617,0.04597,-0.03131,0.04459,65.84332,39.35984,-63.19789
36.077329,-79.009231,7,0.32,132,7.84,4845803,7.84,7.84248,-4.13719,4.10489,0.05483,-0.01665,0.03299,66.31102,39.79831,-62.99327
36.077329,-79.00923,7,0.14,132,7.87,4846603,7.87,7.8676,-4.16351,4.10728,0.06246,-0.03375,-0.00886,65.87255,40.83601,-61.99942
36.077329,-79.00923,7,0.14,132.2,7.87,4846803,7.87,7.8682,-4.20838,4.12762,0.05574,-0.01023,0.04704,66.1064,41.68372,-61.12248
36.077327,-79.009231,7,0.12,132.2,7.85,4847603,7.85,7.84846,-4.17906,4.14437,0.0672,0.0055,0.03833,66.34025,42.31219,-60.45016
36.077327,-79.009231,7,0.12,132.8,7.88,4847803,7.88,7.88315,-4.17548,4.10429,0.00122,-0.06399,0.02489,66.13564,42.85297,-60.26016
36.077328,-79.00923,7,0.4,132.8,7.82,4848603,7.82,7.82034,-4.12702,4.1001,0.07117,-0.00046,0.02016,66.39871,43.61298,-58.81321
36.077328,-79.00923,7,0.4,132.5,7.91,4848803,7.91,7.91187,-4.2018,4.11027,0.06017,-0.02413,0.02016,65.96024,44.62146,-58.41859
36.077327,-79.00923,7,0.24,132.5,7.85,4849603,7.85,7.85145,-4.14198,4.0995,0.05467,-0.0365,0.02978,66.99795,44.44607,-57.22011
36.077327,-79.00923,7,0.24,132.3,7.86,4849803,7.86,7.85863,-4.15573,4.14138,0.0733,-0.01023,0.00764,66.39871,45.39608,-57.24934
36.077326,-79.00923,7,0.29,132.3,7.79,4850603,7.79,7.78804,-4.10848,4.13719,0.042,-0.03528,0.02947,67.1441,46.17071,-55.56855
36.077326,-79.00923,7,0.29,131.6,7.89,4850803,7.89,7.88794,-4.17548,4.11266,0.07193,0.00458,0.00916,67.05642,46.3461,-54.45776
36.077324,-79.009229,7,0.38,131.6,7.83,4851603,7.83,7.82692,-4.19462,4.15573,0.05253,0.00015,0.031,67.2318,46.94534,-53.39082
36.077324,-79.009229,7,0.38,131.4,7.87,4851803,7.87,7.87418,-4.1336,4.10728,0.03207,-0.03604,0.03971,67.43642,46.66764,-52.96697
36.077321,-79.009229,7,0.38,131.4,7.88,4852603,7.88,7.88495,-4.14856,4.08395,0.05773,-0.00794,0.00351,68.13797,47.35458,-51.3154
36.077321,-79.009229,7,0.38,131.5,7.85,4852803,7.85,7.85324,-4.19462,4.13599,0.04139,-0.02886,0.01084,67.71412,47.35458,-51.72464
36.077318,-79.00923,7,0.31,131.5,7.82,4853603,7.82,7.82214,-4.13839,4.16112,0.02795,-0.01481,0.05483,67.93335,47.16457,-49.91231
36.077318,-79.00923,7,0.31,131.2,7.91,4853803,7.91,7.91187,-4.15454,4.13899,0.05574,-0.01069,-0.00504,68.18182,47.35458,-49.82461
36.077316,-79.00923,7,0.33,131.2,7.86,4854603,7.86,7.85863,-4.15454,4.05883,0.02749,-0.05116,0.00947,68.43028,48.17305,-48.71383
36.077316,-79.00923,7,0.33,130.5,7.86,4854803,7.86,7.85743,-4.1659,4.1324,0.05192,0.01497,0.02657,68.89798,47.80766,-47.61766
36.077316,-79.009231,7,0.26,130.5,7.8,4855603,7.8,7.79582,-4.12343,4.12582,0.02978,-0.04322,0.0026,69.02953,48.30459,-47.06226
36.077316,-79.009231,7,0.26,129.8,7.91,4855803,7.91,7.90828,-4.20479,4.11685,0.04566,0.01787,0.03253,69.33645,48.2169,-46.55072
36.077313,-79.009229,7,0.15,129.8,7.81,4856603,7.81,7.81316,-4.13659,3.98405,0.03054,-0.02367,0.0142,69.65799,47.41304,-45.16224
36.077313,-79.009229,7,0.15,129.6,7.9,4856803,7.9,7.9023,-4.18086,4.11446,0.05406,0.00657,-0.00519,70.21339,47.6615,-45.27916
36.077312,-79.009231,7,0.33,129.6,7.89,4857603,7.89,7.88555,-4.18026,4.05165,0.04597,0.00519,0.00428,70.44724,47.83689,-44.54838
36.077312,-79.009231,7,0.33,128.7,7.86,4857803,7.86,7.86281,-4.18385,4.10668,0.0087,-0.04429,0.03635,70.43262,48.2169,-43.78836
36.077309,-79.009234,7,0.38,128.7,7.85,4858603,7.85,7.85085,-4.14736,4.10967,0.04139,-0.00779,0.00901,71.42648,47.77843,-43.48144
36.077309,-79.009234,7,0.38,128.4,7.89,4858803,7.89,7.89033,-4.18804,4.08156,0.04566,-0.01237,0.00336,70.90032,48.27536,-42.04911
36.077306,-79.009234,7,0.2,128.4,7.83,4859603,7.83,7.82692,-4.13181,3.98225,0.04673,-0.01222,0.00565,71.54341,47.76381,-41.61064
36.077306,-79.009234,7,0.2,127.5,7.9,4859803,7.9,7.90349,-4.15753,4.07797,0.04307,0.00855,0.04215,72.20111,47.85151,-41.37679
36.077306,-79.009235,7,0.16,127.5,7.84,4860603,7.84,7.84248,-4.15753,4.08156,0.04291,-0.02337,0.01619,73.07805,47.23765,-40.23677
36.077306,-79.009235,7,0.16,127.5,7.87,4860803,7.87,7.8688,-4.16531,4.11326,0.06796,0.00122,-0.00718,72.50803,47.14996,-39.63753
36.077305,-79.009236,7,0.15,127.5,7.81,4861603,7.81,7.80658,-4.17248,4.11386,0.04536,-0.0223,0.01833,73.38498,46.65303,-38.59982
36.077305,-79.009236,7,0.15,127.5,7.89,4861803,7.89,7.88914,-4.18864,4.08814,0.02764,-0.0197,0.07315,73.80882,46.27302,-38.51213
36.077306,-79.009237,7,0.17,127.5,7.96,4862603,7.96,7.95853,-4.1336,4.09113,0.04261,-0.0368,0.02795,74.715,45.10377,-37.47442
36.077306,-79.009237,7,0.17,127.1,7.8,4862803,7.8,7.79641,-4.17308,4.16351,0.07514,-0.04215,-0.04444,74.59807,45.48378,-37.15288
36.077306,-79.009238,7,0.13,127.1,7.87,4863603,7.87,7.86999,-4.22812,4.12283,0.0536,0.01374,0.06338,75.4604,44.41684,-35.26747
36.077306,-79.009238,7,0.13,126.8,7.86,4863803,7.86,7.85863,-4.09472,4.08275,0.02642,-0.05376,0.04444,76.13271,44.02221,-36.4221
36.077305,-79.009238,7,0.21,126.8,7.86,4864603,7.86,7.86461,-4.17607,4.11924,0.06658,-0.00473,0.02382,76.80502,43.77375,-34.82899
36.077305,-79.009238,7,0.21,126.4,7.86,4864803,7.86,7.86281,-4.18206,4.13599,0.05925,-0.03742,0.0055,76.90733,43.48144,-33.5136
36.077304,-79.009237,7,0.17,126.4,7.82,4865603,7.82,7.81556,-4.18864,4.24666,0.05941,-0.02718,0.02291,77.94505,42.80912,-33.30898
36.077304,-79.009237,7,0.17,126,7.86,4865803,7.86,7.86102,-4.15394,4.13599,0.05727,-0.00947,0.04765,78.16428,41.6691,-33.67437
36.077303,-79.009239,7,0.21,126,7.81,4866603,7.81,7.80838,-4.16411,4.08515,0.05101,-0.02184,0.04184,78.51505,41.27448,-32.13972
36.077303,-79.009239,7,0.21,125.8,7.85,4866803,7.85,7.84607,-4.15394,4.11685,0.05437,-0.01542,0.0339,79.04122,40.92371,-31.71587
36.077302,-79.00924,7,0.36,125.8,7.87,4867603,7.87,7.87239,-4.11147,4.12463,0.06735,-0.01924,0.00702,79.87431,39.27214,-31.94972
36.077302,-79.00924,7,0.36,125.1,7.87,4867803,7.87,7.87119,-4.17548,4.1013,0.05849,-0.04215,-0.00718,80.28354,39.18445,-31.80357
36.0773,-79.00924,7,0.25,125.1,7.82,4868603,7.82,7.82094,-4.16112,4.10429,0.03131,-0.05147,0.0394,81.37971,38.59982,-31.17509
36.0773,-79.00924,7,0.25,125.1,7.86,4868803,7.86,7.86341,-4.12882,4.1677,0.06613,0.00244,0.0339,81.37971,37.4598,-30.69278
36.077298,-79.00924,7,0.4,125.1,7.79,4869603,7.79,7.78804,-4.16291,4.12044,0.05544,-0.0423,0.00061,81.73049,36.55364,-29.72815
36.077298,-79.00924,7,0.4,124.8,7.88,4869803,7.88,7.87897,-4.19462,4.12104,0.05147,0.01497,0.06979,82.8559,36.48056,-29.14352
36.0773,-79.009237,7,0.37,124.8,7.86,4870603,7.86,7.85564,-4.11565,4.14138,0.04856,-0.05544,0.00275,82.91435,34.43438,-28.2812
36.0773,-79.009237,7,0.37,124.4,7.82,4870803,7.82,7.82274,-4.19103,4.10608,0.07055,0.01191,0.01634,83.6159,34.33207,-28.61736
36.077303,-79.009236,7,0.22,124.4,7.82,4871603,7.82,7.81974,-4.10788,4.13958,0.05757,-0.02489,0.00641,84.0836,33.07512,-27.81351
36.077303,-79.009236,7,0.22,123.8,7.88,4871803,7.88,7.88016,-4.20419,4.09532,0.05177,-0.00932,0.03131,84.39053,32.57819,-27.91582
36.077306,-79.009233,7,0.37,123.8,7.82,4872603,7.82,7.82453,-4.15514,4.06002,0.02734,-0.04841,0.04246,84.78515,30.8974,-27.91582
36.077306,-79.009233,7,0.37,123,7.88,4872803,7.88,7.87657,-4.14557,4.13659,0.05712,0.00321,0.01741,85.7644,31.02894,-27.66735
36.077306,-79.009233,7,0.38,123,7.8,4873603,7.8,7.79582,-4.14198,4.11506,0.05055,-0.00764,-0.00031,86.10056,29.3043,-27.74043
36.077306,-79.009233,7,0.38,123.5,7.9,4873803,7.9,7.89811,-4.1994,4.08156,0.04246,0.00412,0.02749,86.02748,28.70506,-28.17889
36.077304,-79.00923,7,0.46,123.5,7.88,4874603,7.88,7.88495,-4.1671,4.11745,0.03833,0.00412,0.03833,86.55364,27.79889,-28.22274
36.077304,-79.00923,7,0.46,123.4,7.87,4874803,7.87,7.87358,-4.1677,4.07079,0.03619,-0.03283,-0.00641,86.49518,27.44811,-27.69658
36.077301,-79.009229,7,0.48,123.4,7.86,4875603,7.86,7.86222,-4.17906,4.12104,0.04643,-0.01817,-0.01206,87.28442,26.3081,-27.50658
36.077301,-79.009229,7,0.48,122.9,7.83,4875803,7.83,7.83231,-4.20539,4.09292,0.02596,-0.00672,0.04016,86.75826,25.88424,-27.97428
36.077303,-79.009226,7,0.24,122.9,7.84,4876603,7.84,7.83769,-4.15753,4.1336,0.02352,-0.00855,0.03115,87.28442,24.715,-26.93657
36.077303,-79.009226,7,0.24,122.3,7.86,4876803,7.86,7.85624,-4.133,4.07976,0.02886,-0.01145,0.00504,86.97749,23.94037,-27.72581
36.077307,-79.009225,7,0.24,122.3,7.85,4877603,7.85,7.85145,-4.15633,4.12822,0.01634,-0.03039,-0.01634,87.94212,23.2242,-28.70506
36.077307,-79.009225,7,0.24,121.3,7.85,4877803,7.85,7.85205,-4.1994,4.11625,0.01161,0.00107,0.02871,87.70827,23.56036,-28.23736
36.077308,-79.009223,7,0.05,121.3,7.88,4878603,7.88,7.87657,-4.17248,4.12283,0.01237,-0.00565,0.00382,87.83981,22.49342,-28.13505
36.077308,-79.009223,7,0.05,121,7.86,4878803,7.86,7.85982,-4.13659,4.11805,0.00733,-0.02352,-0.00825,87.95674,22.52265,-28.17889
36.077304,-79.009221,7,0.43,121,7.86,4879603,7.86,7.85743,-4.1683,4.11805,0.01451,0.0026,0.00275,88.54137,21.6311,-28.44198
36.077304,-79.009221,7,0.43,120.9,7.83,4879803,7.83,7.82991,-4.17607,4.2688,0.00825,0.02214,0.02688,88.42444,20.9734,-28.52967
36.077303,-79.009217,7,0.22,120.9,7.88,4880603,7.88,7.87897,-4.17966,4.08395,0.00489,-0.00107,0.00153,88.51213,20.85647,-29.07045
36.077303,-79.009217,7,0.22,121,7.84,4880803,7.84,7.83649,-4.14317,4.18684,0.00046,-0.00412,0.00107,88.92137,20.65186,-28.92429
36.077307,-79.009213,7,0.79,121,7.81,4881603,7.81,7.81137,-4.18146,4.1324,0.00886,-0.00199,-0.02016,88.16135,20.18416,-28.42736
36.077307,-79.009213,7,0.79,121.7,7.88,4881803,7.88,7.88375,-4.18505,4.11326,-0.00229,0.02092,0.02505,88.49751,20.62263,-28.93891
36.077303,-79.00921,7,0.13,121.7,7.85,4882603,7.85,7.85025,-4.15454,4.15693,-0.00107,0.02443,0.02718,88.49751,19.59953,-29.74277
36.077303,-79.00921,7,0.13,122.1,7.87,4882803,7.87,7.8682,-4.15215,4.14437,-0.0055,-0.0255,-0.02749,88.65829,19.96492,-29.97662
36.077301,-79.009208,7,0.24,122.1,7.88,4883603,7.88,7.87777,-4.17787,4.11446,0.01222,-0.02596,-0.0536,88.77522,19.70184,-29.772
36.077301,-79.009208,7,0.24,122.2,7.75,4883803,7.75,7.74796,-4.19761,4.10429,-0.00687,0.02016,0.05559,88.70213,19.48261,-29.43584
36.077302,-79.009204,7,0.22,122.2,7.87,4884603,7.87,7.867,-4.16291,4.15813,-0.01008,-0.01878,0.0055,88.90675,18.81029,-30.21046
36.077302,-79.009204,7,0.22,122.6,7.81,4884803,7.81,7.81436,-4.13659,4.10489,0.00687,0.01939,0.00458,88.70213,18.43028,-30.12277
36.077302,-79.009201,7,0.29,122.6,7.8,4885603,7.8,7.80359,-4.17009,4.15693,-0.00489,-0.01772,-0.03085,88.99445,18.41567,-30.60509
36.077302,-79.009201,7,0.29,122.7,7.86,4885803,7.86,7.86461,-4.17428,4.11326,-0.00244,0.02673,-0.00076,89.28676,18.50336,-29.43584
36.077299,-79.009198,7,0.28,122.7,7.84,4886603,7.84,7.84008,-4.12283,4.08574,-0.02688,-0.01497,-0.00046,89.1406,18.45951,-30.28354
36.077299,-79.009198,7,0.28,123.5,7.85,4886803,7.85,7.85025,-4.1336,4.21376,-0.00321,0.01741,-0.0226,88.43906,18.03566,-29.94739
36.077297,-79.009195,7,0.36,123.5,7.86,4887603,7.86,7.85504,-4.16351,4.23171,-0.01191,0.00458,-0.02795,89.08214,17.81643,-30.8097
36.077297,-79.009195,7,0.36,123.9,7.83,4887803,7.83,7.8341,-4.16351,4.12403,-0.01405,0.05635,0.02611,89.56445,17.83104,-30.26893
36.077297,-79.009196,7,0.09,123.9,7.81,4888603,7.81,7.80539,-4.20598,4.09472,-0.03833,-0.01772,-0.00412,89.24291,18.34259,-30.75124
36.077297,-79.009196,7,0.09,123.4,7.89,4888803,7.89,7.89392,-4.14975,4.13899,-0.02627,0.00321,-0.02016,88.86291,18.00643,-31.01432
36.077298,-79.009196,7,0.26,123.4,7.85,4889603,7.85,7.84666,-4.13899,4.12283,-0.01023,0.06643,-0.01222,88.54137,18.43028,-29.61122
36.077298,-79.009196,7,0.26,123.1,7.88,4889803,7.88,7.87598,-4.17428,4.11685,-0.04123,-0.01878,-0.031,89.18445,18.18182,-29.90354
36.0773,-79.009194,7,0.32,123.1,7.92,4890603,7.92,7.92204,-4.15035,4.07976,-0.03039,0.08338,0.03192,89.00906,18.38644,-28.7489
36.0773,-79.009194,7,0.32,122.7,7.87,4890803,7.87,7.8682,-4.12164,4.14676,-0.04383,-0.03497,-0.05315,89.25752,18.00643,-28.7489
36.0773,-79.009191,7,0.2,122.7,7.8,4891603,7.8,7.79522,-4.21974,4.10608,-0.01894,0.05605,-0.01191,89.59368,18.19643,-29.2166
36.0773,-79.009191,7,0.2,122.9,7.9,4891803,7.9,7.9011,-4.19043,4.09771,-0.06078,-0.00748,0.00275,89.15521,18.67875,-28.6466
36.077298,-79.009189,7,0.2,122.9,7.79,4892603,7.79,7.79163,-4.14856,4.15693,-0.04001,0.02993,-0.00626,88.59982,18.83952,-28.67583
36.077298,-79.009189,7,0.2,122.6,7.93,4892803,7.93,7.92742,-4.18804,4.1665,-0.02306,0.06338,-0.02352,88.78983,19.26337,-28.2812
36.077298,-79.009188,7,0.2,122.6,7.85,4893603,7.85,7.85265,-4.15753,4.15813,-0.03772,0.04704,-0.01313,88.38059,19.42414,-28.41274
36.077298,-79.009188,7,0.2,122.5,7.88,4893803,7.88,7.88435,-4.18325,4.10967,-0.05773,-0.00626,-0.02413,88.48289,19.46799,-28.63198
36.0773,-79.009184,7,0.37,122.5,7.91,4894603,7.91,7.90708,-4.17009,4.14856,-0.03482,0.02779,-0.02932,88.24905,20.56416,-28.35428
36.0773,-79.009184,7,0.37,122.2,7.81,4894803,7.81,7.81077,-4.15633,4.10369,-0.04169,0.03192,-0.00473,88.84829,19.99415,-28.26659
36.0773,-79.009183,7,0.3,122.2,7.77,4895603,7.77,7.77308,-4.19402,4.09412,-0.04688,0.03879,0.01604,88.35136,20.37416,-27.82812
36.0773,-79.009183,7,0.3,122.2,7.95,4895803,7.95,7.94896,-4.11386,4.09173,-0.03848,0.02031,-0.01359,87.95674,20.33031,-28.6466
36.077302,-79.009181,7,0.31,122.2,7.76,4896603,7.76,7.75574,-4.12822,4.15873,-0.02199,0.02856,-0.03604,87.83981,20.34493,-27.84274
36.077302,-79.009181,7,0.31,121.9,7.92,4896803,7.92,7.91665,-4.21795,4.07797,-0.02718,0.04673,-0.00672,87.70827,20.40339,-27.98889
36.0773,-79.009181,7,0.18,121.9,7.81,4897603,7.81,7.80778,-4.19402,4.06002,-0.02474,0.04841,0.00107,88.19058,20.82724,-28.0912
36.0773,-79.009181,7,0.18,122.2,7.91,4897803,7.91,7.91306,-4.14018,4.10489,-0.02642,0.01894,-0.01344,87.89828,20.94417,-27.52119
36.0773,-79.009179,7,0.37,122.2,7.79,4898603,7.79,7.78924,-4.16949,4.11685,-0.03253,-0.00596,-0.02153,87.72289,21.57264,-28.38351
36.0773,-79.009179,7,0.37,122.4,7.88,4898803,7.88,7.87598,-4.18505,4.09232,-0.02107,0.05421,0.01451,88.32213,21.1634,-27.53581
36.077299,-79.009179,7,0.24,122.4,7.88,4899603,7.88,7.88256,-4.15813,4.1689,-0.01161,0.03009,-0.03222,88.13213,21.49956,-28.00351
36.077299,-79.009179,7,0.24,122.3,7.81,4899803,7.81,7.81197,-4.18146,4.09711,-0.03665,-0.00183,-0.0055,87.48904,21.7188,-28.23736
36.077296,-79.009178,7,0.2,122.3,7.96,4900603,7.96,7.95913,-4.18325,4.14557,-0.01848,-0.02596,-0.05986,87.5475,21.58726,-27.79889
36.077296,-79.009178,7,0.2,122.3,7.76,4900803,7.76,7.75813,-4.16531,4.12642,-0.03238,-0.01939,-0.01359,88.0152,21.93803,-29.46507
36.077293,-79.009178,7,0.28,122.3,7.89,4901603,7.89,7.88674,-4.14676,4.16411,-0.01054,0.05131,0.01665,87.81059,21.79187,-28.38351
36.077293,-79.009178,7,0.28,123.1,7.84,4901803,7.84,7.84427,-4.133,4.05165,-0.01436,-0.01161,-0.0252,87.62058,21.1634,-27.21426
36.077289,-79.009178,7,0.23,123.1,7.79,4902603,7.79,7.79043,-4.18624,4.1336,-0.02245,0.0084,0.01878,87.50365,21.20725,-27.4335
36.077289,-79.009178,7,0.23,123.7,7.91,4902803,7.91,7.90828,-4.16172,4.07139,-0.00611,0.03879,0.00657,87.57673,21.58726,-27.85735
36.077285,-79.009176,7,0.14,123.7,7.8,4903603,7.8,7.80479,-4.1677,4.09173,-0.02016,-0.00748,0.00305,87.83981,20.75417,-28.50044
36.077285,-79.009176,7,0.14,124.6,7.92,4903803,7.92,7.91905,-4.1689,4.13599,0.00183,0.00153,-0.03848,87.62058,21.23648,-28.63198
36.077283,-79.009174,7,0.41,124.6,7.81,4904603,7.81,7.81436,-4.15454,4.1671,0.03818,0.03497,-0.00565,87.9129,20.90032,-28.01812
36.077283,-79.009174,7,0.41,125.6,7.89,4904803,7.89,7.89033,-4.17966,4.09591,-0.00764,0.02245,-0.01069,87.94212,20.73955,-27.84274
36.077283,-79.009172,7,0.28,125.6,7.83,4905603,7.83,7.8347,-4.19342,4.1324,-0.02596,-0.03742,-0.0252,87.85442,21.03186,-29.31891
36.077283,-79.009172,7,0.28,125.1,7.8,4905803,7.8,7.79641,-4.15394,4.17906,-0.0168,0.06658,0.04734,87.89828,20.72493,-28.58813
36.077281,-79.009173,7,0.28,125.1,7.88,4906603,7.88,7.87837,-4.11745,4.11266,-0.02428,-0.05024,-0.04612,88.05905,21.19263,-28.41274
36.077281,-79.009173,7,0.28,125.4,7.81,4906803,7.81,7.81376,-4.21256,4.17308,-0.00855,0.02077,-0.01374,87.64981,20.71032,-28.29582
36.077279,-79.009171,7,0.1,125.4,7.82,4907603,7.82,7.82034,-4.18086,4.13001,-0.01023,0.07895,0.03314,87.86904,20.21339,-28.86583
36.077279,-79.009171,7,0.1,125.1,7.93,4907803,7.93,7.92503,-4.14377,4.1342,-0.02367,0.02138,0.00214,87.72289,20.3157,-27.97428
36.077274,-79.00917,7,0.17,125.1,7.88,4908603,7.88,7.88495,-4.14437,4.10549,-0.02398,-0.00764,-0.04917,87.9129,20.08185,-27.85735
36.077274,-79.00917,7,0.17,125.6,7.88,4908803,7.88,7.88136,-4.15514,4.14018,-0.02505,-0.01313,-0.04368,88.40982,20.66647,-27.85735
36.077267,-79.009173,7,0.21,125.6,7.84,4909603,7.84,7.83889,-4.14437,4.11805,-0.02673,0.0449,0.011,88.11751,20.62263,-27.9012
36.077267,-79.009173,7,0.21,126,7.9,4909803,7.9,7.9017,-4.18624,4.11147,-0.0368,0.00214,-0.01558,87.97135,19.77492,-28.2812
36.077262,-79.009173,7,0.15,126,7.79,4910603,7.79,7.79043,-4.1689,4.17607,-0.01741,0.00947,-0.06246,88.55598,20.94417,-29.50891
36.077262,-79.009173,7,0.15,127,7.92,4910803,7.92,7.91845,-4.18206,4.10788,-0.03268,0.08018,0.05223,88.36597,20.73955,-27.57966
36.077261,-79.00917,7,0.4,127,7.81,4911603,7.81,7.81137,-4.11147,4.08694,-0.02703,0.02795,-0.01466,87.57673,20.72493,-27.91582
36.077261,-79.00917,7,0.4,127.2,7.91,4911803,7.91,7.90888,-4.21436,4.07857,-0.02734,0.00336,-0.04643,87.92751,20.98802,-27.84274
36.077257,-79.00917,7,0.32,127.2,7.88,4912603,7.88,7.88256,-4.18684,4.12044,-0.01833,0.03589,-0.03054,87.29903,21.38264,-28.31044
36.077257,-79.00917,7,0.32,127.7,7.82,4912803,7.82,7.82453,-4.17428,4.09113,-0.03955,-0.00977,-0.02382,87.64981,21.28033,-27.91582
36.077254,-79.009169,7,0.41,127.7,7.99,4913603,7.99,7.98844,-4.14437,4.05524,-0.02703,0.05116,0.01619,87.98597,20.79801,-27.36042
36.077254,-79.009169,7,0.41,128.7,7.79,4913803,7.79,7.79043,-4.12104,3.98465,-0.03986,-0.06414,-0.06002,87.79597,21.67495,-27.79889
36.077251,-79.009169,7,0.37,128.7,7.88,4914603,7.88,7.88076,-4.18385,4.14437,-0.01512,0.02963,-0.00825,87.64981,20.90032,-27.84274
36.077251,-79.009169,7,0.37,129.8,7.87,4914803,7.87,7.867,-4.13958,4.11027,-0.02077,0.0139,-0.01176,87.63519,21.70418,-28.50044
36.077247,-79.009168,7,0.23,129.8,7.92,4915603,7.92,7.91725,-4.15813,4.07378,-0.01772,0.04765,0.02367,87.67904,20.84186,-27.47734
36.077247,-79.009168,7,0.23,131.1,7.83,4915803,7.83,7.82932,-4.1348,4.11745,-0.03619,-0.05864,-0.03344,87.47443,21.1634,-28.31044
36.077247,-79.009165,7,0.37,131.1,7.86,4916603,7.86,7.85564,-4.15035,4.16232,0.0226,0.04108,-0.02963,87.19672,20.5057,-28.16428
36.077247,-79.009165,7,0.37,131.7,7.84,4916803,7.84,7.84307,-4.19103,4.11326,-0.0087,0.00641,0.01512,87.32827,21.04648,-28.44198
36.077245,-79.009166,7,0.2,131.7,7.82,4917603,7.82,7.81615,-4.14317,4.14138,0.00076,-0.02764,0.00565,87.76674,20.53493,-28.48582
36.077245,-79.009166,7,0.2,131.9,7.84,4917803,7.84,7.84248,-4.17966,4.13719,0.02459,0.03528,0.01466,87.66443,20.24262,-27.94505
36.077242,-79.009165,7,0.17,131.9,7.86,4918603,7.86,7.86222,-4.14377,4.12523,0.02016,-0.03314,-0.011,87.79597,19.21953,-28.63198
36.077242,-79.009165,7,0.17,132,7.87,4918803,7.87,7.8664,-4.18744,4.09532,0.02993,-0.03192,-0.01802,88.14674,19.24876,-28.57352
36.07724,-79.009165,7,0.15,132,7.86,4919603,7.86,7.85863,-4.19821,4.15274,0.05483,0.05956,0.04444,88.55598,18.32797,-29.20199
36.07724,-79.009165,7,0.15,132.5,7.88,4919803,7.88,7.88315,-4.14198,4.07558,0.01833,-0.02932,0.03971,88.45367,17.26103,-29.33353
36.077236,-79.009163,7,0.3,132.5,7.82,4920603,7.82,7.82274,-4.17428,4.11326,0.02871,-0.04979,0.01527,88.36597,16.82257,-29.42122
36.077236,-79.009163,7,0.3,133.3,7.82,4920803,7.82,7.82453,-4.17248,4.11685,0.0449,0.00779,0.03635,88.7606,16.61795,-29.46507
36.077233,-79.009161,7,0.16,133.3,7.81,4921603,7.81,7.80898,-4.17667,4.07438,0.03558,-0.0759,-0.01176,89.27214,15.03946,-30.67817
36.077233,-79.009161,7,0.16,134,7.82,4921803,7.82,7.81915,-4.17129,4.15035,0.05986,0.0423,0.05406,88.83367,15.361,-31.14586
36.077229,-79.00916,7,0.12,134,7.93,4922603,7.93,7.92682,-4.10608,4.06122,0.03131,-0.02566,-0.01069,89.506,14.0456,-31.75972
36.077229,-79.00916,7,0.12,135.1,7.83,4922803,7.83,7.83171,-4.18445,4.14317,0.03742,-0.04688,-0.0449,89.66676,14.42561,-32.51973
36.077227,-79.009158,7,0.06,135.1,7.79,4923603,7.79,7.78684,-4.21137,4.15633,0.04078,0.05941,0.08659,89.76907,13.02251,-32.0228
36.077227,-79.009158,7,0.06,136,7.98,4923803,7.98,7.98126,-4.13899,4.12044,0.02627,-0.03635,0.0223,89.57907,12.74481,-32.46127
36.077224,-79.009156,7,0.06,136,7.91,4924603,7.91,7.90888,-4.14975,4.1677,0.08567,0.00122,-0.01466,89.73984,11.50249,-34.20052
36.077224,-79.009156,7,0.06,137.1,7.84,4924803,7.84,7.8353,-4.22214,4.12822,0.04627,-0.06078,0.03283,89.3306,12.20403,-34.31745
36.07722,-79.009157,7,0.02,137.1,7.84,4925603,7.84,7.84128,-4.2006,4.09591,0.10675,0.0368,0.06521,89.49138,10.78632,-36.01286
36.07722,-79.009157,7,0.02,138.7,7.89,4925803,7.89,7.89093,-4.16471,4.07498,0.06368,-0.08109,0.05467,89.62292,9.60246,-36.07132
36.077218,-79.009157,7,0.18,138.7,7.86,4926603,7.86,7.86461,-4.1671,4.08156,0.08216,-0.06261,0.0901,88.68752,8.69629,-37.81058
36.077218,-79.009157,7,0.18,140.1,7.85,4926803,7.85,7.84547,-4.11386,4.09891,0.11393,-0.05559,0.03421,89.02368,7.5855,-38.90675
36.077211,-79.009157,7,0.54,140.1,7.83,4927603,7.83,7.8329,-4.18923,4.13659,0.14065,-0.04154,0.06949,88.83367,6.75241,-40.8214
36.077211,-79.009157,7,0.54,141.9,7.87,4927803,7.87,7.87179,-4.17308,4.07019,0.12553,-0.07941,0.07773,88.89214,6.37241,-42.73604
36.077206,-79.009155,7,0.38,141.9,7.87,4928603,7.87,7.86999,-4.15873,4.11446,0.18357,-0.0368,0.06048,86.83134,5.62701,-45.76147
36.077206,-79.009155,7,0.38,143.7,7.86,4928803,7.86,7.85564,-4.18505,4.08216,0.14355,-0.1127,0.0982,86.84595,5.43701,-47.03303
36.077203,-79.009154,7,0.38,143.7,7.8,4929603,7.8,7.79701,-4.1659,4.11266,0.17669,-0.11393,0.08995,85.53055,5.46624,-50.61386
36.077203,-79.009154,7,0.38,145.4,7.86,4929803,7.86,7.85982,-4.16052,4.18804,0.18723,-0.07391,0.11423,85.19438,5.14469,-52.17773
36.077202,-79.00915,7,0.13,145.4,7.84,4930603,7.84,7.84367,-4.133,4.17009,0.20327,-0.11713,0.06552,82.9582,5.75855,-54.61853
36.077202,-79.00915,7,0.13,147.2,7.81,4930803,7.81,7.81137,-4.18445,4.09412,0.1938,-0.09621,0.11209,82.4905,6.38702,-56.2701
36.0772,-79.009147,7,0.22,147.2,7.83,4931603,7.83,7.82812,-4.14198,4.15035,0.20067,-0.115,0.08766,79.52354,8.75475,-60.78632
36.0772,-79.009147,7,0.22,148.3,7.83,4931803,7.83,7.82932,-4.17548,4.12941,0.19853,-0.09392,0.11637,78.33967,9.2663,-60.87402
36.077203,-79.009145,7,0.24,148.3,7.84,4932603,7.84,7.83709,-4.1677,4.13181,0.20831,-0.0869,0.0956,75.84039,13.32944,-63.94329
36.077203,-79.009145,7,0.24,148.3,7.88,4932803,7.88,7.88435,-4.18385,4.10369,0.20464,-0.09209,0.09209,75.38731,14.10406,-64.95177
36.077203,-79.009144,7,0.31,148.3,7.85,4933603,7.85,7.84607,-4.17727,4.12403,0.2109,-0.07544,0.08506,73.15112,17.87489,-66.99795
36.077203,-79.009144,7,0.31,148.5,7.83,4933803,7.83,7.8329,-4.17667,4.10668,0.17257,-0.13821,0.09026,72.50803,19.36568,-67.67027
36.077206,-79.009141,7,0.38,148.5,7.85,4934603,7.85,7.84726,-4.19342,4.21496,0.18326,-0.08674,0.10583,69.76031,23.48729,-67.27565
36.077206,-79.009141,7,0.38,148.8,7.84,4934803,7.84,7.84068,-4.12044,4.12224,0.19929,-0.06628,0.09575,69.87723,23.85267,-67.01257
36.077209,-79.009138,7,0.37,148.8,7.9,4935603,7.9,7.89931,-4.15753,4.08156,0.21029,-0.07651,0.07468,68.19643,28.22274,-66.8518
36.077209,-79.009138,7,0.37,149.1,7.85,4935803,7.85,7.84726,-4.19821,4.10967,0.18418,-0.13103,0.08018,67.49489,29.962,-67.52412
36.077213,-79.009135,7,0.43,149.1,7.81,4936603,7.81,7.80599,-4.14018,4.12224,0.18998,-0.11286,0.08964,65.9164,34.7413,-65.22946
36.077213,-79.009135,7,0.43,150.1,7.9,4936803,7.9,7.90409,-4.17727,4.15334,0.21136,-0.06704,0.10431,65.85793,35.53055,-64.17715
36.077217,-79.009134,7,0.4,150.1,7.95,4937603,7.95,7.95195,-4.14078,4.09831,0.20067,-0.06674,0.11118,65.53639,39.3306,-61.34171
36.077217,-79.009134,7,0.4,150.1,7.9,4937803,7.9,7.90409,-4.18445,4.07079,0.22403,-0.06658,0.05651,65.41946,40.49986,-60.66939
36.077221,-79.009132,7,0.39,150.1,7.84,4938603,7.84,7.84487,-4.2012,4.09292,0.19456,-0.10232,0.05849,65.741,43.52528,-57.23473
36.077221,-79.009132,7,0.39,149.8,7.88,4938803,7.88,7.88076,-4.19522,4.13899,0.15455,-0.1066,0.12339,64.99561,43.67144,-56.34317
36.077221,-79.009131,7,0.47,149.8,7.86,4939603,7.86,7.85863,-4.15454,3.98345,0.18616,-0.05773,0.07804,66.04794,45.6884,-53.40544
36.077221,-79.009131,7,0.47,150.3,7.86,4939803,7.86,7.86162,-4.1683,4.08993,0.17333,-0.07575,0.08491,66.17948,46.55072,-51.53464
36.077222,-79.009132,7,0.47,150.3,7.84,4940603,7.84,7.83829,-4.1689,4.08933,0.19074,-0.06139,0.04154,67.30488,47.83689,-48.52382
36.077222,-79.009132,7,0.47,150.7,7.87,4940803,7.87,7.8676,-4.19641,4.09711,0.14554,-0.10064,0.0927,67.71412,47.16457,-47.41304
36.077221,-79.009134,7,0.32,150.7,7.86,4941603,7.86,7.86281,-4.15753,4.09651,0.14218,-0.10324,0.09148,69.2926,47.25227,-43.55452
36.077221,-79.009134,7,0.32,150.9,7.83,4941803,7.83,7.8335,-4.13181,4.13181,0.17272,-0.06246,0.06231,70.16954,46.59456,-42.25373
36.07722,-79.009135,7,0.28,150.9,7.85,4942603,7.85,7.84726,-4.15693,4.13899,0.16081,-0.06765,0.05162,71.92342,46.22917,-39.56445
36.07722,-79.009135,7,0.28,151.1,7.87,4942803,7.87,7.87179,-4.18744,4.1001,0.15027,-0.0562,0.08445,72.04034,46.31686,-37.28442
36.077219,-79.009137,7,0.32,151.1,7.67,4943603,7.67,7.6684,-4.11446,4.1354,0.14691,-0.06475,0.05177,73.76498,44.51915,-35.36977
36.077219,-79.009137,7,0.32,151.3,7.89,4943803,7.89,7.88914,-4.19761,4.09053,0.14707,-0.0617,0.0591,73.77959,44.16837,-35.35516
36.077218,-79.009137,7,0.4,151.3,7.85,4944603,7.85,7.85384,-4.1677,4.15035,0.14401,-0.05147,0.07162,76.14732,42.16603,-32.54896
36.077218,-79.009137,7,0.4,151.2,7.86,4944803,7.86,7.85982,-4.16232,4.09352,0.13027,-0.07682,0.07636,76.54195,42.03449,-31.71587
36.077216,-79.009139,7,0.25,151.2,7.87,4945603,7.87,7.87179,-4.15932,3.98405,0.14523,-0.04337,0.06368,78.88045,38.84829,-29.94739
36.077216,-79.009139,7,0.25,151.2,7.87,4945803,7.87,7.87358,-4.15095,4.12044,0.135,-0.07437,0.05253,79.08507,39.1406,-30.31277
36.077215,-79.00914,7,0.25,151.2,7.87,4946603,7.87,7.87119,-4.18146,4.13899,0.14478,-0.05605,0.05696,80.98509,35.58901,-29.05583
36.077215,-79.00914,7,0.25,150.9,7.86,4946803,7.86,7.85624,-4.17009,4.10788,0.12492,-0.08506,0.08002,81.3651,35.23823,-28.03274
36.077217,-79.00914,7,0.13,150.9,7.87,4947603,7.87,7.87298,-4.17368,4.13061,0.1263,-0.0785,0.05345,83.29436,31.77434,-28.16428
36.077217,-79.00914,7,0.13,150.3,7.84,4947803,7.84,7.84188,-4.14676,4.11386,0.13912,-0.02963,0.06872,83.39667,30.72201,-27.81351
36.077214,-79.009139,7,0.39,150.3,7.86,4948603,7.86,7.86162,-4.15753,4.11625,0.13531,-0.0423,0.06521,85.03362,27.85735,-27.76966
36.077214,-79.009139,7,0.39,150.3,7.87,4948803,7.87,7.87298,-4.13719,4.06541,0.12202,-0.07315,0.05116,85.20901,27.08272,-26.60041
36.077213,-79.009137,7,0.29,150.3,7.82,4949603,7.82,7.82393,-4.13899,4.16232,0.10431,-0.0901,0.06429,86.99211,23.94037,-27.82812
36.077213,-79.009137,7,0.29,149.8,7.86,4949803,7.86,7.85982,-4.16531,4.14078,0.1321,-0.02306,0.06017,86.75826,23.2242,-27.71119
36.07721,-79.009133,7,0.64,149.8,7.82,4950603,7.82,7.82453,-4.15633,4.07617,0.11041,-0.03879,0.08018,88.04443,19.14645,-28.58813
36.07721,-79.009133,7,0.64,149.5,7.88,4950803,7.88,7.88196,-4.18983,4.00499,0.08216,-0.10324,0.04902,88.36597,18.29874,-29.93277
36.077209,-79.009134,7,0.3,149.5,7.91,4951603,7.91,7.91247,-4.19163,3.99003,0.09942,-0.09163,-0.011,88.52674,16.64718,-29.81584
36.077209,-79.009134,7,0.3,149,7.78,4951803,7.78,7.78325,-4.20299,4.17248,0.02199,-0.14691,0.06154,88.51213,16.5741,-30.47355
36.077206,-79.009131,7,0.54,149,7.76,4952603,7.76,7.76112,-4.18385,4.25025,0.05208,-0.01436,0.12339,89.31599,14.92254,-31.80357
36.077206,-79.009131,7,0.54,149.2,7.98,4952803,7.98,7.98246,-4.07079,4.11685,0.12416,0.02917,0.01955,89.3306,13.18328,-31.51125
36.077203,-79.009129,7,0.63,149.2,7.83,4953603,7.83,7.83231,-4.1007,4.17787,0.10751,0.01726,-0.06582,89.43291,12.43788,-33.95206
36.077203,-79.009129,7,0.63,149.2,7.76,4953803,7.76,7.76172,-4.24666,4.13899,-0.03283,-0.06261,0.04841,89.27214,13.18328,-34.20052
36.077201,-79.009126,7,0.61,149.2,7.81,4954603,7.81,7.81137,-4.15753,4.07857,-0.07529,-0.12278,0.05284,90.00292,11.54633,-34.97515
36.077201,-79.009126,7,0.61,149.5,7.8,4954803,7.8,7.79522,-4.18206,3.95414,-0.12843,-0.24526,0.06765,89.68138,10.33324,-36.77287
36.077196,-79.009118,7,1.43,149.5,4.21,4955603,4.21,4.20598,-1.31067,2.72543,-2.70858,-3.47323,3.36816,81.52587,-16.8518,-46.40456
36.077196,-79.009118,7,1.43,149.4,1.9,4955803,1.9,1.89811,9.41277,4.67797,-1.44515,-0.59911,-1.2538,66.26717,-34.11283,-35.209
36.077193,-79.009114,7,1.2,149.4,7.37,4956603,7.37,7.3663,-2.601,5.71167,-1.08337,0.17333,1.1017,84.05437,30.35662,-38.54136
36.077193,-79.009114,7,1.2,149.3,8.11,4956803,8.11,8.11346,-3.48874,3.49472,1.16171,1.98745,-1.74173,83.58667,31.56972,-26.73195
36.077187,-79.00911,7,1.61,149.3,4.15,4957603,4.15,4.15155,-8.2331,5.47777,2.974,-0.70891,0.41524,75.9427,42.38527,-37.05057
36.077187,-79.00911,7,1.61,149.4,5.33,4957803,5.33,5.32583,-7.95434,0.89013,3.36327,-1.43049,1.70111,84.39053,28.67583,-25.62116
36.07718,-79.009107,7,1.47,149.4,9.39,4958603,9.39,9.39482,-19.59961,0.22732,-1.28511,-2.76126,-0.5507,71.11955,16.04794,-69.27799
36.07718,-79.009107,7,1.47,149.6,5.73,4958803,5.73,5.72603,-1.25623,4.42493,-4.05767,1.76616,-1.71546,59.51476,-0.42385,-74.39345
36.077178,-79.009102,7,1.22,149.6,8.4,4959603,8.4,8.39701,-6.42054,1.88196,1.41553,-5.00421,3.48544,81.07278,21.3534,-57.01549
36.077178,-79.009102,7,1.22,149.7,6.07,4959803,6.07,6.0694,-2.30369,4.5015,3.25148,-0.26832,2.61695,65.20023,17.18796,-71.83572
36.077172,-79.009096,7,1.51,149.7,9.11,4960603,9.11,9.11067,-3.55454,3.57667,-0.16875,0.09728,0.14523,76.48348,41.97603,-38.21982
36.077172,-79.009096,7,1.51,149.6,7.95,4960803,7.95,7.94955,-3.39362,3.8016,-0.32162,-0.74388,-0.36117,74.77346,43.30605,-40.68986
36.077166,-79.009094,7,1.16,149.6,7.86,4961603,7.86,7.86102,-3.02333,5.09372,-0.84605,-0.15226,0.67638,66.13564,43.27682,-56.4601
36.077166,-79.009094,7,1.16,149.6,8.35,4961803,8.35,8.34736,-0.87159,5.04706,-0.41004,0.35965,0.90378,73.3119,33.73283,-57.90704
36.077171,-79.009092,7,0.68,149.6,7.67,4962603,7.67,7.67259,-3.54138,5.08594,-0.76496,-0.66493,-0.20464,65.11254,41.72756,-58.41859
36.077171,-79.009092,7,0.68,149.5,6.99,4962803,6.99,6.98943,-3.28355,5.95693,-0.60445,0.0788,-0.22724,60.09939,38.7606,-65.66793
36.077171,-79.009095,7,0.17,149.5,7.68,4963603,7.68,7.68276,-3.16032,5.28455,-0.86071,0.15989,-0.06811,65.50716,24.58345,-70.18416
36.077171,-79.009095,7,0.17,149.5,7.82,4963803,7.82,7.82154,-2.25882,5.90429,-0.88255,0.01176,-0.36056,65.24408,15.90178,-71.55802
36.077172,-79.009095,7,0.09,149.5,7.78,4964603,7.78,7.77727,-2.58485,5.21037,0.03574,0.07941,0.0307,70.73955,8.62321,-68.92722
36.077172,-79.009095,7,0.09,148.7,8.13,4964803,8.13,8.12722,-2.65005,5.10748,-0.03024,-0.00977,-0.01374,71.23648,8.59398,-67.61181
36.07717,-79.009094,7,0.07,148.7,8.82,4965603,8.82,8.81755,-2.55673,4.12044,-0.09362,-0.19319,-0.07437,75.51885,8.91552,-63.49021
36.07717,-79.009094,7,0.07,148.3,7.85,4965803,7.85,7.84906,-2.73799,6.14656,-0.63774,-0.43295,-0.35354,71.10493,7.49781,-67.29027
36.077171,-79.009093,7,0.09,148.3,8.09,4966603,8.09,8.08834,-2.87079,4.59183,-0.02627,0.00687,-0.00809,74.72961,7.24934,-64.80562
36.077171,-79.009093,7,0.09,147.7,7.97,4966803,7.97,7.97289,-2.82652,4.60499,-0.03024,0.00046,-0.00672,74.56884,6.81087,-64.54253
36.077169,-79.009091,7,0.16,147.7,8.06,4967603,8.06,8.06262,-2.82832,4.59123,0.02291,0.07804,-0.03436,74.61269,6.7378,-65.50716
36.077169,-79.009091,7,0.16,147.4,8.07,4967803,8.07,8.07039,-2.77627,4.68096,0.0142,0.04902,-0.01283,74.33499,7.16165,-64.95177
36.07717,-79.00909,7,0.09,147.4,8.13,4968603,8.13,8.12603,-2.91207,4.6672,-0.02535,0.00519,-0.00779,74.94884,6.78164,-66.06256
36.07717,-79.00909,7,0.09,146.9,8.08,4968803,8.08,8.08176,-2.93719,4.62892,-0.01313,0.02138,-0.01405,74.65653,7.10319,-64.86407
36.077171,-79.009089,7,0.13,146.9,7.93,4969603,7.93,7.934,-2.65424,4.94058,0.01161,0.05269,-0.01298,73.75037,6.32856,-65.41946
36.077171,-79.009089,7,0.13,146.1,8.4,4969803,8.4,8.40479,-3.0353,4.46441,-0.04979,-0.04093,0.00153,75.44578,7.43935,-64.74715
36.077171,-79.00909,7,0.1,146.1,8.07,4970603,8.07,8.07159,-2.69073,4.64267,0.11988,0.1886,-0.04688,74.52499,6.51856,-66.36948
36.077171,-79.00909,7,0.1,145.7,8.17,4970803,8.17,8.17149,-2.82951,4.6678,-0.07682,-0.05238,0.00367,74.80269,7.10319,-65.49255
36.077169,-79.009091,7,0.05,145.7,8.02,4971603,8.02,8.02014,-2.6991,4.94955,-0.01833,0.01451,-0.01481,73.56036,5.32008,-65.9164
36.077169,-79.009091,7,0.05,145.3,7.89,4971803,7.89,7.89153,-2.62612,4.98186,-0.01894,0.01466,-0.01634,73.15112,5.62701,-66.25256
36.077167,-79.009092,7,0.3,145.3,8.12,4972603,8.12,8.12363,-2.91027,4.60738,-0.01939,0.01741,-0.0113,74.39345,7.49781,-65.46332
36.077167,-79.009092,7,0.3,145.1,8.08,4972803,8.08,8.08475,-2.9336,4.61576,-0.01863,0.02489,-0.00947,74.81731,7.08857,-65.11254
36.077163,-79.009094,7,0.72,145.1,8.24,4973603,8.24,8.24148,-2.87976,4.59183,-0.01863,0.01772,-0.0084,74.58345,7.5855,-64.83485
36.077163,-79.009094,7,0.72,144.8,8.08,4973803,8.08,8.08415,-2.88156,4.60678,-0.01741,0.01772,-0.01115,74.26191,7.13242,-65.37562
36.077164,-79.009094,7,0.29,144.8,8.1,4974603,8.1,8.10329,-2.96889,4.62473,0.00061,0.04902,-0.01527,75.12424,8.03858,-65.41946
36.077164,-79.009094,7,0.29,144.5,8.15,4974803,8.15,8.14577,-2.9013,4.59781,-0.02993,-0.00305,-0.00733,74.68576,7.41011,-65.28793
36.077163,-79.009094,7,0.02,144.5,8.22,4975603,8.22,8.22413,-2.97727,4.64267,-0.01405,0.01833,-0.01038,74.72961,7.46858,-64.51331
36.077163,-79.009094,7,0.02,144.3,8.15,4975803,8.15,8.15175,-2.9001,4.5996,-0.02016,0.01619,-0.00764,75.29962,7.17626,-66.36948
36.077161,-79.009095,7,0.09,144.3,8.12,4976603,8.12,8.11765,-2.84088,4.82154,0.01894,0.06826,-0.02031,74.26191,6.12394,-66.17948
36.077161,-79.009095,7,0.09,144.1,8.07,4976803,8.07,8.07219,-2.73081,4.97767,0.01252,0.03742,-0.05849,73.64806,5.67086,-67.15872
36.077161,-79.009095,7,0.1,144.1,8.18,4977603,8.18,8.18345,-2.8014,4.58525,-0.03253,-0.00107,-0.00428,74.74422,6.81087,-65.68255
36.077161,-79.009095,7,0.1,143.7,8.03,4977803,8.03,8.02672,-2.84387,4.72044,-0.04414,-0.01634,-0.00473,74.33499,6.98626,-65.58024
36.077161,-79.009095,7,0.25,143.7,8.13,4978603,8.13,8.1332,-2.85583,4.56192,-0.14829,-0.21716,0.02321,74.59807,7.51242,-65.03946
36.077161,-79.009095,7,0.25,143.2,8.11,4978803,8.11,8.10688,-2.91087,4.52064,-0.03558,-0.00764,-0.00672,74.94884,6.82549,-66.39871
36.077161,-79.009096,7,0.1,143.2,8.13,4979603,8.13,8.13021,-2.86481,4.52004,-0.02505,0.00367,-0.00886,75.15347,7.27857,-65.50716
36.077161,-79.009096,7,0.1,142.9,8.16,4979803,8.16,8.15534,-2.90907,4.61336,-0.02489,0.00382,-0.00962,74.97808,7.3955,-64.74715
36.07716,-79.009095,7,0.03,142.9,8.17,4980603,8.17,8.1685,-3.04307,4.5996,-0.02199,0.00626,-0.0113,74.97808,7.3078,-64.96638
36.07716,-79.009095,7,0.03,142.8,8.18,4980803,8.18,8.18106,-2.92283,4.58884,-0.01817,0.01451,-0.01023,74.78808,7.35165,-65.47793
36.077161,-79.009095,7,0.02,142.8,8.19,4981603,8.19,8.18645,-2.92702,4.67258,0.00168,0.04887,-0.01726,74.61269,6.94241,-65.72639
36.077161,-79.009095,7,0.02,142.4,8.17,4981803,8.17,8.1685,-2.95155,4.63071,-0.07453,-0.05223,-0.00061,74.905,7.29319,-65.78486
36.07716,-79.009095,7,0.1,142.4,8.26,4982603,8.26,8.25883,-2.99761,4.65643,-0.00825,0.02947,-0.0142,74.96346,7.33704,-65.43409
36.07716,-79.009095,7,0.1,142.2,8,4982803,8,8.00459,-2.79003,4.7677,-0.115,-0.09927,0.01023,74.24729,6.4601,-65.65332
36.077159,-79.009096,7,0.23,142.2,8.11,4983603,8.11,8.11107,-2.83609,4.602,-0.03406,-0.00305,-0.01313,74.15961,6.88395,-64.95177
36.077159,-79.009096,7,0.23,141.9,8.14,4983803,8.14,8.13978,-2.94676,4.63789,0.00855,0.04963,-0.01909,74.51038,7.10319,-66.35487
36.07716,-79.009096,7,0.07,141.9,8.2,4984603,8.2,8.19602,-2.86959,4.67677,-0.05727,-0.02169,-0.0026,74.51038,7.57089,-66.20871
36.07716,-79.009096,7,0.07,141.5,7.93,4984803,7.93,7.92981,-2.90668,4.81197,0.08445,0.13515,-0.04612,74.6273,6.94241,-65.90178
36.07716,-79.009097,7,0.06,141.5,8.05,4985603,8.05,8.05125,-2.74517,4.89213,0.00305,0.04276,-0.00825,74.21806,6.41625,-65.75563
36.07716,-79.009097,7,0.06,141.1,7.99,4985803,7.99,7.99203,-2.81695,4.86042,0.10965,0.16356,-0.04826,74.14499,7.19088,-65.30254
36.077159,-79.009098,7,0.32,141.1,8.22,4986603,8.22,8.21576,-2.74038,4.32503,-0.01069,0.05055,-0.01145,75.02192,7.67319,-65.741
36.077159,-79.009098,7,0.32,140.7,8.16,4986803,8.16,8.15534,-2.89352,4.69233,-0.06399,-0.03421,0.0058,74.74422,7.43935,-65.65332
36.077159,-79.009097,7,0.08,140.7,9.52,4987603,9.52,9.52164,-5.14038,3.6018,-0.30513,0.00489,-0.03971,76.67349,6.16779,-64.42561
36.077159,-79.009097,7,0.08,140.4,8.68,4987803,8.68,8.67697,-3.14537,0.74417,-0.1912,0.34896,-0.27703,78.47121,5.20316,-60.75709
36.07716,-79.009097,7,0.05,140.4,7.75,4988603,7.75,7.75454,-4.67737,4.31127,0.77244,0.10537,0.23411,78.74891,9.6463,-61.10786
36.07716,-79.009097,7,0.05,140.1,8.14,4988803,8.14,8.13919,-3.71426,4.10788,-0.26267,-0.58154,-0.02627,77.76966,9.25168,-62.42327
36.07716,-79.009096,7,0.29,140.1,5.87,4989603,5.87,5.8678,-4.13001,6.92602,-0.17013,0.11622,-0.01665,66.83718,9.734,-70.46185
36.07716,-79.009096,7,0.29,139.4,6.15,4989803,6.15,6.14896,-4.38545,6.70409,0.11316,0.19227,0.30665,68.43028,10.75709,-70.56416
36.077162,-79.009094,7,0.23,139.4,7.81,4990603,7.81,7.80658,-3.63829,5.20618,-1.3575,0.95753,0.72571,77.00965,14.99562,-62.33558
36.077162,-79.009094,7,0.23,138.7,14.48,4990803,14.48,14.48017,0.60538,0.0341,0.11133,3.78003,0.78359,86.97749,3.94621,-43.24759
36.077165,-79.009095,7,0.07,138.7,7,4991603,7,6.99841,0.30508,-6.31885,-0.57437,0.26756,1.03343,86.29056,-6.08009,-18.06489
36.077165,-79.009095,7,0.07,138.3,6.21,4991803,6.21,6.20937,0.73579,-7.03191,-0.33384,-0.25794,0.28543,83.92283,-7.3955,-12.13096
36.077166,-79.009095,7,0.1,138.3,6.52,4992603,6.52,6.52463,0.32602,-6.82014,-0.09789,-0.06445,0.05269,83.52821,-7.62935,-11.99942
36.077166,-79.009095,7,0.1,138.3,6.48,4992803,6.48,6.48395,0.52642,-6.73041,0.04215,0.07666,-0.0536,83.87898,-6.95703,-11.73633
36.077167,-79.009096,7,0.03,138.3,6.52,4993603,6.52,6.51745,0.04546,-6.77049,-0.04841,-0.02764,0.00092,84.06898,-7.43935,-13.8556
36.077167,-79.009096,7,0.03,138.2,6.59,4993803,6.59,6.58864,0.35533,-6.7687,-0.0365,-0.04979,0.00015,83.92283,-7.3078,-12.36481
36.077168,-79.009096,7,0.02,138.2,6.53,4994603,6.53,6.53181,0.28834,-6.47438,-0.197,-0.33628,-0.00702,83.68898,-7.45396,-13.15405
36.077168,-79.009096,7,0.02,138.2,11.43,4994803,11.43,11.43351,4.28794,-4.31605,0.22327,0.34728,0.00214,83.95206,-7.3955,-13.05174
36.077168,-79.009096,7,0.32,138.2,5.21,4995603,5.21,5.21276,0.69571,-6.84467,-0.30467,-0.34667,0.32406,83.04589,-8.18474,-10.81555
36.077168,-79.009096,7,0.32,138.2,6.01,4995803,6.01,6.00658,0.0652,-6.90509,-0.47373,-0.31887,0.35781,83.10435,-7.23473,-11.54633
36.077167,-79.0091,7,0.74,138.2,8.83,4996603,8.83,8.83191,-3.2016,-4.88674,-0.8265,-3.93855,-2.52745,87.56211,1.22771,-19.51184
36.077167,-79.0091,7,0.74,138,8.92,4996803,8.92,8.91805,-2.87258,0.51565,-0.67745,-1.08642,1.34757,88.52674,0,-37.4598
36.077167,-79.0091,7,0.24,138,9.18,4997603,9.18,9.18425,-2.60399,0.97029,-0.01863,0.01069,-0.0113,88.23444,-2.20696,-40.48524
36.077167,-79.0091,7,0.24,138.1,9.12,4997803,9.12,9.12024,-2.62313,0.91645,-0.01313,0.01329,-0.00947,87.48904,-2.2508,-39.37445
36.077168,-79.0091,7,0.07,138.1,9.36,4998603,9.36,9.35713,-1.5326,1.43031,-0.02001,0.01817,-0.01069,85.93978,-7.76089,-40.93832
36.077168,-79.0091,7,0.07,138.3,8.98,4998803,8.98,8.98146,-1.7342,0.79262,-0.17349,0.28023,-0.20449,86.6998,-7.45396,-38.99445
36.077177,-79.009095,7,1.08,138.3,9.37,4999603,9.37,9.37209,-2.50648,1.44048,0.34071,-0.32101,0.00611,87.25519,-3.59544,-42.01988
36.077177,-79.009095,7,1.08,138.3,9.36,4999803,9.36,9.35594,-2.44128,2.29352,-0.16325,-0.19059,0.11774,87.15288,-2.03157,-42.95528
36.077182,-79.009093,7,0.98,138.3,9.08,5000603,9.08,9.07957,-2.56929,2.14756,-0.01848,0.01054,-0.01069,86.58287,-2.2508,-43.2622
36.077182,-79.009093,7,0.98,138.2,9,5000803,9,9.0018,-2.55374,2.26182,-0.02077,0.0113,-0.00962,86.67056,-1.91464,-42.61912
36.077179,-79.009094,7,0.29,138.2,9.05,5001603,9.05,9.04607,-2.60519,2.1015,-0.02428,0.01451,-0.01008,86.68518,-2.79158,-43.89067
36.077179,-79.009094,7,0.29,138,9.05,5001803,9.05,9.05324,-2.58126,2.18465,-0.02214,0.01741,-0.01023,86.99211,-2.70389,-44.06606
36.077179,-79.009095,7,0.12,138,9.07,5002603,9.07,9.07478,-2.58126,2.16251,-0.01619,0.011,-0.01344,86.91903,-2.5285,-43.36451
36.077179,-79.009095,7,0.12,137.7,9.06,5002803,9.06,9.05564,-2.59621,2.17208,-0.02169,0.0139,-0.00932,86.59748,-2.61619,-42.83835
36.077178,-79.009095,7,0.12,137.7,9.05,5003603,9.05,9.04547,-2.58903,2.11226,-0.01955,0.01405,-0.01145,86.87518,-2.20696,-44.40222
36.077178,-79.009095,7,0.12,137.7,9.06,5003803,9.06,9.05863,-2.53639,2.16072,-0.01894,0.01054,-0.01023,86.53902,-2.67466,-43.64221
36.077177,-79.009095,7,0.17,137.7,9.55,5004603,9.55,9.54976,-1.69711,9.26621,0.20922,0.37034,-0.70876,86.39287,-4.38468,-43.42298
36.077177,-79.009095,7,0.17,137.5,8.54,5004803,8.54,8.53998,-5.04587,-3.24886,1.72844,2.29792,-0.98792,89.11137,5.78778,-28.13505
36.077176,-79.009097,7,0.22,137.5,8.52,5005603,8.52,8.52084,-2.44128,3.32423,-2.78982,0.93065,3.32219,78.03274,40.30985,-34.01052
36.077176,-79.009097,7,0.22,137.2,8.01,5005803,8.01,8.00638,1.21436,4.01994,-0.8714,-0.5171,-1.54747,82.59281,29.6843,-44.69453
36.07718,-79.009097,7,0.37,137.2,5.91,5006603,5.91,5.90549,-6.21655,5.16072,-1.31107,0.01084,-0.62736,56.72318,48.90383,-56.13856
36.07718,-79.009097,7,0.37,137.2,7.07,5006803,7.07,7.07199,-4.48535,4.8341,-0.41722,2.03311,0.64202,63.12482,44.13914,-57.36627
36.077192,-79.009087,7,1.33,137.2,7.97,5007603,7.97,7.96989,-4.28016,3.97328,-0.37507,1.11407,0.48686,67.26103,32.15434,-65.50716
36.077192,-79.009087,7,1.33,136.7,8.28,5007803,8.28,8.28276,-3.84108,3.18126,-0.45005,-0.32162,-0.67378,69.40953,29.69892,-64.83485
36.077189,-79.009079,7,1.39,136.7,7.75,5008603,7.75,7.74617,-3.98405,4.38305,-2.05373,0.30971,-0.50977,72.02572,16.42794,-68.22566
36.077189,-79.009079,7,1.39,136.8,7.73,5008803,7.73,7.73001,-3.12144,5.69252,-1.5125,0.59758,-0.23335,75.53347,5.46624,-65.47793
36.07719,-79.009075,7,1.2,136.8,7.79,5009603,7.79,7.79342,-4.24247,3.81595,-0.91889,-0.09789,0.5846,87.19672,6.10932,-48.66998
36.07719,-79.009075,7,1.2,136.8,7.76,5009803,7.76,7.76292,-3.64846,4.3352,-0.33704,0.04856,-0.24053,86.34902,2.96697,-48.34843
36.077187,-79.009073,7,0.83,136.8,7.93,5010603,7.93,7.92862,-4.18146,4.20957,-0.1208,0.01298,-0.21915,88.59982,6.24087,-43.14528
36.077187,-79.009073,7,0.83,137.1,7.44,5010803,7.44,7.43929,-4.73599,3.73041,-0.03818,0.25519,-0.22251,88.59982,9.58784,-41.6691
36.077185,-79.009069,7,0.74,137.1,7.82,5011603,7.82,7.82274,-4.64327,3.81236,0.16035,0.28314,-0.43998,89.24291,10.23093,-38.99445
36.077185,-79.009069,7,0.74,137.4,7.71,5011803,7.71,7.70668,-4.77189,3.54078,-0.22235,-0.10522,0.14783,89.22829,11.7948,-39.02368
36.077185,-79.009064,7,0.91,137.4,7.48,5012603,7.48,7.48116,-5.08834,3.62333,-0.19792,0.14844,0.12233,88.80444,13.12482,-39.40368
36.077185,-79.009064,7,0.91,137.5,7.97,5012803,7.97,7.97468,-4.69053,3.75195,-0.38057,-0.08476,0.3992,89.49138,9.90938,-38.51213
36.077185,-79.009059,7,1.01,137.5,7.57,5013603,7.57,7.57029,-4.3681,3.28116,0.6576,-0.17975,0.15653,88.90675,8.02397,-39.56445
36.077185,-79.009059,7,1.01,137.7,8.34,5013803,8.34,8.33779,-4.22752,3.94636,0.51297,-0.59468,0.56001,87.75212,4.92546,-45.45455
36.077186,-79.009052,7,1.21,137.7,7.92,5014603,7.92,7.91964,-3.91526,4.12044,0.86468,-0.58964,0.51969,78.32505,9.20783,-62.78866
36.077186,-79.009052,7,1.21,138.1,7.84,5014803,7.84,7.84068,-4.17248,4.27298,1.07069,-0.48182,0.16356,74.75884,14.5133,-66.47179
36.077184,-79.009054,7,0.66,138.1,6.24,5015603,6.24,6.23869,-4.64208,3.72503,1.28389,-0.00657,-2.53692,60.14323,39.40368,-66.12102
36.077184,-79.009054,7,0.66,138.8,6,5015803,6,5.99761,-5.97009,3.83689,-0.78267,0.5536,0.13958,56.09471,44.70915,-62.99327
36.077187,-79.009054,7,0.52,138.8,6.72,5016603,6.72,6.71725,-5.54118,4.98126,-1.08978,0.22098,0.89935,65.72639,23.66267,-71.6311
36.077187,-79.009054,7,0.52,138.8,7.61,5016803,7.61,7.61336,-3.2997,4.47159,-0.33445,1.22127,0.19761,72.44958,12.75943,-67.8895
36.07719,-79.009051,7,0.36,138.8,7.74,5017603,7.74,7.74497,-3.79382,3.89133,-0.71609,0.03329,-0.21396,78.47121,6.10932,-62.29173
36.07719,-79.009051,7,0.36,138.6,7.71,5017803,7.71,7.71326,-4.09232,4.85264,-0.27397,0.38576,-0.67592,79.65507,6.94241,-59.67553
36.077187,-79.009049,7,0.58,138.6,7.22,5018603,7.22,7.22214,-4.85444,4.6343,-0.19303,0.655,-0.18692,85.06285,9.51476,-51.43233
36.077187,-79.009049,7,0.58,138.8,7.78,5018803,7.78,7.78206,-4.45364,3.61735,-0.66111,0.2558,0.41096,86.99211,7.83397,-46.46302
36.077184,-79.009047,7,0.64,138.8,7.98,5019603,7.98,7.97767,-4.11984,4.5661,-1.03618,0.41096,-0.17944,89.09676,8.7986,-35.83747
36.077184,-79.009047,7,0.64,139,7.57,5019803,7.57,7.5691,-4.3346,3.73041,-0.70387,0.5933,-0.76099,89.35984,14.35253,-30.73663
36.07718,-79.009043,7,0.84,139,7.72,5020603,7.72,7.72284,-4.21914,4.08574,-0.75701,-0.03146,-0.57528,84.91669,28.10582,-29.18737
36.07718,-79.009043,7,0.84,139.4,7.37,5020803,7.37,7.36989,-4.4339,4.29871,-0.64492,0.51038,-0.15455,83.6159,32.06665,-30.73663
36.07718,-79.009041,7,0.55,139.4,7.92,5021603,7.92,7.92443,-4.61994,3.66042,-0.91477,-0.03268,0.1066,76.04502,42.83835,-33.19205
36.07718,-79.009041,7,0.55,139.1,7.25,5021803,7.25,7.25145,-3.04068,4.58465,-0.34987,0.55497,-0.49938,76.41041,42.39988,-38.27828
36.077182,-79.009035,7,0.99,139.1,7.46,5022603,7.46,7.45544,-5.54417,4.19701,-0.62247,0.25962,-0.613,62.94943,52.09003,-43.80298
36.077182,-79.009035,7,0.99,139.2,6.98,5022803,6.98,6.98345,-5.54656,4.54098,-0.72739,0.57498,0.10125,61.5171,51.7831,-47.50073
36.07718,-79.009036,7,0.55,139.2,7.56,5023603,7.56,7.55594,-4.19701,4.09412,-0.71257,0.28619,-0.33766,65.85793,39.30138,-61.34171
36.07718,-79.009036,7,0.55,138.8,7.98,5023803,7.98,7.98365,-4.25922,4.03789,-0.64874,0.68127,-0.12553,67.17335,36.56825,-62.43789
36.077178,-79.00904,7,0.36,138.8,7.79,5024603,7.79,7.78924,-4.04088,3.90987,-0.53771,0.23427,-0.40852,70.34493,24.64192,-66.17948
36.077178,-79.00904,7,0.36,138.4,8.11,5024803,8.11,8.10509,-4.68993,4.41536,-0.66264,0.05559,-0.20082,70.5057,22.55189,-68.05028
36.077175,-79.009033,7,1.1,138.4,7.58,5025603,7.58,7.57747,-4.78923,4.78325,-0.56108,0.32559,0.06322,76.95118,14.01637,-63.54867
36.077175,-79.009033,7,1.1,138.4,7.52,5025803,7.52,7.51586,-3.74297,3.69392,-0.46319,0.33414,0.00504,79.40661,9.50015,-61.66326
36.077166,-79.00903,7,1.51,138.4,7.91,5026603,7.91,7.90768,-2.91027,3.57368,-0.22571,-0.10782,-0.75579,83.58667,3.85852,-53.52236
36.077166,-79.00903,7,1.51,138.3,7.1,5026803,7.1,7.09532,-4.31486,4.11745,-0.22648,-0.0843,-0.85231,82.89973,11.7071,-56.02163
36.077159,-79.009026,7,1.62,138.3,8.08,5027603,8.08,8.08236,-4.69292,3.64307,0.05712,0.32574,-1.07008,87.81059,11.66326,-44.92838
36.077159,-79.009026,7,1.62,138.2,7.37,5027803,7.37,7.36571,-5.07039,3.79203,-0.8937,-0.24526,0.50427,86.12978,11.48787,-49.3423
36.077147,-79.009016,7,2.31,138.2,7.17,5028603,7.17,7.1683,-3.76092,3.11845,-0.50167,-0.03558,-0.82345,88.54137,18.09412,-32.94358
36.077147,-79.009016,7,2.31,138.6,9.31,5028803,9.31,9.31406,-6.75972,6.18365,-2.09679,-0.80176,1.8694,87.60596,14.08945,-43.68606
36.077142,-79.009007,7,2.29,138.6,6.9,5029603,6.9,6.8997,-3.65145,3.8004,-0.61484,1.86742,1.12644,86.45132,25.35808,-27.06811
36.077142,-79.009007,7,2.29,138.3,9.17,5029803,9.17,9.17468,-4.82872,3.96431,-1.14827,-0.54611,-0.27749,85.61824,24.07191,-22.80035
36.077134,-79.009001,7,2.43,138.3,6.63,5030603,6.63,6.6335,-4.04686,0.91346,-1.13911,-0.58994,-0.19471,75.69424,40.23677,-20.57878
36.077134,-79.009001,7,2.43,138.1,8.28,5030803,8.28,8.27677,-3.97268,7.01815,-1.43553,-0.70265,0.23075,78.32505,38.30751,-44.2853
36.077125,-79.008988,7,2.7,138.1,7.79,5031603,7.79,7.78924,-3.09332,4.86939,-1.17072,-0.13897,0.34987,71.57264,43.55452,-49.42999
36.077125,-79.008988,7,2.7,138.5,8.34,5031803,8.34,8.336,-3.88774,3.93201,0.22373,0.94577,-1.33825,69.23415,46.65303,-46.76995
36.07712,-79.008982,7,2.36,138.5,5.59,5032603,5.59,5.58604,-4.20598,3.52223,-0.46655,1.18111,0.71089,64.10406,43.8176,-59.31014
36.07712,-79.008982,7,2.36,138.3,11.65,5032803,11.65,11.64946,-2.88395,3.29791,-0.54092,-0.40332,-0.80955,72.87343,37.89827,-56.4601
36.077115,-79.008986,7,1.43,138.3,6.12,5033603,6.12,6.12383,-3.79143,3.54437,-0.70433,0.67317,0.72464,65.22946,38.00058,-63.91406
36.077115,-79.008986,7,1.43,138.2,7.77,5033803,7.77,7.7683,-3.48335,3.14477,-0.08858,1.0852,0.21212,73.23882,28.54429,-63.06636
36.077106,-79.00898,7,1.99,138.2,9.05,5034603,9.05,9.04965,-3.44208,2.98923,-0.7419,-0.509,0.44746,75.32885,18.57644,-64.82023
36.077106,-79.00898,7,1.99,138.3,7.3,5034803,7.3,7.29512,-3.56291,4.22572,0.39737,0.00672,-1.79564,70.5057,22.59573,-67.94797
36.077101,-79.00898,7,1.58,138.3,8.58,5035603,8.58,8.58485,-4.64507,3.82194,-0.16386,-0.67806,-1.41064,71.42648,21.54341,-68.13797
36.077101,-79.00898,7,1.58,138.2,6.11,5035803,6.11,6.10768,-5.14576,4.58046,0.09087,1.28098,0.01649,68.48875,24.45191,-69.19029
36.077098,-79.008977,7,1.39,138.2,6.91,5036603,6.91,6.91227,-5.4999,5.45145,-0.44242,0.56505,0.61774,70.30108,18.76644,-68.75183
36.077098,-79.008977,7,1.39,137.6,6.98,5036803,6.98,6.98166,-2.97189,3.3326,-0.16142,1.00548,0.48717,78.47121,8.56475,-62.23326
36.077093,-79.008973,7,1.36,137.6,8.19,5037603,8.19,8.19123,-5.20858,4.18265,-0.4328,0.47724,-0.01604,82.6805,9.76323,-56.43087
36.077093,-79.008973,7,1.36,137.2,7.51,5037803,7.51,7.51107,-3.9344,3.3679,-0.52122,-0.09392,-0.40546,83.82052,7.98012,-55.247
36.077081,-79.008972,7,1.51,137.2,8.27,5038603,8.27,8.27378,-4.0355,4.27777,-0.49984,0.47021,0.0113,87.50365,4.83777,-46.55072
36.077081,-79.008972,7,1.51,137.6,6.95,5038803,6.95,6.94816,-3.73161,3.34158,-0.37385,-0.0788,-1.00487,88.61444,7.32242,-42.56065
36.077078,-79.008965,7,1.0,137.6,8.09,5039603,8.09,8.09312,-3.74656,3.38704,-0.5594,0.01512,-0.53099,90.45601,8.93014,-31.62818
36.077078,-79.008965,7,1.0,137.4,7.13,5039803,7.13,7.12882,-4.81615,4.19821,-0.57238,-0.02459,-0.59269,88.70213,19.16106,-33.49897
36.077071,-79.008963,7,0.85,137.4,7.55,5040603,7.55,7.54936,-5.25404,4.14736,-0.75106,0.19212,0.06903,84.94592,28.19351,-27.52119
36.077071,-79.008963,7,0.85,137,7.62,5040803,7.62,7.62054,-3.79203,4.08335,-0.63209,0.49908,0.19548,85.63286,26.4981,-28.07659
36.077072,-79.008961,7,0.38,137,8.31,5041603,8.31,8.31386,-4.02234,4.13899,-0.22235,0.16921,-0.686,81.0874,36.05671,-29.04122
36.077072,-79.008961,7,0.38,136.6,7.31,5041803,7.31,7.30828,-4.55833,3.97029,-0.39324,0.16096,-0.26802,77.17042,41.12833,-29.65507
36.07707,-79.008964,7,0.49,136.6,8,5042603,8,8.0028,-4.5009,4.14437,-0.24954,0.5988,0.11652,73.42882,45.11839,-32.62204
36.07707,-79.008964,7,0.49,135.8,8.02,5042803,8.02,8.01596,-4.12403,3.59522,-0.57299,-0.14279,0.146,75.44578,43.3499,-34.33207
36.077066,-79.008966,7,0.77,135.8,8.12,5043603,8.12,8.11825,-3.61496,4.17667,-0.32467,-0.4612,-0.50931,73.86729,43.90529,-41.50833
36.077066,-79.008966,7,0.77,135.3,7.36,5043803,7.36,7.35793,-4.69651,4.82154,0.04475,0.41218,-0.49114,68.45952,48.47998,-42.32681
36.077062,-79.008968,7,0.47,135.3,7.68,5044603,7.68,7.68335,-4.49791,4.52543,-0.09331,0.47449,-0.19685,66.54488,49.19614,-46.03917
36.077062,-79.008968,7,0.47,135.4,5.9,5044803,5.9,5.9001,-9.20339,-2.51187,1.04733,-0.75671,0.10171,67.72874,48.23151,-44.88454
36.077064,-79.008968,7,0.12,135.4,8.18,5045603,8.18,8.17508,-3.75075,3.21595,0.10629,-1.5351,0.4696,75.82578,42.09296,-30.12277
36.077064,-79.008968,7,0.12,135.5,7.42,5045803,7.42,7.42014,-3.91944,4.69472,0.70158,-0.63667,-0.10476,76.42502,41.68372,-36.27594
36.077062,-79.008965,7,0.25,135.5,7.58,5046603,7.58,7.58286,-4.47039,4.20359,0.45418,-0.43509,-0.03833,81.77434,34.65361,-29.47968
36.077062,-79.008965,7,0.25,135.2,7.73,5046803,7.73,7.73061,-4.56251,4.15035,0.19868,-0.12905,0.582,83.73283,31.23356,-28.45659
36.077063,-79.008966,7,0.24,135.2,7.89,5047603,7.89,7.89273,-4.19821,4.00738,0.24771,-0.05498,0.2167,87.15288,22.94651,-28.58813
36.077063,-79.008966,7,0.24,135.3,8.16,5047803,8.16,8.16012,-3.95055,4.20957,0.20769,-0.23839,-0.02077,88.35136,20.71032,-29.40661
36.077058,-79.008963,7,0.32,135.3,7.5,5048603,7.5,7.4997,-4.27837,4.01157,0.03085,0.08537,0.10293,88.40982,20.00877,-32.27127
36.077058,-79.008963,7,0.32,136,7.84,5048803,7.84,7.84188,-4.1324,4.1019,-0.10675,-0.0142,0.19991,88.39521,18.29874,-30.7074
36.077052,-79.008964,7,0.59,136,7.91,5049603,7.91,7.90828,-4.08874,3.99781,-0.28008,-0.12477,0.04902,88.33674,18.94183,-29.55276
36.077052,-79.008964,7,0.59,136,7.69,5049803,7.69,7.69412,-4.01815,4.5356,0.0785,0.29688,-0.34911,87.97135,20.08185,-30.67817
36.07705,-79.008961,7,0.14,136,7.71,5050603,7.71,7.70908,-4.27478,4.21496,-0.23747,0.05971,-0.13989,87.24057,24.4373,-29.12891
36.07705,-79.008961,7,0.14,135.9,7.69,5050803,7.69,7.69113,-4.1677,4.18923,-0.17165,0.29673,0.02153,86.27594,25.13885,-28.03274
36.077049,-79.008965,7,0.35,135.9,7.97,5051603,7.97,7.96571,-4.18744,3.87278,-0.19823,0.11881,-0.15363,84.85823,28.51505,-27.37504
36.077049,-79.008965,7,0.35,135.5,7.82,5051803,7.82,7.82393,-4.25564,3.9685,-0.22434,0.13561,-0.08109,84.28822,29.46507,-26.17656
36.077048,-79.008969,7,0.59,135.5,7.56,5052603,7.56,7.55833,-4.16052,4.09891,-0.18097,0.19395,-0.10385,82.28588,33.4259,-28.51505
36.077048,-79.008969,7,0.59,135.6,8.27,5052803,8.27,8.2684,-4.36929,3.80878,-0.31536,-0.04001,-0.05513,81.67203,34.88746,-27.75504
36.077045,-79.008971,7,0.56,135.6,7.94,5053603,7.94,7.93819,-4.18026,4.05105,-0.2364,0.11011,-0.19639,78.88045,38.32213,-29.74277
36.077045,-79.008971,7,0.56,135.6,7.86,5053803,7.86,7.86281,-4.40578,4.12164,-0.20937,0.16295,-0.20479,77.93044,40.10523,-30.73663
36.077041,-79.008973,7,0.48,135.6,7.6,5054603,7.6,7.60319,-4.35913,4.03908,-0.19059,0.40836,-0.09071,74.39345,44.22683,-33.64513
36.077041,-79.008973,7,0.48,135.5,8.32,5054803,8.32,8.31566,-4.35972,3.80758,-0.45876,0.02382,0.08109,75.48962,43.49606,-34.05437
36.077037,-79.008976,7,0.91,135.5,7.84,5055603,7.84,7.84367,-4.21017,4.17847,-0.38744,-0.16509,-0.24603,71.38264,46.43379,-42.07834
36.077037,-79.008976,7,0.91,134.8,7.57,5055803,7.57,7.5685,-4.14796,4.40698,-0.17486,0.37675,-0.15852,70.19878,47.44227,-43.87606
36.077035,-79.008978,7,0.59,134.8,8.75,5056603,8.75,8.74816,-3.9021,4.00738,-0.15806,0.28527,0.52046,72.87343,43.83221,-44.44607
36.077035,-79.008978,7,0.59,134.6,7.53,5056803,7.53,7.52782,-3.64367,3.49292,0.30604,-0.13485,-0.97112,72.94651,44.57761,-43.18913
36.077032,-79.008981,7,0.71,134.6,7.12,5057603,7.12,7.12283,-2.46281,3.61197,-1.01969,-0.97983,-0.74938,71.20725,41.0114,-55.11546
36.077032,-79.008981,7,0.71,134.6,8,5057803,8,7.99681,-4.59183,5.44547,-0.04123,1.17362,-1.0287,64.33791,46.79918,-55.17393
36.077026,-79.008985,7,1.19,134.6,9.15,5058603,9.15,9.15075,-3.90329,1.46321,2.0774,0.22556,0.50412,81.58434,29.2166,-17.52412
36.077026,-79.008985,7,1.19,134.8,9,5058803,9,9.00359,-4.05404,3.08016,1.03099,-2.33946,-0.04872,85.6767,24.04268,-23.98421
36.077021,-79.008988,7,1.52,134.8,7.62,5059603,7.62,7.61695,-4.14736,4.29452,1.16385,-1.01511,0.56933,87.13827,5.3347,-47.61766
36.077021,-79.008988,7,1.52,134.5,-13.02,5059803,-13.02,-13.02413,-6.09392,10.2347,2.3865,-0.27168,-1.17836,84.91669,4.76469,-53.30313
36.077017,-79.008993,7,1.36,134.5,8.3,5060603,8.3,8.29891,-3.96431,3.18365,0.33704,-0.40302,0.92928,74.13037,20.02338,-65.88716
36.077017,-79.008993,7,1.36,134.7,7.85,5060803,7.85,7.84666,-2.97368,4.70848,0.32941,-1.20707,0.13714,69.99415,19.67261,-69.62876
36.077013,-79.008996,7,0.79,134.7,5.75,5061603,5.75,5.74636,-3.35414,6.10409,0.74449,-0.19914,0.58979,57.48319,30.48816,-73.28266
36.077013,-79.008996,7,0.79,135.7,6.31,5061803,6.31,6.31227,-4.91426,5.67039,0.35766,-0.27672,0.16493,56.8401,36.05671,-71.13417
36.077016,-79.008999,7,0.31,135.7,5.79,5062603,5.79,5.79003,-6.47318,4.9011,-0.01955,0.01038,-0.01772,53.23005,42.56065,-67.75797
36.077016,-79.008999,7,0.31,136.6,5.81,5062803,5.81,5.80798,-6.30868,4.98784,-0.00947,0.02046,-0.02352,53.53698,42.39988,-68.13797
36.077016,-79.009003,7,0.28,136.6,5.83,5063603,5.83,5.83131,-6.43909,4.94297,-0.01802,0.01542,-0.01008,53.30313,42.54604,-68.53259
36.077016,-79.009003,6,0.28,137.6,5.8,5063803,5.8,5.79542,-6.42293,4.93998,-0.01741,0.0142,-0.01069,53.43467,42.57527,-67.65565
36.077014,-79.009006,6,0.13,137.6,5.79,5064603,5.79,5.78525,-6.42293,4.91546,-0.02581,0.01313,-0.00641,53.34697,42.47296,-67.37796
36.077014,-79.009006,6,0.13,138.4,5.78,5064803,5.78,5.77747,-6.42892,4.97528,-0.02337,0.01237,-0.00794,53.30313,42.75066,-67.49489
36.077016,-79.009003,6,0.38,138.4,5.78,5065603,5.78,5.78106,-6.40918,4.9681,-0.02337,0.01359,-0.00947,52.95235,42.77989,-67.91874
36.077016,-79.009003,6,0.38,139.1,5.8,5065803,5.8,5.79542,-6.41217,4.95554,-0.01802,0.01619,-0.01038,53.61006,42.48758,-66.99795
36.077015,-79.009008,6,0.2,139.1,5.77,5066603,5.77,5.7691,-6.39721,4.92144,-0.0223,0.01481,-0.00122,53.17159,42.6045,-67.72874
36.077015,-79.009008,6,0.2,139.7,5.79,5066803,5.79,5.78943,-6.3996,4.91725,-0.02367,0.01497,-0.00305,53.28851,42.56065,-66.83718
36.077015,-79.009012,6,0.08,139.7,5.81,5067603,5.81,5.80977,-6.42652,4.91067,-0.02749,0.01466,-0.00764,53.39082,42.8822,-67.72874
36.077015,-79.009012,6,0.08,140.3,5.79,5067803,5.79,5.79362,-6.39183,4.95613,-0.02321,0.0197,-0.01176,53.17159,42.47296,-67.45103
36.077022,-79.009027,6,1.05,140.3,5.81,5068603,5.81,5.80618,-6.39183,4.91426,-0.01649,0.01344,-0.01573,53.52236,42.45835,-68.22566
36.077022,-79.009027,6,1.05,140.9,5.81,5068803,5.81,5.80858,-6.38884,4.92204,-0.01924,0.01206,-0.01145,53.34697,42.50219,-67.78719
36.077023,-79.009025,6,0.45,140.9,5.77,5069603,5.77,5.77388,-6.41097,4.88375,-0.02138,0.01145,-0.01008,53.43467,43.02835,-67.10027
36.077023,-79.009025,7,0.45,141.9,5.81,5069803,5.81,5.81276,-6.37807,4.94836,-0.0197,0.01268,-0.02092,53.43467,42.73604,-67.17335
36.077024,-79.009024,7,0.61,141.9,5.83,5070603,5.83,5.82951,-6.42114,4.91605,-0.0197,0.01268,-0.01038,53.99006,42.82373,-68.34259
36.077024,-79.009024,7,0.61,143,5.81,5070803,5.81,5.80798,-6.40439,4.90469,-0.01955,0.01481,-0.00764,53.87313,42.58989,-68.34259
36.077026,-79.009041,7,0.62,143,5.8,5071603,5.8,5.79601,-6.42293,4.94357,-0.01405,0.01772,-0.0139,53.59544,42.57527,-68.15259
36.077026,-79.009041,7,0.62,144.1,5.83,5071803,5.83,5.8337,-6.39661,4.90648,-0.01939,0.01145,-0.00779,53.23005,42.6045,-67.99181
36.077019,-79.009042,7,0.25,144.1,5.84,5072603,5.84,5.83849,-6.39063,4.92921,-0.0142,0.0168,-0.00916,53.42006,42.39988,-66.35487
36.077019,-79.009042,7,0.25,144.8,5.79,5072803,5.79,5.78704,-6.4008,4.92503,-0.01939,0.01313,-0.00901,53.62467,42.56065,-67.78719
36.077016,-79.009036,7,0.56,144.8,5.83,5073603,5.83,5.82892,-6.38525,4.9005,-0.03314,0.0171,-0.0055,53.62467,42.29757,-68.24028
36.077016,-79.009036,6,0.56,145.9,5.78,5073803,5.78,5.78226,-6.39243,4.99801,-0.01588,0.01802,-0.00779,53.68313,42.6045,-66.64718
36.07702,-79.009029,6,0.82,145.9,5.82,5074603,5.82,5.82293,-6.39362,4.92323,-0.0197,0.011,-0.01206,53.7416,42.63373,-67.12949
36.07702,-79.009029,6,0.82,146.8,5.82,5074803,5.82,5.81815,-6.37328,4.95195,-0.01817,0.01466,-0.01405,53.34697,42.15142,-67.84566
36.077023,-79.009028,6,0.77,146.8,5.83,5075603,5.83,5.82533,-6.37568,4.9352,-0.02321,0.01298,-0.00764,53.72698,42.15142,-68.03566
36.077023,-79.009028,6,0.77,147.7,5.8,5075803,5.8,5.79601,-6.36371,4.90888,-0.02474,0.02581,-0.01008,53.61006,41.91757,-68.07951
36.077027,-79.009028,6,0.53,147.7,5.83,5076603,5.83,5.82772,-6.38106,4.91486,-0.01772,0.01436,-0.00504,54.2093,42.45835,-66.96872
36.077027,-79.009028,6,0.53,148.6,5.86,5076803,5.86,5.85524,-6.36132,4.90469,-0.02382,0.01466,-0.01023,54.2093,42.72143,-67.29027
36.077027,-79.009025,6,0.3,148.6,5.72,5077603,5.72,5.71885,-6.24945,4.86042,-0.13546,0.19563,0.19349,54.867,41.74218,-67.48026
36.077027,-79.009025,6,0.3,148.9,6.06,5077803,6.06,6.06102,-6.1352,4.86341,-0.03054,-0.0029,-0.00061,55.7147,41.12833,-67.43642
36.077023,-79.009028,6,0.13,148.9,6.09,5078603,6.09,6.08914,-6.13699,4.87418,-0.02382,0.01268,-0.0087,55.39316,41.2014,-67.42181
36.077023,-79.009028,6,0.13,149.3,6.1,5078803,6.1,6.10349,-6.18006,4.84247,-0.02214,0.01833,-0.00993,55.27623,40.98217,-66.12102
36.07702,-79.009031,6,0.36,149.3,6.1,5079603,6.1,6.09512,-6.11606,4.78983,0.06353,0.01405,-0.06384,55.32008,41.71295,-67.18796
36.07702,-79.009031,6,0.36,149.5,5.63,5079803,5.63,5.6327,-7.05763,4.19821,0.45494,0.14798,-0.64034,53.06927,45.19146,-64.87869
36.077012,-79.009035,6,0.49,149.5,6.4,5080603,6.4,6.40319,-5.83669,4.85564,-1.08612,1.02778,-0.84926,59.90939,38.30751,-68.79568
36.077012,-79.009035,6,0.49,149.6,7.1,5080803,7.1,7.1019,-4.36511,5.11765,-2.85503,1.6979,-0.22541,69.26337,24.27653,-69.55569
36.077006,-79.009017,6,0.85,149.6,9.75,5081603,9.75,9.75374,-5.31326,4.28495,-0.90378,-1.61421,-2.19102,84.31745,21.73341,-50.0877
36.077006,-79.009017,7,0.85,149.3,11.92,5081803,11.92,11.92344,-1.81436,3.79023,-4.72138,5.00344,-4.33882,81.20432,31.46741,-35.34055
36.076998,-79.00901,7,1.38,149.3,8.08,5082603,8.08,8.08475,-4.133,3.09153,-1.69515,1.44546,0.06689,81.40895,14.7033,-58.02397
36.076998,-79.00901,7,1.38,149.1,9.04,5082803,9.04,9.04008,-3.81117,2.47538,-0.56627,-1.11727,-1.00884,84.50745,15.85794,-53.43467
36.076991,-79.009011,7,0.79,149.1,7.37,5083603,7.37,7.3663,-3.3015,5.03988,2.14261,1.47157,-1.27869,68.31336,14.67407,-69.77492
36.076991,-79.009011,7,0.79,149,8.27,5083803,8.27,8.27378,-5.30848,2.38864,0.65699,0.04902,0.30971,74.42268,30.00585,-60.81555
36.076984,-79.009017,7,0.85,149,8.43,5084603,8.43,8.42752,-3.77348,3.48275,0.19181,-0.26374,0.38286,70.76878,31.48202,-63.89944
36.076984,-79.009017,7,0.85,148.9,7.73,5084803,7.73,7.72822,-3.7657,4.58345,0.17593,-0.71593,-0.13149,66.51564,32.2128,-67.48026
36.076977,-79.009022,7,1.1,148.9,7.44,5085603,7.44,7.44347,-4.17009,4.13958,0.28421,0.031,0.00244,65.33177,39.34522,-62.40865
36.076977,-79.009022,7,1.1,148.5,8.29,5085803,8.29,8.28515,-3.92782,3.78425,0.16524,0.11423,0.39324,68.94183,38.99445,-59.42707
36.076978,-79.009021,7,0.54,148.5,6.4,5086603,6.4,6.402,-5.10868,3.75733,-0.77748,1.32344,-1.25624,62.18942,45.46916,-58.60859
36.076978,-79.009021,7,0.54,148,7.23,5086803,7.23,7.23111,-3.55693,3.24586,-1.40652,2.16582,-0.35659,70.9734,34.31745,-62.01403
36.076978,-79.009007,7,0.13,148,6.56,5087603,6.56,6.56351,-5.15593,3.30509,-1.02381,1.51098,-1.38605,85.91055,16.79334,-50.33616
36.076978,-79.009007,7,0.13,147.5,8.54,5087803,8.54,8.54357,-4.55893,4.1324,-2.0887,0.61453,0.61071,89.30137,8.76937,-40.67524
36.076977,-79.009002,7,0.23,147.5,7.26,5088603,7.26,7.26341,-4.45783,4.61276,0.60781,-0.30116,0.40561,89.25752,12.71558,-41.52295
36.076977,-79.009002,7,0.23,147.2,7.9,5088803,7.9,7.89811,-4.733,4.22692,1.01953,-0.5058,0.19624,88.39521,10.75709,-44.27068
36.076974,-79.008994,7,0.15,147.2,7.22,5089603,7.22,7.21855,-4.88674,4.68335,-0.0223,0.01497,-0.0055,87.19672,10.36247,-48.4069
36.076974,-79.008994,7,0.15,147.3,7.24,5089803,7.24,7.23948,-4.90529,4.65524,-0.02138,0.01344,-0.0168,87.25519,10.45016,-48.18766
36.076976,-79.008987,7,0.06,147.3,7.31,5090603,7.31,7.30708,-5.1015,4.73001,-0.02902,0.23854,0.27886,86.67056,10.12862,-48.49459
36.076976,-79.008987,7,0.06,146.9,7.4,5090803,7.4,7.40399,-4.56251,4.47637,-0.00657,0.01756,-0.08583,87.0798,8.36013,-49.09383
36.076973,-79.008981,7,0.07,146.9,7.3,5091603,7.3,7.3005,-4.6337,4.65284,0.02627,0.17761,0.08781,86.84595,9.55861,-48.85999
36.076973,-79.008981,7,0.07,147.5,7.72,5091803,7.72,7.71625,-4.50449,4.54876,-0.03818,0.04032,0.0423,87.62058,7.29319,-47.50073
36.076973,-79.008972,7,0.21,147.5,7.51,5092603,7.51,7.50928,-4.535,4.57268,-0.02184,-0.01313,-0.00122,87.43058,8.34551,-47.32534
36.076973,-79.008972,7,0.21,147.5,7.41,5092803,7.41,7.41177,-4.56251,4.47518,-0.03222,0.00458,0.03039,87.44519,9.07629,-47.80766
36.076969,-79.008966,7,0.09,147.5,7.62,5093603,7.62,7.61815,-4.64148,4.44228,-0.01817,-0.04261,-0.06811,87.32827,8.95937,-48.02689
36.076969,-79.008966,7,0.09,148.2,7.01,5093803,7.01,7.00977,-4.70309,4.66481,-0.03024,-0.07544,-0.08216,87.13827,9.76323,-49.97077
36.076969,-79.008961,7,0.08,148.2,7.26,5094603,7.26,7.25863,-4.66242,4.68275,-0.01756,-0.06552,-0.0785,87.32827,9.51476,-49.03537
36.076969,-79.008961,7,0.08,148.7,7.37,5094803,7.37,7.3687,-4.61516,4.70967,-0.01268,0.09316,0.02856,86.81672,9.25168,-48.37767
36.076967,-79.008957,7,0.17,148.7,7.57,5095603,7.57,7.56551,-4.52902,4.39621,-0.03772,0.02718,0.02031,87.37212,7.46858,-48.55305
36.076967,-79.008957,7,0.17,149.2,7.51,5095803,7.51,7.51047,-4.68933,4.49432,-0.09942,-0.19685,-0.18524,87.34288,8.44782,-48.90383
36.076968,-79.008954,7,0.12,149.2,6.89,5096603,6.89,6.89133,-4.63908,4.46321,-0.13806,0.11866,0.00611,87.18211,9.35399,-49.59076
36.076968,-79.008954,7,0.12,149.1,7.65,5096803,7.65,7.65344,-4.54337,4.41236,-0.00092,0.02856,0.01924,88.00058,7.87781,-47.13534
36.076965,-79.008952,7,0.2,149.1,7.58,5097603,7.58,7.58166,-4.54636,4.43749,0.08079,0.24251,0.17318,87.12365,8.55013,-47.6615
36.076965,-79.008952,7,0.2,149.6,7.49,5097803,7.49,7.49432,-4.5332,4.43749,-0.06307,-0.10873,-0.1825,88.08828,8.75475,-47.58842
36.076964,-79.008949,7,0.13,149.6,7.51,5098603,7.51,7.51107,-4.64746,4.61336,-0.07697,0.05024,-0.02795,87.22595,8.37474,-47.98305
36.076964,-79.008949,7,0.13,149.9,7.25,5098803,7.25,7.25444,-4.64806,4.60439,-0.09209,-0.06139,-0.12171,86.99211,9.22245,-48.64075
36.076964,-79.008949,7,0.18,149.9,7.37,5099603,7.37,7.3675,-4.59601,4.76112,-0.00794,0.13439,0.08491,88.14674,9.14937,-47.6615
36.076964,-79.008949,7,0.18,149.8,7.55,5099803,7.55,7.54696,-4.61217,4.52483,-0.01817,-0.0197,-0.02016,87.9129,8.62321,-47.39842
36.076963,-79.00895,7,0.16,149.8,7.36,5100603,7.36,7.36272,-4.5685,4.58644,-0.02046,0.00993,-0.0168,87.62058,9.06168,-47.44227
36.076963,-79.00895,7,0.16,149.8,7.46,5100803,7.46,7.45544,-4.57508,4.49671,0.10599,0.06384,0.05253,87.85442,9.16399,-46.98919
36.076965,-79.008949,7,0.09,149.8,7.42,5101603,7.42,7.42433,-4.58106,4.58704,-0.13851,-0.0307,-0.03742,87.60596,9.1786,-47.07688
36.076965,-79.008949,7,0.09,150.2,7.31,5101803,7.31,7.31247,-4.59422,4.64686,-0.02932,-0.06597,-0.0675,87.8252,9.93861,-46.98919
36.076964,-79.008948,7,0.05,150.2,7.49,5102603,7.49,7.49372,-4.52423,4.48056,0.0391,0.05605,0.01756,88.48289,8.82783,-46.2584
36.076964,-79.008948,7,0.05,150.7,7.6,5102803,7.6,7.60319,-4.55593,4.22752,0.10278,0.04872,0.06918,88.83367,9.03245,-45.10377
36.076964,-79.008948,7,0.14,150.7,7.37,5103603,7.37,7.37169,-4.51705,4.58943,-0.03299,0.0336,-0.00367,88.51213,9.61707,-46.41918
36.076964,-79.008948,7,0.14,150.6,7.41,5103803,7.41,7.40938,-4.51227,4.65284,-0.02398,-0.00855,-0.02764,88.1029,9.58784,-46.84303
36.076966,-79.008948,7,0.2,150.6,7.02,5104603,7.02,7.01875,-4.41715,4.82692,-0.08873,0.1153,0.01054,87.85442,10.66939,-48.97691
36.076966,-79.008948,7,0.2,150.4,7.56,5104803,7.56,7.55893,-4.62054,4.44886,0.09285,0.04765,0.03039,88.71675,9.04706,-46.37533
36.076968,-79.008949,7,0.03,150.4,7.5,5105603,7.5,7.5027,-4.54457,4.38664,-0.1124,-0.0478,-0.04627,88.40982,9.35399,-44.35838
36.076968,-79.008949,7,0.03,150.2,7.55,5105803,7.55,7.54756,-4.56012,4.50389,-0.00794,0.00137,-0.01756,88.23444,8.88629,-46.02456
36.076971,-79.00895,7,0.1,150.2,7.68,5106603,7.68,7.67677,-4.59781,4.25025,0.07483,-0.01848,0.00565,88.08828,9.04706,-44.84069
36.076971,-79.00895,7,0.1,149.9,7.57,5106803,7.57,7.5667,-4.60798,4.45065,-0.19578,-0.10431,-0.10003,88.24905,9.57322,-45.43993
36.076971,-79.008952,7,0.02,149.9,7.39,5107603,7.39,7.38963,-4.54098,4.72343,-0.05666,-0.05681,-0.04826,88.00058,9.71938,-45.90763
36.076971,-79.008952,7,0.02,149.7,7.34,5107803,7.34,7.34238,-4.57926,4.78325,-0.03039,0.02367,0.00229,87.62058,9.90938,-46.30225
36.076972,-79.008952,7,0.06,149.7,7.58,5108603,7.58,7.57927,-4.61516,4.41835,-0.08873,-0.13225,-0.06704,88.26366,8.90091,-45.07454
36.076972,-79.008952,7,0.06,149.3,7.21,5108803,7.21,7.21197,-4.40578,4.86281,0.073,0.12569,0.02184,87.83981,10.04092,-45.77609
36.076973,-79.008953,7,0.24,149.3,7.29,5109603,7.29,7.29273,-4.58166,4.76531,-0.02062,0.03283,-0.00122,87.66443,9.99708,-47.07688
36.076973,-79.008953,7,0.24,149.6,7.35,5109803,7.35,7.35135,-4.52602,4.7019,0.06674,0.14554,0.07239,87.62058,9.924,-46.12686
36.076974,-79.008954,7,0.09,149.6,7.25,5110603,7.25,7.24666,-4.55414,4.8,0.02184,0.08995,0.04902,87.66443,9.99708,-46.8138
36.076974,-79.008954,7,0.09,149.6,7.52,5110803,7.52,7.52423,-4.59721,4.55294,0.07223,0.08598,0.05391,88.36597,9.20783,-46.11225
36.076975,-79.008955,7,0.12,149.6,7.39,5111603,7.39,7.39023,-4.48834,4.52782,-0.02367,-0.02825,-0.0307,88.21982,9.57322,-44.86992
36.076975,-79.008955,7,0.12,150.5,7.38,5111803,7.38,7.38305,-4.52722,4.6666,-0.0533,-0.0113,-0.04169,87.94212,9.63169,-46.0684
36.076976,-79.008955,7,0.08,150.5,7.36,5112603,7.36,7.35793,-4.52782,4.60319,0.21502,0.35675,0.23198,87.81059,9.77784,-45.32301
36.076976,-79.008955,7,0.08,151,7.62,5112803,7.62,7.61875,-4.56371,4.20778,0.0307,-0.08842,-0.03543,88.02982,9.28091,-44.50453
36.076977,-79.008955,7,0.13,151,7.38,5113603,7.38,7.37707,-4.50868,4.67498,-0.04154,-0.00672,-0.03421,88.32213,9.76323,-47.44227
36.076977,-79.008955,7,0.13,151.5,7.43,5113803,7.43,7.42553,-4.54517,4.63669,-0.02993,-0.01939,-0.02886,87.98597,9.82169,-45.74686
36.076977,-79.008955,7,0.1,151.5,7.49,5114603,7.49,7.49253,-4.53978,4.57807,0.16616,0.26832,0.16081,88.2929,9.95323,-45.71763
36.076977,-79.008955,7,0.1,152.4,7.62,5114803,7.62,7.61755,-4.57747,4.19761,0.10308,-0.09499,0,88.40982,9.32476,-44.84069
36.076977,-79.008954,7,0.03,152.4,7.37,5115603,7.37,7.37169,-4.63669,4.51286,-0.2416,-0.2474,-0.1689,87.72289,10.26016,-45.36685
36.076977,-79.008954,7,0.03,153.2,7.1,5115803,7.1,7.09711,-4.56072,4.80419,-0.01817,0.05605,0.02001,87.64981,10.65478,-47.09149
36.076978,-79.008955,7,0.06,153.2,7.47,5116603,7.47,7.47039,-4.61217,4.62174,-0.0139,-0.00565,-0.01619,87.72289,9.63169,-45.83455
36.076978,-79.008955,7,0.06,153.6,7.23,5116803,7.23,7.2329,-4.54457,4.81376,-0.04078,0.0055,-0.02413,87.64981,9.52938,-46.56533
36.076978,-79.008953,7,0.07,153.6,7.74,5117603,7.74,7.73659,-4.61157,4.1348,0.13179,-0.09759,-0.01069,88.24905,9.13476,-44.67992
36.076978,-79.008953,7,0.07,154.5,7.54,5117803,7.54,7.54098,-4.45603,4.39083,-0.14248,0.11194,-0.00687,87.7375,9.09091,-45.57147
36.076979,-79.00895,7,0.1,154.5,7.44,5118603,7.44,7.43809,-4.54337,4.48774,0.00473,-0.04154,-0.00412,88.35136,9.924,-45.65916
36.076979,-79.00895,7,0.1,155.8,7.39,5118803,7.39,7.39382,-4.42134,4.67378,-0.04475,0.05116,-0.00244,87.81059,9.41245,-45.24993
36.076981,-79.008948,7,0.07,155.8,7.3,5119603,7.3,7.30409,-4.4991,4.67558,0.13302,0.26267,0.17455,87.28442,9.8363,-44.86992
36.076981,-79.008948,7,0.07,156.9,7.58,5119803,7.58,7.58106,-4.54816,4.35314,0.02062,-0.01145,-0.011,88.1029,9.07629,-45.35223
36.07698,-79.008946,7,0.06,156.9,7.41,5120603,7.41,7.41237,-3.5336,4.90588,-0.26328,0.0168,-0.13408,88.05905,9.52938,-46.47764
36.07698,-79.008946,7,0.06,157.7,7.44,5120803,7.44,7.44228,-4.50868,4.56251,0.07941,0.15195,0.06307,87.95674,9.19322,-44.97223
36.076979,-79.008945,7,0.07,157.7,7.45,5121603,7.45,7.44587,-4.61516,4.65105,-0.00611,0.04383,0.01222,87.95674,9.85092,-45.64455
36.076979,-79.008945,7,0.07,158.6,7.37,5121803,7.37,7.37169,-4.56909,4.77727,-0.04383,-0.01817,-0.04307,88.08828,9.51476,-45.51301
36.07698,-79.008941,7,0.1,158.6,7.29,5122603,7.29,7.28734,-4.5009,4.68216,0.12614,0.25672,0.13867,88.27828,10.31862,-45.92225
36.07698,-79.008941,7,0.1,159.2,7.72,5122803,7.72,7.72164,-4.66182,4.32084,-0.11897,-0.16539,-0.09209,88.30751,9.16399,-44.60684
36.076982,-79.008937,7,0.12,159.2,7.42,5123603,7.42,7.41955,-4.60499,4.65464,0.06628,0.13042,0.05834,88.23444,10.09939,-44.8553
36.076982,-79.008937,7,0.12,159.2,7.33,5123803,7.33,7.32503,-4.5685,4.64567,-0.09117,-0.07712,-0.07972,88.40982,10.04092,-44.81146
36.076983,-79.008934,7,0.12,159.2,7.25,5124603,7.25,7.24906,-4.6349,4.75454,-0.06307,-0.07437,-0.08567,88.07366,10.37708,-46.22917
36.076983,-79.008934,7,0.12,159.5,7.27,5124803,7.27,7.26999,-4.63669,4.84307,-0.00886,0.05223,0.01772,88.0152,10.33324,-46.40456
36.076985,-79.008932,7,0.08,159.5,7.17,5125603,7.17,7.17368,-4.54696,4.74377,-0.05269,-0.04444,-0.0478,88.0152,10.65478,-46.19994
36.076985,-79.008932,7,0.08,158.9,7.61,5125803,7.61,7.61336,-4.60379,4.52184,0.08766,0.20953,0.07315,88.52674,10.07016,-44.2853
36.076986,-79.008931,7,0.07,158.9,7.5,5126603,7.5,7.5009,-4.64806,4.48176,-0.06582,-0.08079,-0.08552,88.58521,9.57322,-43.37913
36.076986,-79.008931,7,0.07,158.5,7.56,5126803,7.56,7.55773,-4.65284,4.32144,0.01008,0.04688,0.01741,88.7606,10.04092,-43.59836
36.076987,-79.008931,7,0.08,158.5,7.11,5127603,7.11,7.11267,-4.61336,4.62293,-0.06154,-0.03619,-0.04887,88.39521,10.80094,-44.56299
36.076987,-79.008931,7,0.08,158.2,7.95,5127803,7.95,7.95314,-4.72283,4.25803,0.07575,-0.02978,0.17287,88.57059,9.50015,-42.53143
36.076986,-79.008931,7,0.09,158.2,7.44,5128603,7.44,7.44407,-4.72403,4.35554,-0.04994,-0.03589,-0.06292,88.24905,10.18708,-43.91991
36.076986,-79.008931,7,0.09,158.2,7.34,5128803,7.34,7.33939,-4.61576,4.75274,-0.07468,-0.06124,-0.07926,88.02982,10.65478,-41.52295
36.076988,-79.008929,7,0.09,158.2,7.39,5129603,7.39,7.38963,-4.56909,4.43809,0.01894,0.04566,0.03054,88.64367,10.56709,-44.50453
36.076988,-79.008929,7,0.09,158.7,7.36,5129803,7.36,7.35733,-4.56192,4.54218,-0.08796,-0.0536,-0.10079,88.08828,10.07016,-44.8553
36.076988,-79.008929,7,0.09,158.7,7.58,5130603,7.58,7.58405,-4.74078,4.29571,-0.09423,-0.06109,-0.0846,88.42444,9.80707,-43.83221
36.076988,-79.008929,7,0.09,158.9,7.14,5130803,7.14,7.13659,-4.55952,4.69651,-0.03482,-0.00809,-0.02963,88.05905,10.74247,-44.59222
36.076988,-79.008929,7,0.08,158.9,7.68,5131603,7.68,7.67797,-4.79103,4.33101,-0.04032,-0.01512,-0.00535,88.36597,10.08477,-43.61298
36.076988,-79.008929,7,0.08,159.1,7.5,5131803,7.5,7.49612,-4.59841,4.48714,0.02611,0.06796,0.0449,88.40982,10.27477,-44.34376
36.076987,-79.008928,7,0.09,159.1,7.71,5132603,7.71,7.70788,-4.66182,4.13121,0.04047,0.03833,0.24969,88.21982,10.02631,-43.49606
36.076987,-79.008928,7,0.09,159,7.56,5132803,7.56,7.56012,-4.64088,4.40758,-0.14798,-0.12996,-0.10889,87.89828,9.69015,-43.27682
36.076986,-79.008927,7,0.2,159,7.07,5133603,7.07,7.06541,-4.68156,4.79342,-0.0339,-0.00397,-0.02123,87.48904,11.59018,-46.40456
36.076986,-79.008927,7,0.2,159.4,7.19,5133803,7.19,7.19462,-4.62174,4.7019,0.01863,0.09316,0.14783,88.05905,10.5817,-45.32301
36.076985,-79.008924,7,0.46,159.4,7.36,5134603,7.36,7.35733,-4.69532,4.5326,-0.03024,-0.00031,-0.02107,87.79597,10.31862,-44.35838
36.076985,-79.008924,7,0.46,159.1,7.4,5134803,7.4,7.4022,-4.70489,4.56969,-0.00626,0.03436,0.00458,88.2052,10.34785,-44.72376
36.076981,-79.008922,7,0.28,159.1,7.08,5135603,7.08,7.08156,-4.65703,4.63669,-0.01237,0.03665,0.00473,87.70827,11.10786,-45.67378
36.076981,-79.008922,7,0.28,159.1,7.44,5135803,7.44,7.44048,-4.73121,4.57807,-0.0391,-0.01283,-0.02107,87.75212,11.28325,-45.49839
36.076979,-79.00892,7,0.15,159.1,7.41,5136603,7.41,7.41057,-4.64626,4.49432,0.00916,0.04979,0.01466,88.21982,10.56709,-44.48991
36.076979,-79.00892,7,0.15,159,7.47,5136803,7.47,7.47159,-4.65583,4.39203,0.00443,0.04215,0.00993,88.26366,10.33324,-43.36451
36.076976,-79.008916,7,0.16,159,7.59,5137603,7.59,7.58944,-3.90269,4.40279,0.06826,0.11729,0.35308,88.21982,10.24554,-44.02221
36.076976,-79.008916,7,0.16,159.4,7.35,5137803,7.35,7.35494,-4.35613,4.38006,-0.13592,-0.06903,-0.12355,88.58521,10.55247,-44.48991
36.076972,-79.008912,7,0.33,159.4,7.52,5138603,7.52,7.51586,-4.72044,4.38305,0.10751,0.11454,0.14829,88.1029,10.17246,-44.09529
36.076972,-79.008912,7,0.33,159.8,7.5,5138803,7.5,7.49671,-4.68036,4.40519,-0.08674,-0.06384,-0.05788,88.32213,9.89477,-44.51915
36.076971,-79.008909,7,0.18,159.8,7.47,5139603,7.47,7.46501,-4.6337,4.42373,0.04032,0.0846,0.03894,88.70213,10.01169,-44.10991
36.076971,-79.008909,7,0.18,160,7.59,5139803,7.59,7.59362,-4.75573,4.40758,-0.11011,-0.09194,-0.07223,88.36597,10.33324,-45.55685
36.076967,-79.008902,7,0.03,160,7.3,5140603,7.3,7.29572,-4.67558,4.60678,0.01542,0.07285,0.03894,88.26366,11.48787,-44.78223
36.076967,-79.008902,7,0.03,160.8,7.59,5140803,7.59,7.58824,-4.66481,4.24487,0.00809,-0.04826,-0.00061,88.71675,10.05554,-44.10991
36.076965,-79.008896,7,0.07,160.8,7.51,5141603,7.51,7.50928,-4.71745,4.39023,0.08094,0.12217,0.06674,88.33674,10.47939,-44.67992
36.076965,-79.008896,7,0.07,161.3,7.48,5141803,7.48,7.48355,-4.68993,4.39322,-0.11164,-0.09041,-0.07468,88.13213,10.24554,-45.24993
36.076962,-79.00889,7,0.07,161.3,7.57,5142603,7.57,7.57029,-4.62473,4.37827,-0.08384,-0.05391,-0.04643,88.62906,9.29553,-44.4753
36.076962,-79.00889,7,0.07,162.1,7.38,5142803,7.38,7.38365,-4.59242,4.46082,0.04688,0.10003,0.01542,88.33674,10.5817,-44.43145
36.076958,-79.008888,7,0.1,162.1,7.35,5143603,7.35,7.34836,-4.67258,4.74796,-0.11973,-0.13088,-0.11515,88.39521,9.96785,-44.79684
36.076958,-79.008888,7,0.1,162.7,7.42,5143803,7.42,7.42194,-4.75454,4.59003,0.10079,0.19135,0.1179,87.70827,9.96785,-44.54838
36.076952,-79.008885,7,0.41,162.7,7.33,5144603,7.33,7.32922,-4.62951,4.53081,-0.0449,-0.01329,-0.03833,87.56211,10.05554,-45.42531
36.076952,-79.008885,7,0.41,162.9,7.44,5144803,7.44,7.4351,-4.67258,4.50389,-0.01665,0.01863,-0.00275,88.17597,10.42093,-44.50453
36.076948,-79.008882,7,0.3,162.9,7.41,5145603,7.41,7.40519,-4.62233,4.49073,-0.0956,-0.07758,-0.13576,88.2929,10.08477,-44.12453
36.076948,-79.008882,7,0.3,163.1,7.44,5145803,7.44,7.44407,-4.59601,4.5338,0.11301,0.18051,0.0869,88.90675,9.88015,-44.08068
36.076944,-79.008881,7,0.33,163.1,7.38,5146603,7.38,7.38006,-4.56012,4.47338,-0.09499,-0.06857,-0.06109,88.46828,10.33324,-43.7299
36.076944,-79.008881,7,0.33,163.2,7.55,5146803,7.55,7.54816,-4.71326,4.41775,-0.0814,-0.05467,-0.04566,88.07366,10.12862,-42.6922
36.076943,-79.008878,7,0.13,163.2,7.63,5147603,7.63,7.62832,-4.7994,4.32443,-0.00641,0.02566,-0.03772,87.92751,10.09939,-44.13914
36.076943,-79.008878,7,0.13,163.3,7.22,5147803,7.22,7.22453,-4.62174,4.57568,-0.02841,0.01206,-0.01313,88.00058,10.72786,-45.58609
36.076945,-79.008875,7,0.54,163.3,7.51,5148603,7.51,7.50987,-4.68275,4.52124,0.062,0.11377,0.06414,87.75212,10.53785,-44.6653
36.076945,-79.008875,7,0.54,163.4,7.34,5148803,7.34,7.34417,-4.64746,4.58166,-0.04765,-0.02352,-0.04429,87.64981,10.80094,-44.67992
36.076948,-79.008872,7,0.9,163.4,7.5,5149603,7.5,7.5003,-4.65942,4.34477,0.13515,0.19441,0.10293,88.21982,10.84478,-43.61298
36.076948,-79.008872,7,0.9,163.5,7.37,5149803,7.37,7.37408,-4.52064,4.54576,-0.13363,-0.1211,-0.18479,87.48904,10.2017,-44.4753
36.076946,-79.008872,7,0.41,163.5,7.23,5150603,7.23,7.22991,-4.64806,4.67558,-0.01466,0.03757,0.00733,87.29903,10.94709,-45.58609
36.076946,-79.008872,7,0.41,163.3,7.57,5150803,7.57,7.56969,-4.76471,4.47398,-0.02413,0.00137,-0.00764,87.78135,10.5817,-44.31453
36.076944,-79.008871,7,0.17,163.3,7.19,5151603,7.19,7.18864,-4.55773,4.55294,-0.03375,0.00901,-0.01833,87.97135,10.55247,-44.57761
36.076944,-79.008871,7,0.17,163.1,7.59,5151803,7.59,7.59422,-4.7019,4.37946,-0.01512,0.02123,-0.0084,88.13213,10.34785,-43.58375
36.076941,-79.008872,7,0.31,163.1,7.36,5152603,7.36,7.36212,-4.6672,4.55773,-0.01481,0.02184,-0.00687,88.1029,10.33324,-44.6653
36.076941,-79.008872,7,0.31,162.8,7.35,5152803,7.35,7.35075,-4.68395,4.61934,-0.04093,-0.00947,-0.02673,88.11751,10.53785,-44.4753
36.076941,-79.008873,7,0.22,162.8,7.02,5153603,7.02,7.01576,-4.65165,4.84068,-0.02978,0.00153,-0.02749,87.8252,11.26863,-45.84917
36.076941,-79.008873,7,0.22,162,7.4,5153803,7.4,7.39801,-4.71924,4.63849,0.02627,0.09056,0.04566,88.00058,11.16633,-44.59222
36.076936,-79.008876,7,0.76,162,7.48,5154603,7.48,7.47877,-4.64208,4.31605,0.05925,0.10537,0.05009,87.83981,9.6463,-44.40222
36.076936,-79.008876,7,0.76,161.3,7.44,5154803,7.44,7.43988,-4.62054,4.53799,-0.17761,-0.17822,-0.12843,87.92751,10.40631,-44.21222
36.076939,-79.008878,7,0.36,161.3,7.02,5155603,7.02,7.02234,-4.68694,4.85264,-0.17501,-0.23656,-0.21289,87.78135,11.44402,-46.28764
36.076939,-79.008878,7,0.36,160.3,6.92,5155803,6.92,6.92004,-4.68694,4.88016,0.1127,0.24923,0.13897,87.50365,11.50249,-46.00994
36.076939,-79.008878,7,0.41,160.3,7.37,5156603,7.37,7.37348,-4.65045,4.58704,-0.02474,0.00382,-0.01069,88.42444,10.3917,-44.73838
36.076939,-79.008878,7,0.41,159.8,7.47,5156803,7.47,7.4668,-4.59601,4.38485,0.08613,0.13958,0.07178,88.80444,10.23093,-43.61298
36.07694,-79.008879,7,0.28,159.8,7.84,5157603,7.84,7.8353,-4.61276,4.1671,-0.0223,-0.00046,-0.03421,88.89214,10.24554,-43.7299
36.07694,-79.008879,7,0.28,159.3,7.09,5157803,7.09,7.08993,-4.65045,4.84068,-0.23137,-0.29887,-0.26282,88.07366,11.02017,-46.27302
36.076939,-79.008881,7,0.39,159.3,7.37,5158603,7.37,7.37229,-4.67797,4.5673,-0.11179,-0.10858,-0.13042,87.62058,9.93861,-44.943
36.076939,-79.008881,7,0.39,158.7,7.16,5158803,7.16,7.16471,-4.69472,4.67139,-0.01863,0.02352,0.00199,87.62058,10.71324,-45.39608
36.076938,-79.00888,7,0.29,158.7,7.5,5159603,7.5,7.5021,-4.70848,4.58226,-0.07544,-0.06903,-0.08476,87.66443,10.37708,-45.00146
36.076938,-79.00888,7,0.29,158,7.09,5159803,7.09,7.08754,-4.61635,4.83829,-0.02596,0.01176,-0.0087,87.51827,10.83017,-45.30839
36.076938,-79.008881,7,0.21,158,7.47,5160603,7.47,7.47278,-4.61576,4.4686,-0.06399,-0.0365,-0.03879,88.64367,10.21631,-45.133
36.076938,-79.008881,7,0.21,157.7,7.37,5160803,7.37,7.37289,-4.62951,4.58584,-0.04062,-0.01894,-0.0391,88.07366,9.93861,-45.08916
36.076937,-79.008881,7,0.32,157.7,7.49,5161603,7.49,7.49193,-4.63131,4.38844,0.08522,0.13592,0.06552,87.89828,10.04092,-43.65683
36.076937,-79.008881,7,0.32,157.3,7.52,5161803,7.52,7.51645,-4.59003,4.6666,-0.23992,-0.28558,-0.19548,88.17597,10.27477,-43.75914
36.076937,-79.008879,7,0.48,157.3,-1.09,5162603,-1.09,-1.08514,-4.5667,7.78744,0.96486,-2.04579,-2.68216,64.58638,30.7074,-68.09412
36.076937,-79.008879,7,0.48,156.6,-4.2,5162803,-4.2,-4.19581,-6.91107,10.88136,-0.2251,-0.74235,-0.43341,47.57381,38.07366,-71.20725
36.076932,-79.008878,7,0.61,156.6,-1.84,5163603,-1.84,-1.84128,-4.20419,5.66022,-0.16829,0.80283,0.59529,55.49547,35.04823,-71.07571
36.076932,-79.008878,7,0.61,156.3,-1.76,5163803,-1.76,-1.76411,-6.34277,7.89452,-0.01619,0.02169,-0.01405,57.42473,35.10669,-70.68109
36.076933,-79.008879,7,0.12,156.3,-1.75,5164603,-1.75,-1.74975,-6.35175,7.95434,-0.02123,0.01649,-0.0084,57.83397,34.7413,-70.49109
36.076933,-79.008879,7,0.12,155.1,-1.76,5164803,-1.76,-1.76172,-6.38405,7.92264,-0.04047,0.01206,-0.00412,58.34552,35.35516,-70.53493
36.076935,-79.008881,7,0.14,155.1,-1.77,5165603,-1.77,-1.77009,-6.35175,7.86999,-0.01344,0.01817,-0.01038,57.42473,34.94592,-71.04648
36.076935,-79.008881,7,0.14,153.9,-1.87,5165803,-1.87,-1.86939,-6.34337,7.94058,-0.01649,0.01176,-0.0171,57.71704,35.019,-70.40339
36.076943,-79.008882,7,0.09,153.9,-1.77,5166603,-1.77,-1.77308,-6.34218,7.97767,0.00626,0.0307,-0.02566,57.70243,35.03362,-71.55802
36.076943,-79.008882,7,0.09,152.3,-1.83,5166803,-1.83,-1.82632,-5.99641,8.19841,-0.01588,-0.01588,0.03543,57.99474,34.91669,-70.57878
36.076947,-79.008885,7,0.6,152.3,-4.84,5167603,-4.84,-4.83889,11.18465,-1.15274,-4.67831,0.11057,-2.82036,49.48846,-38.24905,-37.12365
36.076947,-79.008885,7,0.6,150.8,2.4,5167803,2.4,2.39821,6.35414,-5.14995,-2.24432,1.13132,-5.00421,77.59427,-16.82257,-6.86934
36.076952,-79.00889,7,0.13,150.8,7.66,5168603,7.66,7.66242,-0.4654,6.56949,-0.37278,4.62562,2.26921,65.41946,25.12423,-70.5057
36.076952,-79.00889,7,0.13,148.8,9.78,5168803,9.78,9.78186,-1.63191,0.96132,0.30513,1.04244,-2.53723,82.31511,30.12277,-47.54458
36.076957,-79.008892,7,0.59,148.8,8.01,5169603,8.01,8.00758,-4.58166,3.42892,-0.02092,-0.82482,-0.96242,68.0649,39.6083,-60.74247
36.076957,-79.008892,7,0.59,148.3,7.41,5169803,7.41,7.40638,-4.70309,4.56192,-0.13225,0.06552,0.45051,62.49635,39.90061,-64.33791
36.076955,-79.008896,7,0.41,148.3,8.06,5170603,8.06,8.06441,-3.9667,3.97268,-0.12553,-0.09575,0.3485,67.33411,37.85443,-62.84712
36.076955,-79.008896,7,0.41,148.1,8.01,5170803,8.01,8.00818,-3.7005,4.47518,0.16417,0.06048,-0.21151,67.17335,37.64981,-63.66559
36.076957,-79.008899,7,0.36,148.1,7.81,5171603,7.81,7.81077,-4.20718,3.93859,-0.0533,-0.20388,-0.02413,66.15025,39.87138,-61.69249
36.076957,-79.008899,7,0.36,147.2,7.98,5171803,7.98,7.98425,-3.90568,4.34178,0.04551,0.00947,0.03207,66.47179,38.92137,-63.35867
36.076957,-79.008899,7,0.16,147.2,7.94,5172603,7.94,7.9352,-3.99721,4.42911,0.15317,0.146,-0.08659,66.06256,40.22216,-62.59866
36.076957,-79.008899,7,0.16,147.1,7.68,5172803,7.68,7.68276,-4.2999,3.92782,0.00397,0.03436,0.0562,66.63256,41.62526,-60.34785
36.076959,-79.008899,7,0.15,147.1,7.93,5173603,7.93,7.92742,-3.85125,4.5338,0.05773,0.11484,0.0507,66.25256,40.98217,-60.94709
36.076959,-79.008899,7,0.15,146.9,7.89,5173803,7.89,7.89452,-4.12523,3.80937,0.07651,0.04154,-0.01955,67.42181,41.55218,-59.74862
36.076961,-79.008899,7,0.12,146.9,7.76,5174603,7.76,7.75693,-4.2676,4.12104,0.01161,-0.06994,-0.04612,66.32564,42.64835,-58.38936
36.076961,-79.008899,7,0.12,146.4,7.93,5174803,7.93,7.93101,-4.2,4.09591,0.06002,0.07223,0.03925,65.93102,43.30605,-58.38936
36.076965,-79.008901,7,0.05,146.4,8.01,5175603,8.01,8.01057,-4.12523,4.00559,-0.1095,-0.0504,0.03925,67.02719,42.76527,-58.55013
36.076965,-79.008901,7,0.05,145.6,7.85,5175803,7.85,7.84966,-4.00559,4.24666,-0.03115,0.02489,-0.07727,66.39871,42.07834,-59.63169
36.076968,-79.008901,7,0.15,145.6,7.88,5176603,7.88,7.88435,-4.01157,4.24846,-0.093,0.16112,-0.08598,66.73487,41.04063,-59.42707
36.076968,-79.008901,7,0.15,145.2,7.88,5176803,7.88,7.88315,-4.22572,4.01276,-0.12416,0.03207,-0.02107,66.92487,41.27448,-60.66939
36.076973,-79.008902,7,0.2,145.2,7.96,5177603,7.96,7.95614,-4.07498,3.99781,0.01695,0.06399,-0.01161,66.12102,41.11371,-60.56709
36.076973,-79.008902,7,0.2,144.7,7.84,5177803,7.84,7.84427,-4.19701,4.11446,0.0087,-0.07682,-0.04078,66.80795,41.02602,-61.0494
36.076977,-79.008902,7,0.03,144.7,7.93,5178603,7.93,7.92802,-4.11924,4.03908,0.03757,-0.02138,0.07514,67.37796,41.44987,-59.70476
36.076977,-79.008902,7,0.03,144.4,7.93,5178803,7.93,7.92503,-4.10249,4.10788,0.00458,-0.12004,-0.00015,66.76411,41.87372,-59.52938
36.076982,-79.008904,7,0.02,144.4,7.9,5179603,7.9,7.9005,-4.04447,4.04507,0.00626,-0.02841,-0.09942,67.53873,42.06372,-60.02631
36.076982,-79.008904,7,0.02,143.6,7.89,5179803,7.89,7.89033,-4.14377,4.15873,-0.03742,-0.00687,-0.0391,67.05642,42.61912,-59.80708
36.076987,-79.008904,7,0.09,143.6,7.82,5180603,7.82,7.82274,-4.0666,4.28196,0.00443,0.06521,-0.02443,66.64718,41.7568,-60.47939
36.076987,-79.008904,7,0.09,142.9,8,5180803,8,7.9998,-4.01755,3.96431,-0.042,-0.01558,0.00977,66.93949,41.24525,-60.21631
36.076991,-79.008904,7,0.16,142.9,7.9,5181603,7.9,7.8999,-4.10309,4.02652,0.0255,0.05788,0.06597,67.11488,42.6045,-59.2663
36.076991,-79.008904,7,0.16,142.6,8.07,5181803,8.07,8.06621,-4.02293,4.08096,0.04169,-0.05147,0.00947,67.93335,41.90295,-59.38322
36.076994,-79.008905,7,0.09,142.6,7.9,5182603,7.9,7.89691,-4.0325,4.23769,-0.0478,0.15623,-0.07498,67.15872,42.42912,-59.90939
36.076994,-79.008905,7,0.09,142.1,7.91,5182803,7.91,7.91007,-4.17129,4.00798,-0.09529,-0.00702,-0.03222,67.55334,42.6045,-59.57323
36.076995,-79.008908,7,0.05,142.1,7.84,5183603,7.84,7.84307,-3.98764,4.1659,0.01481,0.10415,-0.12004,66.86642,41.27448,-60.52324
36.076995,-79.008908,7,0.05,142.2,7.86,5183803,7.86,7.86341,-4.23709,4.09352,-0.07758,0.03421,-0.00031,66.76411,41.4791,-60.99094
36.076996,-79.008909,7,0.24,142.2,7.86,5184603,7.86,7.86222,-4.18744,4.10608,0.03192,0.04246,0.04047,66.34025,41.59602,-59.734
36.076996,-79.008909,7,0.24,142.1,7.94,5184803,7.94,7.93879,-4.15095,3.91585,0.07025,-0.02963,-0.00183,67.29027,41.53756,-59.33937
36.076995,-79.008912,7,0.21,142.1,7.92,5185603,7.92,7.92144,-4.1007,4.12403,-0.00092,0.03894,0.08384,67.10027,42.47296,-58.17013
36.076995,-79.008912,7,0.21,142.4,7.97,5185803,7.97,7.97468,-3.99542,4.05942,-0.02184,-0.09102,0.00672,67.18796,42.19526,-59.10553
36.076993,-79.008914,7,0.31,142.4,7.85,5186603,7.85,7.84666,-4.12463,4.17548,-0.05941,-0.01161,-0.00031,66.54488,42.37065,-58.9886
36.076993,-79.008914,7,0.31,143,7.8,5186803,7.8,7.79701,-4.10967,4.29452,-0.07361,0.01817,-0.03146,65.96024,42.07834,-60.02631
36.076991,-79.008917,7,0.21,143,7.92,5187603,7.92,7.91725,-4.24367,3.99302,0.0672,0.02275,-0.03314,66.4864,42.48758,-59.42707
36.076991,-79.008917,7,0.21,143.6,7.77,5187803,7.77,7.77189,-4.29631,4.05703,-0.00901,-0.07254,0.01191,66.04794,42.86758,-60.18708
36.076991,-79.008921,7,0.2,143.6,7.5,5188603,7.5,7.49552,-4.16112,4.20718,1.99325,-1.60581,0.40775,65.46332,44.82608,-56.85472
36.076991,-79.008921,7,0.2,144,6.62,5188803,6.62,6.61675,-5.99821,1.27837,1.93782,0.97326,0.09163,65.03946,52.41158,-45.89301
36.076995,-79.008917,7,1.15,144,10.66,5189603,10.66,10.65703,1.34357,0.94217,1.07711,-5.00421,-2.95292,85.23824,-6.10932,-13.8556
36.076995,-79.008917,7,1.15,143.7,2.7,5189803,2.7,2.69851,-4.6331,8.25464,2.07129,-2.53311,-2.09695,76.89272,25.19731,-61.80941
36.076994,-79.008919,7,0.39,143.7,5.5,5190603,5.5,5.5023,-5.6686,5.74756,1.32878,-0.2277,-0.90759,82.47588,17.62642,-56.86934
36.076994,-79.008919,7,0.39,143.3,7.79,5190803,7.79,7.79462,-5.68834,3.55394,0.54275,1.32558,2.11665,87.03596,13.95791,-46.69687
36.076991,-79.008918,7,0.31,143.3,8.25,5191603,8.25,8.24507,-4.13061,3.12862,0.05773,-0.19548,0.78618,86.11517,6.97165,-51.7831
36.076991,-79.008918,7,0.31,143,7.48,5191803,7.48,7.48475,-5.8672,2.72184,1.45569,0.00199,-1.80205,83.06051,8.53552,-57.29319
36.07699,-79.008918,7,0.28,143,6.86,5192603,6.86,6.85843,-3.4678,5.55434,2.16811,-0.89935,0.67256,62.8325,31.81818,-69.33645
36.07699,-79.008918,7,0.28,142.4,7.87,5192803,7.87,7.8676,-4.71625,3.82194,2.2964,0.14401,0.86575,65.47793,44.95761,-56.76703
36.076988,-79.00892,7,0.13,142.4,8.2,5193603,8.2,8.2026,-4.32622,3.59881,1.53205,-0.64141,0.83948,81.30663,36.69979,-26.90734
36.076988,-79.00892,7,0.13,142.4,7.92,5193803,7.92,7.92323,-3.94935,4.11266,1.37674,-1.20661,0.42852,85.57439,28.86583,-28.82198
36.076987,-79.00892,7,0.28,142.4,7.68,5194603,7.68,7.67618,-4.35613,4.07378,1.27808,-0.66645,0.65546,88.38059,7.89243,-45.89301
36.076987,-79.00892,7,0.28,141.4,7.93,5194803,7.93,7.92922,-4.17189,4.07019,1.18905,-0.5762,0.74006,86.21748,5.43701,-51.53464
36.076984,-79.008919,7,0.54,141.4,8.12,5195603,8.12,8.11526,-4.25145,4.17308,0.56902,-0.50183,0.73991,75.24116,17.02718,-65.34639
36.076984,-79.008919,7,0.54,140.5,7.81,5195803,7.81,7.80898,-3.92782,4.22214,0.70509,-0.55299,0.16967,72.96112,18.51798,-67.68489
36.076983,-79.008916,7,0.85,140.5,7.67,5196603,7.67,7.67139,-4.51167,4.38365,0.6663,-0.30192,-0.18677,64.57176,37.70827,-65.09792
36.076983,-79.008916,7,0.85,139.4,3.67,5196803,3.67,3.6682,-2.70927,2.16072,0.80191,1.55251,-0.02275,67.90412,42.70681,-56.5624
36.076981,-79.008913,7,0.9,139.4,8.37,5197603,8.37,8.37249,-5.71645,4.21436,0.53481,1.11086,-1.70157,71.29494,29.97662,-64.39638
36.076981,-79.008913,7,0.9,139.1,6.75,5197803,6.75,6.75195,-5.4353,2.15055,-0.55986,1.72905,0.73579,76.17655,31.32125,-57.95089
36.076978,-79.008911,7,0.86,139.1,7.87,5198603,7.87,7.87358,-5.28096,4.98186,-1.10964,-0.74159,0.88453,75.70885,14.74715,-65.09792
36.076978,-79.008911,7,0.86,139,6.82,5198803,6.82,6.81775,-3.41755,3.95055,0.37232,1.36208,-0.166,76.64426,7.05934,-65.20023
36.076971,-79.008909,7,1.09,139,8.19,5199603,8.19,8.19243,-4.11207,4.42553,0.4102,0.83551,-0.65714,80.26893,8.37474,-60.59632
36.076971,-79.008909,7,1.09,139.1,7.44,5199803,7.44,7.44048,-4.68874,3.51685,-0.31643,-0.29322,-0.31658,80.79509,12.70096,-59.4563
36.076966,-79.008906,7,1.19,139.1,7.01,5200603,7.01,7.00918,-4.55713,4.70549,-0.41722,0.07025,0.34438,81.48203,8.75475,-58.41859
36.076966,-79.008906,7,1.19,138.8,8.32,5200803,8.32,8.32224,-4.69292,4.08933,0.10446,0.45601,-0.38866,83.95206,8.7986,-54.85238
36.076962,-79.008909,7,0.98,138.8,6.32,5201603,6.32,6.31705,-2.91506,3.79083,0.32116,0.56795,-0.85918,85.16515,4.64776,-52.8062
36.076962,-79.008909,7,0.98,138.5,8.29,5201803,8.29,8.29113,-6.28774,4.01157,-0.22235,0.22663,-0.02947,86.26133,13.35867,-48.23151
36.076955,-79.008904,7,1.12,138.5,7.33,5202603,7.33,7.32742,-4.64088,3.71366,0.40867,0.30207,-1.13621,87.40134,10.69863,-45.89301
36.076955,-79.008904,7,1.12,138.5,6.03,5202803,6.03,6.02812,-0.9344,3.30688,-2.42162,0.478,-0.70204,87.51827,4.16545,-44.79684
36.076948,-79.008903,7,1.29,138.5,7.68,5203603,7.68,7.68276,-4.53679,3.41575,-2.6116,0.1405,-0.88148,69.04414,49.98539,-36.52441
36.076948,-79.008903,7,1.29,138.5,7.15,5203803,7.15,7.15334,-4.07438,5.05065,-2.27364,0.6944,-0.32345,64.73254,47.06226,-53.99006
36.076944,-79.008908,7,1.2,138.5,8.44,5204603,8.44,8.44307,-3.10529,4.30588,-0.78359,1.02396,-0.92928,69.74569,22.43496,-68.97106
36.076944,-79.008908,7,1.2,138.5,7.54,5204803,7.54,7.54457,-4.20479,3.58804,-0.89309,0.53955,-0.68875,73.15112,22.12803,-65.98948
36.07694,-79.00891,7,1.1,138.5,7.75,5205603,7.75,7.74617,-4.82513,3.33141,-0.79367,-0.13867,-0.27672,81.81818,11.94095,-58.82783
36.07694,-79.00891,7,1.1,138.5,7.75,5205803,7.75,7.74736,-3.74178,4.32383,-0.83765,0.54199,0.66737,81.83279,5.53932,-58.27243
36.076935,-79.008911,7,0.91,138.5,7.83,5206603,7.83,7.8341,-3.50608,4.25803,-0.38866,0.15821,0.02596,85.48669,2.85004,-50.81847
36.076935,-79.008911,7,0.91,139.2,8.07,5206803,8.07,8.0686,-3.64307,4.03908,-0.24893,0.02321,-0.33109,86.40749,2.29465,-48.62613
36.076934,-79.008913,7,0.78,139.2,7.98,5207603,7.98,7.97767,-3.64188,4.35314,-0.14813,-0.0255,-0.27367,87.22595,3.49313,-45.42531
36.076934,-79.008913,7,0.78,138.9,8.08,5207803,8.08,8.07518,-3.58983,3.97687,-0.18692,0.27504,0.15531,87.9129,3.78544,-43.93452
36.076933,-79.008916,7,0.69,138.9,8.05,5208603,8.05,8.04527,-3.9356,4.34417,-0.0872,0.2222,-0.00825,88.58521,5.84624,-42.67758
36.076933,-79.008916,7,0.69,138.8,7.83,5208803,7.83,7.82513,-3.59881,3.95952,-0.18372,-0.04047,-0.0255,88.83367,5.86086,-41.05525
36.076934,-79.008919,7,0.71,138.8,7.98,5209603,7.98,7.98246,-3.78006,4.23051,-0.07957,0.00015,-0.18616,89.09676,6.02163,-39.09676
36.076934,-79.008919,7,0.71,138.7,7.92,5209803,7.92,7.92144,-3.67777,4.09532,-0.15592,-0.05238,-0.01298,88.97983,6.60626,-39.76907
36.076932,-79.008922,7,0.91,138.7,7.75,5210603,7.75,7.75215,-4.08754,4.4351,0.01985,0.24053,0.04948,88.86291,8.81321,-39.47676
36.076932,-79.008922,7,0.91,138.5,8.21,5210803,8.21,8.20738,-3.68136,3.80758,-0.13134,0.03711,0.31826,89.78368,5.91932,-36.27594
36.076932,-79.008923,7,0.56,138.5,8.28,5211603,8.28,8.27917,-4.11805,4.17787,-0.14035,-0.19975,0.15149,88.97983,7.35165,-39.02368
36.076932,-79.008923,7,0.56,138.8,7.87,5211803,7.87,7.87119,-3.58923,4.32503,0.17975,0.04291,-0.36866,89.4183,7.83397,-39.76907
36.076929,-79.008927,7,0.87,138.8,8.11,5212603,8.11,8.11167,-3.86202,4.24068,0.06964,0.00397,-0.0672,89.31599,7.16165,-38.61444
36.076929,-79.008927,7,0.87,139.1,7.78,5212803,7.78,7.78146,-3.64965,4.21615,-0.02275,-0.10614,0.05895,89.00906,6.24087,-40.20754
36.076929,-79.008931,7,0.89,139.1,7.86,5213603,7.86,7.85624,-3.45643,4.32802,0.15119,0.09621,-0.14142,88.93598,4.89623,-41.87372
36.076929,-79.008931,7,0.89,139.2,8.02,5213803,8.02,8.02314,-4.11865,4.17787,0.12523,0.10476,-0.05024,88.6729,6.22625,-40.79217
36.076926,-79.008933,7,0.91,139.2,7.98,5214603,7.98,7.97528,-3.97508,4.2676,0.14569,-0.04444,-0.25717,88.1029,5.89009,-42.89681
36.076926,-79.008933,7,0.91,139.2,7.83,5214803,7.83,7.83111,-4.14557,4.30588,-0.01451,0.03848,0.14126,87.81059,6.81087,-42.42912
36.076919,-79.008927,7,0.68,139.2,7.81,5215603,7.81,7.81197,-3.77229,4.03849,-0.05437,-0.59727,-0.32315,87.69366,8.02397,-45.2207
36.076919,-79.008927,7,0.68,139.6,7.75,5215803,7.75,7.75454,-4.98006,5.22473,-0.15012,-0.02291,0.36087,86.6998,6.05086,-47.89535
36.076915,-79.008925,7,0.96,139.6,7.68,5216603,7.68,7.68036,-3.13938,3.94816,0.0591,0.53955,0.16218,87.9129,1.4031,-42.79451
36.076915,-79.008925,7,0.96,139.8,8.55,5216803,8.55,8.54836,-3.93918,4.09532,0.09071,-0.26298,-0.61346,87.8252,4.57469,-42.28296
36.076912,-79.008923,7,0.63,139.8,7.67,5217603,7.67,7.67079,-4.24008,4.4686,-0.04872,-0.37583,0.11408,87.03596,6.12394,-46.09763
36.076912,-79.008923,7,0.63,140,7.84,5217803,7.84,7.84188,-3.51147,4.34537,0.0869,0.0956,0.30375,86.65595,2.85004,-46.94534
36.076907,-79.008916,7,1.09,140,7.75,5218603,7.75,7.74796,-4.42493,4.3352,0.11332,-0.02993,0.51175,84.60976,6.34317,-50.99386
36.076907,-79.008916,7,1.09,140.5,7.87,5218803,7.87,7.87418,-3.50549,4.12403,0.15882,0.11148,0.35171,84.94592,2.9962,-50.30693
36.076908,-79.008915,7,0.54,140.5,8.31,5219603,8.31,8.30668,-3.56411,4.03789,0.04581,-0.20907,0.04581,83.23589,2.03157,-53.71236
36.076908,-79.008915,7,0.54,140.1,7.76,5219803,7.76,7.76411,-3.68555,4.38604,0.1883,-0.16982,-0.23976,82.16895,4.54545,-55.59777
36.076908,-79.008912,7,0.74,140.1,7.87,5220603,7.87,7.8682,-3.90688,4.25324,0.11515,-0.00809,0.06613,81.02894,6.62087,-58.02397
36.076908,-79.008912,7,0.74,139.6,8.04,5220803,8.04,8.0357,-3.77288,4.24008,0.07957,0.13729,0.21029,81.3651,5.75855,-57.14703
36.076904,-79.008909,7,0.6,139.6,8.05,5221603,8.05,8.05005,-3.8991,4.14497,0.10415,-0.03803,0.1066,79.81584,7.22011,-59.71938
36.076904,-79.008909,7,0.6,139.6,7.84,5221803,7.84,7.8353,-3.84646,4.21077,0.13302,-0.13546,-0.04719,79.33353,8.49167,-60.68401
36.076898,-79.008905,7,0.81,139.6,7.98,5222603,7.98,7.97767,-3.99482,4.33759,0.1825,-0.04917,0.00825,76.95118,10.53785,-63.30021
36.076898,-79.008905,7,0.81,140.1,7.87,5222803,7.87,7.87298,-3.85424,4.11266,0.12767,-0.01069,0.19609,77.15581,11.5171,-63.00789
36.076893,-79.008905,7,0.49,140.1,8.11,5223603,8.11,8.10748,-3.85364,4.21914,0.16982,-0.14997,0.14401,75.13885,14.25022,-66.01871
36.076893,-79.008905,7,0.49,141.5,7.9,5223803,7.9,7.90469,-3.67358,4.20598,0.22984,-0.20556,0.01115,73.58959,15.58024,-66.32564
36.076892,-79.008903,7,0.52,141.5,7.98,5224603,7.98,7.97707,-3.8339,4.15155,0.23854,-0.14676,0.04948,71.57264,20.71032,-67.39258
36.076892,-79.008903,7,0.52,141.9,7.96,5224803,7.96,7.96451,-3.97627,4.23051,0.23228,-0.02428,0.14844,71.80649,21.96726,-66.5741
36.076893,-79.008892,7,1.13,141.9,8.1,5225603,8.1,8.10329,-3.54497,3.97986,-0.00596,-0.53329,0.12675,70.78339,24.02806,-66.98334
36.076893,-79.008892,7,1.13,141.7,7.96,5225803,7.96,7.96152,-3.76271,3.97567,0.56108,0.49862,-0.31505,70.40339,27.11196,-65.49255
36.076889,-79.008891,7,1.12,141.7,8.22,5226603,8.22,8.22293,-4.0008,3.80818,0.34193,0.19319,-0.06139,69.46799,31.62818,-64.0456
36.076889,-79.008891,7,1.12,141.3,7.92,5226803,7.92,7.92084,-3.97627,4.11685,0.04673,-0.34132,0.13531,67.62642,32.88512,-65.28793
36.076884,-79.008888,7,1.14,141.3,8.52,5227603,8.52,8.51725,-3.61855,4.20419,0.1741,-0.18845,-0.18189,66.19409,36.40748,-63.75329
36.076884,-79.008888,7,1.14,141.5,7.25,5227803,7.25,7.24726,-3.77288,4.11625,0.03528,0.35232,0.54734,66.69102,36.37825,-63.98714
36.076878,-79.008886,7,1.17,141.5,8.73,5228603,8.73,8.72902,-3.54078,4.07139,0.14401,0.06536,0.05238,68.66413,38.13213,-61.97018
36.076878,-79.008886,7,1.17,141.8,7.55,5228803,7.55,7.55235,-3.6335,3.90389,0.08766,-0.20739,-0.09499,67.43642,38.27828,-62.42327
36.07687,-79.008886,7,1.37,141.8,8.32,5229603,8.32,8.31925,-3.74596,4.48714,0.18036,0.31796,-0.02947,67.71412,39.30138,-60.14323
36.07687,-79.008886,7,1.37,142.2,7.87,5229803,7.87,7.87358,-3.61197,3.71964,-0.01222,-0.17929,-0.15455,67.12949,40.29523,-59.98246
36.076861,-79.008886,7,1.52,142.2,8.25,5230603,8.25,8.25105,-4.01396,3.80578,-0.135,-0.02199,0.28161,66.5741,41.78603,-58.7986
36.076861,-79.008886,7,1.52,142.4,8.27,5230803,8.27,8.269,-3.56231,3.9679,-0.04475,-0.06368,-0.08247,63.68021,40.64601,-59.57323
36.076852,-79.008886,7,1.42,142.4,8.71,5231603,8.71,8.70629,-3.83689,3.80519,-0.06872,-0.38271,-0.25488,67.3195,40.58755,-58.57936
36.076852,-79.008886,7,1.42,143.1,7.44,5231803,7.44,7.43929,-4.08275,4.35913,0.06521,0.18219,-0.02062,64.95177,42.15142,-60.33323
36.076846,-79.00888,7,1.57,143.1,8.54,5232603,8.54,8.5364,-3.56949,3.90509,-0.06872,-0.02291,0.25213,68.34259,39.95908,-58.46244
36.076846,-79.00888,7,1.57,143.7,7.52,5232803,7.52,7.52124,-3.51266,4.17667,0.0055,-0.38729,-0.30513,65.97486,40.38293,-60.77171
36.076841,-79.008878,7,1.54,143.7,7.94,5233603,7.94,7.94178,-3.79442,4.31845,0.00565,-0.16249,-0.11377,66.13564,40.28062,-60.40631
36.076841,-79.008878,7,1.54,143.9,8.05,5233803,8.05,8.05185,-3.76092,4.37827,0.10415,0.28894,0.07239,66.17948,41.12833,-59.38322
36.076837,-79.008878,7,1.17,143.9,7.65,5234603,7.65,7.65464,-3.95055,4.09651,0.02352,0.1095,0.20571,66.51564,42.42912,-58.53551
36.076837,-79.008878,7,1.17,144,8.31,5234803,8.31,8.31087,-3.45703,4.25863,0.05589,-0.03558,-0.01069,67.12949,41.59602,-58.37474
36.076831,-79.008877,7,0.83,144,7.96,5235603,7.96,7.95733,-3.83031,4.24965,0.05864,0.07346,0.05605,66.4864,43.3499,-56.4601
36.076831,-79.008877,7,0.83,144.5,8,5235803,8,7.99681,-3.73041,4.16291,0.03024,-0.02856,0.01466,66.86642,43.29144,-56.15317
36.076826,-79.008874,7,1.14,144.5,8.18,5236603,8.18,8.17986,-3.8351,4.23231,0.04917,0.10705,0.09514,67.36334,43.77375,-54.28237
36.076826,-79.008874,7,1.14,144.3,7.99,5236803,7.99,7.99023,-3.71187,4.15215,0.0368,-0.0675,0.03925,67.68489,43.80298,-55.04239
36.07682,-79.008872,7,1.44,144.3,8.06,5237603,8.06,8.06381,-3.67837,4.28435,0.13286,0.07743,0.10476,68.69337,44.63607,-52.09003
36.07682,-79.008872,7,1.44,144.7,8.05,5237803,8.05,8.04946,-3.80937,4.04507,0.13332,-0.20525,-0.16066,67.64104,45.62993,-51.6808
36.07682,-79.008874,7,0.99,144.7,8.06,5238603,8.06,8.06321,-3.81655,4.18684,0.08292,-0.08094,0.05712,68.85413,46.14148,-49.73692
36.07682,-79.008874,7,0.99,144.2,7.93,5238803,7.93,7.92981,-3.79741,4.24666,0.10049,0.02963,0.12385,68.94183,45.73224,-49.35691
36.076819,-79.008875,7,0.78,144.2,7.9,5239603,7.9,7.89751,-3.73998,4.17966,0.12737,0.01695,0.01802,69.73107,45.96609,-47.44227
36.076819,-79.008875,7,0.78,144,8.07,5239803,8.07,8.07279,-3.73699,4.27657,0.04734,-0.1266,0.03176,70.49109,46.05378,-45.73224
36.076816,-79.008876,7,0.78,144,8.04,5240603,8.04,8.03689,-3.70648,4.25205,0.01787,-0.01848,0.13592,71.28033,46.18533,-43.91991
36.076816,-79.008876,7,0.78,144.2,8.03,5240803,8.03,8.02852,-3.71725,4.23051,0.09209,-0.0701,-0.08567,70.9734,46.30225,-44.08068
36.076814,-79.008878,7,0.83,144.2,7.9,5241603,7.9,7.89931,-3.73879,4.33221,0.10492,0.07773,0.03406,71.86495,45.51301,-41.6691
36.076814,-79.008878,7,0.83,144.8,8,5241803,8,8.00399,-3.88116,4.1336,0.07223,0.01359,0.03894,72.61035,45.76147,-40.74832
36.076807,-79.008879,7,1.02,144.8,7.86,5242603,7.86,7.86341,-3.78545,4.13958,0.05757,-0.0956,-0.05376,73.06343,45.71763,-39.84215
36.076807,-79.008879,7,1.02,145.1,7.99,5242803,7.99,7.98605,-3.75912,4.28255,0.01298,0.0252,0.14554,73.20959,44.95761,-40.61678
36.076804,-79.008878,7,1.0,145.1,7.82,5243603,7.82,7.81615,-3.68973,4.25982,0.09087,-0.0252,-0.00794,73.6919,44.12453,-38.97983
36.076804,-79.008878,7,1.0,144.8,8,5243803,8,8.0022,-3.81416,4.17308,0.08644,0.00137,0.04459,74.80269,44.44607,-38.33675
36.076798,-79.008875,7,1.38,144.8,7.98,5244603,7.98,7.98365,-3.74776,4.24905,0.08262,-0.03971,0.06429,78.33967,43.48144,-37.29903
36.076798,-79.008875,7,1.38,144.2,7.93,5244803,7.93,7.93161,-3.83809,4.21017,0.08842,-0.05253,0.03848,75.75271,43.24759,-36.67057
36.076795,-79.008872,7,1.29,144.2,7.94,5245603,7.94,7.93939,-3.90987,4.22393,0.05574,0.03971,0.22907,76.83426,42.6922,-34.50745
36.076795,-79.008872,7,1.29,143.8,8.17,5245803,8.17,8.16969,-3.62214,4.21077,0.08522,-0.09896,0.04184,77.95966,41.02602,-33.74744
36.07679,-79.008867,7,1.46,143.8,8.18,5246603,8.18,8.18465,-3.80459,4.0678,0.11057,-0.12813,0.07911,79.64046,39.00906,-30.82432
36.07679,-79.008867,7,1.46,143.8,7.85,5246803,7.85,7.84786,-3.81536,4.2329,0.10125,-0.15669,0.10308,79.42122,38.93598,-31.39433
36.076786,-79.008862,7,1.31,143.8,8.13,5247603,8.13,8.1344,-3.62632,4.3334,0.11897,-0.03558,0.07025,82.19818,34.59515,-31.77434
36.076786,-79.008862,7,1.31,143.8,7.75,5247803,7.75,7.74557,-3.68555,4.17248,0.0814,-0.06857,0.09178,82.35896,34.78515,-30.92663
36.076785,-79.008856,7,0.98,143.8,8.11,5248603,8.11,8.11107,-3.74656,4.27896,0.08094,-0.06674,0.04902,83.55744,31.68664,-28.57352
36.076785,-79.008856,7,0.98,143.5,7.82,5248803,7.82,7.81974,-3.72084,4.0355,0.05284,-0.00718,0.13607,83.84975,31.73049,-27.60889
36.076779,-79.008852,7,1.06,143.5,7.95,5249603,7.95,7.94656,-3.78664,3.90628,-0.20525,-0.28634,0.31062,84.79977,30.00585,-27.84274
36.076779,-79.008852,7,1.06,143.8,8.02,5249803,8.02,8.02194,-3.47857,4.86521,-0.00428,-0.24816,-0.14203,84.90208,29.23122,-30.22508
36.076772,-79.008849,7,1.36,143.8,7.53,5250603,7.53,7.53141,-3.76511,4.44467,0.12324,0.32284,-0.28298,83.16282,32.72435,-31.43818
36.076772,-79.008849,7,1.36,143.5,8.14,5250803,8.14,8.13679,-4.09891,4.27239,-0.12156,0.37309,0.25397,83.45512,32.72435,-28.10582
36.076769,-79.008845,7,1.01,143.5,7.75,5251603,7.75,7.75334,-3.70648,4.12642,-0.2584,0.05605,-0.06964,82.18357,33.65975,-28.93891
36.076769,-79.008845,7,1.01,143,8.05,5251803,8.05,8.05245,-3.74357,4.49671,-0.25213,0.10705,-0.04979,78.73429,34.52207,-29.42122
36.076764,-79.008842,7,0.98,143,7.88,5252603,7.88,7.88196,-3.82732,4.06421,-0.32513,-0.02123,0,79.99123,38.65829,-31.26279
36.076764,-79.008842,7,0.98,142.8,8.07,5252803,8.07,8.06561,-3.6658,4.4333,-0.18463,0.14462,-0.16096,79.75738,38.73137,-33.19205
36.076759,-79.00884,7,1.33,142.8,7.77,5253603,7.77,7.77428,-3.8022,4.31605,-0.23411,-0.0255,-0.22098,76.01579,42.99912,-35.73516
36.076759,-79.00884,7,1.33,142.6,8.02,5253803,8.02,8.02134,-3.80818,4.3017,-0.20937,0.21625,0.00107,75.57732,43.43759,-36.67057
36.076755,-79.008838,7,1.24,142.6,7.99,5254603,7.99,7.99083,-3.57667,4.27597,-0.11423,0.07498,-0.12385,74.49577,43.67144,-39.30138
36.076755,-79.008838,7,1.24,142.4,7.97,5254803,7.97,7.97348,-3.89013,4.24726,-0.04627,0.06903,-0.11729,73.8819,44.88454,-39.696
36.076751,-79.008834,7,1.22,142.4,7.8,5255603,7.8,7.79821,-3.83869,4.17607,0.03329,0.04291,-0.08659,73.10728,45.80532,-40.11985
36.076751,-79.008834,7,1.22,142.4,8.14,5255803,8.14,8.13679,-3.80459,4.18026,-0.06689,0.06674,0.20082,73.89652,45.04531,-38.8629
36.076748,-79.008829,7,1.1,142.4,7.96,5256603,7.96,7.95853,-3.79562,4.18923,-0.07727,0.05925,-0.01344,72.85881,45.46916,-39.62292
36.076748,-79.008829,7,1.1,142.3,8.04,5256803,8.04,8.04168,-3.81775,4.26939,-0.07391,0.01436,-0.06658,72.66881,45.29377,-40.66063
36.076748,-79.008826,7,0.89,142.3,8.89,5257603,8.89,8.88635,-6.70768,2.24985,-5.00421,0.1605,1.11315,67.26103,42.48758,-57.76089
36.076748,-79.008826,7,0.89,142.4,6.81,5257803,6.81,6.81476,-1.40279,4.60379,-3.6939,0.47495,-1.63559,70.38878,6.13856,-69.42415
36.076746,-79.008826,7,0.76,142.4,8.62,5258603,8.62,8.61835,-3.35713,4.16291,-2.47416,0.66615,-2.32159,86.23209,26.46887,-27.66735
36.076746,-79.008826,7,0.76,142.1,7.28,5258803,7.28,7.28136,-4.54158,4.14736,-2.28036,1.55557,-1.40194,75.02192,44.40222,-33.22128
36.076744,-79.008822,7,1.02,142.1,7.99,5259603,7.99,7.99143,-4.02234,4.25025,-1.84435,1.2118,-0.49938,66.6618,30.37124,-66.76411
36.076744,-79.008822,7,1.02,141.7,8.06,5259803,8.06,8.05663,-3.5659,3.96551,-1.80083,0.63072,-0.86331,72.4642,19.71646,-67.2318
36.076741,-79.008821,7,0.7,141.7,9.41,5260603,9.41,9.41456,-3.37209,3.80997,-1.29381,0.68768,0.14554,87.81059,-0.59924,-43.24759
36.076741,-79.008821,7,0.7,141.7,8.64,5260803,8.64,8.64347,-3.15195,3.45583,-0.93707,0.80146,-0.13775,88.83367,-0.77463,-36.3344
36.076741,-79.008816,7,0.53,141.7,8.15,5261603,8.15,8.15115,-3.69571,4.02353,-0.75717,0.42852,-0.52244,88.55598,18.06489,-28.69044
36.076741,-79.008816,7,0.53,141.7,7.78,5261803,7.78,7.77966,-3.96132,4.2335,-0.86605,0.17471,-0.44395,87.34288,23.37036,-29.20199
36.076739,-79.008812,7,0.56,141.7,7.73,5262603,7.73,7.72882,-3.88116,4.17667,-0.8239,0.23457,-0.44456,79.3043,38.92137,-31.56972
36.076739,-79.008812,7,0.56,141.2,8.05,5262803,8.05,8.05065,-3.92423,4.29153,-0.83826,0.47892,-0.26252,77.46273,41.84449,-33.86437
36.076737,-79.008808,7,0.81,141.2,7.89,5263603,7.89,7.89332,-3.76989,4.25025,-0.79077,0.40561,-0.44517,69.14645,46.46302,-47.2815
36.076737,-79.008808,7,0.81,141.3,7.93,5263803,7.93,7.92802,-4.0325,4.2018,-0.82879,0.3882,-0.37507,67.29027,46.55072,-51.54926
36.076738,-79.008807,7,0.4,141.3,7.95,5264603,7.95,7.95494,-3.82194,4.20838,-0.79871,0.41905,-0.39951,66.06256,35.50132,-64.07483
36.076738,-79.008807,7,0.4,141.2,7.93,5264803,7.93,7.93221,-3.91286,4.0337,-0.80695,0.35262,-0.41417,67.27565,32.41742,-64.82023
36.076737,-79.008803,7,0.76,141.2,7.99,5265603,7.99,7.99382,-3.93141,4.21735,-0.72785,0.42425,-0.38103,73.56036,16.92488,-65.41946
36.076737,-79.008803,7,0.76,140.7,7.96,5265803,7.96,7.96272,-3.999,4.23111,-0.82482,0.25809,-0.281,75.59193,12.90558,-64.67407
36.076738,-79.008797,7,0.68,140.7,7.93,5266603,7.93,7.92742,-3.75015,4.48714,-0.70097,0.31475,-0.30238,83.26513,3.61006,-54.9693
36.076738,-79.008797,7,0.68,140.4,7.88,5266803,7.88,7.88076,-3.84287,4.19462,-0.62904,0.35583,-0.38561,84.7413,3.12774,-51.02309
36.076739,-79.00879,7,0.59,140.4,7.9,5267603,7.9,7.89811,-3.82852,4.14198,-0.61514,0.2813,-0.33796,88.84829,6.1824,-38.70213
36.076739,-79.00879,7,0.59,140.3,7.99,5267803,7.99,7.98963,-3.92124,4.30529,-0.62324,0.26786,-0.27474,89.66676,8.69629,-36.59749
36.076736,-79.008784,7,0.84,140.3,8.02,5268603,8.02,8.01895,-3.88176,4.29033,-0.57742,0.25213,-0.26466,89.16984,18.21105,-30.37124
36.076736,-79.008784,7,0.84,141.2,7.82,5268803,7.82,7.82393,-3.80578,4.24307,-0.55726,0.23335,-0.30284,88.32213,21.03186,-28.6466
36.076738,-79.008779,7,0.86,141.2,7.97,5269603,7.97,7.97348,-3.89312,4.22094,-0.52473,0.29978,-0.18494,83.71821,32.12511,-28.66121
36.076738,-79.008779,7,0.86,140.6,7.95,5269803,7.95,7.95434,-3.85244,4.21316,-0.51633,0.15562,-0.31337,82.25665,34.3613,-28.60275
36.076735,-79.008775,7,0.89,140.6,8.07,5270603,8.07,8.07039,-3.87637,4.22393,-0.47281,0.26893,-0.17868,77.02426,42.22449,-33.13359
36.076735,-79.008775,7,0.89,140.7,7.89,5270803,7.89,7.89033,-3.88235,4.1677,-0.49129,0.11316,-0.26282,75.50423,43.55452,-35.54516
36.07673,-79.008773,7,0.84,140.7,7.88,5271603,7.88,7.87657,-3.84227,4.27298,-0.43356,0.20846,-0.21365,71.4411,46.63841,-43.04297
36.07673,-79.008773,7,0.84,141.2,7.98,5271803,7.98,7.98365,-3.97089,4.14078,-0.37415,0.24099,-0.28237,69.86262,47.7492,-44.31453
36.076727,-79.008772,7,0.32,141.2,6.71,5272603,6.71,6.71247,-4.98784,4.3017,2.05022,-0.96837,0.68539,58.60859,52.29465,-50.73078
36.076727,-79.008772,7,0.32,141.6,6.76,5272803,6.76,6.75913,-5.6997,4.17667,1.80053,-0.55848,2.49019,69.01491,49.7223,-33.73283
36.076723,-79.008774,7,0.51,141.6,8.51,5273603,8.51,8.51007,-4.11207,3.58923,1.33856,-0.75701,1.14675,90.47063,8.08243,-34.06898
36.076723,-79.008774,7,0.51,142,7.99,5273803,7.99,7.98605,-3.43908,4.14915,1.3691,-0.97494,0.53527,88.11751,2.54312,-44.97223
36.076721,-79.008771,7,0.61,142,7.98,5274603,7.98,7.98066,-3.83869,4.38844,1.3494,-0.52076,0.40821,73.91113,13.89944,-66.73487
36.076721,-79.008771,7,0.61,142,7.82,5274803,7.82,7.82034,-4.12582,4.12582,1.25136,-0.44731,0.58154,71.0611,22.15726,-67.0418
36.076719,-79.008773,7,0.87,142,7.89,5275603,7.89,7.88555,-4.02234,4.21615,1.04916,-0.47602,0.61789,66.61795,43.13066,-57.48319
36.076719,-79.008773,7,0.87,141.1,8,5275803,8,8.00339,-3.77528,4.25384,1.04336,-0.50717,0.53038,67.6995,45.32301,-52.22157
36.076714,-79.008772,7,0.87,141.1,8.05,5276603,8.05,8.05185,-3.64786,4.34058,0.88514,-0.62843,0.41966,78.38351,41.15755,-36.96288
36.076714,-79.008772,7,0.87,141.3,7.66,5276803,7.66,7.65703,-4.07976,4.3675,0.99647,-0.41753,0.25992,79.20199,40.68986,-34.30284
36.076709,-79.008773,7,0.84,141.3,8.42,5277603,8.42,8.41735,-4.72224,3.39721,-0.46853,-3.514,0.12477,88.38059,20.72493,-26.73195
36.076709,-79.008773,7,0.84,141.4,6.04,5277803,6.04,6.04008,-3.72921,6.24706,0.49694,-0.1098,1.07161,87.31365,14.90792,-46.28764
36.076704,-79.008771,7,1.15,141.4,7.77,5278603,7.77,7.77368,-4.02951,5.35873,0.54199,0.36362,0.68845,86.75826,4.28237,-47.61766
36.076704,-79.008771,7,1.15,141.4,7.89,5278803,7.89,7.89213,-3.89252,4.02772,0.73121,-0.15455,-0.41065,87.44519,5.46624,-47.3838
36.076695,-79.008769,7,1.19,141.4,9.01,5279603,9.01,9.00778,-3.92363,5.00937,0.08735,-0.04505,1.47524,82.03741,2.42619,-56.1824
36.076695,-79.008769,7,1.19,141.7,7.99,5279803,7.99,7.98664,-2.9342,4.22453,0.9893,0.16371,-0.31841,80.45893,1.09617,-59.03245
36.07669,-79.008765,7,1.39,141.7,8.02,5280603,8.02,8.01835,-3.48874,3.667,0.24542,-0.17608,0.00031,77.72581,10.80094,-63.05173
36.07669,-79.008765,7,1.39,141.4,7.67,5280803,7.67,7.67259,-4.52243,4.49312,0.10369,-0.39935,-0.23305,75.18269,14.11868,-66.34025
36.076688,-79.008761,7,1.13,141.4,8.13,5281603,8.13,8.13081,-4.97109,5.71406,-1.24555,-0.21533,0.87155,73.92575,11.29787,-66.79333
36.076688,-79.008761,7,1.13,141.2,7.09,5281803,7.09,7.09292,-2.55015,4.38485,-0.0394,1.36391,-0.416,76.62964,3.14236,-63.22713
36.076683,-79.008758,7,0.86,141.2,8.41,5282603,8.41,8.41436,-3.92842,4.2664,-0.24114,0.36545,-0.33094,84.37592,4.66238,-53.36159
36.076683,-79.008758,7,0.86,141.8,7.69,5282803,7.69,7.68814,-3.89432,3.86082,-0.42333,-0.11164,-0.26298,84.98977,5.93394,-50.95002
36.07668,-79.008758,7,0.36,141.8,8.12,5283603,8.12,8.12483,-3.93081,4.20359,-0.30635,0.0701,-0.07117,86.75826,4.48699,-46.38994
36.07668,-79.008758,7,0.36,141.9,7.75,5283803,7.75,7.74736,-3.81595,4.00559,-0.25916,0.14966,-0.05528,87.15288,4.88161,-44.59222
36.076677,-79.008754,7,0.55,141.9,8.03,5284603,8.03,8.0333,-3.84048,4.15155,-0.19853,-0.00504,-0.18799,88.32213,5.74393,-42.18065
36.076677,-79.008754,7,0.55,141.7,7.9,5284803,7.9,7.89871,-3.95893,4.18026,-0.11087,0.14936,-0.21747,89.24291,6.62087,-40.30985
36.076673,-79.00875,7,0.61,141.7,7.88,5285603,7.88,7.88016,-3.99242,4.09651,-0.14493,0.04841,-0.10889,89.46214,8.91552,-38.14674
36.076673,-79.00875,7,0.61,142.1,7.94,5285803,7.94,7.93879,-3.88535,4.26162,-0.17822,0.14478,0.07758,89.34522,8.02397,-37.22596
36.076666,-79.008745,7,0.43,142.1,7.88,5286603,7.88,7.87538,-3.85244,4.13061,-0.1182,0.02535,-0.09743,90.60217,9.47091,-35.72055
36.076666,-79.008745,7,0.43,143.1,7.96,5286803,7.96,7.95614,-3.89791,4.2664,-0.20021,-0.07911,0.00825,90.3537,10.114,-36.36364
36.076662,-79.008741,7,0.4,143.1,7.79,5287603,7.79,7.79103,-3.82134,3.98943,-0.08415,-0.00764,-0.15241,89.886,11.3271,-34.7413
36.076662,-79.008741,7,0.4,143.9,8.03,5287803,8.03,8.02613,-3.85005,4.29871,-0.08995,0.09988,-0.03589,89.92984,11.63402,-34.90208
36.076664,-79.008739,7,0.46,143.9,7.86,5288603,7.86,7.85504,-3.97149,4.26281,-0.09774,0.05925,-0.00382,89.696,12.94943,-33.86437
36.076664,-79.008739,7,0.46,143.2,8,5288803,8,8.001,-3.93679,4.26401,-0.12309,-0.0171,-0.03528,88.80444,13.34405,-33.30898
36.076661,-79.008734,7,0.81,143.2,8.01,5289603,8.01,8.01057,-3.70947,4.42792,-0.04933,0.07559,-0.0927,88.9506,14.17714,-30.95586
36.076661,-79.008734,7,0.81,143.6,7.86,5289803,7.86,7.86042,-3.8997,4.13001,-0.12614,-0.02306,-0.01573,89.75446,14.03099,-31.86203
36.076658,-79.008732,7,0.61,143.6,7.74,5290603,7.74,7.74437,-3.95115,4.24307,-0.12584,0.03696,0.04902,89.16984,15.77024,-32.12511
36.076658,-79.008732,7,0.61,144.2,8.07,5290803,8.07,8.0686,-3.77587,4.37707,-0.06307,0.11118,-0.01023,89.22829,14.99562,-31.48202
36.076656,-79.008728,7,0.51,144.2,8.23,5291603,8.23,8.23011,-3.71546,4.31845,-0.03146,0.05757,-0.03574,89.43291,15.71178,-30.13739
36.076656,-79.008728,7,0.51,144.3,7.78,5291803,7.78,7.78206,-3.92303,4.24726,0.0252,0.0423,-0.16432,89.12598,17.29027,-30.6197
36.076653,-79.008726,7,0.31,144.3,7.92,5292603,7.92,7.92264,-4.07019,4.10369,-0.14539,-0.1095,0.05055,89.06753,17.08565,-30.54662
36.076653,-79.008726,7,0.31,144.7,7.84,5292803,7.84,7.83829,-3.61436,4.44048,-0.04352,0.07117,-0.02459,89.40369,17.12949,-30.67817
36.076644,-79.008721,7,0.94,144.7,7.98,5293603,7.98,7.98246,-3.91167,4.21735,-0.10828,-0.11408,-0.10889,88.46828,18.4449,-30.29816
36.076644,-79.008721,7,0.94,145.8,7.74,5293803,7.74,7.74018,-3.87877,4.37767,-0.08858,0.06384,0.01833,88.84829,18.76644,-30.31277
36.076638,-79.008721,7,0.62,145.8,7.92,5294603,7.92,7.91905,-3.82911,4.23829,-0.00748,0.15211,-0.06338,88.21982,19.52645,-29.47968
36.076638,-79.008721,7,0.62,146.5,7.94,5294803,7.94,7.93998,-3.93739,4.10728,-0.09377,-0.02917,-0.01023,88.2929,20.05262,-28.80737
36.076635,-79.008719,7,0.39,146.5,7.93,5295603,7.93,7.9334,-3.83211,4.11506,-0.07208,-0.05162,-0.02978,88.33674,20.00877,-27.81351
36.076635,-79.008719,7,0.39,147.4,8.04,5295803,8.04,8.03988,-3.81655,4.37887,-0.06109,0.03482,0.02673,88.70213,20.05262,-29.09968
36.076632,-79.008721,7,0.2,147.4,7.85,5296603,7.85,7.85265,-3.77169,4.33998,-0.02886,0.12324,0.03207,88.51213,20.46185,-30.29816
36.076632,-79.008721,7,0.2,148.2,8.09,5296803,8.09,8.08714,-3.7992,4.17368,-0.01695,-0.011,-0.09255,88.0152,20.81263,-28.93891
36.076628,-79.008721,7,0.28,148.2,8.06,5297603,8.06,8.06262,-3.81236,4.21675,-0.02291,0.03054,-0.06903,88.38059,21.00263,-28.70506
36.076628,-79.008721,7,0.28,148.6,7.91,5297803,7.91,7.91486,-3.99601,4.23051,-0.10537,-0.13531,-0.03131,87.44519,21.60187,-29.20199
36.07662,-79.008723,7,0.3,148.6,7.94,5298603,7.94,7.9352,-3.81895,4.32862,-0.05009,0.12538,0.06842,87.38673,21.86495,-29.69892
36.07662,-79.008723,7,0.3,149.3,8.06,5298803,8.06,8.06142,-3.82373,4.17667,-0.02031,0.06888,-0.02245,87.85442,21.47033,-28.5589
36.076618,-79.008723,7,0.48,149.3,7.93,5299603,7.93,7.92981,-3.79023,4.28375,0.00596,0.02886,-0.13103,87.70827,22.93189,-29.14352
36.076618,-79.008723,7,0.48,149.1,7.89,5299803,7.89,7.89452,-3.9996,4.25743,-0.03986,-0.00993,-0.06384,87.34288,23.61882,-28.77814
36.076615,-79.008725,7,0.16,149.1,7.81,5300603,7.81,7.81436,-3.93021,4.29033,-0.10751,-0.05421,0.0255,87.57673,23.42882,-28.17889
36.076615,-79.008725,7,0.16,149.1,7.81,5300803,7.81,7.80958,-3.88475,4.23769,-0.05376,0.05345,0.02505,87.60596,22.94651,-28.88044
36.076611,-79.008727,7,0.33,149.1,7.86,5301603,7.86,7.86341,-3.88953,4.2682,-0.01787,0.04612,-0.03192,87.00672,23.99883,-29.08506
36.076611,-79.008727,7,0.33,149.6,7.99,5301803,7.99,7.99203,-3.82911,4.21556,-0.06735,0.01558,0.03268,87.44519,24.21807,-29.18737
36.076605,-79.008725,7,0.32,149.6,8.01,5302603,8.01,8.01177,-3.77169,4.25803,-0.05483,0.04551,0.04475,86.93364,23.99883,-29.20199
36.076605,-79.008725,7,0.32,149.8,7.91,5302803,7.91,7.90589,-3.85544,4.2682,-0.01069,-0.04612,-0.15837,86.58287,25.00731,-29.39199
36.076602,-79.008721,7,0.23,149.8,8.13,5303603,8.13,8.13201,-3.94995,4.20838,-0.0339,0.02993,-0.01313,86.64133,24.74423,-29.3043
36.076602,-79.008721,7,0.23,150.1,7.79,5303803,7.79,7.79223,-3.89432,4.14317,-0.05666,-0.04948,-0.02841,86.55364,25.46039,-28.70506
36.076602,-79.008721,7,0.29,150.1,8.04,5304603,8.04,8.04168,-3.76989,4.34656,-0.06139,0.02153,0.01985,85.88132,25.60655,-29.36276
36.076602,-79.008721,7,0.29,149.9,7.86,5304803,7.86,7.86042,-3.8333,4.17069,-0.02352,0.04047,-0.05651,86.64133,25.43116,-29.33353
36.0766,-79.00872,7,0.23,149.9,8.07,5305603,8.07,8.07279,-3.81177,4.19223,-0.0255,0.0087,-0.06643,85.23824,25.92809,-27.95966
36.0766,-79.00872,7,0.23,150,7.83,5305803,7.83,7.82932,-3.87278,4.21436,-0.03314,0.07804,-0.01634,85.60362,26.3081,-28.66121
36.076599,-79.008717,7,0.37,150,7.85,5306603,7.85,7.85444,-3.87697,4.28315,-0.00794,-0.01939,-0.08537,85.47208,26.24964,-28.88044
36.076599,-79.008717,7,0.37,149.9,7.93,5306803,7.93,7.93161,-3.85244,4.19701,-0.03512,0.08094,0.06628,85.92517,26.01579,-27.56504
36.076591,-79.008713,7,0.55,149.9,7.81,5307603,7.81,7.81316,-3.88355,4.1677,-0.0223,-0.00473,-0.02627,85.89594,26.93657,-27.76966
36.076591,-79.008713,7,0.55,150.3,7.97,5307803,7.97,7.97348,-3.85005,4.2682,-0.04872,0.00305,0.02993,85.91055,26.65887,-29.01199
36.076583,-79.008715,7,0.89,150.3,7.79,5308603,7.79,7.78684,-3.87936,4.19342,-0.04749,-0.10171,-0.02734,85.80824,26.54194,-28.20813
36.076583,-79.008715,7,0.89,149.9,8.02,5308803,8.02,8.02074,-3.90748,4.26222,0.02749,0.10125,-0.00367,85.58901,26.95119,-28.23736
36.076576,-79.008715,7,0.79,149.9,7.81,5309603,7.81,7.80838,-3.8668,4.24965,0.01665,0.04963,0.00214,85.19438,26.65887,-28.2812
36.076576,-79.008715,7,0.79,150,8.15,5309803,8.15,8.14816,-3.84347,4.16232,-0.0171,0.01084,0.05712,85.53055,25.63578,-27.44811
36.076571,-79.008717,7,0.62,150,8.03,5310603,8.03,8.03211,-3.86082,4.1342,-0.02153,-0.0649,0.03864,86.48056,25.41654,-27.68196
36.076571,-79.008717,7,0.62,150.4,7.87,5310803,7.87,7.8694,-3.87996,4.24427,0.03161,-0.00794,-0.0058,86.46594,24.55422,-28.90967
36.076565,-79.008714,7,0.7,150.4,7.96,5311603,7.96,7.95673,-3.96251,4.16531,0.02734,-0.02214,0.04688,86.80211,23.98421,-28.07659
36.076565,-79.008714,7,0.7,150.7,7.94,5311803,7.94,7.9352,-3.801,4.28136,0.05238,-0.03497,-0.00046,86.96288,23.45805,-27.94505
36.076562,-79.008709,7,0.61,150.7,8.05,5312603,8.05,8.05484,-3.92303,4.22752,0.02856,-0.02627,0.06613,87.28442,21.74803,-28.13505
36.076562,-79.008709,7,0.61,150.7,7.8,5312803,7.8,7.79761,-3.86022,4.24786,0.0478,-0.02214,0.01817,87.3575,21.95265,-28.80737
36.076558,-79.00871,7,0.41,150.7,7.9,5313603,7.9,7.9005,-3.84108,4.26999,0.0591,0.0507,0.07086,87.43058,20.34493,-29.81584
36.076558,-79.00871,7,0.41,150.5,7.99,5313803,7.99,7.99382,-3.88116,4.19402,0.06124,-0.04398,-0.02978,87.63519,20.08185,-29.09968
36.076557,-79.008705,7,0.85,150.5,7.95,5314603,7.95,7.94955,-3.85304,4.28854,0.0649,0.0391,0.07605,88.73137,18.73721,-28.89506
36.076557,-79.008705,7,0.85,150.1,7.95,5314803,7.95,7.95434,-3.92184,4.22034,0.04734,-0.04688,0.02596,87.98597,18.69337,-29.55276
36.076553,-79.008702,7,0.72,150.1,7.97,5315603,7.97,7.9693,-3.90987,4.22333,0.04643,-0.05941,-0.03665,88.51213,16.44256,-30.86817
36.076553,-79.008702,7,0.72,150.2,7.91,5315803,7.91,7.90648,-3.91585,4.24247,0.05589,-0.00412,0.03574,88.9506,16.41333,-31.26279
36.076552,-79.008702,7,0.31,150.2,7.95,5316603,7.95,7.95195,-3.89193,4.20239,0.03375,-0.04337,0.06093,89.52061,14.73253,-30.85355
36.076552,-79.008702,7,0.31,150.3,7.91,5316803,7.91,7.91187,-3.84048,4.29751,0.0649,-0.01894,0.00489,89.56445,14.06022,-31.80357
36.076549,-79.008702,7,0.4,150.3,7.78,5317603,7.78,7.78206,-3.88056,4.27358,0.08231,0.02275,-0.00046,89.90061,13.03712,-33.10435
36.076549,-79.008702,7,0.4,150.1,8.26,5317803,8.26,8.26361,-3.87278,4.21855,0.0391,-0.01008,0.05773,90.01754,13.09559,-33.10435
36.076547,-79.008701,7,0.36,150.1,7.93,5318603,7.93,7.93281,-3.94277,4.15932,0.02734,-0.0168,0.06857,89.52061,12.04326,-33.70359
36.076547,-79.008701,7,0.36,149.6,8.01,5318803,8.01,8.00818,-3.85484,4.23111,0.03436,-0.03299,0.03344,89.30137,11.25402,-33.3382
36.076542,-79.008696,7,0.63,149.6,7.94,5319603,7.94,7.94058,-3.84048,4.22991,0.062,-0.00794,-0.00458,88.80444,10.8594,-34.52207
36.076542,-79.008696,7,0.63,149.6,7.95,5319803,7.95,7.95434,-3.93201,4.25205,0.0336,-0.00901,0.05192,88.84829,10.50862,-35.51593
36.076539,-79.008691,7,0.76,149.6,7.91,5320603,7.91,7.91366,-3.83689,4.29512,0.03864,-0.00412,0.03772,89.30137,9.23707,-36.0421
36.076539,-79.008691,7,0.76,149.6,7.97,5320803,7.97,7.97348,-3.88056,4.32383,0.05971,-0.03726,-0.03054,89.27214,9.35399,-36.94826
36.076538,-79.008688,7,0.39,149.6,7.86,5321603,7.86,7.85923,-3.95833,4.25085,0.04078,-0.06872,-0.0029,89.506,9.04706,-37.3575
36.076538,-79.008688,7,0.39,149.3,8.01,5321803,8.01,8.00519,-3.85962,4.25264,0.05773,0.02764,0.04963,89.24291,8.43321,-38.36597
36.076539,-79.00869,7,0.35,149.3,8.05,5322603,8.05,8.05065,-3.83988,4.24547,0.04872,-0.00825,0.04307,89.11137,7.57089,-38.74598
36.076539,-79.00869,7,0.35,148.7,7.84,5322803,7.84,7.84008,-3.8357,4.25264,0.05757,-0.02749,0.00718,88.81905,7.84858,-39.72523
36.076535,-79.008686,7,0.38,148.7,7.94,5323603,7.94,7.93639,-3.9015,4.27239,0.0759,0.0536,0.04627,88.46828,6.69395,-40.68986
36.076535,-79.008686,7,0.38,148.6,8,5323803,8,7.99502,-3.92124,4.17129,0.07239,-0.05895,-0.05345,88.78983,6.67933,-40.60216
36.076533,-79.008683,7,0.26,148.6,7.95,5324603,7.95,7.95374,-3.89073,4.28614,0.07865,0.02107,0.00733,88.73137,5.91932,-43.3499
36.076533,-79.008683,7,0.26,148.7,7.93,5324803,7.93,7.92981,-3.92184,4.22513,0.05116,-0.05895,-0.01863,88.21982,5.97778,-43.18913
36.076533,-79.008681,7,0.44,148.7,7.87,5325603,7.87,7.87119,-3.93739,4.27597,0.07926,0.02062,0.04078,87.95674,5.89009,-43.97837
36.076533,-79.008681,7,0.44,148.5,7.98,5325803,7.98,7.98006,-3.868,4.23948,0.04536,-0.04994,0.05238,87.41595,4.72084,-44.22683
36.076531,-79.008677,7,0.37,148.5,7.81,5326603,7.81,7.81137,-3.90868,4.31187,0.02596,-0.05681,0.09529,87.31365,4.50161,-46.38994
36.076531,-79.008677,7,0.37,148.6,8,5326803,8,8.0016,-3.82553,4.27059,0.11454,0.04032,-0.01344,87.50365,4.2093,-46.74072
36.076528,-79.008673,7,0.6,148.6,7.9,5327603,7.9,7.89512,-3.91585,4.16172,0.07529,-0.00886,0.05528,86.23209,4.75007,-48.53844
36.076528,-79.008673,7,0.6,149.1,7.97,5327803,7.97,7.9693,-3.82612,4.27777,0.09239,-0.04841,-0.01955,86.6121,3.96083,-47.57381
36.076526,-79.00867,7,0.36,149.1,7.94,5328603,7.94,7.94178,-3.88116,4.40698,0.05208,-0.0281,0.04001,85.35516,4.42853,-50.59924
36.076526,-79.00867,7,0.36,149.7,7.88,5328803,7.88,7.88375,-3.86202,4.26461,0.08094,0.06964,0.03558,84.47823,4.00468,-51.72464
36.076524,-79.008673,7,0.17,149.7,7.9,5329603,7.9,7.89512,-3.89611,4.26281,0.04368,0.00153,0.03955,84.56591,4.63315,-52.10464
36.076524,-79.008673,7,0.17,151.1,7.94,5329803,7.94,7.94058,-3.86082,4.2329,0.03176,-0.03803,0.01649,83.99591,4.22391,-53.56621
36.076523,-79.008672,7,0.12,151.1,7.87,5330603,7.87,7.8682,-3.85304,4.27896,0.04673,-0.02489,-0.03085,83.99591,4.7793,-54.25314
36.076523,-79.008672,7,0.12,152.1,7.97,5330803,7.97,7.9681,-3.94876,4.24666,0.02443,0.02947,0.0672,83.8936,4.3993,-54.13622
36.076523,-79.008672,7,0.15,152.1,7.9,5331603,7.9,7.90289,-3.80399,4.26521,0.05147,0.0197,-0.00993,82.89973,4.38468,-55.45162
36.076523,-79.008672,7,0.15,152.8,7.92,5331803,7.92,7.92264,-3.98285,4.17009,-0.02474,-0.07514,0.06765,83.27974,4.79392,-55.10085
36.076523,-79.00867,7,0.17,152.8,7.87,5332603,7.87,7.87478,-3.91585,4.23231,-0.00336,-0.0927,0.00886,82.4905,5.7147,-55.72932
36.076523,-79.00867,7,0.17,153.7,7.94,5332803,7.94,7.94238,-3.8686,4.32921,0.05376,0.05177,0.03146,82.81204,5.08623,-56.16779
36.076523,-79.008669,7,0.33,153.7,7.93,5333603,7.93,7.92503,-3.82373,4.25683,0.0336,0.02337,0.02627,81.39433,6.03625,-56.15317
36.076523,-79.008669,7,0.33,154.1,7.9,5333803,7.9,7.9017,-3.96311,4.25264,0.02611,-0.0336,-0.02214,81.84741,6.35779,-56.69395
36.07652,-79.008672,7,0.62,154.1,7.93,5334603,7.93,7.93041,-3.86321,4.28854,0.04902,0.02825,-0.02428,80.67816,6.34317,-57.55627
36.07652,-79.008672,7,0.62,154.3,7.89,5334803,7.89,7.88794,-3.93201,4.20299,0.00229,-0.03833,0.01038,80.7074,6.25548,-58.30166
36.07652,-79.008671,7,0.2,154.3,7.88,5335603,7.88,7.88315,-3.94816,4.22632,-0.00046,-0.02001,0.00886,81.04356,7.52704,-58.76936
36.07652,-79.008671,7,0.2,155,7.93,5335803,7.93,7.92682,-3.86441,4.33579,0.00244,0.00397,0.02902,81.49664,7.57089,-58.11166
36.07652,-79.008672,7,0.15,155,7.91,5336603,7.91,7.91247,-3.85125,4.24666,0.00168,0.00122,0.01206,80.23969,7.57089,-59.39783
36.07652,-79.008672,7,0.15,154.9,7.96,5336803,7.96,7.96032,-3.91885,4.24008,0.01726,0.02886,-0.0029,80.61971,7.36627,-59.03245
36.076518,-79.00867,7,0.39,154.9,7.89,5337603,7.89,7.88615,-3.89731,4.27956,0.00397,-0.00947,-0.03574,80.35662,8.55013,-59.66092
36.076518,-79.00867,7,0.39,155.4,7.95,5337803,7.95,7.94896,-3.86261,4.29631,-0.0339,-0.00748,0.05147,80.04969,7.7755,-60.08477
36.076515,-79.008669,7,0.51,155.4,7.93,5338603,7.93,7.92742,-3.85484,4.27298,-0.00443,0.03299,-0.01604,80.02046,8.09705,-59.8363
36.076515,-79.008669,7,0.51,155.6,7.92,5338803,7.92,7.92204,-3.91406,4.18026,-0.01649,0.03482,-0.03879,79.75738,7.55627,-59.60246
36.076514,-79.008665,7,0.32,155.6,7.94,5339603,7.94,7.93879,-3.91526,4.18445,-0.01863,0,-0.02917,79.72815,7.48319,-60.20169
36.076514,-79.008665,7,0.32,155.9,7.91,5339803,7.91,7.91486,-3.92901,4.2993,-0.01909,0.02245,-0.01909,80.47355,8.11166,-59.79246
36.076511,-79.008663,7,0.59,155.9,7.92,5340603,7.92,7.92443,-3.9356,4.25922,-0.06811,-0.00305,0.05421,80.48817,4.01929,-60.28939
36.076511,-79.008663,7,0.59,156.9,7.9,5340803,7.9,7.89811,-3.85125,4.28435,-0.02474,0.00244,-0.04246,79.93277,7.65858,-60.55247
36.076511,-79.008662,7,0.61,156.9,7.94,5341603,7.94,7.9358,-3.88475,4.41775,-0.0197,0.06536,-0.01481,80.03508,7.19088,-60.26016
36.076511,-79.008662,7,0.61,157.3,7.92,5341803,7.92,7.91905,-3.8662,4.19761,-0.01772,0.02917,-0.07453,80.31277,7.73166,-59.39783
36.076508,-79.008662,7,0.59,157.3,7.9,5342603,7.9,7.90349,-3.94337,4.25623,-0.04444,0.00351,-0.06048,80.15201,7.38088,-59.06168
36.076508,-79.008662,7,0.59,158.1,7.89,5342803,7.89,7.88615,-3.85663,4.26999,-0.0478,0.06399,0.00733,80.85355,7.22011,-58.76936
36.076507,-79.008661,7,0.35,158.1,8.11,5343603,8.11,8.10629,-3.87817,4.22872,-0.07697,0.02795,0.02779,81.29202,6.63549,-58.63783
36.076507,-79.008661,7,0.35,158.5,7.9,5343803,7.9,7.89572,-3.86261,4.26042,-0.02734,0.02566,-0.08628,81.16048,7.13242,-58.85706
36.076504,-79.00866,7,0.45,158.5,7.93,5344603,7.93,7.92981,-3.89073,4.26999,-0.06216,0.011,-0.03742,81.89127,6.43087,-57.92166
36.076504,-79.00866,7,0.45,158.9,7.92,5344803,7.92,7.91785,-3.88116,4.29571,-0.02428,0.09529,-0.04108,81.5551,6.50395,-57.73166
36.076503,-79.008657,7,0.59,158.9,7.98,5345603,7.98,7.97767,-3.87577,4.27478,-0.04734,0.05956,-0.00901,82.06665,6.00702,-57.68781
36.076503,-79.008657,7,0.59,159.2,7.91,5345803,7.91,7.90708,-3.93021,4.25085,-0.07147,-0.02275,-0.0281,81.77434,5.93394,-58.11166
36.076502,-79.008656,7,0.51,159.2,7.9,5346603,7.9,7.9005,-3.89492,4.32144,-0.07895,-0.01252,0.00015,82.44666,5.29085,-56.25549
36.076502,-79.008656,7,0.51,159.4,7.92,5346803,7.92,7.92144,-3.87278,4.26401,-0.03971,0.0449,-0.04551,82.9582,5.39316,-56.03625
36.0765,-79.008655,7,0.31,159.4,7.96,5347603,7.96,7.96092,-3.8997,4.28854,-0.05788,0.05315,0.0084,82.88512,5.59778,-55.83163
36.0765,-79.008655,7,0.31,160.1,7.89,5347803,7.89,7.88854,-3.87458,4.18206,-0.05605,-0.00321,-0.03406,83.1482,5.23239,-55.37854
36.0765,-79.008653,7,0.33,160.1,8,5348603,8,7.99622,-3.8662,4.34955,-0.05116,0.03665,-0.00061,83.63052,5.59778,-55.51009
36.0765,-79.008653,7,0.33,160.5,7.89,5348803,7.89,7.88555,-3.89133,4.22214,-0.02596,0.01512,-0.08079,83.36744,4.94008,-54.88161
36.076501,-79.008652,7,0.31,160.5,7.92,5349603,7.92,7.91905,-3.89851,4.18565,-0.04139,-0.00535,-0.03558,83.92283,5.40778,-55.08623
36.076501,-79.008652,7,0.31,160.5,7.89,5349803,7.89,7.89153,-3.88834,4.27239,-0.03818,0.04673,0.01268,83.84975,5.30547,-55.247
36.076499,-79.00865,7,0.53,160.5,7.89,5350603,7.89,7.88555,-3.93859,4.20778,-0.03192,-0.00382,-0.02673,83.76205,5.057,-54.54546
36.076499,-79.00865,7,0.53,161,7.91,5350803,7.91,7.90768,-3.87996,4.23171,-0.02734,0.0339,0.00443,83.67436,5.56855,-54.9693
36.076498,-79.008649,7,0.6,161,7.9,5351603,7.9,7.89632,-3.88953,4.24247,-0.02275,-0.011,-0.03894,84.5513,4.96931,-55.18854
36.076498,-79.008649,7,0.6,160.9,7.89,5351803,7.89,7.89273,-3.91167,4.19581,-0.02001,0.04414,0.01344,83.57205,5.32008,-54.42853
36.076495,-79.008646,7,0.39,160.9,7.88,5352603,7.88,7.88136,-3.85962,4.22333,-0.01115,0.0055,-0.03635,83.80591,5.15931,-54.76469
36.076495,-79.008646,7,0.39,161.9,7.96,5352803,7.96,7.95853,-3.93918,4.25683,-0.02505,0.03589,0.02306,84.34668,4.88161,-54.91084
36.076495,-79.008646,7,0.32,161.9,7.91,5353603,7.91,7.91127,-3.92004,4.24128,-0.00137,0.00611,0.03421,83.64513,4.73546,-54.76469
36.076495,-79.008646,7,0.32,162.3,7.96,5353803,7.96,7.95853,-3.88475,4.25444,-0.00229,0.02703,-0.02703,84.18591,4.7793,-54.677
36.076492,-79.008645,7,0.53,162.3,7.97,5354603,7.97,7.97348,-3.89073,4.2341,0.00489,0.00244,-0.04994,83.87898,5.17393,-54.26776
36.076492,-79.008645,7,0.53,162.6,7.9,5354803,7.9,7.9017,-3.94038,4.25025,-0.03512,0.02398,0.04673,84.14207,4.64776,-55.39316
36.07649,-79.008645,7,0.43,162.6,7.91,5355603,7.91,7.90529,-3.8997,4.26939,-0.00993,0.04475,0.03176,83.5136,5.23239,-54.92546
36.07649,-79.008645,7,0.43,162.7,7.91,5355803,7.91,7.90888,-3.87936,4.22632,-0.00519,-0.01878,-0.03131,83.38205,5.057,-54.9693
36.07649,-79.008646,7,0.47,162.7,7.97,5356603,7.97,7.9681,-3.88594,4.28196,-0.02688,0.00473,0.03283,83.22128,5.26162,-56.09471
36.07649,-79.008646,7,0.47,162.6,7.91,5356803,7.91,7.90589,-3.89252,4.22513,0.00183,0.00199,-0.02581,83.30898,5.43701,-55.72932
36.07649,-79.008647,7,0.53,162.6,7.99,5357603,7.99,7.99263,-3.8686,4.31306,0.01527,0.03314,-0.02337,83.32359,5.3347,-56.21163
36.07649,-79.008647,7,0.53,161.6,7.89,5357803,7.89,7.88734,-3.89312,4.18325,-0.01084,-0.00596,-0.00275,83.45512,5.21777,-56.32856
36.076488,-79.008646,7,0.43,161.6,7.97,5358603,7.97,7.97169,-3.85843,4.20897,0.00916,-0.02337,-0.0536,83.30898,4.867,-55.91932
36.076488,-79.008646,7,0.43,161.9,7.85,5358803,7.85,7.85205,-3.92423,4.28555,-0.02917,0.00275,0.04475,82.97281,5.56855,-55.84624
36.076484,-79.008647,7,0.69,161.9,7.85,5359603,7.85,7.84846,-3.89611,4.19402,0.00443,0.03146,0.01939,83.03128,5.45162,-55.72932
36.076484,-79.008647,7,0.69,162.2,8.01,5359803,8.01,8.00698,-3.84168,4.24965,-0.01802,-0.01329,0.01909,82.66589,5.45162,-56.34317
36.076484,-79.008647,7,0.39,162.2,7.84,5360603,7.84,7.83769,-3.90868,4.2347,-0.02153,-0.01054,0.01634,82.03741,5.46624,-57.19088
36.076484,-79.008647,7,0.39,162.5,8,5360803,8,7.99502,-3.88834,4.30588,0.00641,0.01924,0.00397,82.27126,4.79392,-57.23473
36.076483,-79.008647,7,0.38,162.5,7.91,5361603,7.91,7.90888,-3.8686,4.31546,0.01191,0.05788,0.0084,82.22742,6.16779,-57.89243
36.076483,-79.008647,7,0.38,163.2,7.94,5361803,7.94,7.93639,-3.89312,4.21077,-0.01451,-0.00809,-0.00535,82.12511,5.13008,-57.61473
36.076482,-79.008648,7,0.4,163.2,7.95,5362603,7.95,7.94836,-3.84886,4.2688,-0.00336,0.01665,0.00168,82.12511,5.18854,-58.21397
36.076482,-79.008648,7,0.4,164.3,7.89,5362803,7.89,7.88734,-3.91885,4.25444,-0.00504,-0.0087,-0.0223,82.32973,5.61239,-58.38936
36.076482,-79.008647,7,0.69,164.3,7.9,5363603,7.9,7.89751,-3.90389,4.22034,0.00611,0.01237,-0.02734,81.71587,6.10932,-57.60012
36.076482,-79.008647,7,0.69,164.9,7.95,5363803,7.95,7.95434,-3.91585,4.18684,-0.00611,0.04352,0.03512,82.06665,5.93394,-58.00936
36.076484,-79.008647,7,0.4,164.9,7.93,5364603,7.93,7.93161,-3.90329,4.2006,-0.00336,0.00962,-0.0058,82.06665,5.93394,-57.51242
36.076484,-79.008647,7,0.4,165.1,7.89,5364803,7.89,7.88914,-3.95474,4.20539,-0.03176,-0.01634,0.01573,81.58434,6.05086,-57.43935
36.076486,-79.008646,7,0.48,165.1,7.94,5365603,7.94,7.93939,-3.87577,4.23889,0.00229,0.02902,-0.02535,81.83279,6.44548,-57.05934
36.076486,-79.008646,7,0.48,164.7,7.88,5365803,7.88,7.88435,-3.9009,4.25025,-0.02169,0.00764,0.01374,81.18971,5.97778,-57.49781
36.076487,-79.008644,7,0.25,164.7,7.92,5366603,7.92,7.91725,-3.86261,4.21436,-0.00015,0.00351,-0.02779,81.67203,6.15317,-57.70243
36.076487,-79.008644,7,0.25,164.6,7.93,5366803,7.93,7.92563,-3.9356,4.31067,-0.01665,0.02642,0.02734,81.49664,6.34317,-57.17626
36.076489,-79.008645,7,0.09,164.6,7.91,5367603,7.91,7.90708,-3.92184,4.34537,-0.01054,0.0029,-0.00657,81.42356,6.63549,-57.87782
36.076489,-79.008645,7,0.09,164,7.9,5367803,7.9,7.89751,-3.87577,4.25504,-0.00809,0.01619,-0.00153,81.0874,6.09471,-58.37474
36.07649,-79.008643,7,0.24,164,7.91,5368603,7.91,7.90529,-3.8674,4.25623,-0.00275,0.02871,-0.00886,81.56972,7.3078,-57.98012
36.07649,-79.008643,7,0.24,163.5,7.95,5368803,7.95,7.95494,-3.88834,4.267,-0.0026,0.02688,-0.00748,80.92663,6.78164,-58.93013
36.07649,-79.008642,7,0.45,163.5,7.94,5369603,7.94,7.93699,-3.8997,4.21197,-0.03176,0.00641,0.03604,81.24817,7.00088,-58.50629
36.07649,-79.008642,7,0.45,162.9,7.99,5369803,7.99,7.98724,-3.87278,4.20897,-0.00397,-0.02718,-0.04505,81.2774,7.05934,-59.23706
36.076488,-79.008642,7,0.49,162.9,7.96,5370603,7.96,7.95853,-3.90329,4.43151,0.00565,0.04398,-0.00367,81.01432,7.16165,-59.22245
36.076488,-79.008642,7,0.49,162.7,7.92,5370803,7.92,7.91845,-3.88116,4.2335,-0.00382,0.01069,-0.011,81.13125,7.48319,-58.9886
36.076487,-79.008643,7,0.26,162.7,7.95,5371603,7.95,7.94896,-3.89252,4.20359,-0.01604,-0.01619,-0.01772,80.73663,6.31394,-59.77784
36.076487,-79.008643,7,0.26,163.5,7.91,5371803,7.91,7.91127,-3.84527,4.35015,-0.02841,-0.0029,0.01894,79.88892,6.7378,-59.734
36.076487,-79.008641,7,0.29,163.5,7.91,5372603,7.91,7.91247,-3.85843,4.27179,-0.00657,0.00794,-0.02321,80.40047,6.94241,-59.39783
36.076487,-79.008641,7,0.29,164.4,7.95,5372803,7.95,7.95015,-3.94277,4.17966,-0.00687,0.02703,0.00183,80.88278,6.86934,-58.82783
36.076486,-79.00864,7,0.29,164.4,7.96,5373603,7.96,7.95673,-3.89252,4.26222,-0.00321,0.0197,-0.00535,79.84508,6.97165,-60.21631
36.076486,-79.00864,7,0.29,165.8,7.94,5373803,7.94,7.93998,-3.89851,4.20718,-0.00886,-0.00183,-0.00947,80.32739,6.57702,-59.58784
36.076484,-79.008643,7,0.32,165.8,7.94,5374603,7.94,7.93759,-3.92842,4.22572,-0.01283,-0.01115,-0.02825,80.44431,7.23473,-60.46478
36.076484,-79.008643,7,0.32,166.8,7.9,5374803,7.9,7.89572,-3.83988,4.22931,-0.01604,0.01817,0.00916,80.5174,7.41011,-59.66092
36.076484,-79.008645,7,0.21,166.8,7.95,5375603,7.95,7.94656,-3.84227,4.25803,0.00596,0.0087,-0.04612,80.15201,7.45396,-60.3917
36.076484,-79.008645,7,0.21,167.7,7.9,5375803,7.9,7.90349,-3.9021,4.27717,-0.01787,0.03192,0.02963,80.57585,7.62935,-60.27477
36.076481,-79.008644,7,0.54,167.7,7.88,5376603,7.88,7.88495,-3.91466,4.19581,-0.02825,0.00107,0.02566,80.02046,7.90704,-59.63169
36.076481,-79.008644,7,0.54,168.3,7.98,5376803,7.98,7.97528,-3.85484,4.32742,0.00428,0.02871,-0.01542,79.83046,7.61473,-59.924
36.076481,-79.008644,7,0.37,168.3,7.94,5377603,7.94,7.94058,-3.84347,4.30768,0.00321,0.01894,-0.02245,80.41508,8.3309,-60.78632
36.076481,-79.008644,7,0.37,168.6,7.89,5377803,7.89,7.88674,-3.92722,4.26521,0.00122,0.05513,0.01069,80.21046,8.00935,-59.98246
36.076479,-79.008645,7,0.29,168.6,7.99,5378603,7.99,7.98844,-3.86979,4.22034,-0.01619,-0.00733,-0.02886,80.09354,8.34551,-60.304
36.076479,-79.008645,7,0.29,168.9,7.91,5378803,7.91,7.91187,-3.89312,4.22572,-0.01878,-0.00183,-0.00916,79.8597,7.98012,-60.24554
36.076479,-79.008644,7,0.45,168.9,7.92,5379603,7.92,7.91665,-3.88714,4.25683,-0.03864,-0.00626,0.01756,79.43584,8.30167,-60.37709
36.076479,-79.008644,7,0.45,169,7.9,5379803,7.9,7.89871,-3.87039,4.31426,0.01436,0.0449,-0.03436,80.37124,7.87781,-60.14323
36.076478,-79.008641,7,0.36,169,7.95,5380603,7.95,7.94896,-3.88176,4.32622,-0.01313,0.03268,0.00794,79.43584,8.19936,-60.61093
36.076478,-79.008641,7,0.36,169.5,7.89,5380803,7.89,7.88794,-3.89312,4.17248,-0.00305,0.02337,-0.02428,79.8597,7.83397,-61.48787
36.076477,-79.008639,7,0.56,169.5,7.94,5381603,7.94,7.94238,-3.89432,4.2993,-0.01787,0.00733,-0.00901,80.13738,7.65858,-60.71324
36.076477,-79.008639,7,0.56,169.5,7.9,5381803,7.9,7.9017,-3.86142,4.19342,-0.01252,-0.00535,-0.02993,80.03508,7.49781,-60.56709
36.076476,-79.008635,7,0.62,169.5,7.97,5382603,7.97,7.9669,-3.87458,4.22872,-0.01451,-0.01665,-0.02963,79.88892,7.84858,-59.98246
36.076476,-79.008635,7,0.62,169.8,7.86,5382803,7.86,7.86281,-3.87757,4.18804,-0.00397,0.05223,0.00336,79.772,8.02397,-59.924
36.076476,-79.008634,7,0.36,169.8,7.91,5383603,7.91,7.90529,-3.91885,4.21436,-0.01298,-0.0026,-0.02443,79.64046,8.28705,-59.98246
36.076476,-79.008634,7,0.36,170.2,7.91,5383803,7.91,7.90947,-3.89552,4.22632,-0.02382,0.01161,0.00336,79.56738,8.28705,-60.80093
36.076476,-79.008634,7,0.24,170.2,7.92,5384603,7.92,7.92204,-3.85244,4.31964,0.00993,0.06032,-0.02367,79.07045,7.83397,-61.16633
36.076476,-79.008634,7,0.24,170.5,7.91,5384803,7.91,7.90589,-3.94337,4.2018,-0.02581,-0.00061,-0.01497,79.3043,8.36013,-60.52324
36.076474,-79.008632,7,0.45,170.5,7.92,5385603,7.92,7.91665,-3.91227,4.20838,-0.04475,-0.03115,-0.00107,79.0266,7.93628,-60.9617
36.076474,-79.008632,7,0.45,170.6,7.93,5385803,7.93,7.93101,-3.85244,4.27298,-0.02107,0.03115,-0.00092,79.53815,7.68781,-60.77171
36.076473,-79.008631,7,0.41,170.6,7.93,5386603,7.93,7.93041,-3.8662,4.2347,-0.02459,-0.00244,-0.02031,79.01199,8.03858,-61.10786
36.076473,-79.008631,7,0.41,171,7.91,5386803,7.91,7.90888,-3.92543,4.24547,-0.02627,0.02184,0.00137,79.69892,8.00935,-61.41479
36.076471,-79.008631,7,0.41,171,7.94,5387603,7.94,7.94238,-3.92961,4.28734,-0.02474,0.0423,0.01115,79.05583,8.38936,-61.03479
36.076471,-79.008631,7,0.41,171.1,7.92,5387803,7.92,7.92264,-3.91227,4.18026,-0.02428,-0.0029,-0.00687,79.24583,8.81321,-60.65478
36.076471,-79.00863,7,0.61,171.1,7.97,5388603,7.97,7.9693,-3.89731,4.26102,-0.02306,0.02275,0.00107,79.33353,8.38936,-60.97632
36.076471,-79.00863,7,0.61,171.1,7.89,5388803,7.89,7.88674,-3.89013,4.24247,-0.0226,-0.00275,-0.02138,79.45045,8.0532,-61.25402
36.076466,-79.008631,7,0.93,171.1,7.9,5389603,7.9,7.90409,-3.90449,4.24367,-0.00565,0.01878,-0.0504,79.46507,8.22859,-61.02017
36.076466,-79.008631,7,0.93,171.4,7.94,5389803,7.94,7.9352,-3.86082,4.25683,-0.03054,-0.00397,-0.00275,79.55276,8.56475,-61.06402
36.076465,-79.00863,7,0.62,171.4,7.89,5390603,7.89,7.89213,-3.95354,4.27777,-0.0394,0.00122,0.02795,79.66969,7.76089,-60.69863
36.076465,-79.00863,7,0.62,171,7.95,5390803,7.95,7.94836,-3.86142,4.2682,-0.0029,0.02917,-0.03146,79.42122,7.95089,-60.91786
36.076464,-79.008629,7,0.56,171,7.92,5391603,7.92,7.92084,-3.8668,4.2341,-0.02642,-0.01588,-0.00947,79.4943,7.95089,-61.35633
36.076464,-79.008629,7,0.56,170.5,7.91,5391803,7.91,7.91306,-3.87877,4.25504,-0.01802,0.02505,0.00137,79.53815,7.79012,-61.45863
36.076462,-79.008628,7,0.4,170.5,7.91,5392603,7.91,7.90708,-3.88056,4.19881,0.00504,0.03665,-0.05467,79.4943,8.2432,-60.49401
36.076462,-79.008628,7,0.4,170.5,7.96,5392803,7.96,7.96331,-3.92543,4.21615,-0.02337,0.04139,0.00947,79.58199,8.36013,-61.48787
36.076461,-79.008628,7,0.2,170.5,7.92,5393603,7.92,7.91725,-3.94098,4.18026,-0.04184,0.01436,0.00809,79.52354,8.34551,-61.03479
36.076461,-79.008628,7,0.2,170,7.92,5393803,7.92,7.91785,-3.9021,4.2347,-0.03451,0.0139,-0.01451,79.09968,7.89243,-60.28939
36.07646,-79.008628,7,0.18,170,7.98,5394603,7.98,7.97947,-3.86441,4.28016,-0.05192,0.01298,0.00015,80.07893,7.17626,-60.01169
36.07646,-79.008628,7,0.18,170.6,7.87,5394803,7.87,7.87059,-3.85544,4.27059,-0.03986,-0.01329,-0.05223,80.5174,7.92166,-61.02017
36.076459,-79.008623,7,0.82,170.6,7.9,5395603,7.9,7.89751,-3.92243,4.25863,-0.04994,0.00733,-0.03833,80.21046,7.71704,-60.56709
36.076459,-79.008623,7,0.82,170.4,7.94,5395803,7.94,7.94118,-3.8991,4.28255,-0.05238,0.04597,0.00412,79.93277,3.87314,-59.98246
36.076457,-79.008623,7,0.43,170.4,7.91,5396603,7.91,7.91127,-3.89133,4.22034,-0.05284,0.00015,-0.01634,80.45893,7.24934,-59.63169
36.076457,-79.008623,7,0.43,170.5,7.96,5396803,7.96,7.95913,-3.89731,4.23231,-0.05544,0.02978,-0.02566,80.82432,7.57089,-60.17246
36.076455,-79.008624,7,0.3,170.5,7.95,5397603,7.95,7.95434,-3.88654,4.28734,-0.06475,0.02917,-0.0087,81.10202,7.10319,-59.76323
36.076455,-79.008624,7,0.3,170.8,7.92,5397803,7.92,7.91606,-3.90568,4.20239,-0.03283,0.04307,-0.06261,81.42356,6.75241,-59.22245
36.07645,-79.008622,7,0.53,170.8,7.96,5398603,7.96,7.95554,-3.86979,4.21914,-0.06032,0.04734,-0.0281,81.48203,6.19702,-58.46244
36.07645,-79.008622,7,0.53,171.9,7.9,5398803,7.9,7.90409,-3.9015,4.23171,-0.06567,0.02062,-0.03696,81.51125,5.8024,-57.80473
36.076449,-79.008621,7,0.33,171.9,7.85,5399603,7.85,7.84966,-3.91765,4.19641,-0.0785,0.01726,-0.02199,82.47588,5.77317,-57.81935
36.076449,-79.008621,7,0.33,172.3,8,5399803,8,8.0004,-3.8662,4.2993,-0.06277,0.05559,-0.01772,82.40281,5.49547,-56.76703
36.076448,-79.008616,7,0.45,172.3,8,5400603,8,8.0022,-3.81057,4.26281,-0.06658,0.04032,-0.02062,82.98743,4.867,-56.02163
36.076448,-79.008616,7,0.45,173.3,7.89,5400803,7.89,7.88555,-3.9003,4.27597,-0.05345,0.01283,-0.07987,82.72435,4.5893,-56.12394
36.076449,-79.008611,7,0.17,173.3,7.97,5401603,7.97,7.97289,-3.88355,4.27597,-0.06261,0.06261,-0.02046,83.99591,4.61853,-54.69161
36.076449,-79.008611,7,0.17,174.5,7.9,5401803,7.9,7.9017,-3.93021,4.21615,-0.06582,0.03009,-0.03894,83.4259,5.13008,-55.59777
36.076448,-79.008606,7,0.3,174.5,7.92,5402603,7.92,7.92443,-3.87039,4.20299,-0.08751,0.01084,-0.00611,84.33207,4.75007,-54.57469
36.076448,-79.008606,7,0.3,174.9,7.89,5402803,7.89,7.89452,-3.88535,4.25683,-0.05788,0.02611,-0.0646,84.15668,4.54545,-54.1216
36.076447,-79.008605,7,0.25,174.9,7.96,5403603,7.96,7.96212,-3.87757,4.28076,-0.06888,0.02092,-0.04093,84.53668,4.3116,-53.11313
36.076447,-79.008605,7,0.25,175,7.9,5403803,7.9,7.90409,-3.89731,4.29571,-0.05925,0.0646,-0.02749,84.68284,4.04852,-52.09003
36.076447,-79.008602,7,0.23,175,8.03,5404603,8.03,8.02971,-3.85783,4.24786,-0.05315,0.08002,-0.03238,85.45747,4.18006,-50.92078
36.076447,-79.008602,7,0.23,175.3,7.86,5404803,7.86,7.86042,-3.92303,4.15633,-0.09591,-0.02673,-0.04765,85.60362,4.80854,-50.76001
36.076445,-79.008598,7,0.1,175.3,7.93,5405603,7.93,7.93221,-3.87398,4.267,-0.07193,0.01985,-0.06429,85.77901,3.97545,-49.75153
36.076445,-79.008598,7,0.1,175.9,7.94,5405803,7.94,7.9358,-3.89013,4.26042,-0.07422,0.04322,-0.04643,85.53055,4.47238,-49.29845
36.076442,-79.008597,7,0.24,175.9,7.93,5406603,7.93,7.93161,-3.91167,4.24846,-0.04062,0.06949,-0.02398,86.97749,4.88161,-48.14382
36.076442,-79.008597,7,0.24,176.2,7.94,5406803,7.94,7.93639,-3.88834,4.24965,-0.0901,0.02184,-0.04368,86.46594,4.19468,-47.57381
36.076441,-79.008597,7,0.23,176.2,7.88,5407603,7.88,7.87538,-3.93918,4.25623,-0.09087,0.04047,-0.02031,86.80211,4.34084,-47.36919
36.076441,-79.008597,7,0.23,176.5,7.94,5407803,7.94,7.9352,-3.87398,4.25982,-0.09468,0.04123,-0.02062,86.8898,4.41391,-47.57381
36.076436,-79.008598,7,0.38,176.5,7.98,5408603,7.98,7.97647,-3.85244,4.2999,-0.06093,0.04933,-0.07957,87.56211,5.11546,-45.52762
36.076436,-79.008598,7,0.38,177.1,7.86,5408803,7.86,7.85624,-3.95414,4.21855,-0.08002,0.04688,-0.04184,86.94827,4.80854,-45.64455
36.076432,-79.008599,7,0.32,177.1,7.93,5409603,7.93,7.93101,-3.91227,4.26401,-0.09529,0.03467,-0.02474,87.83981,5.32008,-44.08068
36.076432,-79.008599,7,0.32,177.6,7.9,5409803,7.9,7.90289,-3.88654,4.2658,-0.07819,0.05971,-0.04139,87.7375,5.21777,-44.24145
36.076428,-79.008599,7,0.38,177.6,7.95,5410603,7.95,7.94537,-3.85005,4.23948,-0.07804,0.0533,-0.03711,87.86904,5.3347,-42.67758
36.076428,-79.008599,7,0.38,177.8,7.91,5410803,7.91,7.91007,-3.93021,4.21077,-0.08949,0.03528,-0.03528,88.49751,5.43701,-42.44373
36.076424,-79.008596,7,0.36,177.8,7.91,5411603,7.91,7.90589,-3.87697,4.31007,-0.07712,0.03024,-0.08552,88.74598,6.06548,-40.92371
36.076424,-79.008596,7,0.36,178.3,7.94,5411803,7.94,7.9352,-3.88415,4.23829,-0.10614,0.02627,-0.02138,88.59982,6.28471,-40.87986
36.076421,-79.008594,7,0.37,178.3,7.88,5412603,7.88,7.87897,-3.91047,4.24487,-0.08201,0.0336,-0.07727,88.97983,6.95703,-39.92985
36.076421,-79.008594,7,0.37,178.4,7.95,5412803,7.95,7.94896,-3.90329,4.2676,-0.10385,0.07957,0.01741,88.33674,7.27857,-39.31599
36.076417,-79.008593,7,0.36,178.4,7.98,5413603,7.98,7.98246,-3.84227,4.25264,-0.08735,0.05284,-0.03283,89.18445,7.67319,-38.81906
36.076417,-79.008593,7,0.36,178.1,7.87,5413803,7.87,7.87298,-3.91944,4.23051,-0.08659,0.04093,-0.05284,89.75446,8.08243,-37.81058
36.076414,-79.008592,7,0.4,178.1,7.95,5414603,7.95,7.95015,-3.86022,4.23709,-0.06903,0.05483,-0.07987,89.3306,8.91552,-36.30518
36.076414,-79.008592,7,0.4,178,7.86,5414803,7.86,7.86042,-3.95773,4.1994,-0.09407,0.04872,-0.03115,89.52061,9.51476,-36.45133
36.076412,-79.00859,7,0.14,178,7.9,5415603,7.9,7.89632,-3.91885,4.21017,-0.08705,0.0365,-0.06628,89.85677,10.05554,-35.39901
36.076412,-79.00859,7,0.14,178.3,7.93,5415803,7.93,7.934,-3.87099,4.22872,-0.10079,0.05223,-0.01558,89.98831,10.75709,-34.20052
36.076412,-79.008588,7,0.12,178.3,7.94,5416603,7.94,7.9352,-3.88535,4.27597,-0.09927,0.02245,-0.05574,90.03216,11.64864,-34.60976
36.076412,-79.008588,7,0.12,178.3,7.94,5416803,7.94,7.93639,-3.8997,4.26281,-0.0843,0.06613,-0.0478,89.4183,11.92634,-33.36744
36.07641,-79.008587,7,0.12,178.3,7.92,5417603,7.92,7.91725,-3.90808,4.27597,-0.08201,0.05834,-0.06109,89.73984,13.47559,-32.6805
36.07641,-79.008587,7,0.12,178.6,7.92,5417803,7.92,7.92204,-3.88056,4.22991,-0.09285,0.05345,-0.03574,89.71061,14.08945,-32.13972
36.076407,-79.008587,7,0.18,178.6,7.95,5418603,7.95,7.95075,-3.9021,4.21735,-0.09911,0.03467,-0.03482,89.1406,14.791,-31.84741
36.076407,-79.008587,7,0.18,179.1,7.87,5418803,7.87,7.87179,-3.88295,4.24487,-0.09178,0.02627,-0.06063,89.47676,15.31716,-31.40895
36.076406,-79.008587,7,0.1,179.1,7.94,5419603,7.94,7.94297,-3.8991,4.1994,-0.11164,-0.0026,-0.03543,89.22829,17.01257,-30.31277
36.076406,-79.008587,7,0.1,179.2,7.86,5419803,7.86,7.86162,-3.87398,4.23649,-0.08216,0.05941,-0.04505,89.12598,17.36334,-31.92049
36.076403,-79.008586,7,0.33,179.2,7.99,5420603,7.99,7.99442,-3.868,4.22752,-0.07071,0.02673,-0.08415,88.78983,18.32797,-29.61122
36.076403,-79.008586,7,0.33,179.4,7.88,5420803,7.88,7.88016,-3.90808,4.24666,-0.07895,0.06933,-0.0255,88.40982,18.31336,-29.85969
36.076402,-79.008584,7,0.26,179.4,7.95,5421603,7.95,7.95075,-3.89731,4.17607,-0.08186,0.0449,-0.03986,88.39521,19.70184,-28.98275
36.076402,-79.008584,7,0.26,179.2,7.88,5421803,7.88,7.87717,-3.89252,4.26521,-0.09087,0.03146,-0.02963,88.14674,20.92955,-28.20813
36.076402,-79.008584,7,0.21,179.2,7.95,5422603,7.95,7.94597,-3.90628,4.22632,-0.08796,0.02291,-0.04062,87.47443,21.17802,-28.7489
36.076402,-79.008584,7,0.21,179.3,7.9,5422803,7.9,7.9023,-3.91346,4.28734,-0.07132,0.04123,-0.04749,87.40134,21.87957,-29.31891
36.076401,-79.008584,7,0.31,179.3,7.95,5423603,7.95,7.94836,-3.8991,4.2353,-0.06994,0.05147,-0.03528,87.40134,23.41421,-28.31044
36.076401,-79.008584,7,0.31,179.3,7.82,5423803,7.82,7.82034,-3.88176,4.24307,-0.08018,0.01649,-0.05085,86.86057,23.66267,-28.63198
36.076402,-79.008587,7,0.25,179.3,7.95,5424603,7.95,7.95494,-3.84945,4.29213,-0.08018,0.02749,-0.04016,87.05057,25.21193,-28.86583
36.076402,-79.008587,7,0.25,179,7.89,5424803,7.89,7.88794,-3.88355,4.23709,-0.05437,0.07605,-0.05177,86.83134,25.44578,-28.29582
36.0764,-79.008589,7,0.26,179,7.94,5425603,7.94,7.94058,-3.87877,4.20539,-0.0536,0.04872,-0.05651,86.07133,26.65887,-27.87197
36.0764,-79.008589,7,0.26,178.6,7.9,5425803,7.9,7.89691,-3.90868,4.2341,-0.08247,0.03925,0.00061,86.53902,26.55656,-27.55042
36.0764,-79.00859,7,0.16,178.6,7.86,5426603,7.86,7.85743,-3.87757,4.25504,-0.06231,0.0168,-0.04001,85.72055,27.28734,-28.39813
36.0764,-79.00859,7,0.16,178.2,7.95,5426803,7.95,7.94597,-3.92004,4.24008,-0.06292,0.05437,-0.0026,84.91669,27.28734,-28.10582
36.076401,-79.008589,7,0.61,178.2,7.89,5427603,7.89,7.89213,-3.87099,4.24367,-0.04047,0.07743,-0.03329,85.32593,28.10582,-28.14966
36.076401,-79.008589,7,0.61,177.9,7.94,5427803,7.94,7.94238,-3.94158,4.25683,-0.06231,0.01909,-0.01084,85.00439,28.39813,-29.15814
36.0764,-79.00859,7,0.09,177.9,7.85,5428603,7.85,7.84846,-3.91645,4.26461,-0.03497,0.06063,0.00336,85.26746,29.37737,-28.38351
36.0764,-79.00859,7,0.09,178.2,8,5428803,8,7.99801,-3.88415,4.28076,-0.04811,0.00977,-0.01772,84.87284,29.07045,-28.69044
36.076398,-79.008592,7,0.12,178.2,7.93,5429603,7.93,7.92682,-3.87398,4.22034,-0.04597,0.0478,0.00229,84.78515,29.34814,-28.67583
36.076398,-79.008592,7,0.12,178.3,7.93,5429803,7.93,7.93101,-3.85723,4.28255,-0.042,-0.00046,-0.04352,84.88746,29.52353,-28.93891
36.076398,-79.008594,7,0.21,178.3,7.89,5430603,7.89,7.89452,-3.9003,4.27298,-0.03864,0.04368,0.00718,84.60976,29.84507,-28.25197
36.076398,-79.008594,7,0.21,177.8,7.97,5430803,7.97,7.97229,-3.9021,4.23709,-0.04108,0.00305,-0.03329,84.43438,30.6197,-29.3043
36.076395,-79.008594,7,0.33,177.8,7.95,5431603,7.95,7.94836,-3.88953,4.2335,-0.04643,0.00702,-0.00122,84.44899,30.31277,-28.70506
36.076395,-79.008594,7,0.33,177.4,7.92,5431803,7.92,7.91546,-3.86261,4.24188,-0.01542,0.03268,-0.02963,84.02514,31.02894,-28.70506
36.076396,-79.008594,7,0.18,177.4,7.97,5432603,7.97,7.97229,-3.8674,4.22752,-0.02581,0.01405,-0.03436,83.93744,31.32125,-28.88044
36.076396,-79.008594,7,0.18,176.5,7.87,5432803,7.87,7.8664,-3.90987,4.21556,-0.03833,0.01344,-0.00932,83.58667,31.20432,-28.76352
36.076395,-79.008596,7,0.33,176.5,7.91,5433603,7.91,7.91306,-3.87039,4.28854,-0.02107,0.01527,-0.03268,84.1713,30.92663,-28.63198
36.076395,-79.008596,7,0.33,176,7.92,5433803,7.92,7.91845,-3.91526,4.24247,-0.03253,0.03574,0.00718,83.86436,31.46741,-29.12891
36.076394,-79.008598,7,0.31,176,7.92,5434603,7.92,7.92264,-3.89671,4.25085,-0.01634,0.04612,-0.0026,83.77667,31.02894,-28.86583
36.076394,-79.008598,7,0.31,176.3,7.96,5434803,7.96,7.96331,-3.90987,4.22692,-0.04001,-0.01695,-0.0087,83.71821,31.40895,-28.7489
36.076391,-79.008601,7,0.29,176.3,7.96,5435603,7.96,7.96092,-3.88355,4.25205,-0.01833,0.0281,-0.01787,83.52821,31.46741,-28.8366
36.076391,-79.008601,7,0.29,176.5,7.91,5435803,7.91,7.91366,-3.88535,4.2658,-0.02764,0.011,-0.01023,83.38205,31.26279,-29.08506
36.076391,-79.008604,7,0.16,176.5,8.04,5436603,8.04,8.0351,-3.89731,4.22812,-0.02092,0.03024,0.00718,83.71821,31.99357,-29.33353
36.076391,-79.008604,7,0.16,176.5,7.86,5436803,7.86,7.85863,-3.89791,4.22333,-0.01298,-0.00565,-0.02825,83.74744,31.52587,-29.27507
36.076388,-79.008607,7,0.45,176.5,7.97,5437603,7.97,7.97109,-3.90568,4.22273,-0.01634,0.02107,-0.00412,83.54282,31.3651,-29.6843
36.076388,-79.008607,7,0.45,176.6,7.94,5437803,7.94,7.93819,-3.89133,4.24427,-0.01298,0.00092,-0.01665,83.76205,31.37971,-30.00585
36.076386,-79.008608,7,0.35,176.6,7.93,5438603,7.93,7.93101,-3.9015,4.25384,-0.02306,0.00458,0.00473,84.01052,31.2774,-28.76352
36.076386,-79.008608,7,0.35,176.6,7.94,5438803,7.94,7.93998,-3.9015,4.25564,-0.00702,0.01909,-0.00718,83.8936,31.24817,-28.32505
36.076386,-79.008609,7,0.2,176.6,7.9,5439603,7.9,7.9017,-3.91526,4.2329,-0.00244,0.01466,-0.01542,84.1713,31.07279,-28.82198
36.076386,-79.008609,7,0.2,175.9,7.91,5439803,7.91,7.90648,-3.89432,4.21675,-0.01802,-0.00428,-0.00229,83.6159,31.21894,-28.50044
36.076385,-79.008609,7,0.2,175.9,7.92,5440603,7.92,7.92084,-3.90269,4.21017,-0.01069,0.00137,-0.01298,84.06898,30.75124,-28.14966
36.076385,-79.008609,7,0.2,175.3,7.91,5440803,7.91,7.91366,-3.9009,4.24367,-0.0113,0.01206,0.00107,83.86436,30.09354,-28.54429
36.076383,-79.00861,7,0.18,175.3,7.9,5441603,7.9,7.90469,-3.89851,4.24547,-0.00443,0.0255,-0.0026,83.77667,30.10816,-28.7489
36.076383,-79.00861,7,0.18,175.2,7.92,5441803,7.92,7.91964,-3.89073,4.29033,-0.01619,-0.00122,-0.00321,83.95206,30.66355,-28.07659
36.076382,-79.008611,7,0.32,175.2,7.93,5442603,7.93,7.92922,-3.87577,4.25025,-0.00596,-0.00779,-0.03375,84.14207,29.65507,-29.05583
36.076382,-79.008611,7,0.32,175.6,7.88,5442803,7.88,7.88196,-3.90987,4.23171,-0.01772,0.02581,0.01787,84.31745,29.99123,-28.48582
36.076381,-79.008611,7,0.29,175.6,7.97,5443603,7.97,7.97049,-3.87697,4.20658,-0.01741,-0.02581,-0.02474,84.20052,29.43584,-28.23736
36.076381,-79.008611,7,0.29,176.1,7.91,5443803,7.91,7.91486,-3.9003,4.24008,-0.01038,0.02871,0.00962,83.98129,29.28968,-28.14966
36.076379,-79.008609,7,0.22,176.1,7.92,5444603,7.92,7.92084,-3.90688,4.22931,-0.01161,0.02169,-0.0084,84.0836,29.69892,-28.88044
36.076379,-79.008609,7,0.22,176,7.93,5444803,7.93,7.92503,-3.90389,4.24307,-0.02581,0.00901,0.01038,84.33207,29.64046,-28.14966
36.076379,-79.008609,7,0.01,176,7.98,5445603,7.98,7.97887,-3.88295,4.23051,-0.01985,0.02489,0.01909,84.60976,28.86583,-28.6466
36.076379,-79.008609,7,0.01,175.9,7.9,5445803,7.9,7.90409,-3.87757,4.24068,-0.00809,-0.031,-0.05544,85.13593,29.52353,-27.63812
36.076379,-79.008611,7,0.13,175.9,7.89,5446603,7.89,7.88973,-3.91466,4.22872,-0.01939,-0.04673,-0.0391,84.90208,29.31891,-28.90967
36.076379,-79.008611,7,0.13,175.4,7.85,5446803,7.85,7.85265,-3.90808,4.25025,-0.00489,0.06063,0.04123,84.58054,29.40661,-27.79889
36.076379,-79.008612,7,0.17,175.4,7.83,5447603,7.83,7.8329,-3.8656,4.29571,0.01008,0.02214,-0.03176,85.36978,28.23736,-28.13505
36.076379,-79.008612,7,0.17,175.2,7.99,5447803,7.99,7.99023,-3.8991,4.16471,-0.02902,-0.01161,0.01802,84.94592,28.60275,-27.09734
36.076379,-79.008613,7,0.13,175.2,7.94,5448603,7.94,7.93879,-3.88056,4.24008,-0.00092,-0.0029,-0.01405,84.9313,28.38351,-28.04736
36.076379,-79.008613,7,0.13,175.2,7.89,5448803,7.89,7.89273,-3.92124,4.22214,0.0029,0.02413,0.011,85.09208,28.13505,-27.98889
36.076378,-79.008617,7,0.49,175.2,7.92,5449603,7.92,7.92084,-3.87219,4.26999,0.01145,0.02016,0.01252,85.17977,27.55042,-28.45659
36.076378,-79.008617,7,0.49,175.1,7.98,5449803,7.98,7.97947,-3.89671,4.21556,-0.00137,-0.01527,0.00641,85.19438,27.46273,-29.04122
36.07638,-79.008618,7,0.24,175.1,7.98,5450603,7.98,7.97827,-3.86979,4.22214,0.01542,-0.02337,-0.01741,85.66209,27.1558,-28.07659
36.07638,-79.008618,7,0.24,175.1,7.85,5450803,7.85,7.85444,-3.88953,4.21974,0.0139,0.02932,0.02932,85.83747,26.99503,-28.61736
36.076383,-79.00862,7,0.08,175.1,7.99,5451603,7.99,7.99382,-3.87278,4.22393,0.01451,-0.05849,-0.02825,86.04209,25.92809,-27.93043
36.076383,-79.00862,7,0.08,174.3,7.84,5451803,7.84,7.84068,-3.91346,4.2682,0.03146,0.02367,0.01436,85.82285,25.91348,-28.77814
36.076383,-79.008621,7,0.25,174.3,7.82,5452603,7.82,7.81556,-3.90329,4.24905,0.03589,-0.02337,-0.0058,86.65595,25.05116,-28.45659
36.076383,-79.008621,7,0.25,173.2,7.91,5452803,7.91,7.90708,-3.89851,4.24247,0.04765,0.02413,0.02428,86.1444,24.61269,-28.69044
36.076383,-79.008623,7,0.18,173.2,7.87,5453603,7.87,7.8688,-3.9009,4.24547,0.05467,-0.03436,-0.02993,86.87518,24.37884,-28.3689
36.076383,-79.008623,7,0.18,172.5,7.96,5453803,7.96,7.96331,-3.90688,4.20299,0.03406,0.01909,0.06781,87.05057,23.19497,-28.92429
36.076384,-79.008624,7,0.1,172.5,7.88,5454603,7.88,7.88076,-3.8997,4.19641,0.04933,-0.0336,-0.00214,87.47443,22.04034,-28.88044
36.076384,-79.008624,7,0.1,171.8,7.92,5454803,7.92,7.91546,-3.92543,4.22034,0.0391,0.00122,0.06124,87.76674,21.74803,-28.77814
36.076385,-79.008629,7,0.38,171.8,7.87,5455603,7.87,7.87298,-3.88535,4.22692,0.05498,0.00229,0.02886,88.11751,20.6957,-29.87431
36.076385,-79.008629,7,0.38,172,7.93,5455803,7.93,7.9346,-3.90389,4.2347,0.05238,-0.01558,0.02764,88.13213,20.038,-29.04122
36.076384,-79.008632,7,0.43,172,7.85,5456603,7.85,7.84726,-3.91286,4.27239,0.05681,-0.04093,0.00305,88.57059,18.51798,-30.98509
36.076384,-79.008632,7,0.43,172,8.02,5456803,8.02,8.01895,-3.88654,4.25922,0.0533,0.00336,0.0533,88.70213,17.74335,-30.31277
36.076382,-79.008631,7,0.13,172,7.83,5457603,7.83,7.82692,-3.92184,4.23769,0.05391,-0.03192,0.03742,88.83367,16.60333,-31.68664
36.076382,-79.008631,7,0.13,171.9,7.98,5457803,7.98,7.98006,-3.85843,4.29691,0.06567,0.03054,0.07101,89.11137,16.1941,-31.61356
36.07638,-79.00863,7,0.43,171.9,7.88,5458603,7.88,7.88375,-3.90987,4.24008,0.06429,0.00412,0.04337,89.34522,14.95177,-32.46127
36.07638,-79.00863,7,0.43,171.3,7.92,5458803,7.92,7.92383,-3.90389,4.23171,0.05238,-0.04597,0.01909,90.06139,14.17714,-31.78895
36.076378,-79.008627,7,0.64,171.3,7.92,5459603,7.92,7.91546,-3.8668,4.21256,0.05269,-0.02398,0.05574,90.00292,12.11634,-33.13359
36.076378,-79.008627,7,0.64,170.9,7.96,5459803,7.96,7.95853,-3.88953,4.24307,0.0675,-0.02871,0.01894,89.87138,12.55481,-33.41128
36.076375,-79.008624,7,0.56,170.9,7.96,5460603,7.96,7.95913,-3.88235,4.2347,0.06735,-0.01695,0.02107,89.4183,11.59018,-34.52207
36.076375,-79.008624,7,0.56,170.9,7.92,5460803,7.92,7.91606,-3.87278,4.28375,0.06704,-0.01817,0.02764,89.31599,11.25402,-35.00438
36.076371,-79.00862,7,0.29,170.9,7.95,5461603,7.95,7.95314,-3.89252,4.26939,0.05925,-0.02459,0.01542,89.85677,9.90938,-35.9544
36.076371,-79.00862,7,0.29,171.4,7.91,5461803,7.91,7.90648,-3.88535,4.21556,0.05192,-0.03558,0.01726,90.42677,9.20783,-36.8021
36.076366,-79.008615,7,0.54,171.4,7.94,5462603,7.94,7.9352,-3.88116,4.22094,0.05757,-0.0226,0.01802,89.66676,8.50628,-38.90675
36.076366,-79.008615,7,0.54,171.2,7.91,5462803,7.91,7.90529,-3.93918,4.21735,0.05773,-0.00809,0.03589,89.24291,8.44782,-38.81906
36.076361,-79.008608,7,0.76,171.2,7.95,5463603,7.95,7.95075,-3.87219,4.20539,0.0562,-0.03497,-0.01451,89.19907,7.3078,-39.90061
36.076361,-79.008608,7,0.76,171.3,7.91,5463803,7.91,7.91127,-3.91406,4.28375,0.0423,-0.03054,0.02535,88.80444,7.43935,-40.22216
36.076359,-79.008606,7,0.3,171.3,7.94,5464603,7.94,7.94058,-3.90509,4.31187,0.03528,-0.01634,0.07758,88.7606,7.13242,-41.2891
36.076359,-79.008606,7,0.3,171.3,7.94,5464803,7.94,7.94417,-3.87159,4.26281,0.04352,-0.02321,0.01145,88.14674,6.31394,-41.93218
36.076359,-79.008604,7,0.17,171.3,7.93,5465603,7.93,7.92623,-3.87637,4.18206,0.03161,-0.03161,0.01268,88.30751,5.87547,-43.27682
36.076359,-79.008604,7,0.17,171.2,7.93,5465803,7.93,7.9346,-3.90568,4.26341,0.03253,-0.01252,0.02902,88.45367,6.4601,-43.2622
36.076358,-79.008604,7,0.07,171.2,7.92,5466603,7.92,7.91606,-3.89432,4.21675,0.02459,-0.03803,0.00626,88.16135,5.40778,-44.35838
36.076358,-79.008604,7,0.07,171.2,8.1,5466803,8.1,8.09731,-3.88355,4.31845,0.04475,0.02199,0.01848,87.92751,5.37854,-44.4753
36.076358,-79.008601,7,0.22,171.2,7.92,5467603,7.92,7.91665,-3.90927,4.27777,0.00336,-0.00886,0.07285,87.43058,5.32008,-45.23531
36.076358,-79.008601,7,0.22,171.2,7.96,5467803,7.96,7.95614,-3.85125,4.26222,0.04795,-0.01023,-0.01115,87.43058,5.11546,-45.96609
36.076356,-79.008599,7,0.2,171.2,7.99,5468603,7.99,7.99442,-3.88535,4.22513,0.02947,-0.00351,0.02932,87.62058,4.85238,-46.82841
36.076356,-79.008599,7,0.2,171.6,7.94,5468803,7.94,7.93639,-3.90568,4.27478,0.03925,-0.04444,-0.03131,86.96288,4.54545,-47.45689
36.076355,-79.008598,7,0.17,171.6,7.97,5469603,7.97,7.9693,-3.90449,4.24666,0.03192,0.00733,0.01573,86.67056,4.56007,-47.32534
36.076355,-79.008598,7,0.17,172.1,7.9,5469803,7.9,7.9005,-3.92423,4.26042,0.02413,-0.01604,0.00519,87.02134,4.5893,-48.01228
36.076355,-79.008599,7,0.14,172.1,7.97,5470603,7.97,7.9675,-3.85424,4.26281,-0.00351,-0.03207,0.03894,86.53902,4.10699,-48.15844
36.076355,-79.008599,7,0.14,173.1,7.9,5470803,7.9,7.9005,-3.88116,4.29332,0.05009,0.00565,-0.03665,86.30517,3.85852,-48.61152
36.076353,-79.008599,7,0.2,173.1,7.93,5471603,7.93,7.9334,-3.88594,4.25324,0.02428,0.00993,0.00825,86.01286,4.19468,-50.01461
36.076353,-79.008599,7,0.2,173.8,7.93,5471803,7.93,7.93221,-3.89611,4.22214,0.01939,-0.01176,0.00412,86.45132,5.14469,-49.48846
36.07635,-79.0086,7,0.16,173.8,7.94,5472603,7.94,7.94417,-3.91585,4.22752,-0.00916,-0.01619,0.05773,85.34054,4.47238,-49.69307
36.07635,-79.0086,7,0.16,174.4,7.91,5472803,7.91,7.91187,-3.87577,4.20299,0.03009,-0.01237,-0.01772,85.82285,3.97545,-50.39462
36.076346,-79.008601,7,0.18,174.4,7.93,5473603,7.93,7.92802,-3.88953,4.25264,0.03589,0.00229,-0.03436,85.31131,4.26776,-51.46156
36.076346,-79.008601,7,0.18,174.9,7.9,5473803,7.9,7.89811,-3.91765,4.22572,-0.00901,-0.01497,0.04475,84.81438,4.13622,-50.99386
36.076344,-79.008601,7,0.2,174.9,7.89,5474603,7.89,7.89452,-3.88415,4.2018,0.01619,-0.01313,-0.00031,85.35516,4.54545,-52.35312
36.076344,-79.008601,7,0.2,175.3,7.94,5474803,7.94,7.94357,-3.88714,4.2682,0.02932,0.01512,-0.00962,85.03362,4.34084,-52.57235
36.076342,-79.008599,7,0.52,175.3,7.91,5475603,7.91,7.91247,-3.91167,4.20957,-0.02856,-0.0391,0.05788,84.75592,5.14469,-54.19468
36.076342,-79.008599,7,0.52,175.8,7.95,5475803,7.95,7.94896,-3.87817,4.34178,0.01772,0.01527,0.00779,84.18591,4.5893,-53.72698
36.076341,-79.008595,7,0.48,175.8,7.9,5476603,7.9,7.9017,-3.89312,4.22632,0.01313,0.01924,0.01359,84.21514,4.42853,-54.69161
36.076341,-79.008595,7,0.48,177.1,7.94,5476803,7.94,7.94417,-3.88774,4.31665,0.01374,-0.00229,-0.00672,83.83514,4.73546,-54.29699
36.076338,-79.008595,7,0.21,177.1,7.88,5477603,7.88,7.88495,-3.88535,4.27298,0.01497,-0.00473,-0.00794,83.82052,4.44315,-55.45162
36.076338,-79.008595,7,0.21,178.8,7.93,5477803,7.93,7.93221,-3.88834,4.25743,0.01313,0.03238,0.02856,83.79129,4.677,-54.85238
36.076338,-79.008594,7,0.2,178.8,7.93,5478603,7.93,7.9346,-3.89252,4.24547,0.00932,0.00015,0.00504,83.60129,4.80854,-55.67086
36.076338,-79.008594,7,0.2,180.8,7.94,5478803,7.94,7.93699,-3.87996,4.30768,0.01756,0.01206,-0.00565,83.07513,5.23239,-55.89009
36.076335,-79.008589,7,0.47,180.8,7.95,5479603,7.95,7.95195,-3.88415,4.41117,0.02062,0.03329,0.01084,83.22128,4.99854,-56.51856
36.076335,-79.008589,7,0.47,182.6,7.92,5479803,7.92,7.91785,-3.90927,4.17548,-0.00336,-0.03176,-0.00657,83.00205,5.10085,-56.25549
36.076334,-79.008588,7,0.24,182.6,7.94,5480603,7.94,7.94238,-3.90748,4.22931,0.00611,0.00214,0.00367,82.79742,5.74393,-57.2055
36.076334,-79.008588,7,0.24,184.1,7.91,5480803,7.91,7.90768,-3.91286,4.24188,-0.00076,-0.00565,0.00718,82.56358,6.19702,-56.22625
36.076334,-79.008589,7,0.08,184.1,7.9,5481603,7.9,7.9017,-3.87458,4.22094,0.00183,0.00825,0.01038,82.44666,5.86086,-56.4601
36.076334,-79.008589,7,0.08,186.1,7.98,5481803,7.98,7.97588,-3.88594,4.25384,0.00779,0.00443,0.03818,82.16895,6.28471,-57.77551
36.076335,-79.00859,7,0.07,186.1,7.94,5482603,7.94,7.9358,-3.89731,4.24786,-0.00122,-0.03299,-0.01405,81.86203,5.34931,-58.28705
36.076335,-79.00859,7,0.07,187.4,7.89,5482803,7.89,7.89392,-3.91466,4.27119,0.02245,0.03314,-0.00015,81.56972,6.37241,-57.57088
36.076333,-79.00859,7,0.09,187.4,7.93,5483603,7.93,7.93161,-3.91645,4.25623,-0.00611,-0.02016,0.0084,81.92049,6.06548,-57.07396
36.076333,-79.00859,7,0.09,189.5,7.91,5483803,7.91,7.91007,-3.88714,4.26341,0.00153,0.00397,0.01084,81.9351,6.47471,-57.76089
36.076331,-79.008588,7,0.1,189.5,7.93,5484603,7.93,7.93041,-3.87219,4.25504,0.00229,0.00321,0.00305,81.89127,6.67933,-58.7109
36.076331,-79.008588,7,0.1,191.1,7.92,5484803,7.92,7.92383,-3.93141,4.15693,0.00199,0.00489,-0.00061,81.84741,6.76703,-59.13476
36.076331,-79.008585,7,0.1,191.1,7.9,5485603,7.9,7.90469,-3.88953,4.25623,0.00657,0.02993,-0.00076,81.5551,6.85472,-58.3309
36.076331,-79.008585,7,0.1,192.4,7.94,5485803,7.94,7.94417,-3.89671,4.22872,-0.0142,-0.01985,0.01313,81.23356,6.48933,-59.55861
36.076329,-79.008581,7,0.28,192.4,7.9,5486603,7.9,7.89512,-3.89851,4.16949,-0.00489,-0.04444,-0.0307,81.32125,7.08857,-59.88015
36.076329,-79.008581,7,0.28,193.6,7.9,5486803,7.9,7.89871,-3.88714,4.32682,0.00092,0.03543,0.03009,80.85355,6.9278,-59.77784
36.076329,-79.008576,7,0.26,193.6,7.95,5487603,7.95,7.94896,-3.88475,4.27179,-0.00657,0.0252,0.02077,81.24817,7.27857,-59.3686
36.076329,-79.008576,7,0.26,194.3,7.9,5487803,7.9,7.90409,-3.88056,4.25145,0.00901,0.00733,-0.02535,80.69278,7.3955,-60.23093
36.076328,-79.008572,7,0.39,194.3,7.91,5488603,7.91,7.91366,-3.90449,4.23649,0.00565,0.01405,-0.00733,80.04969,7.57089,-60.99094
36.076328,-79.008572,7,0.39,195.2,7.93,5488803,7.93,7.92862,-3.92124,4.26999,-0.01222,-0.01726,0.00382,79.83046,7.57089,-60.94709
36.076329,-79.008566,7,0.37,195.2,7.89,5489603,7.89,7.88555,-3.90329,4.27059,-0.00657,0.0029,0.00504,79.4943,8.08243,-61.42941
36.076329,-79.008566,7,0.37,195.8,7.9,5489803,7.9,7.9005,-3.87697,4.27298,-0.00718,0.01436,0.01665,80.09354,7.71704,-61.41479
36.076332,-79.008561,7,0.21,195.8,7.9,5490603,7.9,7.89871,-3.88056,4.28435,0.01649,0.00596,-0.03619,79.66969,7.8632,-61.57556
36.076332,-79.008561,7,0.21,196.1,7.93,5490803,7.93,7.93041,-3.92961,4.21496,-0.02092,-0.01313,0.01558,79.71353,8.36013,-60.90324
36.076334,-79.00856,7,0.2,196.1,7.87,5491603,7.87,7.87478,-3.92184,4.24307,-0.00962,0.00321,0.01604,79.23122,8.5209,-61.37094
36.076334,-79.00856,7,0.2,195.9,8.09,5491803,8.09,8.08714,-3.89611,4.24606,0.00626,0.03268,0.00321,79.36276,8.95937,-61.3271
36.076335,-79.008556,7,0.46,195.9,7.96,5492603,7.96,7.95913,-3.88535,4.24606,0.00199,-0.00305,-0.01237,79.23122,8.60859,-62.1748
36.076335,-79.008556,7,0.46,196.3,7.91,5492803,7.91,7.90589,-3.9003,4.23709,0.0026,0.03054,0.00504,78.73429,8.63783,-62.11634
36.076336,-79.008555,7,0.3,196.3,7.91,5493603,7.91,7.90768,-3.90329,4.25444,0.00107,0.02688,0.02169,79.12891,9.12014,-62.55481
36.076336,-79.008555,6,0.3,195.8,7.94,5493803,7.94,7.94417,-3.89552,4.19881,-0.01298,-0.01619,0.00443,78.41275,8.87168,-62.10172
36.076336,-79.008555,6,0.33,195.8,7.92,5494603,7.92,7.92024,-3.9003,4.27179,-0.01909,-0.02138,0.0029,78.13505,8.7109,-62.73019
36.076336,-79.008555,6,0.33,195.1,7.93,5494803,7.93,7.92862,-3.88953,4.23829,0.01176,0.03497,-0.01665,77.93044,9.44168,-63.27097
36.076335,-79.008557,6,0.39,195.1,7.91,5495603,7.91,7.91067,-3.89851,4.22991,-0.02199,-0.02046,0.00076,78.39812,9.66092,-62.90559
36.076335,-79.008557,6,0.39,194.9,7.97,5495803,7.97,7.9675,-3.9021,4.28555,-0.0139,0.02123,0.0197,77.95966,9.33937,-63.87022
36.076332,-79.008557,6,0.26,194.9,7.9,5496603,7.9,7.89811,-3.90688,4.25863,-0.00031,0.04414,0.00687,77.9012,9.66092,-62.77404
36.076332,-79.008557,6,0.26,195.2,7.95,5496803,7.95,7.95314,-3.89252,4.20359,-0.01665,-0.01145,-0.00977,77.97428,9.39784,-62.74482
36.076329,-79.008561,6,0.62,195.2,7.91,5497603,7.91,7.91187,-3.89312,4.24427,0.00122,0.01573,-0.00657,78.06197,9.69015,-63.72406
36.076329,-79.008561,7,0.62,194,7.92,5497803,7.92,7.92443,-3.90329,4.19103,-0.01512,0.00244,0.01191,77.76966,9.76323,-63.56329
36.076329,-79.008564,7,0.96,194,7.93,5498603,7.93,7.93221,-3.89432,4.22214,-0.00794,0.01405,0.00993,77.7112,9.98246,-63.78252
36.076329,-79.008564,7,0.96,192.3,7.92,5498803,7.92,7.91546,-3.91286,4.22273,-0.00718,-0.00473,-0.00504,77.88658,10.37708,-64.46945
36.076329,-79.008566,7,0.98,192.3,7.93,5499603,7.93,7.92862,-3.88355,4.22692,-0.00046,-0.00641,-0.01313,77.60889,10.3917,-64.26483
36.076329,-79.008566,7,0.98,190.8,7.91,5499803,7.91,7.90947,-3.90269,4.20957,-0.00596,0.00351,-0.00046,77.09734,10.55247,-63.94329
36.076329,-79.00857,7,0.78,190.8,7.94,5500603,7.94,7.94297,-3.89312,4.23111,-0.00672,0.00443,0.00031,76.92195,10.83017,-63.68021
36.076329,-79.00857,7,0.78,189.3,7.9,5500803,7.9,7.90349,-3.89791,4.29272,-0.00641,-0.00565,-0.01069,76.92195,10.45016,-64.08945
36.076331,-79.008572,7,0.67,189.3,7.94,5501603,7.94,7.93759,-3.90329,4.22333,0.02092,0.02062,-0.02902,76.43964,11.50249,-64.33791
36.076331,-79.008572,7,0.67,188.1,7.89,5501803,7.89,7.88854,-3.90927,4.20658,-0.02566,-0.02856,0.02596,76.81965,11.26863,-64.60099
36.076332,-79.008573,7,0.64,188.1,7.87,5502603,7.87,7.8682,-3.92124,4.24367,0.00336,0.00351,-0.01359,77.00965,11.61941,-64.95177
36.076332,-79.008573,7,0.64,187.7,7.94,5502803,7.94,7.94118,-3.88295,4.24427,-0.00504,0.02734,0.02123,76.62964,12.2625,-64.54253
36.076335,-79.00857,7,0.22,187.7,7.9,5503603,7.9,7.90469,-3.89372,4.18804,-0.00809,-0.01313,-0.00199,76.60041,11.78018,-65.17101
36.076335,-79.00857,7,0.22,186.7,7.93,5503803,7.93,7.92742,-3.89193,4.2658,-0.00153,-0.00031,-0.00901,76.62964,11.63402,-65.71178
36.076335,-79.008572,7,0.23,186.7,7.91,5504603,7.91,7.91306,-3.89671,4.2347,0.00596,0.01894,-0.01268,76.10348,11.88249,-65.02485
36.076335,-79.008572,7,0.23,186.1,7.92,5504803,7.92,7.91905,-3.92722,4.18505,-0.00214,0.0171,0.00611,75.98655,12.11634,-65.15639
36.076335,-79.008572,7,0.17,186.1,7.93,5505603,7.93,7.93221,-3.90509,4.24786,-0.01252,0.01772,0.03146,76.36656,12.30634,-65.58024
36.076335,-79.008572,7,0.17,185.9,7.94,5505803,7.94,7.93879,-3.87817,4.21137,0.00748,-0.00443,-0.04337,75.88425,12.4525,-65.56562
36.076334,-79.008574,7,0.24,185.9,7.94,5506603,7.94,7.9352,-3.90628,4.24965,-0.00031,0.01527,-0.00932,75.92809,13.16866,-65.75563
36.076334,-79.008574,7,0.24,186,7.9,5506803,7.9,7.9005,-3.90449,4.19103,-0.00657,-0.00107,0.0026,76.22041,13.06635,-66.00409
36.076332,-79.008577,7,0.35,186,7.93,5507603,7.93,7.92922,-3.8997,4.21735,-0.00168,0.00321,-0.00626,75.18269,13.32944,-65.14177
36.076332,-79.008577,7,0.35,186.3,7.9,5507803,7.9,7.9017,-3.91645,4.27418,-0.01054,0.00061,0.00351,75.85501,13.70944,-65.22946
36.076332,-79.00858,7,0.28,186.3,7.88,5508603,7.88,7.88435,-3.89611,4.26939,0.01084,0.00901,-0.03726,75.56271,13.8556,-66.32564
36.076332,-79.00858,7,0.28,186.2,7.92,5508803,7.92,7.92084,-3.93021,4.23051,-0.00809,0.02963,0.02734,75.13885,13.68021,-65.62408
36.076332,-79.00858,7,0.1,186.2,7.87,5509603,7.87,7.8694,-3.88475,4.21376,-0.00321,-0.00764,-0.0139,75.40193,14.65946,-65.81409
36.076332,-79.00858,7,0.1,186.6,7.96,5509803,7.96,7.95793,-3.90269,4.24786,-0.00702,0.01802,0.02092,74.905,13.91406,-65.85793
36.076333,-79.008582,7,0.07,186.6,7.89,5510603,7.89,7.89392,-3.91346,4.25444,-0.00412,0.01878,0.00535,74.81731,14.63023,-66.07717
36.076333,-79.008582,7,0.07,187,7.95,5510803,7.95,7.95015,-3.91286,4.19761,-0.01283,-0.00367,0.00977,74.67115,14.96638,-65.58024
36.076336,-79.008583,7,0.21,187,7.93,5511603,7.93,7.9334,-3.88774,4.25564,0.0058,0.0139,-0.01038,74.72961,14.63023,-66.04794
36.076336,-79.008583,7,0.21,186.9,7.93,5511803,7.93,7.92742,-3.90568,4.24846,-0.00672,0.00244,0.00596,74.78808,14.82023,-65.71178
36.076341,-79.008582,7,0.32,186.9,7.88,5512603,7.88,7.87837,-3.89791,4.21496,-0.00702,-0.0171,-0.01161,74.49577,15.24408,-65.62408
36.076341,-79.008582,7,0.32,186.5,7.95,5512803,7.95,7.95075,-3.91526,4.24188,-0.00657,0.0171,0.01756,74.17422,15.69716,-65.69717
36.076343,-79.00858,7,0.12,186.5,7.91,5513603,7.91,7.90947,-3.88893,4.21197,0.00443,-0.00626,-0.02871,73.73575,16.13563,-65.58024
36.076343,-79.00858,6,0.12,185.5,7.9,5513803,7.9,7.89632,-3.9338,4.25683,-0.00428,0.02825,0.03238,74.17422,16.12102,-66.5741
36.076344,-79.008578,6,0.28,185.5,7.92,5514603,7.92,7.92144,-3.91286,4.2341,-0.00657,-0.00733,-0.00672,73.76498,16.17948,-66.50102
36.076344,-79.008578,7,0.28,184.4,7.93,5514803,7.93,7.92682,-3.91227,4.26999,0.00046,0.04169,0.0171,73.80882,16.26717,-66.8518
36.076347,-79.008577,7,0.03,184.4,7.91,5515603,7.91,7.90828,-3.88893,4.21675,-0.01863,-0.00336,0.0223,73.72114,15.78486,-67.11488
36.076347,-79.008577,7,0.03,184,7.93,5515803,7.93,7.93221,-3.88056,4.29093,0.00932,0.01069,-0.03009,73.61882,16.61795,-67.81643
36.076351,-79.008575,7,0.01,184,7.91,5516603,7.91,7.90529,-3.92483,4.21556,-0.00229,0.00748,-0.00092,73.22421,17.0418,-66.72026
36.076351,-79.008575,7,0.01,183.4,7.92,5516803,7.92,7.91725,-3.92423,4.26102,-0.01573,-0.01268,0.00596,73.29728,16.83718,-66.63256
36.076352,-79.008576,7,0.08,183.4,7.88,5517603,7.88,7.88076,-3.92901,4.24846,0.00473,0.03344,0.00061,73.28266,17.42181,-66.8518
36.076352,-79.008576,7,0.08,183.1,7.98,5517803,7.98,7.98126,-3.89492,4.2335,-0.02184,-0.02199,0.01939,73.10728,16.86641,-65.98948
36.076354,-79.008574,7,0.22,183.1,7.88,5518603,7.88,7.87717,-3.90329,4.26162,-0.00137,-0.00672,-0.02046,72.68343,17.24642,-67.46565
36.076354,-79.008574,7,0.22,182.6,7.95,5518803,7.95,7.95075,-3.89731,4.29332,-0.0087,0.01939,0.02749,73.48728,17.3195,-66.69102
36.076357,-79.008572,7,0.08,182.6,7.93,5519603,7.93,7.92503,-3.90688,4.25683,0.00428,0.01436,-0.00901,72.4642,18.51798,-66.76411
36.076357,-79.008572,7,0.08,182.1,7.92,5519803,7.92,7.91905,-3.89252,4.22752,-0.01023,-0.00626,0.00489,72.69804,15.03946,-66.72026
36.076358,-79.008572,7,0.21,182.1,7.93,5520603,7.93,7.93221,-3.89013,4.28614,-0.00733,-0.00947,-0.00764,72.68343,18.70798,-67.90412
36.076358,-79.008572,7,0.21,181.3,7.91,5520803,7.91,7.91426,-3.88235,4.26281,0.00748,0.02077,-0.00825,72.0988,19.39491,-67.37796
36.07636,-79.008571,7,0.08,181.3,7.94,5521603,7.94,7.93819,-3.88594,4.24547,-0.00137,0.00153,-0.00901,71.99649,19.26337,-67.75797
36.07636,-79.008571,7,0.08,180.6,7.9,5521803,7.9,7.89572,-3.90389,4.20897,0.0026,0.01268,0.00092,71.68957,18.82491,-67.53873
36.076363,-79.008569,7,0.15,180.6,7.94,5522603,7.94,7.9358,-3.87458,4.21735,-0.01268,-0.03146,-0.0142,71.89418,19.16106,-68.53259
36.076363,-79.008569,7,0.15,179.7,7.9,5522803,7.9,7.89751,-3.91227,4.31366,-0.00473,0.01695,0.01359,71.52879,19.658,-67.77258
36.076365,-79.008568,7,0.05,179.7,7.92,5523603,7.92,7.91606,-3.92782,4.28794,0,0.01741,-0.00183,72.02572,19.67261,-67.67027
36.076365,-79.008568,7,0.05,178.9,7.93,5523803,7.93,7.9346,-3.90389,4.24008,-0.01359,-0.00428,0.00199,71.7188,19.848,-67.87489
36.076368,-79.008565,7,0.15,178.9,7.91,5524603,7.91,7.91486,-3.90568,4.22931,-0.00535,0.0113,0.00794,71.52879,20.35954,-67.75797
36.076368,-79.008565,7,0.15,177.7,7.95,5524803,7.95,7.95015,-3.87637,4.23948,0.00351,0.01252,-0.01206,71.47033,20.56416,-67.1441
36.076371,-79.008561,7,0.26,177.7,7.92,5525603,7.92,7.92084,-3.89073,4.27418,0.0029,0.03146,0.00443,71.60188,20.79801,-67.87489
36.076371,-79.008561,7,0.26,176.3,7.93,5525803,7.93,7.92922,-3.91047,4.17607,0.00367,0.0252,-0.00183,70.79801,20.84186,-67.6995
36.076374,-79.008557,7,0.14,176.3,7.89,5526603,7.89,7.88674,-3.89073,4.21675,0.01268,0.02337,-0.01878,71.26571,21.11956,-67.8895
36.076374,-79.008557,7,0.14,175.2,7.9,5526803,7.9,7.9023,-3.88295,4.25145,-0.00855,0.00641,0.01191,70.95878,20.88571,-67.29027
36.076377,-79.008555,7,0.08,175.2,7.95,5527603,7.95,7.95494,-3.88056,4.24128,0.00794,0.02031,-0.01359,70.81263,21.33879,-68.10873
36.076377,-79.008555,7,0.08,174.5,8.05,5527803,8.05,8.05364,-3.91645,4.34058,0.04688,0.04887,-0.05483,70.95878,21.58726,-67.58258
36.076378,-79.008552,7,0.41,174.5,8.22,5528603,8.22,8.22054,-3.2656,5.01655,0.53726,0.47464,-0.73395,71.25109,22.17188,-67.34873
36.076378,-79.008552,7,0.41,173.9,7.01,5528803,7.01,7.01456,-4.02353,3.30748,-0.70433,-0.63194,1.01709,71.29494,23.26805,-67.87489
36.076378,-79.00855,7,0.52,173.9,8.33,5529603,8.33,8.32762,-3.48694,4.74975,-0.21915,-0.36713,0.25381,69.95031,20.35954,-69.1026
36.076378,-79.00855,7,0.52,173.1,7.64,5529803,7.64,7.64208,-3.60419,4.27777,0.50396,0.5339,-0.53512,69.78954,22.81497,-68.03566
36.076379,-79.008546,7,0.46,173.1,7.9,5530603,7.9,7.89871,-4.12762,3.83031,-0.01649,-0.04979,0.06506,70.35954,25.72347,-67.39258
36.076379,-79.008546,7,0.46,172.6,8.15,5530803,8.15,8.14756,-3.77528,4.59661,-0.03436,-0.08125,0.06597,69.51183,24.13037,-68.03566
36.07638,-79.008546,7,0.22,172.6,7.9,5531603,7.9,7.9023,-3.80937,4.38186,-0.05376,-0.08308,0.12294,68.47413,25.05116,-68.53259
36.07638,-79.008546,7,0.22,172.2,8.01,5531803,8.01,8.01356,-3.77109,4.46561,0.09255,0.04704,-0.07254,69.07337,25.34347,-69.07337
36.076379,-79.008548,7,0.3,172.2,7.95,5532603,7.95,7.95374,-3.8991,4.26281,0.02016,-0.03039,0.02138,68.78106,27.44811,-67.75797
36.076379,-79.008548,7,0.3,171.8,7.85,5532803,7.85,7.84607,-3.85005,4.25743,0.0649,0.03833,-0.01527,69.00029,27.4335,-68.50336
36.076378,-79.008549,7,0.15,171.8,7.82,5533603,7.82,7.82274,-3.90449,4.30588,0.03176,0.06735,0.07071,67.81643,28.3689,-68.41566
36.076378,-79.008549,7,0.15,171.9,7.95,5533803,7.95,7.94955,-3.83031,4.16471,0.04856,0.08995,0.05085,69.32184,28.79275,-66.79333
36.076379,-79.00855,7,0.09,171.9,7.96,5534603,7.96,7.95554,-3.8333,4.14616,0.03696,0.04734,0.03024,68.38644,29.4943,-66.50102
36.076379,-79.00855,7,0.09,172.2,7.97,5534803,7.97,7.97408,-3.92363,4.21735,0.0084,-0.12278,-0.0704,68.53259,30.44431,-67.8895
36.076379,-79.008552,7,0.1,172.2,7.95,5535603,7.95,7.95015,-3.9338,4.2353,0.02566,-0.04734,-0.02688,67.67027,30.79509,-65.96024
36.076379,-79.008552,7,0.1,172.7,7.94,5535803,7.94,7.94417,-3.94517,4.26939,0.00412,-0.05452,0.01283,67.33411,31.10202,-66.88103
36.076378,-79.008553,7,0.01,172.7,7.91,5536603,7.91,7.90828,-3.89731,4.27777,0.01176,-0.07178,-0.0394,67.46565,32.13972,-65.79948
36.076378,-79.008553,7,0.01,173.2,7.84,5536803,7.84,7.83949,-3.90688,4.27896,0.02046,0.06277,0.07285,66.88103,32.78281,-65.78486
36.076376,-79.008554,7,0.15,173.2,7.87,5537603,7.87,7.87239,-3.90987,4.25803,0.031,0.11393,0.07957,67.11488,33.08974,-65.55101
36.076376,-79.008554,7,0.15,173.8,7.99,5537803,7.99,7.98724,-3.8662,4.10608,0.00702,-0.0029,0.031,67.55334,33.03128,-64.63022
36.076376,-79.008552,7,0.33,173.8,8.06,5538603,8.06,8.05963,-3.83629,4.12941,-0.02367,-0.14126,-0.04322,67.68489,33.74744,-64.93715
36.076376,-79.008552,7,0.33,173.9,7.82,5538803,7.82,7.82274,-3.93201,4.34716,0.00886,-0.07789,-0.05284,66.16486,34.31745,-66.03333
36.076375,-79.008551,7,0.29,173.9,7.81,5539603,7.81,7.80958,-3.95414,4.34477,0.01436,0.06643,0.06429,65.90178,34.85823,-65.71178
36.076375,-79.008551,7,0.29,173.4,7.95,5539803,7.95,7.95494,-3.79442,4.18983,0.04154,0.11057,0.04062,67.1441,35.019,-65.01023
36.076377,-79.00855,7,0.3,173.4,7.96,5540603,7.96,7.95733,-3.88235,4.20897,0.03696,0.07101,0.01894,66.95411,35.64747,-63.79713
36.076377,-79.00855,7,0.3,172.4,8,5540803,8,7.99801,-3.90389,4.11326,-0.01848,-0.1098,-0.031,66.23795,35.61824,-64.93715
36.076377,-79.008551,7,0.15,172.4,7.99,5541603,7.99,7.98605,-3.88594,4.19581,-0.02963,-0.19074,-0.09148,66.82256,36.59749,-64.35253
36.076377,-79.008551,7,0.15,171.9,7.79,5541803,7.79,7.79163,-3.94218,4.38485,0.01772,0.04551,0.02459,65.50716,36.6121,-65.03946
36.076379,-79.008552,7,0.17,171.9,7.87,5542603,7.87,7.87298,-3.86261,4.29093,0.06597,0.22816,0.07697,66.17948,36.69979,-63.98714
36.076379,-79.008552,7,0.17,171.5,8.05,5542803,8.05,8.05065,-3.88594,4.066,-0.00596,-0.03772,-0.00886,67.21719,37.5475,-63.40252
36.07638,-79.008555,7,0.25,171.5,8.01,5543603,8.01,8.01356,-3.94995,4.18565,-0.04933,-0.20922,-0.07391,66.12102,37.38673,-64.03099
36.07638,-79.008555,7,0.25,171.1,7.77,5543803,7.77,7.77009,-3.9338,4.42134,-0.00702,0.03024,0.04811,65.4487,37.51827,-64.42561
36.07638,-79.008558,7,0.18,171.1,7.92,5544603,7.92,7.91964,-3.81954,4.27478,0.08781,0.16875,-0.02779,66.34025,37.12365,-63.22713
36.07638,-79.008558,7,0.18,171,7.93,5544803,7.93,7.93041,-3.93799,4.08814,-0.03665,-0.09896,0.00443,66.70564,38.08828,-62.37942
36.076381,-79.008558,7,0.1,171,7.86,5545603,7.86,7.86281,-3.86082,4.3669,-0.00367,-0.06964,-0.04047,66.13564,38.16135,-62.93481
36.076381,-79.008558,7,0.1,170.7,7.86,5545803,7.86,7.85504,-3.93021,4.2664,0.04062,0.12339,0.03222,65.65332,38.39521,-62.1748
36.07638,-79.008556,7,0.23,170.7,8.03,5546603,8.03,8.03271,-3.86441,4.22094,-0.01252,-0.0449,-0.01084,66.61795,38.78983,-62.75943
36.07638,-79.008556,7,0.23,170.8,7.78,5546803,7.78,7.77966,-3.92064,4.27597,0.03024,0.02642,-0.00214,65.96024,39.03829,-63.12482
36.076382,-79.008559,7,0.0,170.8,8.07,5547603,8.07,8.0668,-3.89073,4.25564,-0.01909,-0.00137,0.04368,66.36948,38.96522,-61.7948
36.076382,-79.008559,7,0.0,171.5,7.85,5547803,7.85,7.84846,-3.82373,4.25623,0.02443,-0.01741,-0.08201,65.58024,38.71675,-62.05788
36.076381,-79.008559,7,0.13,171.5,8.01,5548603,8.01,8.00519,-3.85185,4.31306,-0.00305,0.05162,0.04933,66.13564,39.09676,-61.35633
36.076381,-79.008559,6,0.13,172.5,7.93,5548803,7.93,7.9334,-3.8357,4.2,0.04291,-0.00336,-0.1098,66.4864,39.73984,-62.01403
36.07638,-79.008556,6,0.26,172.5,7.89,5549603,7.89,7.88615,-3.96192,4.2658,-0.01115,-0.01649,-0.01145,65.65332,40.77755,-60.50862
36.07638,-79.008556,7,0.26,173.3,7.95,5549803,7.95,7.95135,-3.90628,4.24846,-0.02871,0.00809,0.04933,65.9164,39.3306,-61.64864
36.076379,-79.008556,7,0.21,173.3,7.9,5550603,7.9,7.89691,-3.92004,4.14616,0.00443,0.04581,0.01451,65.31716,40.04677,-61.16633
36.076379,-79.008556,7,0.21,173.8,7.95,5550803,7.95,7.95314,-3.89013,4.15693,-0.00351,0.02001,-0.00275,66.41333,40.076,-60.83016
36.076379,-79.008557,7,0.1,173.8,8.01,5551603,8.01,8.00579,-3.85484,4.22333,-0.01313,-0.0394,-0.02841,66.64718,40.5437,-61.50249
36.076379,-79.008557,7,0.1,173.9,7.83,5551803,7.83,7.82752,-3.90329,4.29213,-0.00504,-0.01772,-0.02627,65.59486,40.77755,-60.65478
36.076379,-79.008558,7,0.31,173.9,7.96,5552603,7.96,7.96451,-3.91585,4.22692,-0.02505,0.05788,0.07559,66.20871,40.3537,-60.81555
36.076379,-79.008558,7,0.31,173.8,7.93,5552803,7.93,7.93281,-3.83988,4.19223,0.00275,-0.03635,-0.06811,66.64718,40.76294,-61.02017
36.076379,-79.008558,7,0.36,173.8,8.01,5553603,8.01,8.00638,-3.92782,4.24427,-0.0171,0.04887,0.0591,66.72026,37.60596,-60.24554
36.076379,-79.008558,7,0.36,173.8,7.95,5553803,7.95,7.95195,-3.85962,4.28555,0.0142,-0.04902,-0.10415,66.2964,40.87986,-60.34785
36.076377,-79.008557,7,0.4,173.8,7.71,5554603,7.71,7.70728,-3.98884,4.31007,-0.04872,0.10003,0.17623,65.77025,41.09909,-60.49401
36.076377,-79.008557,7,0.4,173.7,8.17,5554803,8.17,8.1667,-3.79741,4.24008,0.01054,-0.02199,-0.06872,66.79333,40.03215,-60.33323
36.076375,-79.008555,7,0.3,173.7,7.74,5555603,7.74,7.73779,-3.95294,4.27179,-0.03894,0.0588,0.10873,65.30254,41.4791,-60.01169
36.076375,-79.008555,6,0.3,173.2,8.2,5555803,8.2,8.19721,-3.8357,4.25803,0.00825,0.02963,-0.01756,66.83718,41.0114,-59.63169
36.076374,-79.008554,6,0.17,173.2,7.68,5556603,7.68,7.67737,-3.93739,4.23589,-0.02199,0.02398,0.05483,65.36101,42.28296,-60.33323
36.076374,-79.008554,6,0.17,173.2,8.18,5556803,8.18,8.17927,-3.84886,4.23589,-0.00153,0.09423,0.06338,67.33411,41.17217,-59.67553
36.07637,-79.008556,6,0.28,173.2,7.76,5557603,7.76,7.75933,-3.8668,4.20897,0.00916,-0.0704,-0.10751,65.93102,42.1368,-59.28091
36.07637,-79.008556,6,0.28,173.5,7.96,5557803,7.96,7.95853,-3.96132,4.27358,-0.0449,0.07468,0.13011,66.39871,41.59602,-58.9886
36.076369,-79.008557,6,0.21,173.5,7.84,5558603,7.84,7.84307,-3.92184,4.19641,-0.00565,-0.01069,-0.02214,65.93102,42.53143,-58.66706
36.076369,-79.008557,6,0.21,173.5,7.99,5558803,7.99,7.98664,-3.84108,4.24367,-0.02871,0.02657,0.05788,66.41333,41.78603,-59.734
36.076368,-79.008559,6,0.29,173.5,7.81,5559603,7.81,7.81316,-3.92842,4.21795,0.00199,0.00137,-0.04444,65.60947,42.4145,-59.1786
36.076368,-79.008559,6,0.29,173.1,8.02,5559803,8.02,8.02194,-3.91107,4.19581,-0.03696,0.02856,0.06353,66.39871,42.1368,-59.71938
36.076366,-79.008561,6,0.38,173.1,7.94,5560603,7.94,7.9358,-3.88056,4.20897,-0.00916,-0.0171,-0.03665,65.8287,41.97603,-58.59398
36.076366,-79.008561,6,0.38,173.3,7.9,5560803,7.9,7.89931,-3.89432,4.22692,-0.00443,0.02703,-0.00504,66.50102,42.50219,-59.12014
36.076364,-79.008564,6,0.24,173.3,8,5561603,8,7.99741,-3.88116,4.24487,-0.00626,0.01191,-0.02245,66.26717,42.37065,-58.94476
36.076364,-79.008564,6,0.24,173,7.86,5561803,7.86,7.85564,-3.90329,4.19881,-0.00275,0.00305,-0.03009,66.09179,42.32681,-58.88629
36.076364,-79.008566,6,0.15,173,8.03,5562603,8.03,8.03271,-3.85304,4.24905,-0.00015,0.01985,-0.02871,66.47179,42.37065,-59.16399
36.076364,-79.008566,6,0.15,172.9,8.48,5562803,8.48,8.48076,-3.60419,4.04566,-0.10064,0.65546,0.8517,66.98334,42.00526,-58.62321
36.076366,-79.008568,6,0.06,172.9,7.91,5563603,7.91,7.90708,-3.78545,4.13061,-0.2387,0.44395,0.48549,66.91026,41.24525,-60.15785
36.076366,-79.008568,6,0.06,172,8.11,5563803,8.11,8.11406,-3.6341,4.06182,-0.08858,-0.15073,-0.37538,68.15259,39.94446,-60.21631
36.076366,-79.008567,6,0.05,172,7.86,5564603,7.86,7.85624,-3.8997,4.27179,-0.1124,-0.10812,-0.35445,66.69102,39.3306,-62.84712
36.076366,-79.008567,6,0.05,171.8,7.78,5564803,7.78,7.78086,-4.11087,4.3663,-0.15898,0.17379,0.01161,65.30254,39.65215,-62.6425
36.076367,-79.008566,6,0.02,171.8,7.93,5565603,7.93,7.92563,-3.91705,4.22572,-0.15592,0.17807,0.00748,66.35487,36.64133,-64.00175
36.076367,-79.008566,7,0.02,170.7,8.02,5565803,8.02,8.01895,-3.85603,4.18445,-0.18509,0.03268,-0.05788,67.18796,35.2967,-64.86407
36.076366,-79.008565,7,0.1,170.7,7.95,5566603,7.95,7.95434,-3.84646,4.18744,-0.16631,0.00886,-0.11087,66.96872,32.70973,-66.15025
36.076366,-79.008565,7,0.1,169.7,7.88,5566803,7.88,7.87538,-3.92662,4.30529,-0.13607,0.09529,-0.08827,66.67641,32.56358,-66.00409
36.076364,-79.008565,7,0.1,169.7,7.9,5567603,7.9,7.90469,-3.90628,4.27896,-0.13699,0.13454,-0.03711,67.83105,30.66355,-67.5095
36.076364,-79.008565,7,0.1,169.3,7.96,5567803,7.96,7.96272,-3.89552,4.19522,-0.15012,0.03482,-0.0872,67.71412,29.65507,-67.77258
36.076361,-79.008565,7,0.31,169.3,7.95,5568603,7.95,7.94955,-3.93201,4.25205,-0.15104,0.08292,-0.04215,69.00029,26.64426,-68.18182
36.076361,-79.008565,7,0.31,168.8,7.89,5568803,7.89,7.89452,-3.91705,4.20299,-0.14905,0.05483,-0.07834,69.33645,25.78193,-68.43028
36.076361,-79.008563,7,0.2,168.8,7.96,5569603,7.96,7.96272,-3.91107,4.31007,-0.13806,0.1321,-0.02398,70.15492,24.02806,-68.51797
36.076361,-79.008563,7,0.2,167.8,7.92,5569803,7.92,7.91606,-3.87458,4.19462,-0.15073,0.00794,-0.11973,70.3157,22.94651,-68.53259
36.07636,-79.008565,7,0.35,167.8,7.92,5570603,7.92,7.92264,-3.88834,4.30349,-0.12599,0.07101,-0.10522,71.11955,19.848,-67.86028
36.07636,-79.008565,7,0.35,166.4,7.91,5570803,7.91,7.91486,-3.9015,4.20778,-0.15424,0.08292,-0.03619,71.54341,19.54107,-68.24028
36.07636,-79.008563,7,0.31,166.4,7.93,5571603,7.93,7.92503,-3.90927,4.22931,-0.13836,0.10415,-0.04704,73.22421,17.20257,-68.10873
36.07636,-79.008563,7,0.31,164.8,7.95,5571803,7.95,7.94955,-3.90808,4.20239,-0.15073,0.04123,-0.07498,73.85268,16.60333,-67.93335
36.076357,-79.008566,7,0.41,164.8,7.93,5572603,7.93,7.93041,-3.9326,4.24188,-0.13989,0.09514,-0.05009,74.52499,14.11868,-66.07717
36.076357,-79.008566,7,0.41,163.5,7.98,5572803,7.98,7.98305,-3.91107,4.20539,-0.15119,0.02413,-0.09163,74.96346,13.8556,-65.53639
36.076355,-79.008568,7,0.48,163.5,7.87,5573603,7.87,7.87298,-3.92363,4.28674,-0.14554,0.09713,-0.03864,76.74657,11.34171,-65.93102
36.076355,-79.008568,7,0.48,162.2,7.98,5573803,7.98,7.97528,-3.92901,4.2329,-0.13974,0.073,-0.07101,77.03888,11.0494,-64.93715
36.076358,-79.008563,7,0.21,162.2,7.93,5574603,7.93,7.93041,-3.87757,4.25863,-0.13515,0.11561,-0.03329,77.76966,9.03245,-62.24788
36.076358,-79.008563,7,0.21,160.9,7.97,5574803,7.97,7.9669,-3.89372,4.14736,-0.14035,0.03726,-0.09545,78.67583,8.91552,-62.68635
36.07636,-79.008561,7,0.16,160.9,7.97,5575603,7.97,7.9693,-3.88714,4.30409,-0.1434,0.08155,-0.05009,80.26893,3.81467,-61.12248
36.07636,-79.008561,7,0.16,159.7,7.92,5575803,7.92,7.92264,-3.9009,4.27119,-0.13592,0.04215,-0.10369,79.59661,7.5855,-60.49401
36.076363,-79.008561,7,0.31,159.7,7.87,5576603,7.87,7.87358,-3.91825,4.27059,-0.1518,0.04307,-0.06368,81.33587,6.12394,-58.75475
36.076363,-79.008561,7,0.31,158.6,7.95,5576803,7.95,7.94716,-3.89611,4.28495,-0.12996,0.0985,-0.062,81.81818,5.62701,-58.09705
36.076363,-79.008558,7,0.2,158.6,7.95,5577603,7.95,7.95195,-3.9021,4.25324,-0.13561,0.07529,-0.05483,82.84128,4.60392,-55.5247
36.076363,-79.008558,7,0.2,157.7,7.94,5577803,7.94,7.94357,-3.90269,4.27777,-0.14004,0.07758,-0.0533,83.26513,5.36393,-55.67086
36.076364,-79.008556,7,0.15,157.7,7.9,5578603,7.9,7.90409,-3.84287,4.22393,-0.14569,0.07361,-0.03818,84.62438,4.29699,-53.4639
36.076364,-79.008556,7,0.15,156.7,7.95,5578803,7.95,7.95135,-3.90748,4.22214,-0.13332,0.05559,-0.07453,84.69746,4.1216,-52.93774
36.076364,-79.008556,7,0.14,156.7,7.93,5579603,7.93,7.93041,-3.88415,4.28136,-0.11133,0.07254,-0.09575,86.20287,4.75007,-50.38
36.076364,-79.008556,7,0.14,156.2,7.89,5579803,7.89,7.89033,-3.91047,4.21735,-0.14248,0.07941,-0.02932,86.01286,5.01315,-49.51768
36.076365,-79.008551,7,0.32,156.2,7.95,5580603,7.95,7.94896,-3.88535,4.19701,-0.15073,0.04444,-0.02092,87.1675,5.057,-47.20842
36.076365,-79.008551,7,0.32,156.2,7.91,5580803,7.91,7.91127,-3.88056,4.24606,-0.11912,0.03894,-0.10553,86.67056,5.247,-46.97457
36.076366,-79.00855,7,0.32,156.2,7.87,5581603,7.87,7.87119,-3.90927,4.31187,-0.11774,0.08216,-0.06643,87.9129,5.62701,-44.6653
36.076366,-79.00855,7,0.32,155.8,7.94,5581803,7.94,7.9352,-3.8674,4.21436,-0.13179,0.08613,-0.03421,87.83981,5.75855,-44.09529
36.076366,-79.008546,7,0.37,155.8,7.92,5582603,7.92,7.91725,-3.87039,4.18744,-0.1182,0.06918,-0.07453,88.58521,6.06548,-41.87372
36.076366,-79.008546,7,0.37,155.8,7.93,5582803,7.93,7.9334,-3.87159,4.23589,-0.13928,0.06185,-0.04001,88.36597,6.32856,-40.98217
36.076365,-79.008543,7,0.15,155.8,7.93,5583603,7.93,7.934,-3.88295,4.22572,-0.13195,0.04398,-0.07239,88.74598,3.90237,-39.47676
36.076365,-79.008543,7,0.15,156.4,7.93,5583803,7.93,7.92563,-3.9332,4.22453,-0.12416,0.07071,-0.05238,89.06753,7.65858,-38.9506
36.076362,-79.008541,7,0.08,156.4,7.89,5584603,7.89,7.89332,-3.90688,4.21675,-0.13118,0.07559,-0.03497,89.52061,9.80707,-36.52441
36.076362,-79.008541,7,0.08,157.1,7.96,5584803,7.96,7.96212,-3.8662,4.22931,-0.12737,0.06811,-0.04872,89.66676,9.76323,-37.19672
36.07636,-79.008537,7,0.01,157.1,8.08,5585603,8.08,8.08056,-3.86082,4.15215,-0.11881,0.06536,-0.0533,89.53522,11.83864,-35.17977
36.07636,-79.008537,7,0.01,157.5,7.92,5585803,7.92,7.92264,-3.93679,4.23171,-0.11759,0.02749,-0.10079,89.81292,11.78018,-34.49284
36.07636,-79.008536,7,0.01,157.5,7.95,5586603,7.95,7.95255,-3.91286,4.27179,-0.11622,0.0759,-0.05177,89.59368,13.63636,-33.5136
36.07636,-79.008536,7,0.01,157.4,7.86,5586803,7.86,7.86042,-3.90449,4.19163,-0.12156,0.08583,-0.0255,89.76907,13.21251,-32.72435
36.076357,-79.008534,7,0.08,157.4,7.99,5587603,7.99,7.98664,-3.88295,4.2335,-0.13042,0.0365,-0.05773,89.43291,15.39024,-32.66589
36.076357,-79.008534,7,0.08,157.7,7.89,5587803,7.89,7.88674,-3.89013,4.21137,-0.11164,0.04704,-0.08201,89.02368,16.17948,-32.35896
36.076356,-79.008532,7,0.09,157.7,7.96,5588603,7.96,7.95853,-3.94397,4.20838,-0.12782,0.07483,-0.02413,88.68752,17.34873,-31.11663
36.076356,-79.008532,7,0.09,158,7.95,5588803,7.95,7.95015,-3.88056,4.22572,-0.11637,0.0255,-0.08659,88.77522,18.22567,-30.97047
36.076355,-79.008532,7,0.32,158,7.85,5589603,7.85,7.84607,-3.91047,4.2664,-0.0898,0.07453,-0.10339,88.51213,20.43262,-30.26893
36.076355,-79.008532,7,0.32,158.1,7.98,5589803,7.98,7.97947,-3.91585,4.2,-0.13974,0.07117,0.00397,88.36597,20.82724,-29.962
36.076353,-79.008533,7,0.49,158.1,7.93,5590603,7.93,7.92623,-3.90389,4.38844,-0.13806,0.05376,-0.011,86.8898,23.26805,-28.96814
36.076353,-79.008533,7,0.49,158.1,7.9,5590803,7.9,7.89871,-3.86441,4.24905,-0.11041,0.04291,-0.08399,87.21134,23.66267,-29.34814
36.076352,-79.008534,7,0.33,158.1,7.99,5591603,7.99,7.98724,-3.89432,4.20897,-0.11347,0.02947,-0.07315,86.55364,25.46039,-28.5589
36.076352,-79.008534,7,0.33,158.1,7.85,5591803,7.85,7.84906,-3.92004,4.27239,-0.10782,0.08292,-0.04979,86.29056,25.76732,-28.89506
36.076352,-79.008535,7,0.16,158.1,7.97,5592603,7.97,7.9687,-3.91466,4.19522,-0.12309,0.05696,-0.02611,85.09208,27.94505,-28.67583
36.076352,-79.008535,7,0.16,158,7.91,5592803,7.91,7.90648,-3.87219,4.30588,-0.11469,0.01604,-0.08079,85.13593,28.39813,-28.96814
36.076352,-79.008536,7,0.12,158,7.91,5593603,7.91,7.90828,-3.87877,4.23889,-0.08476,0.07972,-0.09041,84.11284,30.51739,-29.34814
36.076352,-79.008536,7,0.12,158.3,7.9,5593803,7.9,7.89751,-3.93859,4.21974,-0.14142,0.02688,-0.01558,83.73283,30.69278,-29.28968
36.07635,-79.008539,7,0.14,158.3,7.91,5594603,7.91,7.90708,-3.88953,4.33579,-0.11057,0.06872,-0.03009,83.1482,31.67202,-29.28968
36.07635,-79.008539,7,0.14,158.5,7.99,5594803,7.99,7.98664,-3.89552,4.21855,-0.09743,0.03803,-0.08583,83.13358,33.10435,-30.56124
36.076347,-79.00854,7,0.21,158.5,7.88,5595603,7.88,7.87777,-3.91825,4.24188,-0.08216,0.1011,-0.06093,81.86203,34.81438,-30.12277
36.076347,-79.00854,7,0.21,158.7,7.96,5595803,7.96,7.96032,-3.9344,4.21376,-0.14569,0.03268,0.00748,81.43818,34.7413,-29.81584
36.076347,-79.008542,7,0.12,158.7,7.97,5596603,7.97,7.9675,-3.84706,4.2335,-0.10873,0.05162,-0.04795,81.23356,36.27594,-31.01432
36.076347,-79.008542,7,0.12,158.8,7.94,5596803,7.94,7.93939,-3.868,4.267,-0.08445,0.042,-0.10064,80.85355,37.15288,-30.45893
36.076345,-79.008545,7,0.05,158.8,7.9,5597603,7.9,7.89632,-3.92184,4.24367,-0.1014,0.06338,-0.04734,79.34814,38.23443,-31.81818
36.076345,-79.008545,7,0.05,159,7.92,5597803,7.92,7.92264,-3.8997,4.20539,-0.12141,0.03742,-0.02535,79.64046,39.02368,-31.77434
36.076344,-79.008547,7,0.26,159,7.91,5598603,7.91,7.90529,-3.9003,4.26461,-0.11347,0.04291,-0.03558,78.26659,39.85677,-33.4259
36.076344,-79.008547,7,0.26,158.6,7.92,5598803,7.92,7.92204,-3.87757,4.26102,-0.08048,0.09759,-0.05208,78.14967,39.94446,-32.91435
36.076341,-79.00855,7,0.24,158.6,7.9,5599603,7.9,7.90349,-3.88295,4.22393,-0.07911,0.05483,-0.08934,77.60889,41.91757,-34.27361
36.076341,-79.00855,7,0.24,158.6,7.96,5599803,7.96,7.95673,-3.93799,4.18445,-0.12843,0.02428,-0.01481,77.46273,42.10757,-33.95206
36.076339,-79.008551,7,0.24,158.6,7.95,5600603,7.95,7.94776,-3.84945,4.25922,-0.10369,0.06185,-0.03176,76.92195,42.56065,-35.73516
36.076339,-79.008551,7,0.24,158.5,7.93,5600803,7.93,7.93041,-3.91286,4.24726,-0.0675,0.06949,-0.09377,76.13271,43.33528,-35.50132
36.07634,-79.008555,7,0.23,157.5,8.01,5601803,8.01,8.01057,-3.86381,4.42313,-0.09667,0.04673,-0.05406,75.10962,44.29991,-38.24905
36.076338,-79.008556,7,0.29,157.5,7.89,5602603,7.89,7.88734,-3.92961,4.22513,-0.10018,0.04154,-0.03421,73.47266,44.95761,-39.82753
36.076338,-79.008556,7,0.29,157.1,8.09,5602803,8.09,8.09013,-3.89312,4.22692,-0.09682,0.05742,-0.03986,73.9696,44.84069,-39.22829
36.076336,-79.008558,7,0.46,157.1,7.91,5603603,7.91,7.90589,-3.91107,4.15454,-0.09148,0.05284,-0.03848,72.53727,46.50687,-40.77755
36.076336,-79.008558,7,0.46,156.8,7.99,5603803,7.99,7.98844,-3.9021,4.24008,-0.09407,0.04948,-0.03955,72.2888,45.57147,-41.12833
36.076333,-79.008561,7,0.37,156.8,7.89,5604603,7.89,7.89332,-3.9021,4.28076,-0.10904,0.05788,-0.00565,71.93803,46.27302,-41.93218
36.076333,-79.008561,7,0.37,156.8,7.96,5604803,7.96,7.96391,-3.85843,4.2353,-0.08506,0.04368,-0.05956,72.15726,46.11225,-42.64835
36.076331,-79.008565,7,0.25,156.8,7.92,5605603,7.92,7.91725,-3.89731,4.22872,-0.09927,0.04795,-0.01878,71.7188,46.56533,-42.94066
36.076331,-79.008565,7,0.25,156.2,7.98,5605803,7.98,7.98006,-3.89133,4.24247,-0.0846,0.03451,-0.06353,71.33879,46.82841,-44.16837
36.076329,-79.008567,7,0.48,156.2,7.92,5606603,7.92,7.91964,-3.89252,4.21615,-0.07666,0.05421,-0.06399,70.53493,47.20842,-45.35223
36.076329,-79.008567,7,0.48,155.4,7.93,5606803,7.93,7.92503,-3.9356,4.22572,-0.10339,0.04337,-0.01374,70.76878,46.94534,-45.26454
36.076328,-79.008571,7,0.35,155.4,7.92,5607603,7.92,7.92264,-3.9009,4.24427,-0.08888,0.01268,-0.06399,69.5703,47.01841,-47.22303
36.076328,-79.008571,7,0.35,154.6,7.88,5607803,7.88,7.88256,-3.89731,4.24965,-0.0843,0.06353,-0.02398,70.02338,46.71149,-46.97457
36.076328,-79.008573,7,0.2,154.6,7.95,5608603,7.95,7.94537,-3.93619,4.21795,-0.09041,0.06888,-0.01023,68.73721,46.78456,-48.43613
36.076328,-79.008573,6,0.2,153.9,7.96,5608803,7.96,7.95733,-3.86321,4.23889,-0.0901,0.01222,-0.06048,69.01491,46.98919,-48.56767
36.076328,-79.008576,6,0.32,153.9,7.88,5609603,7.88,7.88495,-3.93141,4.25025,-0.0927,0.03879,-0.02092,68.22566,46.84303,-49.85384
36.076328,-79.008576,6,0.32,153.4,7.97,5609803,7.97,7.9687,-3.9009,4.27597,-0.08415,0.05162,-0.0339,68.19643,46.49226,-50.6577
36.076329,-79.008577,6,0.36,153.4,7.89,5610603,7.89,7.89392,-3.90269,4.22034,-0.08934,0.05177,-0.0223,68.09412,46.3461,-51.09617
36.076329,-79.008577,6,0.36,152.5,7.98,5610803,7.98,7.98246,-3.9003,4.22094,-0.08155,0.03375,-0.04795,68.4449,45.99532,-52.77697
36.076329,-79.00858,6,0.35,152.5,7.98,5611603,7.98,7.97588,-3.8674,4.22094,-0.07621,0.0701,-0.02031,68.40105,45.98071,-53.52236
36.076329,-79.00858,6,0.35,151.5,7.93,5611803,7.93,7.92503,-3.92543,4.22632,-0.07727,0.00428,-0.08644,67.45103,45.29377,-53.58083
36.07633,-79.008583,6,0.55,151.5,7.98,5612603,7.98,7.98066,-3.91944,4.24068,-0.08552,0.04184,-0.0223,67.11488,45.32301,-55.36393
36.07633,-79.008583,6,0.55,151,7.9,5612803,7.9,7.9011,-3.90269,4.21436,-0.07957,0.03115,-0.04368,67.1441,45.08916,-55.40778
36.07633,-79.008583,6,0.4,151,7.98,5613603,7.98,7.98365,-3.86202,4.19282,-0.07086,0.04811,-0.04673,66.96872,44.43145,-56.66472
36.07633,-79.008583,7,0.4,150.6,7.91,5613803,7.91,7.90708,-3.91885,4.23111,-0.07865,0.01604,-0.05528,66.55949,44.6653,-57.22011
36.076329,-79.008584,7,0.37,150.6,7.9,5614603,7.9,7.90349,-3.9332,4.22872,-0.07895,0.04566,-0.03131,66.60333,43.8176,-57.26396
36.076329,-79.008584,7,0.37,150.2,7.96,5614803,7.96,7.96152,-3.92602,4.26401,-0.08583,0.05238,-0.0058,66.6618,43.2622,-57.71704
36.07633,-79.008586,7,0.15,150.2,7.86,5615603,7.86,7.85982,-3.9003,4.26341,-0.08583,0.05238,-0.01176,66.36948,42.79451,-58.21397
36.07633,-79.008586,7,0.15,149.7,8,5615803,8,8.0004,-3.87099,4.24666,-0.07514,0.03268,-0.05971,66.4864,42.6045,-59.10553
36.076328,-79.008587,7,0.12,149.7,7.82,5616603,7.82,7.82154,-3.90808,4.31187,-0.08369,0.04368,-0.01466,66.03333,42.04911,-58.9886
36.076328,-79.008587,7,0.12,149.4,7.98,5616803,7.98,7.98246,-3.88953,4.23889,-0.08109,0.07498,0.00336,66.76411,41.37679,-60.34785
36.076327,-79.008588,7,0.4,149.4,7.89,5617603,7.89,7.88914,-3.87577,4.18983,-0.08155,0.02932,-0.04841,65.97486,41.34756,-60.304
36.076327,-79.008588,7,0.4,149.3,7.98,5617803,7.98,7.97887,-3.88415,4.2676,-0.0814,0.06231,-0.02245,66.42795,41.23063,-60.68401
36.076326,-79.008588,7,0.15,149.3,7.9,5618603,7.9,7.9005,-3.91107,4.22154,-0.08552,0.01222,-0.03574,65.62408,40.39754,-60.49401
36.076326,-79.008588,7,0.15,149.1,7.9,5618803,7.9,7.9023,-3.87219,4.28495,-0.07361,0.05299,-0.03115,65.59486,40.36831,-62.11634
36.076324,-79.008589,7,0.18,149.1,7.9,5619603,7.9,7.89871,-3.91227,4.23769,-0.08063,0.03192,-0.02443,65.96024,39.18445,-62.58404
36.076324,-79.008589,7,0.18,148.7,7.95,5619803,7.95,7.94537,-3.86441,4.23948,-0.06552,0.04887,-0.0368,66.4864,39.30138,-62.86174
36.076323,-79.008589,7,0.29,148.7,7.96,5620603,7.96,7.96272,-3.88774,4.23231,-0.06949,-0.01298,-0.07666,65.96024,38.49752,-63.43175
36.076323,-79.008589,7,0.29,148.8,7.82,5620803,7.82,7.82453,-3.92901,4.24367,-0.073,0.08308,0.02031,66.39871,37.86905,-63.12482
36.076323,-79.008589,7,0.48,148.8,7.88,5621603,7.88,7.87837,-3.86261,4.25922,-0.05742,-0.01817,-0.10079,65.75563,36.96288,-64.26483
36.076323,-79.008589,7,0.48,147.9,7.87,5621803,7.87,7.8664,-3.92842,4.25623,-0.06063,0.10568,0.02978,65.90178,36.34902,-64.84946
36.076326,-79.00859,7,0.15,147.9,7.75,5622603,7.75,7.75394,-3.87219,4.27298,-0.04536,0.08598,-0.0171,65.60947,36.18825,-64.58638
36.076326,-79.00859,7,0.15,147.3,8,5622803,8,8.0028,-3.87099,4.21556,-0.02627,0.13164,-0.01588,66.73487,35.79362,-64.22099
36.076325,-79.008591,7,0.17,147.3,8.11,5623603,8.11,8.10808,-3.97687,4.03968,-0.09911,-0.08415,-0.05544,66.74949,35.39901,-64.52792
36.076325,-79.008591,7,0.17,146.9,7.69,5623803,7.69,7.68814,-3.86979,4.32622,-0.07819,-0.04169,-0.06414,65.40485,35.07746,-65.33177
36.076325,-79.008592,7,0.08,146.9,8.05,5624603,8.05,8.04527,-3.92243,4.28734,-0.05162,0.14096,0.04093,66.44256,34.06898,-65.34639
36.076325,-79.008592,7,0.08,147,7.89,5624803,7.89,7.89033,-3.8674,4.14736,-0.06032,-0.02917,-0.0872,66.86642,34.24437,-65.56562
36.076326,-79.008593,7,0.23,147,7.84,5625603,7.84,7.84188,-3.89552,4.24905,-0.06979,-0.00993,-0.0368,66.69102,33.58667,-66.00409
36.076326,-79.008593,7,0.23,146.9,8.05,5625803,8.05,8.05484,-3.93978,4.23948,-0.07437,0.02902,0.00809,66.5741,32.7682,-66.5741
36.076328,-79.008593,7,0.16,146.9,7.78,5626603,7.78,7.78146,-3.86501,4.31127,-0.0365,0.16616,0.06796,66.32564,31.89126,-66.63256
36.076328,-79.008593,7,0.16,146.4,8.09,5626803,8.09,8.09133,-3.90389,4.15873,-0.03176,0.00779,-0.09728,67.52412,32.16896,-66.20871
36.076325,-79.008594,7,0.39,146.4,8.01,5627603,8.01,8.01237,-3.94218,4.1665,-0.02963,0.02275,-0.06918,67.91874,31.99357,-66.64718
36.076325,-79.008594,7,0.39,145.9,7.86,5627803,7.86,7.85743,-3.935,4.05823,0.02963,0.14218,0.05421,68.28413,31.67202,-66.74949
36.076323,-79.008595,7,0.24,145.9,10.19,5628603,10.19,10.18983,-1.17847,2.17448,-0.00596,0.53405,-0.0113,77.34581,19.04414,-61.92633
36.076323,-79.008595,7,0.24,145.2,8.64,5628803,8.64,8.63629,-1.28076,1.79462,-0.15119,0.31215,-0.30314,77.47735,21.17802,-60.84478
36.076321,-79.008603,7,0.75,145.2,7.99,5629603,7.99,7.99322,-2.76132,1.31067,-0.208,0.67989,0.08231,79.1143,26.92195,-57.45396
36.076321,-79.008603,7,0.75,144.7,7.92,5629803,7.92,7.92204,-0.27876,3.05623,-0.13042,-0.0672,0.05666,80.03508,25.18269,-56.37241
36.076322,-79.008602,7,0.32,144.2,9.45,5630803,9.45,9.44746,-2.18644,1.27298,-0.00168,0.22342,0.08552,79.52354,23.25344,-59.16399
36.076327,-79.008602,7,0.28,144.2,8.84,5631603,8.84,8.84327,-2.94915,1.066,-0.07285,-0.0788,-0.03238,78.71967,25.95732,-59.10553
36.076327,-79.008602,7,0.28,143.9,9.07,5631803,9.07,9.0694,-2.61296,1.92024,-0.08048,-0.20403,0.20265,78.88045,25.16808,-58.88629
36.07633,-79.008601,7,0.63,143.9,8.93,5632603,8.93,8.92523,-2.74277,1.86341,-0.05437,0.02581,-0.12416,78.64659,25.59193,-59.00322
36.07633,-79.008601,7,0.63,143.4,8.78,5632803,8.78,8.77687,-2.60638,1.56371,0.00535,0.18082,0.18219,78.07658,25.69424,-59.20783
36.076331,-79.008598,7,0.17,143.4,9.22,5633803,9.22,9.21715,-2.71406,1.51286,-0.02077,-0.00183,0.00367,78.9389,25.47501,-57.93628
36.076334,-79.008598,7,0.09,143.7,8.94,5634803,8.94,8.94078,-2.94257,1.48893,-0.03451,0.03436,0.01772,80.09354,25.51886,-57.81935
36.076336,-79.008595,7,0.13,143.7,9.11,5635603,9.11,9.11007,-2.73201,1.45484,-0.02871,0.03238,0.01741,79.61122,24.56884,-58.4332
36.076336,-79.008595,7,0.13,144.4,9.2,5635803,9.2,9.19502,-2.63091,1.58525,-0.00855,-0.00825,0.00825,79.65507,24.37884,-58.34552
36.076337,-79.008594,7,0.13,144.4,9.12,5636603,9.12,9.11965,-2.67817,1.43569,-0.00275,0.00305,-0.03436,79.40661,24.07191,-58.30166
36.076337,-79.008594,7,0.13,144.3,9.1,5636803,9.1,9.09751,-2.68415,1.5673,0.01054,0.00107,0.03604,79.8597,24.59807,-57.26396
36.076338,-79.008592,7,0.09,143.8,9.21,5637803,9.21,9.21117,-2.73978,1.20778,-0.03757,-0.02001,-0.06872,79.81584,25.00731,-57.51242
36.076339,-79.00859,7,0.09,143.8,9.12,5638603,9.12,9.11606,-2.71705,1.3663,-0.02566,0.01878,-0.00718,79.65507,25.24116,-56.67933
36.076339,-79.00859,7,0.09,143.4,9.28,5638803,9.28,9.27697,-2.85583,1.2341,-0.04337,0.00275,-0.02718,79.61122,25.51886,-57.16165
36.076338,-79.008588,7,0.2,143.4,9.02,5639603,9.02,9.01795,-2.7009,1.37767,-0.02306,-0.04352,0.00519,79.42122,24.77346,-56.86934
36.076338,-79.008588,7,0.2,143,9.08,5639803,9.08,9.08016,-2.72782,1.37527,-0.03192,0.00214,-0.02566,78.95352,25.03654,-57.27857
36.076338,-79.008587,7,0.06,143,9.12,5640603,9.12,9.11965,-2.70688,1.42672,-0.02688,-0.01512,-0.0307,79.772,24.905,-57.74627
36.076338,-79.008587,7,0.06,142.1,9.07,5640803,9.07,9.0676,-2.63809,1.43928,-0.02046,0.03742,-0.04016,79.43584,24.75884,-57.98012
36.076337,-79.008587,7,0.06,142.1,9.36,5641603,9.36,9.36072,-2.57707,1.39143,-0.02489,-0.03314,0.04169,79.61122,24.39345,-58.4332
36.076337,-79.008587,7,0.06,141.3,8.96,5641803,8.96,8.95514,-2.83131,1.3992,-0.01833,0.02886,-0.03696,79.74277,24.45191,-57.71704
36.076336,-79.008586,7,0.01,141.3,9.22,5642603,9.22,9.22254,-2.67876,1.49671,-0.0087,-0.01817,-0.01863,78.9389,24.36422,-58.31628
36.076336,-79.008586,7,0.01,140.6,9.44,5642803,9.44,9.44148,-2.77807,1.58824,-0.00855,0.15867,-0.00229,79.27506,23.82344,-58.72552
36.076334,-79.008586,7,0.1,140.7,8.6,5643803,8.6,8.6004,-2.86541,1.60738,-0.03451,-0.03375,0.01374,79.62584,24.96346,-57.3078
36.076333,-79.008587,7,0.12,140.7,8.9,5644603,8.9,8.89711,-2.58245,1.6343,-0.00641,0.05421,0.01878,79.61122,24.42268,-58.44782
36.076333,-79.008587,7,0.12,140.8,9,5644803,9,9.0018,-2.76969,1.54696,-0.01451,-0.16157,-0.08781,79.52354,24.07191,-58.59398
36.076335,-79.008589,7,0.03,139.9,9.2,5645803,9.2,9.2022,-2.68714,1.17547,-0.02245,0.0927,0.00809,79.17275,24.84654,-58.84245
36.076336,-79.00859,7,0.13,139.9,9.06,5646603,9.06,9.06461,-2.69492,1.50449,-0.00687,0.02001,0.062,79.61122,24.2473,-57.46857
36.076336,-79.00859,7,0.13,139.3,8.91,5646803,8.91,8.90728,-2.99342,1.58764,-0.05147,0.14371,-0.00809,79.81584,24.61269,-58.2432
36.076338,-79.008591,7,0.0,139.3,9.07,5647603,9.07,9.07358,-2.54776,1.87956,-0.02871,0.04016,0.0394,79.65507,23.42882,-58.2432
36.076338,-79.008591,7,0.0,138.5,9.22,5647803,9.22,9.21955,-2.9001,1.37946,-0.0901,-0.00825,0.00351,79.75738,22.68343,-58.82783
36.076337,-79.008592,7,0.26,137.8,9.16,5648803,9.16,9.15614,-2.74038,1.54576,-0.00321,0.04062,-0.02169,79.65507,21.93803,-59.06168
36.076339,-79.008593,7,0.09,137.8,9.06,5649603,9.06,9.05863,-2.53161,1.62712,0.0026,-0.01756,0.03665,80.25431,22.24496,-59.96785
36.076339,-79.008593,7,0.09,136.7,9.16,5649803,9.16,9.15913,-2.63629,1.64746,-0.00031,-0.02703,-0.01558,80.32739,22.05495,-59.06168
