Lat,Lon,Sats,Speed,GPS_Alt,Dist,Time,Alt,AX,AY,AZ,GX,GY,GZ,MX,MY,MZ
36.07914,-79.008215,7,0.58,152.3,5.9,803,5.9,5.89831,-1.79402,7.74078,0.13057,-0.46853,-0.44624,52.9962,16.41333,-74.52499
36.07913,-79.008173,8,0.16,146.6,5.87,1803,5.87,5.8678,-1.82572,8.03031,0.1295,-0.4722,-0.44547,53.17159,13.12482,-75.27039
36.079088,-79.008113,9,0.1,138.1,5.72,2803,5.72,5.72244,-1.51525,7.58525,0.00641,0.06231,-0.14432,54.3116,13.18328,-74.04268
36.079067,-79.008081,8,0.07,133.7,6.11,3803,6.11,6.11486,-1.25623,7.77966,-0.02642,0.00825,0.01038,54.44315,11.25402,-73.83806
36.079049,-79.00806,8,1.54,132,4.11,4803,4.11,4.11087,6.2668,5.55255,0.40516,0.09056,0.5226,55.32008,-8.18474,-69.89185
36.079014,-79.008043,8,4.71,130.9,3.47,5803,3.47,3.466,5.87677,7.71865,0.58353,0.20327,-0.18738,53.50774,-1.09617,-73.26805
36.079006,-79.008033,9,0.14,130.7,8.31,6803,8.31,8.31267,1.08814,8.97309,0.92302,-0.55268,-0.87277,60.61093,25.32885,-71.95264
36.078998,-79.008028,9,0.81,131,7.31,7803,7.31,7.31366,4.94238,2.75234,1.45691,-0.84834,0.31246,89.1406,2.7185,-37.34288
36.078992,-79.00802,9,0.1,130.8,5.85,8803,5.85,5.84507,1.53799,8.23729,0.10797,0.15592,-0.00107,80.02046,18.13797,-54.13622
36.078987,-79.008016,9,0.26,130.6,5.71,9803,5.71,5.71107,1.15872,8.58066,0.09041,-0.54245,0.07957,77.52119,18.7226,-56.19702
36.078983,-79.008008,9,0.16,131.5,2.84,10803,2.84,2.83609,-0.39781,9.77049,0.02062,0.02718,0.00367,67.40719,27.02426,-62.1748
36.078975,-79.008002,9,0.31,130.9,1.43,11803,1.43,1.42792,0.61615,10.20658,0.46655,0.03268,-0.58338,64.0456,23.5019,-61.44402
36.078973,-79.008001,9,0.29,130.9,0.8,12803,0.8,0.79561,0.3015,10.26521,0.02138,-0.48182,0.07132,56.12394,23.41421,-63.56329
36.07897,-79.007997,9,0.39,130.9,1.38,13803,1.38,1.38245,2.21037,9.41755,-0.31093,0.31139,-0.23885,55.247,21.79187,-70.79801
36.078966,-79.007987,9,0.09,131.4,4.54,14803,4.54,4.54337,1.92203,8.94736,0.26237,0.14661,-0.23747,65.53639,19.77492,-66.64718
36.078964,-79.007982,9,0.48,131.5,1.39,15803,1.39,1.38784,2.27498,9.96012,0.1069,-0.72571,0.2784,57.01549,19.68723,-67.36334
36.078961,-79.007975,9,0.12,131.2,1.45,16803,1.45,1.45424,3.42233,10.04627,-0.04994,0.14126,-0.12217,51.65156,15.49255,-68.95644
36.078959,-79.007974,9,0.13,131.9,2.06,17803,2.06,2.05603,3.82672,8.9354,-0.27275,-0.53756,-0.20174,54.25314,14.0456,-69.67261
36.078956,-79.007967,9,0.05,132.9,2.38,18803,2.38,2.38206,4.62951,7.70489,-0.24709,0.3091,-0.09774,57.04473,8.74013,-73.76498
36.078956,-79.007965,9,0.83,133,4.21,19803,4.21,4.20897,3.32363,7.88375,0.38164,1.04962,-0.37828,57.2055,13.47559,-71.33879
36.078957,-79.007962,9,0.43,133.3,3.87,20803,3.87,3.87398,5.53819,6.94337,-0.13393,-0.16524,0.44227,65.08331,2.30927,-69.13184
36.078958,-79.007959,9,0.09,134,-0.63,21803,-0.63,-0.62752,3.50369,5.10748,0.13073,1.92377,-0.55131,53.15697,3.53698,-73.48728
36.078958,-79.007955,9,0.24,134.7,2.29,22803,2.29,2.28634,4.60678,8.16012,1.1246,-2.11619,0.1576,56.75241,3.59544,-71.25109
36.078958,-79.007953,9,0.56,135.3,-8.7,23803,-8.7,-8.70329,-0.68554,5.06561,0.17287,-0.5284,0.77504,20.81263,28.90967,-58.85706
36.078958,-79.007949,9,0.09,136,-7.55,24803,-7.55,-7.55354,-2.8014,5.75653,0.16127,-0.66294,0.35568,20.34493,31.84741,-57.3955
36.078959,-79.00794,0,0.75,0,-12.44,203,-12.44,-12.43909,-0.11605,3.08255,0.1266,0.68203,2.11115,17.05642,20.28647,-45.54224
36.078959,-79.00794,9,0.75,139.5,-7.78,403,-7.78,-7.77667,-0.268,4.09891,-0.31658,4.03644,-2.07541,24.07191,18.64952,-51.15463
36.078958,-79.007939,9,0.2,139.5,2.13,1203,2.13,2.1332,2.6991,9.72024,0.26176,0.01939,0.1909,48.43613,12.90558,-61.66326
36.078958,-79.007939,9,0.2,139.8,1.01,1403,1.01,1.01276,1.57089,10.48415,-0.04215,0.76404,0.40363,48.4069,14.54253,-62.02865
36.078958,-79.007936,9,0.38,139.8,-6.68,2203,-6.68,-6.67956,-1.15095,11.39402,0.70234,0.00504,2.60168,43.46682,25.05116,-68.85413
36.078958,-79.007936,9,0.38,139.5,-4.01,2403,-4.01,-4.00559,-2.92523,9.57189,0.5904,0.88484,1.43492,48.69921,29.11429,-67.02719
36.078958,-79.007938,9,0.83,139.5,1.73,3203,1.73,1.73001,-3.33201,9.97807,-0.40134,0.50809,0.18876,68.0649,18.12336,-64.35253
36.078958,-79.007938,9,0.83,139.7,1.42,3403,1.42,1.41655,-0.60239,6.4343,4.95687,2.65696,-1.80633,74.61269,19.74569,-57.42473
36.078958,-79.007939,9,0.43,139.7,1.91,4203,1.91,1.91366,-3.91167,9.96192,2.37795,0.72449,-1.13743,68.50336,16.8518,-59.07629
36.078958,-79.007939,9,0.43,139.8,2.17,4403,2.17,2.16969,-8.43889,6.61017,1.72218,-0.78664,1.08933,69.35107,22.46419,-57.36627
36.078956,-79.007937,9,0.45,139.8,4.68,5203,4.68,4.68216,-5.61715,4.91905,-0.23289,0.87293,1.50303,80.09354,12.71558,-58.49167
36.078956,-79.007937,9,0.45,139.9,6.75,5403,6.75,6.74836,-2.09791,6.99661,-0.9977,0.56093,-0.20021,82.44666,1.52002,-53.91698
36.078955,-79.007938,9,0.45,139.9,6.93,6203,6.93,6.935,-2.5328,6.14178,-1.15408,-0.30528,-0.47602,84.15668,7.92166,-53.34697
36.078955,-79.007938,9,0.45,140.1,5.51,6403,5.51,5.50768,-3.533,8.24866,-0.13775,0.04872,0.07712,82.81204,10.78632,-55.057
36.078955,-79.007938,9,0.2,140.1,2.59,7203,2.59,2.59322,-1.1348,10.12164,0.09728,-0.50961,0.03299,72.84419,3.14236,-67.42181
36.078955,-79.007938,9,0.2,139.8,2.5,7403,2.5,2.5005,-1.23829,9.52104,0.16142,-0.22037,0.10369,74.10114,3.6539,-65.85793
36.078956,-79.007939,9,0.29,139.8,4.92,8203,4.92,4.92263,-3.47677,8.39821,0.09056,-0.02428,0.16127,81.3651,9.60246,-56.60626
36.078956,-79.007939,9,0.29,138.9,4.72,8403,4.72,4.72283,-2.53699,8.02373,0.15256,-0.18906,-0.19716,82.00819,8.47705,-55.67086
36.078955,-79.00794,9,0.18,138.9,4.98,9203,4.98,4.97647,-3.20937,7.82632,-0.3259,-0.16402,-0.02535,81.99357,9.29553,-55.21777
36.078955,-79.00794,8,0.18,139.2,5.24,9403,5.24,5.24028,-3.59581,7.85624,0.03329,-0.00473,0.02123,82.41742,9.66092,-54.75007
36.078954,-79.007941,8,0.08,139.2,4.69,10203,4.69,4.69292,-2.79003,8.1009,0.0478,0.01619,-0.01955,82.27126,8.95937,-57.13242
36.078954,-79.007941,8,0.08,139.1,4.98,10403,4.98,4.97827,-3.0006,8.26182,-0.10095,0.0084,-0.06124,81.56972,8.57936,-57.22011
36.078953,-79.007943,8,0.02,139.1,6.02,11203,6.02,6.02453,-2.37488,7.78325,-0.03971,0.00855,0.07025,81.99357,7.03011,-56.5624
36.078953,-79.007943,8,0.02,138.9,4.62,11403,4.62,4.61635,-3.32243,8.12662,0.18295,0.15821,-0.00351,81.33587,8.56475,-57.55627
36.078953,-79.007944,8,0.22,138.9,5.61,12203,5.61,5.60519,-1.52124,7.74557,0.00122,-0.02688,0.15806,82.28588,5.58316,-54.54546
36.078953,-79.007944,8,0.22,139.1,5.77,12403,5.77,5.7685,-2.50588,7.71027,-0.17959,0.02291,0.15989,81.68664,5.07162,-56.13856
36.078951,-79.007943,8,0.46,139.1,4.01,13203,4.01,4.00858,0.1681,9.07657,-0.99831,0.00031,-0.30681,81.83279,-1.08156,-55.17393
36.078951,-79.007943,8,0.46,139.4,4.53,13403,4.53,4.5344,-0.66341,8.68355,-0.08323,0.13851,0.07773,81.71587,-1.27156,-56.67933
36.078947,-79.007941,8,1.42,139.4,3.18,14203,3.18,3.17528,-2.07876,9.4696,0.15776,0.00305,0.07223,77.22888,9.71938,-65.56562
36.078947,-79.007941,8,1.42,138.9,2.91,14403,2.91,2.90668,-2.17807,9.37328,0.05788,-0.03497,-0.02001,77.33119,10.08477,-65.50716
36.078942,-79.007945,8,2.0,138.9,2.86,15203,2.86,2.85583,-2.31147,9.41097,-0.02795,0.03436,-0.00916,77.06811,10.91786,-66.09179
36.078942,-79.007945,8,2.0,137.2,2.95,15403,2.95,2.95035,-2.35095,9.46601,0.02016,0.02841,-0.01558,77.65273,10.93248,-66.55949
36.078943,-79.007949,8,0.52,137.2,2.87,16203,2.87,2.8672,-2.25284,9.47079,-0.01038,0.00351,-0.0255,77.31657,11.42941,-66.22333
36.078943,-79.007949,8,0.52,136.1,2.77,16403,2.77,2.77089,-2.44846,9.38226,-0.02199,-0.0223,-0.02978,76.83426,11.28325,-66.45718
36.078942,-79.00795,8,0.37,136.1,2.84,17203,2.84,2.83549,-2.45563,9.5671,-0.01848,0.0391,-0.0139,77.81351,11.21017,-65.97486
36.078942,-79.00795,6,0.37,135.5,2.77,17403,2.77,2.77089,-2.27976,9.34457,-0.0449,-0.04979,-0.01268,76.9658,11.9848,-65.62408
36.078941,-79.00795,6,0.35,135.5,2.67,18203,2.67,2.6686,-2.65543,9.34995,0.01756,0.02978,-0.02505,76.1181,13.40251,-66.58871
36.078941,-79.00795,6,0.35,134.8,2.59,18403,2.59,2.58604,-2.59382,9.26082,0.01283,-0.00321,-0.05834,76.43964,13.1102,-65.85793
36.078938,-79.007945,6,1.35,134.8,2.64,19203,2.64,2.64287,-2.65663,9.66461,-0.0617,-0.02337,0.0168,75.84039,13.92868,-66.79333
36.078938,-79.007945,6,1.35,134.3,2.3,19403,2.3,2.29651,-3.3344,9.42353,-0.01665,0.0701,-0.00809,75.60655,15.96025,-67.07103
36.078938,-79.007938,6,1.42,134.3,2.09,20203,2.09,2.08774,-3.94158,8.89293,-0.03726,0.04276,-0.02779,75.73809,19.51184,-67.36334
36.078938,-79.007938,6,1.42,133.8,1.99,20403,1.99,1.99322,-4.24068,8.83789,0.02031,0.05498,-0.05024,75.54808,21.55802,-66.50102
36.078932,-79.007935,6,1.75,133.8,2.14,21203,2.14,2.14098,-4.3352,8.95514,-0.05849,0.01069,-0.00137,74.27653,22.68343,-67.30488
36.078932,-79.007935,6,1.75,133,2.05,21403,2.05,2.04945,-4.64806,8.90489,-0.01359,0.02107,-0.00107,74.37884,23.5019,-67.2318
36.078924,-79.007918,6,2.93,133,1.85,22203,1.85,1.84546,-4.52243,9.04666,0.01313,0.03787,-0.00565,74.11575,22.99035,-67.36334
36.078924,-79.007918,6,2.93,133,1.97,22403,1.97,1.97109,-4.14257,8.99283,-0.0223,-0.03512,-0.03283,73.77959,22.59573,-67.17335
36.078928,-79.007931,6,1.3,133,1.85,23203,1.85,1.84846,-4.41536,8.98565,-0.02535,0.01436,-0.00565,73.76498,23.61882,-67.93335
36.078928,-79.007931,6,1.3,130.5,1.85,23403,1.85,1.85264,-4.48236,9.01616,-0.02581,0.00626,-0.00031,73.85268,22.99035,-68.31336
36.078941,-79.007955,6,3.36,130.5,3.87,24203,3.87,3.8686,-5.26241,8.10688,0.17089,0.10476,0.11194,78.71967,23.23882,-57.07396
36.078941,-79.007955,7,3.36,129.2,3.7,24403,3.7,3.69571,-4.98963,7.98365,-0.03879,-0.07514,0.05666,78.54428,22.53727,-57.45396
36.078943,-79.00796,7,1.75,129.2,4.13,25203,4.13,4.12762,-5.14576,8.09372,-0.16386,-0.04643,0.1124,79.0266,22.25957,-57.43935
36.078943,-79.00796,8,1.75,128.1,3.15,25403,3.15,3.15314,-4.48295,8.333,-0.02031,-0.00962,-0.05742,79.15814,20.08185,-58.31628
36.078945,-79.007963,8,1.01,128.1,6.03,26203,6.03,6.02692,-4.9011,6.84467,-0.00153,-0.37095,-0.27245,84.49284,13.34405,-50.62847
36.078945,-79.007963,7,1.01,129.2,3.82,26403,3.82,3.81655,-3.51027,7.55653,0.39095,0.18494,0.23045,83.64513,10.17246,-52.38234
36.078946,-79.007964,7,0.12,129.2,2.73,27203,2.73,2.72602,-7.83231,9.24527,-1.35719,-2.58075,1.81778,63.43175,5.247,-73.10728
36.078946,-79.007964,7,0.12,128.2,0.49,27403,0.49,0.49472,-0.15494,6.56172,-0.34254,0.83994,-0.28543,49.62,-0.4677,-72.75651
36.07894,-79.007958,7,0.54,128.2,2.23,28203,2.23,2.22592,-4.15992,9.90868,0.52137,1.28725,0.14447,56.47472,10.43554,-70.62262
36.07894,-79.007958,8,0.54,129.2,3.25,28403,3.25,3.25125,-5.27498,6.87159,0.46685,0.66829,-0.21961,59.16399,15.47793,-70.33031
36.07894,-79.007951,8,0.3,129.2,4.73,29203,4.73,4.7342,-0.87338,7.73839,0.50992,0.91783,-0.4696,59.38322,-3.72698,-69.14645
36.07894,-79.007951,9,0.3,130.3,4.61,29403,4.61,4.61037,-0.19681,9.19622,-0.86575,-1.75761,-0.09881,57.33703,-3.08389,-70.1403
36.078937,-79.007951,9,0.16,130.3,2.65,30203,2.65,2.65125,0.41097,9.88655,0.02505,-0.07422,-0.02673,49.41538,-11.95557,-68.26951
36.078937,-79.007951,9,0.16,130.9,2.79,30403,2.79,2.79362,0.49412,9.52882,0.00733,-0.12019,0.00076,49.94154,-11.80941,-67.56796
36.078943,-79.007949,9,0.1,130.9,2.72,31203,2.72,2.71526,0.48514,9.66401,0.0087,0.01894,-0.02474,48.84537,-12.71558,-67.90412
36.078943,-79.007949,9,0.1,131.8,3.47,31403,3.47,3.4678,0.23629,8.55255,0.32345,-0.14279,0.00764,48.88921,-11.45864,-68.12336
36.078946,-79.00795,9,1.0,131.8,-0.87,32203,-0.87,-0.87278,-5.55195,12.3667,1.24494,-0.01695,-0.61942,38.96522,12.02865,-71.13417
36.078946,-79.00795,9,1.0,131,-2.12,32403,-2.12,-2.11944,-5.1326,7.35554,0.24206,1.02366,-0.10385,39.15522,16.15025,-72.42035
36.078951,-79.00795,9,0.33,131,1.08,33203,1.08,1.07677,-5.18584,8.92583,-0.09407,0.06613,0.07483,46.98919,13.79714,-73.77959
36.078951,-79.00795,9,0.33,130.5,0.93,33403,0.93,0.92542,-5.12602,8.72423,-0.04169,0.02077,0.0733,48.69921,12.86174,-73.10728
36.078955,-79.007946,9,0.16,130.5,1.97,34203,1.97,1.97468,-7.18266,6.77288,0.26756,-0.24633,-0.20204,51.92926,22.47881,-74.36422
36.078955,-79.007946,9,0.16,130.7,2.57,34403,2.57,2.57348,-6.21237,5.9013,0.21197,0.09759,-0.13317,53.71236,24.21807,-74.84653
36.078956,-79.007944,9,0.02,130.7,0.8,35203,0.8,0.80279,-6.74656,5.18345,-0.39431,-0.28818,-0.59956,53.23005,23.20959,-75.285
36.078956,-79.007944,9,0.02,130.7,0.13,35403,0.13,0.134,-6.86142,10.01217,-0.5736,-0.02535,-0.24725,52.16311,17.15873,-76.9658
36.078958,-79.007943,9,0.22,130.7,1.1,36203,1.1,1.10489,-4.75215,9.20639,-0.02993,-0.00504,0.01542,51.57849,9.63169,-75.47501
36.078958,-79.007943,9,0.22,130.6,1.3,36403,1.3,1.2999,-4.62054,9.04846,-0.03146,0.01909,-0.0365,51.2131,9.6463,-75.18269
36.078964,-79.007946,9,0.29,130.6,0.77,37203,0.77,0.77228,-4.44467,9.32423,-0.0252,-0.06857,0.07789,51.00848,8.9886,-75.54808
36.078964,-79.007946,9,0.29,130.5,1,37403,1,1.00259,-4.36511,9.11785,-0.09591,0.05116,0.02092,51.18386,8.68167,-75.4604
36.078966,-79.00794,9,0.31,130.5,1.14,38203,1.14,1.14317,-4.31605,9.25963,-0.02428,0.01817,0.00107,51.27156,8.57936,-75.76732
36.078966,-79.00794,9,0.31,131.3,1.15,38403,1.15,1.15334,-4.22333,9.28475,-0.01344,0.0058,0.03176,51.1254,8.11166,-74.72961
36.078969,-79.007943,9,0.38,131.3,4.63,39203,4.63,4.6349,-0.31884,8.58784,-0.75824,-1.11987,-0.55558,51.57849,1.00848,-73.92575
36.078969,-79.007943,9,0.38,131.9,1.29,39403,1.29,1.29153,-2.91685,10.58346,-0.51129,-0.52443,-0.97448,49.03537,-1.85618,-74.02806
36.078968,-79.007941,9,0.18,131.9,6.75,40203,6.75,6.74537,1.61216,9.08914,-0.33567,0.85857,0.94348,63.25636,-24.21807,-56.67933
36.078968,-79.007941,9,0.18,131.8,4.61,40403,4.61,4.60798,4.60559,6.9015,0.3934,-0.1376,0.46884,54.15083,-25.97194,-58.56475
36.078964,-79.007941,9,1.14,131.8,1.74,41203,1.74,1.74497,6.26501,7.25025,1.43523,-0.90408,-0.26435,50.80386,-30.07892,-53.21543
36.078964,-79.007941,9,1.14,131.7,2.83,41403,2.83,2.82772,3.89133,9.10409,0.81871,-0.89156,0.01313,47.95382,-24.2473,-62.01403
36.078967,-79.007945,9,1.59,131.7,4.6,42203,4.6,4.5996,3.55514,11.22114,-0.9021,0.32773,-0.61331,51.19848,-16.96872,-67.46565
36.078967,-79.007945,9,1.59,131.4,4.4,42403,4.4,4.39741,1.45304,10.48176,-0.37538,0.36392,0.74235,53.6539,-17.9772,-65.87255
36.07897,-79.007945,9,0.98,131.4,3.41,43203,3.41,3.40858,-0.6999,9.19502,-0.19685,0.07819,0.01955,52.93774,-7.19088,-71.58725
36.07897,-79.007945,9,0.98,131.3,3.95,43403,3.95,3.94576,-1.08156,9.11247,0.49495,0.30085,-0.06781,54.06314,-5.7147,-73.34113
36.07897,-79.007945,9,0.17,131.3,3.62,44203,3.62,3.61556,-1.41595,9.72503,0.76923,-0.01558,-0.66691,54.07775,-1.84157,-73.06343
36.07897,-79.007945,9,0.17,131.5,3.81,44403,3.81,3.80698,-2.17328,8.95992,0.05803,0.00214,-0.02153,54.98392,-0.35077,-73.80882
36.078984,-79.007951,9,2.72,131.5,3.23,45203,3.23,3.22911,-1.70548,9.34756,0.18326,0.14035,-0.21762,55.18854,0.19,-74.86115
36.078984,-79.007951,9,2.72,131.6,3.92,45403,3.92,3.91645,-3.13161,8.81396,-0.03803,0.01634,0.03894,55.75855,2.61619,-75.48962
36.078988,-79.007959,9,1.94,131.6,3.56,46203,3.56,3.56351,-0.87398,8.22652,0.46013,0.19319,0.15455,56.37241,2.87928,-73.66267
36.078988,-79.007959,9,1.94,131.1,4.39,46403,4.39,4.38545,-3.25783,8.98325,-0.40348,-0.34376,-0.01573,56.91319,4.35545,-73.95498
36.07899,-79.007963,9,0.79,131.1,5.03,47203,5.03,5.02852,-2.40419,8.23729,-0.1938,-0.15455,0.02749,58.50629,4.50161,-73.5019
36.07899,-79.007963,7,0.79,130.7,5.37,47403,5.37,5.36949,-3.21536,8.97548,-0.27657,0.03925,0.09697,57.38089,3.50775,-73.76498
36.078989,-79.00797,0,0.08,130.7,6.66,55203,6.66,6.66042,-5.96531,3.76331,0.02718,-0.23686,0.13179,74.75884,21.2511,-61.56095
36.078989,-79.00797,5,0.08,130.1,6.98,55403,6.98,6.97986,-6.51386,3.96551,0.10263,-0.02062,-0.08445,74.11575,21.77726,-61.10786
36.078973,-79.007963,5,0.29,130.1,6.65,56203,6.65,6.65025,-6.20459,4.70309,-0.24419,0.01665,-0.09285,73.53114,18.83952,-62.3648
36.078973,-79.007963,4,0.29,130.7,6.42,56403,6.42,6.41576,-5.09253,6.19681,-1.43538,-1.39629,-1.47264,69.87723,15.33177,-66.58871
36.078938,-79.00793,4,0.14,130.7,6.52,57203,6.52,6.51805,-3.48096,4.94058,-0.24847,0.19242,0.64752,73.20959,12.7302,-62.56942
36.078938,-79.00793,6,0.14,130.9,7.49,57403,7.49,7.49432,-4.74138,4.48714,-0.04673,-0.17028,-0.22984,71.86495,12.43788,-62.80328
36.078941,-79.007931,6,0.2,130.9,7.04,58203,7.04,7.04208,-5.71765,2.61835,-0.15302,0.58399,0.46808,74.93423,19.95031,-47.73458
36.078941,-79.007931,4,0.2,130.8,9.2,58403,9.2,9.2028,-4.19821,1.78026,-0.01283,0.50152,0.04062,78.88045,14.92254,-42.91143
36.078958,-79.007952,4,0.02,130.8,8.8,59203,8.8,8.79661,-3.87637,0.96431,-0.093,-0.17822,0.04719,79.72815,11.21017,-40.87986
36.078958,-79.007952,5,0.02,131,8.99,59403,8.99,8.98565,-3.97926,-0.07059,0.14752,0.23579,0.23213,80.07893,9.42707,-41.12833
36.078969,-79.007955,5,0.16,131,10.95,60203,10.95,10.95195,-2.85583,1.05523,0.39309,0.05849,-0.23931,78.67583,5.51008,-49.0646
36.078969,-79.007955,7,0.16,130.5,8.7,60403,8.7,8.7009,-2.85344,0.05324,0.05544,0.10217,0.06093,81.01432,6.1824,-48.78691
36.078977,-79.007958,7,0.25,130.5,8.95,61203,8.95,8.95035,-2.65364,0.10409,0.00794,-0.01329,0.02459,82.16895,4.48699,-47.6615
36.078977,-79.007958,7,0.25,130.6,9.09,61403,9.09,9.08974,-2.16431,0.74178,0.05528,0.00137,-0.01436,81.61356,5.86086,-48.33382
36.078977,-79.007963,7,0.59,130.6,9.29,62203,9.29,9.28834,-3,1.20718,-0.27016,-0.30513,0.14768,80.63432,7.1178,-49.0646
36.078977,-79.007963,8,0.59,130.1,7.87,62403,7.87,7.87358,-3.5324,1.22213,-0.21777,0.26114,-0.17303,80.40047,6.69395,-48.75767
36.078978,-79.007975,8,0.23,130.1,8.9,63203,8.9,8.90489,-4.26461,1.23888,-0.03222,0.04444,0.15485,79.21661,11.50249,-49.64923
36.078978,-79.007975,8,0.23,129.6,8.61,63403,8.61,8.60638,-4.57687,0.83151,-0.12462,-0.09927,-0.33552,78.96814,12.46711,-49.23999
36.07898,-79.007988,8,0.09,129.6,6.6,64203,6.6,6.6018,-6.79442,3.21236,0.03558,-0.05864,-0.14401,71.51418,21.54341,-57.1178
36.07898,-79.007988,8,0.09,129.1,7.4,64403,7.4,7.40459,-6.28535,2.5334,0.19868,0.15837,0.02596,72.58112,21.29494,-54.66238
36.078982,-79.007985,8,0.1,129.1,8.49,65203,8.49,8.49332,-5.40957,-0.25663,0.29031,0.35797,0.48839,77.27273,21.82111,-47.54458
36.078982,-79.007985,8,0.1,130.2,8.43,65403,8.43,8.42692,-5.24327,-0.51565,0.0536,0.1996,-0.21869,77.93044,19.90646,-47.85151
36.078978,-79.007979,8,0.16,130.2,5.51,66203,5.51,5.51366,-5.08834,-1.9334,0.50748,1.21807,-0.36667,80.07893,23.37036,-40.52908
36.078978,-79.007979,9,0.16,129.5,6.5,66403,6.5,6.49651,-2.81157,-2.22712,0.06185,0.08674,0.29917,79.45045,25.98655,-36.86057
36.078975,-79.007971,9,1.55,129.5,7.19,67203,7.19,7.19103,1.77488,-2.266,-0.38988,0.58154,-0.32086,82.37358,1.4031,-44.31453
36.078975,-79.007971,9,1.55,130.3,8.21,67403,8.21,8.21037,3.31167,-1.55892,0.03772,0.0423,-0.22388,84.30283,1.22771,-44.12453
36.078981,-79.007964,9,0.89,130.3,9.69,68203,9.69,9.69273,1.86042,-0.65145,-0.22022,0.03054,-0.38576,81.13125,12.35019,-48.27536
36.078981,-79.007964,9,0.89,128.2,9.15,68403,9.15,9.14597,-0.13938,-1.70967,-0.3178,0.03864,-0.35583,84.20052,15.31716,-46.94534
36.078977,-79.007963,9,0.4,128.2,8.02,69203,8.02,8.01955,1.73958,-4.12283,-0.45739,0.20571,1.70004,87.13827,-10.07016,-28.33967
36.078977,-79.007963,9,0.4,128,6.91,69403,6.91,6.90928,3.34636,-4.48475,0.03528,0.16127,0.7955,81.89127,-21.06109,-25.50424
36.07897,-79.007958,9,0.1,128,7.44,70203,7.44,7.44048,2.62612,-4.5009,0.12599,-0.47861,-1.44867,84.24437,-17.12949,-25.89886
36.07897,-79.007958,9,0.1,126.9,9.7,70403,9.7,9.69811,2.08893,-3.47438,0.10385,-0.33979,-0.52092,87.85442,-9.66092,-32.16896
36.078963,-79.007953,9,0.17,126.9,9.5,71203,9.5,9.49951,-1.91665,-2.45324,0.35751,0.28955,-0.04917,88.2929,6.88395,-39.11137
36.078963,-79.007953,9,0.17,126.7,8.84,71403,8.84,8.83969,-0.0987,-2.85165,0.05528,-0.1011,0.42531,88.97983,3.55159,-37.89827
36.078961,-79.007951,9,0.39,126.7,9.53,72203,9.53,9.53121,0.88774,-1.45304,0.26496,-0.24832,0.18433,87.5475,-0.9354,-42.95528
36.078961,-79.007951,9,0.39,126.5,9.31,72403,9.31,9.31047,1.20359,-1.32323,-0.75854,0.17028,-0.3007,87.25519,-1.4031,-44.0076
36.078959,-79.007953,9,0.32,126.5,9.74,73203,9.74,9.73998,-0.64307,-1.46919,-0.00748,0.15592,0.27122,87.5475,5.04239,-44.65068
36.078959,-79.007953,9,0.32,126.1,9.13,73403,9.13,9.12682,-0.59282,-1.52064,-0.04032,-0.02321,0.09636,87.48904,2.66004,-43.42298
36.078956,-79.007954,9,0.7,126.1,8.97,74203,8.97,8.97428,0.73041,-2.55135,0.0058,-0.07391,-0.02886,88.27828,-1.75387,-38.36597
36.078956,-79.007954,4,0.7,125.8,9.22,74403,9.22,9.22313,0.37807,-2.64467,-0.02673,-0.00107,-0.0588,88.17597,-1.14002,-38.65829
36.078954,-79.007961,4,1.47,125.8,8.67,75203,8.67,8.67039,1.5326,-2.49512,0.09484,0.04627,-0.60124,86.75826,-3.56621,-39.97369
36.078954,-79.007961,4,1.47,124.8,9.33,75403,9.33,9.33141,0.35414,-1.84546,-0.01298,-0.19548,-0.35445,87.66443,0.90617,-41.72756
36.07895,-79.00796,4,0.38,124.8,9.96,76203,9.96,9.95713,-1.0002,-1.0654,-0.10766,-0.05803,0.31933,86.99211,5.84624,-45.6884
36.07895,-79.00796,5,0.38,123.7,9.52,76403,9.52,9.52224,-0.0682,-1.58704,0.07575,0.28039,0.71181,87.00672,1.79772,-43.01374
36.078948,-79.007967,5,0.24,123.7,9.07,77203,9.07,9.07418,1.72941,-1.2987,-0.06216,-0.21243,0.04032,85.36978,-5.46624,-44.46069
36.078948,-79.007967,5,0.24,123.2,9.24,77403,9.24,9.23689,1.6678,-1.28913,-0.042,0.17257,0.00764,85.44286,-5.9924,-45.00146
36.078951,-79.00797,5,0.44,123.2,9.1,78203,9.1,9.1029,1.87298,-1.2347,0.07682,-0.10156,-0.08262,85.99825,-6.08009,-43.99298
36.078951,-79.00797,7,0.44,122.4,9.4,78403,9.4,9.39661,1.0014,-1.12223,0.2419,-0.01023,-0.15485,85.57439,-5.10085,-45.6007
36.078951,-79.007976,7,1.01,122.4,9.59,79203,9.59,9.58625,0.88176,-0.85304,-0.07208,0.09087,0.20082,85.44286,-1.14002,-46.84303
36.078951,-79.007976,7,1.01,121,9.31,79403,9.31,9.30808,1.29751,-1.02772,-0.0927,0.14096,0.08506,85.36978,-2.58696,-45.92225
36.07895,-79.007987,7,0.93,121,9.54,80203,9.54,9.54497,0.96371,1.11745,-0.18738,-0.20983,0.04505,83.20667,-3.4639,-52.45543
36.07895,-79.007987,7,0.93,120,9.59,80403,9.59,9.59103,1.18445,-0.16092,-0.01191,0.45189,0.04307,84.72668,-3.82929,-48.78691
36.07895,-79.007996,7,0.61,120,9.56,81203,9.56,9.55753,1.15813,-0.80219,0.00657,0.14615,0.03192,85.48669,-3.39082,-47.25227
36.07895,-79.007996,8,0.61,119,9.43,81403,9.43,9.4343,1.26999,-0.87398,-0.02275,0.09621,0.01833,85.53055,-3.40544,-46.0684
36.078953,-79.008002,8,0.9,119,8.91,82203,8.91,8.90848,1.70848,-1.5015,-0.14371,-0.32697,-0.25015,86.36364,-5.91932,-41.6691
36.078953,-79.008002,8,0.9,118.1,9.22,82403,9.22,9.22254,1.24367,-1.65344,-0.01985,-0.08262,-0.13729,86.21748,-3.9316,-42.85297
36.07895,-79.008,8,0.48,118.1,10.26,83203,10.26,10.25983,0.12323,-0.7334,-0.26496,-0.36011,-0.17028,85.32593,1.66618,-46.98919
36.07895,-79.008,7,0.48,117.6,9.55,83403,9.55,9.54557,0.1322,-0.01795,-0.0785,-0.0646,-0.08858,85.13593,2.64543,-48.69921
36.078949,-79.007996,7,0.26,117.6,9.7,84203,9.7,9.69811,-0.27996,-0.6676,0.12599,0.09453,-0.04291,86.02748,3.77083,-49.13768
36.078949,-79.007996,6,0.26,116.5,9.8,84403,9.8,9.79502,0.11605,-0.62812,-0.15882,0.09041,0.0507,86.21748,3.85852,-46.97457
36.07895,-79.007998,6,0.51,116.5,7.74,85203,7.74,7.73958,3.47079,-3.81296,-0.29551,1.2845,0.2978,84.15668,-16.61795,-29.91815
36.07895,-79.007998,6,0.51,115.8,4.46,85403,4.46,4.46202,3.5342,-6.6,-0.21487,0.97036,0.73166,76.38118,-25.02192,-17.88951
36.078949,-79.007999,6,0.3,115.8,-2.19,86203,-2.19,-2.18824,5.84567,-7.1683,0.38393,0.07468,0.86254,45.33762,-34.44899,-6.56241
36.078949,-79.007999,7,0.3,116,-3.68,86403,-3.68,-3.67538,6.35414,-6.63231,0.16814,0.14264,1.133,38.80444,-34.24437,-8.22859
36.078952,-79.007998,7,0.23,116,-3.55,87203,-3.55,-3.55035,5.85045,-6.92184,0.1011,0.0536,0.1489,34.43438,-33.55744,-8.27244
36.078952,-79.007998,7,0.23,116.9,-2.91,87403,-2.91,-2.90848,5.67458,-7.60977,-0.02657,-0.09499,-0.15455,33.26513,-34.06898,-8.49167
36.078953,-79.007995,7,0.18,116.9,-2.66,88203,-2.66,-2.66082,6.19263,-7.26042,-0.0084,-0.06597,-0.01604,36.01286,-34.41976,-8.87168
36.078953,-79.007995,7,0.18,118,-2.4,88403,-2.4,-2.40359,6.83749,-7.33759,-0.15959,-0.00031,-0.22892,36.48056,-34.71207,-9.54399
36.078954,-79.007992,7,0.2,118,-3.86,89203,-3.86,-3.85903,5.75773,-6.65504,0.02932,-0.11423,0.18295,29.99123,-33.01666,-10.81555
36.078954,-79.007992,7,0.2,118.6,-3.99,89403,-3.99,-3.99422,5.92463,-6.57548,-0.32712,-0.06643,-0.59727,31.01432,-32.72435,-9.63169
36.078951,-79.007976,7,0.23,118.6,-3.61,90203,-3.61,-3.60658,5.89412,-7.24965,-0.32162,0.02703,-0.54245,36.67057,-34.31745,-8.50628
36.078951,-79.007976,8,0.23,122.6,-2.54,90403,-2.54,-2.53998,5.63809,-7.03849,-0.23121,-0.25137,-0.58781,37.19672,-34.79977,-7.46858
36.07895,-79.007972,8,0.37,122.6,-1.53,91203,-1.53,-1.52662,6.32363,-7.00259,0.08598,-0.04627,-0.00412,41.9468,-35.44285,-8.12628
36.07895,-79.007972,8,0.37,123.7,-2.06,91403,-2.06,-2.05783,6.15374,-7.40638,0.18418,-0.01924,0.04414,41.77141,-35.2967,-8.72552
36.078951,-79.007967,8,0.21,123.7,-2.65,92203,-2.65,-2.65244,8.76072,-6.8004,0.14264,-0.56734,0.22571,41.42064,-37.40134,-12.86174
36.078951,-79.007967,8,0.21,124.3,0.14,92403,0.14,0.13819,7.47697,-6.64965,0.49556,-1.41171,1.65254,36.50979,-37.21134,-15.18562
36.078956,-79.007969,8,0.41,124.3,-5.77,93203,-5.77,-5.77029,6.19203,-5.22772,0.31261,0.24404,0.33246,3.58082,-12.70096,-19.26337
36.078956,-79.007969,8,0.41,124,-5.6,93403,-5.6,-5.601,5.48854,-5.50947,-0.00702,-0.12385,-0.11347,4.5893,-12.16019,-18.1672
36.078954,-79.007968,8,0.28,124,2.88,94203,2.88,2.87916,7.97348,-4.18864,-1.51876,0.97219,-5.00421,66.51564,-34.5513,-23.67729
36.078954,-79.007968,7,0.28,124.5,4.66,94403,4.66,4.65942,3.3679,-6.65923,-0.43234,0.9812,-1.65819,81.62818,-15.74101,-14.64484
36.078953,-79.007967,7,0.17,124.5,-0.58,95203,-0.58,-0.58325,1.21256,-10.46262,0.07178,0.9809,-0.25412,62.94943,11.25402,12.48173
36.078953,-79.007967,7,0.17,125.2,-1.04,95403,-1.04,-1.03549,1.22453,-9.21476,0.10125,0.62705,-0.59178,57.1178,12.80327,14.74715
36.078955,-79.007962,7,0.05,125.2,-3.97,96203,-3.97,-3.97089,0.99362,-8.601,0.29856,0.60567,-0.76923,43.10143,18.82491,17.67027
36.078955,-79.007962,7,0.05,125.5,-3.18,96403,-3.18,-3.18066,2.48016,-7.41356,0.43173,0.65943,-1.14598,34.96054,14.95177,16.80795
36.078956,-79.007965,7,0.35,125.5,-2.07,97203,-2.07,-2.07338,6.78485,-7.80958,-0.05085,-0.41493,-0.03115,38.93598,-1.85618,16.26717
36.078956,-79.007965,9,0.35,125.9,-1.64,97403,-1.64,-1.64088,7.39442,-5.41197,-0.00565,0.22846,-0.20174,38.99445,-3.31774,16.83718
36.078957,-79.007966,9,0.15,125.9,-3.27,98203,-3.27,-3.27398,-0.64008,-9.44447,-0.49999,0.1547,-0.0536,46.68225,27.74043,12.27711
36.078957,-79.007966,9,0.15,126,-2.8,98403,-2.8,-2.80499,-0.74178,-9.76331,-0.09927,-0.31964,0.3766,50.71617,30.37124,10.87401
36.07896,-79.007971,9,0.01,126,-0.77,99203,-0.77,-0.7675,-1.28614,-9.77229,0.00015,-0.1153,0.10247,52.98159,30.38585,10.02631
36.07896,-79.007971,9,0.01,125.4,-0.78,99403,-0.78,-0.77707,-0.5318,-9.402,-0.31597,-0.21625,0.3007,53.17159,29.91815,10.27477
36.078961,-79.007973,9,0.14,125.4,-3.69,100203,-3.69,-3.69272,-2.91565,-11.1033,0.28344,-0.33353,0.26145,53.28851,31.5551,10.36247
36.078961,-79.007973,9,0.14,125.3,-1.8,100403,-1.8,-1.80239,0.50847,-9.34816,-0.09743,0.29352,-0.07804,50.99386,31.14586,11.03479
36.078963,-79.007974,9,0.15,125.3,1.73,101203,1.73,1.72523,-2.68953,-10.82274,1.00548,0.47586,-0.13836,48.30459,30.88278,11.41479
36.078963,-79.007974,9,0.15,125.5,-3.89,101403,-3.89,-3.88953,-0.6347,-10.29033,-0.55528,-0.55146,0.2332,48.58229,30.78047,11.7948
36.078961,-79.007973,9,0.15,125.5,-2.08,102203,-2.08,-2.08475,-0.17647,-10.41057,-0.07055,-0.13042,0.3372,47.7492,29.75738,11.54633
36.078961,-79.007973,9,0.15,126.1,-1.46,102403,-1.46,-1.45843,0.73699,-8.45444,0.3821,-0.09728,0.13882,48.28997,27.84274,12.11634
36.07896,-79.007972,9,0.02,126.1,-2.59,103203,-2.59,-2.58963,-1.32203,-10.61037,0.11637,-0.31887,0.19364,51.53464,29.88892,11.18094
36.07896,-79.007972,9,0.02,126.3,-0.91,103403,-0.91,-0.91286,-0.90509,-10.42493,-0.01405,-0.0785,0.23152,50.05846,30.02046,11.28325
36.078959,-79.007971,9,0.14,126.3,-1.35,104203,-1.35,-1.34776,-1.05284,-9.69632,0.13576,-0.05925,0.01115,50.29231,28.89506,11.37094
36.078959,-79.007971,9,0.14,126.9,-2.73,104403,-2.73,-2.73141,-0.12802,-8.98146,-0.01817,-0.18952,0.19105,50.59924,29.72815,11.61941
36.078957,-79.00797,9,0.05,126.9,-1.58,105203,-1.58,-1.58405,0.65623,-9.2674,0.14019,0.37049,-0.42852,49.12306,27.79889,11.75095
36.078957,-79.00797,9,0.05,127.1,-0.3,105403,-0.3,-0.30269,0.30987,-8.14936,-0.59483,-0.39462,0.42302,48.97691,27.14119,12.14557
36.078956,-79.007969,9,0.08,127.1,-1.71,106203,-1.71,-1.71206,0.6993,-9.8363,0.093,0.2897,-0.35079,48.99152,27.95966,12.80327
36.078956,-79.007969,9,0.08,127,-1.85,106403,-1.85,-1.84965,0.57488,-9.51566,0.30864,0.13943,-0.44059,48.33382,27.71119,12.40865
36.078955,-79.00797,9,0.0,127,-2.02,107203,-2.02,-2.01655,0.33559,-9.56112,-0.3123,-0.02688,0.06628,47.42765,27.08272,12.35019
36.078955,-79.00797,9,0.0,127.2,-3.33,107403,-3.33,-3.32662,0.18185,-9.79981,0.40882,-0.06475,-0.24603,43.62759,28.42736,12.32096
36.078955,-79.007969,9,0.07,127.2,-2.29,108203,-2.29,-2.29412,0.23629,-8.69133,-0.56673,-0.48243,0.87598,41.4791,26.84887,12.56942
36.078955,-79.007969,9,0.07,127.8,-2.03,108403,-2.03,-2.0327,-0.81356,-9.61376,-0.2642,-0.29291,0.33124,44.29991,30.32739,12.2625
36.078954,-79.00797,9,0.0,127.8,-2.78,109203,-2.78,-2.77986,-0.86321,-8.70868,-0.0898,0.48182,-0.3853,43.71529,36.37825,7.43935
36.078954,-79.00797,9,0.0,128.1,-3.14,109403,-3.14,-3.13879,-2.4353,-9.50429,0.13057,-0.09117,-0.2503,43.1599,37.44519,7.49781
36.078955,-79.007974,9,0.02,128.1,-3.79,110203,-3.79,-3.78604,0.6347,-7.03729,0.00443,0.36316,-0.43982,35.83747,30.10816,11.78018
36.078955,-79.007974,9,0.02,128.9,-4.95,110403,-4.95,-4.95135,0.31286,-9.41994,0.20754,0.12905,-0.27107,33.79129,30.4297,11.91172
36.078957,-79.007978,9,0.07,128.9,-4.13,111203,-4.13,-4.12822,-0.37627,-8.48734,0.11576,0.31887,-0.29688,31.6428,32.88512,10.09939
36.078957,-79.007978,9,0.07,129.2,-5.63,111403,-5.63,-5.6339,-0.02632,-9.20997,0.28604,0.5061,-0.5258,26.93657,31.07279,9.38322
36.07896,-79.00798,9,0.08,129.2,-6.18,112203,-6.18,-6.18365,0.94875,-7.70489,-0.22358,0.01329,-0.22709,24.715,32.34435,7.8632
36.07896,-79.00798,9,0.08,129.4,-5.49,112403,-5.49,-5.48614,0.2985,-7.91964,0.04062,0.12095,-0.12095,25.06577,32.62204,7.98012
36.078961,-79.007982,9,0.06,129.4,-5.4,113203,-5.4,-5.39582,1.77009,-7.79761,-0.09713,-0.16157,0.1854,24.84654,26.11809,11.67787
36.078961,-79.007982,9,0.06,130.1,-5.41,113403,-5.41,-5.40957,2.22712,-7.71625,0.03375,0.02795,0.01023,25.73809,25.5627,11.66326
36.078962,-79.007984,9,0.08,130.1,-6.41,114203,-6.41,-6.41037,-0.56291,-8.02433,-1.06092,-0.48915,5.00344,27.09734,21.99649,13.06635
36.078962,-79.007984,9,0.08,130.6,-6.64,114403,-6.64,-6.63889,-0.87697,-6.8686,0.13042,-0.4612,0.47861,39.38907,26.76118,12.10172
36.078963,-79.007983,9,0.06,130.6,-6.66,115203,-6.66,-6.65743,1.19641,-7.55175,-0.64339,-0.22205,-1.30527,31.13125,19.36568,13.46098
36.078963,-79.007983,9,0.06,130.8,-5.78,115403,-5.78,-5.77687,0.18066,-6.90688,-0.54764,0.14905,-1.07558,29.88892,25.22654,11.75095
36.078963,-79.007984,9,0.17,130.8,-5.25,116203,-5.25,-5.25165,-2.19242,-8.14517,-1.01541,-0.54535,0.74953,31.71587,37.22596,5.93394
36.078963,-79.007984,9,0.17,131,-5.28,116403,-5.28,-5.27917,-2.80259,-8.3001,-0.09529,-0.33124,0.00626,35.32593,40.90909,4.13622
36.078963,-79.007981,9,0.38,131,-4,117203,-4,-4.0008,-4.73061,-7.75753,0.03787,-0.24908,-0.21228,42.86758,44.69453,0.78924
36.078963,-79.007981,6,0.38,131.3,-3.85,117403,-3.85,-3.84945,-2.41974,-7.93041,-0.04368,0.09743,-0.05712,41.52295,42.47296,3.14236
36.078963,-79.00798,6,0.28,131.3,4.61,118203,4.61,4.61157,2.05244,-10.15155,1.98684,-1.27152,2.44636,71.14879,-13.73867,2.87928
36.078963,-79.00798,9,0.28,131.3,2.09,118403,2.09,2.09372,8.1356,-6.42533,1.29534,-0.59788,1.39369,65.24408,-34.18591,-17.36334
36.078962,-79.00798,9,0.31,131.3,6.84,119203,6.84,6.84467,2.66321,7.56132,4.67709,0.97311,-1.65942,67.27565,-4.95469,-67.43642
36.078962,-79.00798,9,0.31,131.4,5.72,119403,5.72,5.72303,1.9352,8.37249,0.65332,0.01329,-0.2419,71.20725,14.99562,-67.07103
36.078962,-79.00798,9,0.25,131.4,4.52,120203,4.52,4.52004,0.48514,9.29133,0.04291,-0.08812,0.80756,65.6387,27.11196,-68.88336
36.078962,-79.00798,9,0.25,131.9,4.25,120403,4.25,4.24547,1.33101,8.62134,0.301,0.58338,0.13851,70.038,22.40573,-67.52412
36.078961,-79.007977,0,0.21,131.9,-8.78,122203,-8.78,-8.78046,4.87179,-2.06321,-0.26099,-0.12614,1.18676,13.69483,-27.06811,-33.65975
36.078961,-79.007977,3,0.21,130.7,-9.21,122403,-9.21,-9.20579,0.9667,-2.9994,-1.14339,-0.51114,1.6026,2.87928,-13.63636,-26.46887
36.078959,-79.007976,3,0.3,130.7,2.67,123203,2.67,2.66919,-9.5366,2.78943,-1.13346,0.90607,1.15606,34.30284,57.17626,-39.82753
36.078959,-79.007976,6,0.3,130.7,4.97,123403,4.97,4.97348,-6.93261,4.19641,-0.31887,0.9838,0.59361,49.03537,54.13622,-46.93072
36.078959,-79.007979,6,0.22,130.7,7.72,124203,7.72,7.71745,-4.61635,2.92283,0.11545,0.03589,0.17303,66.16486,44.4753,-50.77463
36.078959,-79.007979,8,0.22,131.2,7.64,124403,7.64,7.64148,-4.85863,3.0658,-0.2671,-0.95524,-0.06445,64.07483,44.95761,-53.78544
36.078959,-79.007977,8,0.48,131.2,5.59,125203,5.59,5.59143,-5.57348,5.72662,0.13668,-0.01741,0.26298,51.79772,50.70155,-53.7416
36.078959,-79.007977,8,0.48,131.6,4.97,125403,4.97,4.97169,-5.20918,5.73021,-0.17135,0.17669,-0.01268,53.59544,51.00848,-52.98159
36.078966,-79.007976,8,0.62,131.6,5.15,126203,5.15,5.15354,-7.42732,4.42253,0.51343,-0.37583,-0.23305,48.11459,53.25928,-50.21923
36.078966,-79.007976,8,0.62,131.6,4.85,126403,4.85,4.84846,-8.29053,5.13918,0.2981,-0.38744,0.07483,46.33148,55.37854,-46.88688
36.078968,-79.007978,8,0.18,131.6,5.3,127203,5.3,5.29771,-7.74736,2.72662,0.66661,1.11544,-0.08827,51.27156,56.88396,-37.91289
36.078968,-79.007978,8,0.18,131.6,6.34,127403,6.34,6.34457,-8.86122,-0.20339,0.92073,1.08291,-0.18036,48.20228,56.72318,-29.08506
36.078972,-79.007981,8,0.22,131.6,4.61,128203,4.61,4.61097,-8.3013,-2.95514,0.02657,0.02734,-0.13057,43.23297,56.16779,-19.42414
36.078972,-79.007981,8,0.22,131.7,4.38,128403,4.38,4.38066,-8.31984,-2.5675,0.13622,0.48976,-0.05101,42.42912,56.22625,-18.9126
36.078974,-79.007981,8,0.18,131.7,4.22,129203,4.22,4.22453,-8.25703,-3.78604,-0.11774,0.12324,0.12523,42.6045,56.02163,-18.12336
36.078974,-79.007981,8,0.18,131.7,2.34,129403,2.34,2.34198,-7.72583,-3.25065,0.15394,0.36469,-0.06918,42.56065,55.64163,-18.1672
36.078974,-79.007981,8,0.07,131.7,4.42,130203,4.42,4.42253,-8.34617,-2.68235,-0.17272,0.18189,-0.08231,41.71295,57.00088,-21.70418
36.078974,-79.007981,8,0.07,131.8,3.7,130403,3.7,3.70349,-8.58066,-2.89711,-0.55176,-0.33704,-0.12859,42.57527,57.41011,-25.82578
36.078973,-79.007983,8,0.24,131.8,4.4,131203,4.4,4.3998,-8.03091,1.51167,-0.01206,-0.17578,0.19594,45.92225,57.77551,-36.93365
36.078973,-79.007983,7,0.24,131.8,5.07,131403,5.07,5.07039,-8.2361,1.58584,-0.0675,-0.08247,-0.05574,46.74072,57.76089,-37.44519
36.078973,-79.007987,7,0.35,131.8,6.5,132203,6.5,6.50429,-8.04766,4.12702,-0.01436,0.55803,-0.08949,50.95002,54.19468,-46.62379
36.078973,-79.007987,8,0.35,131.7,6.11,132403,6.11,6.11247,-7.39382,4.41177,-0.97173,-0.19823,0.33475,51.97311,52.58696,-50.49693
36.078975,-79.00799,8,0.61,131.7,7.07,133203,7.07,7.069,-5.13021,4.17847,-0.208,-0.15256,0.34804,63.49021,46.41918,-50.95002
36.078975,-79.00799,8,0.61,131.6,7.51,133403,7.51,7.50688,-2.91745,3.72144,1.16461,0.12248,0.77702,65.85793,44.31453,-51.92926
36.078976,-79.007993,8,0.45,131.6,8.48,134203,8.48,8.48196,-2.85703,3.97926,0.04856,0.1295,0.06261,76.9658,38.4829,-39.38907
36.078976,-79.007993,8,0.45,131.5,8.84,134403,8.84,8.84387,-2.2008,3.30568,-0.02932,-0.19899,0.17013,77.17042,37.88366,-40.06139
36.078977,-79.007993,8,0.28,131.5,9.34,135203,9.34,9.34337,-2.4682,2.65902,0.10064,0.0223,0.13546,78.00351,37.7375,-35.44285
36.078977,-79.007993,8,0.28,131.4,9.13,135403,9.13,9.12503,-2.01535,2.70449,0.11606,-0.05452,0.1909,78.5589,37.06519,-36.67057
36.07898,-79.007996,8,0.62,131.4,9.03,136203,9.03,9.02932,-1.48714,1.14796,0.42257,0.14997,-0.08659,81.62818,29.99123,-22.82958
36.07898,-79.007996,8,0.62,131.3,9.52,136403,9.52,9.51685,-1.06959,1.0678,0.10965,0.1996,-0.0478,80.75124,31.07279,-21.55802
36.078984,-79.007996,8,0.61,131.3,10.34,137203,10.34,10.34357,1.00319,-0.27517,0.49831,-0.17746,-0.34835,84.7413,18.03566,-16.07717
36.078984,-79.007996,8,0.61,131.2,10.07,137403,10.07,10.06661,1.11805,0.07956,0.14493,0.10018,0.146,84.68284,17.07103,-14.791
36.078987,-79.007998,8,0.61,131.2,9.19,138203,9.19,9.18904,1.58285,-0.7346,0.02825,0.13867,0.15562,82.18357,11.42941,-9.09091
36.078987,-79.007998,8,0.61,131.1,9.16,138403,9.16,9.16451,2.16132,-0.64307,-0.09911,-0.00489,-0.15104,82.28588,12.40865,-9.36861
36.07899,-79.008,8,0.56,131.1,9.77,139203,9.77,9.7681,1.53739,0.05324,-0.20678,-0.03283,0.01436,82.09588,11.07863,-8.60859
36.07899,-79.008,8,0.56,131.2,8.44,139403,8.44,8.4353,1.97228,-1.28375,-0.33598,0.10033,-0.51343,81.20432,14.49868,-8.31628
36.078985,-79.007992,8,0.87,131.2,8.04,140203,8.04,8.04288,-0.39721,-2.96052,0.11744,0.31689,-0.64584,73.6919,24.40807,-2.19234
36.078985,-79.007992,9,0.87,131,8.65,140403,8.65,8.65185,-1.11087,-3.95713,0.07926,-0.08033,-0.64614,70.40339,26.39579,-0.80386
36.078976,-79.007979,9,2.15,131,7.99,141203,7.99,7.98605,-5.91446,-1.6684,-0.15104,0.05376,-0.08964,63.54867,39.1406,-3.43467
36.078976,-79.007979,9,2.15,130.8,7.02,141403,7.02,7.02473,-6.10648,-1.67198,-0.32681,-0.15974,-0.06032,64.30868,40.49986,-6.44548
36.078981,-79.007981,9,0.99,130.8,8.54,142203,8.54,8.54058,-7.5362,-0.33141,-0.59361,0.02825,0.21854,64.06022,45.03069,-10.8594
36.078981,-79.007981,9,0.99,130.5,9.03,142403,9.03,9.02812,-6.62692,0.22971,-0.63148,-0.12263,0.26206,66.25256,46.05378,-15.88717
36.078983,-79.007982,9,0.6,130.5,7.72,143203,7.72,7.71685,3.11665,-0.11007,0.21564,-0.01451,-0.15898,84.71207,7.07396,-12.8325
36.078983,-79.007982,9,0.6,130.3,7.84,143403,7.84,7.84248,3.80878,0.54257,0.39401,0.07025,0.35705,83.86436,1.41771,-10.31862
36.078985,-79.007984,9,0.56,130.3,9.02,144203,9.02,9.01616,3.7657,-0.10289,0.12004,0.22434,-0.06063,84.0836,2.39696,-10.04092
36.078985,-79.007984,9,0.56,130.3,8.07,144403,8.07,8.07398,4.62293,-0.56172,-0.00916,0.1744,0.06613,82.92897,0.39462,-8.66706
36.078989,-79.007987,9,0.3,130.3,6.42,145203,6.42,6.41875,2.99222,-0.80279,-0.06964,0.10049,0.15409,80.85355,-3.88775,-6.29933
36.078989,-79.007987,9,0.3,130.3,8.14,145403,8.14,8.14098,4.33041,-0.64068,0.02138,-0.06674,0.01206,80.35662,-3.53698,-5.74393
36.078992,-79.007989,9,0.3,130.3,8.24,146203,8.24,8.23729,0.18485,0.335,-0.55192,-1.29015,-3.35411,83.79129,22.72727,-19.46799
36.078992,-79.007989,8,0.3,130.4,7.99,146403,7.99,7.99322,-4.37408,0.78185,1.31641,-0.36194,-0.53665,77.43349,37.48904,-23.3119
36.078991,-79.007989,8,0.61,130.4,5.1,147203,5.1,5.10449,-8.3013,5.13799,-0.20418,0.37278,0.4641,73.76498,42.20988,-31.87664
36.078991,-79.007989,7,0.61,130.4,5.49,147403,5.49,5.49213,-7.14317,4.25504,0.2109,-0.08445,0.26756,76.71734,39.91523,-30.95586
36.078989,-79.007988,7,0.76,130.4,7.88,148203,7.88,7.87598,1.01755,6.40798,-0.32238,-0.38454,0.79153,86.62672,-5.32008,-36.64133
36.078989,-79.007988,7,0.76,130.4,6.76,148403,6.76,6.76152,2.75175,5.9354,-0.22495,-0.49052,1.2848,82.37358,-15.37562,-37.94212
36.078997,-79.007994,7,0.43,130.4,2.88,149203,2.88,2.87737,5.86361,7.68395,0.0478,-0.2051,0.2781,66.2964,-30.50278,-42.77989
36.078997,-79.007994,8,0.43,130.1,2.65,149403,2.65,2.64885,5.23609,7.33281,0.07407,-0.10568,-0.1605,65.31716,-30.41508,-44.32914
36.079,-79.007997,8,0.32,130.1,3.62,150203,3.62,3.62034,5.47059,7.8999,-0.05818,-0.19517,0.44349,69.08799,-27.59427,-45.4107
36.079,-79.007997,8,0.32,130.1,4.48,150403,4.48,4.47637,4.65643,7.17847,-0.05055,0.69776,-1.03465,67.12949,-27.81351,-47.61766
36.079003,-79.007997,8,0.07,130.1,4.46,151203,4.46,4.45843,-2.76431,8.67338,0.03925,-0.00153,-0.06338,75.3727,2.26542,-63.21251
36.079003,-79.007997,8,0.07,130.1,4.51,151403,4.51,4.51227,-3.09631,8.42752,0.03299,0.16356,-0.0507,75.25578,2.66004,-63.18328
36.079004,-79.007998,8,0.25,130.1,6.55,152203,6.55,6.54975,-4.03908,5.26062,-0.43753,0.49526,0.29917,86.75826,2.98158,-41.04063
36.079004,-79.007998,8,0.25,130.1,8.86,152403,8.86,8.85524,-2.39522,5.26182,-0.11561,0.25381,-0.12706,87.72289,3.43467,-37.18211
36.079006,-79.008002,8,0.76,130.1,6.83,153203,6.83,6.8339,-3.79143,4.58106,-0.11301,-0.03009,-0.15287,87.43058,13.73867,-37.60596
36.079006,-79.008002,8,0.76,130.3,7.58,153403,7.58,7.57627,-4.27239,4.91187,-0.05666,0.02673,0.01985,87.62058,13.54867,-38.02982
36.079009,-79.008004,8,1.0,130.3,7.54,154203,7.54,7.53799,-4.14616,4.37767,-0.02092,0.10186,0.16218,87.94212,11.38556,-35.93978
36.079009,-79.008004,8,1.0,130,8.29,154403,8.29,8.29233,-2.98744,5.79422,-0.9644,-0.94501,0.42745,88.17597,7.45396,-38.27828
36.079015,-79.008008,8,1.0,130,7.32,155203,7.32,7.32204,-6.13879,4.08275,0.75854,-0.44899,0.66294,86.26133,21.09032,-36.08594
36.079015,-79.008008,8,1.0,129.8,6.72,155403,6.72,6.72024,-5.66501,4.44287,-0.27749,-1.16248,0.52672,86.18825,18.03566,-40.52908
36.079011,-79.008006,8,0.15,129.8,6.94,156203,6.94,6.94218,-3.58385,4.95015,1.09467,-0.69914,0.63729,84.40514,3.23005,-50.89156
36.079011,-79.008006,8,0.15,129.5,5.66,156403,5.66,5.65903,-3.37627,6.78425,3.44421,-1.04992,1.79991,76.24963,5.40778,-62.05788
36.079011,-79.008006,8,0.35,129.5,6.81,157203,6.81,6.81117,-4.30888,4.75155,0.64721,-0.49892,0.26603,61.3271,25.40193,-71.95264
36.079011,-79.008006,8,0.35,129.5,7.07,157403,7.07,7.07139,-5.51964,5.19542,1.14705,-0.33918,-0.48823,57.57088,33.35282,-69.81876
36.079015,-79.008007,8,0.91,129.5,2.41,158203,2.41,2.41496,-8.33001,4.05284,-0.11988,0.02214,-0.3149,43.49606,43.7299,-66.42795
36.079015,-79.008007,8,0.91,129.4,2.59,158403,2.59,2.59262,-9.36132,4.49013,0.05757,0.02123,0.04795,40.85063,44.29991,-65.71178
36.079016,-79.008007,8,0.41,129.4,2.02,159203,2.02,2.01835,-8.16132,4.84547,-0.16295,0.14187,-0.03436,38.96522,42.22449,-67.11488
36.079016,-79.008007,8,0.41,129.3,2.18,159403,2.18,2.18405,-8.72184,4.93759,-0.35094,0.39828,0.15424,39.85677,40.79217,-67.15872
36.079016,-79.008004,8,0.3,129.3,3.49,160203,3.49,3.49173,-6.23629,7.7689,-1.02916,1.30878,1.44561,49.60538,24.32037,-75.10962
36.079016,-79.008004,9,0.3,129.3,6.96,160403,6.96,6.96192,-4.68096,6.5336,0.03131,0.55039,2.22401,59.16399,16.82257,-74.18884
36.079025,-79.008014,9,0.18,129.3,6.94,161203,6.94,6.94098,-5.34437,4.37049,-1.76876,1.6727,-1.41736,75.72347,9.07629,-62.87635
36.079025,-79.008014,9,0.18,129.5,6.84,161403,6.84,6.8351,-4.36989,4.42253,-1.18157,1.12812,-1.59421,82.08126,10.93248,-53.06927
36.079028,-79.008017,9,0.09,129.5,3.3,162203,3.3,3.3003,-2.77867,8.56631,0.52534,-0.40256,0.01604,72.08419,4.04852,-67.17335
36.079028,-79.008017,9,0.09,129.8,2.9,162403,2.9,2.8995,-2.35873,9.17049,0.23747,-0.54993,0.10033,67.93335,3.78544,-70.94417
36.079028,-79.008018,9,0.23,129.8,0.97,163203,0.97,0.9685,-3.47199,10.04088,0.03421,-0.68692,0.00061,57.3955,-0.01462,-75.05116
36.079028,-79.008018,9,0.23,129.8,0.64,163403,0.64,0.63829,-2.42752,9.43909,-0.17578,0.15104,-0.03787,53.36159,-0.07308,-74.59807
36.079028,-79.00802,9,0.33,129.8,6.79,164203,6.79,6.78904,-1.33759,6.2692,0.33704,1.45615,0.68875,78.54428,-6.28471,-56.98626
36.079028,-79.00802,9,0.33,129.9,9.72,164403,9.72,9.72443,-1.15573,3.36431,0.61239,0.96715,0.72739,82.34435,-9.74861,-48.39228
36.079024,-79.008017,9,0.87,129.9,9.12,165203,9.12,9.11905,1.02592,1.96152,0.04673,0.06964,0.10125,80.34201,-16.73487,-44.89915
36.079024,-79.008017,9,0.87,130,9.63,165403,9.63,9.62633,0.52941,2.49272,-0.04872,0.19502,-0.05528,80.50278,-16.48641,-44.91377
36.079022,-79.008015,9,0.63,130,9.38,166203,9.38,9.38166,0.4014,1.88375,0.00855,0.03146,0.02046,81.51125,-16.44256,-41.17217
36.079022,-79.008015,9,0.63,129.9,9.63,166403,9.63,9.62752,0.52642,1.96929,-0.10049,-0.27764,0.06322,81.21894,-17.30488,-41.30371
36.07902,-79.008013,9,0.69,129.9,9.24,167203,9.24,9.24048,0.75733,1.85145,0.00687,0.09132,0.00977,80.44431,-18.7226,-41.65449
36.07902,-79.008013,9,0.69,130,9,167403,9,8.99642,1.12702,2.4658,-0.12828,-0.22846,-0.08919,80.23969,-18.3572,-41.39141
36.079024,-79.008014,9,0.54,130,9.24,168203,9.24,9.23988,0.72921,2.26002,-0.23976,-0.30818,-0.15272,79.28968,-19.14645,-41.49371
36.079024,-79.008014,8,0.54,129.9,8.86,168403,8.86,8.86062,1.87597,1.65105,0.09575,0.08369,0.27718,79.27506,-19.33645,-42.10757
36.079023,-79.008012,8,0.91,129.9,8.99,169203,8.99,8.98625,1.68455,2.52682,0.05651,0.08155,0.04032,78.70506,-20.30108,-42.38527
36.079023,-79.008012,9,0.91,130,9.28,169403,9.28,9.28116,1.27238,2.82652,-0.19242,-0.05437,-0.11011,79.08507,-20.76878,-41.69833
36.079023,-79.008011,9,0.85,130,9.2,170203,9.2,9.19622,1.39382,2.80618,-0.05345,-0.02871,-0.06872,79.47968,-20.68109,-42.39988
36.079023,-79.008011,9,0.85,129.8,9.12,170403,9.12,9.11785,1.67857,2.25763,-0.02886,0.03009,-0.00718,79.14352,-20.76878,-41.82988
36.079025,-79.008012,9,0.52,129.8,9.85,171203,9.85,9.84946,-0.61077,5.27617,0.52748,-0.10079,-0.69959,80.31277,-14.14791,-48.08536
36.079025,-79.008012,8,0.52,129.8,7.77,171403,7.77,7.7677,-1.6325,2.6351,-0.05391,0.06445,-1.09956,82.73897,-8.5209,-48.88921
36.079031,-79.008013,8,0.14,129.8,9.09,172203,9.09,9.08734,-0.9661,3.76032,0.06353,0.22587,0.27275,81.2774,-6.81087,-52.00234
36.079031,-79.008013,9,0.14,129.6,8.52,172403,8.52,8.52204,-2.25045,4.18505,-0.22388,-0.04108,-0.30589,82.13972,-6.48933,-51.49079
36.079032,-79.008013,9,0.23,129.6,8.74,173203,8.74,8.73679,-1.93639,4.07498,-0.04398,-0.05162,-0.11561,81.84741,-2.83543,-53.06927
36.079032,-79.008013,9,0.23,129.2,8.6,173403,8.6,8.59562,-1.99382,3.89252,-0.0759,0.10553,-0.09911,81.32125,-3.71236,-53.7416
36.079031,-79.00801,9,0.41,129.2,8.94,174203,8.94,8.94198,-1.82273,3.50907,-0.20021,-0.14355,-0.02199,82.9582,-4.79392,-51.08155
36.079031,-79.00801,9,0.41,129.2,9.58,174403,9.58,9.58146,-1.80718,3.03948,-0.00153,0.17226,0.09713,82.54897,-5.21777,-51.14001
36.079032,-79.008011,9,0.21,129.2,8.99,175203,8.99,8.99043,-1.19761,3.19083,-0.31017,-0.24587,-0.03344,81.42356,-11.2394,-49.22537
36.079032,-79.008011,9,0.21,129.3,10,175403,10,10.0008,-0.88116,3.1681,0.27214,0.10751,0.02688,81.68664,-10.42093,-49.62
36.079035,-79.008013,9,0.47,129.3,9.05,176203,9.05,9.04786,-1.03011,3.12742,-0.00535,-0.05421,-0.0336,82.18357,-8.5209,-50.01461
36.079035,-79.008013,9,0.47,129.2,9.09,176403,9.09,9.09392,-1.00618,2.79482,-0.02978,-0.02413,-0.03848,81.84741,-8.36013,-49.42999
36.079034,-79.008014,9,0.45,129.2,8.92,177203,8.92,8.92164,-1.05643,3.18604,0.00412,0.01833,0.01038,81.84741,-7.76089,-50.16077
36.079034,-79.008014,9,0.45,129.1,8.92,177403,8.92,8.92463,-0.82193,3.0664,-0.0223,0.00611,0.03772,81.99357,-8.14089,-50.36539
36.079036,-79.008016,9,0.29,129.1,9.34,178203,9.34,9.3356,-1.33699,3.18006,0.22877,0.0255,0.09377,81.3651,-7.92166,-50.87694
36.079036,-79.008016,9,0.29,129,9.24,178403,9.24,9.2363,-1.38066,3.47079,0.19609,0.09148,-0.2474,82.9582,-5.78778,-50.86232
36.079037,-79.008017,9,0.31,129,9.34,179203,9.34,9.33919,-1.91246,3.59701,-0.19227,0.08415,-0.60079,83.44051,-4.50161,-51.19848
36.079037,-79.008017,9,0.31,128.8,8.34,179403,8.34,8.336,-2.41914,2.79661,0.24877,0.32101,-0.4664,84.49284,0.57001,-51.24233
36.079039,-79.008018,9,0.39,128.8,6.22,180203,6.22,6.22313,-5.93061,3.42473,-0.71227,0.45357,-0.11057,85.60362,17.53873,-53.21543
36.079039,-79.008018,8,0.39,128.7,8.22,180403,8.22,8.22293,-6.05982,2.98146,-0.76267,0.50137,-0.45509,86.77287,15.93102,-53.50774
36.079042,-79.00802,8,0.14,128.7,0.56,181203,0.56,0.56471,-8.47598,5.65304,-0.07987,-0.14508,-0.43799,40.68986,43.1599,-100.71616
36.079042,-79.00802,9,0.14,129.2,0.77,181403,0.77,0.76511,-8.86062,4.36092,0.06536,0.11774,0.16799,40.71909,44.03683,-101.43233
36.079048,-79.008025,9,0.64,129.2,3.24,182203,3.24,3.24287,-8.99642,3.78126,0.28023,0.56872,0.08384,60.114,35.04823,-93.61298
36.079048,-79.008025,9,0.64,129,3.31,182403,3.31,3.30568,-8.40718,3.50309,0.0982,0.52825,0.4945,63.24174,33.57205,-93.5399
36.07905,-79.008024,9,0.2,129,2.05,183203,2.05,2.04527,-7.16291,7.21974,-0.19991,-0.52061,-0.11545,48.01228,17.99182,-105.55394
36.07905,-79.008024,9,0.2,128.9,0.93,183403,0.93,0.92722,-7.42672,7.01277,0.10751,0.02459,0.05024,43.49606,18.98568,-108.21397
36.07905,-79.008023,9,0.05,128.9,4.1,184203,4.1,4.09771,-7.76052,5.53938,-0.23885,0.2474,0.07972,58.9886,21.41187,-114.17715
36.07905,-79.008023,9,0.05,129,4.49,184403,4.49,4.49312,-7.08634,5.35454,0.06888,-0.00947,0.07911,60.97632,17.77258,-114.71793
36.079048,-79.008021,9,0.16,129,1.59,185203,1.59,1.59302,-7.32264,7.66481,-0.67485,-1.82527,0.0197,53.59544,14.17714,-95.16223
36.079048,-79.008021,9,0.16,128.8,1.11,185403,1.11,1.10848,-5.82892,7.51227,-0.74266,-1.83657,0.02337,43.43759,21.11956,-79.93277
36.079053,-79.008022,9,0.58,128.8,2.55,186203,2.55,2.54656,-9.37448,5.68236,0.66661,-0.3795,-0.39783,12.58404,41.17217,-88.51213
36.079053,-79.008022,9,0.58,128.8,1.4,186403,1.4,1.40399,-8.40778,5.48136,-0.00825,-0.62125,-0.14187,9.13476,43.20374,-87.89828
36.07905,-79.00802,9,0.08,128.8,0.03,187203,0.03,0.02931,-8.1015,5.70868,0.07575,-0.57437,-0.35507,2.39696,42.70681,-84.66823
36.07905,-79.00802,9,0.08,128.8,-0.22,187403,-0.22,-0.21954,-8.41616,6.58086,-0.00794,0.03864,-0.03787,-0.51155,42.86758,-83.93744
36.079048,-79.008019,9,0.07,128.8,-5.26,188203,-5.26,-5.26122,-7.07079,5.44726,-0.10415,-0.03848,-0.26603,-20.94417,40.80678,-73.8819
36.079048,-79.008019,9,0.07,128.8,-5.02,188403,-5.02,-5.02253,-6.49771,5.1003,-0.219,0.10201,-0.27687,-21.66033,39.94446,-72.39111
36.079045,-79.008017,9,0.14,128.8,7.28,189203,7.28,7.28196,-5.81994,7.63789,-0.23564,3.75239,0.56795,52.48466,35.31131,-81.84741
36.079045,-79.008017,9,0.14,129,7.67,189403,7.67,7.67498,-6.01436,4.75155,-1.37216,1.55587,-1.02656,76.84888,25.24116,-62.4525
36.079045,-79.008017,9,0.13,129,5.18,190203,5.18,5.17568,-5.24626,6.94936,-0.08613,-0.38912,0.36377,71.45572,-13.08097,-82.28588
36.079045,-79.008017,8,0.13,129.2,6.22,190403,6.22,6.22313,-2.4018,8.6022,-1.98745,-0.93096,2.61221,76.86349,3.36159,-65.34639
36.079043,-79.008014,8,0.33,129.2,5.51,191203,5.51,5.51486,-0.99541,8.14936,-0.53878,-0.43066,0.73563,84.53668,3.50775,-51.46156
36.079043,-79.008014,9,0.33,129.3,6.21,191403,6.21,6.20519,-1.58584,7.92084,-0.31307,-0.16784,0.17853,82.41742,-0.92078,-40.11985
36.079039,-79.008011,9,0.26,129.3,3.52,192203,3.52,3.52283,2.41496,9.51267,0.10308,-0.70967,0.51511,61.29786,-21.55802,-27.21426
36.079039,-79.008011,9,0.26,129.2,1.27,192403,1.27,1.2664,3.58146,10.54577,0.35094,-0.63759,0.343,56.12394,-21.99649,-31.51125
36.079035,-79.008008,9,0.18,129.2,2.59,193203,2.59,2.58903,2.40598,9.12204,-0.12462,0.15623,-0.1237,63.19789,-18.62029,-26.58579
36.079035,-79.008008,9,0.18,129.2,2.54,193403,2.54,2.54297,2.49332,9.09931,-0.02138,0.22617,-0.22602,64.61561,-18.57644,-25.65039
36.079033,-79.008007,9,0.16,129.2,2.75,194203,2.75,2.74517,0.55214,13.33041,-0.25397,-0.32177,0.17211,61.64864,-18.88337,-24.70038
36.079033,-79.008007,8,0.16,129,0.4,194403,0.4,0.40379,2.52503,8.80439,-0.35491,-0.44807,0.36759,56.12394,-22.5665,-25.02192
36.079032,-79.008006,8,0.17,129,1.89,195203,1.89,1.88794,1.22154,9.7023,0.08323,0.10278,0.14676,61.7948,-16.36948,-27.30196
36.079032,-79.008006,8,0.17,129.2,-5.42,195403,-5.42,-5.42034,1.61336,12.75614,0.98105,0.90912,-1.14537,59.76323,-16.00409,-27.14119
36.079033,-79.008007,8,0.07,129.2,-4.31,196203,-4.31,-4.31067,1.40937,8.6357,0.12309,0.98548,-0.54611,58.00936,-19.20491,-24.04268
36.079033,-79.008007,8,0.07,129.3,-3.3,196403,-3.3,-3.30449,2.49093,5.64945,-0.62873,-0.42791,0.55787,56.31394,-21.26571,-19.67261
36.079031,-79.008006,8,0.02,129.3,0.62,197203,0.62,0.61555,5.52742,4.02951,0.02169,0.90637,-0.45922,59.93861,-19.5703,-10.69863
36.079031,-79.008006,9,0.02,129.4,1.2,197403,1.2,1.19761,3.5671,10.79043,0.19013,-0.15699,-0.03268,62.46712,-19.95031,-8.08243
36.079029,-79.008006,9,0.07,129.4,0,198203,0,0.00179,2.59621,9.42353,0.06842,0.16157,-0.19456,59.38322,-15.52178,-12.99328
36.079029,-79.008006,9,0.07,129.4,0.66,198403,0.66,0.66401,2.88754,10.29691,-0.0452,0.20846,-0.38149,62.33558,-12.46711,-13.56329
36.079027,-79.008005,9,0.16,129.4,0.32,199203,0.32,0.32004,3.51625,9.34696,-0.18204,-0.09575,-0.115,63.18328,-14.11868,-11.26863
36.079027,-79.008005,8,0.16,129.1,0.35,199403,0.35,0.34756,3.50728,9.1017,0.0252,-0.09285,0.09392,64.64484,-15.65332,-10.2017
36.079024,-79.008003,8,0.02,129.1,1.63,200203,1.63,1.63071,3.91944,10.90708,0.32254,0.11545,-0.44639,61.83865,-19.52645,-8.17013
36.079024,-79.008003,8,0.02,129.1,-0.77,200403,-0.77,-0.76869,4.16471,10.02772,0.34651,0.20204,-0.23686,60.31862,-19.1026,-7.49781
36.079023,-79.008002,8,0.07,129.1,0.07,201203,0.07,0.06999,3.87577,9.52822,-0.00153,-0.01252,0.05574,60.33323,-19.39491,-4.88161
36.079023,-79.008002,8,0.07,129.2,-0.96,201403,-0.96,-0.96491,3.88295,9.49352,-0.05452,-0.01787,0.02367,59.93861,-19.81877,-5.08623
36.079023,-79.008001,8,0.07,129.2,-0.61,202203,-0.61,-0.61376,3.98525,10.47997,0.03344,-0.10568,0.4102,65.71178,-18.7226,-6.70856
36.079023,-79.008001,9,0.07,129.2,-0.02,202403,-0.02,-0.01735,3.48933,8.88036,-0.06826,-0.07911,0.12569,63.94329,-19.39491,-6.16779
36.079021,-79.007999,9,0.16,129.2,-0.05,203203,-0.05,-0.04606,5.63091,9.79502,0.05651,0.17608,-0.20815,66.1064,-23.32651,0.16077
36.079021,-79.007999,9,0.16,129.5,0.07,203403,0.07,0.0676,5.11944,9.49532,-0.43249,0.30085,-0.39447,69.90646,-22.78574,4.44315
36.07902,-79.007998,9,0.23,129.5,7.86,204203,7.86,7.85624,5.54417,1.2018,0.03406,0.21472,-0.23579,86.68518,-8.65244,45.10377
36.07902,-79.007998,9,0.23,129.5,-1.65,204403,-1.65,-1.65284,14.45863,-12.78007,-0.11194,1.47264,-0.58948,82.60742,-6.84011,30.44431
36.079016,-79.007993,9,0.76,129.5,10.11,205203,10.11,10.10848,-2.28096,2.24447,-0.33414,1.51876,-0.4076,78.31043,37.29903,-32.92897
36.079016,-79.007993,9,0.76,129.4,10.21,205403,10.21,10.21137,-2.00399,1.25384,0.18265,0.02627,0.17104,75.78194,38.23443,-32.53435
36.079014,-79.007993,9,0.4,129.4,6.45,206203,6.45,6.44626,-1.90947,-5.68953,0.28023,-0.02947,-0.21564,58.84245,35.38439,-7.60012
36.079014,-79.007993,5,0.4,129.2,7.72,206403,7.72,7.72343,-1.9663,-5.86361,-0.27245,-0.24648,0.03176,57.17626,36.34902,-9.33937
36.079012,-79.007991,5,0.29,129.2,-0.12,207203,-0.12,-0.11665,-3.57308,-9.6006,-0.74571,-0.37095,0.14462,37.92751,51.02309,-17.56796
36.079012,-79.007991,6,0.29,129.2,3.9,207403,3.9,3.89611,-4.65284,-8.32463,1.35246,0.59972,-0.00932,38.87752,45.17685,-11.21017
36.079012,-79.007992,6,0.15,129.2,1.12,208203,1.12,1.12403,-0.41037,-9.26979,0.4357,0.62934,-0.37049,33.83514,33.68898,0.59924
36.079012,-79.007992,6,0.15,129.2,0.86,208403,0.86,0.85783,-0.61137,-8.87199,-0.25595,-0.44059,0.10125,32.75358,32.59281,0.23385
36.07901,-79.007993,0,0.05,129.2,4.23,210203,4.23,4.22572,-7.23231,-6.48575,-0.9528,-0.00641,-0.36499,39.73984,54.9693,-26.16194
36.07901,-79.007993,5,0.05,129.1,4.75,210403,4.75,4.74557,-7.83769,-5.74517,-0.29795,0.01695,0.03772,38.80444,56.98626,-31.8328
36.078998,-79.007996,5,0.97,129.1,5.48,211203,5.48,5.47538,-5.55673,-2.12303,-0.00428,-1.25762,1.15331,58.08243,59.70476,-19.76031
36.078998,-79.007996,6,0.97,128.7,9.94,211403,9.94,9.94158,-6.97627,2.20379,-0.24847,-0.22281,0.18112,27.97428,96.91611,-14.3233
36.078997,-79.007996,6,0.53,128.7,7.64,212203,7.64,7.63789,-5.98086,1.40698,-0.05574,0.03833,0.04169,34.96054,86.17364,-25.43116
36.078997,-79.007996,7,0.53,129.1,7.7,212403,7.7,7.69891,-5.47059,1.21854,-0.11668,-0.17455,0.11744,34.53669,85.70593,-25.41654
36.078998,-79.007994,7,0.31,129.1,7.41,213203,7.41,7.41177,-5.48914,2.59143,0.23427,0.01817,-0.02795,33.00204,84.24437,-31.11663
36.078998,-79.007994,7,0.31,129.6,7.7,213403,7.7,7.7025,-5.48375,2.04885,0.00611,0.48213,0.28253,33.01666,84.72668,-29.12891
36.078995,-79.007994,7,0.22,129.6,9,214203,9,9.00359,-3.32901,-0.20818,0.32987,0.45204,0.54642,39.85677,81.35048,-16.58872
36.078995,-79.007994,8,0.22,130,8.75,214403,8.75,8.74636,-2.95813,-0.11127,-0.18189,-0.50121,0.16784,41.31833,79.8597,-12.97866
36.078992,-79.007992,8,0.08,130,9.41,215203,9.41,9.41277,-2.56989,-0.50668,0.15104,0.04398,0.0113,42.96989,79.81584,-12.16019
36.078992,-79.007992,8,0.08,129.9,9.3,215403,9.3,9.30449,-2.39821,0.14596,-0.11836,-0.03604,0.0339,42.37065,79.3043,-13.50482
36.078987,-79.007988,8,0.84,129.9,8.83,216203,8.83,8.82892,-3.26142,0.81057,0.20128,-0.07208,-0.3459,41.02602,81.18971,-16.20871
36.078987,-79.007988,8,0.84,129.9,8.86,216403,8.86,8.86062,-3.22672,-0.16092,0.13393,0.35552,-0.03757,40.47062,80.63432,-14.55715
36.078979,-79.007987,8,1.33,129.9,9.02,217203,9.02,9.01556,-3.88535,-1.28255,-0.22907,0.27061,0.04032,38.39521,81.74511,-10.66939
36.078979,-79.007987,5,1.33,130.3,9.04,217403,9.04,9.04008,-3.88295,-0.72024,-0.36667,-0.52153,0.09239,38.80444,82.69512,-14.7033
36.078976,-79.007983,5,0.59,130.3,10.93,218203,10.93,10.92503,-3.24108,2.15653,0.11881,-0.33613,-0.5959,42.51681,81.40895,-20.91494
36.078976,-79.007983,6,0.59,130.4,7.99,218403,7.99,7.99442,-4.86281,0.45224,-0.69196,-0.82894,-0.28818,33.71821,84.63899,-21.3534
36.078969,-79.007978,3,0.64,130.4,0.2,221203,0.2,0.20459,-2.30548,-9.42174,0.10125,-0.22999,-0.14172,21.89418,38.08828,-6.4601
36.078969,-79.007978,4,0.64,130.2,0.62,221403,0.62,0.62453,-2.02134,-9.18425,-0.47098,-0.87598,0.54947,27.21426,38.77521,-5.67086
36.078966,-79.007973,4,0.64,130.2,2.55,222203,2.55,2.54776,-1.46142,-9.51386,0.21793,0.15501,-0.20006,41.0114,39.62292,-6.66472
36.078966,-79.007973,3,0.64,130.2,-3.18,222403,-3.18,-3.17587,0.45942,-12.29851,0.32132,0.16432,-0.385,41.9468,40.85063,-7.7755
36.078959,-79.007968,3,0.69,130.2,4.89,223203,4.89,4.89213,-4.04566,-7.12104,-0.15638,0.4696,0.24022,38.71675,45.90763,-12.35019
36.078959,-79.007968,4,0.69,129.9,1.6,223403,1.6,1.60259,-1.80778,-10.23829,-0.16371,0.36163,0.37553,39.25753,47.07688,-13.41713
36.078971,-79.007974,4,0.28,129.9,5.7,224203,5.7,5.6997,-6.87039,-5.02971,0.88667,0.25931,-0.57956,41.0114,45.20608,-11.13709
36.078971,-79.007974,5,0.28,129.9,3.21,224403,3.21,3.21476,-2.63569,-8.29053,0.031,-0.08812,0.06277,45.71763,44.34376,-12.36481
36.07897,-79.007974,5,0.15,129.9,-0.72,225203,-0.72,-0.72263,-3.8004,-10.28973,0.90408,0.50671,-0.66019,43.62759,44.72376,-11.63402
36.07897,-79.007974,5,0.15,129.9,2.11,225403,2.11,2.10688,-3.67238,-8.8684,-0.09636,0.22297,-0.35415,41.91757,47.89535,-15.05408
36.078963,-79.007968,5,0.37,129.9,1.67,226203,1.67,1.66899,-2.30429,-8.61416,0.55268,0.20892,0.01802,35.70593,44.22683,-10.31862
36.078963,-79.007968,7,0.37,130,0.36,226403,0.36,0.35593,-1.29452,-9.18485,0.56444,0.16616,-0.04612,35.17977,39.08214,-6.6501
36.07896,-79.007966,7,0.36,130,2.35,227203,2.35,2.34915,-1.34895,-10.52543,-0.22251,0.02871,-0.04765,37.10903,40.90909,-7.49781
36.07896,-79.007966,8,0.36,130.1,1.86,227403,1.86,1.85922,-2.40838,-9.80758,-0.02596,0.02382,-0.0307,36.8021,41.31833,-8.28705
36.078962,-79.007967,8,0.68,130.1,-3.26,228203,-3.26,-3.25962,-4.21615,-8.75594,-1.07436,-2.18461,-0.04459,28.2812,55.30547,-23.15112
36.078962,-79.007967,8,0.68,130.2,4.1,228403,4.1,4.09711,-8.06381,-4.06301,-0.90301,0.61087,0.34606,31.81818,54.42853,-16.03332
36.078953,-79.00796,0,0.74,130.2,2.79,230203,2.79,2.79422,-9.11187,-2.2002,-0.01802,0.16921,0.07743,60.75709,46.52148,-90.20754
36.078953,-79.00796,5,0.74,130.3,3.1,230403,3.1,3.10349,-9.18545,-2.14517,-0.05589,-0.08186,0.05483,61.67787,45.70301,-91.0991
36.078955,-79.007958,5,0.03,130.3,3.3,231203,3.3,3.29791,-8.9354,-2.31565,-0.04337,-0.03085,-0.00428,62.33558,46.05378,-90.076
36.078955,-79.007958,6,0.03,130.3,3.14,231403,3.14,3.13759,-8.92164,-2.2666,-0.03344,-0.09178,-0.07605,62.07249,46.19994,-89.54984
36.078956,-79.007954,6,0.08,130.3,2.54,232203,2.54,2.54357,-9.4337,-1.91127,0.00076,0.17715,-0.20235,59.89477,47.63227,-91.40602
36.078956,-79.007954,6,0.08,130.2,2.4,232403,2.4,2.4006,-9.18425,-2.18943,0.09759,-0.05437,-0.16539,58.5209,48.31921,-91.4791
36.078956,-79.007954,6,0.28,130.2,1.71,233203,1.71,1.71326,-9.4002,-2.79482,0.03635,0.02886,-0.1518,56.50394,50.26308,-89.19907
36.078956,-79.007954,7,0.28,130.2,1.59,233403,1.59,1.59482,-9.47976,-3.20997,0.11316,0.34987,-0.41325,54.06314,51.62233,-88.64367
36.078962,-79.007958,7,0.24,130.2,-2.72,234203,-2.72,-2.72184,-6.9673,-6.87278,0.16661,-0.64462,-0.32819,40.57293,85.2967,-70.87109
36.078962,-79.007958,8,0.24,130.2,-2.13,234403,-2.13,-2.13021,-6.34218,-6.99422,-0.15577,-0.23366,0.00611,40.61678,86.18825,-74.52499
36.078963,-79.007957,8,0.39,130.2,-1.72,235203,-1.72,-1.71924,-6.87578,-7.05823,-0.06857,0.08873,-0.17211,42.6922,86.58287,-77.14119
36.078963,-79.007957,8,0.39,130.3,-1.82,235403,-1.82,-1.81974,-7.05464,-6.83869,0.06826,0.11881,0.11774,42.77989,86.43671,-78.25198
36.078969,-79.00796,8,0.36,130.3,-0.8,236203,-0.8,-0.80459,-8.05125,-5.70389,-0.19242,-0.104,0.02535,47.63227,85.64747,-82.54897
36.078969,-79.00796,8,0.36,130.4,-1.5,236403,-1.5,-1.49851,-8.14816,-5.96291,-0.10553,0.00061,0.14936,47.6615,85.80824,-83.03128
36.078979,-79.007964,8,0.35,130.4,-2.09,237203,-2.09,-2.09073,-9.36431,-4.15992,-0.78313,0.40623,0.00901,45.74686,79.78661,-97.45689
36.078979,-79.007964,8,0.35,130.6,-1.7,237403,-1.7,-1.7007,-9.49831,-2.75892,-0.5652,0.72968,-1.31657,41.24525,78.58813,-103.88775
36.078991,-79.007973,8,0.01,130.6,-3.97,238203,-3.97,-3.97029,-9.95534,-0.36191,-0.21029,-0.4021,-0.17287,55.53931,56.03625,-114.411
36.078991,-79.007973,8,0.01,130.7,-4.38,238403,-4.38,-4.38365,-9.29851,-0.65264,-0.09468,0.04169,-0.02978,55.04239,54.95469,-117.3195
36.078997,-79.007975,8,0.09,130.7,-4.02,239203,-4.02,-4.01875,-9.11905,-0.06939,0.15012,0.12737,0.04047,56.29933,53.59544,-118.76644
36.078997,-79.007975,8,0.09,130.8,-3.69,239403,-3.69,-3.68854,-9.15614,-0.08853,-0.05452,-0.02352,-0.02184,56.8401,53.06927,-118.26952
36.079005,-79.007979,8,0.15,130.8,-3.98,240203,-3.98,-3.97926,-8.80619,-0.44148,-0.32391,-0.04352,0.00153,56.69395,52.39696,-119.64338
36.079005,-79.007979,8,0.15,130.8,-3.53,240403,-3.53,-3.52642,-9.07717,-0.4325,-0.04749,0.10537,0.03329,57.76089,52.16311,-119.2926
36.079013,-79.007982,8,0.07,130.8,-3.27,241203,-3.27,-3.2674,-11.22832,1.92024,0.43035,1.37048,-0.75915,60.07016,49.35691,-118.31336
36.079013,-79.007982,8,0.07,130.8,-6.3,241403,-6.3,-6.3015,-8.88216,0.96191,-0.03589,-0.61484,0.36392,46.31686,54.15083,-104.3993
36.079018,-79.007988,8,0.37,130.8,5.85,242203,5.85,5.84626,-7.50928,4.54158,-0.77412,-1.79717,-0.27581,65.03946,30.76586,-68.73721
36.079018,-79.007988,8,0.37,130.9,2.29,242403,2.29,2.29352,-6.69452,6.56172,-0.29841,-0.06002,-0.31658,48.93306,19.5703,-69.19029
36.079019,-79.007992,8,0.4,130.9,-3.19,243203,-3.19,-3.18784,-0.69691,7.267,-0.13744,0.47647,0.07712,38.40982,-2.86466,-60.66939
36.079019,-79.007992,8,0.4,130.8,-3.27,243403,-3.27,-3.27338,-5.65005,8.6351,-0.27245,0.20159,-0.11805,43.96375,-6.53318,-61.34171
36.079015,-79.007988,8,0.68,130.8,-6.86,244203,-6.86,-6.86142,-3.50309,5.34078,0.02581,0.19884,0.38836,34.65361,-2.09003,-59.80708
36.079015,-79.007988,9,0.68,130.9,-6.29,244403,-6.29,-6.28774,-7.04208,9.59163,0.27917,0.8743,1.01465,36.87518,-3.34697,-58.36013
36.079008,-79.007983,9,1.16,130.9,-4.65,245203,-4.65,-4.65404,-5.40658,8.30908,-0.61988,-0.5791,-0.24389,47.58842,-7.43935,-56.69395
36.079008,-79.007983,9,1.16,130.9,0.52,245403,0.52,0.51685,-7.01336,10.09951,-0.09453,0.27428,-0.4922,50.61386,-12.14557,-57.90704
36.079009,-79.007983,9,0.64,130.9,-5.36,246203,-5.36,-5.36112,-5.14337,6.91705,0.12339,-0.14035,-0.28848,40.13446,-13.54867,-55.97779
36.079009,-79.007983,9,0.64,130.8,-5.19,246403,-5.19,-5.18943,-4.41715,7.63729,-0.03803,-0.02016,-0.00443,39.05291,-13.78252,-55.15931
36.079016,-79.007988,9,0.05,130.8,-6.77,247203,-6.77,-6.77288,-1.52184,8.05843,-0.31902,-0.29642,-0.11148,42.00526,-16.01871,-55.10085
36.079016,-79.007988,9,0.05,130.8,-5.59,247403,-5.59,-5.58604,-5.04467,9.42653,-0.01206,0.38912,-0.05681,43.20374,-22.2888,-54.1216
36.079018,-79.007988,9,0.29,130.8,-1.22,248203,-1.22,-1.21974,-4.76949,9.42234,-1.11208,-0.63683,2.04808,32.38819,6.4601,-68.75183
36.079018,-79.007988,9,0.29,130.8,-0.4,248403,-0.4,-0.40319,-7.04208,6.86202,1.0878,0.91141,0.07086,47.10611,10.7717,-78.41275
36.079019,-79.007988,9,0.05,130.8,-4.12,249203,-4.12,-4.12224,-7.09352,5.99163,-0.04414,-0.24404,-0.32101,18.31336,14.10406,-70.33031
36.079019,-79.007988,9,0.05,130.7,-2.03,249403,-2.03,-2.0321,-6.30928,7.4339,-0.78725,1.80282,0.39355,29.08506,9.76323,-76.26425
36.079019,-79.007989,9,0.14,130.7,-3.81,250203,-3.81,-3.80997,-7.28375,5.23968,0.24144,-0.25076,0.28558,20.40339,16.83718,-69.77492
36.079019,-79.007989,9,0.14,130.9,-4.8,250403,-4.8,-4.79821,-7.35913,5.79302,0.00168,0.1011,-0.07483,20.62263,17.17334,-69.95031
36.079017,-79.007992,9,0.06,130.9,-5.39,251203,-5.39,-5.39223,-7.51945,5.3354,0.03742,0.05284,0.2584,26.01579,11.56095,-73.80882
36.079017,-79.007992,9,0.06,131.1,-3.99,251403,-3.99,-3.99242,-5.09731,2.81097,-0.10369,0.07682,0.01558,26.45425,13.3879,-73.51652
36.079023,-79.007998,9,0.07,131.1,2.02,252203,2.02,2.01954,-6.46421,6.70349,-0.02367,0.39416,-0.02535,31.20432,9.88015,-75.92809
36.079023,-79.007998,9,0.07,131.2,-1.12,252403,-1.12,-1.12343,-8.99223,8.28036,-0.01268,0.74541,0.05131,31.37971,9.12014,-76.60041
36.079024,-79.008,9,0.38,131.2,0.64,253203,0.64,0.63529,-7.22573,8.20319,0.08277,-1.25899,-0.2248,35.54516,8.19936,-79.07045
36.079024,-79.008,9,0.38,131.4,-2.92,253403,-2.92,-2.91805,-7.15095,7.79223,0.13332,-1.19607,-0.53542,37.19672,7.96551,-79.46507
36.079021,-79.008001,9,0.01,131.4,-3.19,254203,-3.19,-3.18963,-7.19761,7.002,-0.15501,0.05864,-0.04215,37.92751,5.93394,-79.80122
36.079021,-79.008001,9,0.01,131.4,-3.18,254403,-3.18,-3.17886,-6.71785,6.58505,-0.03574,-0.04093,0.01298,38.24905,6.25548,-80.82432
36.079021,-79.008004,9,0.08,131.4,-6.42,255203,-6.42,-6.42413,-7.08575,5.54716,0.31948,-0.23732,0.23457,36.43671,7.65858,-79.08507
36.079021,-79.008004,9,0.08,131.5,-0.95,255403,-0.95,-0.94696,-7.37408,5.85225,-0.18463,0.69746,-0.2419,34.5513,7.70243,-78.71967
36.079025,-79.00801,9,0.02,131.5,-5.67,256203,-5.67,-5.67099,-5.06441,6.2028,-0.10476,0.31796,-0.23976,36.50979,4.70623,-80.16662
36.079025,-79.00801,9,0.02,131.6,-2.94,256403,-2.94,-2.94257,-4.59542,6.72862,-0.06811,0.28405,-0.07361,37.47442,3.43467,-81.51125
36.079024,-79.00801,9,0.13,131.6,-3.86,257203,-3.86,-3.86142,-5.51845,8.27199,-0.38057,-0.12446,-0.26756,45.45455,-8.90091,-85.06285
36.079024,-79.00801,9,0.13,131.8,-3.38,257403,-3.38,-3.37926,-3.27996,8.56989,-0.68111,0.42318,-0.56123,45.93686,-13.50482,-83.67436
36.079026,-79.00801,9,0.76,131.8,-7.62,258203,-7.62,-7.62114,-5.86481,3.69392,0.25045,0.0675,-0.23946,1.85618,32.38819,-60.77171
36.079026,-79.00801,9,0.76,132,-6.32,258403,-6.32,-6.31825,-7.03071,3.35773,0.41325,1.372,2.29838,-3.05466,37.60596,-60.52324
36.079026,-79.008009,9,0.59,132,-0.93,259203,-0.93,-0.93081,-11.21456,-0.58744,-0.12019,-1.55068,0.5313,-24.83192,56.02163,-47.01841
36.079026,-79.008009,8,0.59,132.1,1.24,259403,1.24,1.23948,-10.0349,-1.61157,1.3071,2.59847,0.32406,-7.03011,65.41946,-51.52003
36.079028,-79.008008,8,0.33,132.1,-1.4,260203,-1.4,-1.39621,-8.47059,-5.02253,-0.02214,-0.11423,0.06857,1.11079,70.33031,-73.37036
36.079028,-79.008008,8,0.33,132.4,-1.69,260403,-1.69,-1.68515,-8.42214,-4.6684,-0.1463,0.03406,0.07178,3.31774,70.16954,-72.20111
36.079029,-79.008007,8,0.05,132.4,-1.4,261203,-1.4,-1.39801,-8.56571,-4.70608,0.02947,0.03299,0.0223,4.88161,69.77492,-72.0988
36.079029,-79.008007,8,0.05,133.1,-1.43,261403,-1.43,-1.43151,-8.52563,-4.84188,0.06185,0.06154,-0.13714,4.25314,69.11722,-71.58725
36.079028,-79.008004,8,0.16,133.1,-5.29,262203,-5.29,-5.28754,3.47019,-3.92782,0.5116,1.2254,-1.07024,-39.84215,19.62876,-38.90675
36.079028,-79.008004,8,0.16,133.4,-4.9,262403,-4.9,-4.8993,1.51466,-6.50549,-0.18311,0.09178,0.13149,-42.66296,19.83338,-41.2014
36.079028,-79.008003,8,0.2,133.4,-6.46,263203,-6.46,-6.45823,0.95055,-7.89153,-0.31597,-0.16066,0.23442,-41.52295,21.55802,-40.22216
36.079028,-79.008003,9,0.2,133.4,-6.73,263403,-6.73,-6.7328,1.29691,-7.48894,-0.05712,-0.22953,0.12126,-41.11371,22.43496,-40.68986
36.079028,-79.008,9,0.23,133.4,-5.4,264203,-5.4,-5.39821,0.50608,-8.58425,0.301,0.13806,-0.23366,-36.02748,26.27887,-33.65975
36.079028,-79.008,9,0.23,133.7,-2.27,264403,-2.27,-2.2666,1.72343,-11.13261,1.97416,-2.15284,-1.21303,-25.67963,14.7033,-12.87635
36.079023,-79.008,9,0.33,133.7,6.16,265203,6.16,6.16212,5.74337,-2.85583,0.38194,-0.36469,-0.28207,47.0038,-7.16165,18.18182
36.079023,-79.008,8,0.33,133.7,12.22,265403,12.22,12.21596,3.81057,-4.25025,0.03176,0.14126,0.27993,43.24759,-5.62701,18.45951
36.07902,-79.007997,8,0.29,133.7,5.08,266203,5.08,5.08295,7.58525,-2.61177,0.92241,-0.52611,0.25779,36.59749,-10.7717,18.12336
36.07902,-79.007997,8,0.29,133.8,5.15,266403,5.15,5.14636,8.00459,-2.20738,0.05742,0.62278,0.39615,32.88512,-14.95177,14.77638
36.079023,-79.007999,8,0.24,133.8,4.22,267203,4.22,4.21914,7.49612,-1.10189,0.35644,-0.15592,0.29337,30.22508,-14.25022,13.62175
36.079023,-79.007999,9,0.24,134.2,3.83,267403,3.83,3.8333,8.93301,-0.95175,0.25183,0.12385,0.10278,28.22274,-15.75563,11.94095
36.079028,-79.008002,9,0.06,134.2,4.08,268203,4.08,4.08275,8.03809,-0.268,0.00015,-0.16493,0.00015,29.87431,-17.26103,9.44168
36.079028,-79.008002,8,0.06,134.4,4.33,268403,4.33,4.3346,8.48615,-0.16989,0.1211,-0.16112,-0.0617,29.94739,-16.69103,9.09091
36.079028,-79.008002,8,0.03,134.4,5.06,269203,5.06,5.06142,9.32423,-0.84526,-0.15531,-0.03176,0.00702,31.75972,-12.75943,12.2625
36.079028,-79.008002,8,0.03,134.6,5.32,269403,5.32,5.32403,9.07957,-1.57388,0.11057,0.02703,-0.15684,31.11663,-12.14557,11.75095
36.079027,-79.008001,8,0.08,134.6,4.59,270203,4.59,4.58644,8.4335,-0.55753,0.06475,-0.2868,0.04337,30.32739,-10.01169,12.08711
36.079027,-79.008001,8,0.08,134.5,4.7,270403,4.7,4.7001,8.55075,0.12323,0.09621,0.04337,0.09224,30.63432,-9.8363,10.36247
36.079025,-79.007999,8,0.09,134.5,4.98,271203,4.98,4.97647,7.88435,-0.99482,-0.17196,-0.23915,0.04246,29.56738,-7.33704,11.15171
36.079025,-79.007999,8,0.09,134.5,4.7,271403,4.7,4.70489,8.87797,-0.52044,-0.00214,0.02428,-0.13011,29.18737,-5.89009,11.44402
36.079023,-79.007997,8,0.1,134.5,4.91,272203,4.91,4.90888,9.25005,-0.01316,-0.14875,-0.02841,0.03375,27.06811,0.01462,11.47325
36.079023,-79.007997,8,0.1,134.5,3.35,272403,3.35,3.34576,10.53739,0.66162,0.37431,0.31337,-0.03512,27.63812,2.74773,11.48787
36.079019,-79.007994,8,0.26,134.5,5.81,273203,5.81,5.80678,8.04048,-1.12104,1.06733,-1.25991,0.20846,42.07834,18.94183,15.97486
36.079019,-79.007994,8,0.26,134.6,5.77,273403,5.77,5.7673,7.99622,0.66401,0.28924,-0.60964,0.20097,44.70915,12.58404,7.96551
36.079017,-79.007993,8,0.05,134.6,6.07,274203,6.07,6.07119,7.41237,2.20199,-0.24877,-0.20449,0.0423,45.54224,12.4525,5.59778
36.079017,-79.007993,8,0.05,134.6,7.17,274403,7.17,7.16531,8.00399,2.8008,-0.166,-0.3543,-0.32269,45.08916,12.08711,6.38702
36.079017,-79.007993,8,0.08,134.6,3.77,275203,3.77,3.7681,8.72483,0.6006,0.03207,0.00993,-0.13149,45.39608,13.1102,6.2701
36.079017,-79.007993,8,0.08,134.7,5.02,275403,5.02,5.01895,8.1332,0.42772,-0.01313,0.02123,0.0255,45.20608,13.31482,6.19702
36.079016,-79.007995,8,0.08,134.7,4.13,276203,4.13,4.1336,8.85943,0.1669,-0.0307,0.00825,-0.02489,47.31073,16.60333,8.09705
36.079016,-79.007995,8,0.08,134.6,4.89,276403,4.89,4.88614,7.84966,0.79561,-0.06979,0.04979,-0.09545,47.58842,16.95411,7.80474
36.079016,-79.007995,8,0.14,134.6,5.67,277203,5.67,5.6668,5.05603,-3.13699,1.85001,1.27243,-1.94545,64.45483,-0.61386,6.51856
36.079016,-79.007995,9,0.14,134.4,9.78,277403,9.78,9.78425,2.59382,1.06062,-0.46426,-1.40316,0.66554,80.78048,-2.00234,-2.87928
36.079015,-79.007995,9,0.02,134.4,7.75,278203,7.75,7.74796,4.38365,0.80279,0.06124,0.3656,-0.36973,59.13476,-13.13943,58.63783
36.079015,-79.007995,8,0.02,134.5,8.61,278403,8.61,8.61297,4.32204,0.12443,-0.02321,0.042,0.26588,46.41918,-11.12248,64.92254
36.079016,-79.007994,8,0.22,134.5,8.14,279203,8.14,8.14278,4.77069,0.12024,0.01436,-0.06613,0.17013,50.33616,-19.30722,59.1786
36.079016,-79.007994,8,0.22,134.6,8.2,279403,8.2,8.20319,4.98186,0.23988,-0.17455,0.13256,-0.10766,51.2131,-18.81029,60.59632
36.079015,-79.007993,8,0.15,134.6,7.52,280203,7.52,7.51765,6.53659,0.8674,0.05085,-0.12966,0.59926,53.94622,-18.86875,55.89009
36.079015,-79.007993,8,0.15,134.7,6.69,280403,6.69,6.68854,6.05324,0.37627,-0.53665,-0.47021,-0.65256,52.95235,-16.72026,56.7378
36.079015,-79.007994,8,0.23,134.7,-2.3,281203,-2.3,-2.30309,8.89233,-0.89611,0.01069,0.01283,1.89903,37.44519,-8.87168,83.79129
36.079015,-79.007994,9,0.23,134.8,0.36,281403,0.36,0.35593,7.64268,-4.9693,0.59147,-0.71319,-1.23761,36.91903,-5.32008,85.80824
36.079023,-79.007999,9,0.52,134.8,9.31,282203,9.31,9.31466,1.49073,-2.13859,-0.18647,-0.36698,-0.05925,69.84799,22.49342,-12.97866
36.079023,-79.007999,9,0.52,134.9,8.49,282403,8.49,8.48974,1.3328,-2.81456,-0.55467,0.00657,-0.35919,67.24642,26.10348,-13.40251
36.079024,-79.008003,9,0.41,134.9,7.48,283203,7.48,7.48475,4.02473,-9.37867,0.39767,0.0113,0.21823,55.8024,19.39491,-0.48232
36.079024,-79.008003,8,0.41,134.8,5.58,283403,5.58,5.58006,4.07857,-6.77288,-0.61071,-0.38042,-0.62125,56.21163,19.61415,-3.14236
36.079023,-79.008004,8,0.1,134.8,6.79,284203,6.79,6.79023,3.58445,-5.15354,-0.20922,-0.48472,-0.54306,56.25549,28.44198,-7.38088
36.079023,-79.008004,9,0.1,134.8,7.41,284403,7.41,7.41296,2.17867,-3.55514,0.11072,-0.35094,-0.13989,56.53318,30.152,-7.65858
36.07902,-79.008005,9,0.54,134.8,5.17,285203,5.17,5.1685,4.64507,-5.76431,0.27932,-0.17104,0.11087,55.08623,17.56796,-8.49167
36.07902,-79.008005,9,0.54,134.5,6.89,285403,6.89,6.88654,4.02114,-4.70309,-0.31078,0.31689,-0.06857,53.99006,18.98568,-6.50395
36.079015,-79.008003,9,0.98,134.5,5.75,286203,5.75,5.74995,1.92862,-5.37069,-0.22938,0.39889,0.0591,51.18386,27.36042,-4.26776
36.079015,-79.008003,8,0.98,134.4,6.35,286403,6.35,6.35055,1.21974,-5.78345,-0.10889,0.00458,-0.01405,51.7831,30.25431,-4.53084
36.079016,-79.008005,8,0.77,134.4,4.46,287203,4.46,4.46082,-0.52822,-6.62573,-0.69852,0.07605,-0.30467,49.21076,55.057,-10.56709
36.079016,-79.008005,8,0.77,134.3,5.59,287403,5.59,5.59203,-2.66261,-7.33041,-1.15988,0.12263,-0.46533,46.18533,65.01023,-17.46565
36.079016,-79.008008,8,0.46,134.3,2.33,288203,2.33,2.3342,-9.14836,-5.93241,-0.99968,-0.27016,-0.46059,30.63432,80.37124,-36.99211
36.079016,-79.008008,8,0.46,134,4.15,288403,4.15,4.15035,-11.27737,-5.48315,-0.92714,-3.15695,0.57941,27.14119,60.28939,-20.65186
36.079015,-79.008009,8,0.24,134,-2.36,289203,-2.36,-2.35514,-2.31565,-7.36152,0.93447,0.22587,-0.12706,-7.64396,41.08448,3.68313
36.079015,-79.008009,7,0.24,134,-0.75,289403,-0.75,-0.75015,-4.11266,-8.28276,-1.24342,-1.03343,0.61911,5.81701,49.26922,-1.43233
36.079014,-79.00801,7,0.28,134,3.49,290203,3.49,3.48634,-4.92323,-5.65903,-0.85521,0.1492,-0.24618,23.57498,87.94212,-15.65332
36.079014,-79.00801,8,0.28,134,0.58,290403,0.58,0.58445,-8.05903,-5.9994,-0.51175,-0.1938,0.79,36.69979,106.28471,-52.48466
36.07901,-79.008009,8,0.32,134,2.75,291203,2.75,2.74876,-4.1659,-8.08774,-0.12202,0.08109,0.26893,43.67144,107.46858,-61.00556
36.07901,-79.008009,8,0.32,133.9,2.58,291403,2.58,2.57647,-4.47398,-8.37189,0.08674,0.07132,0.02749,45.23531,107.29319,-62.51096
36.07901,-79.008009,8,0.02,133.9,2.68,292203,2.68,2.67757,-4.02772,-8.18884,-0.00764,-0.05085,-0.08048,45.92225,106.67933,-62.6425
36.07901,-79.008009,8,0.02,133.6,2.84,292403,2.84,2.83669,-4.50509,-7.99023,0.00428,0.01084,-0.08613,45.90763,107.29319,-62.10172
36.079011,-79.00801,8,0.08,133.6,2.14,293203,2.14,2.14217,-4.59601,-8.27737,0.04307,0.19807,0.06139,43.96375,108.27243,-62.05788
36.079011,-79.00801,8,0.08,133.5,2.21,293403,2.21,2.21276,-4.12582,-8.50648,-0.16738,-0.09636,0.10476,43.51067,108.43321,-63.8556
36.079014,-79.008013,8,0.14,133.5,1.34,294203,1.34,1.33699,-4.9017,-8.51845,-0.26237,0.26557,-0.13943,39.92985,110.9471,-63.62175
36.079014,-79.008013,8,0.14,133.4,1.66,294403,1.66,1.66122,-4.92921,-8.21456,-0.04826,-0.09346,-0.21029,41.2014,109.99709,-65.79948
36.079015,-79.008015,8,0.2,133.4,1.76,295203,1.76,1.75514,-4.73061,-8.04407,0.12767,-0.05299,-0.07346,39.91523,110.61094,-65.72639
36.079015,-79.008015,8,0.2,133.3,1.48,295403,1.48,1.48295,-4.97169,-8.20439,0.01756,0.08644,-0.02535,40.19292,110.20169,-64.90792
36.079016,-79.008016,8,0.12,133.3,1.04,296203,1.04,1.04148,-6.81536,-6.3009,-1.29381,0.83429,0.5339,42.00526,114.80562,-78.06197
36.079016,-79.008016,8,0.12,133.2,-0.08,296403,-0.08,-0.07836,-8.06022,-4.71924,-0.89476,0.20464,-0.35965,45.71763,97.51534,-83.32359
36.079018,-79.008019,8,0.52,133.2,2.21,297203,2.21,2.21456,-9.77827,0.08674,0.05574,0.27565,0.10721,36.55364,53.85852,-51.50541
36.079018,-79.008019,8,0.52,132.9,3.64,297403,3.64,3.64487,-9.71905,-0.11127,0.02275,0.11668,-0.25427,38.89214,51.09617,-54.95469
36.079015,-79.008017,8,0.05,132.9,-2.55,298203,-2.55,-2.54776,-10.40639,2.34616,0.44547,-0.30864,-0.32009,20.79801,45.05993,-67.80182
36.079015,-79.008017,9,0.05,133,-3.64,298403,-3.64,-3.64307,-10.03311,0.07298,0.89171,-0.38973,-0.29917,16.86641,46.18533,-56.1824
36.079013,-79.008013,9,0.18,133,-3.41,299203,-3.41,-3.40678,-6.84347,-4.07677,-0.13408,0.05773,-0.05651,10.26016,44.05145,-41.44987
36.079013,-79.008013,9,0.18,133.6,-4.21,299403,-4.21,-4.20957,-8.80379,-3.53061,-0.11988,0.22969,0.25656,11.45864,44.78223,-44.24145
36.079011,-79.00801,9,0.05,133.6,-2.96,300203,-2.96,-2.95872,-8.60878,-4.71506,-0.09407,0.10583,-0.24328,14.22099,46.68225,-40.266
36.079011,-79.00801,9,0.05,133.6,-3.81,300403,-3.81,-3.81476,-8.57707,-4.03789,-0.09682,0.2364,-0.15501,12.81789,45.8784,-41.44987
36.079005,-79.008005,9,0.26,133.6,-5.2,301203,-5.2,-5.19721,-7.44407,-4.55833,-0.27657,-0.11973,-0.6747,5.8024,39.696,-46.30225
36.079005,-79.008005,8,0.26,133.8,-5.94,301403,-5.94,-5.93779,-7.70489,-2.68176,0.13821,0.0449,-0.00718,4.66238,38.64367,-45.92225
36.079005,-79.008002,8,0.06,133.8,-3.77,302203,-3.77,-3.77049,-8.57767,-4.39203,-0.34789,0.1263,0.38378,5.21777,40.1637,-42.03449
36.079005,-79.008002,9,0.06,133.9,-4.59,302403,-4.59,-4.58764,-8.00459,-3.78006,-0.25916,-0.31108,-0.30925,5.48085,40.266,-40.44139
36.079007,-79.008005,9,0.38,133.9,-4.27,303203,-4.27,-4.26939,-8.47418,-4.11745,-0.01405,-0.04887,-0.01344,5.49547,38.71675,-37.34288
36.079007,-79.008005,9,0.38,134.2,-4.56,303403,-4.56,-4.55773,-7.67737,-4.18265,0.61117,0.36698,-0.63912,2.70389,36.67057,-38.14674
36.079009,-79.008006,9,0.28,134.2,-4.21,304203,-4.21,-4.20539,-6.2686,-6.5665,0.10446,-0.12737,0.16554,3.33236,30.50278,-25.43116
36.079009,-79.008006,9,0.28,134.7,-4.25,304403,-4.25,-4.24786,-5.83849,-5.58425,-0.31979,0.40791,0.07727,2.96697,31.18971,-26.60041
36.079008,-79.008005,9,0.13,134.7,-1.17,305203,-1.17,-1.16949,-8.09791,-2.17627,-0.87995,1.11284,0.04719,25.21193,50.39462,-45.32301
36.079008,-79.008005,9,0.13,134.4,-0.02,305403,-0.02,-0.01854,-10.25444,-1.69472,-0.85109,1.24922,0.18341,29.39199,49.91231,-55.94855
36.079008,-79.008002,9,0.15,134.4,-6.95,306203,-6.95,-6.95474,-6.82792,-0.15972,-1.08016,-0.56948,-0.6017,1.56387,33.32359,-49.50307
36.079008,-79.008002,9,0.15,134.6,-6.79,306403,-6.79,-6.78605,-7.94118,-1.1324,-0.61774,-0.23564,-0.5258,-2.9962,27.00965,-48.58229
36.079007,-79.008002,9,0.24,134.6,-6.26,307203,-6.26,-6.25962,-7.74018,-0.33559,-0.57208,0.2164,-0.12355,-4.16545,25.8404,-48.77229
36.079007,-79.008002,9,0.24,134.6,-7.18,307403,-7.18,-7.17727,-7.74317,-0.64307,-0.10125,-0.09545,-0.00886,-4.82315,25.43116,-47.23765
36.07901,-79.008005,9,0.25,134.6,-6.45,308203,-6.45,-6.45464,-7.69352,-1.03609,-0.22571,0.19212,-0.05467,-5.13008,24.40807,-47.06226
36.07901,-79.008005,9,0.25,134.1,-5.67,308403,-5.67,-5.66501,-7.73061,-0.06461,-0.09789,0.19639,-0.08399,-5.18854,24.39345,-46.63841
36.079012,-79.008008,9,0.28,134.1,-5.9,309203,-5.9,-5.89771,-7.26401,-1.31605,-0.52641,0.00061,-0.11393,-5.14469,23.56036,-42.99912
36.079012,-79.008008,9,0.28,133.9,-6.56,309403,-6.56,-6.56172,-7.99681,-0.08495,-0.1295,-0.12019,-0.01054,-5.17393,23.80883,-44.86992
36.079016,-79.008011,9,0.29,133.9,-6.39,310203,-6.39,-6.39003,-7.97588,-0.51266,-0.08354,-0.00657,-0.13821,-5.08623,24.18883,-45.133
36.079016,-79.008011,9,0.29,133.7,-8.24,310403,-8.24,-8.23729,-10.87059,2.32104,1.21486,-0.9331,0.50564,-6.63549,22.31804,-43.45221
36.079019,-79.008013,9,0.36,133.7,-7.5,311203,-7.5,-7.50449,-5.35932,-2.53759,-0.10171,-0.03619,-0.28314,-8.91552,10.49401,-32.28588
36.079019,-79.008013,9,0.36,133.5,-7.47,311403,-7.47,-7.47458,-5.06202,-2.65005,-0.09071,0.03314,-0.14813,-9.2663,8.56475,-31.14586
36.079021,-79.008015,9,0.37,133.5,-8.06,312203,-8.06,-8.05843,-6.51087,-1.02652,-0.0478,0.03497,-0.00794,-9.35399,12.84712,-37.00673
36.079021,-79.008015,9,0.37,133.5,-7.86,312403,-7.86,-7.85683,-6.04487,-1.03609,0.01359,-0.00168,0.00886,-9.13476,13.02251,-36.77287
36.079021,-79.008017,9,0.22,133.5,-8.04,313203,-8.04,-8.03629,-6.34397,-0.35533,-0.01848,0.12156,-0.1211,-9.54399,12.80327,-38.08828
36.079021,-79.008017,9,0.22,133.1,-8.76,313403,-8.76,-8.75653,-5.65544,-0.05623,-0.12507,-0.07147,0.031,-9.29553,12.36481,-39.22829
36.079023,-79.00802,9,0.21,133.1,-7.97,314203,-7.97,-7.97169,-6.01496,-0.42712,0.01054,-0.06322,-0.09346,-9.70477,11.50249,-39.72523
36.079023,-79.00802,9,0.21,132.6,-8.38,314403,-8.38,-8.38325,-6.62214,-0.42652,0.06322,-0.01145,0.18295,-9.63169,12.02865,-39.94446
36.079025,-79.008023,9,0.01,132.6,-8.04,315203,-8.04,-8.0351,-5.97548,0.27458,-0.05483,0.01634,-0.0368,-9.88015,10.52324,-41.12833
36.079025,-79.008023,9,0.01,132.3,-8.54,315403,-8.54,-8.53759,-6.22971,0.44327,-0.02703,-0.02214,-0.00153,-9.28091,10.27477,-40.90909
36.079032,-79.008028,9,0.05,132.3,-8.64,316203,-8.64,-8.64467,-4.21795,-0.28355,0.0336,-0.29154,0.01145,-9.54399,8.31628,-38.21982
36.079032,-79.008028,9,0.05,132,-7.64,316403,-7.64,-7.63669,-5.16371,-2.18584,0.18112,-0.59269,-0.03176,-9.58784,9.70477,-33.30898
36.079036,-79.008031,9,0.13,132,-5.73,317203,-5.73,-5.7338,-6.68794,-2.90369,0.37629,0.60231,0.40959,-7.80474,18.10874,-35.88132
36.079036,-79.008031,9,0.13,131.7,-5.54,317403,-5.54,-5.54297,-8.67638,-2.54477,0.32773,0.96517,0.25397,-5.30547,23.20959,-42.25373
36.079038,-79.008035,9,0.52,131.7,-0.32,318203,-0.32,-0.32243,-8.05604,-4.30947,-0.39034,0.26252,0.09591,27.78427,49.44461,-36.30518
36.079038,-79.008035,8,0.52,131.4,0.63,318403,0.63,0.6323,-9.03051,-4.71984,0.25824,0.35919,-0.41722,27.66735,50.38,-36.94826
36.079033,-79.008033,8,0.24,131.4,-4.08,319203,-4.08,-4.07976,-8.35215,-6.51326,-0.03955,0.05757,-0.08338,23.67729,49.2546,-38.45367
36.079033,-79.008033,9,0.24,131.1,-1.79,319403,-1.79,-1.78564,-8.27677,-4.72403,-0.20647,-0.04414,0.19105,21.86495,48.68459,-37.97135
36.079028,-79.008028,9,0.03,131.1,-0.06,320203,-0.06,-0.05503,-7.33819,-1.99502,-0.22083,-0.15623,0.51435,24.83192,48.74306,-38.55598
36.079028,-79.008028,9,0.03,131.2,2.24,320403,2.24,2.23908,-7.99083,-4.7683,-0.39294,0.49694,0.27092,24.74423,49.3423,-39.57907
36.079027,-79.008027,9,0.18,131.2,-4.3,321203,-4.3,-4.30469,-7.13899,-6.81835,0.06154,0.35629,-0.45173,16.04794,45.05993,-32.50512
36.079027,-79.008027,9,0.18,131.5,-5.13,321403,-5.13,-5.13081,-5.72064,-7.77966,-0.24511,0.10797,-0.13576,13.28559,43.97837,-34.20052
36.079027,-79.008027,9,0.17,131.5,-4.07,322203,-4.07,-4.07079,-5.40299,-5.64646,-0.22388,0.29092,-0.12462,11.83864,42.4145,-33.63052
36.079027,-79.008027,9,0.17,131.8,-5.1,322403,-5.1,-5.1009,-6.08255,-7.19522,-0.03375,0.04933,0.06796,12.04326,41.72756,-37.02134
36.079028,-79.00803,9,0.25,131.8,-11.82,323203,-11.82,-11.82114,-6.36192,-1.59661,-2.16598,-0.78573,3.76217,7.61473,40.30985,-53.62467
36.079028,-79.00803,8,0.25,132.3,-2.37,323403,-2.37,-2.37069,-9.22613,-0.08255,1.99951,1.0374,-1.98455,5.61239,45.19146,-42.06372
36.07903,-79.008031,8,0.25,132.3,-7.72,324203,-7.72,-7.71984,-5.25643,-4.31546,0.03375,0.11438,-0.02779,-32.6805,0.4677,-10.7717
36.07903,-79.008031,9,0.25,131.9,-7.9,324403,-7.9,-7.89632,-4.03729,-4.53021,-0.00015,-0.35369,-0.18509,-31.8328,-5.13008,-8.3309
36.079032,-79.008031,9,0.35,131.9,-8.88,325203,-8.88,-8.87797,-4.43211,-0.63769,-0.61087,1.72371,0.33704,-43.42298,-22.34727,-10.40631
36.079032,-79.008031,9,0.35,131.9,-9.94,325403,-9.94,-9.94098,-3.40798,3.33918,-2.15162,0.84116,-0.03665,-56.50394,-33.00204,-2.47004
36.079033,-79.008033,9,0.17,131.9,-9.78,326203,-9.78,-9.77647,-1.28195,-1.133,-1.30863,-1.37872,-0.04887,-65.6387,-43.0722,58.63783
36.079033,-79.008033,9,0.17,131.8,-9.84,326403,-9.84,-9.83988,0.33141,-2.19661,-2.90833,-1.18813,0.5226,-69.33645,-54.28237,103.08389
36.079036,-79.008034,9,0.32,131.8,-7.72,327203,-7.72,-7.72104,3.06341,-5.65843,-0.18051,-0.3708,-0.36927,4.06314,-42.07834,106.6501
36.079036,-79.008034,9,0.32,131.9,-5.98,327403,-5.98,-5.98325,4.98724,-5.55434,-0.09178,0.04597,0.25259,9.50015,-44.56299,111.34171
36.079038,-79.008036,9,0.06,131.9,-6.97,328203,-6.97,-6.96551,3.41994,-5.05484,0.53176,0.4102,-0.29932,-3.99006,-38.54136,97.64689
36.079038,-79.008036,9,0.06,132,-7.79,328403,-7.79,-7.79103,6.6012,-1.14676,2.10031,0.57498,-0.33292,-0.4677,-66.06256,86.90441
36.079039,-79.008039,9,0.55,132,8.16,329203,8.16,8.16192,-0.533,9.24048,0.96288,0.99724,-0.86667,85.19438,4.70623,-50.23385
36.079039,-79.008039,9,0.55,131.9,8.44,329403,8.44,8.44427,-0.21715,6.69871,-0.40256,-2.11924,-0.8013,85.63286,6.82549,-42.72143
36.079041,-79.008041,9,0.39,131.9,4.6,330203,4.6,4.60319,-3.13639,7.69651,-0.82177,0.96898,-1.91277,74.77346,36.20287,-51.95849
36.079041,-79.008041,9,0.39,132,5,330403,5,4.99861,-3.93859,7.88016,-0.01558,0.41279,-0.63683,70.41801,44.54838,-49.21076
36.079044,-79.008045,9,0.87,132,7.79,331203,7.79,7.78505,-4.0995,5.05783,0.06384,0.04123,0.13317,75.95732,41.52295,-41.08448
36.079044,-79.008045,9,0.87,132.2,7.43,331403,7.43,7.42971,-3.37627,6.14178,0.05024,-0.00336,0.03039,76.39579,40.51447,-40.49986
36.079043,-79.008045,9,0.51,132.2,7.57,332203,7.57,7.57388,-0.67418,2.37129,-0.29138,0.62324,0.64171,83.92283,28.47121,-25.3727
36.079043,-79.008045,9,0.51,132.4,10.79,332403,10.79,10.78565,-2.22054,0.54616,0.31353,1.26541,-0.21777,80.21046,32.50512,-17.34873
36.079043,-79.008044,9,0.44,132.4,9.01,333203,9.01,9.01496,-1.13958,-1.03609,0.90301,-1.56488,-0.47128,80.31277,25.47501,-10.46478
36.079043,-79.008044,9,0.44,132.6,10.25,333403,10.25,10.25325,-1.38724,1.01037,0.32223,-0.46334,0.55375,81.26279,26.24964,-14.60099
36.079042,-79.008041,9,0.1,132.6,10.28,334203,10.28,10.27717,1.51705,-4.27418,-1.59314,-0.76862,1.21669,73.42882,32.2128,-5.89009
36.079042,-79.008041,9,0.1,132.7,7.64,334403,7.64,7.63789,0.16211,-3.89492,0.88331,0.16936,-4.21176,73.5019,35.7644,-9.96785
36.079036,-79.008036,9,0.44,132.7,10,335203,10,9.99542,-4.67019,-2.25224,-0.03711,-0.30757,-0.49327,68.41566,45.6007,-12.68635
36.079036,-79.008036,9,0.44,132.7,7.96,335403,7.96,7.96272,-3.26142,-1.18325,-0.08384,0.15058,0.20846,69.74569,44.46069,-14.17714
36.079034,-79.008032,9,0.44,132.7,7.99,336203,7.99,7.99263,-0.33141,-2.23609,-0.21869,0.15088,0.25275,79.45045,31.99357,-14.14791
36.079034,-79.008032,9,0.44,132.7,7.62,336403,7.62,7.62353,-1.96032,-1.09591,-0.72235,0.63713,-0.37324,76.6881,35.88132,-14.39638
36.079034,-79.008033,9,1.07,132.7,10.43,337203,10.43,10.42613,-3.12503,-0.47976,0.0872,0.44043,-0.0733,74.58345,43.75914,-26.60041
36.079034,-79.008033,9,1.07,132.3,9.39,337403,9.39,9.39362,-4.78864,-0.63529,-0.21732,0.20739,-0.57635,71.77726,46.2584,-24.49576
36.079027,-79.008028,9,0.44,132.3,8.19,338203,8.19,8.19003,-1.18744,-1.49432,0.08231,0.10171,-0.8152,75.89886,41.4791,-21.23648
36.079027,-79.008028,9,0.44,132.3,9.43,338403,9.43,9.43191,-2.42393,-1.60738,-0.09804,-0.16738,-0.20754,72.55189,44.76761,-22.3765
36.07902,-79.008026,9,0.2,132.3,7.94,339203,7.94,7.93759,-5.34676,-2.00877,0.04566,0.35858,0.2784,70.46185,47.42765,-24.715
36.07902,-79.008026,9,0.2,132.4,6.46,339403,6.46,6.46301,-2.65065,-1.89571,0.17837,0.30727,0.12981,72.31804,45.16224,-20.85647
36.079019,-79.008027,9,0.54,132.4,9.79,340203,9.79,9.78904,-3.19382,-0.21296,-0.03787,-1.02213,0.65973,70.57878,46.47764,-20.34493
36.079019,-79.008027,9,0.54,132.3,8.26,340403,8.26,8.26481,-4.95314,1.60259,0.22129,-0.17578,-1.00457,71.80649,46.46302,-23.35574
36.079017,-79.008026,9,0.14,132.3,8.24,341203,8.24,8.2361,-4.56909,0.61017,0.28237,0.18692,0.45555,70.05262,47.92458,-22.02572
36.079017,-79.008026,9,0.14,132.2,7.86,341403,7.86,7.86281,-4.35673,1.03729,0.23427,-0.03864,-0.17807,69.83338,47.58842,-20.05262
36.079014,-79.008027,9,0.38,132.2,9.46,342203,9.46,9.45763,-3.50549,-0.34217,-0.28604,-0.76755,0.61529,69.49722,45.26454,-15.88717
36.079014,-79.008027,9,0.38,132.2,8.23,342403,8.23,8.23011,-4.65225,1.61216,0.30161,-0.12599,0.22373,71.86495,43.97837,-18.51798
36.079012,-79.008026,9,0.32,132.2,7.74,343203,7.74,7.74258,-3.69811,2.03151,0.34392,-0.04291,0.36423,69.80415,45.6007,-18.03566
36.079012,-79.008026,9,0.32,131.9,7.3,343403,7.3,7.29572,-7.19941,2.28814,-0.19273,-0.27367,0.46288,72.21572,43.97837,-19.54107
36.079009,-79.008022,9,0.06,131.9,7.2,344203,7.2,7.2024,-3.53659,-1.03908,-0.09239,0.13897,0.38622,73.76498,37.75212,-11.37094
36.079009,-79.008022,9,0.06,132.1,6.97,344403,6.97,6.96551,-2.65484,-0.72562,-0.22633,-0.02474,-0.22037,72.56651,38.38059,-10.31862
36.079005,-79.008025,9,0.49,132.1,9.05,345203,9.05,9.04607,-3.07478,1.59183,-0.2613,-0.08964,0.11438,74.61269,42.99912,-22.94651
36.079005,-79.008025,9,0.49,132.2,8.24,345403,8.24,8.2361,-3.75673,1.45723,0.0872,0.1799,-0.06735,74.905,43.55452,-24.1596
36.079002,-79.008023,9,0.1,132.2,7.88,346203,7.88,7.87837,-6.65205,-0.51446,0.18586,-0.42287,0.4806,68.18182,44.98685,-14.54253
36.079002,-79.008023,9,0.1,132.3,7.17,346403,7.17,7.17009,-4.45185,-1.36929,0.34254,0.06628,0.32177,72.08419,41.14294,-14.86407
36.078995,-79.008021,9,0.76,132.3,8.56,347203,8.56,8.55793,-5.01057,0.44566,-0.47541,-0.46899,0.06216,75.00731,36.37825,-13.50482
36.078995,-79.008021,9,0.76,132.6,7.82,347403,7.82,7.82453,-3.05863,2.78166,0.10339,-0.34682,-0.06154,76.93657,35.50132,-14.00175
36.078992,-79.008019,9,0.16,132.6,15.79,348203,15.79,15.78725,-3.55873,-1.58764,-0.51374,-0.64767,1.18829,77.25811,31.6428,-9.54399
36.078992,-79.008019,9,0.16,132.5,9.98,348403,9.98,9.97568,-3.85903,2.36052,0.08613,0.61239,0.39981,76.70272,33.01666,-11.35633
36.078995,-79.008022,9,1.31,132.5,7.8,349203,7.8,7.8018,-4.05583,-0.68255,0.02138,0.41157,-0.00657,74.58345,34.18591,-7.45396
36.078995,-79.008022,9,1.31,132.6,8.27,349403,8.27,8.27259,-1.49312,-0.97747,-0.22617,-0.01084,-0.16356,73.99883,33.45513,-6.72318
36.078995,-79.00802,9,0.85,132.6,9.05,350203,9.05,9.05085,-5.04228,-1.24068,-0.35766,0.80237,0.66538,74.97808,37.7375,-11.64864
36.078995,-79.00802,9,0.85,132.8,3.94,350403,3.94,3.94158,1.63191,-4.94357,-1.1049,2.12077,1.32313,76.48348,23.61882,-3.34697
36.078995,-79.008022,9,0.99,132.8,7.01,351203,7.01,7.00858,-4.47099,-4.72403,-0.61804,-1.02595,0.53833,69.67261,45.54224,-16.63256
36.078995,-79.008022,9,0.99,132.7,6.53,351403,6.53,6.52762,-4.15873,0.3326,-0.47037,-2.45827,0.05757,61.25402,53.24467,-19.39491
36.078997,-79.008022,9,0.93,132.7,9.26,352203,9.26,9.26202,-8.08535,3.83749,0.03436,4.56408,1.35352,47.79304,56.21163,-50.73078
36.078997,-79.008022,8,0.93,132.9,2.55,352403,2.55,2.55314,-11.19422,3.74417,-2.2657,-2.48454,1.41064,47.23765,55.58316,-54.63315
36.079003,-79.008025,8,1.51,132.9,11.24,353203,11.24,11.24148,-9.17229,6.24407,0.3682,1.70538,-0.0588,53.96083,48.53844,-59.3686
36.079003,-79.008025,8,1.51,132.3,4.23,353403,4.23,4.2347,-7.73061,4.46919,0.42608,3.92252,1.89551,59.76323,49.75153,-53.30313
36.079001,-79.00803,8,1.1,132.3,6.33,354203,6.33,6.3332,-5.95873,7.17428,-1.43431,-1.83305,-0.38622,67.27565,47.39842,-50
36.079001,-79.00803,8,1.1,132.2,7.99,354403,7.99,7.99023,-7.26999,-2.11585,3.64809,5.00329,-1.59344,67.90412,48.81614,-45.2207
36.079002,-79.008033,8,0.67,132.2,2.87,355203,2.87,2.8684,-3.68016,6.17946,-2.14673,-4.81163,-0.40959,51.16925,54.867,-52.26542
36.079002,-79.008033,9,0.67,132.1,0.61,355403,0.61,0.60778,-7.15155,7.24965,0.45723,3.71376,1.14278,48.14382,48.94768,-61.12248
36.079,-79.008021,9,1.68,132.1,8.47,356203,8.47,8.47299,-6.50369,3.91645,-0.19044,-0.37965,-0.38317,61.60479,45.43993,-59.33937
36.079,-79.008021,9,1.68,132.2,8.23,356403,8.23,8.22832,-5.62253,4.3681,0.10033,-0.03619,-0.04643,61.7948,45.55685,-58.93013
36.079001,-79.008023,9,0.4,132.2,5.68,357203,5.68,5.67877,-6.54856,1.28734,0.03619,-0.41585,0.20708,65.15639,44.753,-55.247
36.079001,-79.008023,9,0.4,131.9,6.41,357403,6.41,6.41396,-6.04248,1.07617,0.22388,0.82452,0.2868,65.71178,44.65068,-54.7793
36.079,-79.008035,9,2.26,131.9,7.4,358203,7.4,7.4028,-5.59382,3.08913,0.50412,-0.13118,-0.09682,67.01257,47.61766,-49.62
36.079,-79.008035,9,2.26,132.7,8.12,358403,8.12,8.11526,-4.64507,2.24148,0.4331,-0.0029,0.0142,65.81409,49.75153,-46.31686
36.07899,-79.008041,9,2.64,132.7,7.4,359203,7.4,7.4004,-4.44646,0.41276,0.29031,-0.06002,-0.14936,65.30254,52.67466,-33.20667
36.07899,-79.008041,9,2.64,132.7,7.68,359403,7.68,7.68455,-4.15813,-0.26859,0.36606,0.01772,-0.11591,65.27332,52.74773,-29.962
36.078986,-79.008044,9,0.64,132.7,8.26,360203,8.26,8.25883,-4.38245,-1.0008,-0.01436,0.03742,0.10904,64.60099,51.92926,-22.99035
36.078986,-79.008044,9,0.64,133.2,7.75,360403,7.75,7.75035,-4.93639,-1.68455,0.04765,-0.04581,0.01038,64.63022,51.46156,-21.92341
36.07898,-79.008041,9,0.28,133.2,8.59,361203,8.59,8.58844,-4.71805,-2.05902,0.09789,-0.01955,-0.00977,64.84946,51.54926,-20.19877
36.07898,-79.008041,9,0.28,133.2,8.08,361403,8.08,8.07638,-5.04886,-1.97169,0.12385,-0.00718,-0.00672,64.83485,51.03771,-19.95031
36.078974,-79.008037,9,0.28,133.2,7.51,362203,7.51,7.51466,-4.53021,-2.04227,-0.05956,-0.06567,-0.11026,64.03099,50.38,-17.59719
36.078974,-79.008037,9,0.28,133.3,8,362403,8,7.99622,-4.66122,-2.40479,-0.04184,0.0646,0.00076,64.10406,50.40924,-17.74335
36.078969,-79.008034,9,0.05,133.3,9.6,363203,9.6,9.60001,-4.68395,-1.56371,-0.0588,0.06338,0.00275,65.33177,50.6577,-18.95645
36.078969,-79.008034,9,0.05,133.6,9.7,363403,9.7,9.69691,-4.14915,-2.20858,-0.12065,0.07895,0.05238,64.93715,50.45308,-18.03566
36.07897,-79.008033,9,0.56,133.6,7.24,364203,7.24,7.24427,-5.17388,-3.25783,-0.10782,0.23243,0.10186,62.65712,51.4031,-16.89565
36.07897,-79.008033,9,0.56,133.9,7.61,364403,7.61,7.61217,-5.866,-3.50788,-0.11255,0.19624,0.20678,61.89711,51.49079,-16.31102
36.078966,-79.008026,9,0.46,133.9,6.25,365203,6.25,6.25245,-4.77069,-4.4004,0.12126,0.06078,-0.0087,60.15785,50.16077,-11.42941
36.078966,-79.008026,9,0.46,134.2,6.59,365403,6.59,6.59402,-4.97946,-4.35733,0.07178,-0.05818,-0.11866,59.58784,50.38,-10.52324
36.078961,-79.008025,9,0.15,134.2,7.35,366203,7.35,7.35434,-3.99601,-4.13958,-0.02184,-0.12385,-0.08812,60.74247,48.83075,-9.63169
36.078961,-79.008025,9,0.15,134.2,8.37,366403,8.37,8.3683,-4.20658,-4.2664,-0.04902,-0.06872,-0.03344,61.0494,49.10845,-10.61093
36.07896,-79.008023,9,0.37,134.2,7.59,367203,7.59,7.59302,-3.78245,-4.14497,-0.18005,-0.09545,0.13699,62.20403,49.54692,-12.16019
36.07896,-79.008023,9,0.37,134.2,7.37,367403,7.37,7.3669,-2.66919,-4.46022,-0.22129,0.28558,0.25168,62.70096,48.94768,-12.81789
36.078964,-79.008023,9,1.19,134.2,8.24,368203,8.24,8.24447,-5.27258,-2.34497,-0.14462,-0.21334,-0.18326,67.96259,48.66998,-22.71266
36.078964,-79.008023,8,1.19,134.1,7.75,368403,7.75,7.75095,-5.4993,-2.4018,-0.25198,-0.20632,-0.17211,68.82491,49.59076,-23.83806
36.078964,-79.008022,8,0.97,134.1,7.69,369203,7.69,7.68515,-4.63011,-2.24148,0.01497,0.02459,-0.03711,68.95644,49.28384,-26.35194
36.078964,-79.008022,8,0.97,133.5,7.97,369403,7.97,7.96511,-4.45185,-2.3007,0.02382,0.06704,0.03757,68.78106,49.54692,-25.88424
36.078964,-79.008025,8,0.86,133.5,8.23,370203,8.23,8.2343,-3.96012,-1.99143,-0.00397,-0.06384,0.1828,68.09412,50.57001,-26.65887
36.078964,-79.008025,9,0.86,133.5,8.23,370403,8.23,8.23071,-4.88196,-1.48295,0.02428,-0.11637,0.1857,68.4449,50.81847,-27.25811
36.078963,-79.008026,9,0.74,133.5,7.6,371203,7.6,7.59901,-4.8018,-1.33041,0.04475,0.01573,0.06353,66.34025,51.54926,-27.50658
36.078963,-79.008026,9,0.74,133.9,7.73,371403,7.73,7.72942,-4.92084,-1.87717,0.01695,0.11927,0.20586,66.96872,51.41771,-27.27273
36.078961,-79.008027,9,0.84,133.9,8.67,372203,8.67,8.67338,-4.67199,-0.89133,0.0171,-0.02642,-0.01527,68.82491,50.17539,-29.52353
36.078961,-79.008027,9,0.84,133.9,8.28,372403,8.28,8.27558,-4.58226,-1.23948,-0.03497,0.1237,0.03176,69.32184,50.32154,-28.39813
36.078957,-79.008023,9,0.71,133.9,8.38,373203,8.38,8.38146,-4.06361,-1.57687,-0.04108,0.01298,-0.05269,69.20491,49.15229,-29.88892
36.078957,-79.008023,9,0.71,133.8,8.26,373403,8.26,8.26122,-3.7998,-1.52243,-0.07544,-0.07636,0.05437,68.81029,49.79538,-29.83046
36.078957,-79.008018,9,1.28,133.8,7.86,374203,7.86,7.86461,-3.36072,0.20877,-0.22633,-0.23427,0.16554,71.77726,46.76995,-39.34522
36.078957,-79.008018,9,1.28,133.7,7.9,374403,7.9,7.89751,-3.10469,1.98006,-0.26756,-0.46609,0.28191,72.33265,45.19146,-43.3499
36.078958,-79.008013,9,1.44,133.7,5.65,375203,5.65,5.65424,-5.44606,4.54038,-0.61743,-0.53833,-0.2784,61.44402,47.01841,-57.32242
36.078958,-79.008013,9,1.44,133.7,8.08,375403,8.08,8.08236,-5.11346,3.11306,-0.09132,0.00916,-0.69135,62.43789,45.99532,-57.05934
36.078959,-79.008007,9,1.35,133.7,6.93,376203,6.93,6.93201,-5.12303,6.63111,-0.28329,-0.18524,0.11347,56.86934,42.95528,-63.16866
36.078959,-79.008007,8,1.35,133.8,10.67,376403,10.67,10.67498,-4.71087,5.48973,-0.26191,0.22617,0.09194,60.75709,39.00906,-63.87022
36.078959,-79.008006,8,0.2,133.8,4.36,377203,4.36,4.35613,-3.04606,3.82194,0.49648,0.07957,-0.98151,68.38644,33.63052,-61.47326
36.078959,-79.008006,7,0.2,133.1,2.93,377403,2.93,2.92523,-2.67039,0.1998,-0.1489,2.06075,-1.60749,71.13417,35.91055,-57.13242
36.07896,-79.007999,7,1.15,133.1,5.63,378203,5.63,5.62732,-6.55753,6.70648,-0.10858,-1.71058,-0.70188,58.91552,37.56212,-66.50102
36.07896,-79.007999,9,1.15,133.8,8.98,378403,8.98,8.98146,-6.09033,3.41994,-0.01939,-0.23808,-0.34254,61.38556,36.0421,-65.40485
36.078957,-79.007995,9,0.66,133.8,9.14,379203,9.14,9.14178,-4.26222,5.31625,-0.15043,0.3262,0.37385,64.20638,32.28588,-66.1064
36.078957,-79.007995,9,0.66,134,9.04,379403,9.04,9.04367,-3.12742,5.25524,-0.07086,0.93508,0.33643,66.47179,29.53815,-65.66793
36.078959,-79.008004,9,1.73,134,9.18,380203,9.18,9.18006,-2.67218,3.12682,0.19181,-0.59575,0.78359,76.54195,28.26659,-56.09471
36.078959,-79.008004,9,1.73,133.6,5.32,380403,5.32,5.32283,-1.30828,0.93679,0.26084,0.77122,-0.7645,76.08887,31.35048,-55.81701
36.078959,-79.008004,9,0.68,133.6,8.26,381203,8.26,8.26182,-5.73679,6.56291,-0.89385,0.7196,1.40575,56.79626,45.73224,-60.55247
36.078959,-79.008004,9,0.68,133.6,6.25,381403,6.25,6.24587,-6.06162,5.16551,-0.10385,-0.70769,-0.39447,59.10553,43.21836,-62.01403
36.078958,-79.008009,9,1.27,133.6,4.39,382203,4.39,4.39322,-7.05763,3.93859,0.36637,0.08476,-0.0368,55.27623,51.38848,-55.437
36.078958,-79.008009,9,1.27,133.3,4.09,382403,4.09,4.09352,-5.3671,1.71206,0.40684,0.22541,0.19502,56.91319,53.43467,-51.09617
36.078952,-79.008012,9,1.55,133.3,5.26,383203,5.26,5.26122,-5.31865,3.22493,-0.0901,-0.91935,-0.09209,53.52236,56.16779,-45.07454
36.078952,-79.008012,9,1.55,133.2,7.5,383403,7.5,7.5009,-8.6698,3.53061,0.05101,-0.2926,0.03864,52.82081,55.87547,-47.57381
36.078949,-79.008015,9,1.1,133.2,6.48,384203,6.48,6.48096,-6.88116,3.78066,0.23167,0.21548,0.18051,54.13622,56.03625,-44.86992
36.078949,-79.008015,9,1.1,133.2,6.08,384403,6.08,6.07956,-7.04028,1.95793,0.03894,-0.13118,-0.14386,54.73546,56.35779,-42.22449
36.07895,-79.008015,9,0.36,133.2,5.71,385203,5.71,5.71227,-6.37089,2.32164,0.30146,0.48991,-0.02306,54.66238,57.14703,-41.7568
36.07895,-79.008015,9,0.36,133.7,7.04,385403,7.04,7.03849,-9.20997,1.38245,0.13286,-0.13179,-0.02902,54.35545,57.2055,-42.25373
36.078944,-79.008015,9,1.33,133.7,5.28,386203,5.28,5.27976,-6.51566,0.45404,0.21564,0.41585,0.19288,53.72698,58.4332,-34.58053
36.078944,-79.008015,9,1.33,133,6.06,386403,6.06,6.06401,-6.08914,0.57846,-0.11912,-0.10904,0.15211,54.07775,58.34552,-33.10435
36.078946,-79.008016,9,0.54,133,5.47,387203,5.47,5.47059,-7.06002,1.3669,0.09407,0.13928,0.67943,51.37387,59.32476,-33.11897
36.078946,-79.008016,8,0.54,133.5,7.34,387403,7.34,7.34118,-8.4353,1.09412,-0.17226,-0.86834,-0.41829,50.26308,59.19322,-32.50512
36.078951,-79.008022,8,0.37,133.5,6.44,388203,6.44,6.43669,-7.47996,0.85484,-0.48594,0.04368,0.60888,56.31394,57.68781,-33.16282
36.078951,-79.008022,8,0.37,133.8,7.51,388403,7.51,7.51346,-5.4329,1.9657,-0.09988,-0.10751,0.0701,54.69161,57.62935,-34.34668
36.078957,-79.008024,8,0.69,133.8,7.1,389203,7.1,7.1025,-10.20359,2.34975,-0.22083,0.26741,0.14401,53.17159,57.48319,-42.31219
36.078957,-79.008024,8,0.69,133.9,7.42,389403,7.42,7.41655,-9.26979,2.7667,0.23503,0.27,-0.56963,48.5969,59.20783,-42.91143
36.078959,-79.008027,8,0.51,133.9,4.29,390203,4.29,4.29272,-8.23969,1.86999,-0.11973,-0.05773,-0.1492,45.79071,59.58784,-41.65449
36.078959,-79.008027,8,0.51,133.8,4.8,390403,4.8,4.79522,-9.01197,1.84367,-0.15317,-0.02428,-0.07254,44.81146,59.8363,-41.78603
36.078963,-79.008032,8,0.38,133.8,3.72,391203,3.72,3.71845,-6.29073,0.9673,0.13989,0.2897,0.19685,46.50687,58.85706,-40.57293
36.078963,-79.008032,8,0.38,133.7,3.93,391403,3.93,3.9338,-7.26521,1.44706,-0.14722,-0.29337,-0.14386,45.57147,59.8363,-40.09062
36.078964,-79.008033,8,0.33,133.7,5.93,392203,5.93,5.93061,-10.58884,2.02852,-0.11545,-0.0536,0.011,44.40222,58.90091,-42.9845
36.078964,-79.008033,8,0.33,133.9,5.47,392403,5.47,5.47358,-9.28355,2.45145,0.30009,-0.05208,-0.05345,42.72143,59.48553,-41.17217
36.078964,-79.008037,8,0.62,133.9,3.99,393203,3.99,3.98943,-8.84926,2.75653,0.13042,-0.05666,0.11194,43.29144,60.31862,-36.75826
36.078964,-79.008037,8,0.62,133.7,4.76,393403,4.76,4.75813,-8.23251,2.04826,0.11958,-0.08903,0.04856,42.61912,60.56709,-35.50132
36.078967,-79.008042,8,0.64,133.7,3.57,394203,3.57,3.57069,-6.77588,-0.68973,0.36209,0.37599,0.43509,48.47998,59.77784,-27.71119
36.078967,-79.008042,8,0.64,133.9,2.22,394403,2.22,2.21575,-1.32144,-0.1669,0.0055,0.27016,0.45784,53.34697,58.50629,-25.32885
36.078977,-79.008042,8,1.74,133.9,6.61,395203,6.61,6.60598,-11.91207,3.64726,0.2474,0.17119,-0.30513,44.943,58.76936,-44.88454
36.078977,-79.008042,9,1.74,134.4,5.28,395403,5.28,5.27558,-10.8688,4.8353,0.32788,0.30696,0.07758,43.20374,58.46244,-45.26454
36.078974,-79.008042,9,0.25,134.4,5.9,396203,5.9,5.89711,-7.32084,5.4,-0.72158,0.01023,0.27443,46.56533,57.38089,-46.8138
36.078974,-79.008042,9,0.25,134.2,6.68,396403,6.68,6.67598,-9.19322,5.19482,-0.0339,0.04536,-0.19456,45.6007,57.24934,-48.52382
36.078976,-79.008046,9,0.98,134.2,3.88,397203,3.88,3.87577,-10.22393,2.53699,-0.53817,0.37461,0.76954,42.86758,59.99707,-41.6691
36.078976,-79.008046,9,0.98,133.6,3.46,397403,3.46,3.45524,-8.4676,2.24985,-0.33643,-0.34789,-0.08247,43.7299,59.96785,-42.38527
36.078982,-79.008044,9,1.82,133.6,7.56,398203,7.56,7.56371,-6.84048,4.58285,-0.04734,0.32681,-0.21808,56.53318,51.56387,-53.62467
36.078982,-79.008044,9,1.82,133.6,8.25,398403,8.25,8.25404,-6.70648,5.57408,-0.10583,0.18448,-0.42501,56.95703,50.02923,-55.21777
36.078988,-79.008046,9,1.27,133.6,-1.38,399203,-1.38,-1.37707,-2.18584,3.42114,0.34804,0.56749,0.56872,56.21163,44.27068,-62.05788
36.078988,-79.008046,9,1.27,133.5,4.71,399403,4.71,4.70728,-4.64686,-0.93918,-0.01878,1.33276,-0.56429,65.85793,50.97924,-42.94066
36.078992,-79.008043,9,1.3,133.5,7.52,400203,7.52,7.52004,-6.13639,0.15374,-0.2051,0.04948,0.0869,69.39491,45.05993,-48.4069
36.078992,-79.008043,9,1.3,133.1,7.88,400403,7.88,7.87957,-5.5334,0.70648,-0.16295,-0.16753,0.08674,69.95031,44.40222,-48.23151
36.078996,-79.008042,9,0.49,133.1,7.93,401203,7.93,7.9346,-5.43051,0.17946,0.04184,0.02062,-0.08476,71.23648,42.23911,-49.18153
36.078996,-79.008042,9,0.49,132.9,7.81,401403,7.81,7.80958,-4.74497,0.27936,0.02886,-0.09514,0.00229,71.30956,43.40836,-48.96229
36.078996,-79.00804,9,0.31,132.9,8.7,402203,8.7,8.69971,-4.81795,0.44447,-0.03375,-0.06002,-0.00672,70.87109,42.4145,-50.32154
36.078996,-79.00804,9,0.31,132.8,8.24,402403,8.24,8.24268,-4.95135,0.51386,0.05986,-0.00015,0.01588,70.9734,42.07834,-50.04385
36.078995,-79.008038,9,0.06,132.8,7.56,403203,7.56,7.55594,-3.96969,0.36909,0.05253,0.09499,-0.07895,70.6957,42.8822,-50.77463
36.078995,-79.008038,9,0.06,132.5,7.91,403403,7.91,7.91366,-4.74676,0.77228,0.02611,0.0504,0.49877,70.84186,41.42064,-50.90617
36.078992,-79.008036,9,0.26,132.5,6.41,404203,6.41,6.41276,-4.81436,1.50568,-0.44731,-0.47373,-0.13668,70.3157,43.17451,-52.36773
36.078992,-79.008036,9,0.26,132.2,6.91,404403,6.91,6.90688,-4.53021,2.00997,-0.19227,-0.43051,-0.37186,70.15492,41.14294,-54.26776
36.078998,-79.008033,9,0.66,132.2,8.95,405203,8.95,8.94676,-3.73759,3.10947,0.16264,0.62721,-0.35109,66.79333,37.37211,-60.55247
36.078998,-79.008033,9,0.66,132,8.46,405403,8.46,8.46341,-3.87458,4.14497,-0.17364,-0.86972,-0.01084,68.89798,36.99211,-58.65244
36.079004,-79.008028,9,1.48,132,9.29,406203,9.29,9.29193,-4.87717,2.70568,-0.05024,-0.32529,-0.31689,69.84799,31.62818,-61.3271
36.079004,-79.008028,9,1.48,131.8,8.16,406403,8.16,8.15594,-4.38604,3.05444,-0.42684,0.52397,0.6495,68.60567,31.84741,-63.81175
36.079011,-79.00803,9,0.78,131.8,6.55,407203,6.55,6.54975,-5.18943,2.51605,-0.87919,-1.84955,-0.0704,65.97486,45.92225,-53.39082
36.079011,-79.00803,9,0.78,131.7,6.46,407403,6.46,6.45703,-4.67139,4.43988,0.47678,1.15072,-0.41325,64.3233,39.78369,-60.90324
36.079016,-79.008033,9,0.22,131.7,8.91,408203,8.91,8.91147,-5.30249,1.53978,-0.16448,-0.43998,0.60109,74.14499,35.61824,-53.39082
36.079016,-79.008033,9,0.22,131.4,7.71,408403,7.71,7.70609,-5.47956,2.19541,-0.28085,-0.79077,0.10537,73.80882,33.71821,-55.87547
36.07902,-79.008033,9,0.84,131.4,6.63,409203,6.63,6.62932,-4.11386,2.89591,-0.04749,-0.15516,-0.00489,72.68343,32.15434,-59.924
36.07902,-79.008033,9,0.84,131.6,7.22,409403,7.22,7.22274,-4.69532,3.75015,0.17394,-0.71196,-0.20739,72.78574,30.38585,-61.63403
36.079022,-79.008033,9,0.51,131.6,8.42,410203,8.42,8.42453,2.51246,0.77886,-0.05773,0.22266,1.35719,84.52207,1.14002,-53.11313
36.079022,-79.008033,9,0.51,131.3,6.44,410403,6.44,6.43789,6.18066,0.61974,0.20159,0.53344,2.72278,81.13125,-16.15025,-46.46302
36.079027,-79.008029,9,0.35,131.3,9.27,411203,9.27,9.2686,-3.85962,4.68933,3.07235,0.63316,-5.00421,71.51418,43.08682,-56.6501
36.079027,-79.008029,9,0.35,132.2,4.97,411403,4.97,4.97049,-7.16949,2.39222,-0.33537,-0.39767,0.66294,47.32534,61.57556,-45.2207
36.079027,-79.008028,9,0.32,132.2,7.84,412203,7.84,7.83949,-4.48594,4.40638,-0.53665,-0.13378,1.72783,65.60947,51.97311,-50.99386
36.079027,-79.008028,9,0.32,131.5,8.14,412403,8.14,8.14337,-2.70808,4.27717,0.49358,0.07682,-0.31597,72.81496,44.79684,-50.62847
36.079025,-79.00803,9,0.6,131.5,7.58,413203,7.58,7.58046,-4.76471,3.58026,0.27886,0.77916,-0.40073,67.8895,53.24467,-40.3537
36.079025,-79.00803,9,0.6,130.8,7.6,413403,7.6,7.60499,-4.42852,3.70947,-1.43737,-0.24893,0.00733,67.01257,52.58696,-44.88454
36.079026,-79.008029,9,0.4,130.8,10.59,414203,10.59,10.59363,-1.78505,2.85344,3.59555,0.23396,0.09957,87.38673,21.55802,-23.26805
36.079026,-79.008029,8,0.4,130.8,6.67,414403,6.67,6.6682,-4.68515,3.83869,2.83655,-2.7237,-1.7373,84.02514,31.02894,-29.772
36.079028,-79.008027,8,0.29,130.8,7.13,415203,7.13,7.13001,-5.12423,4.26401,1.09131,-1.38941,1.3239,76.80502,17.05642,-59.57323
36.079028,-79.008027,9,0.29,131.5,8.04,415403,8.04,8.04288,-3.3332,4.2658,1.49112,-0.07269,1.63529,74.01345,11.69249,-63.02251
36.079029,-79.00803,9,0.55,131.5,8,416203,8,7.99562,-3.87877,4.22034,1.73501,-0.57391,0.1576,65.68255,42.38527,-57.3078
36.079029,-79.00803,9,0.55,131.4,7.71,416403,7.71,7.71446,-4.40758,4.06301,1.30221,-0.85292,0.71425,64.42561,48.56767,-50.32154
36.079034,-79.008031,9,0.26,131.4,7.83,417203,7.83,7.82692,-3.87458,4.14796,1.17256,-0.68295,0.73548,78.61736,38.52674,-30.6197
36.079034,-79.008031,9,0.26,131.5,7.91,417403,7.91,7.91247,-4.27837,4.35374,1.31046,-0.38973,0.56077,81.67203,33.68898,-27.95966
36.079032,-79.008035,9,0.59,131.5,7.96,418203,7.96,7.95853,-4.91246,4.17906,0.8772,-0.76312,0.53267,86.94827,15.09793,-35.74978
36.079032,-79.008035,9,0.59,130.4,7.3,418403,7.3,7.3011,-3.66401,4.14736,1.03221,-0.24053,0.61865,85.91055,9.28091,-40.85063
36.079033,-79.008035,9,0.16,130.4,7.96,419203,7.96,7.96451,-4.04806,4.04028,0.82681,-0.26848,0.7367,78.99737,9.66092,-57.00088
36.079033,-79.008035,9,0.16,129.9,7.76,419403,7.76,7.75514,-3.99482,4.12941,0.93523,-0.60934,0.10476,76.87811,12.46711,-61.40018
36.079032,-79.008035,9,0.58,129.9,8.05,420203,8.05,8.05484,-4.46321,4.30888,0.7002,-0.50076,0.48381,66.19409,29.88892,-65.93102
36.079032,-79.008035,9,0.58,129.9,7.48,420403,7.48,7.47877,-3.81775,4.04925,0.81184,-0.13943,0.55879,66.09179,32.06665,-65.741
36.079036,-79.008038,9,0.98,129.9,7.95,421203,7.95,7.95434,-4.04507,4.03669,0.77091,-0.41432,0.16234,64.87869,45.62993,-54.98392
36.079036,-79.008038,9,0.98,129.3,7.69,421403,7.69,7.68814,-4.10549,4.22692,0.60201,-0.49266,0.42562,64.01637,47.39842,-53.8439
36.079034,-79.008039,9,0.31,129.3,7.92,422203,7.92,7.91606,-3.89013,4.5021,0.65607,-0.06964,0.56688,70.30108,47.14996,-40.09062
36.079034,-79.008039,9,0.31,128.8,7.77,422403,7.77,7.7695,-4.00259,3.98285,0.72891,-0.42287,-0.01329,72.0988,45.81993,-36.31979
36.079035,-79.008039,9,0.43,128.8,7.5,423203,7.5,7.5009,-3.935,4.09352,0.54734,-0.33964,0.27489,78.88045,38.96522,-29.52353
36.079035,-79.008039,9,0.43,128.2,8.03,423403,8.03,8.02553,-4.29153,4.52423,0.5762,-0.09636,0.39905,80.64893,36.21748,-27.87197
36.079032,-79.008041,9,0.55,128.2,7.88,424203,7.88,7.87717,-4.30529,4.3023,0.56688,-0.33414,-0.05971,85.34054,25.21193,-27.46273
36.079032,-79.008041,9,0.55,128.7,7.74,424403,7.74,7.74198,-4.20479,4.28913,0.38164,-0.14523,0.48197,85.63286,23.0342,-28.20813
36.079026,-79.008038,9,0.62,128.7,7.89,425203,7.89,7.88734,-3.87697,4.12164,0.34529,-0.23931,0.30406,87.79597,13.03712,-32.88512
36.079026,-79.008038,9,0.62,128.6,7.8,425403,7.8,7.8018,-4.47398,4.13121,0.50885,-0.12004,0.01451,87.25519,13.87021,-35.63285
36.079022,-79.00804,9,0.58,128.6,8.12,426203,8.12,8.11586,-4.40399,4.15155,0.3233,-0.10934,0.32574,85.7644,8.53552,-41.9468
36.079022,-79.00804,9,0.58,128.2,7.67,426403,7.67,7.67139,-3.89731,4.14138,0.39508,-0.24801,0.01848,85.00439,7.14703,-44.60684
36.07902,-79.00804,9,0.37,128.2,7.9,427203,7.9,7.89512,-4.04387,4.11565,0.49831,0.09927,0.03726,82.72435,7.48319,-51.41771
36.07902,-79.00804,9,0.37,128.5,7.79,427403,7.79,7.79043,-4.26281,4.11865,0.21319,-0.30299,0.24694,81.70126,8.87168,-52.55773
36.079019,-79.00804,9,0.21,128.5,7.81,428203,7.81,7.81017,-4.10728,4.29093,0.30177,-0.16264,0.11744,77.93044,10.87401,-59.70476
36.079019,-79.00804,9,0.21,128.6,7.95,428403,7.95,7.95494,-4.04447,4.18624,0.29719,-0.1179,0.15287,77.15581,11.44402,-60.31862
36.07902,-79.008038,9,0.21,128.6,8.22,429203,8.22,8.22114,-4.24128,3.95893,0.25626,-0.10843,0.17791,74.33499,16.50102,-61.66326
36.07902,-79.008038,9,0.21,129.1,7.63,429403,7.63,7.62652,-3.83869,4.3663,0.13241,-0.48365,0.08827,71.82111,16.99795,-64.981
36.079018,-79.008039,9,0.37,129.1,7.63,430203,7.63,7.62832,-4.02293,4.25384,0.26298,0.00596,0.23243,69.19029,22.71266,-65.84332
36.079018,-79.008039,9,0.37,128.2,8.16,430403,8.16,8.15713,-4.08156,4.08754,0.29642,-0.13806,-0.01344,69.64338,24.36422,-65.17101
36.079017,-79.008036,9,0.55,128.2,8.2,431203,8.2,8.1996,-3.999,4.23948,0.20892,-0.20159,0.03619,66.5741,28.71967,-65.08331
36.079017,-79.008036,9,0.55,128.6,7.54,431403,7.54,7.54457,-4.00559,4.18744,0.26099,0.07391,0.24038,66.25256,30.48816,-65.9164
36.079017,-79.008028,9,1.35,128.6,7.53,432203,7.53,7.52722,-4.03669,4.19103,0.26328,-0.04047,0.08338,64.29407,35.15054,-63.79713
36.079017,-79.008028,9,1.35,128.8,8.24,432403,8.24,8.23969,-4.08634,4.1994,0.15806,-0.13546,0.20082,64.68869,36.58287,-63.05173
36.079014,-79.008022,9,1.24,128.8,7.98,433203,7.98,7.97947,-3.94935,4.17966,0.27978,0.0478,0.07132,64.67407,40.66063,-59.88015
36.079014,-79.008022,9,1.24,129,7.79,433403,7.79,7.79163,-4.10967,4.12941,0.16035,-0.20464,0.07147,64.30868,42.01988,-59.44168
36.079016,-79.008023,9,0.22,129,7.88,434203,7.88,7.88256,-3.98405,4.29213,0.11866,-0.06552,0.28039,63.98714,44.86992,-57.3078
36.079016,-79.008023,9,0.22,128.9,7.83,434403,7.83,7.82573,-3.8991,4.22991,0.27336,-0.03665,-0.03436,65.12716,45.24993,-55.68547
36.079017,-79.008027,9,0.22,128.9,7.91,435203,7.91,7.90888,-4.01097,4.12642,0.14187,-0.20831,0.05421,65.39024,47.86612,-53.23005
36.079017,-79.008027,9,0.22,128.9,7.75,435403,7.75,7.75334,-3.97508,4.37827,0.20861,-0.01634,0.11072,65.03946,47.89535,-52.60158
36.079015,-79.008026,9,0.09,128.9,7.67,436203,7.67,7.67019,-4.0008,4.34178,0.17807,-0.02016,0.19212,65.98948,48.50921,-48.2169
36.079015,-79.008026,9,0.09,129.3,7.97,436403,7.97,7.97289,-3.95055,4.20598,0.24511,-0.05391,0.00657,67.10027,52.35312,-46.79918
36.079012,-79.008029,9,0.46,129.3,7.78,437203,7.78,7.77667,-4.11805,4.07378,0.14416,-0.11087,0.15867,68.24028,49.57615,-43.52528
36.079012,-79.008029,9,0.46,129.1,7.89,437403,7.89,7.88973,-3.95474,4.56431,0.17471,-0.08231,0.11209,68.4449,48.74306,-42.53143
36.079008,-79.008029,9,0.4,129.1,7.94,438203,7.94,7.93639,-3.89611,4.31426,0.21426,-0.16173,-0.07498,71.07571,47.33996,-38.71675
36.079008,-79.008029,9,0.4,129.9,7.69,438403,7.69,7.69472,-4.17847,4.41775,0.21625,0.01145,0.11912,70.85648,48.18766,-37.72289
36.079002,-79.008031,9,1.04,129.9,7.94,439203,7.94,7.93819,-4.15873,4.18983,0.11744,-0.11148,0.16005,74.33499,45.23531,-34.03975
36.079002,-79.008031,9,1.04,129.6,7.7,439403,7.7,7.70489,-3.96371,4.25264,0.21075,-0.13974,-0.04734,73.86729,44.79684,-33.54282
36.078999,-79.008032,9,0.25,129.6,7.82,440203,7.82,7.81855,-4.01336,4.13181,0.17532,-0.09636,0.04826,75.72347,42.48758,-31.37971
36.078999,-79.008032,9,0.25,129,7.8,440403,7.8,7.80479,-4.08993,4.31665,0.15669,-0.09529,0.09255,76.1181,41.17217,-31.23356
36.079001,-79.008039,9,0.37,129,7.82,441203,7.82,7.82094,-4.28973,4.46979,0.11148,0.05452,0.36774,78.79275,38.68752,-29.37737
36.079001,-79.008039,9,0.37,129.3,7.75,441403,7.75,7.75155,-3.74537,4.11147,0.27687,-0.17364,-0.22755,80.02046,36.17363,-28.52967
36.079,-79.008043,9,0.54,129.3,7.66,442203,7.66,7.65703,-4.0325,4.08515,0.17272,-0.01909,0.16997,81.26279,33.96667,-26.67349
36.079,-79.008043,9,0.54,129.4,8.02,442403,8.02,8.01536,-4.10967,4.41895,0.13485,-0.1408,0.13042,82.31511,32.11049,-27.19965
36.079,-79.008048,9,0.3,129.4,7.84,443203,7.84,7.84068,-4.32802,4.39442,0.24358,-0.01863,-0.00244,83.65975,29.3043,-27.05349
36.079,-79.008048,9,0.3,129.6,7.8,443403,7.8,7.8018,-3.8991,4.12642,0.0869,-0.08949,0.24374,84.15668,27.4335,-26.39579
36.078998,-79.008051,9,0.28,129.6,7.86,444203,7.86,7.86102,-4.24666,4.37707,0.16417,-0.13241,-0.01176,85.22362,25.54809,-27.71119
36.078998,-79.008051,9,0.28,129.6,7.62,444403,7.62,7.62234,-3.81835,4.14915,0.14294,0.03314,0.1689,85.91055,22.97574,-27.78427
36.078997,-79.008054,9,0.46,129.6,7.79,445203,7.79,7.78983,-3.88714,4.32024,0.11011,-0.1631,-0.01008,86.64133,19.61415,-30.22508
36.078997,-79.008054,9,0.46,128.8,7.8,445403,7.8,7.80419,-4.22034,4.27298,0.21105,0.0982,0.01848,86.29056,20.19877,-30.152
36.078992,-79.008054,9,0.52,128.8,7.88,446203,7.88,7.88495,-3.89133,4.21496,0.12981,-0.1069,-0.06277,87.32827,16.70564,-30.31277
36.078992,-79.008054,9,0.52,128.8,7.8,446403,7.8,7.79941,-4.23111,4.38245,0.06994,-0.05712,0.10889,86.86057,17.01257,-32.4905
36.078988,-79.008053,9,0.4,128.8,7.97,447203,7.97,7.9669,-4.36929,4.17787,-0.05208,-0.1347,0.27443,87.22595,15.68255,-33.25051
36.078988,-79.008053,9,0.4,128.6,7.69,447403,7.69,7.69173,-3.74836,4.27777,0.20815,-0.04398,-0.21136,87.34288,13.62175,-34.59515
36.078986,-79.008054,9,0.53,128.6,7.86,448203,7.86,7.85923,-4.24188,4.16052,0.11362,0.02321,0.03009,87.98597,13.28559,-34.58053
36.078986,-79.008054,9,0.53,128.6,7.89,448403,7.89,7.88794,-3.97926,4.17906,0.01756,-0.10018,0.0982,87.8252,11.85326,-35.4867
36.078985,-79.008055,9,0.6,128.6,7.95,449203,7.95,7.95195,-4.3346,4.29332,0.04123,-0.031,0.08277,87.70827,11.73633,-36.99211
36.078985,-79.008055,9,0.6,128,7.7,449403,7.7,7.69711,-3.89492,4.17368,0.1573,0.07666,-0.08491,86.78748,10.87401,-38.08828
36.078986,-79.008058,9,0.4,128,7.86,450203,7.86,7.86102,-4.22572,4.17548,0.15409,0.0588,-0.1179,86.91903,10.74247,-38.78983
36.078986,-79.008058,9,0.4,127.5,7.78,450403,7.78,7.77907,-3.97807,4.24247,-0.09713,-0.13057,0.21869,87.02134,10.07016,-39.3306
36.078986,-79.008059,9,0.17,127.5,7.83,451203,7.83,7.82932,-4.08395,4.17727,0.00718,0.00641,0.12538,86.49518,9.77784,-40.01754
36.078986,-79.008059,9,0.17,127.1,7.81,451403,7.81,7.81137,-4.01755,4.1665,0.13149,0.01604,-0.12095,86.27594,9.1786,-39.84215
36.078985,-79.008061,9,0.31,127.1,7.63,452203,7.63,7.63071,-4.00559,4.23649,0.17669,0.27825,0.01206,86.43671,9.20783,-42.20988
36.078985,-79.008061,9,0.31,127,8.04,452403,8.04,8.03749,-4.12403,4.10369,-0.03803,-0.16921,0.03451,86.71441,9.13476,-40.71909
36.078985,-79.008063,9,0.49,127,7.8,453203,7.8,7.79881,-4.15155,4.25264,-0.1489,-0.3375,0.11591,85.69132,8.84244,-42.77989
36.078985,-79.008063,9,0.49,126.2,7.85,453403,7.85,7.84666,-4.07617,4.29751,0.25824,0.36514,-0.07529,85.72055,7.98012,-43.27682
36.078985,-79.008067,9,0.6,126.2,7.84,454203,7.84,7.83829,-4.15753,4.20598,0.2448,0.25504,-0.17898,85.7644,8.56475,-43.62759
36.078985,-79.008067,9,0.6,126.1,7.85,454403,7.85,7.85145,-4.07617,4.09532,-0.12294,-0.25931,0.11286,85.82285,8.00935,-44.05145
36.078984,-79.008066,9,0.45,126.1,7.88,455203,7.88,7.88375,-3.96251,4.26281,0.05651,0.11744,0.08079,85.06285,7.29319,-45.17685
36.078984,-79.008066,9,0.45,125.8,7.9,455403,7.9,7.9023,-4.0343,4.25564,0.00046,-0.10736,-0.03467,85.28208,7.98012,-45.38147
36.078985,-79.008067,9,0.98,125.8,7.9,456203,7.9,7.8999,-4.25922,4.29811,0.14737,0.08125,-0.15898,83.96667,8.82783,-46.41918
36.078985,-79.008067,9,0.98,125.6,7.73,456403,7.73,7.72882,-3.92961,4.17129,-0.11606,-0.06613,0.23686,84.44899,8.12628,-46.8138
36.078984,-79.008065,9,0.86,125.6,7.9,457203,7.9,7.9017,-4.13001,4.3023,-0.03512,-0.13836,0.01878,84.43438,7.29319,-48.09997
36.078984,-79.008065,9,0.86,125.9,7.95,457403,7.95,7.95374,-4.12582,4.11565,0.12782,0.09881,-0.09255,84.3613,8.41859,-47.57381
36.078983,-79.008064,9,0.49,125.9,7.91,458203,7.91,7.91127,-4.17727,4.13181,-0.03406,-0.16448,-0.00305,84.14207,7.52704,-48.4069
36.078983,-79.008064,9,0.49,126,7.76,458403,7.76,7.75933,-4.01516,4.24008,0.09484,0.12187,0.01451,83.92283,7.98012,-48.55305
36.078981,-79.008063,9,0.51,126,7.78,459203,7.78,7.78325,-3.91406,4.35733,-0.01985,-0.15562,0.01665,83.08974,6.43087,-49.54692
36.078981,-79.008063,9,0.51,126,7.93,459403,7.93,7.9334,-4.267,4.10788,0.14554,0.16448,-0.03009,83.63052,8.12628,-49.44461
36.078979,-79.008062,9,0.37,126,7.72,460203,7.72,7.71984,-3.8686,4.26162,0.02795,-0.01588,-0.01283,82.00819,6.89857,-50.61386
36.078979,-79.008062,9,0.37,126.3,8.01,460403,8.01,8.01177,-4.12882,4.19641,0.01359,-0.02978,0.00596,82.51974,7.73166,-50.36539
36.078978,-79.008061,9,0.44,126.3,7.92,461203,7.92,7.91665,-4.23769,4.24786,0.05742,0.15211,0.05406,82.27126,8.38936,-52.54311
36.078978,-79.008061,9,0.44,125.9,7.7,461403,7.7,7.70429,-3.9021,4.17966,-0.01069,-0.03803,0.02474,82.03741,7.8632,-51.94387
36.078978,-79.00806,9,0.31,125.9,7.72,462203,7.72,7.71506,-3.98584,4.27119,0.02902,0.01726,-0.02413,81.75972,8.34551,-52.9085
36.078978,-79.00806,9,0.31,126,7.93,462403,7.93,7.93041,-4.16411,4.21735,-0.05009,-0.09789,0.02856,81.92049,8.95937,-52.42619
36.078978,-79.008062,9,0.9,126,7.9,463203,7.9,7.89871,-4.09232,4.24188,-0.00397,0.04581,0.0646,81.37971,8.30167,-52.36773
36.078978,-79.008062,9,0.9,125.9,7.75,463403,7.75,7.75454,-3.97567,4.20718,0.02459,-0.00382,-0.04627,81.70126,8.00935,-53.28851
36.078978,-79.008064,9,1.02,125.9,7.64,464203,7.64,7.6355,-4.02652,4.35793,0.10537,0.19823,-0.02245,80.99971,8.50628,-54.60392
36.078978,-79.008064,9,1.02,125.3,8.02,464403,8.02,8.02194,-4.12882,4.14377,-0.05635,-0.03803,0.08399,81.30663,8.91552,-52.77697
36.078978,-79.008065,9,0.74,125.3,8.04,465203,8.04,8.03809,-4.2006,4.15932,-0.06674,-0.14783,-0.01695,81.10202,8.81321,-54.54546
36.078978,-79.008065,9,0.74,124.9,7.71,465403,7.71,7.70609,-4.01875,4.2664,0.08109,0.15821,-0.03772,80.4297,8.82783,-54.60392
36.078979,-79.008067,9,1.23,124.9,7.68,466203,7.68,7.67737,-4.00499,4.24068,-0.04917,0.0142,0.1014,80.35662,8.69629,-53.91698
36.078979,-79.008067,9,1.23,124.4,8.04,466403,8.04,8.04407,-4.02533,4.13899,0.03558,0.01191,-0.09957,80.97047,8.44782,-53.20082
36.07898,-79.008067,9,1.25,124.4,7.7,467203,7.7,7.70429,-4.10608,4.27717,-0.03864,-0.0307,0.00916,80.03508,9.09091,-54.73546
36.07898,-79.008067,9,1.25,124.6,7.97,467403,7.97,7.96511,-4.06421,4.22572,-0.05574,0.01298,0.08812,79.94738,8.31628,-54.57469
36.078978,-79.008063,9,1.23,124.6,7.87,468203,7.87,7.8664,-3.94277,4.2335,-0.04749,-0.13836,-0.08552,80.40047,8.09705,-54.66238
36.078978,-79.008063,9,1.23,124.4,7.89,468403,7.89,7.88794,-4.19821,4.16172,0.03757,0.04749,-0.07773,80.86816,9.31014,-55.96317
36.078978,-79.00806,9,0.89,124.4,7.81,469203,7.81,7.80718,-4.07199,4.24188,-0.04368,-0.0368,0.01649,80.4297,9.2663,-54.3116
36.078978,-79.00806,9,0.89,124.7,8.07,469403,8.07,8.06561,-4.07976,4.21795,0.01481,-0.00626,-0.07575,80.97047,8.62321,-54.98392
36.078978,-79.008056,9,0.48,124.7,7.9,470203,7.9,7.89572,-4.10788,4.27597,-0.01939,0.04597,0.08705,80.34201,9.23707,-55.1447
36.078978,-79.008056,9,0.48,125.6,7.78,470403,7.78,7.78445,-4.02174,4.28435,0.02566,0.05223,-0.00794,80.40047,8.75475,-55.5247
36.078977,-79.008053,9,0.86,125.6,7.64,471203,7.64,7.63849,-4.00379,4.3023,-0.03848,-0.1011,-0.03879,79.962,8.63783,-54.95469
36.078977,-79.008053,9,0.86,125.4,8.04,471403,8.04,8.03749,-4.26521,4.19103,0.03421,0.14813,0.04872,80.25431,9.35399,-54.44315
36.078978,-79.008051,9,0.81,125.4,7.91,472203,7.91,7.90768,-4.11865,4.16232,-0.0733,-0.07773,0.01237,80.35662,9.10552,-54.76469
36.078978,-79.008051,9,0.81,125.3,7.89,472403,7.89,7.89332,-4.1348,4.1994,0.01069,0.02596,-0.06399,79.81584,10.15785,-54.56007
36.078981,-79.008055,9,1.15,125.3,7.76,473203,7.76,7.76232,-3.94457,4.39143,0.07071,0.09911,-0.1069,79.99123,8.50628,-55.39316
36.078981,-79.008055,9,1.15,125.7,7.81,473403,7.81,7.81316,-4.06122,4.2353,-0.02367,0.07758,0.03054,80.02046,8.90091,-54.44315
36.078986,-79.008054,9,0.01,125.7,8.01,474203,8.01,8.00638,-4.06481,4.15873,0.00657,0.1602,0.09407,80.40047,8.72552,-54.75007
36.078986,-79.008054,9,0.01,126.2,7.7,474403,7.7,7.69532,-3.97986,4.33579,-0.09606,-0.18387,-0.02963,80.06431,8.57936,-55.5247
36.078992,-79.008054,9,0.51,126.2,7.76,475203,7.76,7.76471,-4.09173,4.34836,-0.03161,0.02184,0.0339,80.00585,9.47091,-55.39316
36.078992,-79.008054,9,0.51,126.9,7.93,475403,7.93,7.92981,-4.01635,4.18624,-0.00748,0.04475,0.00626,79.94738,9.00321,-55.07162
36.078996,-79.008056,9,0.62,126.9,7.88,476203,7.88,7.88016,-4.12403,4.28255,-0.02611,-0.05024,-0.04841,80.34201,8.53552,-56.43087
36.078996,-79.008056,9,0.62,127.1,7.63,476403,7.63,7.62832,-3.97328,4.38485,0.03344,0.1605,0.02306,80.45893,9.04706,-55.7147
36.078998,-79.008059,9,0.47,127.1,8.04,477203,8.04,8.03689,-4.03849,4.23051,0.10782,0.33231,0.03482,80.25431,8.56475,-54.18006
36.078998,-79.008059,9,0.47,127.4,7.79,477403,7.79,7.78684,-4.02234,4.16172,-0.08537,-0.30513,-0.11942,79.62584,9.41245,-55.23239
36.079001,-79.008056,9,0.38,127.4,7.8,478203,7.8,7.79761,-3.99422,4.3352,-0.05192,-0.09957,0.02779,79.58199,9.07629,-56.02163
36.079001,-79.008056,9,0.38,128.5,7.89,478403,7.89,7.88973,-4.14497,4.1342,0.04887,0.14752,0.07575,80.10815,8.74013,-54.85238
36.079003,-79.008059,9,0.52,128.5,7.5,479203,7.5,7.49911,-4.07617,4.29631,-0.04276,-0.05574,0.07391,78.42736,9.12014,-56.69395
36.079003,-79.008059,9,0.52,128.6,8.14,479403,8.14,8.14337,-4.07976,4.22812,0.08125,0.06322,-0.07453,79.14352,10.15785,-56.1824
36.078997,-79.008063,9,1.53,128.6,7.67,480203,7.67,7.67498,-4.05045,4.34178,-0.03192,-0.11286,-0.01344,78.88045,10.08477,-57.70243
36.078997,-79.008063,9,1.53,127.5,8.08,480403,8.08,8.08355,-3.98764,4.12403,0.05742,0.03757,-0.06582,78.83659,9.80707,-56.40163
36.078995,-79.008062,9,0.86,127.5,8.01,481203,8.01,8.00638,-4.06361,4.17488,0.02107,-0.0394,-0.06994,78.60275,10.07016,-57.19088
36.078995,-79.008062,9,0.86,127.4,7.72,481403,7.72,7.71625,-4.0349,4.31845,0.0168,0.10415,0.09331,78.39812,10.47939,-57.04473
36.078995,-79.00806,9,0.49,127.4,7.72,482203,7.72,7.72164,-4.02174,4.27059,0.00489,0.01772,-0.00489,78.03274,10.49401,-57.71704
36.078995,-79.00806,9,0.49,127.7,7.92,482403,7.92,7.92084,-3.94277,4.25623,0.0142,0.03925,-0.02169,78.03274,9.74861,-58.11166
36.078998,-79.008063,9,1.24,127.7,7.92,483203,7.92,7.92024,-4.08515,4.3023,0.04368,0.13286,0.00611,78.20812,9.98246,-58.00936
36.078998,-79.008063,9,1.24,127.6,7.76,483403,7.76,7.75992,-3.9996,4.30947,-0.042,-0.07178,0.011,78.14967,10.17246,-59.38322
36.078999,-79.008068,9,0.89,127.6,7.72,484203,7.72,7.72104,-4.07857,4.28495,0.06781,0.23854,0.09545,77.74043,10.84478,-59.12014
36.078999,-79.008068,9,0.89,127.5,7.88,484403,7.88,7.88076,-3.98225,4.19641,-0.06429,-0.20403,-0.05803,77.9012,10.99094,-58.60859
36.079004,-79.008068,9,0.41,127.5,7.79,485203,7.79,7.78744,-3.99063,4.27298,-0.04475,-0.09499,0.01069,77.34581,11.89711,-59.13476
36.079004,-79.008068,9,0.41,128.3,7.86,485403,7.86,7.85863,-4.14018,4.28555,0.05177,0.09697,0.0087,77.47735,11.02017,-58.46244
36.079004,-79.008064,9,0.44,128.3,7.75,486203,7.75,7.74736,-4.05165,4.32383,0.0672,0.14462,-0.02337,77.21426,11.56095,-58.69629
36.079004,-79.008064,9,0.44,128.7,7.87,486403,7.87,7.8664,-4.02891,4.24068,-0.042,-0.07483,-0.02886,77.59427,12.32096,-58.95937
36.079003,-79.008064,9,0.54,128.7,7.38,487203,7.38,7.38425,-4.01396,4.27538,0.02245,0.19853,0.11377,76.86349,11.80941,-59.19322
36.079003,-79.008064,9,0.54,128.5,8.28,487403,8.28,8.28395,-3.98584,4.02353,-0.0478,-0.13393,-0.05467,77.98889,11.07863,-58.31628
36.079004,-79.008065,9,0.59,128.5,7.95,488203,7.95,7.94716,-4.05763,4.27896,-0.0281,-0.01527,0.09484,76.89272,12.01403,-59.74862
36.079004,-79.008065,9,0.59,128.3,7.74,488403,7.74,7.74018,-4.02772,4.31426,0.06628,0.08888,-0.00733,76.80502,11.72172,-59.95323
36.079007,-79.008064,9,0.3,128.3,7.71,489203,7.71,7.71027,-4.04985,4.34537,0.06811,0.01405,-0.09942,75.98655,12.74481,-60.52324
36.079007,-79.008064,9,0.3,128.5,7.89,489403,7.89,7.88674,-4.08574,4.19522,-0.01756,0.0452,0.10996,75.89886,12.70096,-60.17246
36.079007,-79.008063,9,0.31,128.5,7.79,490203,7.79,7.79342,-4.09173,4.25922,-0.03497,-0.08262,0.01252,76.33733,12.78866,-60.78632
36.079007,-79.008063,9,0.31,128.8,7.86,490403,7.86,7.86461,-4.07498,4.28375,0.02856,-0.00183,-0.04154,75.29962,12.56942,-61.25402
36.079007,-79.008063,9,0.47,128.8,7.79,491203,7.79,7.79163,-4.07199,4.33699,0.00779,0.03467,0.03329,75.95732,13.44636,-60.88863
36.079007,-79.008063,9,0.47,128.7,7.85,491403,7.85,7.84906,-4.00618,4.28794,0.00626,0.01405,0.00901,75.44578,13.27097,-62.05788
36.079005,-79.008063,9,0.81,128.7,7.7,492203,7.7,7.69592,-4.07558,4.39083,-0.02825,0.01558,0.07697,75.22654,13.68021,-61.47326
36.079005,-79.008063,9,0.81,128.7,7.89,492403,7.89,7.89332,-3.95055,4.24965,0.02978,0.0814,0.0087,75.57732,13.72406,-61.89711
36.079005,-79.008065,9,0.55,128.7,7.94,493203,7.94,7.94118,-4.06241,4.23709,0.02428,0.02657,-0.08048,75.78194,14.10406,-61.37094
36.079005,-79.008065,9,0.55,128.7,7.67,493403,7.67,7.669,-3.97926,4.32503,-0.03344,-0.01985,-0.0087,74.715,13.75329,-61.89711
36.079002,-79.008064,9,0.61,128.7,7.86,494203,7.86,7.86281,-4.13958,4.20897,-0.03176,0.05483,0.0255,75.75271,14.16253,-61.26863
36.079002,-79.008064,9,0.61,128.7,7.77,494403,7.77,7.77488,-3.92483,4.27956,-0.0139,0.00718,-0.05849,75.3727,13.60713,-62.37942
36.079,-79.008068,9,0.49,128.7,7.69,495203,7.69,7.69113,-4.00499,4.29452,0.00153,0.18005,0.07254,75.3727,13.1102,-60.87402
36.079,-79.008068,9,0.49,128.5,7.93,495403,7.93,7.93281,-4.02353,4.19223,-0.09865,-0.17089,-0.0672,75.29962,13.62175,-61.07863
36.078997,-79.008068,9,0.47,128.5,7.77,496203,7.77,7.7677,-4.04028,4.32503,0.00489,0.14264,0.01604,75.41655,13.1979,-60.78632
36.078997,-79.008068,9,0.47,128.6,7.85,496403,7.85,7.85025,-4.066,4.18265,-0.073,-0.0307,0.00855,76.13271,13.06635,-60.34785
36.078994,-79.008068,9,0.51,128.6,7.99,497203,7.99,7.99322,-4.04208,4.3011,0.00641,0.08323,-0.0339,76.17655,12.93481,-61.69249
36.078994,-79.008068,9,0.51,128.5,7.69,497403,7.69,7.68575,-4.02114,4.32323,-0.02673,0.0649,0.01069,76.27886,13.03712,-60.64016
36.078992,-79.008068,9,0.35,128.5,7.6,498203,7.6,7.59781,-4.01755,4.21197,-0.07666,-0.01054,0.05131,76.24963,12.8325,-60.15785
36.078992,-79.008068,9,0.35,128.2,8.04,498403,8.04,8.04048,-3.96969,4.39023,0.01512,0.0391,-0.11988,76.36656,12.07249,-61.2394
36.078988,-79.008069,9,0.7,128.2,7.69,499203,7.69,7.69113,-3.98405,4.34058,0.00702,0.08537,-0.04062,76.71734,12.58404,-60.07016
36.078988,-79.008069,9,0.7,127.9,7.93,499403,7.93,7.92623,-4.01396,4.05942,-0.11866,-0.10232,0.0307,76.83426,12.10172,-60.02631
36.078984,-79.008069,9,0.44,127.9,8.18,500203,8.18,8.17807,-4.14616,3.99781,-0.03803,-0.03726,-0.09743,77.43349,12.84712,-58.49167
36.078984,-79.008069,9,0.44,127.9,7.74,500403,7.74,7.74437,-4.05344,4.21855,0.04933,0.09575,-0.12507,76.9658,12.40865,-59.61707
36.078981,-79.008071,9,0.56,127.9,7.77,501203,7.77,7.77368,-4.11506,4.27896,-0.06536,0.04597,0.10431,77.75504,11.53172,-58.84245
36.078981,-79.008071,9,0.56,127.8,8.05,501403,8.05,8.05424,-4.05643,4.21256,0.00229,-0.04093,-0.11118,77.7112,11.29787,-58.72552
36.07898,-79.00807,9,0.4,127.8,7.9,502203,7.9,7.9017,-4.1019,4.28495,-0.01206,0.07101,-0.00458,77.46273,11.42941,-59.09091
36.07898,-79.00807,9,0.4,127.7,7.71,502403,7.71,7.71446,-3.96251,4.28375,-0.093,-0.06888,0.0168,76.92195,11.56095,-60.08477
36.078978,-79.008073,9,0.69,127.7,7.86,503203,7.86,7.85743,-3.95952,4.21556,-0.07498,-0.00183,0.00901,76.95118,10.46478,-58.50629
36.078978,-79.008073,9,0.69,127.6,7.98,503403,7.98,7.97647,-4.11027,4.2,-0.00015,0.08247,-0.08094,77.55042,11.29787,-58.3309
36.078976,-79.008075,9,0.81,127.6,7.79,504203,7.79,7.78565,-4.00917,4.23649,-0.11515,-0.02291,0.05192,78.25198,10.24554,-58.66706
36.078976,-79.008075,9,0.81,127.6,7.92,504403,7.92,7.91606,-4.03729,4.25504,-0.02443,0.02581,-0.08323,78.22274,10.07016,-58.5209
36.078973,-79.008077,9,0.93,127.6,7.93,505203,7.93,7.9334,-4.15394,4.20897,-0.05757,-0.01634,-0.05757,78.88045,10.18708,-57.2055
36.078973,-79.008077,9,0.93,127.4,7.72,505403,7.72,7.71865,-3.96132,4.33819,-0.05024,0.00916,-0.04093,78.45659,10.40631,-58.18474
36.078973,-79.008077,9,0.63,127.4,7.9,506203,7.9,7.9011,-4.06122,4.1665,0.02611,0.18937,-0.03803,79.0266,9.61707,-56.5624
36.078973,-79.008077,9,0.63,127.4,7.87,506403,7.87,7.8664,-4.11027,4.20718,-0.0646,-0.06032,-0.07819,79.36276,10.12862,-56.51856
36.078971,-79.008078,9,0.61,127.4,7.77,507203,7.77,7.77249,-4.09232,4.35434,-0.10232,-0.01252,0.0872,78.60275,9.36861,-56.34317
36.078971,-79.008078,9,0.61,127.5,7.92,507403,7.92,7.92443,-3.96969,4.24547,0.06139,0.21594,-0.05147,79.1143,8.91552,-55.55393
36.078969,-79.008082,9,1.1,127.5,7.86,508203,7.86,7.86281,-4.02712,4.22034,-0.03604,-0.10568,-0.1605,80.13738,9.55861,-55.64163
36.078969,-79.008082,9,1.1,126.9,7.98,508403,7.98,7.97827,-4.12164,4.18265,0.01161,0.17715,0.03268,80.02046,9.29553,-55.70009
36.078968,-79.008079,9,0.62,126.9,7.77,509203,7.77,7.7677,-3.99003,4.30349,-0.03543,0.05834,-0.00519,79.65507,8.69629,-55.40778
36.078968,-79.008079,9,0.62,127.2,7.82,509403,7.82,7.81915,-4.09113,4.30409,-0.0197,0.02642,-0.07712,80.25431,9.66092,-54.98392
36.078967,-79.008082,9,0.85,127.2,7.9,510203,7.9,7.9011,-4.04985,4.25264,-0.07483,0.01374,0.01298,80.40047,9.20783,-54.94007
36.078967,-79.008082,9,0.85,127.2,7.89,510403,7.89,7.88854,-4.00439,4.27717,-0.02642,0.05574,-0.05147,80.57585,8.72552,-54.99854
36.078966,-79.008086,9,0.76,127.2,7.87,511203,7.87,7.87358,-4.09412,4.30828,-0.05269,0.04062,-0.01909,80.76585,8.66706,-53.97544
36.078966,-79.008086,9,0.76,127.3,7.73,511403,7.73,7.72882,-4.01396,4.31964,0.00428,0.16585,-0.02184,81.26279,8.57936,-54.50161
36.078964,-79.008088,9,0.62,127.3,7.84,512203,7.84,7.84008,-4.10967,4.15035,-0.08827,-0.0675,-0.03467,81.5551,8.63783,-53.11313
36.078964,-79.008088,9,0.62,126.9,7.87,512403,7.87,7.8694,-4.06241,4.34118,-0.03192,0.05818,-0.01772,81.5551,8.56475,-52.85004
36.078962,-79.008088,9,0.56,126.9,8.05,513203,8.05,8.04527,-4.03789,4.14915,-0.00321,0.04719,-0.08384,82.13972,8.09705,-51.54926
36.078962,-79.008088,9,0.56,126.9,7.74,513403,7.74,7.74078,-4.03789,4.28973,-0.05315,0.00015,-0.02199,82.12511,8.93014,-53.08389
36.07896,-79.008091,9,0.31,126.9,7.77,514203,7.77,7.7683,-4.04267,4.38186,-0.05712,0.02153,0.02337,81.52587,8.15551,-52.66004
36.07896,-79.008091,8,0.31,126.6,7.86,514403,7.86,7.85624,-3.98525,4.26042,-0.04597,0.0252,0.00183,82.6805,7.92166,-52.5285
36.078957,-79.008095,8,0.32,126.6,7.94,515203,7.94,7.94238,-4.08515,4.2676,-0.07468,-0.06765,-0.04368,82.22742,8.21397,-51.22771
36.078957,-79.008095,8,0.32,126.1,7.73,515403,7.73,7.7342,-4.00319,4.29033,-0.00336,0.10721,-0.0029,81.83279,8.47705,-51.92926
36.078955,-79.008096,8,0.51,126.1,7.98,516203,7.98,7.97947,-4.14915,4.24128,-0.00305,0.09132,-0.02001,82.60742,8.18474,-50.80386
36.078955,-79.008096,8,0.51,125.9,7.7,516403,7.7,7.70309,-3.90748,4.23171,-0.04673,-0.02703,-0.04276,83.07513,7.76089,-50.62847
36.078952,-79.008098,8,0.26,125.9,7.91,517203,7.91,7.91486,-4.14198,4.23709,-0.04475,-0.00733,-0.0087,83.16282,7.93628,-50.19
36.078952,-79.008098,8,0.26,125.6,7.73,517403,7.73,7.73121,-3.96491,4.3017,0.03222,0.14691,-0.0087,82.97281,7.32242,-51.19848
36.07895,-79.008099,8,0.39,125.6,7.75,518203,7.75,7.74796,-4.03789,4.31964,0.04887,0.05925,-0.12355,82.63666,7.10319,-50.36539
36.07895,-79.008099,9,0.39,125.2,7.87,518403,7.87,7.86521,-4.066,4.26341,-0.05834,0.00199,0.05421,82.50511,8.18474,-50.38
36.078947,-79.008098,9,0.72,125.2,7.85,519203,7.85,7.85444,-3.98943,4.32144,-0.00412,0.02214,-0.05238,82.87051,7.27857,-50.57001
36.078947,-79.008098,9,0.72,125,7.79,519403,7.79,7.79163,-4.02592,4.38604,-0.04139,-0.01588,-0.00214,82.6805,7.81935,-49.98539
36.078944,-79.008099,9,0.48,125,7.83,520203,7.83,7.82632,-4.09173,4.27239,0.04093,0.16463,-0.01329,83.00205,8.18474,-50.16077
36.078944,-79.008099,9,0.48,124.7,7.78,520403,7.78,7.78385,-4.01575,4.28854,-0.09438,-0.09545,0.01741,83.17744,8.28705,-50.39462
36.078942,-79.008105,9,0.68,124.7,7.71,521203,7.71,7.70908,-3.97448,4.36571,0.01939,0.07544,-0.0562,82.66589,7.51242,-50.67232
36.078942,-79.008105,9,0.68,124.2,7.89,521403,7.89,7.88734,-4.12343,4.28196,-0.04811,-0.0084,0.00504,83.32359,8.43321,-50.10231
36.078939,-79.00811,9,0.85,124.2,7.89,522203,7.89,7.88674,-4.06241,4.32503,-0.05681,-0.01634,0.00382,83.41129,7.93628,-50.11693
36.078939,-79.00811,9,0.85,123.8,7.8,522403,7.8,7.79821,-4.00319,4.34477,-0.01008,0.02596,-0.04872,83.5136,7.41011,-49.5323
36.078936,-79.008112,9,0.62,123.8,7.76,523203,7.76,7.76112,-4.04387,4.28076,-0.04948,0.06979,0.05299,83.45512,7.48319,-49.47384
36.078936,-79.008112,9,0.62,123.5,7.89,523403,7.89,7.88854,-4.00798,4.29033,-0.04597,-0.02749,-0.0504,83.55744,7.64396,-49.5323
36.078934,-79.008113,9,0.4,123.5,7.77,524203,7.77,7.77488,-4.06959,4.37827,0.03574,0.14905,-0.05055,83.7036,8.66706,-49.48846
36.078934,-79.008113,9,0.4,123.5,7.8,524403,7.8,7.79821,-3.99123,4.25863,-0.00046,0.03772,0.00168,83.49898,7.61473,-49.44461
36.078933,-79.008114,9,0.62,123.5,7.89,525203,7.89,7.88734,-4.07079,4.29811,-0.06704,-0.04368,-0.01481,83.60129,8.02397,-49.07922
36.078933,-79.008114,9,0.62,123.5,7.78,525403,7.78,7.77548,-4.01815,4.3334,0.01374,0.13149,-0.0058,83.38205,7.35165,-48.96229
36.078933,-79.008117,9,0.68,123.5,7.83,526203,7.83,7.82932,-4.05583,4.27298,-0.0197,-0.01008,-0.06002,83.63052,8.06782,-48.46536
36.078933,-79.008117,9,0.68,123.6,7.82,526403,7.82,7.81675,-4.08455,4.37528,-0.07605,-0.0026,0.05727,83.57205,7.7755,-48.14382
36.078932,-79.008121,9,0.7,123.6,7.89,527203,7.89,7.89273,-4.02234,4.34058,0.01405,0.09468,-0.01863,83.64513,7.45396,-48.45074
36.078932,-79.008121,9,0.7,123.8,7.82,527403,7.82,7.81735,-4.08455,4.22812,-0.02291,-0.01481,-0.03115,83.68898,8.00935,-48.43613
36.078929,-79.008122,9,0.49,123.8,7.8,528203,7.8,7.79881,-4.04327,4.28794,0.01237,0.06888,-0.0171,84.20052,8.02397,-47.85151
36.078929,-79.008122,9,0.49,123.8,7.66,528403,7.66,7.65823,-4.02114,4.36092,-0.04856,-0.01206,0.01955,83.99591,7.79012,-48.18766
36.078926,-79.008126,9,0.49,123.8,7.88,529203,7.88,7.87837,-4.16351,4.27358,-0.01695,0.04856,-0.00443,84.02514,8.12628,-48.11459
36.078926,-79.008126,9,0.49,123.7,7.8,529403,7.8,7.8024,-3.97926,4.31007,-0.07773,-0.06475,0.00382,84.09822,7.67319,-48.24613
36.078924,-79.00813,9,0.49,123.7,7.79,530203,7.79,7.79402,-4.02832,4.38903,0.00443,0.11286,-0.01542,84.21514,7.83397,-47.83689
36.078924,-79.00813,9,0.49,123.6,7.82,530403,7.82,7.81795,-4.1336,4.24367,-0.05803,-0.00199,-0.00458,84.24437,8.28705,-46.56533
36.078921,-79.008131,9,0.37,123.6,7.75,531203,7.75,7.75035,-3.92124,4.38006,-0.04643,0.00825,-0.02245,84.34668,7.96551,-47.70535
36.078921,-79.008131,9,0.37,124,7.84,531403,7.84,7.83889,-4.08993,4.31246,-0.03925,0.03772,0.00657,84.66823,8.25782,-46.65303
36.07892,-79.008128,9,0.48,124,7.87,532203,7.87,7.8688,-4.02353,4.27298,-0.07315,-0.04001,-0.0026,84.53668,8.28705,-46.22917
36.07892,-79.008128,9,0.48,124.6,7.76,532403,7.76,7.76351,-4.0337,4.36331,-0.01329,0.06048,-0.03268,84.69746,8.59398,-45.93686
36.078917,-79.008132,9,0.47,124.6,7.84,533203,7.84,7.83649,-3.99601,4.3011,-0.04673,0.03604,0.01237,85.00439,8.0532,-45.99532
36.078917,-79.008132,9,0.47,124.3,7.76,533403,7.76,7.75693,-4.02413,4.4016,-0.0171,0.0026,-0.08216,84.85823,8.27244,-46.24379
36.078915,-79.008131,9,0.28,124.3,7.7,534203,7.7,7.69711,-3.99721,4.38126,-0.00596,0.08827,-0.01268,84.39053,8.2432,-46.03917
36.078915,-79.008131,9,0.28,124.8,7.87,534403,7.87,7.87358,-4.00379,4.25145,-0.0536,0.01527,0.02046,84.5513,8.63783,-44.89915
36.078914,-79.00813,9,0.24,124.8,7.77,535203,7.77,7.7695,-4.08754,4.3023,-0.02459,-0.01374,-0.06674,84.78515,9.06168,-45.89301
36.078914,-79.00813,9,0.24,125.5,7.88,535403,7.88,7.87717,-4.01575,4.35075,-0.04001,0.07376,0.05605,85.25285,8.60859,-44.91377
36.078911,-79.008127,9,0.67,125.5,7.8,536203,7.8,7.80419,-3.98525,4.32383,-0.03161,0.01588,-0.03238,85.79362,8.08243,-44.54838
36.078911,-79.008127,9,0.67,125.9,7.8,536403,7.8,7.803,-4.05883,4.36571,-0.0562,-0.03955,-0.03512,84.96054,8.5209,-44.86992
36.078909,-79.008129,9,0.63,125.9,7.82,537203,7.82,7.82034,-4.07318,4.24606,-0.02031,0.05651,-0.0139,85.35516,8.60859,-44.50453
36.078909,-79.008129,9,0.63,126.2,7.82,537403,7.82,7.81915,-3.99063,4.32443,-0.03879,0.00214,-0.02535,85.44286,8.5209,-44.06606
36.078907,-79.00813,9,0.44,126.2,7.85,538203,7.85,7.84966,-4.06241,4.27837,-0.0171,0.05941,-0.01069,85.45747,9.01783,-43.42298
36.078907,-79.00813,9,0.44,126.2,7.76,538403,7.76,7.76411,-4.02174,4.31785,-0.0591,-0.0171,-0.00031,85.19438,9.23707,-43.83221
36.078904,-79.008132,9,0.47,126.2,7.75,539203,7.75,7.75275,-3.98285,4.38784,-0.02214,0.06826,0.00107,85.61824,8.50628,-43.86144
36.078904,-79.008132,9,0.47,126.3,7.88,539403,7.88,7.88076,-4.07438,4.33699,-0.03085,0.01344,-0.02734,85.20901,8.90091,-43.40836
36.078902,-79.008133,9,0.46,126.3,7.82,540203,7.82,7.82274,-4.09113,4.30469,-0.10446,-0.0646,0.0394,85.77901,9.19322,-42.76527
36.078902,-79.008133,9,0.46,126.2,7.79,540403,7.79,7.79043,-4.00259,4.32323,-0.02611,0.05131,-0.0142,85.47208,7.90704,-42.83835
36.078899,-79.008138,9,0.41,126.2,7.86,541203,7.86,7.86341,-4.05643,4.28973,-0.01833,0.05101,-0.02001,85.7644,9.25168,-42.25373
36.078899,-79.008138,9,0.41,126.3,7.79,541403,7.79,7.79223,-4.0337,4.31306,-0.04261,-0.00687,-0.03085,85.66209,9.20783,-42.70681
36.078896,-79.008138,9,0.52,126.3,7.81,542203,7.81,7.80898,-3.97149,4.39741,-0.01756,0.06689,-0.01512,86.10056,9.35399,-42.07834
36.078896,-79.008138,9,0.52,126.6,7.87,542403,7.87,7.87059,-4.05105,4.21974,-0.03589,0.01542,-0.01817,86.26133,8.93014,-41.39141
36.078893,-79.008138,9,0.67,126.6,7.69,543203,7.69,7.69053,-4.0002,4.37169,-0.02123,0.04093,-0.05788,86.21748,9.8363,-41.37679
36.078893,-79.008138,9,0.67,126.8,7.84,543403,7.84,7.84008,-4.08275,4.32862,-0.06597,0.02886,0.03619,85.93978,10.28939,-41.12833
36.07889,-79.00814,9,0.53,126.8,7.85,544203,7.85,7.84726,-3.93739,4.33579,-0.0478,0.02886,-0.01191,86.45132,9.77784,-40.36831
36.07889,-79.00814,9,0.53,126.8,7.76,544403,7.76,7.76232,-4.10549,4.14557,-0.01772,-0.00962,-0.10599,86.11517,10.08477,-41.09909
36.078889,-79.008142,9,0.31,126.8,7.76,545203,7.76,7.76471,-4.08515,4.33699,-0.09606,0.00748,0.08338,86.29056,10.36247,-40.36831
36.078889,-79.008142,9,0.31,126.9,7.84,545403,7.84,7.84367,-3.97867,4.3681,-0.02749,0.00809,-0.06078,86.12978,9.93861,-39.87138
36.078887,-79.008144,9,0.39,126.9,7.81,546203,7.81,7.80898,-4.07498,4.33819,-0.02306,0.07514,-0.02428,86.27594,11.16633,-39.22829
36.078887,-79.008144,9,0.39,126.7,7.83,546403,7.83,7.8347,-3.95534,4.32443,-0.08201,-0.01298,0.01191,86.43671,10.45016,-40.04677
36.078885,-79.008147,9,0.22,126.7,7.86,547203,7.86,7.86461,-4.07558,4.3328,0.05483,0.11912,-0.13332,86.26133,11.31248,-38.90675
36.078885,-79.008147,9,0.22,126.6,7.81,547403,7.81,7.80898,-4.07737,4.29811,-0.12874,-0.07468,0.07926,86.55364,11.7948,-38.64367
36.078882,-79.00815,9,0.41,126.6,7.85,548203,7.85,7.85444,-4.03191,4.36092,-0.08277,-0.01359,0.01756,86.64133,11.50249,-38.54136
36.078882,-79.00815,9,0.41,126.9,7.81,548403,7.81,7.80658,-4.07139,4.36989,0.0171,0.09209,-0.07758,86.5098,11.47325,-39.46215
36.07888,-79.008153,9,0.46,126.9,7.88,549203,7.88,7.87957,-4.09771,4.3017,-0.08674,-0.01741,0.03635,87.06519,12.2625,-36.96288
36.07888,-79.008153,9,0.46,127,7.75,549403,7.75,7.75215,-3.92722,4.32144,-0.00031,0.07391,-0.06185,86.72903,11.59018,-38.07366
36.078879,-79.008156,9,0.51,127,7.79,550203,7.79,7.79103,-4.02293,4.33041,-0.01466,0.04673,-0.06872,86.46594,12.21865,-37.21134
36.078879,-79.008156,9,0.51,127.3,7.86,550403,7.86,7.86102,-4.08634,4.4016,-0.08216,0.00779,0.04139,86.67056,12.9202,-37.34288
36.078877,-79.008156,9,0.07,127.3,7.86,551203,7.86,7.86341,-3.97448,4.30648,-0.04566,0.03207,-0.02459,87.02134,11.95557,-37.13826
36.078877,-79.008156,9,0.07,127.7,7.78,551403,7.78,7.78445,-4.07258,4.33041,-0.0168,0.05589,-0.06032,86.6998,12.65712,-37.67904
36.078874,-79.00816,9,0.53,127.7,7.77,552203,7.77,7.7671,-3.97986,4.31546,-0.04566,0.04643,-0.0055,87.0798,13.75329,-37.05057
36.078874,-79.00816,9,0.53,127.9,7.88,552403,7.88,7.88016,-4.01875,4.27478,-0.0672,0.02245,-0.00275,87.03596,13.62175,-35.26747
36.078873,-79.008163,9,0.43,127.9,7.88,553203,7.88,7.88076,-4.09831,4.40937,-0.0533,0.01283,-0.04108,86.39287,13.78252,-35.17977
36.078873,-79.008163,9,0.43,127.9,7.77,553403,7.77,7.77308,-3.96192,4.3663,-0.03971,0.05818,-0.02321,86.93364,13.56329,-36.3344
36.078872,-79.008165,9,0.21,127.9,7.79,554203,7.79,7.78864,-4.06301,4.33639,-0.08674,-0.01863,-0.00977,86.94827,14.46945,-34.98977
36.078872,-79.008165,9,0.21,128.1,7.87,554403,7.87,7.87119,-3.98345,4.38903,-0.05788,0.07223,0.0087,87.00672,14.27945,-35.50132
36.078871,-79.008167,9,0.31,128.1,7.82,555203,7.82,7.82214,-4.066,4.36092,-0.06231,-0.01268,-0.06796,86.86057,15.56562,-33.07512
36.078871,-79.008167,9,0.31,128,7.77,555403,7.77,7.7671,-4.0008,4.37348,-0.04719,0.07346,-0.00901,86.77287,15.71178,-34.09822
36.07887,-79.008172,9,0.67,128,7.83,556203,7.83,7.82932,-3.95833,4.3328,-0.01894,0.10003,-0.05299,86.83134,16.09179,-32.91435
36.07887,-79.008172,9,0.67,128.2,7.82,556403,7.82,7.81974,-4.04566,4.35195,-0.09026,-0.05956,-0.05513,86.91903,16.16487,-33.17743
36.078868,-79.008173,9,0.47,128.2,7.87,557203,7.87,7.87298,-4.05823,4.30409,-0.01344,0.08476,-0.08338,86.71441,17.52412,-33.07512
36.078868,-79.008173,9,0.47,128.5,7.78,557403,7.78,7.78206,-4.02832,4.36271,-0.10568,-0.00733,0.01329,86.48056,18.03566,-32.08126
36.078867,-79.008174,9,0.46,128.5,7.83,558203,7.83,7.83231,-4.00858,4.30708,-0.08201,0.0223,-0.0339,86.53902,18.76644,-32.25665
36.078867,-79.008174,9,0.46,128.5,7.75,558403,7.75,7.75334,-4.04746,4.38485,-0.05681,0.07895,-0.03421,86.49518,19.24876,-31.78895
36.078865,-79.008173,9,0.16,128.5,7.82,559203,7.82,7.81795,-3.99542,4.39083,-0.05406,0.03238,-0.0846,86.4221,19.77492,-31.78895
36.078865,-79.008173,9,0.16,128.9,7.75,559403,7.75,7.75035,-4.09053,4.30469,-0.07254,0.05147,-0.03176,86.1444,20.41801,-31.87664
36.078863,-79.008176,9,0.28,128.9,7.85,560203,7.85,7.85025,-4.0355,4.34955,-0.07071,0.05345,-0.04246,85.55978,21.39725,-31.52587
36.078863,-79.008176,9,0.28,128.8,7.79,560403,7.79,7.79283,-4.03729,4.37229,-0.11179,0.00397,-0.0055,85.73517,21.93803,-30.41508
36.078862,-79.008178,9,0.35,128.8,7.81,561203,7.81,7.80658,-3.98584,4.3017,-0.03604,0.04078,-0.13958,85.51593,23.04882,-30.7074
36.078862,-79.008178,9,0.35,129.1,7.83,561403,7.83,7.82752,-4.0684,4.3346,-0.11759,0.02428,0.02947,85.88132,23.38498,-30.07892
36.078859,-79.008178,9,0.51,129.1,7.86,562203,7.86,7.85743,-3.95474,4.31246,-0.04994,0.09239,-0.05116,84.75592,23.82344,-29.31891
36.078859,-79.008178,9,0.51,128.9,7.84,562403,7.84,7.83649,-4.08096,4.334,-0.10033,-0.05269,-0.08491,84.81438,24.78807,-28.99737
36.078856,-79.00818,9,0.43,128.9,7.84,563203,7.84,7.83769,-4.08874,4.4004,-0.07132,0.09957,0.00046,83.92283,26.00117,-29.3043
36.078856,-79.00818,9,0.43,129.2,7.82,563403,7.82,7.82274,-3.97508,4.31187,-0.09407,0.042,0.00244,84.47823,25.59193,-28.19351
36.078853,-79.008185,9,1.33,129.2,7.81,564203,7.81,7.80539,-3.97209,4.3675,-0.09881,-0.04948,-0.08277,84.37592,26.83426,-28.82198
36.078853,-79.008185,9,1.33,129.5,7.7,564403,7.7,7.7007,-4.06241,4.38126,-0.04215,0.13699,-0.02337,83.79129,28.13505,-28.96814
36.078849,-79.008188,9,0.51,129.5,7.84,565203,7.84,7.84427,-3.98465,4.36571,-0.07911,0.00993,-0.0733,83.64513,29.12891,-29.59661
36.078849,-79.008188,9,0.51,129.7,7.79,565403,7.79,7.79462,-4.09711,4.39681,-0.09041,0.02382,-0.03283,83.00205,29.28968,-28.26659
36.078846,-79.008187,9,0.48,129.7,7.79,566203,7.79,7.79223,-3.96491,4.35913,-0.06322,0.10843,-0.01481,82.72435,29.85969,-27.38965
36.078846,-79.008187,9,0.48,130.6,7.85,566403,7.85,7.84966,-3.98405,4.3334,-0.05895,0.0252,-0.10232,82.00819,31.23356,-27.75504
36.078844,-79.00819,9,0.28,130.6,7.78,567203,7.78,7.78146,-4.08634,4.38485,-0.09362,0.00305,-0.04368,82.3005,32.65127,-28.93891
36.078844,-79.00819,9,0.28,131.1,7.79,567403,7.79,7.79402,-3.9679,4.36929,-0.07147,0.07865,-0.02062,81.73049,32.18357,-28.96814
36.078841,-79.00819,9,0.28,131.1,7.83,568203,7.83,7.83231,-3.99542,4.3346,-0.093,0.04475,-0.00779,81.61356,34.01052,-28.45659
36.078841,-79.00819,9,0.28,131.6,7.84,568403,7.84,7.84008,-4.01037,4.35853,-0.08338,-0.00321,-0.08002,81.33587,34.43438,-28.98275
36.07884,-79.008193,9,0.29,131.6,7.84,569203,7.84,7.84128,-4.10848,4.36571,-0.08598,0.06567,-0.02443,80.34201,35.74978,-28.7489
36.07884,-79.008193,9,0.29,132,7.82,569403,7.82,7.81615,-3.92662,4.28375,-0.11637,0.04352,0.0087,80.45893,35.82286,-28.41274
36.078837,-79.008194,9,0.49,132,7.77,570203,7.77,7.77129,-3.98525,4.32682,-0.08201,0.00962,-0.10125,79.8597,37.21134,-28.70506
36.078837,-79.008194,9,0.49,132.4,7.82,570403,7.82,7.82034,-4.04746,4.39382,-0.08506,0.08231,-0.01604,79.58199,38.19059,-28.73429
36.078835,-79.008197,9,0.56,132.4,7.86,571203,7.86,7.86341,-3.95534,4.37587,-0.07865,0.07178,-0.03115,78.95352,38.49752,-29.46507
36.078835,-79.008197,9,0.56,132.3,7.78,571403,7.78,7.77727,-4.00559,4.35254,-0.07254,0.02505,-0.10186,78.77814,38.87752,-29.56738
36.078833,-79.008198,9,0.44,132.3,7.78,572203,7.78,7.77847,-4.0343,4.35913,-0.11057,0.03574,-0.01191,77.49197,40.76294,-31.21894
36.078833,-79.008198,9,0.44,132.5,7.86,572403,7.86,7.86042,-3.9679,4.32862,-0.07712,0.09575,-0.03054,77.63812,40.57293,-30.73663
36.078832,-79.008201,9,0.48,132.5,7.76,573203,7.76,7.75933,-4.04387,4.37767,-0.10476,0.00397,-0.04795,76.01579,41.74218,-32.03741
36.078832,-79.008201,9,0.48,132.6,7.83,573403,7.83,7.82991,-4.01217,4.36451,-0.07819,0.09988,-0.00794,76.33733,41.65449,-31.7451
36.07883,-79.008205,9,0.51,132.6,7.81,574203,7.81,7.80838,-3.97687,4.2993,-0.0617,0.03482,-0.09102,75.44578,42.83835,-32.66589
36.07883,-79.008205,9,0.51,132.7,7.78,574403,7.78,7.77966,-4.03849,4.40638,-0.0846,0.062,-0.02398,75.03654,43.99298,-32.65127
36.078827,-79.008207,9,0.63,132.7,7.86,575203,7.86,7.86401,-3.97567,4.28854,-0.09545,0.0058,-0.05574,74.94884,44.05145,-33.57205
36.078827,-79.008207,9,0.63,133.3,7.75,575403,7.75,7.75215,-4.02413,4.37288,-0.07804,0.03558,-0.07254,74.6273,45.14762,-33.45513
36.078825,-79.008213,9,0.55,133.3,7.85,576203,7.85,7.85145,-4.002,4.34776,-0.0843,0.10385,0.00061,73.60421,45.36685,-33.86437
36.078825,-79.008213,9,0.55,133.3,7.81,576403,7.81,7.81017,-3.9996,4.31546,-0.1011,-0.01451,-0.08628,73.19498,45.8784,-34.94592
36.078823,-79.008217,9,0.75,133.3,7.81,577203,7.81,7.80599,-4.00858,4.37528,-0.09407,0.06384,-0.00886,72.36188,47.03303,-36.4221
36.078823,-79.008217,9,0.75,133.6,7.84,577403,7.84,7.84487,-3.94098,4.33819,-0.0759,0.06949,-0.04261,72.12804,46.69687,-36.4221
36.078821,-79.008224,9,0.81,133.6,7.82,578203,7.82,7.82154,-4.02592,4.29811,-0.08873,0.02367,-0.0533,71.29494,47.26688,-37.0798
36.078821,-79.008224,9,0.81,133.9,7.82,578403,7.82,7.82274,-4.0349,4.38305,-0.09087,0.03467,-0.0336,70.82725,47.85151,-37.28442
36.078819,-79.00823,9,0.52,133.9,7.85,579203,7.85,7.85145,-4.0014,4.32443,-0.05238,0.09331,-0.04016,70.19878,48.46536,-38.58521
36.078819,-79.00823,9,0.52,134.4,7.79,579403,7.79,7.78983,-3.98644,4.34955,-0.08201,0.02016,-0.05009,70.1403,48.45074,-39.91523
36.078816,-79.008234,9,0.74,134.4,7.81,580203,7.81,7.80718,-4.02712,4.34537,-0.10003,-0.00962,-0.02413,69.86262,48.43613,-40.6314
36.078816,-79.008234,9,0.74,135.3,7.8,580403,7.8,7.8006,-3.96132,4.38485,-0.06017,0.07804,-0.02214,69.49722,48.90383,-40.42678
36.078815,-79.008239,9,0.61,135.3,7.83,581203,7.83,7.8341,-3.98824,4.31306,-0.05544,0.05147,-0.05437,68.88336,48.75767,-42.15142
36.078815,-79.008239,9,0.61,135.7,7.81,581403,7.81,7.80718,-4.00798,4.35554,-0.0785,0.01466,-0.02993,69.14645,48.46536,-41.52295
36.078814,-79.008244,9,0.83,135.7,7.8,582203,7.8,7.8024,-3.99183,4.35314,-0.06338,0.0588,-0.00305,68.26951,48.97691,-42.53143
36.078814,-79.008244,9,0.83,136.3,7.84,582403,7.84,7.83949,-4.01217,4.34596,-0.04246,0.031,-0.06781,68.19643,48.53844,-41.71295
36.07881,-79.008249,9,0.84,136.3,7.75,583203,7.75,7.75095,-3.99721,4.42911,-0.04475,0.04123,-0.03879,67.80182,49.3423,-43.75914
36.07881,-79.008249,9,0.84,136.6,7.84,583403,7.84,7.84068,-4.01815,4.27777,-0.03772,0.0982,-0.0029,67.9772,49.59076,-43.2622
36.078808,-79.008253,9,0.67,136.6,7.83,584203,7.83,7.82692,-4.01157,4.39382,-0.06689,-0.02489,-0.06414,66.8518,49.50307,-45.4107
36.078808,-79.008253,9,0.67,137.1,7.81,584403,7.81,7.81257,-4.03669,4.40937,-0.05315,0.06384,-0.01008,67.42181,49.66384,-44.97223
36.078808,-79.008261,9,0.94,137.1,7.84,585203,7.84,7.83649,-3.97388,4.3352,-0.05055,0.0449,-0.01649,67.30488,48.85999,-45.51301
36.078808,-79.008261,9,0.94,137.3,7.79,585403,7.79,7.79402,-4.01336,4.3669,-0.0591,-0.01741,-0.05727,67.2318,49.23999,-45.71763
36.07881,-79.008269,9,1.05,137.3,7.81,586203,7.81,7.80898,-4.0325,4.40997,-0.03787,0.05727,-0.00764,66.67641,49.07922,-46.65303
36.07881,-79.008269,9,1.05,137.6,7.83,586403,7.83,7.82692,-3.97448,4.33579,-0.03894,0.04734,-0.01894,66.72026,49.79538,-46.43379
36.07881,-79.008276,9,0.71,137.6,7.83,587203,7.83,7.82752,-4.02533,4.37468,-0.0307,0.0055,-0.06124,65.84332,49.44461,-47.42765
36.07881,-79.008276,9,0.71,137.6,7.79,587403,7.79,7.78624,-3.98644,4.33938,-0.04765,0.03665,0.0139,66.09179,49.26922,-48.34843
36.078809,-79.008281,9,0.71,137.6,7.79,588203,7.79,7.79163,-3.93918,4.35494,-0.01084,0.04673,-0.0307,66.23795,49.66384,-47.14996
36.078809,-79.008281,9,0.71,137.8,7.87,588403,7.87,7.867,-4.00738,4.35015,-0.03115,-0.01176,-0.04368,66.39871,49.78077,-47.41304
36.078805,-79.008287,9,0.76,137.8,7.8,589203,7.8,7.80419,-4.02891,4.39801,-0.0391,0.03986,0.03253,66.1064,49.82461,-48.24613
36.078805,-79.008287,9,0.76,138.2,7.84,589403,7.84,7.84427,-3.9344,4.35494,-0.02367,0.02902,-0.00596,66.44256,49.16691,-47.79304
36.078801,-79.008291,9,0.72,138.2,7.82,590203,7.82,7.82274,-4.03191,4.35554,-0.01527,-0.01161,-0.04062,65.6387,48.90383,-47.58842
36.078801,-79.008291,9,0.72,138.5,7.78,590403,7.78,7.78325,-4.00319,4.34596,-0.01817,0.03451,0.02642,65.85793,49.21076,-47.13534
36.078797,-79.008294,9,0.68,138.5,7.85,591203,7.85,7.84607,-3.94397,4.3017,-0.03543,0.00153,0.0197,65.77025,48.93306,-46.8138
36.078797,-79.008294,9,0.68,138.6,7.8,591403,7.8,7.79582,-3.99542,4.37109,0.00855,-0.0084,-0.06979,65.59486,49.69307,-48.42151
36.078797,-79.0083,9,0.85,138.6,7.79,592203,7.79,7.79223,-4.01934,4.37707,-0.00336,0.03818,0.02123,65.47793,49.22537,-47.54458
36.078797,-79.0083,9,0.85,138.3,7.83,592403,7.83,7.82632,-3.94995,4.32742,-0.00458,0.01237,-0.00657,65.96024,49.19614,-47.51535
36.078795,-79.008305,9,0.74,138.3,7.79,593203,7.79,7.79103,-3.99242,4.36212,0.00535,0.0255,-0.01191,66.31102,49.09383,-47.35458
36.078795,-79.008305,9,0.74,138.4,7.8,593403,7.8,7.8018,-4.00738,4.37408,-0.01038,-0.00092,-0.00428,65.96024,49.56153,-47.90997
36.078789,-79.008308,9,0.93,138.4,7.8,594203,7.8,7.80359,-4.00499,4.36092,-0.00397,0.00535,0.00229,65.85793,49.60538,-47.42765
36.078789,-79.008308,9,0.93,138.8,7.81,594403,7.81,7.81376,-3.96072,4.38903,-0.00092,0.00748,0.0058,66.15025,49.35691,-47.35458
36.078787,-79.008312,9,0.91,138.8,7.81,595203,7.81,7.81316,-3.97747,4.36929,0.00687,0.02489,-0.00168,65.8287,49.75153,-47.29611
36.078787,-79.008312,9,0.91,138.7,7.66,595403,7.66,7.66062,-3.99302,4.35913,0.00611,-0.00336,-0.01756,66.16486,49.83923,-47.33996
36.078785,-79.008317,9,0.82,138.7,7.78,596203,7.78,7.78146,-4.01695,4.37229,-0.00336,0.0226,0.03497,66.26717,49.02076,-46.78456
36.078785,-79.008317,9,0.82,139.1,7.86,596403,7.86,7.86461,-3.98225,4.32981,0.00473,0.00458,-0.00458,66.82256,49.10845,-47.45689
36.078783,-79.00832,9,1.1,139.1,7.8,597203,7.8,7.8006,-4.00499,4.40638,0.0142,-0.0084,-0.02505,66.5741,49.02076,-46.65303
36.078783,-79.00832,9,1.1,139.1,7.79,597403,7.79,7.78684,-3.98465,4.34716,-0.0055,0.02489,0.04276,66.51564,49.23999,-46.28764
36.078781,-79.008326,9,0.84,139.1,7.83,598203,7.83,7.8347,-3.97687,4.35015,0,-0.00214,0.00092,66.98334,49.35691,-45.04531
36.078781,-79.008326,9,0.84,139.1,7.8,598403,7.8,7.8024,-3.99183,4.34836,0.00993,0.00535,-0.01008,66.51564,49.28384,-45.65916
36.078779,-79.008329,9,0.82,139.1,7.83,599203,7.83,7.82692,-4.0002,4.35613,0.01497,0.02367,0.0055,67.11488,49.44461,-44.95761
36.078779,-79.008329,9,0.82,139,7.8,599403,7.8,7.79761,-3.98824,4.31725,-0.0055,0.0026,0.01985,67.45103,49.00614,-44.59222
36.078778,-79.008334,9,0.75,139,7.81,600203,7.81,7.81017,-3.97687,4.35554,0.00809,-0.02123,-0.01451,67.02719,49.19614,-45.20608
36.078778,-79.008334,9,0.75,139.1,7.79,600403,7.79,7.79223,-4.01635,4.33759,0.01741,0.01726,0.00305,67.40719,49.63461,-44.22683
36.078778,-79.008342,9,1.02,139.1,7.83,601203,7.83,7.82632,-3.999,4.3675,0.00305,0.02978,0.03451,68.28413,48.99152,-44.38761
36.078778,-79.008342,8,1.02,139.5,7.78,601403,7.78,7.78266,-3.97747,4.32562,0.00825,-0.01695,-0.01023,68.18182,49.47384,-44.32914
36.078779,-79.008349,8,1.12,139.5,7.76,602203,7.76,7.75753,-3.98166,4.3346,0.00183,-0.01237,-0.00397,68.03566,49.19614,-44.16837
36.078779,-79.008349,9,1.12,139.8,7.86,602403,7.86,7.85683,-3.9996,4.36571,0.00076,0.01573,0.02734,68.18182,49.12306,-43.10143
36.078773,-79.008351,9,1.43,139.8,7.85,603203,7.85,7.84726,-3.82971,4.37528,0.031,0.01817,-0.05834,68.4449,48.78691,-42.9845
36.078773,-79.008351,9,1.43,140.2,7.77,603403,7.77,7.7689,-4.02533,4.35972,-0.00535,0.00199,0.01588,68.18182,48.69921,-42.39988
36.07877,-79.008355,9,0.94,140.2,7.82,604203,7.82,7.82154,-3.99063,4.32802,-0.01802,0.01206,0.03436,69.00029,49.0646,-42.38527
36.07877,-79.008355,9,0.94,140.4,7.85,604403,7.85,7.85085,-3.9673,4.36271,0.0255,0.02169,-0.0449,68.69337,49.09383,-42.70681
36.078763,-79.008357,9,1.15,140.4,7.8,605203,7.8,7.803,-4.02353,4.44586,-0.0113,0.00565,0.00794,68.95644,49.02076,-41.84449
36.078763,-79.008357,9,1.15,141,7.82,605403,7.82,7.82034,-3.93739,4.35015,-0.01084,0.00428,0.00916,69.42415,48.72844,-42.15142
36.07876,-79.008361,9,1.12,141,7.77,606203,7.77,7.77249,-3.91406,4.35015,0.00489,0.02825,0.01344,69.36568,48.61152,-42.45835
36.07876,-79.008361,9,1.12,141.3,7.82,606403,7.82,7.81675,-4.03669,4.36511,0.01023,-0.00794,-0.04734,69.14645,49.22537,-41.34756
36.078757,-79.008364,9,0.76,141.3,7.8,607203,7.8,7.79522,-3.99242,4.4016,-0.01665,0.05009,0.0339,68.92722,49.09383,-41.52295
36.078757,-79.008364,9,0.76,141.1,7.85,607403,7.85,7.85085,-3.97448,4.33101,-0.00092,0.00473,-0.0394,69.11722,48.68459,-40.89447
36.078752,-79.008364,9,0.84,141.1,7.75,608203,7.75,7.74916,-3.98824,4.38245,0.00015,0.00733,-0.0223,68.73721,48.14382,-41.11371
36.078752,-79.008364,9,0.84,140.8,7.81,608403,7.81,7.80599,-3.99422,4.38545,-0.01695,0.03375,0.01894,68.95644,48.94768,-40.6314
36.078749,-79.008367,9,0.6,140.8,7.83,609203,7.83,7.82932,-3.98166,4.36511,-0.00733,0.03039,-0.03711,69.32184,48.39228,-41.27448
36.078749,-79.008367,9,0.6,140.6,7.81,609403,7.81,7.81436,-4.0014,4.38245,-0.04811,-0.01741,-0.01023,69.17568,48.74306,-42.1368
36.07875,-79.008375,9,0.64,140.6,7.8,610203,7.8,7.79641,-4.01755,4.43869,-0.04505,0.04505,-0.00015,68.67875,48.88921,-43.08682
36.07875,-79.008375,9,0.64,140.5,7.83,610403,7.83,7.82573,-3.96371,4.34417,-0.03772,0.0423,-0.02123,69.02953,49.03537,-43.0722
36.078748,-79.00838,9,0.71,140.5,7.77,611203,7.77,7.77249,-3.97807,4.37528,-0.06872,0.01985,-0.04383,67.99181,49.2546,-43.17451
36.078748,-79.00838,9,0.71,141.3,7.84,611403,7.84,7.83649,-3.99721,4.37887,-0.06506,0.06139,-0.0226,68.05028,48.94768,-43.87606
36.078745,-79.008383,9,0.69,141.3,7.86,612203,7.86,7.85564,-4.0008,4.32562,-0.0814,0.03696,-0.04032,67.8895,49.03537,-44.24145
36.078745,-79.008383,9,0.69,141.2,7.76,612403,7.76,7.75514,-3.98345,4.37528,-0.09362,0.00672,-0.0562,66.93949,49.23999,-45.20608
36.078744,-79.008387,9,0.72,141.2,7.84,613203,7.84,7.83709,-3.98584,4.37767,-0.0956,0.0733,-0.01802,66.69102,49.13768,-45.99532
36.078744,-79.008387,9,0.72,141.2,7.81,613403,7.81,7.81436,-4.00319,4.37528,-0.09331,0.04719,-0.06506,66.93949,49.07922,-46.31686
36.078741,-79.00839,9,0.55,141.2,7.79,614203,7.79,7.79342,-4.01097,4.39621,-0.09285,0.05223,-0.10797,65.55101,48.49459,-48.20228
36.078741,-79.00839,9,0.55,141.4,7.94,614403,7.94,7.93639,-4.0002,4.31007,-0.1266,0.0843,-0.00412,65.2587,48.84537,-48.17305
36.078744,-79.008395,9,0.84,141.4,7.84,615203,7.84,7.83889,-3.97567,4.33819,-0.12401,0.05574,-0.0588,65.08331,48.71383,-49.95615
36.078744,-79.008395,9,0.84,140.8,7.78,615403,7.78,7.78445,-4.01755,4.33879,-0.10934,0.0504,-0.09468,64.10406,48.28997,-51.05233
36.078742,-79.008397,9,0.59,140.8,7.79,616203,7.79,7.78565,-3.99422,4.40638,-0.12278,0.11713,-0.0336,63.53406,47.10611,-53.01081
36.078742,-79.008397,9,0.59,140.7,7.85,616403,7.85,7.85265,-3.96192,4.33998,-0.14065,0.05177,-0.06979,64.36714,46.78456,-52.86466
36.078741,-79.008399,9,0.76,140.7,7.77,617203,7.77,7.76531,-4.01157,4.37767,-0.14004,0.05177,-0.08919,63.70944,46.22917,-55.8024
36.078741,-79.008399,9,0.76,140.4,7.82,617403,7.82,7.81675,-3.96491,4.36451,-0.1182,0.13042,-0.05574,63.82636,46.33148,-55.93394
36.078743,-79.008404,9,1.01,140.4,7.9,618203,7.9,7.89811,-3.98046,4.35254,-0.11942,0.0588,-0.06689,63.68021,44.50453,-57.9655
36.078743,-79.008404,9,1.01,139.9,7.73,618403,7.73,7.733,-3.95952,4.36929,-0.11393,0.03787,-0.07865,62.87635,44.10991,-57.77551
36.078745,-79.008409,9,1.05,139.9,7.82,619203,7.82,7.81735,-4.00559,4.38305,-0.10904,0.06399,-0.00672,62.8325,42.76527,-60.47939
36.078745,-79.008409,9,1.05,139.8,7.83,619403,7.83,7.8329,-3.96371,4.35314,-0.09102,0.04795,-0.06154,62.75943,42.18065,-59.95323
36.078745,-79.008411,9,1.0,139.8,7.81,620203,7.81,7.81017,-3.9673,4.34776,-0.09255,0.0504,-0.04383,62.74482,41.50833,-60.93248
36.078745,-79.008411,9,1.0,139.2,7.8,620403,7.8,7.80419,-3.96551,4.32263,-0.07407,0.05284,-0.06949,63.30021,41.05525,-61.15171
36.07875,-79.008415,9,0.7,139.2,7.81,621203,7.81,7.81197,-4.0014,4.334,-0.09988,0.04673,0.00458,62.80328,40.52908,-62.30634
36.07875,-79.008415,9,0.7,138.5,7.76,621403,7.76,7.76351,-3.935,4.36152,-0.06597,0.04658,-0.06552,63.03712,39.6083,-61.60479
36.078756,-79.008422,9,0.58,138.5,7.8,622203,7.8,7.79522,-4.00379,4.38186,-0.07117,0.062,-0.04688,63.03712,38.19059,-63.12482
36.078756,-79.008422,9,0.58,138,7.82,622403,7.82,7.82154,-4.01336,4.32622,-0.08812,0.05223,-0.02718,62.51096,38.59982,-62.93481
36.078761,-79.008427,9,0.76,138,7.83,623203,7.83,7.82812,-3.97209,4.40878,-0.09087,0.04154,-0.03619,63.28559,37.29903,-63.28559
36.078761,-79.008427,9,0.76,137.7,7.78,623403,7.78,7.78266,-3.99063,4.36331,-0.07071,0.0504,-0.07559,63.53406,36.96288,-63.09559
36.078763,-79.00843,9,0.7,137.7,7.8,624203,7.8,7.79582,-4.04566,4.43151,-0.09056,0.06704,-0.02321,63.60713,35.7644,-64.19176
36.078763,-79.00843,9,0.7,137.4,7.83,624403,7.83,7.83231,-3.95055,4.35254,-0.09789,0.05284,-0.02688,64.27945,35.22362,-64.42561
36.078765,-79.008431,9,0.61,137.4,7.8,625203,7.8,7.80419,-4.01755,4.35434,-0.09178,0.05024,-0.07193,64.7033,33.76206,-65.36101
36.078765,-79.008431,9,0.61,137.2,7.83,625403,7.83,7.8341,-4.02891,4.34118,-0.11072,0.06292,-0.01848,65.03946,33.29436,-65.18562
36.078764,-79.008433,9,0.96,137.2,7.84,626203,7.84,7.84427,-3.96909,4.34417,-0.09697,0.02917,-0.08583,65.11254,30.64893,-65.62408
36.078764,-79.008433,9,0.96,136.8,7.77,626403,7.77,7.77189,-4.01755,4.37647,-0.10492,0.07208,-0.03543,64.83485,30.40047,-65.55101
36.078768,-79.008435,9,0.71,136.8,7.83,627203,7.83,7.82991,-3.99422,4.35254,-0.11454,0.04291,-0.02596,66.12102,28.90967,-66.26717
36.078768,-79.008435,9,0.71,137.1,7.93,627403,7.93,7.92623,-3.97388,4.35434,-0.08598,0.04154,-0.08476,65.55101,28.70506,-66.79333
36.078769,-79.008436,9,0.68,137.1,7.81,628203,7.81,7.81137,-4.00977,4.36451,-0.09499,0.03406,-0.02764,66.60333,26.51271,-66.22333
36.078769,-79.008436,9,0.68,136.9,7.8,628403,7.8,7.80419,-3.98884,4.3663,-0.07071,0.06261,-0.04658,66.3841,26.2204,-66.6618
36.07877,-79.008439,9,0.64,136.9,7.85,629203,7.85,7.84966,-3.99482,4.39502,-0.06414,0.05452,-0.04444,67.46565,25.47501,-65.98948
36.07877,-79.008439,9,0.64,137,7.8,629403,7.8,7.79881,-4.01575,4.37468,-0.07926,0.02489,-0.02886,67.10027,25.28501,-66.60333
36.078772,-79.008442,9,0.72,137.1,7.84,630403,7.84,7.84307,-4.01516,4.34537,-0.05895,-0.00657,-0.06032,68.0649,24.34961,-65.37562
36.078772,-79.008444,9,0.91,137.1,7.81,631203,7.81,7.81017,-4.02891,4.40878,-0.05009,0.04902,-0.00183,68.54721,23.19497,-66.01871
36.078772,-79.008444,9,0.91,136.6,7.82,631403,7.82,7.81915,-3.96072,4.33579,-0.04383,0.05788,-0.0026,69.38029,22.82958,-66.34025
36.078774,-79.008445,9,1.02,136.6,7.82,632203,7.82,7.81855,-3.99542,4.3681,-0.03879,-0.00443,-0.03879,68.92722,22.47881,-66.19409
36.078774,-79.008445,9,1.02,136.4,7.8,632403,7.8,7.8024,-3.98525,4.35195,-0.02779,0.05406,-0.00183,68.97106,23.00497,-66.74949
36.078777,-79.008445,9,0.92,136.4,7.82,633203,7.82,7.82393,-3.9685,4.34776,-0.01558,0.03558,-0.01191,69.45338,22.40573,-66.83718
36.078777,-79.008445,9,0.92,137,7.78,633403,7.78,7.77787,-4.01157,4.42792,-0.01252,0.0058,-0.03772,68.82491,22.80035,-66.96872
36.078781,-79.008445,9,0.68,137,7.78,634203,7.78,7.78206,-4.03849,4.36391,-0.00809,0.03482,0.00107,69.39491,22.63958,-66.45718
36.078781,-79.008445,9,0.68,136.8,7.84,634403,7.84,7.84367,-3.97149,4.37288,-0.0223,0.01344,0.00351,69.20491,22.52265,-66.34025
36.07878,-79.008449,9,1.0,136.8,7.82,635203,7.82,7.81855,-3.98644,4.36391,-0.00153,-0.02169,-0.04368,68.88336,22.42035,-66.22333
36.07878,-79.008449,9,1.0,136.8,7.79,635403,7.79,7.79402,-4.0337,4.38844,0.00183,0.05559,0.02031,68.43028,23.0342,-65.9164
36.078781,-79.00845,9,1.07,136.8,7.79,636203,7.79,7.78924,-3.99242,4.30648,-0.01939,0.011,0.04979,69.05875,23.10728,-66.1064
36.078781,-79.00845,9,1.07,137.2,7.82,636403,7.82,7.82034,-3.98644,4.38006,0.01298,0.00351,-0.03558,69.07337,22.72727,-66.12102
36.07878,-79.008455,9,1.1,137.2,7.8,637203,7.8,7.8006,-3.99781,4.39083,0.01573,0.00168,-0.02703,68.51797,23.41421,-65.22946
36.07878,-79.008455,9,1.1,137.2,7.79,637403,7.79,7.78924,-4.002,4.36152,-0.00061,0.00351,0.00535,68.56182,23.85267,-65.97486
36.078779,-79.008458,9,0.89,137.2,7.86,638203,7.86,7.85743,-4.01037,4.37049,-0.00794,-0.00199,0.04612,68.31336,24.29114,-66.35487
36.078779,-79.008458,9,0.89,137.1,7.82,638403,7.82,7.82274,-3.99242,4.38844,0.02138,-0.04551,-0.03971,68.59105,24.32037,-66.3841
36.078777,-79.008459,9,1.12,137.1,7.75,639203,7.75,7.74916,-4.02353,4.38186,0.062,0.05681,0.01481,68.05028,25.60655,-66.23795
36.078777,-79.008459,9,1.12,137.4,7.89,639403,7.89,7.89332,-4.00259,4.33819,-0.00229,-0.03314,0.07208,68.12336,25.19731,-66.15025
36.078775,-79.008462,9,1.35,137.4,7.79,640203,7.79,7.79103,-3.99601,4.36391,0.11576,0.06109,-0.03146,67.59719,26.38117,-67.46565
36.078775,-79.008462,8,1.35,137.3,7.78,640403,7.78,7.78146,-4.02533,4.28375,0.02825,-0.06704,0.042,67.37796,27.14119,-66.73487
36.078771,-79.008464,8,1.43,137.3,8.04,641203,8.04,8.03809,-4.06122,4.37528,-0.10476,-0.33201,0.04078,66.76411,29.05583,-65.87255
36.078771,-79.008464,8,1.43,137.1,7.65,641403,7.65,7.65404,-3.88714,4.67258,-0.00443,-0.18876,-0.03986,63.92868,28.0912,-67.80182
36.078766,-79.008464,8,1.55,137.1,6.03,642203,6.03,6.02932,-2.5663,5.07757,-0.08476,0.7028,0.51053,62.35019,21.55802,-70.37416
36.078766,-79.008464,8,1.55,137.1,9.27,642403,9.27,9.268,-4.85803,2.47238,0.71563,0.91065,-1.69103,72.2888,31.92049,-58.7109
36.078761,-79.008464,8,1.19,137.1,8.66,643203,8.66,8.66142,-2.97189,3.4666,0.35109,0.75366,-1.5125,73.12189,18.69337,-62.16019
36.078761,-79.008464,8,1.19,137.1,7.23,643403,7.23,7.22513,-5.42333,4.07916,-0.65485,-0.65912,-0.65134,67.43642,26.87811,-65.62408
36.078761,-79.008467,8,0.92,137.1,7.32,644203,7.32,7.31665,-4.76052,4.55952,-0.48243,0.25626,-0.44944,73.10728,17.9772,-62.96405
36.078761,-79.008467,9,0.92,136.8,7.99,644403,7.99,7.99083,-3.84886,4.3011,-0.81948,0.59407,0.56093,76.41041,10.90324,-59.69015
36.078758,-79.008468,9,1.12,136.8,7.9,645203,7.9,7.90289,-3.71067,4.3011,-0.4748,-0.03696,-0.70906,82.1105,8.5209,-50.11693
36.078758,-79.008468,9,1.12,136.4,7.52,645403,7.52,7.51825,-4.42493,4.44407,-0.42531,0.50564,-0.35155,82.7682,12.02865,-48.49459
36.078753,-79.008469,9,1.42,136.4,7.78,646203,7.78,7.78206,-4.05583,4.45005,-0.41539,0.52901,-0.26114,86.45132,13.28559,-38.55598
36.078753,-79.008469,9,1.42,136.2,7.82,646403,7.82,7.81795,-4.03609,4.21855,-0.55039,0.05635,-0.49526,86.40749,15.05408,-36.3344
36.078747,-79.00847,9,1.3,136.2,7.6,647203,7.6,7.59841,-4.06062,4.44886,-0.56383,0.33384,-0.2303,84.62438,24.2473,-30.95586
36.078747,-79.00847,9,1.3,136.1,8.08,647403,8.08,8.08116,-3.93978,4.30469,-0.57864,0.34499,-0.19303,83.95206,26.19117,-28.80737
36.078739,-79.008465,9,1.09,136.1,7.69,648203,7.69,7.69352,-4.10728,4.29033,-0.47922,0.0901,-0.56322,78.82198,37.75212,-31.21894
36.078739,-79.008465,9,1.09,136.4,7.78,648403,7.78,7.78266,-4.10788,4.65823,-0.60552,0.35934,-0.00244,77.5358,39.73984,-33.04589
36.078734,-79.008466,9,0.49,136.4,7.98,649203,7.98,7.97947,-4.05284,4.4668,-0.47082,0.2022,-0.41783,72.77112,45.95148,-36.83134
36.078734,-79.008466,9,0.49,136.1,7.69,649403,7.69,7.69233,-4.00977,4.50568,-0.54734,0.24404,-0.19563,70.59339,47.39842,-39.28676
36.078728,-79.008471,9,1.35,136.1,8.02,650203,8.02,8.02134,-4.09292,4.54756,-0.48381,0.27794,-0.21564,66.07717,49.00614,-47.61766
36.078728,-79.008471,9,1.35,135.7,7.57,650403,7.57,7.5679,-3.86022,4.20897,-0.51084,0.15379,-0.23427,65.9164,47.89535,-50.71617
36.078723,-79.008472,9,0.83,135.7,7.77,651203,7.77,7.7689,-4.0325,4.38006,-0.52748,0.16707,-0.03467,63.73867,43.99298,-58.15551
36.078723,-79.008472,9,0.83,135.3,7.89,651403,7.89,7.89033,-3.84766,4.37647,-0.33216,0.36148,-0.24099,65.02485,42.67758,-58.74013
36.078719,-79.008476,9,1.13,135.3,8.26,652203,8.26,8.25763,-3.7352,4.50449,-0.45571,-0.21075,-0.45494,64.68869,36.77287,-64.61561
36.078719,-79.008476,9,1.13,135.3,7.26,652403,7.26,7.25803,-3.7992,4.46441,-0.18219,0.68829,-0.14813,62.61327,36.34902,-65.59486
36.078712,-79.008477,9,1.55,135.3,8.01,653203,8.01,8.01356,-4.07677,3.97388,-0.57406,-0.19563,-0.26848,68.19643,28.70506,-65.71178
36.078712,-79.008477,9,1.55,135.3,7.44,653403,7.44,7.43629,-3.77946,4.63669,-0.4751,0.20556,-0.12538,66.17948,24.80269,-67.78719
36.078711,-79.00848,9,1.36,135.3,7.56,654203,7.56,7.55713,-3.91645,4.32323,-0.46624,0.30024,-0.31093,72.39111,17.10026,-65.46332
36.078711,-79.00848,9,1.36,135.1,8.01,654403,8.01,8.00818,-4.10788,4.32742,-0.53894,0.35888,-0.13302,75.00731,14.87869,-62.49635
36.078709,-79.008482,9,0.96,135.1,7.98,655203,7.98,7.97827,-4.14856,4.39562,-0.45693,0.23732,-0.50641,79.81584,10.09939,-55.42239
36.078709,-79.008482,9,0.96,135.2,7.75,655403,7.75,7.75275,-4.00858,4.42911,-0.70753,0.11866,-0.04948,80.67816,8.97398,-54.00468
36.078706,-79.008483,9,0.85,135.2,8.04,656203,8.04,8.04347,-4.37767,4.39203,-0.44975,0.42806,-0.32926,85.31131,11.95557,-43.40836
36.078706,-79.008483,9,0.85,135.5,7.56,656403,7.56,7.55773,-3.80758,4.28435,-0.69379,0.12065,-0.12324,85.66209,11.2394,-42.1368
36.078701,-79.008481,9,1.23,135.5,7.85,657203,7.85,7.85265,-4.00798,4.11685,-0.48121,0.11484,-0.36973,86.48056,18.13797,-33.99591
36.078701,-79.008481,9,1.23,135.5,7.69,657403,7.69,7.68934,-4.01815,4.54158,-0.48106,0.20647,-0.25397,86.05671,21.13417,-34.58053
36.078695,-79.00848,9,1.27,135.5,7.79,658203,7.79,7.78924,-3.90748,4.40638,-0.26481,0.6269,-0.22174,84.21514,28.17889,-29.23122
36.078695,-79.00848,9,1.27,135.7,7.85,658403,7.85,7.85384,-4.02772,3.93679,-0.42226,0.17455,-0.36163,82.46127,30.97047,-25.28501
36.078691,-79.008485,9,1.68,136.1,7.13,659403,7.13,7.12822,-3.29791,8.55913,-0.32193,2.63497,1.81228,78.41275,35.019,-44.54838
36.078686,-79.008484,9,0.68,136.1,8.64,660203,8.64,8.64288,-2.51246,3.24227,0.04887,1.75776,0.42761,79.61122,35.60363,-26.38117
36.078686,-79.008484,9,0.68,136.5,9,660403,9,8.99761,-4.36989,3.38226,-0.27657,-1.37338,-1.85077,74.08652,43.84683,-27.71119
36.078687,-79.008481,9,0.76,136.5,7.16,661203,7.16,7.15933,-4.68036,4.80419,-0.17807,-0.04123,-0.36209,68.00643,49.38614,-39.87138
36.078687,-79.008481,9,0.76,136.9,7.63,661403,7.63,7.62832,-4.00738,4.47219,-0.46976,0.30314,0.68493,70.76878,47.51535,-39.47676
36.078683,-79.008482,9,0.36,136.9,8.43,662203,8.43,8.43231,-3.6688,4.79223,-0.1011,0.45861,-0.3737,68.95644,48.33382,-44.40222
36.078683,-79.008482,9,0.36,137.8,7.46,662403,7.46,7.45604,-4.04985,4.02712,-0.3882,-0.02352,-0.37278,67.87489,49.00614,-43.78836
36.078676,-79.008488,9,1.94,137.8,9.17,663203,9.17,9.1675,-3.00897,6.4995,-0.65928,-1.04015,-1.2089,64.45483,43.0722,-58.25782
36.078676,-79.008488,9,1.94,138.1,5.23,663403,5.23,5.2349,-3.64247,6.37986,-0.44211,-0.12737,-1.24662,48.71383,44.76761,-65.18562
36.078668,-79.008492,9,1.93,138.1,7.04,664203,7.04,7.04387,-4.60379,4.60379,-1.01159,1.27472,-0.67348,59.31014,31.11663,-69.78954
36.078668,-79.008492,9,1.93,138.1,7.75,664403,7.75,7.74676,-3.94038,3.84168,-1.0319,2.01341,-0.16356,71.41187,22.93189,-64.71792
36.078664,-79.008494,9,1.08,138.1,8.1,665203,8.1,8.1003,-4.32204,3.46182,-1.98058,-0.29245,-0.85613,86.29056,12.9202,-39.49137
36.078664,-79.008494,9,1.08,138.4,7.03,665403,7.03,7.02652,-3.69691,4.89033,-1.52503,0.62094,-0.6747,84.77054,16.04794,-42.6045
36.078661,-79.008494,9,0.56,138.4,7.92,666203,7.92,7.92443,-5.50708,5.48136,-0.31582,1.27488,-1.91567,74.55422,45.27916,-33.73283
36.078661,-79.008494,9,0.56,138.7,7.26,666403,7.26,7.26222,-5.7326,4.42732,-1.63758,1.029,0.35751,70.78339,48.43613,-29.78661
36.078658,-79.008496,9,0.76,138.7,9.22,667203,9.22,9.22313,-3.41276,4.42194,-1.08062,0.26817,-0.92134,66.06256,46.00994,-53.96083
36.078658,-79.008496,9,0.76,139.2,6.87,667403,6.87,6.87159,-4.02413,4.1659,-0.96089,0.44929,-0.52718,62.65712,43.83221,-60.34785
36.078654,-79.008498,9,0.94,139.2,8.36,668203,8.36,8.36351,-4.22333,4.38245,-0.66752,0.35537,-0.33033,67.56796,28.96814,-65.62408
36.078654,-79.008498,9,0.94,138.8,7.69,668403,7.69,7.68993,-4.13779,4.36451,-0.66477,-0.01191,-0.51252,67.39258,26.45425,-67.67027
36.078654,-79.008499,9,0.84,138.8,8.16,669203,8.16,8.15773,-4.38245,4.34417,0.05131,1.07787,-0.07285,73.61882,18.78106,-62.01403
36.078654,-79.008499,9,0.84,140.5,8.48,669403,8.48,8.48435,-4.37288,3.65264,-0.70188,-0.49572,-0.04566,74.91961,17.74335,-62.13096
36.07865,-79.008501,9,1.23,140.5,8.36,670203,8.36,8.35574,-4.61456,4.69053,-0.38301,0.135,0.19777,76.29348,13.65098,-60.71324
36.07865,-79.008501,9,1.23,141.1,7.38,670403,7.38,7.37947,-3.44566,4.35793,-0.28756,0.06139,-0.09835,75.81116,10.49401,-60.87402
36.078646,-79.008509,9,2.0,141.1,8.59,671203,8.59,8.58963,-3.75374,3.51565,-0.30314,-0.6382,-0.40057,79.58199,8.44782,-55.46624
36.078646,-79.008509,9,2.0,140.5,6.78,671403,6.78,6.77887,-4.47039,4.68515,0.03558,0.18815,-0.30299,77.68196,13.5779,-59.93861
36.07864,-79.008519,9,1.14,140.5,8.3,672203,8.3,8.29891,-3.85603,3.65085,-0.06811,-0.26909,-0.27917,81.17509,10.78632,-52.63081
36.07864,-79.008519,9,1.14,139.5,7.44,672403,7.44,7.43749,-4.2018,4.40638,-0.20601,-0.15119,0.0927,79.97662,10.74247,-56.89857
36.078631,-79.008521,9,1.25,139.5,8.24,673203,8.24,8.23789,-4.42612,4.03609,0.22526,0.62675,0.26878,81.07278,10.53785,-53.56621
36.078631,-79.008521,9,1.25,139.7,8.18,673403,8.18,8.17986,-3.49053,3.76331,-0.21625,-0.10614,0.65699,80.54662,8.06782,-53.96083
36.078627,-79.008527,9,1.37,139.7,7.47,674203,7.47,7.47039,-3.50309,4.82393,0.0504,0.02596,-0.07162,75.81116,6.35779,-59.88015
36.078627,-79.008527,8,1.37,140,7.42,674403,7.42,7.41536,-4.75813,4.17727,0.26573,0.4105,-0.45845,78.3689,14.83484,-57.68781
36.078624,-79.008527,8,0.69,140,7.76,675203,7.76,7.76351,-4.15514,4.27358,-0.27886,-0.25107,0.00886,79.61122,9.47091,-54.60392
36.078624,-79.008527,9,0.69,139.7,7.78,675403,7.78,7.77727,-3.79143,4.66301,-0.03253,0.27122,-0.0394,78.88045,7.67319,-55.9924
36.078625,-79.008526,9,0.6,139.7,6.95,676203,6.95,6.95175,-4.36451,4.68993,-0.2022,0.21105,0.20617,80.97047,11.09325,-53.6539
36.078625,-79.008526,9,0.6,139.8,6.76,676403,6.76,6.75733,-2.04646,3.08913,1.42729,-0.49587,1.39522,80.95586,4.867,-51.56387
36.07863,-79.008519,9,1.19,139.8,7.46,677203,7.46,7.46262,-5.07578,3.71486,0.35048,-1.12246,1.37048,62.35019,44.12453,-60.18708
36.07863,-79.008519,9,1.19,140.2,7.4,677403,7.4,7.3998,-3.65384,4.63071,0.7448,-0.83414,1.00625,62.94943,40.90909,-62.13096
36.078631,-79.008519,9,0.43,140.2,8.28,678203,8.28,8.28156,-4.1324,3.8991,1.87536,-0.74358,0.72449,77.6235,40.52908,-29.69892
36.078631,-79.008519,9,0.43,140.6,7.57,678403,7.57,7.57448,-3.94038,4.33639,1.47325,-1.11804,0.84819,81.81818,32.91435,-29.05583
36.078624,-79.008522,9,1.01,140.6,7.51,679203,7.51,7.51286,-3.97867,4.36212,1.17683,-0.82589,0.73838,84.34668,10.75709,-44.943
36.078624,-79.008522,9,1.01,140.5,7.95,679403,7.95,7.94955,-4.08395,4.42672,1.40209,-0.33796,0.63179,82.25665,9.66092,-50.39462
36.078623,-79.00853,9,0.66,140.5,7.91,680203,7.91,7.91007,-4.05225,4.33819,1.09666,-0.61163,0.56719,68.7226,23.00497,-65.66793
36.078623,-79.00853,9,0.66,140.4,7.72,680403,7.72,7.72284,-3.8997,4.49671,1.0484,-0.6295,0.50656,65.78486,28.66121,-66.93949
36.078619,-79.008534,9,0.91,140.4,7.13,681203,7.13,7.133,-3.64068,6.6347,1.89674,-0.72449,1.01495,64.92254,48.8746,-49.98539
36.078619,-79.008534,9,0.91,140.2,7.58,681403,7.58,7.57986,-3.99601,4.33699,1.4789,-1.10429,0.80161,68.45952,48.74306,-43.29144
36.078617,-79.008539,9,0.38,140.2,7.78,682203,7.78,7.78325,-3.91227,4.38425,1.08016,-0.74434,0.70372,84.41976,28.03274,-29.09968
36.078617,-79.008539,9,0.38,139.4,7.55,682403,7.55,7.54756,-4.32622,4.47458,1.46256,-0.70738,0.82513,85.45747,22.94651,-31.56972
36.078614,-79.00854,9,0.4,139.4,7.84,683203,7.84,7.84427,-4.28495,4.08754,1.94133,-0.85659,1.2202,75.66501,16.67641,-60.3917
36.078614,-79.00854,9,0.4,139.3,8.06,683403,8.06,8.06381,-4.04267,4.05942,2.48072,-1.5406,1.32772,69.68723,25.38731,-64.44022
36.078613,-79.008548,9,0.6,139.3,7.96,684203,7.96,7.95793,-4.20598,4.51526,2.15208,-1.14354,1.05313,73.98421,45.76147,-34.66822
36.078613,-79.008548,9,0.6,139.5,7.5,684403,7.5,7.49851,-3.96491,4.22453,2.14857,-0.82375,1.07451,80.38585,36.99211,-30.50278
36.078609,-79.008549,9,0.69,139.5,7.74,685203,7.74,7.73719,-4.01097,4.25623,1.54167,-0.98365,0.8659,83.79129,9.61707,-49.41538
36.078609,-79.008549,9,0.69,139.1,7.83,685403,7.83,7.82513,-4.0355,4.44108,1.61818,-0.61087,0.83139,79.58199,10.08477,-56.28471
36.078612,-79.008553,9,0.51,139.1,7.78,686203,7.78,7.77966,-4.17667,4.32323,1.45569,-0.76083,0.66798,64.77638,35.25285,-65.31716
36.078612,-79.008553,9,0.51,139.5,7.89,686403,7.89,7.88615,-3.96909,4.43988,1.35933,-0.63545,0.92699,63.69483,41.23063,-61.95557
36.07861,-79.008559,9,0.98,139.5,7.77,687203,7.77,7.77189,-2.38265,6.30628,1.64918,0.25076,0.08323,71.25109,44.21222,-38.93598
36.07861,-79.008559,9,0.98,139,6.9,687403,6.9,6.89552,-3.62931,3.4355,1.00869,-1.3633,-0.09713,75.32885,44.79684,-35.42824
36.078606,-79.008564,9,0.91,139,7.28,688203,7.28,7.28016,-3.67657,4.54995,0.74205,-0.18341,0.91477,85.82285,24.67115,-33.68898
36.078606,-79.008564,9,0.91,139.1,8.02,688403,8.02,8.01536,-3.99721,3.868,1.73333,0.51847,-0.72006,85.48669,23.01958,-27.55042
36.078598,-79.008571,9,2.04,139.1,7.65,689203,7.65,7.64567,-5.02792,4.18565,0.38332,-0.41921,0.63484,86.21748,13.78252,-42.25373
36.078598,-79.008571,9,2.04,138.9,7.37,689403,7.37,7.37049,-3.19561,4.12582,0.53588,0.05696,0.47434,85.23824,7.38088,-44.67992
36.078592,-79.008567,9,1.15,138.9,6.75,690403,6.75,6.74716,-3.68136,4.67079,0.42257,-0.02841,-0.08002,79.14352,13.21251,-57.99474
36.078583,-79.008569,9,1.91,138.9,6.31,691203,6.31,6.31047,-2.97847,4.99442,0.53466,0.71777,0.21243,74.83192,8.22859,-62.4525
36.078583,-79.008569,9,1.91,138,8.84,691403,8.84,8.83849,-6.01436,2.33719,0.39492,0.02886,-0.1886,80.99971,18.38644,-54.61853
36.078579,-79.008569,9,1.28,138,8.32,692203,8.32,8.31506,-4.59362,3.36311,0.96776,1.1275,-0.55803,78.63198,18.31336,-58.28705
36.078579,-79.008569,9,1.28,137.4,8.65,692403,8.65,8.65304,-5.05484,3.34876,-0.57482,-1.26464,0.29444,76.79041,19.68723,-60.80093
36.078577,-79.008575,9,0.17,137.4,10.12,693203,10.12,10.11805,-4.47219,2.08235,-1.12353,0.29047,1.97691,80.97047,11.56095,-54.69161
36.078577,-79.008575,9,0.17,136.4,7.74,693403,7.74,7.73719,-2.44367,3.60239,-0.56154,-1.53846,-1.79701,78.71967,3.58082,-57.55627
36.078574,-79.008585,9,0.55,136.4,9.75,694203,9.75,9.74716,1.15932,-1.85025,1.26113,-2.4343,-0.89874,87.44519,5.08623,-32.66589
36.078574,-79.008585,9,0.55,135.8,10.42,694403,10.42,10.41895,-1.40519,3.28355,-0.69868,-4.39441,1.02931,72.88805,10.88863,-65.41946
36.078574,-79.008584,9,0.26,135.7,8.38,695403,8.38,8.38026,-3.61436,4.8006,0.42318,1.37246,0.88942,64.84946,34.90208,-64.07483
36.078574,-79.008589,9,0.64,135.7,8.45,696203,8.45,8.44786,-4.26999,3.1322,-0.38943,0.34774,0.85506,67.48026,38.27828,-61.66326
36.078574,-79.008589,9,0.64,135.4,7.29,696403,7.29,7.28794,-3.13699,4.54457,-0.41661,-0.70234,-0.41554,66.00409,31.89126,-66.06256
36.078573,-79.008595,9,1.5,135.4,8.17,697203,8.17,8.1685,-3.37687,3.82253,-0.11988,0.10446,-0.38485,69.24876,28.7489,-65.60947
36.078573,-79.008595,9,1.5,135.8,7.72,697403,7.72,7.72164,-4.42911,4.25803,-0.05986,-0.3204,-0.96043,64.13329,32.84127,-67.67027
36.078567,-79.008599,9,2.03,135.8,7.28,698203,7.28,7.28196,-4.19043,4.62892,-0.43799,0.56139,0.36102,65.69717,24.89038,-69.46799
36.078567,-79.008599,8,2.03,135.2,7.99,698403,7.99,7.99143,-3.65025,4.02832,-0.38087,0.24389,-0.18784,70.038,21.30956,-67.6995
36.078564,-79.008602,9,1.22,135.2,7.66,699403,7.66,7.66421,-4.54098,4.7001,-0.67837,-0.36484,-0.12019,74.02806,17.49488,-63.69483
36.078561,-79.008611,9,1.3,135.2,9.4,700203,9.4,9.402,-4.65643,3.59761,-0.63912,-0.27489,-0.29673,83.80591,12.36481,-51.28617
36.078561,-79.008611,9,1.3,135,7.18,700403,7.18,7.17907,-3.84048,4.5332,-0.72846,-0.32727,-0.17501,78.57352,7.54165,-58.66706
36.078556,-79.00861,9,1.36,135.2,8.23,701403,8.23,8.23011,-4.14437,2.98624,0.15653,1.35016,-0.31964,87.26981,8.62321,-39.00906
36.078553,-79.00862,9,1.91,135.2,7.53,702203,7.53,7.5344,-3.90808,4.26939,0.33307,1.58901,-0.58078,86.59748,13.69483,-39.6083
36.078553,-79.00862,9,1.91,135.3,8.16,702403,8.16,8.16431,-5.13918,3.23151,-0.66783,-0.31215,0.06704,87.45981,16.31102,-32.40281
36.078542,-79.008625,9,1.83,135.3,7.56,703203,7.56,7.56491,-5.0686,5.46401,-0.10644,-0.32193,-0.19441,86.56825,21.36802,-37.64981
36.078542,-79.008625,9,1.83,135.1,6.32,703403,6.32,6.31765,-3.85843,4.29093,-0.03207,0.91202,0.84941,86.26133,18.9126,-38.8629
36.078536,-79.008629,9,0.55,135.1,7.74,704203,7.74,7.74138,-4.67558,4.54397,0.02321,0.10522,0.60476,86.68518,18.62029,-37.22596
36.078536,-79.008629,8,0.55,135.1,7.6,704403,7.6,7.59602,-3.56889,4.15095,0.30024,0.46777,0.3007,87.79597,11.99942,-32.79743
36.07853,-79.008634,8,1.0,135.1,7.23,705403,7.23,7.23111,-3.43669,4.47996,0.06582,-0.0478,-0.10843,86.81672,12.07249,-39.34522
36.078523,-79.00864,8,1.1,135.1,7.75,706203,7.75,7.74736,-4.39741,4.39681,-0.28451,-0.00672,0.41188,87.15288,14.06022,-39.95908
36.078523,-79.00864,8,1.1,134.8,8.05,706403,8.05,8.05185,-3.32842,4.53739,-0.00687,0.2219,0.00641,87.05057,9.25168,-37.19672
36.078516,-79.00864,8,0.96,134.8,8,707203,8,8.00459,-4.47518,4.42134,-0.1376,0.08415,0.13118,87.37212,14.10406,-36.17363
36.078516,-79.00864,8,0.96,134.7,7.61,707403,7.61,7.61456,-3.72263,4.51645,-0.19807,-0.20021,-0.0368,87.48904,12.36481,-38.43905
36.07851,-79.008642,8,0.64,134.7,7.26,708203,7.26,7.25803,-3.60718,4.22214,-0.00886,0.29123,0.18845,86.84595,13.13943,-37.40134
36.07851,-79.008642,8,0.64,134.4,8.3,708403,8.3,8.30369,-4.20598,4.55235,0.10507,0.07758,-0.2277,87.28442,14.92254,-35.019
36.078502,-79.008647,9,0.68,134.1,7.92,709403,7.92,7.91546,-3.77528,4.60259,0.10431,0.58093,0.35675,87.12365,13.13943,-35.79362
36.078494,-79.00865,9,0.81,134.1,7.74,710203,7.74,7.74018,-4.32323,4.36929,0.00901,-0.31169,-0.13531,87.00672,14.27945,-36.86057
36.078494,-79.00865,9,0.81,134.6,7.66,710403,7.66,7.65883,-3.67238,4.40818,-0.10919,-0.18631,0.16142,86.81672,11.97018,-38.78983
36.078485,-79.008659,9,1.52,135.8,7.74,711403,7.74,7.74377,-4.8676,5.29233,-0.09285,0.09865,0.39737,86.34902,13.95791,-40.29523
36.078475,-79.008668,9,1.31,136.1,7.56,712403,7.56,7.55713,-4.66481,4.81974,0.27581,0.27458,-0.21701,86.94827,15.98948,-39.78369
36.078468,-79.008671,9,1.23,136.1,7.69,713203,7.69,7.68993,-3.75554,3.85005,-0.49159,-0.52595,0.54443,86.94827,12.65712,-38.24905
36.078468,-79.008671,9,1.23,136.2,7.94,713403,7.94,7.94058,-3.85185,5.09791,0.02046,0.00321,-0.03009,86.6998,10.18708,-41.39141
36.078461,-79.008667,9,1.2,136.2,7.41,714203,7.41,7.41237,-3.72981,4.36929,0.17379,-0.29291,-0.67898,86.78748,12.29173,-41.08448
36.078461,-79.008667,9,1.2,136.9,8.01,714403,8.01,8.00519,-5.28096,4.33759,-0.07376,0.25809,0.35598,86.8898,14.981,-39.22829
36.078457,-79.008665,9,1.07,139.4,7.95,715403,7.95,7.94656,-3.58864,4.23649,-0.05788,0.20036,0.05834,86.87518,8.88629,-38.39521
36.078454,-79.008672,9,1.68,140,7.41,716403,7.41,7.40698,-4.56969,4.32204,-0.37431,-0.04872,0.32361,87.45981,15.66793,-38.59982
36.078453,-79.008669,9,0.48,140,8.33,717203,8.33,8.32762,-4.18146,4.21316,-0.12782,0.03665,-0.04047,87.02134,12.67173,-34.81438
36.078453,-79.008669,9,0.48,141.5,7.45,717403,7.45,7.44706,-3.7663,4.41476,-0.17929,-0.18005,-0.1237,87.48904,13.40251,-36.99211
36.078453,-79.008666,9,0.35,142.2,7.87,718403,7.87,7.8694,-3.96909,4.27956,-0.12462,0.09117,0.0365,87.15288,15.60947,-33.00204
36.07845,-79.00867,8,0.35,142.5,7.95,719403,7.95,7.94955,-4.12104,4.49492,-0.08781,0.03986,-0.0336,86.86057,18.78106,-34.1713
36.078448,-79.008675,8,0.64,142.5,7.78,720203,7.78,7.78266,-3.92363,4.41236,-0.0617,0.12049,0.02688,86.43671,19.27799,-32.43204
36.078448,-79.008675,8,0.64,142.9,7.86,720403,7.86,7.86162,-3.95354,4.48116,-0.05055,0.03421,-0.07055,87.12365,19.95031,-32.8705
36.078443,-79.008674,8,0.44,142.9,7.79,721203,7.79,7.78924,-3.90568,4.47518,0.00183,0.03803,-0.25962,86.68518,20.92955,-32.54896
36.078443,-79.008674,8,0.44,143.9,7.81,721403,7.81,7.80778,-4.3005,4.47219,-0.13378,0.13439,0.09835,85.86671,22.36188,-31.68664
36.078442,-79.008673,8,0.31,143.9,7.81,722203,7.81,7.80898,-4.41117,4.53201,-0.15485,0.25504,0.02337,85.20901,24.6273,-29.99123
36.078442,-79.008673,8,0.31,144.6,7.71,722403,7.71,7.71326,-3.76271,4.31964,-0.28741,-0.06628,-0.08919,85.38439,24.27653,-29.23122
36.07844,-79.008674,8,0.66,144.6,8.02,723203,8.02,8.02074,-4.31785,4.36989,-0.11683,0.13882,-0.2865,84.24437,29.47968,-27.88658
36.07844,-79.008674,9,0.66,144.7,7.58,723403,7.58,7.57508,-4.03609,4.49193,-0.35705,0.01222,0.09255,83.80591,29.26045,-28.39813
36.078438,-79.008668,9,0.24,145.5,7.71,724403,7.71,7.70967,-3.9332,4.2658,-0.301,0.13974,0.03406,81.80357,35.16515,-28.79275
36.078437,-79.008664,9,0.51,145.5,7.83,725203,7.83,7.83111,-4.02652,4.34477,-0.23686,0.06429,-0.06429,79.56738,38.99445,-30.04969
36.078437,-79.008664,9,0.51,146.4,7.64,725403,7.64,7.63849,-3.96371,4.48415,-0.19609,0.08934,-0.11393,78.83659,39.18445,-31.96434
36.078435,-79.008661,9,1.15,146.4,7.76,726203,7.76,7.76112,-3.94397,4.34058,-0.1938,0.11286,-0.03925,77.63812,42.22449,-32.4905
36.078435,-79.008661,9,1.15,146.9,7.86,726403,7.86,7.86461,-4.05105,4.35853,-0.15088,0.06933,-0.18998,76.89272,42.66296,-32.59281
36.078431,-79.008657,9,2.09,146.9,7.68,727203,7.68,7.68036,-3.99422,4.46381,-0.14523,0.02138,-0.22785,74.61269,45.71763,-35.77901
36.078431,-79.008657,9,2.09,147,7.78,727403,7.78,7.78385,-4.0337,4.51047,-0.14478,0.27886,0.01374,73.63344,46.59456,-35.44285
36.07843,-79.008654,9,0.45,147,7.79,728203,7.79,7.78864,-3.98345,4.30947,-0.1631,0.12416,-0.0785,72.53727,47.96843,-37.4598
36.07843,-79.008654,9,0.45,146.7,7.86,728403,7.86,7.85743,-4.02832,4.42134,-0.20647,0.02153,-0.09194,71.80649,48.05612,-38.19059
36.078427,-79.008649,9,1.86,145.9,7.75,729403,7.75,7.74975,-4.0355,4.36571,-0.17853,0.07926,0.00412,69.45338,49.35691,-41.81526
36.078423,-79.008654,9,0.93,145.9,7.9,730203,7.9,7.89751,-4.03609,4.35613,-0.09056,0.07132,-0.06032,68.89798,49.63461,-42.99912
36.078423,-79.008654,8,0.93,145.2,7.79,730403,7.79,7.78804,-3.9661,4.37946,-0.12706,-0.03176,-0.05757,68.07951,49.29845,-44.31453
36.078423,-79.008655,8,0.39,145.2,7.67,731203,7.67,7.67019,-3.94995,4.46441,-0.0339,0.1741,-0.05452,67.64104,49.76615,-46.2584
36.078423,-79.008655,8,0.39,144.5,7.95,731403,7.95,7.95255,-4.04985,4.21556,-0.09835,0.0533,-0.03497,67.86028,49.88308,-45.99532
36.078423,-79.008658,8,0.16,144.5,7.75,732203,7.75,7.74856,-4.01695,4.41835,-0.07651,0.07834,-0.06109,66.88103,49.88308,-47.10611
36.078423,-79.008658,8,0.16,144.6,7.83,732403,7.83,7.82632,-4.00678,4.31905,-0.10782,0.08598,0.00183,67.40719,49.37153,-47.76381
36.078421,-79.008661,8,0.51,144.8,7.84,733403,7.84,7.84307,-4.03789,4.45723,-0.12752,0.07055,-0.07727,65.59486,49.04998,-50.61386
36.078421,-79.008664,8,0.41,145.2,7.96,734403,7.96,7.95853,-4.00319,4.37707,-0.2416,-0.05635,-0.03772,65.14177,47.96843,-54.06314
36.07842,-79.008662,9,0.92,146.7,7.89,735403,7.89,7.88674,-3.95833,4.5344,-0.13378,0.27367,-0.05192,64.49869,45.6884,-56.89857
36.078418,-79.008673,9,0.51,146.9,7.76,736403,7.76,7.75813,-4.02652,4.40758,-0.31948,0.00443,-0.05467,63.32943,42.85297,-61.56095
36.078417,-79.008676,8,0.45,146.6,7.87,737403,7.87,7.87179,-3.8991,4.32562,-0.19135,0.13042,-0.15592,64.86407,37.69366,-64.30868
36.078416,-79.008677,8,0.17,146.6,7.07,738203,7.07,7.06541,-5.07757,4.92563,-1.20493,0.53833,-0.63087,67.21719,24.17422,-67.77258
36.078416,-79.008677,7,0.17,146.3,7.43,738403,7.43,7.42912,-4.12762,4.81496,-1.43553,1.12109,-0.10934,73.07805,15.7264,-63.37329
36.078417,-79.008679,9,0.24,145.1,7.83,739403,7.83,7.83231,-3.94397,4.35793,-1.77685,0.69623,-0.84559,86.1444,19.42414,-33.64513
36.078415,-79.00868,9,0.56,143.8,8.15,740403,8.15,8.14876,-4.23051,3.46122,-0.61438,0.32284,-0.35476,69.97954,50.6577,-34.98977
36.078413,-79.008674,9,0.14,144.7,8,741403,8,8.0016,-4.01934,3.83869,0.48121,0.07834,0.12492,71.99649,48.20228,-37.18211
36.07841,-79.008667,9,0.33,145.2,8.11,742403,8.11,8.10928,-4.06959,3.6329,-0.09667,0.0452,-0.00901,73.19498,46.98919,-34.47822
36.078409,-79.00866,9,0.91,145.2,8.15,743203,8.15,8.15055,-4.17488,3.54257,-0.08812,-0.0536,-0.00092,73.19498,46.52148,-33.2359
36.078409,-79.00866,9,0.91,145.7,8.02,743403,8.02,8.01895,-4.08275,3.57787,-0.05803,0.04337,-0.05727,73.18035,47.45689,-33.8936
36.078407,-79.008655,9,0.68,146.1,8.04,744403,8.04,8.04288,-4.16411,3.74417,0.03009,0.14096,0.00244,72.55189,47.20842,-35.019
36.078406,-79.008647,9,1.1,146.6,8.16,745403,8.16,8.15833,-4.1013,3.3996,-0.06597,0.07055,-0.04123,74.11575,46.40456,-33.54282
36.078406,-79.008644,9,0.66,146.6,8.08,746403,8.08,8.08176,-4.03729,3.62513,0.04016,0.1628,0.00031,73.91113,46.75533,-33.63052
36.078406,-79.008647,9,0.41,146.5,7.91,747403,7.91,7.91486,-4.07318,3.78425,-0.06567,0.04826,-0.02657,73.42882,46.43379,-34.79977
36.078407,-79.00866,9,1.08,146.5,8.07,748203,8.07,8.068,-4.11386,3.67657,-0.09178,-0.03344,0.01023,73.63344,46.31686,-34.20052
36.078407,-79.00866,9,1.08,146.2,8.01,748403,8.01,8.01416,-4.00618,3.74118,-0.04169,0.08323,-0.05971,73.34113,46.76995,-35.15054
36.078407,-79.008666,9,0.54,145.6,8.15,749403,8.15,8.14637,-3.97627,3.66401,-0.08964,0.09346,-0.03146,73.47266,46.84303,-34.20052
36.078406,-79.008665,9,0.39,146,8.24,750403,8.24,8.24148,-3.99721,3.12682,0.06918,0.10507,-0.04139,73.91113,45.86378,-30.6197
36.078404,-79.00866,9,1.04,146,8.44,751203,8.44,8.44367,-3.86919,2.86541,-0.06597,-0.10018,-0.02978,73.99883,45.2207,-29.64046
36.078404,-79.00866,9,1.04,145.8,8.34,751403,8.34,8.33779,-3.92483,2.9348,-0.05574,-0.02016,-0.00764,74.86115,45.48378,-30.29816
36.078403,-79.008648,9,2.29,145.8,7.99,752203,7.99,7.99023,-4.06062,3.82792,-0.01894,-0.05238,-0.05391,74.15961,46.28764,-34.53669
36.078403,-79.008648,9,2.29,146.3,8.01,752403,8.01,8.00818,-4.03191,3.82792,-0.03772,0.09713,0.02214,74.0573,46.55072,-35.16515
36.078396,-79.008654,9,1.05,145.2,8.31,753403,8.31,8.30728,-3.93978,3.22014,0.12248,0.14172,0.07178,73.67729,46.09763,-31.23356
36.078391,-79.008649,9,0.85,145.2,8.16,754203,8.16,8.15893,-4.02832,3.42413,-0.09087,-0.04856,-0.02306,74.40807,45.36685,-32.25665
36.078391,-79.008649,8,0.85,145.4,8.12,754403,8.12,8.12303,-3.99183,3.64786,-0.01894,-0.09392,-0.01695,73.72114,46.00994,-33.06051
36.078385,-79.008653,8,1.07,145.7,8.04,755403,8.04,8.03629,-4.04686,3.95952,0.01878,-0.11041,0.06231,73.70652,46.49226,-34.97515
36.078379,-79.008659,8,1.28,145.8,8.15,756403,8.15,8.14876,-4.11805,3.4678,-0.04337,0.04459,0.01313,74.10114,45.92225,-32.46127
36.078373,-79.00866,8,1.04,146.7,7.88,757403,7.88,7.87897,-4.02234,4.04327,0.04887,0.01695,0.00107,73.64806,46.95995,-35.39901
36.078368,-79.00866,8,0.67,146.2,8.13,758403,8.13,8.13021,-4.04507,3.62991,-0.01909,0.08323,0.02077,73.91113,45.86378,-33.68898
36.078362,-79.00865,8,1.73,145.9,8.09,759403,8.09,8.09253,-4.09173,3.58325,0.01772,0.17975,0.05406,74.26191,45.65916,-33.16282
36.07836,-79.00864,8,2.05,146,8.25,760403,8.25,8.25344,-3.95474,3.4684,0.12782,0.16936,0.02657,74.36422,45.51301,-31.7451
36.078355,-79.00864,8,0.85,146.9,8.1,761403,8.1,8.1015,-4.09651,3.44866,0.01573,-0.06979,0.00825,74.10114,45.89301,-32.47588
36.078352,-79.008644,8,0.69,146.6,8.05,762403,8.05,8.04826,-4.04806,3.78903,-0.05253,0.00428,0.03451,73.77959,45.83455,-34.53669
36.078349,-79.008642,8,0.35,146.3,8.22,763403,8.22,8.21576,-4.09891,3.42353,0.0255,0.10064,-0.01084,74.40807,45.79071,-32.75358
36.07835,-79.008643,8,0.24,146.3,8.14,764203,8.14,8.14278,-4.06062,3.52283,-0.04429,0.03146,-0.01161,74.20345,45.61532,-32.34435
36.07835,-79.008643,8,0.24,146,8.11,764403,8.11,8.11107,-4.04806,3.64965,-0.03803,-0.08949,-0.03619,74.70038,46.09763,-33.1482
36.078351,-79.008644,8,0.16,144.7,8.03,765403,8.03,8.02553,-4.04028,3.86082,-0.06429,0.09667,-0.01741,74.45192,46.02456,-34.02514
36.07835,-79.008645,8,0.07,143.9,7.99,766403,7.99,7.98963,-4.07139,3.82253,-0.08705,-0.08964,-0.06078,73.95498,46.60918,-33.16282
36.07835,-79.008645,7,0.45,143.3,8.14,767403,8.14,8.1362,-4.00977,3.77229,0.02856,0.08995,0.10263,74.46653,45.6884,-33.19205
36.07835,-79.008646,7,0.58,143.3,7.98,768203,7.98,7.97707,-4.05464,3.97508,-0.05925,-0.03039,-0.08323,74.21806,46.43379,-34.97515
36.07835,-79.008646,7,0.58,143.1,7.95,768403,7.95,7.95434,-4.05643,3.98764,0.00687,0.09881,0.01726,73.9696,46.38994,-33.86437
36.078346,-79.008649,7,0.64,142.6,7.95,769403,7.95,7.94776,-3.98225,3.99302,0.03971,0.09911,-0.0026,74.15961,46.27302,-34.87284
36.078345,-79.008652,7,0.33,141.8,8.15,770403,8.15,8.15115,-4.00977,3.78126,-0.01848,-0.01176,0.00458,74.68576,45.86378,-33.25051
36.078346,-79.008638,8,0.83,142.9,8.29,771403,8.29,8.28934,-3.88056,3.25544,0.03986,0.15455,-0.06216,75.13885,45.58609,-31.04355
36.078336,-79.008633,8,1.32,142.9,8.15,772203,8.15,8.14517,-4.04327,3.79023,-0.06322,-0.07819,-0.01619,74.83192,45.04531,-32.97282
36.078336,-79.008633,9,1.32,144,8.01,772403,8.01,8.01476,-3.96192,3.65145,-0.01741,0.15837,-0.02657,74.02806,45.35223,-33.95206
36.078334,-79.008619,9,1.75,144.3,8,773403,8,8.001,-3.89611,3.92842,0.02214,0.07178,0.04505,74.34961,45.62993,-34.15668
36.078331,-79.008607,9,1.83,145.3,8.16,774403,8.16,8.16491,-4.22513,3.81715,0.10919,-0.05299,0.10385,74.49577,45.61532,-32.88512
36.078326,-79.008597,9,1.96,145.1,7.99,775403,7.99,7.98963,-4.11565,3.801,-0.02443,-0.54886,0.12553,75.78194,44.51915,-33.1482
36.078328,-79.008596,9,1.4,145.3,7.68,776403,7.68,7.67797,-3.97268,4.10369,0.14783,0.59437,-0.17364,73.6919,46.91611,-35.72055
36.078323,-79.0086,9,1.05,144.3,8.16,777403,8.16,8.16252,-4.12463,3.61017,-0.09117,-0.22327,0.15608,75.72347,44.60684,-32.37357
36.078325,-79.008591,9,1.37,144.2,7.62,778403,7.62,7.61516,-3.71605,5.54596,-1.12323,-0.66248,-0.73243,75.095,43.43759,-39.95908
36.078321,-79.008595,9,0.92,144.6,8.19,779403,8.19,8.18824,-3.46062,5.16072,-0.00855,-0.33674,0.29001,73.61882,43.74452,-45.42531
36.078326,-79.008603,8,0.78,145,7.71,780403,7.71,7.70967,-3.44925,6.16451,0.89095,-0.71105,0.27565,84.28822,28.67583,-29.90354
36.078322,-79.008619,8,0.72,142.3,7.06,781403,7.06,7.06122,-3.52762,6.88475,0.20617,-0.05681,0.10095,85.20901,23.89652,-39.91523
36.078316,-79.008611,8,1.0,141.4,-2.71,782403,-2.71,-2.71466,-0.48634,9.99662,-0.06735,0.21472,0.57498,38.93598,-5.91932,-70.68109
36.078311,-79.008608,8,0.93,141.7,2.82,783403,2.82,2.81875,-4.72044,9.23271,0.26389,2.46912,0.29428,67.46565,16.96872,-67.86028
36.078309,-79.008603,8,0.45,141.9,6.27,784403,6.27,6.27338,-5.38026,7.82872,0.18005,0.2054,-0.32544,79.34814,20.44724,-55.68547
36.078309,-79.0086,8,0.26,143.1,8.7,785403,8.7,8.7027,-3.60838,3.50489,0.00932,0.89538,-0.06781,87.59135,10.99094,-28.80737
36.078309,-79.008599,8,0.41,144.1,7.72,786403,7.72,7.71685,-4.31845,4.99741,0.03711,0.0197,-0.36392,86.5098,20.00877,-33.98129
36.078308,-79.008595,8,0.53,145.5,9.53,787403,9.53,9.53241,-3.76511,3.34756,-0.48319,-0.9754,-0.3934,86.67056,19.658,-26.62964
36.078308,-79.008582,9,0.53,147.9,8.23,788403,8.23,8.23011,-4.25324,4.28555,0.04322,0.01313,-0.33063,85.79362,23.54575,-29.66969
36.078311,-79.008564,9,0.44,149,7.9,789403,7.9,7.9011,-3.83689,4.44228,-0.16753,-0.21686,0.05131,86.3344,23.47267,-30.85355
36.078311,-79.008551,9,0.44,150.6,8.38,790403,8.38,8.37847,-4.51346,4.12283,0.18815,-0.04108,-0.10186,85.23824,23.18036,-27.03888
36.078309,-79.008543,9,0.64,152.2,7.85,791403,7.85,7.84786,-4.07199,4.17847,0.07483,-0.14539,0.2303,86.75826,19.02952,-32.05203
36.07831,-79.008539,9,0.25,152.4,7.34,792403,7.34,7.33759,-3.96311,4.31546,0.31841,-0.00412,-0.06628,86.6121,16.61795,-36.02748
36.078314,-79.008534,9,0.22,153.1,8.04,793403,8.04,8.03869,-4.01695,4.13719,0.34346,-0.05757,0.11851,86.58287,10.31862,-39.85677
36.078314,-79.008532,9,0.21,154.1,7.84,794403,7.84,7.83769,-4.30768,4.4991,0.49633,0.1602,0.06704,83.44051,10.69863,-49.98539
36.078315,-79.008535,9,0.29,154.2,8.18,795403,8.18,8.17986,-3.98106,4.22273,0.17532,-0.54504,0.19731,80.40047,9.01783,-56.35779
36.078316,-79.008537,9,0.22,153.9,7.86,796403,7.86,7.85982,-4.08216,4.13899,0.52748,0.11438,0.50687,73.67729,17.71412,-64.26483
36.078317,-79.008541,8,0.1,153.9,7.69,797403,7.69,7.68814,-4.2012,4.50868,0.67775,-0.11316,0.10385,65.66793,30.19585,-66.8518
36.07832,-79.008549,8,0.2,153.8,7.83,798403,7.83,7.8335,-3.84347,4.33101,0.42379,-0.29963,0.40561,63.9579,41.78603,-60.71324
36.078323,-79.008557,8,0.12,153.1,7.85,799403,7.85,7.84786,-4.06481,4.32921,0.61697,-0.01863,0.22403,65.98948,48.72844,-50.57001
36.078324,-79.008565,8,0.4,152.7,7.72,800403,7.72,7.71865,-4.10249,4.50808,0.61789,-0.07957,0.1263,71.77726,48.24613,-40.5437
36.078325,-79.008568,8,0.41,153.8,8.12,801403,8.12,8.12064,-4.10249,4.10489,0.21594,-0.7025,0.26771,78.74891,39.47676,-29.34814
36.078322,-79.008569,8,0.64,154,7.67,802403,7.67,7.669,-4.2,4.24547,0.45341,0.09224,0.55253,84.11284,28.22274,-29.34814
36.078319,-79.008568,8,0.39,153.2,7.98,803403,7.98,7.97827,-3.92423,4.40339,0.51129,-0.59605,-0.24389,86.67056,16.51564,-35.19439
36.078317,-79.008566,8,0.79,153.1,8.21,804403,8.21,8.20858,-4.33041,4.05284,0.25458,-0.23442,0.52412,86.04209,10.34785,-43.70067
36.078314,-79.008566,8,0.77,152.6,7.96,805403,7.96,7.96272,-4.25384,4.57568,0.33307,-0.25779,0.11194,81.64279,10.07016,-53.01081
36.078308,-79.008571,8,1.43,151.7,7.93,806403,7.93,7.92922,-4.05344,4.22572,0.20495,-0.24465,0.23793,76.93657,12.1748,-60.27477
36.078305,-79.008573,8,1.23,151.9,7.83,807403,7.83,7.82513,-3.76092,4.31785,-0.28879,-0.2781,-0.24709,73.41421,11.73633,-63.22713
36.078305,-79.008578,8,0.87,151.7,7.56,808403,7.56,7.55952,-4.3998,4.54098,-0.77656,0.54291,-0.42089,80.99971,11.89711,-53.97544
36.078302,-79.008586,8,0.76,150.7,7.88,809403,7.88,7.87717,-4.03908,4.15454,-1.28816,0.40149,-0.5481,85.58901,21.61649,-29.74277
36.0783,-79.008594,8,0.86,150.1,7.93,810403,7.93,7.92802,-4.1019,4.29512,-1.12262,0.5255,-0.41569,72.99035,46.91611,-35.36977
36.078297,-79.008595,8,0.74,149.5,7.89,811403,7.89,7.89332,-4.24307,4.32144,-0.97005,0.19181,-0.7086,62.99327,45.24993,-58.60859
36.078295,-79.008604,8,0.9,149,8.02,812403,8.02,8.01775,-4.41536,4.17847,-0.82436,0.63927,-0.54459,69.59953,24.30576,-65.22946
36.078294,-79.00861,9,0.68,148.2,7.71,813403,7.71,7.70908,-4.00259,4.45364,-0.95616,0.37599,-0.35003,81.5551,9.36861,-53.08389
36.078292,-79.008617,9,0.79,147.4,7.92,814403,7.92,7.92204,-3.99302,4.11924,-0.82238,0.35843,-0.40119,86.8898,16.35487,-34.75592
36.078291,-79.008621,9,0.62,147,7.91,815403,7.91,7.91007,-3.95354,4.34297,-0.68936,0.4496,-0.33552,81.59895,33.90821,-30.35662
36.078291,-79.008628,9,0.62,146.6,7.73,816403,7.73,7.72523,-3.98285,4.28614,-0.68279,0.14966,-0.31887,72.63958,46.40456,-37.98597
36.07829,-79.008644,9,0.61,145.9,7.81,817403,7.81,7.81137,-4.05344,4.3017,-0.47449,0.34315,-0.22083,66.79333,48.1292,-50.01461
36.078289,-79.008649,9,0.78,145.9,7.93,818403,7.93,7.92981,-4.05105,4.35673,-0.4102,0.1912,-0.23503,64.39638,43.75914,-58.93013
36.078287,-79.008655,9,0.67,145.9,7.67,819403,7.67,7.6666,-3.96431,4.36989,-0.22755,0.33338,-0.28146,64.99561,36.90441,-64.86407
36.078286,-79.008661,8,0.64,145.4,7.96,820403,7.96,7.96092,-4.00858,4.3681,-0.37324,0.15745,-0.12843,68.05028,28.13505,-66.61795
36.078285,-79.008669,8,0.86,145.3,7.78,821403,7.78,7.77727,-4.04447,4.35793,-0.22342,0.16722,-0.18357,70.8857,21.92341,-66.47179
36.078283,-79.008677,9,0.61,144.9,7.77,822403,7.77,7.77308,-3.94636,4.35554,-0.19028,0.09071,-0.01695,74.33499,16.54487,-63.9579
36.078283,-79.008682,9,0.45,144.3,7.71,823403,7.71,7.71386,-3.97926,4.29871,-0.04322,0.08155,0.15837,74.52499,16.17948,-63.12482
36.078283,-79.008686,9,0.71,143.7,7.65,824403,7.65,7.65404,-4.02473,4.41536,-0.02428,0.01955,-0.104,74.46653,15.58024,-64.14791
36.078282,-79.008689,9,0.56,143.5,7.78,825403,7.78,7.77608,-3.86919,4.2993,-0.12477,0.0872,-0.10629,76.80502,13.59252,-62.13096
36.078279,-79.008691,9,0.58,143.2,7.73,826403,7.73,7.72942,-3.9679,4.38126,-0.1686,0.0898,-0.09438,78.50043,11.85326,-58.63783
36.078277,-79.008692,9,0.53,142.7,7.85,827403,7.85,7.84726,-3.92363,4.30947,-0.0846,0.04047,-0.17639,81.73049,9.35399,-56.15317
36.078274,-79.008697,9,0.77,142.1,7.74,828403,7.74,7.74138,-3.97627,4.31306,-0.10339,0.07514,0.00565,82.38819,9.50015,-54.54546
36.078273,-79.008699,9,0.76,141.4,7.86,829403,7.86,7.86281,-4.10309,4.38006,-0.08781,0.03207,-0.0197,83.54282,9.33937,-52.30927
36.078272,-79.008702,9,0.75,141.3,7.83,830403,7.83,7.82692,-4.066,4.19761,-0.07208,-0.02352,-0.11148,83.55744,9.09091,-51.09617
36.078273,-79.008705,8,0.83,141.1,7.83,831403,7.83,7.8329,-3.93978,4.27059,-0.04994,0.10537,-0.01008,84.56591,8.09705,-49.38614
36.078272,-79.008708,8,0.9,140.8,7.48,832403,7.48,7.48056,-4.14138,4.61097,-0.16677,-0.09514,0.02398,84.06898,10.52324,-51.98772
36.078271,-79.008715,8,1.13,140.1,7.86,833403,7.86,7.85504,-3.89851,4.31486,0.04933,0.05055,-0.15516,84.97515,9.12014,-48.90383
36.078268,-79.008716,8,0.72,139.5,7.75,834403,7.75,7.75095,-4.18923,4.37587,0.01405,-0.00275,0.05605,84.72668,9.93861,-49.23999
36.078265,-79.008716,8,0.67,139.2,7.78,835403,7.78,7.77847,-3.98046,4.48594,0.09209,-0.02123,0.05009,84.1713,8.15551,-49.7223
36.078263,-79.008716,8,0.69,138.8,7.75,836403,7.75,7.74975,-4.1007,4.38903,0.13546,-0.02993,0.03238,83.03128,9.79246,-51.60772
36.078261,-79.008711,8,0.55,138.8,7.8,837403,7.8,7.79582,-4.04806,4.35972,0.16952,-0.05589,0.02917,80.98509,10.47939,-55.5247
36.07826,-79.008709,8,0.48,138.5,7.89,838403,7.89,7.88854,-4.12822,4.18265,0.13103,-0.05116,0.06826,79.34814,11.44402,-58.50629
36.078257,-79.00871,9,0.71,138.1,7.79,839403,7.79,7.79462,-3.94517,4.4004,0.10599,-0.0817,0.04307,76.90733,12.75943,-61.91172
36.078257,-79.00871,9,0.48,138.4,7.79,840403,7.79,7.79402,-4.09292,4.34716,0.05696,-0.08262,0.06307,75.43116,15.58024,-62.77404
36.078255,-79.008712,9,0.69,138.1,7.76,841403,7.76,7.75693,-4.0678,4.3687,0.07437,-0.03222,0.04643,74.07191,17.72873,-64.87869
36.078252,-79.008713,9,0.84,138.1,8.01,842403,8.01,8.00758,-4.09352,4.27538,0.05024,-0.09331,0.0029,72.96112,19.30722,-65.46332
36.07825,-79.008715,9,0.74,138.4,7.83,843403,7.83,7.8347,-4.06062,4.32144,0.0423,-0.06521,0.02428,71.93803,21.33879,-66.72026
36.07825,-79.008717,9,0.44,138.4,7.77,844403,7.77,7.77189,-3.96371,4.31546,0.06322,-0.00886,0.01237,70.68109,22.55189,-66.03333
36.078248,-79.008719,9,0.62,138.5,7.84,845403,7.84,7.84367,-4.08694,4.35195,-0.00412,-0.07346,0.07285,70.65186,23.7796,-67.34873
36.078247,-79.008723,9,0.41,138.3,7.69,846403,7.69,7.68634,-3.91885,4.27059,0.05147,-0.06933,-0.06322,69.23415,25.65039,-67.9772
36.078245,-79.008728,9,0.72,138,7.75,847403,7.75,7.74975,-4.02772,4.39861,0.01497,0.03406,0.12706,68.19643,26.71733,-68.07951
36.078245,-79.008734,9,0.61,138,7.78,848403,7.78,7.77608,-4.08515,4.33101,0.06842,-0.02627,-0.02932,68.19643,28.58813,-67.07103
36.078245,-79.008737,9,0.39,138,7.74,849403,7.74,7.74317,-3.93679,4.3328,0.04856,-0.03115,0.04261,67.65565,30.60509,-67.43642
36.078246,-79.008741,9,0.26,138,7.83,850403,7.83,7.82752,-4.05464,4.35613,0.04368,-0.00718,0.10186,66.5741,32.57819,-67.64104
36.078246,-79.008744,9,0.36,138.1,7.82,851403,7.82,7.82274,-4.09053,4.31366,0.06307,-0.02505,0.00901,65.30254,34.58053,-66.41333
36.078247,-79.008748,9,0.39,138.3,7.74,852403,7.74,7.74138,-3.96132,4.34357,0.03528,-0.01329,0.06368,65.24408,35.70593,-66.3841
36.078246,-79.008753,9,0.21,138.2,7.78,853403,7.78,7.77847,-3.96431,4.34716,0.12706,0.01833,-0.0814,64.7033,38.7606,-65.22946
36.078251,-79.008762,9,0.9,138.1,7.88,854403,7.88,7.88136,-3.97807,4.31546,0.03604,-0.04887,0.07529,65.15639,39.78369,-64.39638
36.078251,-79.008764,8,0.41,138,7.84,855403,7.84,7.84128,-4.08216,4.33699,0.08919,0.05223,0.05101,64.42561,41.91757,-62.46712
36.078251,-79.008767,8,0.23,137.9,7.88,856403,7.88,7.88435,-4.0355,4.34537,0.06826,-0.02596,0.00153,64.33791,43.23297,-61.48787
36.078249,-79.008767,8,0.35,137.9,7.88,857403,7.88,7.87837,-4.04387,4.31785,0.02993,-0.0478,0.03864,64.00175,44.37299,-59.8363
36.078246,-79.008769,8,0.51,138,7.87,858403,7.87,7.87478,-4.09711,4.30409,0.06231,-0.01023,-0.00321,64.60099,46.08302,-58.12628
36.078245,-79.008772,8,0.68,137.8,7.86,859403,7.86,7.86341,-4.07199,4.30828,0.01191,-0.06689,0.06292,63.92868,47.16457,-56.2701
36.078242,-79.008775,8,0.82,138,7.91,860403,7.91,7.90648,-4.08455,4.27597,0.00214,-0.11576,0.04627,64.77638,47.89535,-56.13856
36.078239,-79.008777,8,0.53,138.1,7.72,861403,7.72,7.71506,-3.93859,4.3328,0.05498,0.01833,0.04627,65.20023,48.77229,-54.3993
36.078237,-79.008778,9,0.58,138.6,7.75,862403,7.75,7.75155,-3.98285,4.35135,0.03497,-0.05147,-0.01909,65.34639,49.32768,-53.49313
36.078235,-79.008782,9,0.59,138.8,7.91,863403,7.91,7.90529,-4.02114,4.3017,0.01756,-0.03558,0.08705,65.741,49.7223,-50.2777
36.078233,-79.008785,9,0.35,139,7.81,864403,7.81,7.81376,-4.1348,4.34537,0.09728,0.01772,0.09453,66.51564,50.07307,-48.81614
36.078231,-79.008789,9,0.38,139,7.8,865403,7.8,7.79641,-4.03908,4.31665,0.0759,-0.12187,0.09224,67.56796,50.51154,-45.98071
36.078229,-79.008795,9,0.49,139,7.72,866403,7.72,7.72463,-4.00499,4.29811,0.1773,-0.07025,0.04872,69.08799,50.2777,-41.23063
36.078225,-79.0088,9,0.43,139,7.77,867403,7.77,7.7689,-3.96192,4.31546,0.25107,-0.1886,0.06735,72.77112,48.31921,-36.74364
36.078221,-79.008804,9,0.53,139.2,7.84,868403,7.84,7.84307,-4.02054,4.41296,0.32926,-0.13974,0.20281,78.33967,42.44373,-31.26279
36.078217,-79.008808,9,0.76,139.2,7.79,869403,7.79,7.79163,-4.1013,4.37408,0.41768,-0.15791,0.24022,82.6805,33.8059,-28.88044
36.078213,-79.008812,9,0.94,139,7.83,870403,7.83,7.82573,-4.04866,4.32981,0.44257,-0.20647,0.17058,87.40134,21.87957,-29.65507
36.078208,-79.008816,9,1.0,139,7.77,871403,7.77,7.77189,-4.01755,4.32144,0.37721,-0.17517,0.22678,87.51827,12.39404,-37.29903
36.078204,-79.008818,9,0.83,139,7.8,872403,7.8,7.79582,-4.00379,4.37887,0.35048,-0.14691,0.14569,85.64747,7.54165,-45.55685
36.078201,-79.008816,9,0.58,139.1,7.81,873403,7.81,7.80718,-4.02473,4.37169,0.27122,-0.17486,0.20617,81.87664,8.82783,-53.8439
36.078199,-79.008816,9,0.48,139.1,7.79,874403,7.79,7.78744,-4.05284,4.41476,0.27611,-0.12187,0.15516,77.38965,10.90324,-60.27477
36.078197,-79.008817,9,0.49,138.8,7.82,875403,7.82,7.81795,-4.0325,4.3334,0.23671,-0.13103,0.16035,73.3119,16.74949,-64.64484
36.078196,-79.008818,9,0.55,138.7,7.79,876403,7.79,7.78804,-4.03669,4.334,0.2532,-0.07468,0.11851,69.16106,23.07805,-66.80795
36.078193,-79.008821,9,0.71,138.8,7.86,877403,7.86,7.85923,-4.01635,4.33938,0.22083,-0.14065,0.09423,66.51564,29.0266,-66.61795
36.078192,-79.008824,9,0.93,139,7.81,878403,7.81,7.81257,-4.04746,4.35314,0.22006,-0.06384,0.13042,64.06022,36.53902,-63.92868
36.078189,-79.008827,9,0.9,139.1,7.78,879403,7.78,7.78026,-4.03011,4.33221,0.20082,-0.13775,0.07712,63.91406,41.93218,-61.88249
36.078191,-79.008829,9,0.54,139.1,7.85,880403,7.85,7.84846,-3.99721,4.34297,0.22251,-0.0562,0.04169,63.9579,45.65916,-58.2432
36.078188,-79.008831,8,1.01,139.2,7.83,881403,7.83,7.82573,-4.04866,4.34297,0.18265,-0.05788,0.09499,64.93715,47.83689,-52.85004
36.078187,-79.008834,8,0.76,139.2,7.79,882403,7.79,7.78864,-3.99721,4.35494,0.15944,-0.04734,0.10064,66.28179,49.19614,-48.65536
36.078189,-79.008839,8,0.54,139.1,7.83,883403,7.83,7.82632,-3.98764,4.3669,0.14218,-0.04719,0.042,67.87489,49.56153,-44.63607
36.078184,-79.008842,8,0.71,139.2,7.84,884403,7.84,7.84307,-3.98943,4.32263,0.10751,-0.062,0.0533,69.64338,49.64923,-41.31833
36.078181,-79.008845,8,0.68,139,7.78,885403,7.78,7.78385,-3.999,4.35374,0.13485,-0.03436,-0.00076,70.63724,48.20228,-39.1406
36.078178,-79.008847,8,0.28,139.1,7.78,886403,7.78,7.78445,-3.98884,4.37767,0.08659,-0.04139,0.04001,72.12804,46.8138,-37.03595
36.078176,-79.008852,8,0.67,139.4,7.78,887403,7.78,7.78206,-4.01037,4.41715,0.06567,0.01283,-0.00183,72.84419,46.30225,-34.56592
36.078174,-79.008856,8,0.64,139.6,7.66,888403,7.66,7.66301,-4.05524,4.32383,0.01054,-0.02871,0.01985,74.0573,44.4753,-33.54282
36.07817,-79.008859,8,0.53,139.6,7.8,889403,7.8,7.8018,-4.03131,4.39442,0.02413,0.01237,0.01237,74.70038,44.27068,-33.1482
36.078166,-79.008863,9,0.59,139.5,7.83,890403,7.83,7.82991,-4.01695,4.33938,0.0087,-0.01268,-0.02688,75.43116,43.7299,-33.60129
36.078162,-79.008865,9,0.74,139.5,7.83,891403,7.83,7.82872,-4.04746,4.35314,-0.01115,0.03207,0.00947,75.31424,43.67144,-32.72435
36.078158,-79.008868,9,0.6,139.7,7.81,892403,7.81,7.81077,-4.04267,4.31785,-0.02062,0.03803,-0.01558,74.91961,43.5399,-33.10435
36.078152,-79.008871,9,0.48,139.8,7.82,893403,7.82,7.81915,-4.08216,4.35075,-0.06826,0.03497,0.00733,75.05116,44.43145,-34.5513
36.07815,-79.008876,9,0.21,139.8,7.77,894403,7.77,7.77428,-4.02772,4.36032,-0.06949,0.00794,-0.07529,74.58345,44.65068,-34.72669
36.078145,-79.008881,9,0.61,140.2,7.84,895403,7.84,7.8353,-4.02652,4.3328,-0.1069,0.07132,-0.00504,73.94037,45.30839,-35.8667
36.078141,-79.008886,9,0.77,140.3,7.75,896403,7.75,7.74557,-4.01516,4.38784,-0.08292,0.08125,-0.07178,71.41187,46.79918,-39.18445
36.078139,-79.008892,9,0.64,140.5,7.76,897403,7.76,7.76112,-4.0008,4.35613,-0.10614,0.04368,-0.042,70.71032,47.61766,-38.83368
36.078137,-79.008895,9,0.41,140.8,7.83,898403,7.83,7.8341,-4.04148,4.34297,-0.10003,0.0336,-0.05666,69.62876,48.20228,-40.96755
36.078134,-79.008899,9,0.55,140.8,7.81,899403,7.81,7.81257,-4.02174,4.33161,-0.08934,0.07361,-0.02825,69.17568,49.00614,-43.64221
36.07813,-79.008902,9,0.91,140.9,7.82,900403,7.82,7.82034,-4.04148,4.35494,-0.08674,0.03955,-0.06445,67.74335,49.15229,-44.03683
36.078129,-79.008907,9,0.59,140.6,7.8,901403,7.8,7.79761,-4.01755,4.37946,-0.09774,0.06277,-0.04078,67.34873,49.32768,-46.63841
36.078127,-79.008912,9,0.83,140.5,7.78,902403,7.78,7.78026,-4.05045,4.37767,-0.08384,0.08369,-0.04123,66.36948,49.42999,-47.76381
36.078125,-79.008916,9,0.74,140.2,7.81,903403,7.81,7.81257,-4.06062,4.3352,-0.12462,0.04032,-0.02902,65.52177,48.65536,-50.54078
36.078125,-79.008923,9,1.14,139.7,7.79,904403,7.79,7.79043,-4.04267,4.34537,-0.12385,0.06643,-0.10278,65.09792,47.88074,-52.32388
36.078123,-79.008926,9,0.51,139.3,7.83,905403,7.83,7.83051,-4.00439,4.30409,-0.16707,0.06032,-0.04001,64.7033,46.21456,-55.5247
36.078119,-79.008927,9,0.64,139.5,7.8,906403,7.8,7.8006,-4.06361,4.35374,-0.16234,0.09468,-0.08873,64.29407,44.67992,-58.63783
36.078118,-79.008928,9,0.7,139.2,7.83,907403,7.83,7.82573,-4.07976,4.34058,-0.21029,0.05162,-0.10064,64.06022,41.84449,-61.26863
36.078118,-79.008929,9,0.56,138.9,7.8,908403,7.8,7.79821,-4.03968,4.37587,-0.17501,0.10278,-0.10889,64.61561,37.44519,-63.44636
36.078118,-79.008929,9,0.1,138.5,7.81,909403,7.81,7.81436,-3.99482,4.33161,-0.17318,0.08476,-0.1098,65.49255,33.99591,-65.28793
36.078116,-79.008929,9,0.53,138.3,7.77,910403,7.77,7.77189,-4.00917,4.3011,-0.1886,0.06292,-0.08567,67.17335,29.37737,-66.36948
36.078115,-79.008928,9,0.6,138.1,7.8,911403,7.8,7.79582,-4.03011,4.32323,-0.15898,0.10033,-0.0672,68.95644,25.53347,-65.68255
36.078113,-79.008926,9,0.43,137.6,7.78,912403,7.78,7.77966,-4.00917,4.34896,-0.14019,0.07941,-0.09575,70.60801,22.63958,-65.50716
36.078116,-79.008924,9,0.29,137.6,7.85,913403,7.85,7.85085,-4.04208,4.35254,-0.14508,0.07819,-0.05208,72.43496,19.36568,-65.28793
36.078115,-79.008925,9,0.39,137.4,7.79,914403,7.79,7.79402,-4.02533,4.35254,-0.13164,0.09102,-0.09056,74.07191,16.04794,-63.56329
36.078115,-79.008926,9,0.45,136.8,7.8,915403,7.8,7.80359,-4.04866,4.36391,-0.14905,0.0759,-0.03665,76.13271,14.29407,-61.67787
36.078115,-79.008926,9,0.59,136.7,7.83,916403,7.83,7.82752,-3.97627,4.28555,-0.12065,0.09316,-0.08369,77.87196,11.80941,-60.05554
36.078116,-79.008926,9,0.44,136,7.81,917403,7.81,7.80898,-4.06481,4.34237,-0.13546,0.09499,-0.04902,78.61736,10.59632,-57.5855
36.078114,-79.008925,9,0.24,135.7,7.81,918403,7.81,7.80599,-4.01097,4.37946,-0.12492,0.06154,-0.09667,80.26893,8.94475,-54.83777
36.078114,-79.008928,9,0.3,135.3,7.8,919403,7.8,7.8,-4.03131,4.34058,-0.13714,0.09209,-0.02443,82.32973,8.9886,-51.5931
36.078113,-79.008931,9,0.81,135.1,7.85,920403,7.85,7.84547,-4.03729,4.38963,-0.12996,0.07865,-0.07285,83.27974,8.38936,-49.29845
36.078111,-79.008927,9,0.18,135.1,7.83,921403,7.83,7.82692,-4.01396,4.30708,-0.1379,0.08002,-0.07269,84.53668,8.46244,-47.20842
36.078108,-79.008927,9,0.37,135.1,7.78,922403,7.78,7.77548,-4.00917,4.31486,-0.13943,0.07575,-0.08384,85.07746,8.66706,-43.27682
36.078106,-79.008928,8,0.52,135.2,7.79,923403,7.79,7.79462,-4.002,4.31426,-0.13622,0.0901,-0.0788,86.4221,10.96171,-41.12833
36.078105,-79.008928,8,0.47,135.5,7.75,924403,7.75,7.74617,-3.99063,4.35075,-0.14508,0.05605,-0.08384,86.20287,12.18942,-38.08828
36.078104,-79.008929,8,0.54,135.6,7.8,925403,7.8,7.8018,-3.98943,4.34417,-0.14019,0.06338,-0.0759,86.71441,14.08945,-35.4867
36.078103,-79.008932,8,0.64,135.3,7.81,926403,7.81,7.80718,-4.02114,4.33699,-0.13989,0.08659,-0.04368,86.90441,17.01257,-33.00204
36.078102,-79.008934,9,0.41,134.8,7.81,927403,7.81,7.80958,-4.02293,4.33579,-0.1292,0.06536,-0.07758,86.84595,19.62876,-31.18971
36.078102,-79.008939,9,0.7,134.9,7.82,928403,7.82,7.82214,-4.02473,4.36929,-0.12706,0.06826,-0.07178,85.86671,22.59573,-30.16662
36.078099,-79.008941,9,1.14,134.5,7.82,929403,7.82,7.81556,-4.02413,4.37288,-0.14783,0.05971,-0.02947,84.90208,24.715,-28.2812
36.078097,-79.008945,9,0.47,134.2,7.78,930403,7.78,7.77966,-3.99242,4.34896,-0.115,0.0588,-0.07422,84.12745,26.93657,-29.11429
36.078095,-79.008947,9,0.7,134.1,7.83,931403,7.83,7.82932,-3.98884,4.32622,-0.11026,0.06399,-0.05666,82.75358,29.74277,-27.81351
36.078093,-79.008948,9,0.45,134.2,7.83,932403,7.83,7.83111,-4.03908,4.3663,-0.09148,0.06368,-0.07208,82.18357,32.35896,-28.92429
36.078091,-79.008952,9,0.38,134.4,7.8,933403,7.8,7.8018,-4.02772,4.3687,-0.12171,0.08079,-0.06002,80.99971,35.32593,-28.8366
36.078089,-79.008954,9,0.67,134.5,7.82,934403,7.82,7.82333,-4.02533,4.34896,-0.17287,0.08384,-0.07682,79.36276,38.57059,-29.55276
36.078087,-79.008957,9,0.6,134.8,7.78,935403,7.78,7.77966,-4.01097,4.32921,-0.19945,0.12309,-0.09026,77.17042,41.87372,-31.35048
36.078085,-79.008959,8,0.7,134.7,7.81,936403,7.81,7.80658,-4.03968,4.36152,-0.23305,0.10003,-0.12843,73.10728,45.80532,-34.85823
36.078085,-79.008961,8,0.08,134.4,7.83,937403,7.83,7.82991,-3.99542,4.33639,-0.25244,0.11347,-0.13118,70.5057,47.85151,-38.92137
36.078086,-79.008967,8,0.72,134.7,7.8,938403,7.8,7.80419,-4.00977,4.34058,-0.25259,0.1376,-0.12294,66.80795,49.07922,-44.81146
36.078088,-79.008972,8,0.86,135,7.81,939403,7.81,7.80718,-4.02652,4.34596,-0.24603,0.1434,-0.13103,65.05408,48.33382,-50.87694
36.07809,-79.008977,8,0.9,135,7.82,940403,7.82,7.82034,-4.0331,4.33699,-0.25488,0.12859,-0.12462,63.92868,46.27302,-56.8401
36.078092,-79.00898,8,0.12,135,7.83,941403,7.83,7.8347,-4.02473,4.41117,-0.25397,0.13851,-0.1266,63.47559,41.9468,-60.64016
36.078091,-79.008979,8,0.22,135.7,7.8,942403,7.8,7.8024,-4.00618,4.38186,-0.25519,0.12507,-0.11988,63.69483,36.46595,-63.66559
36.078095,-79.008982,8,0.22,135.5,7.79,943403,7.79,7.78744,-4.01575,4.35075,-0.22174,0.13408,-0.14752,65.24408,30.8097,-65.33177
36.0781,-79.008985,8,0.13,134.8,7.82,944403,7.82,7.82333,-3.98584,4.33041,-0.2303,0.11362,-0.11179,67.99181,24.87577,-66.96872
36.0781,-79.008986,8,0.2,134.9,7.81,945403,7.81,7.81017,-4.02592,4.32921,-0.20754,0.12202,-0.12798,70.62262,20.28647,-65.90178
36.078102,-79.008987,8,0.41,135.2,7.84,946403,7.84,7.84128,-4.03729,4.33699,-0.22037,0.10614,-0.10553,73.39959,15.6387,-64.29407
36.0781,-79.008987,8,0.51,135.4,7.81,947403,7.81,7.80958,-4.04686,4.32622,-0.21777,0.09988,-0.09606,76.16194,12.16019,-60.72786
36.078099,-79.008989,8,0.45,134.7,7.81,948403,7.81,7.80778,-4.02234,4.35135,-0.19563,0.09071,-0.11087,79.27506,10.07016,-56.91319
36.078099,-79.008989,8,0.33,134.4,7.85,949403,7.85,7.84666,-4.01396,4.39741,-0.18967,0.10369,-0.09102,81.40895,8.21397,-53.62467
36.078099,-79.008987,8,0.45,134.6,7.81,950403,7.81,7.80599,-4.0349,4.28614,-0.17119,0.11057,-0.09881,82.98743,8.0532,-49.89769
36.078099,-79.008985,8,0.4,134.7,7.82,951403,7.82,7.81795,-4.05045,4.34776,-0.1773,0.09316,-0.08659,84.58054,9.20783,-46.12686
36.078099,-79.008984,8,0.35,135,7.79,952403,7.79,7.79163,-4.02652,4.32383,-0.16982,0.09423,-0.07575,86.75826,10.69863,-41.9468
36.078097,-79.008983,8,0.33,135,7.79,953403,7.79,7.78505,-4.00678,4.34716,-0.15852,0.10522,-0.0869,86.58287,12.23327,-38.93598
36.078093,-79.00898,8,0.22,135,7.81,954403,7.81,7.81137,-4.02413,4.36989,-0.16295,0.07926,-0.08491,87.34288,14.86407,-34.98977
36.078091,-79.00898,8,0.53,135.1,7.77,955403,7.77,7.77368,-4.01276,4.28136,-0.13271,0.11255,-0.10125,87.24057,17.52412,-33.39667
36.078087,-79.00898,8,0.41,135.2,7.83,956403,7.83,7.82932,-4.01276,4.30529,-0.14981,0.06414,-0.0675,86.99211,20.34493,-31.20432
36.078083,-79.00898,9,0.38,135,7.83,957403,7.83,7.83171,-4.02533,4.33161,-0.13836,0.08231,-0.06261,85.55978,23.19497,-29.80123
36.078078,-79.008979,9,0.37,135.4,7.78,958403,7.78,7.77966,-4.0337,4.33938,-0.12599,0.08048,-0.05452,84.94592,26.13271,-29.4943
36.078075,-79.008977,9,0.06,135.3,7.82,959403,7.82,7.82274,-3.98644,4.34716,-0.11729,0.04826,-0.07071,84.22975,29.33353,-29.72815
36.078075,-79.008977,9,0.07,135.7,7.8,960403,7.8,7.79641,-3.99781,4.32802,-0.0985,0.08125,-0.04627,83.26513,32.08126,-29.18737
36.078075,-79.008975,9,0.51,136.2,7.82,961403,7.82,7.81556,-4.02652,4.35135,-0.08674,0.05116,-0.04566,81.75972,34.24437,-28.96814
36.078074,-79.008976,9,0.38,136.5,7.84,962403,7.84,7.83709,-4.002,4.33819,-0.0704,0.04765,-0.04261,80.86816,35.35516,-29.43584
36.07807,-79.008974,8,0.63,136.3,7.81,963403,7.81,7.80539,-4.03191,4.34237,-0.07559,0.05696,-0.01817,80.4297,37.66442,-29.37737
36.078068,-79.008976,8,0.17,136.4,7.81,964403,7.81,7.80599,-4.04208,4.37528,-0.07437,0.02642,-0.05544,79.59661,38.64367,-29.84507
36.078063,-79.008977,8,0.74,136.4,7.8,965403,7.8,7.79701,-4.03011,4.33579,-0.06216,0.06231,-0.04979,78.77814,39.85677,-31.48202
36.078061,-79.008979,8,0.68,136.5,7.81,966403,7.81,7.81197,-4.06122,4.31007,-0.07055,0.03497,-0.0307,77.74043,40.89447,-31.73049
36.078058,-79.00898,8,0.46,136.7,7.8,967403,7.8,7.80419,-4.04387,4.34596,-0.05452,0.02199,-0.06338,77.30196,42.38527,-31.3651
36.078054,-79.008983,8,0.53,137,7.82,968403,7.82,7.81735,-3.99781,4.30588,-0.05467,0.03787,-0.0226,76.42502,42.70681,-31.7451
36.078051,-79.008983,9,0.3,137.2,7.82,969403,7.82,7.81556,-4.03729,4.30888,-0.04566,0.031,-0.01145,75.43116,43.55452,-32.78281
36.078046,-79.008981,9,0.71,137.2,7.84,970403,7.84,7.84307,-4.03071,4.31127,-0.03406,0.01542,-0.02474,75.62116,44.24145,-33.68898
36.078043,-79.00898,9,0.33,137.4,7.8,971403,7.8,7.79941,-4.02533,4.3352,-0.03726,0.00382,-0.00977,75.29962,44.16837,-32.59281
36.07804,-79.00898,9,0.33,137.6,7.81,972403,7.81,7.80958,-4.02832,4.34417,-0.03054,0.02718,0.00504,74.81731,43.89067,-33.44051
36.078036,-79.008977,9,0.37,138.5,7.81,973403,7.81,7.80778,-4.01994,4.35374,-0.03314,-0.00977,-0.00092,75.24116,44.70915,-34.20052
36.078033,-79.008978,9,0.31,138.7,7.81,974403,7.81,7.80898,-4.05763,4.35853,-0.01451,0.02841,-0.01451,75.73809,44.44607,-33.8059
36.07803,-79.008982,8,0.52,138.9,7.85,975403,7.85,7.85145,-4.01037,4.35793,-0.02062,0.00367,-0.01038,75.59193,44.40222,-33.57205
36.078031,-79.008985,8,0.1,138.7,7.82,976403,7.82,7.82274,-4.05942,4.35853,-0.02489,0.02184,-0.01283,75.21192,44.65068,-33.10435
36.078023,-79.008982,8,1.53,139.1,7.81,977403,7.81,7.81436,-4.0331,4.38066,-0.03635,0.03406,-0.01359,75.05116,44.79684,-33.8059
36.078023,-79.008987,8,0.75,139,7.81,978403,7.81,7.80958,-4.01097,4.32263,-0.03207,0.03589,-0.03329,74.42268,45.70301,-33.16282
36.078018,-79.008988,8,0.75,139.7,7.79,979403,7.79,7.79462,-3.99781,4.32862,-0.04276,0.03039,-0.01741,74.48115,45.55685,-33.36744
36.078015,-79.008994,8,0.87,140.8,7.78,980403,7.78,7.77667,-4.04148,4.32622,-0.03146,0.04352,-0.0197,73.9696,45.96609,-34.97515
36.078013,-79.008996,9,0.41,141.2,7.81,981403,7.81,7.80958,-4.00798,4.32921,-0.03864,0.01924,-0.02505,73.95498,46.40456,-35.31131
36.078011,-79.008998,9,0.41,141.4,7.8,982403,7.8,7.8,-4.02652,4.39023,-0.02214,0.0478,0.00351,72.63958,47.0038,-35.58901
36.078006,-79.008999,9,1.16,141.7,7.8,983403,7.8,7.80359,-4.01157,4.37348,-0.0223,0.01787,-0.01283,72.53727,46.84303,-36.18825
36.078002,-79.008999,9,0.44,142.1,7.79,984403,7.79,7.79402,-4.04327,4.36212,-0.02428,0.01741,-0.00748,73.10728,47.06226,-35.77901
36.078,-79.008999,9,0.46,142.5,7.84,985403,7.84,7.83709,-4.01037,4.34178,-0.02764,-0.00443,-0.00764,72.59573,46.69687,-35.8667
36.077998,-79.009,9,0.47,142.9,7.81,986403,7.81,7.81197,-4.02174,4.31605,-0.01069,0.01924,-0.01817,73.23882,46.82841,-36.59749
36.077997,-79.009003,9,0.44,143.1,7.83,987403,7.83,7.8329,-3.98584,4.33819,-0.02688,0.01176,-0.00015,72.55189,46.78456,-34.96054
36.077998,-79.009002,9,0.56,143,7.8,988403,7.8,7.79582,-4.06481,4.35673,-0.02841,0.02673,0.00657,72.15726,47.13534,-36.08594
36.077995,-79.008999,9,0.39,143.9,7.82,989403,7.82,7.82154,-3.98884,4.401,-0.0252,-0.00794,-0.03421,72.14265,46.91611,-36.96288
36.077992,-79.008997,9,0.77,144.5,7.82,990403,7.82,7.81556,-4.02353,4.26162,-0.01359,0.04979,0.00183,72.69804,46.44841,-36.3344
36.077994,-79.009,9,0.22,144.6,7.81,991403,7.81,7.81197,-3.99063,4.41536,-0.01802,0.0139,-0.02688,72.04034,47.42765,-37.05057
36.077991,-79.009004,9,0.7,144.9,7.84,992403,7.84,7.84367,-4.03849,4.3328,-0.02413,0.01558,-0.01848,71.67495,47.67612,-37.02134
36.077988,-79.009002,9,0.26,145.4,7.82,993403,7.82,7.82214,-4.02054,4.35075,-0.01787,0.01451,-0.01542,71.64572,47.63227,-37.60596
36.077986,-79.009003,9,0.3,145.6,7.81,994403,7.81,7.81496,-4.01157,4.34596,0.00321,0.04062,-0.02779,71.60188,47.63227,-37.78135
36.077985,-79.009007,8,0.75,145.9,7.8,995403,7.8,7.8018,-4.03011,4.32622,-0.03406,0.01222,0.00428,71.66033,47.51535,-36.34902
36.077987,-79.00901,8,0.66,145.7,7.83,996403,7.83,7.83051,-4.0343,4.35374,-0.01451,0.02062,-0.03421,71.42648,47.51535,-36.53902
36.077988,-79.009016,8,0.52,145.6,7.66,997403,7.66,7.66361,-4.01994,4.30947,-0.02657,0.03085,-0.00489,71.73341,47.57381,-36.72903
36.07799,-79.009021,8,0.35,145.5,7.76,998403,7.76,7.75813,-4.0349,4.29392,-0.02673,0.00489,-0.0226,71.35341,47.58842,-36.94826
36.077987,-79.009025,9,0.25,146.2,7.84,999403,7.84,7.84128,-4.01994,4.31067,-0.04062,-0.01894,-0.00183,71.25109,47.42765,-37.3575
36.077988,-79.009029,9,0.03,145.7,7.82,1000403,7.82,7.82214,-4.01994,4.32204,-0.0142,0.01374,0.00764,71.76264,47.98305,-37.67904
36.077982,-79.009035,8,0.45,146,7.79,1001403,7.79,7.79462,-4.01336,4.33938,0.00764,0.00993,0.00596,71.49957,48.09997,-37.57673
36.077981,-79.009041,8,0.22,146.2,7.8,1002403,7.8,7.8012,-4.01097,4.35793,0.01436,0.01298,0.00947,71.98188,47.79304,-37.50365
36.077979,-79.009045,8,0.44,146.5,7.84,1003403,7.84,7.84008,-4.03849,4.36451,0.02459,-0.02627,0.00382,72.24496,47.17919,-36.64133
36.077975,-79.009049,8,0.51,146.7,7.8,1004403,7.8,7.80359,-3.98943,4.30708,0.05742,-0.00321,0.02046,72.68343,46.43379,-35.55978
36.07797,-79.009051,9,0.79,146.9,7.8,1005403,7.8,7.8024,-4.01037,4.32024,0.06658,-0.02291,0.02657,73.82345,45.55685,-33.83514
36.077966,-79.009056,9,0.7,148.3,7.83,1006403,7.83,7.82991,-4.02174,4.31246,0.08247,-0.00214,0.03497,75.10962,43.86144,-32.69512
36.077965,-79.009057,9,0.39,148,7.81,1007403,7.81,7.81496,-4.02353,4.35195,0.0869,-0.04597,0.0391,76.07425,42.48758,-31.80357
36.077964,-79.009059,9,0.43,148.2,7.82,1008403,7.82,7.81795,-4.02772,4.31426,0.09697,-0.0423,0.05376,78.44198,40.03215,-30.98509
36.077964,-79.00906,9,0.4,148.6,7.81,1009403,7.81,7.81496,-4.01037,4.31964,0.11057,-0.03176,0.04016,79.80122,37.78135,-29.69892
36.077964,-79.009055,9,0.37,149,7.81,1010403,7.81,7.80958,-4.05045,4.31067,0.10308,-0.05757,0.04963,81.24817,34.22976,-27.46273
36.077964,-79.009057,9,0.86,148.8,7.82,1011403,7.82,7.82214,-3.99063,4.39502,0.12309,-0.03024,0.05742,82.98743,31.02894,-27.76966
36.077963,-79.009054,9,0.33,148.5,7.81,1012403,7.81,7.80658,-4.02353,4.37408,0.13057,-0.02947,0.06399,84.31745,27.46273,-28.44198
36.077962,-79.009054,9,0.44,147.4,7.79,1013403,7.79,7.78565,-4.0014,4.33041,0.12767,-0.05941,0.04749,85.85209,23.04882,-28.6466
36.07796,-79.009056,9,0.51,146.8,7.83,1014403,7.83,7.82991,-3.99123,4.36271,0.12691,-0.04368,0.062,86.62672,21.11956,-29.24584
36.077956,-79.009056,9,0.66,147,7.8,1015403,7.8,7.79522,-3.99242,4.32323,0.12599,-0.0368,0.06964,87.7375,17.29027,-32.2128
36.077956,-79.009054,9,0.33,147,7.81,1016403,7.81,7.80898,-4.00319,4.34297,0.11912,-0.05941,0.04704,87.45981,13.95791,-35.17977
36.077956,-79.009052,9,0.39,147,7.82,1017403,7.82,7.82393,-3.9673,4.32144,0.1179,-0.03406,0.07239,87.3575,11.50249,-36.59749
36.077954,-79.00905,9,0.3,147,7.82,1018403,7.82,7.82333,-4.02832,4.34477,0.11744,-0.04184,0.0536,86.52441,10.17246,-39.63753
36.077952,-79.009049,9,0.46,147.3,7.83,1019403,7.83,7.82632,-3.99422,4.31426,0.10003,-0.05024,0.06338,85.55978,8.06782,-43.48144
36.077953,-79.009046,9,0.24,147.4,7.81,1020403,7.81,7.80658,-4.01755,4.3352,0.10782,-0.04795,0.04154,84.24437,7.5855,-46.12686
36.077951,-79.009041,9,0.41,148,7.81,1021403,7.81,7.81436,-3.98704,4.33161,0.11026,-0.05085,0.02749,83.30898,7.48319,-49.32768
36.077952,-79.00904,9,0.43,147.5,7.83,1022403,7.83,7.83051,-4.01217,4.31605,0.09667,-0.01878,0.07468,82.34435,7.76089,-52.10464
36.077951,-79.009039,9,0.23,147.2,7.82,1023403,7.82,7.82154,-4.01695,4.37707,0.10919,-0.04994,0.01787,80.48817,7.8632,-54.9693
36.077951,-79.009037,9,0.21,146.8,7.83,1024403,7.83,7.82812,-3.98525,4.30828,0.08628,-0.04368,0.06124,79.40661,8.76937,-56.78164
36.077954,-79.009035,9,0.12,146,7.82,1025403,7.82,7.81615,-4.0014,4.38245,0.10186,-0.02291,0.04368,77.38965,10.28939,-59.51476
36.077953,-79.009032,9,0.43,146.2,7.81,1026403,7.81,7.80539,-4.00738,4.32503,0.09071,-0.03406,0.04872,75.86963,11.83864,-60.8594
36.077949,-79.009034,9,0.71,146,7.8,1027403,7.8,7.79582,-4.0014,4.33938,0.09423,-0.03619,0.04016,74.14499,14.13329,-63.25636
36.077949,-79.009034,9,0.22,146.6,7.82,1028403,7.82,7.82094,-3.99601,4.34118,0.1069,-0.02184,0.02306,72.68343,16.47179,-64.11868
36.077947,-79.009035,9,0.54,146.9,7.82,1029403,7.82,7.81615,-4.02712,4.34716,0.09957,-0.02321,0.04688,71.38264,18.76644,-64.981
36.077946,-79.009037,8,0.41,146.9,7.81,1030403,7.81,7.80778,-4.00678,4.32144,0.08659,-0.05971,0.02993,69.92107,21.70418,-66.34025
36.077949,-79.009042,9,0.18,146.6,7.86,1031403,7.86,7.86281,-3.96969,4.32383,0.07697,-0.03665,0.07025,68.26951,23.51652,-66.74949
36.077951,-79.009045,8,0.32,145.8,7.81,1032403,7.81,7.81077,-4.02891,4.31067,0.09743,-0.02718,0.04154,66.70564,26.36656,-66.72026
36.077953,-79.009047,8,0.26,145.7,7.84,1033403,7.84,7.84307,-3.99242,4.3352,0.10369,-0.02337,0.04093,65.78486,29.91815,-66.83718
36.077953,-79.009049,8,0.89,145,7.85,1034403,7.85,7.84726,-4.01575,4.3334,0.08613,-0.04078,0.04902,65.50716,32.84127,-66.03333
36.077954,-79.009051,8,0.47,143.9,7.81,1035403,7.81,7.81376,-4.00977,4.35733,0.09026,-0.02611,0.07025,64.19176,35.12131,-65.75563
36.077954,-79.009054,8,0.41,143.8,7.81,1036403,7.81,7.80539,-3.98644,4.18804,0.09972,-0.05284,0.01756,63.30021,38.27828,-64.41099
36.077954,-79.009055,8,0.76,143.1,7.84,1037403,7.84,7.84188,-3.999,4.30469,0.09575,-0.04994,0.03742,63.09559,40.8214,-61.75095
36.077957,-79.009059,8,0.36,142.9,7.82,1038403,7.82,7.82333,-3.98225,4.32263,0.10049,-0.03299,0.04948,63.06636,42.42912,-60.61093
36.077958,-79.009065,8,0.38,142.9,7.81,1039403,7.81,7.80599,-4.00798,4.35793,0.10369,-0.03619,0.05635,62.8325,44.35838,-58.09705
36.077954,-79.009067,8,1.14,142.9,7.77,1040403,7.77,7.77488,-3.999,4.34178,0.10919,-0.03787,0.02886,59.89477,46.2584,-55.8024
36.077955,-79.00907,8,0.12,142.6,7.83,1041403,7.83,7.82692,-3.98166,4.34477,0.10095,-0.03268,0.04062,64.27945,47.77843,-52.8062
36.077956,-79.009072,8,0.31,142.3,7.78,1042403,7.78,7.78026,-3.99841,4.35613,0.09804,-0.04291,0.04154,65.02485,48.94768,-50.49693
36.077957,-79.00907,8,0.05,142.4,7.83,1043403,7.83,7.82632,-3.97089,4.36212,0.11026,-0.03176,0.01481,65.98948,48.75767,-48.07074
36.077958,-79.009072,9,0.14,142.2,7.85,1044403,7.85,7.85384,-3.99003,4.33161,0.09331,-0.03192,0.03879,67.74335,48.96229,-45.95148
36.077957,-79.009073,9,0.1,142.4,7.84,1045403,7.84,7.84307,-3.9685,4.34178,0.08308,-0.04062,0.03971,68.54721,48.45074,-43.61298
36.077958,-79.009076,9,0.24,142.5,7.8,1046403,7.8,7.8024,-3.99422,4.36989,0.08247,-0.02993,0.0449,69.19029,48.01228,-40.1637
36.077958,-79.009077,9,0.1,142.5,7.79,1047403,7.79,7.79223,-4.00379,4.33938,0.07789,-0.02825,0.03772,70.47646,48.09997,-38.77521
36.077959,-79.009077,9,0.15,142.9,7.81,1048403,7.81,7.81496,-3.99242,4.32742,0.07697,-0.03375,0.03375,71.74802,46.68225,-36.77287
36.077962,-79.009079,9,0.13,142.6,7.82,1049403,7.82,7.82034,-4.00499,4.32562,0.07605,-0.02306,0.03757,73.70652,45.46916,-34.79977
36.077965,-79.009083,9,0.56,142.5,7.81,1050403,7.81,7.81376,-4.0002,4.37827,0.06613,-0.03528,0.04704,75.02192,44.32914,-34.1713
36.077965,-79.009083,9,0.18,142,7.82,1051403,7.82,7.82214,-4.02234,4.3011,0.0843,-0.01145,0.03635,76.24963,42.25373,-31.99357
36.077964,-79.009084,9,0.18,142,7.85,1052403,7.85,7.84547,-4.0014,4.35853,0.06597,-0.03161,0.04154,77.50658,40.39754,-30.37124
36.077964,-79.009085,9,0.18,142.2,7.83,1053403,7.83,7.82513,-3.99362,4.36212,0.0704,-0.01344,0.03543,79.24583,38.57059,-30.44431
36.077962,-79.009083,9,0.17,142,7.81,1054403,7.81,7.81316,-4.00319,4.38425,0.06048,-0.03299,0.02489,79.87431,37.62058,-29.72815
36.077962,-79.009081,9,0.43,142.1,7.8,1055403,7.8,7.803,-3.9996,4.35015,0.06429,-0.00977,0.02382,80.82432,35.22362,-29.962
36.077959,-79.009083,9,0.17,142.6,7.84,1056403,7.84,7.84188,-3.99362,4.33041,0.0591,-0.00916,0.03054,81.99357,33.58667,-28.90967
36.077959,-79.009084,9,0.18,143.1,7.82,1057403,7.82,7.82094,-3.85663,4.2993,0.0536,-0.03085,0.01344,82.87051,31.40895,-27.66735
36.077958,-79.009085,9,0.28,143,7.82,1058403,7.82,7.81855,-3.99542,4.33579,0.0423,-0.01527,0.02184,83.35282,30.19585,-28.96814
36.077956,-79.009085,9,0.3,143.3,7.82,1059403,7.82,7.82094,-4.01456,4.33579,0.03726,-0.0223,0.01313,83.8936,28.73429,-28.16428
36.077956,-79.009086,9,0.33,143.1,7.82,1060403,7.82,7.81915,-4.01934,4.3352,0.03512,-0.00199,0.02978,84.71207,27.25811,-29.20199
36.077955,-79.009086,9,0.21,143.2,7.83,1061403,7.83,7.82513,-3.99003,4.33639,0.03528,-0.02214,0.01145,84.62438,25.48962,-28.8366
36.077954,-79.009083,9,0.29,142.8,7.81,1062403,7.81,7.81436,-4.01217,4.31246,0.03986,0.00046,0.01985,85.25285,24.46653,-29.74277
36.077953,-79.009084,9,0.13,141.8,7.82,1063403,7.82,7.82154,-3.98644,4.29392,0.03818,-0.00489,0.01939,85.85209,23.15112,-29.772
36.077952,-79.009082,9,0.2,141.9,7.82,1064403,7.82,7.82034,-3.98704,4.37468,0.03589,-0.00244,0.01237,85.72055,21.79187,-29.69892
36.07795,-79.009083,9,0.26,141.3,7.81,1065403,7.81,7.80958,-3.98644,4.38844,0.03253,-0.00504,0.00748,86.99211,20.41801,-30.66355
36.077948,-79.009077,9,0.15,141.9,7.82,1066403,7.82,7.82094,-3.99063,4.30828,0.03467,-0.01313,-0.00229,86.21748,19.59953,-31.04355
36.077946,-79.009075,9,0.17,141.7,7.83,1067403,7.83,7.82812,-3.97209,4.31665,0.02306,0.00076,0.0197,87.26981,18.26951,-32.05203
36.077943,-79.009071,9,0.21,141,7.81,1068403,7.81,7.81077,-3.99542,4.35434,0.03238,0.00702,-0.00412,87.51827,17.71412,-32.18357
36.07794,-79.009063,9,0.26,141.5,7.82,1069403,7.82,7.82393,-4.00499,4.34417,0.01878,-0.00779,0.00336,87.03596,16.70564,-33.76206
36.077938,-79.00906,9,0.18,141.7,7.82,1070403,7.82,7.81915,-4.00678,4.34417,0.01772,0.00305,0.00932,87.19672,16.15025,-32.9582
36.077935,-79.009059,9,0.18,141.7,7.83,1071403,7.83,7.8335,-4.01037,4.35374,0.00657,-0.00626,0.00199,86.67056,15.15639,-33.83514
36.077934,-79.009055,9,0.14,141.7,7.79,1072403,7.79,7.79043,-3.99123,4.334,0.0113,0.00137,-0.00214,87.00672,14.68869,-34.0836
36.077933,-79.009054,9,0.54,141.5,7.81,1073403,7.81,7.81137,-3.98106,4.36271,0.00458,-0.0029,0.00229,87.00672,14.14791,-34.91669
36.077932,-79.009054,9,0.29,141.6,7.84,1074403,7.84,7.84367,-3.99183,4.35135,0.0084,0.00718,0.00702,86.90441,13.75329,-35.17977
36.07793,-79.009051,9,0.15,141.8,7.82,1075403,7.82,7.81735,-3.99123,4.32443,0.00916,0.00825,0.00718,86.94827,13.09559,-35.99825
36.077929,-79.009049,8,0.21,141.6,7.81,1076403,7.81,7.80599,-4.01037,4.35733,0.00855,0.00382,-0.00229,87.13827,12.8325,-36.6121
36.077928,-79.009048,8,0.32,141.1,7.81,1077403,7.81,7.80958,-4.10668,4.30409,0.01176,0.0055,-0.01222,87.00672,12.75943,-36.8021
36.077928,-79.009048,8,0.45,140.8,7.85,1078403,7.85,7.84666,-4.01217,4.34477,0.00321,0.01588,0.01023,87.10903,12.33558,-38.13213
36.077926,-79.009048,8,0.4,140.4,7.81,1079403,7.81,7.81496,-4.00618,4.35972,-0.00336,0.00367,-0.0055,86.8898,12.74481,-38.11751
36.077925,-79.00905,8,0.09,140,7.81,1080403,7.81,7.81197,-3.98584,4.34537,0.00336,0.01558,-0.01252,87.19672,12.10172,-37.37211
36.077923,-79.009048,8,0.29,140,7.84,1081403,7.84,7.84068,-3.98225,4.35554,-0.00137,0.01955,0.00137,86.74364,12.1748,-38.4829
36.077922,-79.009047,8,0.35,140,7.83,1082403,7.83,7.83171,-3.98764,4.35075,-0.00535,0.00489,-0.00962,87.21134,11.60479,-38.0152
36.077921,-79.00905,8,0.22,139.5,7.83,1083403,7.83,7.82872,-4.01934,4.29332,0.00183,0.01817,-0.00076,86.43671,11.99942,-38.74598
36.077922,-79.009048,8,0.16,139.2,7.8,1084403,7.8,7.80479,-3.97986,4.32862,-0.00611,0.00626,-0.01344,86.78748,11.18094,-39.40368
36.077922,-79.009051,9,0.22,139.3,7.81,1085403,7.81,7.81017,-3.99063,4.32802,-0.00412,0.01573,-0.00733,86.80211,10.59632,-39.18445
36.077921,-79.009051,9,0.23,139.2,7.84,1086403,7.84,7.84427,-3.99542,4.35793,-0.01115,0.00916,0.00244,86.23209,11.44402,-38.83368
36.07792,-79.009052,9,0.22,139,7.85,1087403,7.85,7.84607,-4.00618,4.36571,-0.00672,0.01283,-0.00687,86.99211,10.68401,-37.95674
36.07792,-79.009053,9,0.13,138.7,7.82,1088403,7.82,7.82333,-3.99841,4.31905,-0.00916,0.00626,-0.01405,86.49518,11.09325,-39.00906
36.077917,-79.009051,9,0.2,138.6,7.81,1089403,7.81,7.80539,-4.0008,4.33998,-0.00916,0.01772,-0.00535,86.5098,11.29787,-39.34522
36.077915,-79.009051,9,0.26,138.5,7.8,1090403,7.8,7.8012,-3.99123,4.28674,-0.00993,0.0168,-0.00641,86.84595,11.03479,-39.37445
36.077916,-79.009055,9,0.32,138.1,7.96,1091403,7.96,7.95853,-4.02473,4.31905,-0.02184,0.00351,-0.00535,86.68518,11.44402,-38.68752
36.077915,-79.009054,9,0.03,138,7.81,1092403,7.81,7.81257,-3.98704,4.34118,-0.00764,0.02993,-0.00687,87.0798,11.09325,-39.27214
36.077912,-79.009052,9,0.44,138.2,7.82,1093403,7.82,7.81556,-4.01336,4.36331,-0.01313,0.02031,-0.0084,86.91903,10.93248,-39.30138
36.07791,-79.00905,9,0.39,138.2,7.82,1094403,7.82,7.81615,-3.98644,4.3334,-0.01741,0.00825,-0.02169,86.97749,10.97632,-39.35984
36.077907,-79.009047,9,0.46,138.2,7.83,1095403,7.83,7.82812,-3.99063,4.34896,-0.02107,0.01939,-0.01237,86.72903,11.37094,-39.73984
36.077906,-79.009048,9,0.74,138.3,7.83,1096403,7.83,7.82932,-3.99242,4.32682,-0.01787,0.02275,-0.011,87.06519,11.34171,-38.64367
36.077903,-79.009049,9,0.52,138.3,7.78,1097403,7.78,7.78445,-4.0008,4.3352,-0.02535,0.01924,-0.00153,87.59135,11.66326,-39.62292
36.0779,-79.009048,9,0.26,138,7.83,1098403,7.83,7.82932,-3.99242,4.2999,-0.02398,0.01955,-0.02337,87.25519,11.37094,-39.09676
36.077899,-79.009047,9,0.15,137.9,7.81,1099403,7.81,7.81137,-3.97567,4.34237,-0.02749,0.01787,-0.02138,87.40134,11.76557,-38.92137
36.077898,-79.009045,9,0.25,136.9,7.81,1100403,7.81,7.81316,-3.97926,4.34237,-0.03635,0.04505,0.00687,87.22595,12.42327,-38.7606
36.077894,-79.009041,9,0.29,137.4,7.81,1101403,7.81,7.80658,-4.0002,4.33101,-0.03482,0.02275,-0.03604,87.32827,11.9848,-38.13213
36.077892,-79.00904,9,0.13,137.3,7.8,1102403,7.8,7.79522,-4.01396,4.32742,-0.04749,0.03146,-0.00794,87.29903,13.49021,-36.99211
36.077887,-79.009039,9,0.18,137.8,7.85,1103403,7.85,7.84966,-3.99063,4.33101,-0.03833,0.02902,-0.0452,87.28442,13.27097,-36.97749
36.077886,-79.00904,9,0.31,137.7,7.83,1104403,7.83,7.82573,-3.99302,4.42373,-0.06185,0.04047,-0.02062,87.64981,14.19176,-36.07132
36.077883,-79.00904,9,0.47,137.6,7.82,1105403,7.82,7.82453,-4.00977,4.32562,-0.06307,0.03268,-0.03894,87.72289,14.82023,-35.35516
36.077881,-79.009039,9,0.35,137.4,7.84,1106403,7.84,7.84307,-4.00559,4.36451,-0.04032,0.02932,-0.03238,87.19672,15.43408,-33.87898
36.077881,-79.009041,9,0.24,137.4,7.83,1107403,7.83,7.82573,-4.01934,4.32263,-0.07025,0.04398,-0.04078,86.93364,16.69103,-33.41128
36.077881,-79.009043,9,0.17,137.3,7.82,1108403,7.82,7.82393,-3.98046,4.34297,-0.08338,0.03787,-0.0504,87.48904,18.4449,-31.81818
36.07788,-79.009045,9,0.2,137.1,7.81,1109403,7.81,7.80539,-3.97807,4.35314,-0.08934,0.04917,-0.02596,86.45132,19.97954,-31.37971
36.077878,-79.009044,9,0.28,136.7,7.81,1110403,7.81,7.81017,-4.12283,4.3328,-0.08048,0.06429,-0.0478,86.40749,21.80649,-30.23969
36.077876,-79.009042,9,0.32,137.4,7.95,1111403,7.95,7.95434,-3.9667,4.37587,-0.09835,0.03986,-0.04246,86.04209,23.61882,-29.09968
36.077875,-79.009044,8,0.39,137,7.83,1112403,7.83,7.83111,-3.98824,4.32204,-0.09636,0.04856,-0.04246,85.80824,25.50424,-28.45659
36.077874,-79.009045,9,0.37,136.8,7.81,1113403,7.81,7.81077,-3.98225,4.33639,-0.09117,0.06017,-0.03619,85.09208,27.37504,-29.3043
36.077873,-79.009046,9,0.1,136.8,7.83,1114403,7.83,7.82573,-3.98704,4.32921,-0.08598,0.04979,-0.05513,84.27361,30.10816,-29.18737
36.077873,-79.009047,9,0.22,137.3,7.81,1115403,7.81,7.80958,-3.98285,4.31665,-0.08659,0.04933,-0.01924,83.76205,31.35048,-28.14966
36.077868,-79.009046,9,0.3,138.3,7.8,1116403,7.8,7.80479,-3.98584,4.35972,-0.05895,0.03482,-0.06597,83.11897,32.73896,-28.6466
36.077863,-79.009047,9,0.07,139.2,7.84,1117403,7.84,7.83829,-4.00618,4.3011,-0.05773,0.0533,-0.01252,81.96434,34.27361,-28.51505
36.077861,-79.009047,9,0.36,139.3,7.84,1118403,7.84,7.8353,-4.00618,4.34237,-0.06384,0.0168,-0.02367,81.80357,35.16515,-30.12277
36.077857,-79.009049,9,0.59,139.5,7.84,1119403,7.84,7.84427,-3.98525,4.3328,-0.0478,0.02077,-0.03635,81.07278,36.11517,-28.3689
36.077852,-79.009053,9,0.35,138.3,7.84,1120403,7.84,7.84367,-4.00738,4.31905,-0.04307,0.03253,-0.0084,80.61971,36.83134,-28.86583
36.077849,-79.009056,9,0.25,138.7,7.81,1121403,7.81,7.81197,-3.98285,4.31546,-0.02398,0.02413,-0.0168,80.41508,37.00673,-28.88044
36.077846,-79.009057,9,0.36,138.9,7.85,1122403,7.85,7.85025,-3.97807,4.17847,-0.02107,0.00565,-0.00886,80.04969,36.93365,-29.31891
36.077845,-79.009057,9,0.37,139,7.85,1123403,7.85,7.85324,-3.98285,4.35015,0.00932,0.02917,-0.00458,80.67816,37.34288,-29.53815
36.077842,-79.009057,9,0.29,139.7,7.84,1124403,7.84,7.84307,-4.00439,4.32144,-0.02245,-0.00183,0.01878,79.91815,36.52441,-29.28968
36.077841,-79.009059,9,0.35,139.8,7.81,1125403,7.81,7.80838,-4.002,4.34776,0.00137,0.01741,0.00199,80.21046,36.58287,-29.42122
36.077839,-79.009058,9,0.22,139.9,7.85,1126403,7.85,7.84726,-3.97209,4.32981,0.00672,-0.00626,-0.02016,80.00585,36.2321,-29.34814
36.077837,-79.009059,9,0.38,139.6,7.87,1127403,7.87,7.8682,-4.0002,4.3334,0.00702,0.03848,0.02627,80.28354,35.9544,-28.50044
36.077836,-79.00906,9,0.41,140,7.82,1128403,7.82,7.82214,-4.03729,4.34776,0.01405,0.02932,0.01222,80.85355,36.18825,-28.63198
36.077835,-79.009062,9,0.32,140,7.88,1129403,7.88,7.88196,-3.95653,4.30529,0.00428,-0.03115,-0.01344,81.07278,35.03362,-28.29582
36.077834,-79.009062,9,0.33,139.6,7.82,1130403,7.82,7.81735,-3.999,4.3669,0.01802,-0.011,0.00916,81.51125,34.05437,-27.85735
36.077832,-79.009063,9,0.32,138.9,7.81,1131403,7.81,7.81197,-3.99661,4.30588,0.02917,-0.00641,0.00962,82.12511,32.79743,-29.01199
36.077831,-79.009064,9,0.44,139.1,7.81,1132403,7.81,7.81316,-3.9685,4.32323,0.0252,-0.02169,0.01756,82.82665,32.16896,-28.16428
36.07783,-79.009066,9,0.46,138.6,7.81,1133403,7.81,7.81496,-3.99123,4.33699,0.05452,-0.01726,0.00122,83.1482,30.31277,-28.6466
36.077828,-79.009067,9,0.24,138.6,7.87,1134403,7.87,7.8694,-3.98166,4.28734,0.03864,-0.01145,0.06536,84.0836,28.85121,-28.7489
36.077826,-79.009068,9,0.46,138.2,7.84,1135403,7.84,7.84188,-4.04088,4.35554,0.06949,-0.00993,0.0142,84.7413,26.86349,-28.47121
36.077825,-79.009069,8,0.43,137.9,7.79,1136403,7.79,7.79462,-4.04447,4.37049,0.06414,-0.07666,-0.02046,84.91669,25.34347,-29.28968
36.077824,-79.00907,8,0.3,137.7,7.89,1137403,7.89,7.88674,-3.92662,4.28375,0.07132,-0.02214,0.03848,85.83747,22.01111,-28.99737
36.077823,-79.00907,8,0.38,137.3,7.8,1138403,7.8,7.79701,-4.00499,4.36271,0.06078,-0.00611,0.10369,86.11517,21.1634,-30.72201
36.077822,-79.009071,9,0.33,137.1,7.82,1139403,7.82,7.82453,-4.05703,4.37528,0.09407,-0.0478,0.00244,86.74364,18.70798,-31.56972
36.077822,-79.009073,9,0.44,136.9,7.86,1140403,7.86,7.85923,-3.97029,4.31306,0.09591,-0.01268,0.04398,87.00672,16.54487,-33.11897
36.077821,-79.009073,9,0.32,136.7,7.79,1141403,7.79,7.78744,-4.02891,4.33938,0.08186,-0.04673,0.03543,87.24057,13.98714,-35.36977
36.07782,-79.009073,9,0.29,136.5,7.83,1142403,7.83,7.8347,-3.97807,4.31486,0.08537,-0.04078,0.03344,87.03596,12.67173,-36.29056
36.077819,-79.009072,9,0.41,136.5,7.82,1143403,7.82,7.81556,-4.01037,4.31426,0.08216,-0.042,0.05315,86.84595,11.22479,-38.64367
36.077818,-79.009072,9,0.35,136.4,7.67,1144403,7.67,7.66959,-3.93978,4.32981,0.08995,-0.03894,0.0423,85.96901,8.87168,-40.70448
36.077817,-79.009071,9,0.4,136.2,7.81,1145403,7.81,7.80898,-4.00858,4.31845,0.08964,-0.01344,0.06918,85.85209,8.53552,-44.56299
36.077816,-79.00907,9,0.49,135.9,7.82,1146403,7.82,7.82453,-4.02353,4.34776,0.10782,-0.03176,0.02001,84.06898,8.46244,-46.18533
36.077815,-79.009065,9,0.61,135.8,7.82,1147403,7.82,7.81795,-3.97627,4.30947,0.09713,-0.02795,0.05284,83.55744,7.3955,-48.90383
36.077814,-79.009058,9,0.33,136.1,7.79,1148403,7.79,7.78804,-3.98943,4.34537,0.1069,-0.02703,0.03986,82.32973,7.57089,-51.62233
36.077813,-79.009054,9,0.28,135.8,7.79,1149403,7.79,7.79342,-3.95474,4.32742,0.10476,-0.04322,0.02703,80.85355,8.68167,-54.29699
36.077814,-79.009053,9,0.36,135.6,7.78,1150403,7.78,7.77667,-3.97747,4.3663,0.11744,0.00015,0.05147,79.33353,9.55861,-56.78164
36.077813,-79.009051,9,0.55,136.1,7.79,1151403,7.79,7.79342,-3.99123,4.30529,0.09713,-0.0704,0.02581,77.78428,11.44402,-59.96785
36.077814,-79.009044,9,0.45,136.2,7.87,1152403,7.87,7.867,-3.97448,4.29213,0.09377,-0.03986,0.05299,76.35194,12.75943,-60.74247
36.077814,-79.009043,9,0.38,136,7.79,1153403,7.79,7.78505,-3.99542,4.34118,0.11102,-0.00657,0.05513,74.37884,14.33791,-62.77404
36.077815,-79.009042,8,0.24,136.1,7.82,1154403,7.82,7.82094,-4.0008,4.34716,0.09804,-0.08338,0.01344,72.78574,17.02718,-64.30868
36.077815,-79.009043,8,0.29,136,7.81,1155403,7.81,7.80539,-3.97807,4.31785,0.10415,-0.01527,0.05269,70.95878,19.40953,-66.04794
36.077818,-79.009043,8,0.47,136.3,7.79,1156403,7.79,7.79223,-3.98824,4.28913,0.10537,-0.01542,0.04123,69.21952,22.01111,-66.76411
36.077819,-79.009045,8,0.13,136.5,7.84,1157403,7.84,7.83649,-3.97089,4.35254,0.08399,-0.06994,0.02825,68.12336,24.67115,-66.53025
36.07782,-79.009046,8,0.25,136.5,7.82,1158403,7.82,7.82333,-3.95055,4.35673,0.09362,-0.00428,0.06933,67.5095,27.85735,-66.82256
36.077826,-79.00905,8,1.22,136,7.83,1159403,7.83,7.82692,-3.98824,4.32802,0.09667,-0.05406,0.02337,66.09179,29.75738,-66.69102
36.077828,-79.009052,8,0.39,135.8,7.85,1160403,7.85,7.85025,-3.95773,4.28913,0.10431,-0.02459,0.031,65.6387,33.27974,-66.42795
36.07783,-79.009052,8,0.46,136.1,7.82,1161403,7.82,7.82393,-4.0355,4.35733,0.08827,-0.02489,0.06017,64.51331,35.57439,-64.8933
36.077832,-79.009054,8,0.29,136.1,7.83,1162403,7.83,7.8341,-4.01755,4.3334,0.08766,-0.04139,0.04047,63.70944,37.83981,-63.69483
36.077829,-79.009054,8,0.9,136.3,7.82,1163403,7.82,7.82274,-3.98166,4.32204,0.08613,-0.031,0.05024,63.47559,40.3537,-62.20403
36.077833,-79.009052,8,0.21,136.8,7.83,1164403,7.83,7.82812,-3.97508,4.32802,0.0817,-0.0281,0.03925,63.69483,42.56065,-59.50014
36.077836,-79.009049,8,0.14,137.5,7.8,1165403,7.8,7.79821,-4.00259,4.34118,0.08018,-0.0171,0.06338,63.88483,44.37299,-59.00322
36.077839,-79.00905,9,0.38,138.1,7.82,1166403,7.82,7.82094,-4.0014,4.35015,0.08583,-0.04139,0.01451,63.66559,46.08302,-57.42473
36.077839,-79.009052,9,0.06,138.4,7.82,1167403,7.82,7.81735,-3.9679,4.31964,0.07911,-0.04612,0.02993,63.9579,47.01841,-53.44928
36.077839,-79.009056,9,0.06,138.5,7.81,1168403,7.81,7.81257,-3.99302,4.3346,0.07346,-0.0087,0.07147,64.64484,48.36305,-51.95849
36.077838,-79.009061,9,0.29,138.5,7.82,1169403,7.82,7.81915,-4.03669,4.34297,0.0843,-0.02718,0.03467,65.49255,48.69921,-50.45308
36.077835,-79.009065,9,0.3,138.8,7.83,1170403,7.83,7.83111,-3.99781,4.3011,0.08125,-0.04581,0.03161,66.23795,48.56767,-47.61766
36.077832,-79.00907,9,0.21,138.6,7.8,1171403,7.8,7.8,-3.98465,4.35913,0.0898,-0.02413,0.03222,67.11488,49.15229,-45.48378
36.077829,-79.009075,9,0.17,138.8,7.83,1172403,7.83,7.82573,-4.01994,4.34776,0.08674,-0.01512,0.04627,68.47413,49.13768,-42.4145
36.077822,-79.00908,9,1.15,139.3,7.79,1173403,7.79,7.79283,-3.99601,4.33101,0.09102,-0.01481,0.02398,70.44724,47.90997,-40.67524
36.077818,-79.009086,9,0.2,139.6,7.82,1174403,7.82,7.81795,-3.97149,4.32383,0.08216,-0.02642,0.03864,71.00263,47.64688,-39.50599
36.077815,-79.009091,9,0.31,140.2,7.84,1175403,7.84,7.8359,-4.00559,4.33699,0.07666,-0.03238,0.04276,72.52265,46.63841,-37.06519
36.077811,-79.009094,9,0.15,140.3,7.81,1176403,7.81,7.81496,-3.98884,4.34237,0.07117,-0.04505,0.03024,73.85268,45.74686,-34.22976
36.077808,-79.009098,9,0.12,140.6,7.67,1177403,7.67,7.67139,-3.97986,4.34896,0.08094,-0.02382,0.04169,75.03654,44.32914,-33.22128
36.077805,-79.009102,9,0.52,141.1,7.84,1178403,7.84,7.83649,-3.98465,4.31725,0.07804,-0.02123,0.03971,76.1181,42.57527,-31.23356
36.077804,-79.009105,9,0.18,142.2,7.84,1179403,7.84,7.83829,-3.99003,4.34596,0.07071,-0.03299,0.03574,78.0912,41.04063,-29.81584
36.077801,-79.009109,9,0.93,143.3,7.83,1180403,7.83,7.82812,-4.02772,4.34237,0.06979,-0.0336,0.03696,79.43584,38.89214,-30.44431
36.0778,-79.009111,9,0.41,143.7,7.84,1181403,7.84,7.84068,-3.98405,4.35673,0.07055,-0.04001,0.01756,80.38585,36.52441,-28.3689
36.077794,-79.009111,9,0.58,144.2,7.82,1182403,7.82,7.81974,-3.98943,4.32084,0.06353,-0.02138,0.04062,80.8974,35.15054,-28.12043
36.077789,-79.00911,9,0.45,144.7,7.79,1183403,7.79,7.79283,-4.00319,4.401,0.06445,-0.00626,0.05651,81.68664,32.53435,-28.52967
36.077784,-79.009111,9,0.79,144.9,7.79,1184403,7.79,7.78505,-3.98704,4.39801,0.05956,-0.03757,0.02138,83.17744,30.98509,-27.95966
36.077782,-79.009112,9,0.62,144.7,7.84,1185403,7.84,7.8359,-3.94935,4.30529,0.06796,-0.02169,0.02963,84.31745,28.26659,-28.13505
36.07778,-79.009111,9,0.25,145,7.83,1186403,7.83,7.8335,-4.01217,4.37408,0.06414,-0.00199,0.04841,84.43438,26.60041,-29.17276
36.077776,-79.009107,9,0.45,145.3,7.82,1187403,7.82,7.82214,-4.02353,4.32682,0.05757,-0.03314,0.01176,85.00439,24.87577,-29.27507
36.077772,-79.009105,9,0.48,145.5,7.86,1188403,7.86,7.85863,-3.97926,4.34896,0.04948,-0.02413,0.02443,86.17364,22.6542,-28.77814
36.077769,-79.009105,9,0.38,145.7,7.82,1189403,7.82,7.82333,-4.002,4.334,0.0504,-0.01252,0.02153,85.96901,21.23648,-30.16662
36.077767,-79.009106,9,0.51,145.2,7.69,1190403,7.69,7.69173,-4.0014,4.32383,0.05651,-0.01894,0.01191,86.02748,19.59953,-30.63432
36.077763,-79.009108,9,0.39,145.2,7.84,1191403,7.84,7.83769,-3.96969,4.32084,0.04627,-0.00779,0.03512,86.80211,17.81643,-32.24203
36.07776,-79.009108,9,0.37,144.8,7.81,1192403,7.81,7.81257,-4.01755,4.31486,0.05147,0.00183,0.01649,87.03596,16.98334,-32.40281
36.077758,-79.009105,9,0.35,144.3,7.81,1193403,7.81,7.81077,-3.97089,4.3017,0.04139,-0.0252,-0.00199,87.00672,15.34639,-33.41128
36.077756,-79.009104,9,0.3,144.3,7.83,1194403,7.83,7.83171,-3.999,4.3328,0.04047,0.0029,0.03574,87.28442,14.45484,-34.88746
36.077754,-79.009102,9,0.3,144.3,7.82,1195403,7.82,7.81915,-4.01635,4.31187,0.03925,-0.01451,0.01527,87.0798,13.66559,-36.68518
36.077753,-79.0091,9,0.22,144.5,7.82,1196403,7.82,7.81675,-3.98943,4.34776,0.04704,-0.01344,0.00458,86.94827,12.48173,-37.15288
36.077753,-79.0091,9,0.37,143.7,7.95,1197403,7.95,7.95434,-4.01755,4.34596,0.03848,-0.00229,0.02688,87.15288,11.7071,-38.74598
36.077751,-79.009102,9,0.51,143.4,7.8,1198403,7.8,7.79941,-4.00379,4.35314,0.04612,-0.01817,0.00382,86.97749,10.90324,-39.05291
36.077749,-79.009103,9,0.71,143.3,7.83,1199403,7.83,7.82812,-3.9685,4.32383,0.0423,-0.00825,0.011,86.81672,9.734,-40.32447
36.077747,-79.009101,9,0.28,143.3,7.83,1200403,7.83,7.8329,-4.02891,4.35195,0.04123,0.00657,0.03497,86.37825,8.88629,-41.2891
36.077746,-79.009101,9,0.32,143.7,7.83,1201403,7.83,7.82752,-4.01276,4.31845,0.03696,-0.03054,0.00275,85.96901,8.82783,-42.61912
36.077744,-79.009103,9,0.46,143.5,7.82,1202403,7.82,7.82333,-3.98465,4.33161,0.04154,-0.00596,0.01481,85.50131,7.84858,-43.99298
36.077742,-79.009106,9,0.4,143.1,7.83,1203403,7.83,7.83231,-3.999,4.39562,0.04032,0.00809,0.0197,84.85823,7.26396,-45.57147
36.077737,-79.009104,9,0.33,144.4,7.84,1204403,7.84,7.83709,-4.01396,4.29213,0.0255,-0.0281,0.02306,84.3613,7.29319,-46.65303
36.077734,-79.009105,9,0.53,145.4,7.81,1205403,7.81,7.81137,-4.00858,4.35254,0.01542,-0.01466,0.05559,84.06898,7.49781,-48.43613
36.077731,-79.009101,9,0.53,146.2,7.8,1206403,7.8,7.8012,-3.99302,4.35195,0.04414,0.00748,-0.00687,83.82052,7.29319,-49.18153
36.077732,-79.009098,8,0.06,146,7.85,1207403,7.85,7.85384,-3.98345,4.35135,0.02123,0.00244,0.01497,82.73897,7.43935,-49.76615
36.077733,-79.009098,8,0.36,146,7.83,1208403,7.83,7.8347,-3.99242,4.2012,0.02779,0.02001,0.00137,82.59281,7.35165,-50.68693
36.077731,-79.009096,8,0.36,146.6,7.8,1209403,7.8,7.8024,-3.96251,4.34237,-0.00748,-0.00672,-0.00916,82.21281,7.49781,-51.69541
36.077729,-79.009094,8,0.23,147.4,7.8,1210403,7.8,7.8006,-3.99542,4.33221,-0.02856,0.02779,-0.01451,82.05203,7.7755,-51.98772
36.077729,-79.00909,8,0.21,147.7,7.81,1211403,7.81,7.81077,-3.96192,4.3687,-0.03436,0.00382,-0.04643,83.06051,7.38088,-51.90003
36.077728,-79.009086,8,0.16,147.8,7.84,1212403,7.84,7.84188,-3.99721,4.31187,-0.04276,0.04643,-0.01298,82.56358,7.54165,-50.58463
36.077728,-79.009086,8,0.91,147.6,7.8,1213403,7.8,7.8006,-3.99601,4.32323,-0.0252,0.0255,-0.02932,83.29436,7.65858,-49.97077
36.077729,-79.00909,8,0.98,146.9,7.82,1214403,7.82,7.82034,-3.97807,4.36391,-0.02352,0.00443,-0.0307,83.17744,7.48319,-50.24847
36.077728,-79.009087,8,0.33,146.9,7.81,1215403,7.81,7.81376,-3.98525,4.33579,-0.04856,0.04475,-0.01359,83.26513,7.83397,-48.20228
36.077728,-79.009085,9,0.18,147.2,7.8,1216403,7.8,7.79941,-3.98884,4.33221,-0.08583,0.04765,-0.06888,84.18591,8.19936,-47.57381
36.077726,-79.009084,9,0.47,147.4,7.8,1217403,7.8,7.80419,-3.98584,4.31546,-0.10095,0.04368,-0.05742,84.7413,8.27244,-45.32301
36.077727,-79.009081,9,0.17,148.5,7.81,1218403,7.81,7.81257,-3.99542,4.37408,-0.14554,0.0872,-0.06384,85.41362,9.52938,-42.66296
36.077728,-79.009079,9,0.28,148.4,7.82,1219403,7.82,7.82034,-4.00738,4.3681,-0.17517,0.09316,-0.10614,86.6121,11.02017,-39.54984
36.07773,-79.009079,8,0.38,147.4,7.84,1220403,7.84,7.8353,-3.96969,4.32323,-0.23732,0.10996,-0.11973,86.26133,13.3879,-35.03362
36.077729,-79.009081,8,0.39,146.5,7.81,1221403,7.81,7.80599,-3.97747,4.34896,-0.27413,0.14645,-0.13851,85.6767,18.31336,-31.37971
36.077729,-79.009084,8,0.15,145.9,7.83,1222403,7.83,7.83051,-3.98285,4.35673,-0.30574,0.15944,-0.13408,84.65361,25.5627,-29.33353
36.077728,-79.009086,8,0.18,145.7,7.82,1223403,7.82,7.82393,-3.99302,4.31426,-0.31612,0.15547,-0.15669,81.48203,33.19205,-28.19351
36.077726,-79.009087,8,0.25,145.4,7.81,1224403,7.81,7.80539,-4.02413,4.39681,-0.32956,0.16127,-0.15119,77.38965,40.60216,-31.14586
36.077721,-79.009092,8,0.35,145.9,7.83,1225403,7.83,7.82812,-3.99542,4.31546,-0.32605,0.1518,-0.16845,72.49342,46.97457,-36.31979
36.077719,-79.009097,8,0.2,146.1,7.81,1226403,7.81,7.81137,-3.99362,4.34058,-0.32467,0.15501,-0.16524,68.50336,49.02076,-41.65449
36.07772,-79.009103,8,0.23,146.9,7.83,1227403,7.83,7.83051,-4.0008,4.30708,-0.31215,0.16112,-0.16677,65.55101,48.43613,-49.38614
36.077716,-79.009105,8,0.74,147.7,7.82,1228403,7.82,7.81974,-3.98584,4.32742,-0.31429,0.15394,-0.14936,63.87022,46.02456,-56.9278
36.077715,-79.009108,8,0.25,147.3,7.82,1229403,7.82,7.81615,-3.99781,4.34596,-0.2978,0.15821,-0.15012,63.54867,40.41216,-63.13943
36.077718,-79.009113,8,0.3,146.9,7.83,1230403,7.83,7.82632,-3.99183,4.38664,-0.30528,0.14707,-0.14813,64.45483,33.95206,-66.00409
36.077719,-79.009114,8,0.35,145.9,7.81,1231403,7.81,7.80958,-3.99302,4.35195,-0.28726,0.1602,-0.14218,66.64718,26.52733,-66.82256
36.07772,-79.009119,8,0.25,145.4,7.83,1232403,7.83,7.82991,-3.98106,4.35254,-0.2868,0.15104,-0.13485,70.34493,19.848,-66.82256
36.077722,-79.009122,8,0.06,145.6,7.82,1233403,7.82,7.82214,-3.98525,4.34656,-0.27993,0.14035,-0.15333,74.20345,13.51944,-62.21865
36.077724,-79.009125,8,0.53,145.8,7.82,1234403,7.82,7.82453,-3.99542,4.33579,-0.28054,0.16249,-0.15547,79.01199,10.23093,-57.68781
36.077729,-79.009128,8,0.75,145.8,7.83,1235403,7.83,7.82513,-4.01934,4.32921,-0.30039,0.14859,-0.14142,82.60742,8.41859,-51.91464
36.077729,-79.00913,8,0.32,146.3,7.81,1236403,7.81,7.81137,-3.99781,4.32383,-0.28298,0.14844,-0.15256,86.07133,8.17013,-44.48991
36.077729,-79.009128,8,0.41,146.4,7.83,1237403,7.83,7.82632,-4.01276,4.29392,-0.27672,0.1463,-0.14111,87.63519,11.72172,-38.38059
36.077726,-79.009126,8,0.45,146.5,7.79,1238403,7.79,7.78684,-3.98644,4.32443,-0.25504,0.12843,-0.14661,87.00672,15.50716,-33.71821
36.077722,-79.009125,8,0.52,146.4,7.81,1239403,7.81,7.80958,-3.97388,4.32742,-0.24786,0.13073,-0.12889,86.77287,20.9734,-30.13739
36.077717,-79.009126,9,0.37,146.2,7.8,1240403,7.8,7.79522,-3.97149,4.33639,-0.24465,0.12828,-0.12126,84.72668,26.89272,-28.45659
36.077712,-79.009125,9,0.35,146.1,7.81,1241403,7.81,7.80718,-3.99123,4.34357,-0.2335,0.11591,-0.12721,82.47588,32.84127,-28.52967
36.077707,-79.009125,9,0.13,146,7.84,1242403,7.84,7.8359,-3.97926,4.34776,-0.22358,0.12599,-0.11698,78.58813,38.10289,-29.11429
36.077705,-79.009126,9,0.18,146.1,7.83,1243403,7.83,7.83111,-3.99841,4.34716,-0.21166,0.11683,-0.11988,75.86963,42.22449,-31.96434
36.0777,-79.00913,8,0.2,146.7,7.83,1244403,7.83,7.82573,-3.99422,4.32383,-0.21151,0.1095,-0.09621,73.19498,45.8784,-34.75592
36.077698,-79.009135,8,0.36,147.2,7.87,1245403,7.87,7.86521,-3.98465,4.3663,-0.19502,0.0982,-0.11072,70.02338,48.07074,-39.50599
36.077695,-79.009138,8,0.31,147.8,7.83,1246403,7.83,7.83231,-3.98943,4.31366,-0.19716,0.09835,-0.10904,68.24028,49.40076,-43.33528
36.077692,-79.00914,8,0.3,148.4,7.83,1247403,7.83,7.82752,-4.01695,4.33221,-0.19609,0.12981,-0.08018,66.36948,48.96229,-47.86612
36.077691,-79.00914,8,0.28,147.3,7.83,1248403,7.83,7.82513,-4.00917,4.39861,-0.19319,0.09652,-0.11362,63.9579,47.92458,-52.76235
36.077692,-79.009141,8,0.38,147.9,7.82,1249403,7.82,7.82154,-3.97807,4.32981,-0.20021,0.11118,-0.10033,60.21631,45.74686,-56.72318
36.077693,-79.009139,8,0.66,148.5,7.66,1250403,7.66,7.65823,-4.00858,4.31306,-0.19303,0.1179,-0.10018,63.68021,42.85297,-60.34785
36.077694,-79.00914,9,0.22,148.5,7.85,1251403,7.85,7.84607,-4.01396,4.37049,-0.19823,0.09209,-0.10049,63.54867,38.64367,-63.19789
36.077694,-79.00914,8,0.44,148.4,7.83,1252403,7.83,7.82991,-3.97209,4.32682,-0.19517,0.09071,-0.11988,64.44022,34.52207,-65.31716
36.077694,-79.009139,8,0.33,148.9,7.82,1253403,7.82,7.82214,-3.98525,4.34058,-0.19792,0.11591,-0.08308,66.01871,29.52353,-65.94563
36.0777,-79.009141,8,0.24,149.7,7.8,1254403,7.8,7.79881,-3.999,4.3346,-0.19303,0.09316,-0.08812,67.94797,25.51886,-66.55949
36.077699,-79.00914,8,0.51,150.6,7.82,1255403,7.82,7.82453,-3.99362,4.36212,-0.18708,0.08292,-0.10568,69.64338,20.9734,-66.53025
36.077698,-79.009139,8,0.17,151.3,7.83,1256403,7.83,7.8347,-3.99302,4.31306,-0.1886,0.10446,-0.08476,72.40573,16.93949,-63.98714
36.077696,-79.00914,8,0.31,151,7.84,1257403,7.84,7.84487,-3.98525,4.38425,-0.18967,0.08308,-0.0956,75.16808,13.79714,-62.3648
36.077695,-79.009138,8,0.32,150.4,7.84,1258403,7.84,7.84367,-3.97567,4.37229,-0.18143,0.10476,-0.08598,77.37504,10.40631,-59.51476
36.077694,-79.009136,8,0.33,149.9,7.81,1259403,7.81,7.80658,-4.02054,4.37049,-0.18601,0.0982,-0.09743,79.69892,8.85706,-55.89009
36.077693,-79.009135,8,0.1,149.2,7.84,1260403,7.84,7.84367,-3.98943,4.34836,-0.18341,0.08277,-0.08674,82.08126,7.51242,-52.19234
36.077694,-79.009133,8,0.15,148.2,7.82,1261403,7.82,7.82034,-3.99601,4.31306,-0.17486,0.09667,-0.09957,83.93744,8.00935,-48.94768
36.077697,-79.009132,8,0.18,147.9,7.83,1262403,7.83,7.82932,-4.01875,4.31546,-0.18662,0.08079,-0.08522,85.63286,8.55013,-44.21222
36.077699,-79.00913,8,0.2,147.5,7.68,1263403,7.68,7.67857,-3.98824,4.38006,-0.18769,0.08613,-0.09071,86.87518,10.09939,-39.95908
36.077696,-79.009128,8,0.22,147.7,7.81,1264403,7.81,7.81137,-3.97926,4.37049,-0.18418,0.08949,-0.09927,87.19672,12.48173,-36.40748
36.077694,-79.009126,8,0.18,147.4,7.83,1265403,7.83,7.83171,-3.98884,4.32802,-0.18677,0.09865,-0.0817,87.15288,15.97486,-34.50745
36.077692,-79.00913,8,0.2,147.1,7.81,1266403,7.81,7.80539,-4.01396,4.34118,-0.18876,0.08338,-0.10644,86.30517,19.77492,-31.14586
36.077691,-79.00913,8,0.09,146.6,7.81,1267403,7.81,7.81376,-3.98943,4.36331,-0.18754,0.10873,-0.09545,85.57439,23.99883,-29.08506
36.077688,-79.009129,9,0.12,146.1,7.85,1268403,7.85,7.84607,-3.99003,4.33998,-0.20449,0.08231,-0.10415,83.68898,28.3689,-28.70506
36.077684,-79.00913,9,0.09,145.7,7.83,1269403,7.83,7.82991,-3.83091,4.34357,-0.20449,0.11729,-0.08506,81.83279,33.71821,-28.48582
36.077681,-79.009134,9,0.07,145.3,7.95,1270403,7.95,7.94656,-3.98884,4.34237,-0.21166,0.09041,-0.10247,80.10815,38.14674,-29.85969
36.077678,-79.009139,9,0.21,145.2,7.83,1271403,7.83,7.82632,-3.97149,4.31546,-0.19487,0.10843,-0.11255,76.90733,41.96141,-31.21894
36.077675,-79.00914,9,0.29,145.3,7.81,1272403,7.81,7.80838,-4.00319,4.34955,-0.19563,0.10782,-0.09988,73.13651,44.67992,-34.25899
36.077675,-79.009143,9,0.09,145.1,7.82,1273403,7.82,7.81556,-3.97448,4.35135,-0.20464,0.09865,-0.09713,70.68109,47.92458,-38.42444
36.07767,-79.009146,9,0.47,145,7.83,1274403,7.83,7.82752,-3.96551,4.34716,-0.18952,0.12538,-0.12889,68.67875,48.83075,-42.77989
36.077669,-79.009148,9,0.2,145,7.82,1275403,7.82,7.81675,-3.98166,4.34537,-0.21976,0.10919,-0.10644,66.93949,49.26922,-47.58842
36.077666,-79.009151,9,0.41,145,7.83,1276403,7.83,7.82513,-3.96969,4.28016,-0.21411,0.11011,-0.12691,65.0687,48.56767,-52.19234
36.077663,-79.009153,9,0.45,145.2,7.82,1277403,7.82,7.81615,-3.97089,4.31486,-0.22571,0.12737,-0.11118,67.29027,45.58609,-57.81935
36.077659,-79.009154,8,0.38,145.6,7.83,1278403,7.83,7.83111,-3.98704,4.34357,-0.24053,0.12996,-0.09392,63.1102,41.80064,-61.53172
36.077656,-79.009157,8,0.23,146.5,7.82,1279403,7.82,7.82154,-3.99721,4.34178,-0.23274,0.11897,-0.1292,63.79713,36.91903,-64.38176
36.077658,-79.009155,8,0.63,146.9,7.83,1280403,7.83,7.8335,-3.9661,4.31187,-0.24053,0.12416,-0.12431,65.77025,30.83894,-66.51564
36.07766,-79.009158,8,0.58,146.7,7.83,1281403,7.83,7.83171,-4.01157,4.32802,-0.25152,0.1321,-0.10751,67.96259,25.32885,-67.27565
36.077663,-79.00916,8,0.2,146.5,7.82,1282403,7.82,7.82034,-3.97209,4.30588,-0.24312,0.12065,-0.12905,70.98801,19.92108,-65.53639
36.077666,-79.009159,8,0.21,145.8,7.83,1283403,7.83,7.83171,-3.98225,4.37946,-0.25,0.12813,-0.12187,74.67115,14.83484,-63.28559
36.077668,-79.009158,8,0.15,145.3,7.79,1284403,7.79,7.79223,-3.9996,4.30648,-0.24633,0.13134,-0.12217,77.98889,10.52324,-58.69629
36.077669,-79.009156,8,0.18,144.8,7.82,1285403,7.82,7.82214,-4.00798,4.36032,-0.23946,0.12217,-0.12843,81.14587,8.17013,-54.22391
36.077669,-79.009154,8,0.25,144.8,7.84,1286403,7.84,7.83769,-3.98046,4.35613,-0.23411,0.13027,-0.11408,83.68898,7.51242,-49.48846
36.077667,-79.009152,8,0.51,144.7,7.82,1287403,7.82,7.81556,-4.01516,4.33579,-0.2335,0.11698,-0.11286,85.35516,8.7986,-43.70067
36.077667,-79.009151,8,0.21,144.3,7.81,1288403,7.81,7.80599,-4.00259,4.33699,-0.22633,0.11423,-0.11591,86.6998,11.34171,-38.16135
36.077665,-79.009148,8,0.16,144.2,7.82,1289403,7.82,7.81855,-3.83869,4.35613,-0.2109,0.12156,-0.10873,87.03596,14.10406,-33.86437
36.077664,-79.009145,8,0.12,144.4,7.67,1290403,7.67,7.6678,-4.02473,4.36212,-0.20678,0.09652,-0.11591,86.46594,19.48261,-31.75972
36.077663,-79.009147,8,0.66,143.4,7.82,1291403,7.82,7.82393,-3.97508,4.30888,-0.20388,0.11301,-0.09957,85.69132,23.89652,-29.46507
36.077663,-79.009148,8,0.2,142.9,7.85,1292403,7.85,7.84846,-3.99482,4.31605,-0.20342,0.10461,-0.0901,83.83514,28.20813,-28.31044
36.077664,-79.009148,8,0.08,142.6,7.79,1293403,7.79,7.79402,-3.99003,4.33938,-0.18815,0.10278,-0.10171,81.89127,33.5136,-28.20813
36.077663,-79.00915,8,0.14,142.2,7.83,1294403,7.83,7.8335,-3.98644,4.34477,-0.18784,0.09331,-0.09896,79.52354,37.67904,-28.51505
36.077664,-79.009152,8,0.28,141.7,7.83,1295403,7.83,7.8335,-3.98644,4.33579,-0.18021,0.10278,-0.09117,77.9012,41.36217,-30.26893
36.077663,-79.009151,8,0.17,141.5,7.83,1296403,7.83,7.8347,-3.98644,4.32562,-0.17272,0.09255,-0.09591,74.56884,44.91377,-33.03128
36.077665,-79.009151,8,0.43,140.4,7.82,1297403,7.82,7.81855,-3.98405,4.38784,-0.17471,0.09148,-0.08292,72.27419,46.62379,-36.78749
36.077666,-79.009153,9,0.26,139.7,7.86,1298403,7.86,7.85683,-3.99601,4.32921,-0.16646,0.09041,-0.08674,69.39491,48.4069,-38.80444
36.077667,-79.009154,9,0.24,139.1,7.82,1299403,7.82,7.82034,-3.99661,4.34058,-0.15944,0.07636,-0.07682,67.81643,48.99152,-43.23297
36.077667,-79.009157,9,0.23,138.8,7.43,1300403,7.43,7.42971,-4.13958,4.83709,0.36912,-0.02107,-0.02718,65.14177,49.82461,-47.04765
36.077667,-79.00916,8,0.43,138.7,7.7,1301403,7.7,7.69532,-4.28016,4.32443,0.17562,-0.03818,-0.02795,69.19029,49.44461,-38.74598
36.077668,-79.009162,8,0.21,138.5,7.76,1302403,7.76,7.75873,-4.23171,4.20419,0.16952,-0.05834,0.04887,72.01111,46.93072,-34.88746
36.077668,-79.009163,9,0.14,138.7,7.73,1303403,7.73,7.72942,-4.21017,4.31426,0.21961,-0.09178,0.06292,74.89038,43.67144,-31.48202
36.077667,-79.009162,9,0.02,139,7.75,1304403,7.75,7.75454,-4.21256,4.26461,0.28375,-0.13027,0.12614,79.58199,37.21134,-28.17889
36.077665,-79.009161,8,0.01,139.5,7.76,1305403,7.76,7.75933,-4.24307,4.22752,0.29627,-0.12889,0.13531,83.23589,28.73429,-27.52119
36.077662,-79.009161,8,0.07,139.7,7.73,1306403,7.73,7.7342,-4.28794,4.19402,0.2952,-0.14493,0.1492,86.20287,22.21573,-29.64046
36.077658,-79.009159,8,0.01,140.1,7.79,1307403,7.79,7.78565,-4.27657,4.10728,0.29703,-0.12446,0.14248,87.00672,14.92254,-34.49284
36.077656,-79.009158,8,0.12,140,7.88,1308403,7.88,7.88136,-4.18445,4.04088,0.24633,-0.06796,0.10858,86.56825,11.21017,-38.46828
36.077655,-79.009157,8,0.03,139.9,7.9,1309403,7.9,7.9011,-3.98465,4.01456,0.28894,-0.14508,0.13729,84.88746,8.49167,-45.86378
36.077654,-79.009154,8,0.16,140.2,7.92,1310403,7.92,7.92084,-4.03191,4.05703,0.33949,-0.16448,0.16341,80.95586,8.38936,-53.94622
36.077653,-79.009152,8,0.35,140.8,7.93,1311403,7.93,7.934,-3.9326,4.17787,0.4131,-0.20663,0.21121,75.51885,13.88483,-62.24788
36.077654,-79.009148,8,0.22,141.1,7.9,1312403,7.9,7.89811,-3.91466,4.24905,0.56917,-0.27397,0.27749,68.18182,24.905,-67.01257
36.077656,-79.009147,8,0.1,141.5,7.81,1313403,7.81,7.80958,-3.98225,4.37946,0.75442,-0.32742,0.34544,62.93481,41.91757,-61.63403
36.077657,-79.009147,8,0.21,141.5,7.7,1314403,7.7,7.69651,-4.09292,4.4991,0.90286,-0.40439,0.42806,68.0649,49.94154,-44.06606
36.077657,-79.009147,8,0.3,141.4,7.79,1315403,7.79,7.78804,-4.14616,4.2682,0.94119,-0.45601,0.45586,81.68664,34.47822,-28.31044
36.077657,-79.00915,8,0.52,141.4,7.78,1316403,7.78,7.78026,-4.04148,4.33041,0.98548,-0.32742,0.35003,86.30517,12.40865,-39.02368
36.077657,-79.009146,9,0.09,141.5,7.7,1317403,7.7,7.69651,-4.01994,4.29751,0.73899,-0.43524,0.37889,78.3689,9.69015,-57.92166
36.077658,-79.009146,9,0.21,141.6,7.85,1318403,7.85,7.85384,-4.04626,4.26521,0.67073,-0.323,0.34422,68.32797,24.8173,-67.29027
36.077658,-79.009145,8,0.17,142,7.82,1319403,7.82,7.81915,-4.0349,4.31366,0.60735,-0.25611,0.32193,62.8325,40.3537,-61.26863
36.077658,-79.009143,8,0.1,142.3,7.81,1320403,7.81,7.80898,-4.05404,4.29392,0.5484,-0.27061,0.26252,65.18562,48.71383,-49.19614
36.077658,-79.009143,8,0.14,142.5,7.82,1321403,7.82,7.82094,-4.01755,4.2682,0.50366,-0.23091,0.23915,71.7188,47.35458,-37.02134
36.077655,-79.009143,8,0.41,143.1,7.81,1322403,7.81,7.81137,-4.02652,4.29332,0.45021,-0.21396,0.23839,78.80737,38.84829,-30.6197
36.077652,-79.009145,8,0.23,143.4,7.81,1323403,7.81,7.81017,-4.05165,4.27179,0.42241,-0.18937,0.20815,83.98129,27.14119,-29.04122
36.077648,-79.009147,8,0.92,143.7,7.82,1324403,7.82,7.82214,-4.02533,4.32981,0.38317,-0.19013,0.17349,86.21748,16.93949,-33.35282
36.077646,-79.009146,8,0.79,143.5,7.84,1325403,7.84,7.8353,-4.02772,4.30529,0.35445,-0.15562,0.16845,85.96901,11.34171,-40.64601
36.077644,-79.009144,8,0.56,143.7,7.8,1326403,7.8,7.8006,-4.00439,4.28854,0.32406,-0.14554,0.14233,84.37592,9.76323,-48.55305
36.077642,-79.009144,8,0.74,143.8,7.85,1327403,7.85,7.84666,-3.86979,4.19342,0.15134,-0.11041,0.3569,79.71353,7.76089,-55.51009
36.077639,-79.00914,8,1.23,143.4,7.74,1328403,7.74,7.73659,-4.14198,4.38245,0.11301,0.05941,0.05528,77.21426,10.80094,-59.51476
36.077638,-79.009139,8,0.54,143.3,7.86,1329403,7.86,7.86042,-4.01635,4.31127,0.0365,-0.12935,-0.09163,76.04502,10.90324,-61.7071
36.077637,-79.009138,8,0.64,143.4,7.9,1330403,7.9,7.89931,-3.97986,4.21496,0.00809,0.05208,0.07407,76.20579,11.35633,-61.85326
36.077634,-79.009137,8,0.35,143.8,7.79,1331403,7.79,7.79402,-4.18804,4.3334,-0.02703,-0.07865,-0.05971,74.97808,14.29407,-62.37942
36.077633,-79.009136,8,0.49,143.9,7.84,1332403,7.84,7.83829,-3.9996,4.23948,0.22862,0.10431,0.03436,74.75884,13.62175,-63.00789
36.07763,-79.009136,8,0.68,144.3,7.8,1333403,7.8,7.79821,-4.03131,4.30588,0.16295,-0.13729,0.17807,71.4411,18.09412,-65.96024
36.077628,-79.009138,8,0.49,144.3,7.82,1334403,7.82,7.81615,-4.02054,4.33879,0.16371,-0.21472,0.11179,68.59105,23.6919,-66.19409
36.077625,-79.009138,8,0.69,144.5,7.92,1335403,7.92,7.92024,-3.98225,4.24905,0.37034,-0.14142,0.18479,66.20871,31.61356,-67.39258
36.077624,-79.009137,8,0.36,145.4,7.81,1336403,7.81,7.81316,-3.99841,4.41775,0.29169,-0.12187,0.23808,63.13943,39.38907,-63.56329
36.07762,-79.009136,8,1.06,145.6,7.87,1337403,7.87,7.8688,-3.96491,4.32204,0.31124,-0.21762,0.04673,63.56329,45.84917,-56.97165
36.077616,-79.009137,8,0.7,145.3,7.77,1338403,7.77,7.7677,-3.96969,4.36331,0.25947,0.01894,0.20189,65.08331,48.53844,-50.04385
36.077612,-79.00914,8,0.48,145.1,7.78,1339403,7.78,7.77548,-4.03789,4.35972,0.17822,-0.11881,0.02459,67.0418,48.80152,-45.92225
36.077607,-79.009142,8,0.58,145.5,7.88,1340403,7.88,7.87717,-4.00259,4.32682,0.13775,-0.01741,0.07117,71.42648,47.82227,-42.12218
36.077604,-79.009146,8,0.92,145.9,7.88,1341403,7.88,7.87897,-4.066,4.38784,0.10537,-0.01023,0.03375,71.70418,47.79304,-37.1675
36.0776,-79.009152,8,0.81,145.7,7.84,1342403,7.84,7.84248,-3.95474,4.31007,0.02184,-0.04627,-0.02932,72.85881,46.40456,-35.89594
36.077597,-79.009158,8,0.56,145.8,7.81,1343403,7.81,7.81197,-4.01396,4.32443,-0.02993,0.062,0.00733,72.43496,46.62379,-35.41362
36.077595,-79.009163,8,0.35,145.9,7.86,1344403,7.86,7.85683,-4.07617,4.34836,-0.0533,-0.04322,-0.01894,72.24496,46.7261,-36.83134
36.077596,-79.009169,8,0.08,145,7.76,1345403,7.76,7.75693,-3.94636,4.37109,-0.0588,0,0.02123,72.59573,46.68225,-37.25519
36.077593,-79.009173,8,0.43,145.2,7.79,1346403,7.79,7.79283,-3.99721,4.32562,-0.06597,0.06826,-0.06704,71.61649,47.80766,-37.38673
36.077587,-79.009175,8,0.76,145.7,7.74,1347403,7.74,7.74198,-4.02174,4.29272,-0.09652,0.0704,-0.09545,70.09647,48.36305,-40.61678
36.077582,-79.009178,8,0.7,145.8,7.86,1348403,7.86,7.85624,-3.99123,4.37288,-0.15653,0.02673,-0.08002,68.97106,48.64075,-42.18065
36.077576,-79.009182,8,0.77,146.2,7.88,1349403,7.88,7.88016,-3.88594,4.33998,-0.07727,0.07101,-0.11545,68.00643,48.69921,-46.03917
36.077571,-79.009186,8,0.77,146.3,7.83,1350403,7.83,7.82513,-3.98943,4.42313,-0.08063,0.06918,-0.04352,66.61795,48.93306,-47.55919
36.077567,-79.00919,8,0.63,146.2,7.8,1351403,7.8,7.8024,-3.94218,4.39562,-0.0701,0.04643,-0.06261,65.69717,48.90383,-48.53844
36.077563,-79.009195,8,0.37,145.9,7.78,1352403,7.78,7.78206,-3.97029,4.35793,-0.04383,0.02993,-0.0281,65.65332,49.47384,-47.52996
36.077558,-79.009199,8,0.39,146.2,7.85,1353403,7.85,7.85265,-3.92842,4.36451,-0.11713,0.00977,-0.04414,65.30254,48.50921,-48.18766
36.077555,-79.0092,8,0.16,146.9,8.21,1354403,8.21,8.20798,-4.71685,2.71047,-1.16217,0.42699,-1.05374,65.12716,46.87226,-50.61386
36.077552,-79.009202,8,0.35,147.5,7.58,1355403,7.58,7.58166,-4.89871,3.81296,-1.0061,0.46502,-0.71273,70.75417,22.66881,-64.07483
36.077551,-79.009201,8,0.06,148,7.62,1356403,7.62,7.61875,-4.1665,4.50628,-1.82511,0.91233,-0.67501,84.90208,14.74715,-37.34288
36.077552,-79.0092,8,0.51,148,7.86,1357403,7.86,7.85863,-3.88893,4.29452,-1.48822,0.83185,-0.81383,68.95644,47.48611,-44.81146
36.077551,-79.009201,8,0.36,147.4,7.74,1358403,7.74,7.74198,-4.13121,4.31007,-1.24479,0.58307,-0.58796,67.29027,28.13505,-66.96872
36.077551,-79.009203,8,0.17,147.4,7.83,1359403,7.83,7.83111,-3.96072,4.34596,-1.09101,0.55146,-0.64614,82.75358,7.38088,-51.16925
36.077547,-79.009202,8,0.59,147.8,7.89,1360403,7.89,7.88973,-3.97268,4.35195,-1.02946,0.46594,-0.52122,86.18825,22.08418,-29.59661
36.077544,-79.009198,9,0.7,147.5,7.87,1361403,7.87,7.86521,-4.02353,4.32263,-0.88698,0.44471,-0.45097,71.19263,44.37299,-34.53669
36.07754,-79.009198,9,0.37,147.4,7.85,1362403,7.85,7.84726,-3.99063,4.34896,-0.7674,0.35568,-0.47021,64.79099,47.50073,-52.09003
36.077535,-79.009197,9,0.83,147.7,7.76,1363403,7.76,7.76471,-3.95593,4.28555,-0.66004,0.44715,-0.30559,64.38176,34.82899,-65.39024
36.077531,-79.009202,9,0.66,147.7,7.79,1364403,7.79,7.78864,-4.01396,4.39861,-0.6182,0.2419,-0.2949,70.35954,18.62029,-66.09179
36.07753,-79.009204,8,0.61,147.7,7.9,1365403,7.9,7.90409,-4.04866,4.29272,-0.54062,0.26282,-0.2923,78.73429,9.51476,-58.63783
36.077527,-79.009205,8,0.46,147.9,7.85,1366403,7.85,7.84906,-4.01097,4.28196,-0.55192,0.23946,-0.26771,85.1067,7.04472,-46.56533
36.077522,-79.009208,8,1.01,148.1,7.83,1367403,7.83,7.8347,-4.0325,4.29213,-0.4835,0.25626,-0.26695,87.19672,14.90792,-34.62438
36.077517,-79.009204,8,0.46,148.1,7.82,1368403,7.82,7.82034,-4.02592,4.37169,-0.43158,0.19196,-0.21166,84.94592,25.60655,-29.78661
36.077515,-79.009199,8,0.44,147.9,7.79,1369403,7.79,7.78804,-4.00439,4.30828,-0.38072,0.18937,-0.2109,80.35662,35.28208,-29.18737
36.077513,-79.009197,8,0.55,147.8,7.81,1370403,7.81,7.80838,-4.00439,4.37827,-0.35476,0.1689,-0.12248,75.13885,43.04297,-33.41128
36.07751,-79.0092,8,0.64,147.1,7.85,1371403,7.85,7.85324,-3.95773,4.29392,-0.31169,0.15928,-0.21502,70.68109,47.10611,-39.37445
36.077509,-79.009201,8,0.25,146.8,7.83,1372403,7.83,7.83231,-3.98584,4.30409,-0.34102,0.18066,-0.12843,67.17335,48.46536,-45.6884
36.077506,-79.009207,8,1.09,146.7,7.87,1373403,7.87,7.8664,-4.04507,4.37049,-0.33185,0.13882,-0.15776,64.51331,47.45689,-53.6539
36.077505,-79.009213,8,0.16,146.6,7.74,1374403,7.74,7.74497,-3.94995,4.30888,-0.30161,0.13882,-0.19258,63.46098,42.99912,-60.27477
36.077502,-79.009215,8,0.4,146.6,7.82,1375403,7.82,7.82453,-4.00917,4.33819,-0.2781,0.18738,-0.13011,63.50482,36.84595,-64.74715
36.077509,-79.009214,8,1.57,146.1,7.84,1376403,7.84,7.84427,-4.10369,4.34955,-0.31811,0.1124,-0.14462,65.08331,30.34201,-66.41333
36.077513,-79.009217,8,0.59,145.7,7.82,1377403,7.82,7.81735,-3.99542,4.3023,-0.28283,0.115,-0.1744,68.34259,23.42882,-67.33411
36.077516,-79.009217,8,0.13,145,7.79,1378403,7.79,7.79462,-4.00559,4.28315,-0.25565,0.13164,-0.18311,72.14265,16.74949,-65.78486
36.077516,-79.009215,8,0.23,144,7.82,1379403,7.82,7.82034,-4.04387,4.27478,-0.27061,0.13042,-0.13974,76.07425,12.08711,-60.99094
36.077516,-79.009215,8,0.08,143.1,7.78,1380403,7.78,7.78385,-4.01097,4.34118,-0.27535,0.13454,-0.12614,79.99123,8.43321,-56.6501
36.077515,-79.009212,9,0.29,142.8,7.82,1381403,7.82,7.81556,-3.96909,4.33579,-0.25794,0.1266,-0.17074,82.47588,7.68781,-50.96463
36.077512,-79.00921,9,0.32,142.2,7.81,1382403,7.81,7.80658,-3.99302,4.35314,-0.22755,0.18051,-0.14248,85.25285,8.40398,-43.59836
36.077508,-79.00921,9,0.44,142.4,7.81,1383403,7.81,7.81257,-3.99183,4.31546,-0.2642,0.09927,-0.15699,86.12978,11.72172,-38.73137
36.077508,-79.009209,9,0.43,141.7,7.82,1384403,7.82,7.82333,-3.93978,4.4016,-0.23747,0.18036,-0.09927,86.84595,14.64484,-33.58667
36.077506,-79.009208,9,0.47,141.2,7.93,1385403,7.93,7.93041,-4.0343,4.30648,-0.2532,0.08506,-0.13806,85.96901,20.47647,-30.56124
36.077505,-79.009207,8,0.7,140.8,7.85,1386403,7.85,7.85384,-3.95593,4.31605,-0.23747,0.12966,-0.10125,84.40514,26.39579,-29.74277
36.077504,-79.009204,8,0.4,140.6,7.79,1387403,7.79,7.78983,-4.02592,4.30828,-0.22846,0.13073,-0.08598,81.78895,32.13972,-28.89506
36.077501,-79.009202,8,0.16,140.5,7.89,1388403,7.89,7.89273,-3.9667,4.35673,-0.18769,0.11637,-0.15913,79.80122,36.87518,-29.33353
36.077499,-79.009196,9,0.52,140.9,7.85,1389403,7.85,7.84726,-4.02533,4.32981,-0.22083,0.13668,-0.04429,76.48348,40.90909,-31.17509
36.077497,-79.009193,9,0.09,140.9,7.78,1390403,7.78,7.78206,-4.01516,4.34716,-0.18601,0.08949,-0.12859,73.86729,44.6653,-34.46361
36.077493,-79.009189,9,0.05,141.5,7.83,1391403,7.83,7.82932,-4.12463,4.33639,-0.18479,0.08858,-0.09178,71.6311,46.65303,-37.03595
36.077491,-79.009187,9,0.13,142.2,7.8,1392403,7.8,7.79522,-4.03908,4.32443,-0.18463,0.05024,-0.09545,68.35721,49.03537,-41.27448
36.077488,-79.009188,9,0.35,142,7.82,1393403,7.82,7.81855,-3.97209,4.31785,-0.17975,0.03604,-0.07987,67.27565,48.99152,-45.90763
36.077485,-79.009193,8,0.31,141.8,7.85,1394403,7.85,7.85324,-4.02293,4.35254,-0.15776,0.08995,-0.05131,65.65332,48.96229,-49.07922
36.07748,-79.009193,8,0.38,142.5,7.82,1395403,7.82,7.81795,-4.00798,4.30888,-0.1489,0.07682,-0.06429,64.54253,48.1292,-51.41771
36.077475,-79.009196,8,0.2,143.5,7.8,1396403,7.8,7.80359,-3.97149,4.34178,-0.11973,0.08873,-0.09575,63.91406,46.68225,-54.70623
36.077475,-79.009195,8,0.45,143.2,7.85,1397403,7.85,7.84786,-4.01396,4.32503,-0.13408,0.08186,-0.05559,62.84712,44.81146,-57.14703
36.077474,-79.009196,8,0.37,143,7.83,1398403,7.83,7.82692,-3.95952,4.31845,-0.12721,0.07682,-0.07926,63.09559,42.50219,-59.8363
36.077474,-79.009196,8,0.1,142.7,7.86,1399403,7.86,7.85564,-3.97508,4.33161,-0.14432,0.06628,-0.0646,63.03712,41.11371,-61.00556
36.077475,-79.009197,8,0.05,142.5,7.86,1400403,7.86,7.85923,-4.04985,4.3346,-0.12889,0.11377,-0.04734,63.41713,37.62058,-63.00789
36.077478,-79.009195,8,0.24,142.1,7.84,1401403,7.84,7.83889,-3.99542,4.33101,-0.13592,0.01573,-0.10522,64.20638,35.06285,-64.61561
36.07748,-79.009192,8,0.43,141.4,7.83,1402403,7.83,7.82513,-3.94576,4.33161,-0.12156,0.09865,-0.06292,65.01023,32.00819,-65.60947
36.077483,-79.009189,8,0.44,141.3,7.82,1403403,7.82,7.82034,-3.99721,4.3352,-0.14019,0.06048,-0.06292,65.9164,29.33353,-66.45718
36.077483,-79.009186,8,0.36,141.3,7.79,1404403,7.79,7.79342,-3.97448,4.29452,-0.11347,0.06124,-0.12126,66.79333,26.11809,-67.36334
36.077486,-79.009185,8,0.36,141.4,7.85,1405403,7.85,7.84966,-3.99003,4.25922,-0.13134,0.10095,-0.05452,68.62029,23.45805,-67.10027
36.077483,-79.009183,8,0.44,142.1,7.81,1406403,7.81,7.81376,-4.0355,4.36152,-0.14218,0.0591,-0.0733,69.97954,20.62263,-66.15025
36.077483,-79.009181,8,0.15,141.9,7.88,1407403,7.88,7.87717,-4.00917,4.35853,-0.15501,0.06552,-0.0533,71.58725,17.26103,-64.63022
36.077484,-79.009179,8,0.43,141.7,7.78,1408403,7.78,7.78445,-4.00259,4.33759,-0.15791,0.07697,-0.02993,73.48728,14.68869,-64.06022
36.077481,-79.00918,8,0.53,141.4,7.78,1409403,7.78,7.77787,-3.98046,4.31665,-0.1263,0.07712,-0.10705,75.35808,12.62789,-60.90324
36.077477,-79.009179,8,0.53,141.1,7.82,1410403,7.82,7.81795,-3.96132,4.31665,-0.14523,0.06826,-0.08109,77.46273,10.52324,-59.16399
36.077474,-79.009179,8,0.7,140.6,7.8,1411403,7.8,7.80359,-3.99482,4.30888,-0.15669,0.08522,-0.02245,78.9389,8.30167,-57.03011
36.077472,-79.009179,8,0.45,140.4,7.81,1412403,7.81,7.81077,-3.95773,4.28255,-0.13088,0.07285,-0.08598,80.73663,7.99474,-53.78544
36.077469,-79.009178,8,0.4,140.2,7.94,1413403,7.94,7.94477,-4.00259,4.31067,-0.13073,0.11255,-0.04688,81.94972,7.14703,-51.66618
36.077467,-79.009177,8,0.47,140,7.85,1414403,7.85,7.85265,-4.03908,4.37647,-0.1292,0.07651,-0.08903,83.63052,7.5855,-48.05612
36.077465,-79.009173,8,0.82,139.6,7.82,1415403,7.82,7.81915,-3.97508,4.32204,-0.14539,0.06628,-0.05452,84.94592,8.36013,-45.46916
36.077462,-79.009174,8,0.52,139.4,7.79,1416403,7.79,7.79342,-3.99721,4.31964,-0.14264,0.04307,-0.07101,86.07133,9.35399,-42.25373
36.077459,-79.009174,8,0.78,138.9,7.85,1417403,7.85,7.84666,-4.03131,4.3675,-0.12798,0.07804,-0.04933,86.68518,10.3917,-39.50599
36.077458,-79.009171,8,0.39,138.4,7.83,1418403,7.83,7.8341,-3.9996,4.35494,-0.1347,0.02352,-0.06032,87.32827,12.02865,-37.47442
36.077455,-79.009168,8,0.72,138.6,7.81,1419403,7.81,7.81316,-3.99003,4.39143,-0.13653,0.08018,-0.0142,87.32827,13.40251,-35.61824
36.077452,-79.009165,8,0.62,138.8,7.79,1420403,7.79,7.78983,-3.94636,4.38126,-0.09606,0.07819,-0.10705,86.75826,15.65332,-32.35896
36.077448,-79.009158,8,0.87,138.9,7.82,1421403,7.82,7.81735,-4.03071,4.34896,-0.06246,-0.10079,0.00122,86.59748,16.92488,-32.54896
36.077442,-79.009155,8,0.6,139.1,7.74,1422403,7.74,7.73719,-3.90688,4.11027,0.10095,-0.15394,-0.1208,86.52441,17.87489,-31.62818
36.077438,-79.009151,8,0.76,139.4,5.83,1423403,5.83,5.82592,-3.45703,4.04985,0.57238,-1.07039,-0.65546,83.80591,12.43788,-45.84917
36.077434,-79.009152,8,0.44,139.6,8.49,1424403,8.49,8.49452,-1.99801,4.43211,2.46102,-1.91155,0.73793,73.15112,13.94329,-63.41713
36.077432,-79.009153,8,0.64,139.8,7.64,1425403,7.64,7.63729,-4.49432,4.3346,1.38376,-0.16661,1.29274,70.54955,44.943,-36.99211
36.077429,-79.00915,8,0.44,139.7,7.81,1426403,7.81,7.80958,-3.7998,4.56491,1.15835,-0.61407,0.35354,87.02134,18.81029,-31.90587
36.077425,-79.009151,8,0.91,139.3,7.91,1427403,7.91,7.91247,-4.11625,4.10848,0.87094,-0.50839,0.59239,82.15434,8.57936,-52.9962
36.077421,-79.009152,8,1.12,139.7,7.75,1428403,7.75,7.74617,-3.9673,4.22632,0.85124,-0.36835,0.28894,69.43876,23.09266,-66.58871
36.077417,-79.009151,8,1.0,139.9,7.88,1429403,7.88,7.87837,-3.98285,4.30289,0.54153,-0.30895,0.3343,64.54253,39.06752,-62.74482
36.077416,-79.009152,9,0.55,139.3,8.03,1430403,8.03,8.03031,-4.0672,4.21615,0.34514,-0.04261,0.19991,64.3233,47.77843,-52.82081
36.077412,-79.00915,8,0.6,139.6,7.76,1431403,7.76,7.76351,-3.97747,4.38365,0.20143,-0.14859,0.18586,66.91026,48.81614,-46.65303
36.077409,-79.009148,8,0.53,140.3,7.84,1432403,7.84,7.83769,-3.95234,4.32323,0.2813,-0.13821,0.13775,70.49109,47.52996,-40.14908
36.077406,-79.009146,8,0.84,140.4,7.85,1433403,7.85,7.85265,-3.9356,4.3334,0.3656,-0.15791,0.15256,75.15347,43.3499,-33.60129
36.077406,-79.009145,8,0.43,140.1,7.82,1434403,7.82,7.82453,-4.00858,4.34596,0.25672,-0.14859,0.16539,79.97662,36.81672,-28.80737
36.077403,-79.009144,8,0.54,140,7.87,1435403,7.87,7.87239,-3.97627,4.31187,0.17471,-0.06154,0.08063,82.65127,31.68664,-28.79275
36.077398,-79.009142,8,0.7,140.1,7.84,1436403,7.84,7.84307,-4.0325,4.31426,0.08674,-0.03757,0.10782,84.259,27.25811,-28.47121
36.077392,-79.009142,8,1.01,140.3,7.86,1437403,7.86,7.86042,-4.01516,4.28136,0.04414,-0.02856,0.00779,85.47208,24.86115,-29.23122
36.077388,-79.009142,8,0.6,139.9,7.88,1438403,7.88,7.88016,-3.96969,4.43211,0.02092,0.00611,0.01237,85.48669,23.41421,-28.23736
36.077385,-79.009142,8,0.52,139.8,7.85,1439403,7.85,7.84846,-4.03011,4.29332,0.02505,-0.01955,0.00702,85.58901,23.20959,-28.32505
36.07738,-79.009142,8,0.69,140,7.84,1440403,7.84,7.84487,-4.002,4.25504,0.00748,-0.01252,0.03268,85.51593,21.77726,-29.01199
36.077375,-79.009142,9,0.89,140.1,7.85,1441403,7.85,7.85265,-4.04866,4.29213,0.01634,0.00825,0.0226,86.65595,20.68109,-28.69044
36.077373,-79.009137,9,1.06,140.2,7.82,1442403,7.82,7.82154,-4.02891,4.28734,-0.01802,0.01878,-0.00137,86.34902,20.53493,-30.48816
36.077369,-79.009137,9,0.6,140.1,7.81,1443403,7.81,7.80539,-3.99123,4.28196,-0.02443,0.0252,-0.0226,86.36364,20.228,-30.09354
36.077366,-79.009137,9,0.6,139.5,7.82,1444403,7.82,7.82214,-4.03131,4.28794,-0.08476,0.04566,-0.02214,85.41362,21.47033,-29.4943
36.077362,-79.009136,8,1.15,139.3,7.82,1445403,7.82,7.81855,-3.95833,4.26461,-0.14798,0.08063,-0.08781,84.98977,23.67729,-29.08506
36.077359,-79.009135,9,0.86,139,7.82,1446403,7.82,7.82034,-4.01934,4.31127,-0.19166,0.12278,-0.09224,83.99591,27.84274,-28.61736
36.077356,-79.009139,9,0.55,138.7,7.82,1447403,7.82,7.81915,-3.98046,4.34656,-0.20525,0.10217,-0.12507,81.24817,33.2359,-28.47121
36.077352,-79.009135,9,0.96,138.5,7.85,1448403,7.85,7.84726,-4.03011,4.35793,-0.17379,0.11881,-0.12569,79.37738,37.97135,-29.50891
36.077349,-79.009132,9,0.9,138.4,7.89,1449403,7.89,7.89093,-4.03968,4.24487,-0.20433,0.07483,-0.07636,76.6881,41.84449,-30.78047
36.077345,-79.009133,9,0.78,138.5,7.84,1450403,7.84,7.84188,-3.98764,4.29631,-0.1854,0.09591,-0.06582,74.56884,44.13914,-34.50745
36.077342,-79.009137,9,0.94,138.2,7.91,1451403,7.91,7.91007,-3.97627,4.30768,-0.17929,0.06597,-0.03848,72.93189,47.33996,-37.1675
36.077337,-79.009141,9,0.61,138.4,7.86,1452403,7.86,7.85624,-4.05284,4.33819,-0.15638,0.11591,-0.06048,70.75417,48.2169,-40.48524
36.077334,-79.009141,9,0.58,139,7.91,1453403,7.91,7.90768,-3.8357,4.23889,-0.22358,0.0223,-0.04429,68.51797,48.94768,-42.06372
36.07733,-79.009146,9,0.96,138.3,8.09,1454403,8.09,8.09193,-3.9326,4.28794,-0.31353,0.09652,0.11484,66.35487,48.74306,-47.88074
36.077324,-79.009151,9,0.78,138.6,7.81,1455403,7.81,7.80539,-4.0014,4.36271,-0.21777,0.07834,-0.19028,64.33791,47.89535,-52.66004
36.07732,-79.009154,9,0.85,138.3,7.8,1456403,7.8,7.79881,-3.90808,4.21496,-0.27046,0.02489,-0.08247,64.11868,45.07454,-57.08857
36.077318,-79.009155,9,0.63,138.5,7.93,1457403,7.93,7.92623,-4.03191,4.267,-0.18524,0.1941,-0.07055,63.28559,41.6691,-59.61707
36.077315,-79.009156,9,0.53,138.3,7.77,1458403,7.77,7.76591,-3.89013,4.30469,-0.16692,0.03039,-0.10079,63.43175,37.8252,-62.56942
36.077308,-79.009154,9,2.15,138.5,7.83,1459403,7.83,7.83231,-3.99242,4.24965,-0.10171,0.13424,-0.06338,64.19176,35.03362,-65.43409
36.077305,-79.009155,8,1.15,138.4,7.88,1460403,7.88,7.88016,-4.01276,4.26461,-0.12477,0.08705,-0.09652,65.84332,31.94972,-65.9164
36.077302,-79.009154,9,1.24,139,7.96,1461403,7.96,7.95673,-4.03191,4.25145,-0.13515,0.15455,-0.0142,65.78486,28.44198,-66.82256
36.077302,-79.009153,9,0.93,138.5,7.83,1462403,7.83,7.82752,-4.02054,4.2347,-0.12767,0.02123,-0.0985,68.4449,26.29348,-66.5741
36.0773,-79.009152,9,0.38,138.6,7.78,1463403,7.78,7.77966,-3.97926,4.26401,-0.06597,0.18158,-0.08751,68.67875,23.42882,-67.43642
36.077298,-79.009149,9,1.58,138.4,7.83,1464403,7.83,7.82513,-3.97687,4.22333,-0.01374,0.16188,-0.17853,70.19878,20.76878,-66.76411
36.077294,-79.00915,9,1.06,138.2,7.6,1465403,7.6,7.60439,-3.76511,4.4991,-0.35109,-0.25076,0.15272,70.38878,16.72026,-66.55949
36.077292,-79.009152,9,0.87,138.3,7.88,1466403,7.88,7.87538,-3.94277,3.94098,-0.18051,-0.38652,-0.09331,72.42035,15.53639,-64.76176
36.077286,-79.009155,9,0.75,138.6,7.77,1467403,7.77,7.7671,-3.89791,4.27597,0.04948,0.2248,0.02123,71.54341,16.36948,-64.68869
36.077282,-79.009155,9,0.96,138.6,7.88,1468403,7.88,7.88375,-4.16471,4.2335,-0.06765,-0.0869,0.06704,72.72727,17.08565,-63.51944
36.07728,-79.009151,9,0.89,137.3,7.88,1469403,7.88,7.87538,-4.07378,4.26281,-0.04505,-0.01451,-0.0365,72.42035,15.59486,-64.22099
36.077277,-79.00915,9,0.74,137.6,7.8,1470403,7.8,7.80419,-4.07677,4.24008,-0.04811,0.09209,-0.04536,72.25957,16.35487,-64.60099
36.077274,-79.009148,9,0.74,137.4,7.89,1471403,7.89,7.88674,-3.97567,4.22513,-0.04933,0.05192,-0.08567,73.34113,15.20023,-63.8556
36.077271,-79.009146,8,0.21,137.5,7.81,1472403,7.81,7.81436,-4.01575,4.29213,-0.06536,0.11698,-0.01924,74.33499,13.98714,-62.56942
36.077269,-79.009139,8,0.25,137.5,7.68,1473403,7.68,7.68276,-4.02413,4.3011,0.07315,0.26023,-0.23396,76.64426,15.97486,-60.65478
36.077265,-79.009131,9,1.09,137.8,8.12,1474403,8.12,8.11765,-4.35434,4.05284,-0.11545,0.36637,0.3769,79.21661,11.54633,-58.03859
36.07726,-79.009129,9,0.96,137.8,7.71,1475403,7.71,7.70549,-4.29452,4.24427,-0.17898,0.01542,-0.18922,79.81584,9.93861,-57.3078
36.077256,-79.009129,9,1.0,137.3,7.88,1476403,7.88,7.88315,-3.75135,4.21496,-0.1321,0.14752,-0.48121,82.1105,5.53932,-52.57235
36.077253,-79.009132,8,0.96,137.1,7.75,1477403,7.75,7.75215,-4.04866,4.34417,-0.33277,0.44944,0.07117,85.06285,8.0532,-45.67378
36.07725,-79.009133,8,0.91,136.7,7.71,1478403,7.71,7.70788,-4.03968,4.35374,-0.44654,0.01542,-0.10033,87.41595,11.53172,-38.2929
36.077247,-79.009131,8,0.41,136.8,7.88,1479403,7.88,7.88495,-4.18684,4.14856,-0.39706,0.04856,-0.11423,87.05057,19.19029,-31.6428
36.077245,-79.009127,8,0.66,136.8,8.05,1480403,8.05,8.05364,-3.95593,4.27239,-0.35354,0.04688,-0.19746,85.61824,24.42268,-28.89506
36.077242,-79.009121,8,1.12,137.2,7.81,1481403,7.81,7.80539,-4.17009,4.401,-0.06536,0.54825,-0.40745,82.32973,33.99591,-26.14733
36.077237,-79.009117,8,1.3,137.4,8.06,1482403,8.06,8.05604,-3.7992,4.1013,-0.66981,0.08155,-0.21334,77.44811,41.24525,-30.45893
36.077233,-79.009118,8,1.38,137.1,7.93,1483403,7.93,7.92563,-3.96969,4.21974,-0.85567,0.28207,-0.09743,66.89565,49.56153,-46.24379
36.077225,-79.009119,8,1.27,137.6,7.87,1484403,7.87,7.8682,-3.9344,4.3005,-0.4722,0.43265,-0.4441,63.35867,42.86758,-60.74247
36.07722,-79.009118,8,1.01,138.5,7.95,1485403,7.95,7.94955,-4.11565,4.18804,-0.66035,0.25992,-0.20769,65.59486,29.26045,-67.42181
36.077217,-79.009116,8,0.84,138.6,7.86,1486403,7.86,7.85863,-3.99721,4.18983,-0.77274,0.31872,-0.52931,72.3765,8.82783,-64.41099
36.077215,-79.009119,8,0.66,139.1,8.4,1487403,8.4,8.4012,-4.00917,3.67179,-2.08,0.94165,-0.74632,85.28208,19.02952,-25.47501
36.077211,-79.009121,8,0.64,139.7,8.2,1488403,8.2,8.20499,-4.14198,3.97029,-1.403,0.42165,-0.77717,66.25256,48.90383,-47.07688
36.077208,-79.009126,8,0.56,140,7.68,1489403,7.68,7.67797,-4.03968,4.46561,-0.90515,0.57131,-0.39034,64.73254,27.40427,-67.36334
36.077203,-79.00913,8,1.05,140.3,7.76,1490403,7.76,7.75992,-4.05045,4.2658,-0.73395,0.26618,-0.40989,77.72581,10.23093,-59.70476
36.077199,-79.009126,8,0.96,140.2,7.78,1491403,7.78,7.77966,-3.94696,4.17129,-0.54764,0.32971,-0.27611,85.53055,7.05934,-43.90529
36.077197,-79.009131,9,0.41,140.1,7.63,1492403,7.63,7.6337,-4.00858,4.32503,-0.41554,0.24786,-0.24847,86.81672,14.90792,-35.2967
36.077191,-79.009136,9,1.51,139.8,7.83,1493403,7.83,7.82752,-3.87577,4.10249,-0.28879,0.27061,-0.21411,86.75826,21.67495,-28.54429
36.07719,-79.009136,9,0.55,139.2,7.89,1494403,7.89,7.88555,-4.01635,4.27119,-0.33659,0.09071,-0.13561,83.39667,30.73663,-27.17042
36.077186,-79.00914,9,0.56,138.9,7.76,1495403,7.76,7.76471,-4.05643,4.22991,-0.30849,0.13714,-0.15623,79.4943,39.11137,-28.71967
36.077181,-79.009139,9,0.59,139.4,7.78,1496403,7.78,7.77847,-3.97268,4.27717,-0.21655,0.19227,-0.1547,75.02192,44.05145,-32.63666
36.077178,-79.009138,9,0.84,139.4,7.66,1497403,7.66,7.66361,-3.9667,4.3334,-0.13271,0.1266,-0.04322,72.42035,47.57381,-36.2321
36.077177,-79.009137,8,0.08,139.8,7.85,1498403,7.85,7.85025,-4.04088,4.20718,-0.09881,0.04597,-0.04963,71.07571,48.56767,-37.21134
36.077173,-79.009139,8,0.63,140.5,7.88,1499403,7.88,7.87657,-4.05225,4.28973,-0.14355,0.01802,0.01313,69.30722,49.38614,-39.62292
36.077168,-79.009141,8,0.6,141.3,7.85,1500403,7.85,7.85444,-4.03849,4.43151,-0.07468,0.08919,-0.06933,68.15259,50.26308,-41.52295
36.077163,-79.009141,8,0.82,142.4,7.91,1501403,7.91,7.90768,-4.04925,4.19223,-0.1689,0.00962,-0.03482,67.36334,50.26308,-43.62759
36.077161,-79.009146,8,0.52,142.4,7.93,1502403,7.93,7.92802,-3.95713,4.2347,-0.16845,0.0701,-0.03894,65.52177,50.02923,-46.65303
36.077156,-79.00915,8,0.55,142.7,7.84,1503403,7.84,7.84188,-4.03729,4.24487,-0.21289,0.05055,-0.11438,64.14791,49.0646,-50.13154
36.077155,-79.009151,8,0.49,143.1,7.83,1504403,7.83,7.82752,-3.92543,4.267,-0.23228,0.14539,-0.15409,63.51944,46.88688,-56.09471
36.077153,-79.009152,8,0.44,143.6,7.77,1505403,7.77,7.77249,-4.03609,4.24846,-0.25611,0.16386,-0.13867,62.94943,42.6045,-59.67553
36.077151,-79.009153,8,0.39,144,7.8,1506403,7.8,7.80419,-4.066,4.267,-0.22174,0.2025,-0.19532,63.79713,37.10903,-64.00175
36.077155,-79.009154,8,0.12,144.4,7.84,1507403,7.84,7.84307,-4.07677,4.30648,-0.30177,0.20082,-0.09942,65.85793,30.45893,-66.28179
36.077159,-79.009149,8,0.7,144.9,7.86,1508403,7.86,7.85803,-4.08096,4.23111,-0.33506,0.15165,-0.17303,69.4826,22.0988,-66.07717
36.077162,-79.009143,8,0.66,145.2,7.87,1509403,7.87,7.87298,-4.02712,4.20718,-0.33949,0.17822,-0.17486,73.70652,14.14791,-63.02251
36.07716,-79.009138,8,0.78,145.1,7.81,1510403,7.81,7.80898,-4.02353,4.27298,-0.32025,0.20357,-0.16173,78.50043,9.07629,-58.19936
36.077156,-79.009137,8,0.75,144.9,7.84,1511403,7.84,7.84068,-4.07139,4.24068,-0.35919,0.16997,-0.15455,82.72435,6.25548,-50.32154
36.077155,-79.009134,8,0.64,145,7.84,1512403,7.84,7.84068,-4.03729,4.25085,-0.33842,0.18158,-0.22006,86.26133,8.3309,-41.61064
36.077155,-79.00913,8,0.44,144.1,7.82,1513403,7.82,7.82094,-4.04566,4.26162,-0.38912,0.1883,-0.16997,87.56211,13.44636,-32.72435
36.077152,-79.009128,8,0.61,143.6,7.84,1514403,7.84,7.84008,-3.98584,4.25504,-0.38179,0.17486,-0.2193,85.26746,21.76264,-28.32505
36.07715,-79.009124,9,0.63,143.5,7.83,1515403,7.83,7.8329,-4.05284,4.27358,-0.38882,0.21502,-0.16448,81.73049,31.18971,-26.74656
36.077147,-79.009122,9,0.22,143.5,7.82,1516403,7.82,7.81735,-4.05823,4.32742,-0.38637,0.16432,-0.22862,76.05963,40.58755,-29.27507
36.077145,-79.009122,9,0.43,144,7.88,1517403,7.88,7.87657,-4.01755,4.24188,-0.39599,0.18708,-0.16203,70.85648,45.65916,-34.59515
36.077142,-79.009121,9,0.35,144.7,7.85,1518403,7.85,7.84607,-4.09173,4.22632,-0.36469,0.1825,-0.20815,65.84332,48.84537,-43.11605
36.077139,-79.009122,9,0.3,145.5,7.89,1519403,7.89,7.88555,-4.01994,4.29512,-0.34514,0.17272,-0.20372,63.31482,46.3461,-51.69541
36.077135,-79.009124,9,0.45,146.5,7.85,1520403,7.85,7.85025,-4.03669,4.25564,-0.3259,0.20235,-0.1434,61.99942,40.95294,-58.21397
36.077135,-79.009123,8,0.26,147,7.85,1521403,7.85,7.84966,-4.02891,4.23231,-0.30497,0.14004,-0.19349,63.22713,33.5136,-62.97866
36.077134,-79.009124,8,0.28,147.9,7.83,1522403,7.83,7.8335,-4.03849,4.28315,-0.30788,0.17394,-0.11377,65.28793,26.67349,-64.49869
36.077137,-79.009123,8,0.21,148.5,7.84,1523403,7.84,7.84008,-4.01635,4.23111,-0.28695,0.13638,-0.18082,69.87723,19.80415,-63.97252
36.077136,-79.009117,8,0.45,148.8,7.83,1524403,7.83,7.83051,-4.08814,4.26162,-0.30452,0.13714,-0.10553,73.51652,14.41099,-61.31248
36.077137,-79.00911,8,0.3,149.5,7.81,1525403,7.81,7.80898,-3.99123,4.2335,-0.31765,0.1263,-0.14478,77.34581,10.3917,-57.5855
36.077136,-79.009105,8,0.25,149.9,7.79,1526403,7.79,7.78744,-4.05165,4.25444,-0.31383,0.18876,-0.14371,81.68664,8.08243,-52.58696
36.077134,-79.0091,8,0.6,150.5,7.8,1527403,7.8,7.803,-4.04626,4.25025,-0.30177,0.11438,-0.14966,84.63899,8.3309,-45.38147
36.077137,-79.009101,8,0.25,150,7.8,1528403,7.8,7.8024,-3.99063,4.32024,-0.26038,0.15623,-0.13317,86.26133,10.56709,-38.70213
36.077136,-79.009096,8,0.61,150.2,7.8,1529403,7.8,7.79821,-4.01516,4.27837,-0.25168,0.1211,-0.14172,86.53902,14.63023,-33.49897
36.077134,-79.009098,8,0.83,149.9,7.82,1530403,7.82,7.81615,-4.02533,4.26461,-0.20632,0.14951,-0.12721,86.84595,19.01491,-31.35048
36.077129,-79.009094,8,0.63,150.4,7.83,1531403,7.83,7.8329,-3.9338,4.38126,-0.19303,0.22465,-0.05101,86.6998,21.64572,-28.44198
36.077127,-79.009082,8,1.2,151.1,8.12,1532403,8.12,8.11825,-3.47976,4.5661,0.25229,1.01373,0.15058,84.53668,25.06577,-22.23034
36.077126,-79.009075,8,0.85,151,7,1533403,7,7.0002,-4.71805,3.95833,0.4021,-1.30847,-0.41081,85.39901,21.1634,-31.39433
36.07712,-79.009075,8,1.48,151.7,7.89,1534403,7.89,7.88734,-4.55055,3.34038,-0.66203,0.14019,0.89629,86.6121,13.81175,-28.60275
36.077121,-79.009069,8,0.74,152.4,7.82,1535403,7.82,7.81795,-3.82612,4.89811,-0.76893,-0.04872,-0.47922,85.50131,21.87957,-32.50512
36.07712,-79.009062,8,0.69,153,8.19,1536403,8.19,8.19123,-3.96431,4.24547,-0.85674,0.56077,-0.77748,75.25578,43.30605,-34.0836
36.077118,-79.009059,8,0.85,153.2,7.86,1537403,7.86,7.85803,-4.0995,4.04507,-0.92393,0.48778,-0.43982,64.45483,46.43379,-54.64776
36.077115,-79.00905,8,2.03,153.9,7.57,1538403,7.57,7.5679,-3.83629,4.22393,-0.65683,0.47113,-0.33384,65.68255,29.40661,-66.79333
36.077115,-79.009047,8,0.64,154,8.03,1539403,8.03,8.03091,-4.40758,4.29033,-0.6379,0.40607,-0.26954,74.32037,15.55101,-63.06636
36.077117,-79.009047,8,0.35,153.4,7.95,1540403,7.95,7.95195,-4.17727,4.00798,-0.67714,0.18631,-0.23579,83.26513,7.00088,-49.54692
36.077121,-79.009046,8,0.52,152.9,8.12,1541403,8.12,8.11825,-4.36212,4.27298,-0.56704,0.25962,-0.38882,86.58287,14.48407,-36.21748
36.077128,-79.009037,8,1.69,152,7.62,1542403,7.62,7.61635,-5.55374,2.9007,-0.93982,-0.17364,0.62156,84.53668,24.65653,-21.4411
36.077129,-79.009032,8,1.93,151.5,7.61,1543403,7.61,7.60738,-3.27278,5.41256,-1.26174,-0.29719,-0.22052,78.45659,39.38907,-36.11517
36.077131,-79.009029,8,0.91,150.5,7.92,1544403,7.92,7.92264,-3.92064,4.17308,-0.50121,0.60399,-0.85842,67.45103,49.57615,-46.02456
36.07713,-79.009026,8,1.3,149.7,7.85,1545403,7.85,7.84846,-4.1671,4.21017,-0.6014,0.55635,-0.14615,63.56329,42.10757,-61.15171
36.077134,-79.009029,8,0.91,148.7,7.87,1546403,7.87,7.87478,-4.40638,4.36032,-0.66966,0.22755,-0.1266,66.73487,26.9658,-65.34639
36.077138,-79.009027,8,0.96,148.1,7.59,1547403,7.59,7.58525,-4.36989,3.65743,-0.04688,0.97937,-0.38317,76.65887,18.22567,-58.18474
36.077139,-79.009028,8,2.0,146.3,7.23,1548403,7.23,7.2329,-5.59921,3.68076,-1.36528,-0.21273,0.16295,82.84128,15.66793,-50.19
36.077132,-79.009029,8,1.86,146.4,7.62,1549403,7.62,7.62174,-4.53021,4.5679,-0.73487,0.5733,-1.27091,86.04209,19.48261,-29.78661
36.077124,-79.009033,8,1.68,146.4,8.05,1550403,8.05,8.04946,-4.12343,4.05464,-1.30007,0.43692,-0.18815,72.87343,47.13534,-30.83894
36.077126,-79.009032,8,0.93,146.4,7.54,1551403,7.54,7.54038,-4.3023,4.07797,-1.09223,0.97509,-0.52702,62.46712,45.96609,-58.3309
36.077125,-79.009036,8,0.48,145.5,7.88,1552403,7.88,7.88375,-3.33978,4.20718,-1.40102,0.00473,-0.43662,72.90266,16.06256,-64.39638
36.077124,-79.009038,8,0.36,145,7.48,1553403,7.48,7.48056,-5.18525,4.18983,-1.01175,0.51633,-0.15562,85.44286,13.5779,-43.87606
36.077119,-79.009035,8,1.21,144.1,8.14,1554403,8.14,8.14158,-3.83091,4.10549,-0.94287,-0.35048,-0.75778,85.93978,21.6311,-26.00117
36.077114,-79.00903,8,1.16,144,7.98,1555403,7.98,7.97588,-4.25324,4.69532,-0.46762,0.68936,-0.30864,76.16194,43.71529,-34.82899
36.077109,-79.009024,8,1.91,143.1,6.91,1556403,6.91,6.90748,-3.17647,3.08854,-0.81917,-0.37049,-0.33384,71.7188,47.51535,-38.73137
36.0771,-79.009015,8,3.0,142.9,6.74,1557403,6.74,6.73998,-3.51984,3.83988,-0.11286,0.06933,-0.33521,65.98948,47.89535,-52.07542
36.077088,-79.009008,8,3.66,142.1,6.74,1558403,6.74,6.7358,-1.47936,4.98545,-0.80634,-0.17318,1.31275,66.64718,34.93131,-62.97866
36.07708,-79.009003,7,2.45,141.6,9.09,1559403,9.09,9.09093,-2.47657,2.44666,-0.58903,-0.10308,0.56245,74.93423,37.31365,-52.09003
36.07707,-79.008999,7,2.76,141.3,5.39,1560403,5.39,5.38624,-2.83011,3.56949,-1.13881,-2.23867,1.18004,64.45483,43.67144,-58.69629
36.077057,-79.008992,7,4.03,140.5,9.91,1561403,9.91,9.90868,-3.29193,3.09212,0.79764,0.39401,-1.13942,68.28413,48.83075,-44.21222
36.077044,-79.008994,7,3.21,140.2,8.84,1562403,8.84,8.84028,-4.02652,2.40718,-0.10675,-0.89751,0.04933,70.06723,48.47998,-37.00673
36.077035,-79.00899,8,2.19,140.3,6.8,1563403,6.8,6.79681,-4.57508,3.25663,0.53466,0.18326,-0.34697,62.90559,54.18006,-37.34288
36.077028,-79.008988,8,1.9,140.3,7.76,1564403,7.76,7.75873,-3.15793,4.69532,-0.27397,-0.21136,0.04673,72.27419,46.75533,-37.95674
36.07702,-79.008986,8,1.3,140.7,8.05,1565403,8.05,8.04946,-4.74497,4.04746,-0.26557,-0.40088,-0.58383,66.13564,51.19848,-39.03829
36.077017,-79.008992,8,1.29,140.8,7.66,1566403,7.66,7.65584,-4.93699,4.83649,-0.38988,0.31185,0.83169,66.70564,48.61152,-47.48611
36.07701,-79.008992,8,1.23,140.1,8.08,1567403,8.08,8.07757,-4.98604,4.54636,0.28833,0.70433,-0.51786,62.97866,51.05233,-47.76381
36.077006,-79.008987,8,1.47,140,8.66,1568403,8.66,8.66082,-4.00858,4.21795,-0.1547,0.30665,0.43524,65.96024,47.50073,-49.45922
36.077,-79.008988,8,1.19,139.6,7.36,1569403,7.36,7.36152,-3.12024,4.25564,0.71395,0.79321,-0.67378,66.95411,46.27302,-51.44695
36.076995,-79.008988,8,0.53,139.3,6.09,1570403,6.09,6.09153,-3.85185,4.22513,-0.01359,-0.38927,-0.0223,60.18708,53.31775,-49.35691
36.076991,-79.008985,8,0.56,138.3,8.19,1571403,8.19,8.19243,-3.53181,3.78126,-0.09468,-0.6185,-0.19975,69.36568,47.23765,-44.51915
36.076994,-79.008978,8,1.71,137.4,7.93,1572403,7.93,7.92742,-3.88774,4.49432,0.20571,-0.66661,1.95263,67.26103,49.03537,-44.63607
36.076991,-79.008981,8,0.84,138.2,7.46,1573403,7.46,7.45783,-4.38664,4.75753,1.49754,-0.36331,0.74984,86.15902,17.9772,-37.78135
36.076994,-79.008978,8,0.67,136.9,8.08,1574403,8.08,8.07877,-3.5994,4.06481,3.17115,-1.01877,2.00914,78.26659,10.36247,-58.63783
36.076993,-79.008976,8,0.51,136.6,7.16,1575403,7.16,7.16112,-4.94537,4.59242,-0.02505,0.01038,0.01497,63.51944,30.59047,-67.45103
36.076994,-79.008974,8,0.14,136.1,6.7,1576403,6.7,6.6999,-5.38206,4.80957,-0.01222,0.01924,-0.00901,61.91172,31.58433,-68.37182
36.076998,-79.008963,7,1.74,135.6,6.82,1577403,6.82,6.81655,-5.29173,4.81316,-0.00443,0.02779,-0.02046,61.78018,31.71587,-67.56796
36.077006,-79.008952,6,2.57,135.2,6.79,1578403,6.79,6.79263,-5.36112,4.8335,-0.01787,0.00947,-0.00351,61.78018,31.84741,-67.99181
36.077017,-79.008958,8,2.41,134.8,6.82,1579403,6.82,6.81775,-5.27917,4.77248,-0.0084,0.01344,-0.0197,62.48173,31.68664,-68.40105
36.077033,-79.008971,6,4.09,134.7,6.79,1580403,6.79,6.78545,-5.34497,4.79462,-0.01222,0.02031,-0.01298,62.13096,31.97895,-68.12336
36.077042,-79.008972,5,2.78,135,6.81,1581403,6.81,6.80878,-5.3342,4.78744,-0.01038,0.0139,-0.01268,62.18942,31.68664,-68.43028
36.077047,-79.008979,5,2.36,135.3,6.79,1582403,6.79,6.78545,-5.28575,4.78086,-0.01604,0.01909,-0.01436,61.82403,32.3005,-67.80182
36.077052,-79.009032,3,2.2,134.8,6.77,1587403,6.77,6.77229,-5.36531,4.81256,-0.0113,0.01634,-0.0142,62.13096,31.30664,-69.02953
36.077027,-79.009078,3,4.25,134.6,6.76,1588403,6.76,6.76391,-5.29412,4.78565,-0.01191,0.01909,-0.01283,62.49635,31.24817,-67.90412
36.076832,-79.009316,5,0.83,117.4,8.79,1602403,8.79,8.78644,-3.41695,0.59462,1.08367,-0.28573,0.40684,78.26659,25.63578,-54.72084
36.076971,-79.008943,7,0.28,113.3,9.06,1603403,9.06,9.05982,-2.69611,1.64507,-0.13057,-0.08858,0.04948,74.5396,33.71821,-54.82315
36.076985,-79.00887,7,0.06,112.6,9.7,1604403,9.7,9.69871,-2.15354,1.82453,-0.92012,0.17226,0.01924,76.38118,23.44344,-59.79246
36.077004,-79.008853,7,1.0,111.8,8.14,1605403,8.14,8.14337,-0.81236,5.71286,0.12798,-0.14004,-0.06597,77.66735,13.54867,-59.31014
36.077007,-79.00885,8,2.41,115.1,9.61,1606403,9.61,9.60898,-4.84965,2.49871,0.53466,0.24435,-0.44807,68.16721,32.85589,-63.00789
36.076988,-79.008865,8,3.59,118.2,6.77,1607403,6.77,6.7687,-2.5992,1.96092,-2.04961,-0.45097,-2.01097,83.32359,11.26863,-50.77463
36.076977,-79.008877,8,1.16,119.9,6.79,1608403,6.79,6.79143,-4.6678,4.32024,-0.79657,-0.89843,-0.22159,84.41976,20.53493,-44.06606
36.076965,-79.008887,8,2.31,122.5,7.69,1609403,7.69,7.68934,-4.54337,4.62473,0.32544,-2.30586,0.9221,62.40865,25.02192,-70.59339
36.076956,-79.008899,8,1.0,123.7,8.46,1610403,8.46,8.45683,-4.36212,3.78485,1.1834,0.34987,0.2445,64.90792,48.37767,-51.85619
36.076957,-79.008905,8,0.97,124.3,7.68,1611403,7.68,7.67618,-4.20598,4.47099,0.49022,-0.61132,0.20449,71.01725,47.19381,-39.75446
36.076943,-79.008928,8,1.12,125.7,7.93,1612403,7.93,7.934,-4.05942,4.40459,0.50305,-0.63118,0.21334,80.48817,37.02134,-31.43818
36.076935,-79.008931,8,1.74,127.2,8.37,1613403,8.37,8.37069,-4.12941,4.79402,0.82192,0.30116,0.36362,86.46594,21.1634,-31.97895
36.076924,-79.008932,8,1.6,128.4,8.11,1614403,8.11,8.11466,-3.26022,4.45783,0.21732,-0.68692,-0.22327,87.48904,8.91552,-38.30751
36.07692,-79.008935,8,0.43,128.9,8.06,1615403,8.06,8.05723,-4.41296,4.92443,0.22755,1.08535,0.57177,85.80824,10.12862,-42.35603
36.076915,-79.008939,8,0.39,129.4,7.31,1616403,7.31,7.31187,-5.06261,5.39342,-0.17074,-0.10446,0.46533,84.78515,11.03479,-46.27302
36.076916,-79.00892,8,3.31,130.3,8.39,1617403,8.39,8.38864,-2.97428,1.25982,4.56133,-1.69485,0.25213,87.21134,5.15931,-35.35516
36.07691,-79.008907,7,2.82,131,-3.37,1618403,-3.37,-3.36969,-5.78285,7.94297,-0.00046,0.01268,-0.02932,10.37708,27.87197,-61.72172
36.076909,-79.008894,7,2.78,130.4,-3.91,1619403,-3.91,-3.91047,-5.61954,7.68934,-0.01436,0.0139,-0.00626,10.08477,28.58813,-62.14557
36.076905,-79.008874,5,3.22,129.9,-3.51,1620403,-3.51,-3.50967,-5.81875,7.81974,-0.00244,0.02275,-0.02382,10.62555,28.20813,-61.83865
36.076905,-79.008855,3,3.3,130.8,-3.63,1621403,-3.63,-3.62812,-5.85643,7.84726,-0.02505,0.00748,-0.00351,10.24554,28.17889,-62.13096
36.076906,-79.008818,3,3.52,130.9,-3.49,1623403,-3.49,-3.48634,-5.65424,7.53679,-0.02153,-0.00229,-0.01894,10.88863,28.42736,-62.1748
36.076909,-79.008795,3,3.81,130.9,-3.64,1624403,-3.64,-3.64008,-5.7356,7.94537,-0.00748,0.02642,-0.01222,10.68401,27.72581,-61.56095
36.076876,-79.008674,3,4.19,130.8,-3.62,1630403,-3.62,-3.61675,-5.77269,7.84008,-0.01054,0.01863,-0.01405,10.74247,27.78427,-62.01403
36.076799,-79.00871,4,4.28,130.8,-3.65,1631403,-3.65,-3.65085,-5.66321,7.70429,-0.01344,0.02046,-0.0113,10.43554,27.55042,-60.94709
36.076737,-79.008751,4,5.16,130.9,-3.63,1632403,-3.63,-3.63051,-5.56391,7.55474,-0.01604,0.00657,-0.02352,10.33324,28.12043,-61.82403
36.076683,-79.0088,3,6.13,130.9,-3.56,1633403,-3.56,-3.56291,-5.76192,7.78206,-0.0168,0.00519,-0.02138,10.08477,28.32505,-62.40865
36.076641,-79.00886,3,6.92,130.9,-3.55,1634403,-3.55,-3.54556,-5.64467,7.82274,-0.01833,0.00214,-0.0142,10.47939,27.94505,-62.30634
36.076591,-79.008934,3,8.11,131.1,-3.7,1635403,-3.7,-3.70229,-5.65005,7.88136,-0.00779,0.01924,-0.00916,10.28939,28.19351,-62.10172
36.076535,-79.009025,3,9.55,131.2,-3.59,1636403,-3.59,-3.58864,-5.79422,7.867,-0.01527,0.01497,-0.01237,10.49401,28.10582,-62.78866
36.077038,-79.008854,4,1.17,138.9,7.45,1672403,7.45,7.44826,-4.76531,4.57986,0.458,-0.8323,0.06124,79.87431,38.0152,-29.53815
36.07696,-79.008938,6,2.37,133.7,8.19,1673403,8.19,8.19482,-3.95414,3.92602,0.49495,-0.18708,0.32681,86.94827,20.40339,-29.05583
36.076888,-79.008896,7,1.45,137.5,7.95,1674403,7.95,7.95255,-4.33998,3.15434,0.34178,-0.45341,-0.30207,87.3575,14.55715,-34.24437
36.076879,-79.008899,7,1.31,139.5,7.98,1675403,7.98,7.97767,-4.68216,4.27538,0.49297,0.20815,-0.20036,85.50131,11.21017,-44.16837
36.076871,-79.008904,7,1.23,139.3,7.86,1676403,7.86,7.86341,-4.71266,4.6014,-0.1292,-0.30268,0.27077,84.11284,8.82783,-48.74306
36.076873,-79.008912,7,1.13,138.6,8.13,1677403,8.13,8.135,-3.85364,4.25384,0.18341,0.00458,-0.26466,83.68898,7.89243,-47.89535
36.076889,-79.008914,8,0.87,135.7,7.71,1678403,7.71,7.71386,-4.41835,4.24846,0.08858,0.02566,0.05513,82.47588,7.55627,-51.3154
36.076888,-79.008919,8,0.97,135.9,7.98,1679403,7.98,7.98246,-4.47278,3.98943,0.1237,0.01222,0.06735,80.99971,9.61707,-54.70623
36.076886,-79.008918,8,1.42,134.8,8.13,1680403,8.13,8.13261,-3.45045,3.99302,0.09331,-0.1182,-0.10583,80.41508,6.29933,-55.26162
36.076884,-79.008906,8,1.32,135.3,7.64,1681403,7.64,7.64028,-4.63849,4.4351,0.0817,0.13195,0.16799,77.59427,11.67787,-58.88629
36.076886,-79.008892,8,1.13,135.8,8.16,1682403,8.16,8.15893,-4.09173,3.70947,-0.14523,-0.23961,0.04795,79.31891,11.07863,-57.08857
36.076886,-79.008888,8,0.93,135.8,7.64,1683403,7.64,7.63669,-3.99661,4.58644,-0.10828,0.11087,0.01573,77.98889,10.01169,-59.07629
36.076886,-79.008886,8,0.67,134.7,8.04,1684403,8.04,8.0351,-4.15334,3.84586,-0.09575,0.14371,-0.22724,80.60509,8.55013,-55.46624
36.076878,-79.008879,8,0.69,134.4,7.78,1685403,7.78,7.78325,-4.20299,4.14078,-0.38897,-0.06399,-0.03222,82.87051,8.66706,-50.77463
36.076876,-79.008856,9,0.68,136.3,7.94,1686403,7.94,7.93699,-3.88714,4.41356,-0.18738,0.23152,-0.03406,84.59515,6.94241,-46.43379
36.076876,-79.008842,9,0.75,137.4,7.81,1687403,7.81,7.80838,-4.37468,4.53081,-0.24755,0.00275,-0.06567,85.70593,9.48553,-42.56065
36.076878,-79.008831,9,0.52,139.3,7.88,1688403,7.88,7.88196,-3.82014,4.28614,-0.20708,-0.04001,-0.28466,86.67056,11.13709,-37.4598
36.076874,-79.00883,9,0.55,138.6,8.05,1689403,8.05,8.05185,-4.0666,4.32323,-0.32422,0.26588,0.03818,87.06519,15.52178,-32.75358
36.076869,-79.008812,9,0.92,140.6,7.6,1690403,7.6,7.59661,-4.37887,4.40638,-0.43127,0.0956,-0.30238,84.62438,26.86349,-29.47968
36.076865,-79.008798,9,0.91,141.2,8.01,1691403,8.01,8.01416,-3.75554,4.2347,-0.39294,0.34499,-0.02306,81.78895,33.4259,-26.73195
36.076862,-79.008788,8,1.07,141.6,7.64,1692403,7.64,7.63849,-4.18624,4.43869,-0.31062,0.22342,-0.26771,74.81731,43.71529,-32.12511
36.076861,-79.008783,8,0.4,142.9,7.69,1693403,7.69,7.69412,-3.88116,4.12283,-0.44227,0.49068,-0.09362,69.77492,48.46536,-37.95674
36.076862,-79.008782,8,0.39,143.1,7,1694403,7,6.99901,-4.57149,5.03031,-1.96378,-0.49495,-1.12644,58.0532,43.2622,-63.34405
36.076863,-79.008792,7,0.26,142.5,7.2,1695403,7.2,7.19701,-4.59482,4.85743,-1.25197,0.75289,-0.74984,64.68869,28.82198,-68.38644
36.076864,-79.008795,7,0.4,142.2,7.93,1696403,7.93,7.92802,-4.10249,4.55653,-1.61406,0.79,-0.87293,87.0798,13.02251,-36.2321
36.07686,-79.008796,8,0.67,142.3,8.18,1697403,8.18,8.18345,-4.07438,4.14616,-1.15988,0.12584,-0.42699,75.78194,43.32067,-32.57819
36.07685,-79.008807,8,0.59,143.2,8.44,1698403,8.44,8.44307,-3.70349,4.00319,-0.80084,0.00046,-0.74984,67.12949,47.20842,-50.20462
36.076842,-79.008812,8,0.67,144.3,7.44,1699403,7.44,7.43809,-3.9009,4.2676,-0.64049,0.59651,-0.20479,64.07483,35.91055,-64.87869
36.076832,-79.008817,8,0.74,146.7,7.7,1700403,7.7,7.7019,-4.0995,4.12882,-0.73899,-0.06048,-0.28894,70.30108,20.90032,-66.3841
36.076823,-79.008824,8,0.59,148.2,7.59,1701403,7.59,7.59482,-4.3328,4.98126,-0.18906,0.78802,-0.35216,78.13505,10.69863,-58.78399
36.076819,-79.008826,8,0.83,148.6,7.43,1702403,7.43,7.42971,-4.33161,3.75494,-2.36267,1.29351,0.29902,86.81672,19.07337,-31.04355
36.076816,-79.008826,8,0.97,148.5,8.1,1703403,8.1,8.10329,-3.999,4.20299,-1.45859,0.31857,-1.17775,67.53873,49.41538,-45.133
36.076817,-79.008826,8,0.7,148.1,7.14,1704403,7.14,7.13719,-4.63191,4.89033,-0.82864,1.26525,-0.55467,63.05173,31.58433,-68.67875
36.076811,-79.008824,8,1.32,147.7,8.2,1705403,8.2,8.19781,-4.33161,3.66281,-1.01953,0.56704,-0.35109,82.19818,10.23093,-53.20082
36.076811,-79.008819,8,1.13,146.8,7.6,1706403,7.6,7.6026,-4.3998,4.36032,-1.08673,0.35445,-0.2474,87.24057,16.5741,-33.55744
36.07681,-79.00882,8,0.76,146.2,7.89,1707403,7.89,7.88854,-3.88594,4.066,-0.67302,0.98487,-0.40714,79.72815,37.62058,-28.26659
36.076808,-79.008823,8,0.91,145.5,8.44,1708403,8.44,8.44427,-3.88235,4.3017,-0.74434,0.15623,-0.3821,68.69337,48.8746,-42.58989
36.076805,-79.008818,8,1.13,145.4,8.41,1709403,8.41,8.41197,-3.94218,4.03729,-0.53863,0.29001,-0.19853,66.32564,44.943,-55.87547
36.0768,-79.008821,8,1.02,145.6,7.89,1710403,7.89,7.89273,-4.18325,4.48236,-0.37217,0.31902,-0.36102,63.66559,37.05057,-65.79948
36.076802,-79.008822,8,0.43,145.7,7.42,1711403,7.42,7.41955,-5.09312,4.22692,-1.91445,-0.76404,-0.66813,68.40105,27.31657,-65.98948
36.076801,-79.008822,8,0.53,145.7,6.81,1712403,6.81,6.81476,-4.08694,4.91426,-2.67467,3.26202,-1.79289,83.13358,28.32505,-40.64601
36.076803,-79.008824,8,0.3,145.2,7.45,1713403,7.45,7.44826,-4.934,3.41097,-2.15819,1.09299,-1.21791,66.50102,33.90821,-64.49869
36.076802,-79.008826,8,0.18,145,7.86,1714403,7.86,7.86281,-3.82792,4.25803,-1.79442,0.79367,-0.8294,87.70827,12.94943,-35.45747
36.076804,-79.008824,8,0.43,144.7,7.62,1715403,7.62,7.61815,-4.09352,4.37288,-1.51449,0.81673,-0.85659,68.53259,49.40076,-40.87986
36.076802,-79.00882,8,0.75,144.6,7.69,1716403,7.69,7.68634,-3.9021,3.95115,-1.27564,0.74648,-0.65454,66.88103,29.50891,-65.9164
36.0768,-79.008822,8,0.47,144,7.86,1717403,7.86,7.86222,-4.2,4.41655,-1.00472,0.478,-0.44272,80.98509,7.81935,-55.23239
36.076797,-79.008818,8,0.51,144.3,7.85,1718403,7.85,7.84786,-4.29272,4.0672,-0.86621,0.343,-0.31261,86.90441,16.32564,-33.70359
36.076793,-79.008819,8,0.55,143.9,8.05,1719403,8.05,8.04706,-3.98584,4.32562,-0.69364,0.49007,-0.24633,81.99357,32.56358,-28.33967
36.076789,-79.008818,8,0.67,143,8,1720403,8,7.99562,-3.99362,4.15215,-0.62201,0.26435,-0.33613,72.78574,46.46302,-34.96054
36.076783,-79.00882,8,0.92,142.3,7.65,1721403,7.65,7.65045,-4.10848,4.14257,-0.53481,0.24144,-0.23213,65.84332,49.62,-48.52382
36.076779,-79.00882,8,0.9,142.2,7.57,1722403,7.57,7.57209,-4.11446,4.2341,-0.42287,0.24083,-0.3036,62.75943,44.29991,-58.88629
36.076775,-79.008819,8,0.78,142.3,7.82,1723403,7.82,7.82453,-4.04925,4.2012,-0.37049,0.21518,-0.26252,64.981,35.38439,-65.4487
36.076771,-79.008816,8,0.7,142.7,7.89,1724403,7.89,7.88734,-4.10249,4.1683,-0.2558,0.4864,-0.17028,68.64952,25.97194,-66.93949
36.076769,-79.008816,8,0.46,142.7,7.76,1725403,7.76,7.75933,-4.01695,4.16949,-0.27306,0.32727,-0.21762,72.68343,18.03566,-64.58638
36.076764,-79.008813,8,0.82,143,7.9,1726403,7.9,7.89871,-4.24367,3.89013,-0.50396,-0.03757,-0.05986,78.41275,12.74481,-58.47705
36.076758,-79.008807,8,1.23,143.8,7.65,1727403,7.65,7.65045,-4.02473,4.25623,-0.3653,0.26374,-0.12767,82.38819,8.19936,-53.30313
36.076751,-79.008802,9,1.48,143.9,7.91,1728403,7.91,7.91247,-4.18146,3.87458,-0.3795,0.10186,-0.32009,86.5098,8.94475,-41.62526
36.076745,-79.008798,8,1.37,143.7,7.51,1729403,7.51,7.51227,-4.48176,4.98365,-0.19349,0.80298,-0.45128,86.43671,14.92254,-35.54516
36.076739,-79.008793,8,1.38,143.5,8.09,1730403,8.09,8.09372,-3.78545,4.25623,-1.17271,-0.54627,-0.093,84.43438,27.36042,-28.06197
36.076736,-79.008793,8,0.45,144,7.81,1731403,7.81,7.80658,-4.3675,4.0678,-0.55176,0.91584,-0.50778,72.87343,47.12073,-33.11897
36.076732,-79.008789,8,0.64,143.8,7.99,1732403,7.99,7.98605,-4.21735,4.14736,-0.88102,0.50335,-0.25015,64.58638,48.11459,-52.3385
36.076726,-79.008789,8,0.84,143.5,7.95,1733403,7.95,7.94955,-4.0331,4.25264,-0.73441,0.37538,-0.49511,66.34025,32.05203,-65.98948
36.076722,-79.008784,8,1.19,143.7,7.89,1734403,7.89,7.89273,-4.40698,3.97627,-0.76129,0.25534,-0.2532,74.29115,16.13563,-62.73019
36.076718,-79.008782,8,0.93,143.6,7.94,1735403,7.94,7.94417,-3.96012,4.10429,-0.87491,0.13042,-0.28497,84.01052,6.54779,-48.58229
36.076715,-79.008781,8,0.81,143.6,7.78,1736403,7.78,7.78146,-4.22632,4.26461,-0.62324,0.40546,-0.37919,87.32827,16.47179,-34.66822
36.076715,-79.008781,8,0.81,143.3,7.85,1736603,7.85,7.84906,-4.14497,4.13958,-0.70998,0.34453,-0.26221,87.34288,19.55569,-31.43818
36.076714,-79.008781,8,0.53,142.7,7.93,1737403,7.93,7.93221,-4.0325,4.25324,-0.70769,0.41447,-0.11576,84.01052,30.10816,-26.27887
36.076708,-79.008782,8,0.98,142.6,8.06,1738403,8.06,8.05843,-3.97149,3.9673,-1.78464,1.03389,-0.59498,63.79713,45.74686,-57.14703
36.076701,-79.008782,8,1.27,142,8.31,1739403,8.31,8.30788,-3.11845,3.74477,0.52473,-0.03344,0.26512,67.26103,31.84741,-64.49869
36.0767,-79.008785,8,0.71,141.7,6.4,1740403,6.4,6.39661,-4.48475,6.2674,1.10292,-0.47968,0.20097,53.77083,44.60684,-64.51331
36.076701,-79.008784,8,0.25,141.5,7.55,1741403,7.55,7.54756,-5.17747,3.14537,0.91263,-0.57253,2.29105,74.55422,44.15376,-24.65653
36.0767,-79.008779,8,0.79,141.3,7.76,1742403,7.76,7.75514,-3.78604,4.27717,1.21608,-0.96211,0.20769,86.30517,8.60859,-41.09909
36.076701,-79.008779,8,0.45,141,7.58,1743403,7.58,7.58046,-4.33161,4.05404,1.12277,-0.4641,0.54734,71.85033,19.35107,-64.83485
36.076697,-79.00878,8,0.56,140.3,7.92,1744403,7.92,7.91845,-4.08096,4.07318,0.92897,-0.67989,0.3882,64.46945,43.17451,-59.25168
36.076695,-79.00878,8,0.31,140.2,7.95,1745403,7.95,7.95015,-4.06241,4.12702,0.81551,-0.40561,0.49495,71.03186,48.07074,-38.38059
36.076693,-79.008779,8,0.23,139.7,7.79,1746403,7.79,7.79342,-4.12762,4.23829,0.85032,-0.18066,0.34285,78.9389,33.16282,-27.08272
36.076686,-79.008777,8,0.71,139.1,7.84,1747403,7.84,7.84307,-4.08634,4.23769,0.6831,-0.32132,0.30864,87.64981,14.84946,-34.81438
36.076682,-79.008774,8,1.04,139.1,7.77,1748403,7.77,7.76591,-3.98764,4.23709,0.66355,-0.28711,0.25809,84.14207,6.76703,-48.94768
36.076682,-79.008774,8,1.04,139.1,7.94,1748603,7.94,7.94357,-4.16291,4.07199,0.66141,-0.26771,0.23915,82.66589,8.17013,-51.46156
36.076679,-79.008774,8,0.59,139,7.81,1749403,7.81,7.81017,-4.13061,3.99302,0.56917,-0.3375,0.24068,75.50423,13.95791,-61.95557
36.076678,-79.008771,8,0.29,139,7.87,1750403,7.87,7.87418,-4.09232,4.16052,0.55115,-0.31398,0.17715,67.94797,27.38965,-66.96872
36.076678,-79.008771,8,0.29,139.2,7.77,1750603,7.77,7.77428,-4.22453,4.21556,0.56368,-0.16646,0.27657,66.76411,30.60509,-65.78486
36.076678,-79.00877,8,0.55,139.2,7.76,1751403,7.76,7.75753,-4.25863,4.14257,0.45112,-0.19181,0.354,63.68021,40.98217,-61.73633
36.076678,-79.00877,8,0.55,139,7.91,1751603,7.91,7.90708,-4.03789,4.15394,0.51191,-0.18906,0.18082,63.88483,42.83835,-59.60246
36.076674,-79.008768,8,0.72,139,7.82,1752403,7.82,7.82034,-4.10309,4.12523,0.44792,-0.28451,0.13134,65.36101,48.05612,-51.24233
36.076669,-79.008768,8,0.72,139,7.85,1753403,7.85,7.85444,-4.04088,4.2335,0.39844,-0.20449,0.24007,69.43876,49.02076,-41.65449
36.076669,-79.008768,8,0.72,139.2,7.87,1753603,7.87,7.8688,-4.08515,4.25444,0.44547,-0.17623,0.16432,70.18416,48.85999,-39.886
36.076663,-79.008766,8,1.16,139.2,7.91,1754403,7.91,7.91247,-4.16471,4.18026,0.45662,-0.14004,0.17761,74.61269,45.07454,-32.40281
36.076663,-79.008766,8,1.16,138.9,7.74,1754603,7.74,7.74258,-4.06301,4.1671,0.36942,-0.23946,0.26496,76.05963,42.51681,-31.5551
36.07666,-79.008762,8,0.89,139.1,4.52,1755403,4.52,4.52483,-2.04227,2.03868,-1.10628,-0.00458,1.88024,84.50745,27.22888,-30.31277
36.076656,-79.008758,9,0.97,139.6,9.34,1756403,9.34,9.34397,-2.62433,-2.01835,2.69865,-2.08213,1.80999,83.86436,-1.30079,-14.71792
36.076651,-79.008755,8,0.75,139.6,3.93,1757403,3.93,3.92662,0.02512,8.48016,1.95263,-2.44621,0.4528,43.18913,21.68956,-77.21426
36.07665,-79.008758,8,0.28,139.5,5.6,1758403,5.6,5.59741,-5.94616,4.1677,3.1823,1.14003,0.81581,83.84975,28.42736,-41.8591
36.076644,-79.008762,8,0.84,139.5,7.97,1759403,7.97,7.9687,-3.21536,4.00917,0.93355,-1.34161,0.34285,72.56651,14.68869,-64.58638
36.076644,-79.008752,8,1.09,139.4,7.55,1760403,7.55,7.55055,-4.70907,4.11207,0.93737,-0.41875,0.34987,60.97632,45.03069,-58.28705
36.076643,-79.008745,8,1.12,139.4,7.9,1761403,7.9,7.89871,-3.68734,4.25085,0.66141,-0.31185,0.28222,70.16954,48.15844,-43.3499
36.076643,-79.008745,9,1.12,139.5,7.81,1761603,7.81,7.80958,-4.23889,4.18146,0.76557,-0.23442,-0.01191,69.97954,48.88921,-39.09676
36.076642,-79.008738,9,1.25,139.3,7.82,1762403,7.82,7.81615,-4.44287,4.066,0.51343,-0.16112,0.05101,75.43116,44.4753,-29.84507
36.076642,-79.008733,8,1.06,139.1,7.82,1763403,7.82,7.82094,-3.96072,4.4022,0.219,-0.19929,0.15928,81.23356,34.47822,-28.52967
36.076636,-79.008728,8,1.22,139.1,7.86,1764403,7.86,7.85743,-4.1994,4.05464,0.27031,-0.08674,0.03009,84.14207,28.89506,-26.60041
36.076636,-79.008728,8,1.22,139.3,7.74,1764603,7.74,7.74138,-4.267,4.22692,0.08751,-0.19578,0.31551,84.7413,26.77579,-26.83426
36.076632,-79.008725,8,1.09,139.5,7.88,1765403,7.88,7.87598,-3.90449,4.36929,0.18082,-0.19792,0.08552,85.86671,21.58726,-29.99123
36.076626,-79.008722,8,0.81,139.6,7.74,1766403,7.74,7.73719,-4.1671,4.2018,0.2981,0.04078,0.05681,86.86057,17.07103,-32.56358
36.076623,-79.008721,8,0.67,139.5,7.75,1767403,7.75,7.75035,-4.15693,4.32562,0.146,-0.1773,0.05803,87.45981,13.18328,-36.05671
36.07662,-79.008718,8,0.64,139.6,7.7,1768403,7.7,7.70429,-4.17428,4.13001,0.1657,-0.07407,0.09056,86.83134,11.18094,-40.23677
36.076618,-79.008718,8,0.39,139.5,7.9,1769403,7.9,7.90289,-4.14317,4.3346,0.2248,-0.03971,-0.1069,85.77901,8.47705,-43.7299
36.076615,-79.008717,8,0.45,139.5,7.74,1770403,7.74,7.74018,-4.23829,4.21735,0.06918,-0.0846,0.16295,84.5513,8.38936,-47.4715
36.076615,-79.008717,8,0.45,139.6,7.79,1770603,7.79,7.78684,-4.04985,4.24367,0.16432,0.0168,0.01863,84.33207,7.96551,-48.65536
36.076615,-79.008714,8,0.51,139.6,7.8,1771403,7.8,7.8,-4.22273,4.23709,0.15348,-0.04291,-0.07055,83.19205,8.37474,-51.34464
36.076615,-79.008714,8,0.51,139,7.77,1771603,7.77,7.77189,-4.28136,4.25025,0.06582,-0.04887,0.12248,82.8559,8.72552,-51.7831
36.076616,-79.00871,7,0.76,138.4,7.97,1772403,7.97,7.97468,-4.11266,4.14497,0.12446,0.03024,0.07682,81.99357,8.37474,-53.20082
36.076617,-79.008703,7,0.62,138.4,7.85,1773403,7.85,7.84547,-4.09113,4.28794,0.12462,-0.10232,-0.0591,79.33353,9.58784,-56.31394
36.076617,-79.008703,7,0.62,137.3,7.74,1773603,7.74,7.74198,-4.22154,4.11745,0.16234,0.15776,0.13592,79.94738,10.74247,-56.54779
36.076614,-79.0087,7,0.64,136.9,7.68,1774403,7.68,7.68156,-4.17189,4.1683,-0.00229,-0.13378,0.15974,78.74891,11.54633,-58.28705
36.076616,-79.008699,7,0.51,136.4,7.79,1775403,7.79,7.79103,-4.19522,4.40519,0.06506,0.04032,0.09453,76.9658,12.43788,-60.27477
36.076611,-79.008702,7,0.62,136.4,7.9,1776403,7.9,7.9017,-4.12343,3.94098,0.00626,-0.10568,-0.03986,75.70885,13.53405,-60.80093
36.076611,-79.008702,8,0.62,136.4,7.61,1776603,7.61,7.60858,-4.15992,4.38724,0.01283,0.00244,0.00794,75.65039,13.31482,-61.89711
36.076605,-79.008704,8,0.62,137.1,7.8,1777403,7.8,7.803,-4.28375,4.27298,0.01558,0.04154,0.0168,75.44578,14.07483,-61.2394
36.076597,-79.00871,8,0.41,137.7,7.73,1778403,7.73,7.72523,-3.94397,4.11087,0.01863,-0.00565,-0.13897,75.38731,14.17714,-61.63403
36.076592,-79.008708,8,0.4,137.7,7.75,1779403,7.75,7.74856,-4.06959,4.25085,-0.0423,0.03299,0.01145,75.06577,13.78252,-61.67787
36.076592,-79.008708,9,0.4,139.1,7.91,1779603,7.91,7.90828,-4.1342,4.27179,0.01527,0.08552,-0.04627,75.43116,13.50482,-61.60479
36.076587,-79.008706,9,0.77,139.1,7.75,1780403,7.75,7.74796,-4.11446,4.25324,-0.00199,0.06231,-0.08613,75.89886,13.27097,-61.41479
36.076587,-79.008706,9,0.77,140.4,7.81,1780603,7.81,7.81496,-4.19223,4.19821,-0.06353,-0.01252,-0.04184,76.27886,12.9202,-61.42941
36.076582,-79.008707,9,0.12,140.4,7.79,1781403,7.79,7.78565,-4.15813,4.1671,-0.0536,0.08308,0.00382,76.64426,12.68635,-60.12862
36.076582,-79.008707,8,0.12,141.2,7.82,1781603,7.82,7.82333,-4.12403,4.26341,-0.07987,0.00305,-0.01802,76.51272,12.32096,-60.33323
36.076574,-79.008712,8,0.9,141.2,7.75,1782403,7.75,7.75334,-4.24128,4.31905,-0.06674,0.08247,0.00901,77.11195,12.01403,-59.734
36.076574,-79.008712,8,0.9,141.8,7.89,1782603,7.89,7.88794,-4.06182,4.27956,-0.04093,0.04566,-0.08827,77.55042,11.80941,-59.01783
36.076569,-79.008713,8,0.61,141.8,7.89,1783403,7.89,7.88734,-4.02293,4.24427,-0.08537,0.04627,-0.00855,78.33967,10.49401,-58.44782
36.076569,-79.008713,8,0.61,142.3,7.85,1783603,7.85,7.84607,-4.14078,4.32622,-0.06277,0.0142,-0.09529,78.19351,10.09939,-58.17013
36.076563,-79.008714,8,0.51,142.3,7.88,1784403,7.88,7.87598,-4.16471,4.3352,-0.00626,0.15898,-0.05513,79.0266,10.83017,-57.19088
36.076563,-79.008714,8,0.51,142.8,7.77,1784603,7.77,7.7677,-4.15873,4.15035,-0.08934,-0.02138,-0.03635,79.08507,10.55247,-57.93628
36.076558,-79.008715,8,0.56,142.8,7.87,1785403,7.87,7.86521,-4.17069,4.267,-0.07025,0.05345,-0.00825,79.37738,10.2017,-56.38702
36.076555,-79.008718,8,0.52,142.5,7.76,1786403,7.76,7.76232,-4.11266,4.22872,-0.0785,-0.01115,-0.06002,80.57585,9.4563,-55.84624
36.076554,-79.008719,8,0.54,141.3,7.72,1787403,7.72,7.71685,-4.1348,4.21376,-0.09484,0.01206,-0.00733,81.74511,8.95937,-54.9693
36.076552,-79.008717,8,0.55,141,7.74,1788403,7.74,7.73719,-4.17607,4.18086,-0.06857,0.01924,-0.02627,82.28588,8.55013,-53.66852
36.076549,-79.008718,8,0.59,140.3,7.67,1789403,7.67,7.67019,-4.09771,4.26461,-0.08445,0.06185,0.06842,82.13972,7.93628,-52.70389
36.076547,-79.008717,8,0.44,140.3,7.86,1790403,7.86,7.85564,-4.12642,4.28136,-0.02443,0.07911,-0.03192,82.69512,8.38936,-51.46156
36.076547,-79.008717,8,0.44,140,7.8,1790603,7.8,7.8,-4.14257,4.30828,-0.08552,-0.04536,-0.03482,82.91435,8.47705,-51.4031
36.076544,-79.008718,8,0.41,140,7.83,1791403,7.83,7.82752,-4.10907,4.22154,-0.02581,0.05666,-0.05391,82.6805,7.55627,-49.89769
36.076544,-79.008718,8,0.41,139.6,7.79,1791603,7.79,7.79283,-4.17248,4.18265,-0.03635,0.01008,-0.08247,83.22128,8.62321,-49.7223
36.076544,-79.008718,8,0.6,139.6,7.89,1792403,7.89,7.88794,-4.20957,4.34058,-0.06277,0.0168,0.00244,83.74744,8.68167,-49.12306
36.076544,-79.008718,8,0.6,138.8,7.75,1792603,7.75,7.75095,-4.08694,4.22991,-0.05956,0.01604,0.0029,83.4259,7.57089,-49.94154
36.076544,-79.008719,8,0.52,138.8,7.84,1793403,7.84,7.8359,-4.05344,4.25264,-0.04001,0.03787,0.02062,83.57205,7.57089,-49.66384
36.076544,-79.008719,8,0.52,138,7.75,1793603,7.75,7.75275,-4.21615,4.22214,0.03635,0.07727,-0.11515,83.74744,7.81935,-49.22537
36.076544,-79.008714,8,0.62,138,7.75,1794403,7.75,7.74676,-4.15454,4.21376,-0.02459,0.06338,0.00153,83.1482,8.28705,-48.99152
36.076544,-79.008714,8,0.62,137.9,7.75,1794603,7.75,7.75275,-4.0672,4.36571,-0.00153,0.01191,-0.05605,83.54282,8.25782,-49.64923
36.076544,-79.008711,8,0.47,137.9,7.59,1795403,7.59,7.58585,-4.0678,4.22034,0.25259,0.07789,-0.3882,82.84128,8.81321,-49.7223
36.076544,-79.008711,8,0.47,136.9,7.84,1795603,7.84,7.83709,-4.62712,4.04686,-0.02779,-0.02459,0.1127,83.46975,10.05554,-49.21076
36.076544,-79.008708,8,0.6,136.9,7.82,1796403,7.82,7.82274,-4.14796,4.26521,-0.10003,-0.04765,0.18784,83.54282,8.85706,-49.75153
36.076544,-79.008708,8,0.6,136.1,7.86,1796603,7.86,7.85923,-3.97807,4.18864,0.06613,0.02245,-0.1066,83.16282,7.67319,-50.6577
36.076543,-79.008706,8,0.52,136.1,7.6,1797403,7.6,7.59661,-4.17428,4.2341,0.11332,0.05864,-0.10675,82.69512,8.49167,-51.3154
36.076543,-79.008706,8,0.52,135.9,7.93,1797603,7.93,7.93221,-4.46082,4.1354,-0.03925,0.00565,0.17746,82.81204,9.33937,-51.79772
36.076541,-79.008705,8,0.41,135.9,7.84,1798403,7.84,7.84068,-4.15155,4.03849,-0.00244,-0.04383,0.02871,82.25665,8.3309,-52.74773
36.076541,-79.008705,8,0.41,135.5,7.7,1798603,7.7,7.7025,-4.10489,4.39083,0.03894,-0.06704,-0.10629,81.71587,8.31628,-52.98159
36.076541,-79.008703,8,0.32,135.5,7.6,1799403,7.6,7.59542,-4.1019,4.30648,0.01894,0.05116,-0.01206,81.74511,9.29553,-53.75621
36.076541,-79.008703,8,0.32,134.9,7.85,1799603,7.85,7.84786,-4.27597,4.1671,0.01741,0.10996,0.05559,82.05203,8.93014,-53.09851
36.076543,-79.008699,8,0.67,134.9,7.87,1800403,7.87,7.867,-4.15992,4.08395,0.00229,0.03925,-0.03406,82.15434,9.1786,-52.86466
36.076543,-79.008699,8,0.67,134.1,7.72,1800603,7.72,7.72463,-4.334,4.15873,-0.07697,-0.0956,-0.04001,81.70126,8.95937,-53.97544
36.076541,-79.008697,8,0.49,134.1,7.66,1801403,7.66,7.65823,-4.18265,4.35733,-0.03115,0.0759,-0.02184,82.47588,9.36861,-53.78544
36.076541,-79.008697,8,0.49,133.6,7.87,1801603,7.87,7.87059,-4.24487,4.05763,-0.05223,0.16616,0.12782,82.38819,8.44782,-52.22157
36.07654,-79.008694,8,0.53,133.6,7.82,1802403,7.82,7.81556,-4.15693,4.24547,0.00993,0.04123,-0.12004,82.70973,8.85706,-52.42619
36.07654,-79.008694,8,0.53,133.1,7.63,1802603,7.63,7.62533,-4.39083,4.24068,-0.07285,-0.03146,0.06124,82.44666,9.25168,-52.76235
36.07654,-79.008692,8,0.38,132.8,7.82,1803403,7.82,7.82034,-4.41296,4.06182,-0.08628,-0.04322,0.12034,82.70973,9.14937,-51.81233
36.07654,-79.008692,8,0.32,132.8,7.71,1804403,7.71,7.71207,-4.09651,4.2658,0.03955,0.00489,-0.09484,82.0228,9.16399,-53.11313
36.07654,-79.008692,8,0.32,132.5,7.78,1804603,7.78,7.78325,-4.22273,4.27837,-0.03451,0.01115,0.08308,82.6805,8.27244,-52.10464
36.07654,-79.00869,8,0.28,132.5,7.79,1805403,7.79,7.78864,-4.1019,4.22632,0.04475,-0.0423,-0.19532,82.06665,8.84244,-52.82081
36.07654,-79.00869,8,0.28,131.4,7.82,1805603,7.82,7.81795,-4.40698,4.28913,-0.01191,0.11041,0.09087,81.65741,9.76323,-52.64543
36.076541,-79.008684,8,0.18,130.8,7.95,1806403,7.95,7.95195,-4.39801,4.03968,-0.02306,0.17043,0.08186,82.89973,9.69015,-52.35312
36.076542,-79.008682,8,0.07,130.8,7.88,1807403,7.88,7.88315,-4.11207,4.28854,0.09865,0.07941,-0.17761,82.46127,8.66706,-52.36773
36.076541,-79.008677,8,0.14,130.8,7.76,1808403,7.76,7.76471,-4.14616,4.12762,-0.04933,-0.04826,0.04414,82.79742,8.84244,-52.32388
36.076541,-79.008677,8,0.14,130.4,7.85,1808603,7.85,7.84846,-4.21256,4.31665,-0.04612,-0.10064,-0.04566,82.60742,8.62321,-52.6162
36.076541,-79.008678,8,0.56,130.4,7.74,1809403,7.74,7.73839,-4.28016,4.34477,0.04475,0.10934,-0.00809,82.13972,8.7986,-51.97311
36.076541,-79.008678,8,0.56,130.4,7.81,1809603,7.81,7.81017,-4.11924,4.12463,0.08628,0.09545,-0.10934,82.03741,9.42707,-51.95849
36.076541,-79.008679,8,0.41,130.2,7.87,1810403,7.87,7.87179,-4.35853,4.24606,-0.04795,-0.08628,0.02978,82.21281,9.2663,-52.3385
36.07654,-79.008681,8,0.44,130.1,7.71,1811403,7.71,7.71207,-4.41835,4.27837,0.0223,0.0701,0.08659,81.65741,8.9886,-53.2739
36.07654,-79.00868,8,0.4,130.1,7.75,1812403,7.75,7.74975,-4.1659,4.16232,0.02062,-0.10889,-0.04902,80.91201,9.48553,-53.99006
36.07654,-79.00868,8,0.4,129.9,7.86,1812603,7.86,7.85923,-4.31007,4.27777,0.00657,0.01649,0.11652,81.02894,9.39784,-54.16545
36.076541,-79.008677,8,0.29,128.7,7.83,1813403,7.83,7.82632,-4.07258,4.25504,0.0872,0.0869,0.02275,80.22508,8.88629,-56.2701
36.076541,-79.008677,8,0.4,128,7.74,1814403,7.74,7.74437,-4.26222,4.20359,-0.06017,-0.09041,0.19471,79.65507,10.27477,-57.35165
36.076541,-79.008674,8,0.26,128,7.77,1815403,7.77,7.77368,-4.32862,4.09711,0.01924,-0.08583,0.04933,78.44198,11.50249,-57.9655
36.076541,-79.008674,8,0.26,127.6,7.78,1815603,7.78,7.77847,-4.07976,4.17129,0.01588,-0.05971,0.07285,78.73429,10.61093,-59.4563
36.076543,-79.008671,8,0.23,127.6,8.04,1816403,8.04,8.04347,-4.30529,3.88295,-0.00657,-0.08674,0.06277,78.0912,12.6425,-60.01169
36.076543,-79.008671,8,0.23,126.9,7.73,1816603,7.73,7.72822,-4.10848,4.25145,-0.01909,-0.1153,-0.00305,77.18504,12.23327,-60.15785
36.076543,-79.00867,8,0.28,126.9,7.85,1817403,7.85,7.84846,-4.06002,4.17847,0.01756,-0.00015,0.0307,76.29348,12.20403,-61.35633
36.076543,-79.00867,8,0.28,126.3,7.84,1817603,7.84,7.83649,-4.16351,4.14078,0.0452,-0.02703,-0.06475,76.39579,12.84712,-60.43555
36.076543,-79.00867,8,0.38,126.3,7.79,1818403,7.79,7.79283,-4.12224,4.23051,-0.08018,-0.06949,0.14447,75.67963,13.89944,-61.59018
36.076543,-79.00867,8,0.38,125.7,7.81,1818603,7.81,7.80718,-4.06241,4.25863,0.11026,0.1208,-0.08399,75.78194,13.03712,-60.74247
36.076543,-79.008669,8,0.17,125.7,7.59,1819403,7.59,7.59482,-4.1336,4.13659,0.01527,-0.07117,0.01054,75.53347,14.36714,-62.49635
36.076543,-79.008669,8,0.17,125.7,8.02,1819603,8.02,8.01955,-4.35195,4.14856,0.06811,0.10156,0.04811,75.70885,15.14177,-61.63403
36.076543,-79.008667,8,0.39,125.7,7.66,1820403,7.66,7.65943,-4.1354,4.39681,0.19273,0.29551,-0.07605,74.17422,15.65332,-62.84712
36.076543,-79.008667,8,0.39,125.4,7.92,1820603,7.92,7.92264,-4.29631,3.91047,-0.04688,-0.09453,0.07025,74.86115,15.75563,-61.67787
36.076542,-79.008665,8,0.25,125.4,8.02,1821403,8.02,8.02314,-4.21795,4.19761,0.09331,0.04169,-0.09423,74.17422,15.8287,-62.33558
36.076542,-79.008665,8,0.25,125.6,7.68,1821603,7.68,7.67618,-4.22393,4.20479,-0.03268,-0.08751,0.05666,73.6919,16.06256,-63.30021
36.076542,-79.00866,8,0.35,125.6,7.9,1822403,7.9,7.90409,-4.09472,4.2335,-0.00351,-0.08033,0.03543,73.83806,16.2964,-64.13329
36.076542,-79.00866,7,0.35,125.8,7.82,1822603,7.82,7.82034,-4.19761,4.23111,0.11469,0.06353,-0.06414,73.29728,17.53873,-64.2356
36.076543,-79.008659,7,0.31,125.8,7.82,1823403,7.82,7.82034,-4.10549,4.15215,0.00336,-0.04154,0.07208,73.06343,17.36334,-63.89944
36.076543,-79.008659,8,0.31,124.8,7.96,1823603,7.96,7.95972,-4.2658,4.23171,0.10583,-0.03054,-0.13912,72.25957,19.20491,-64.3233
36.076542,-79.008658,8,0.43,124.8,7.7,1824403,7.7,7.69592,-4.21017,4.20718,0.04765,0.09972,0.10507,72.05495,18.95645,-64.74715
36.076542,-79.008658,8,0.43,124.8,7.96,1824603,7.96,7.95733,-4.2329,4.12044,-0.01558,-0.12752,-0.00565,72.0988,19.48261,-64.93715
36.07654,-79.008658,8,0.49,124.4,7.73,1825403,7.73,7.72942,-4.12343,4.32622,0.10934,0.12431,0.02321,70.85648,20.3157,-65.88716
36.076538,-79.008656,8,0.79,124.4,7.8,1826403,7.8,7.79761,-4.28375,4.36032,0.12187,0.135,-0.03497,71.03186,22.14265,-65.52177
36.076538,-79.008656,8,0.79,124.6,7.89,1826603,7.89,7.88914,-4.24367,3.98525,-0.08842,-0.13149,0.15333,70.78339,21.49956,-65.30254
36.076538,-79.008655,8,0.77,124.6,7.97,1827403,7.97,7.9675,-4.19761,4.45544,0.10675,0.12355,-0.08033,69.97954,21.99649,-66.6618
36.076538,-79.008655,8,0.77,124,7.75,1827603,7.75,7.75095,-4.14078,4.04686,0.02886,-0.03696,-0.10263,69.84799,22.59573,-65.31716
36.076539,-79.008651,8,0.23,124,7.87,1828403,7.87,7.8676,-4.31366,4.0355,-0.00657,-0.06521,-0.04627,70.12569,23.48729,-65.62408
36.076539,-79.008651,8,0.23,123.9,7.85,1828603,7.85,7.85085,-4.22692,4.14915,-0.08323,-0.14264,0.04612,69.02953,23.47267,-66.06256
36.07654,-79.008647,8,0.39,123.9,7.65,1829403,7.65,7.64567,-3.97627,4.36989,0.02275,0.09224,0.04963,69.1026,22.72727,-66.47179
36.07654,-79.008647,8,0.39,123.5,7.95,1829603,7.95,7.94776,-4.35913,3.99063,0.06628,0.02871,-0.10965,69.21952,24.59807,-66.83718
36.076541,-79.008645,8,0.2,123.5,7.64,1830403,7.64,7.64447,-4.22094,4.27179,0.04612,0.04062,-0.06017,69.05875,25.06577,-66.36948
36.076541,-79.008645,8,0.2,123.3,8.01,1830603,8.01,8.00997,-4.25623,4.1019,-0.10599,-0.1211,0.11637,68.89798,24.21807,-66.73487
36.076545,-79.008643,8,0.25,123.3,7.68,1831403,7.68,7.67976,-4.09711,4.34537,0.12004,0.24939,0.00122,68.32797,24.37884,-66.67641
36.076545,-79.008643,8,0.25,122.7,7.93,1831603,7.93,7.92981,-4.14856,3.97448,0.03406,0.01206,-0.05727,69.43876,25.21193,-65.43409
36.076548,-79.008644,8,0.33,122.7,7.85,1832403,7.85,7.84726,-4.12642,4.11805,-0.07712,-0.17959,0.01665,68.88336,25.12423,-66.89565
36.076548,-79.008644,9,0.33,121.7,7.87,1832603,7.87,7.87179,-4.21914,4.33041,0.05589,0.07071,-0.02382,68.22566,25.19731,-66.73487
36.076551,-79.008645,9,0.38,121.7,7.65,1833403,7.65,7.64926,-4.05942,4.33101,0.12767,0.197,-0.05467,67.77258,25.95732,-66.95411
36.076551,-79.008645,8,0.38,120.3,8.02,1833603,8.02,8.02254,-4.34058,4.05583,-0.03314,-0.04643,0.06353,68.75183,27.02426,-66.32564
36.07655,-79.008643,8,0.36,120.3,7.59,1834403,7.59,7.58824,-4.13779,4.26281,0.07865,0.11316,-0.011,67.75797,27.27273,-66.6618
36.07655,-79.008643,8,0.36,120.8,7.92,1834603,7.92,7.92024,-4.21316,4.03968,0.01191,-0.00458,0.02214,68.9126,27.81351,-67.0418
36.076548,-79.008643,8,0.6,120.8,7.79,1835403,7.79,7.78924,-4.10967,4.04447,-0.02535,-0.07193,0.031,67.84566,27.81351,-65.97486
36.076548,-79.008643,8,0.6,121.3,7.91,1835603,7.91,7.91187,-4.19342,4.11386,-0.03207,-0.02734,0.10568,68.00643,27.27273,-66.80795
36.076546,-79.008641,8,0.26,121.7,7.67,1836403,7.67,7.67378,-4.12702,4.17248,0.07621,0.02703,-0.12446,66.60333,28.17889,-65.78486
36.076546,-79.00864,8,0.44,121.7,7.81,1837403,7.81,7.81077,-4.18983,4.17428,-0.05971,-0.08858,0.07605,67.1441,29.05583,-67.10027
36.076546,-79.00864,8,0.44,121.5,7.77,1837603,7.77,7.7695,-4.00977,4.27657,0.03955,-0.01405,-0.06353,66.70564,29.15814,-67.5095
36.076545,-79.00864,8,0.51,121.5,7.73,1838403,7.73,7.72583,-4.12702,4.18445,0.04032,-0.06048,-0.10996,66.92487,30.21046,-67.11488
36.076545,-79.00864,8,0.51,122.1,7.83,1838603,7.83,7.82991,-4.24008,4.30888,0.04719,0.11912,0.06888,66.61795,30.97047,-66.3841
36.07655,-79.00864,8,0.24,122.1,7.77,1839403,7.77,7.77308,-3.99242,4.17189,0.05483,0.05345,-0.04337,67.3195,30.66355,-66.53025
36.07655,-79.00864,8,0.24,121.6,7.86,1839603,7.86,7.85504,-4.14616,4.18624,-0.02703,-0.04795,0.01008,66.39871,30.98509,-66.4864
36.076551,-79.008638,8,0.41,121.6,7.67,1840403,7.67,7.6678,-4.04208,4.22154,0.02138,0.00473,-0.08094,66.22333,31.33587,-66.16486
36.076551,-79.008638,8,0.41,121.5,7.99,1840603,7.99,7.98664,-4.18385,4.23889,0.00672,0.07407,0.02275,66.2964,32.12511,-66.20871
36.076551,-79.008638,8,0.21,121.5,7.61,1841403,7.61,7.60678,-3.96311,4.13779,0.01191,0.16127,0.09041,66.74949,31.02894,-66.47179
36.076551,-79.008638,8,0.21,121.9,8.08,1841603,8.08,8.07937,-4.22572,4.13061,-0.00489,-0.12355,-0.16386,66.36948,31.35048,-65.39024
36.076552,-79.008637,8,0.61,121.9,7.45,1842403,7.45,7.45364,-4.06241,4.35135,0.13821,0.28421,-0.06139,65.27332,31.61356,-66.39871
36.076552,-79.008637,8,0.61,122.3,8.12,1842603,8.12,8.12124,-4.42493,3.94397,-0.07712,-0.02841,0.10751,66.72026,32.53435,-65.65332
36.076552,-79.008638,8,0.21,122.3,7.81,1843403,7.81,7.80958,-4.20299,4.18684,0.07437,0.17562,-0.05635,66.07717,32.11049,-65.88716
36.076552,-79.008638,8,0.21,122.6,7.99,1843603,7.99,7.98844,-4.31845,4.14676,-0.09178,-0.09972,0.02413,66.26717,31.90587,-65.27332
36.076553,-79.008638,8,0.76,122.6,7.67,1844403,7.67,7.66601,-3.90987,4.3005,0.00702,0.08674,-0.01023,66.13564,30.97047,-66.20871
36.076553,-79.008638,8,0.76,122.9,7.94,1844603,7.94,7.94118,-4.22872,4.06481,-0.00672,0.01604,-0.07514,66.99795,32.2128,-65.66793
36.076556,-79.008637,8,0.49,122.9,7.79,1845403,7.79,7.79402,-4.31785,4.15274,-0.05238,0.01894,-0.00153,66.1064,31.92049,-65.96024
36.076556,-79.008637,8,0.49,122.8,7.74,1845603,7.74,7.73899,-4.08634,4.25264,-0.0872,0.01527,0.06429,66.01871,31.11663,-66.36948
36.076559,-79.008638,8,0.2,122.8,7.57,1846403,7.57,7.5679,-3.9685,4.25384,0.02352,0.14569,-0.031,66.1064,29.43584,-66.91026
36.076559,-79.008638,8,0.2,123.3,7.99,1846603,7.99,7.98784,-4.20598,4.133,-0.03757,0.0026,-0.06567,66.80795,30.82432,-66.17948
36.076563,-79.008636,8,0.46,123.3,7.66,1847403,7.66,7.66182,-4.07139,4.18146,-0.06475,0.00199,-0.01176,66.4864,29.78661,-66.09179
36.076563,-79.008636,9,0.46,123.2,7.83,1847603,7.83,7.8347,-4.2006,4.27179,-0.06628,0.01344,-0.01527,66.82256,29.18737,-66.25256
36.076565,-79.008631,9,0.45,123.2,7.87,1848403,7.87,7.87418,-4.32263,4.22692,0.05162,0.24404,-0.01878,67.17335,29.14352,-65.97486
36.076565,-79.008631,9,0.45,122.9,7.77,1848603,7.77,7.76591,-4.17368,4.01934,-0.07865,-0.01176,-0.01527,67.2318,28.58813,-66.93949
36.076571,-79.008632,9,0.12,122.9,7.78,1849403,7.78,7.77608,-4.08694,4.16291,-0.07071,0.03161,-0.01115,67.80182,27.63812,-67.62642
36.076571,-79.008632,9,0.12,122.8,7.8,1849603,7.8,7.8,-4.11565,4.28614,-0.02902,0.06582,-0.09392,67.84566,26.76118,-67.15872
36.076574,-79.00863,9,0.24,122.8,7.87,1850403,7.87,7.86521,-4.334,3.99542,-0.1069,0.02917,0.05452,68.0649,26.95119,-66.17948
36.076574,-79.00863,9,0.24,122.4,7.86,1850603,7.86,7.85564,-4.14198,4.22692,-0.0843,-0.00428,-0.02581,68.76644,26.39579,-66.77872
36.07657,-79.008633,9,0.37,122.4,7.89,1851403,7.89,7.88555,-4.14497,4.19402,-0.12171,-0.08002,-0.02443,69.16106,25.21193,-66.35487
36.07657,-79.008633,8,0.37,123.7,7.73,1851603,7.73,7.7336,-4.05823,4.30349,-0.00565,0.177,-0.00153,68.98568,24.53961,-66.67641
36.076568,-79.008632,8,0.68,123.7,7.9,1852403,7.9,7.89811,-4.1354,4.19223,-0.02291,0.04093,-0.13317,70.12569,23.75036,-66.01871
36.076568,-79.008632,8,0.68,123.6,7.68,1852603,7.68,7.67797,-4.17189,4.23709,-0.13149,-0.05849,-0.01008,69.99415,23.41421,-67.07103
36.076566,-79.008632,8,0.67,123.6,7.96,1853403,7.96,7.96212,-4.29033,4.21256,0.00336,0.21151,-0.0701,70.79801,22.7565,-65.77025
36.076566,-79.008632,8,0.67,123.5,7.78,1853603,7.78,7.78445,-4.14257,4.12523,-0.1628,-0.06063,-0.01206,70.98801,22.11342,-65.4487
36.076561,-79.008632,8,0.97,123.5,7.55,1854403,7.55,7.54517,-4.08335,4.24487,-0.08445,0.07254,0.00825,70.8857,20.46185,-66.12102
36.076561,-79.008632,8,0.97,123.6,7.78,1854603,7.78,7.78445,-4.07976,4.27657,-0.02459,0.04673,-0.11041,71.58725,19.73107,-66.36948
36.076558,-79.008629,8,0.45,123.6,7.82,1855403,7.82,7.82393,-4.21017,4.24247,-0.24862,-0.26069,0.12202,71.82111,19.97954,-65.28793
36.076558,-79.008629,8,0.45,123,7.52,1855603,7.52,7.51945,-3.8327,4.36989,0.20143,0.4748,-0.16218,71.77726,18.7226,-65.36101
36.076555,-79.008628,8,0.3,123,7.95,1856403,7.95,7.94836,-4.31546,4.05165,-0.00565,0.0307,-0.06842,72.53727,19.35107,-63.88483
36.076555,-79.008628,8,0.3,122.9,7.7,1856603,7.7,7.7025,-4.20598,4.24068,-0.06231,-0.07712,-0.04383,72.0988,19.3803,-64.57176
36.07655,-79.008625,8,0.28,122.9,7.73,1857403,7.73,7.72583,-4.00559,4.35254,-0.01405,0.08491,-0.00473,71.79188,17.99182,-65.36101
36.07655,-79.008625,8,0.28,123.1,7.93,1857603,7.93,7.9346,-4.28734,4.05524,-0.00229,0.02657,-0.07712,72.36188,18.4449,-64.74715
36.076545,-79.008626,8,0.3,123.1,7.7,1858403,7.7,7.70489,-4.1665,4.24547,0.00305,0.07926,-0.0368,72.88805,17.84566,-64.51331
36.076545,-79.008626,7,0.3,123.5,7.82,1858603,7.82,7.81974,-4.24547,4.18445,-0.09087,-0.04719,0.05208,72.85881,17.90412,-64.86407
36.076541,-79.008627,7,0.39,123.5,7.94,1859403,7.94,7.94417,-4.32263,4.17428,-0.04979,0.01145,0.00412,72.85881,18.09412,-64.29407
36.076541,-79.008627,7,0.39,123.1,7.69,1859603,7.69,7.69412,-4.06241,4.20838,0.02138,0.05895,-0.10568,72.85881,17.42181,-64.41099
36.07654,-79.008625,7,0.37,123.1,7.83,1860403,7.83,7.82932,-4.54098,4.1659,0.00412,0.03711,-0.01741,73.44344,18.4449,-64.20638
36.07654,-79.008625,8,0.37,123.2,7.74,1860603,7.74,7.74018,-4.05284,4.23649,-0.1825,-0.19899,0.1573,72.69804,17.18796,-65.85793
36.076538,-79.008621,8,0.37,123.2,7.86,1861403,7.86,7.85743,-3.9344,4.267,0.06628,0.13256,-0.06429,73.34113,17.02718,-64.99561
36.076538,-79.008621,8,0.37,122.6,7.94,1861603,7.94,7.93939,-4.4333,4.11506,-0.02413,-0.09545,-0.09529,73.8819,18.37182,-64.39638
36.076536,-79.008618,8,0.43,122.6,7.72,1862403,7.72,7.72104,-4.20718,4.25205,0.0817,0.17975,-0.05895,73.5019,18.1672,-64.65946
36.076536,-79.008618,8,0.43,122.3,7.97,1862603,7.97,7.9681,-4.23948,4.07976,-0.01848,0.00321,-0.00901,73.85268,18.06489,-64.08945
36.076535,-79.008615,8,0.3,122.3,7.92,1863403,7.92,7.91665,-4.13599,4.15932,-0.05162,-0.04688,0.04963,73.67729,18.03566,-64.25022
36.076535,-79.008615,8,0.3,122,7.52,1863603,7.52,7.52004,-4.04566,4.31665,0.01542,-0.0281,-0.07621,72.65419,17.61181,-65.01023
36.076531,-79.008615,8,0.25,122,7.83,1864403,7.83,7.82932,-4.36271,4.10788,0.04184,0.05941,-0.04673,72.71266,18.79567,-64.63022
36.076531,-79.008615,8,0.25,122.8,7.73,1864603,7.73,7.72822,-4.20957,4.20239,-0.12278,-0.08873,0.15516,72.63958,18.43028,-65.08331
36.07653,-79.008613,8,0.31,121.9,8.03,1865403,8.03,8.03211,-4.16411,4.28375,-0.06109,-0.0588,0.03192,72.93189,18.18182,-64.84946
36.076531,-79.008608,8,0.35,121.9,7.83,1866403,7.83,7.8341,-4.29751,4.18086,0.05192,0.15547,-0.02688,73.06343,18.86875,-64.60099
36.076531,-79.008608,8,0.35,121.3,7.81,1866603,7.81,7.80958,-4.21556,4.09831,-0.15058,-0.19548,0.05101,72.65419,18.41567,-65.59486
36.076525,-79.008611,8,0.32,121.3,7.77,1867403,7.77,7.77428,-4.06421,4.37169,0.04902,0.104,-0.03848,72.04034,17.34873,-65.65332
36.076525,-79.008611,8,0.32,121.7,7.85,1867603,7.85,7.85444,-4.18684,4.15813,0.01558,0.04475,-0.03085,72.59573,18.32797,-65.50716
36.076526,-79.008609,8,0.45,121.7,7.67,1868403,7.67,7.66541,-4.13001,4.24547,0.00305,-0.00535,-0.02046,71.76264,18.05028,-65.37562
36.076526,-79.008609,8,0.45,122,7.89,1868603,7.89,7.89033,-4.21137,4.22872,0.01909,0.04368,-0.0168,72.82958,18.66413,-65.18562
36.076524,-79.008607,8,0.33,122,7.68,1869403,7.68,7.67857,-4.18505,4.2688,-0.01588,0.03818,0.09484,71.93803,18.94183,-65.40485
36.076524,-79.008607,8,0.33,122,7.89,1869603,7.89,7.89093,-4.09591,4.17847,0.01512,-0.01237,-0.04475,71.99649,18.83952,-65.2587
36.076521,-79.008606,8,0.71,122,7.77,1870403,7.77,7.77368,-4.21615,4.17548,-0.02856,-0.00489,0.0394,72.12804,18.56182,-65.12716
36.076521,-79.008606,8,0.71,122,7.9,1870603,7.9,7.89691,-4.19342,4.20299,0.00244,0.03451,0.00825,72.11342,18.73721,-65.37562
36.076518,-79.008604,8,0.43,122,7.86,1871403,7.86,7.86162,-4.23709,4.28973,-0.01848,-0.03803,-0.00748,71.17802,18.83952,-66.19409
36.076518,-79.008604,8,0.43,122.9,7.69,1871603,7.69,7.69352,-4.07797,4.22872,0.02306,0.03009,-0.03039,71.60188,19.5703,-65.28793
36.076515,-79.008604,8,0.3,122.9,7.96,1872403,7.96,7.95673,-4.21256,4.17787,-0.00718,-0.06429,-0.02932,71.68957,20.038,-66.09179
36.076515,-79.008604,8,0.3,123.1,7.6,1872603,7.6,7.59781,-4.09053,4.22513,-0.01023,-0.05666,-0.01802,70.72494,19.90646,-66.01871
36.07651,-79.008604,8,0.17,123.1,7.88,1873403,7.88,7.87657,-4.08574,4.26521,0.01329,0.00046,0.01161,71.14879,20.40339,-66.36948
36.07651,-79.008604,8,0.17,123.6,7.75,1873603,7.75,7.74856,-4.19881,4.24547,0.03604,-0.00962,-0.03314,70.79801,20.91494,-66.44256
36.076508,-79.008605,8,0.21,123.6,7.76,1874403,7.76,7.76351,-4.12283,4.27657,0.04291,0.05299,0.03742,70.02338,21.17802,-66.6618
36.076508,-79.008605,8,0.21,123.4,7.87,1874603,7.87,7.87239,-4.14018,4.19522,0.02046,-0.00626,0.02245,70.25723,20.87109,-66.79333
36.076504,-79.008606,8,0.59,123.4,7.76,1875403,7.76,7.75633,-4.11865,4.23171,0.00015,-0.0733,-0.02642,69.81876,21.99649,-66.96872
36.076504,-79.008606,8,0.59,123.5,7.84,1875603,7.84,7.84068,-4.18864,4.29213,0.03757,0.07178,0.04856,69.84799,22.63958,-66.74949
36.076503,-79.008605,8,0.32,123.5,7.76,1876403,7.76,7.75514,-3.98285,4.22154,0.05864,0.07789,0.03024,69.68723,22.74189,-66.6618
36.076503,-79.008605,8,0.32,123.5,8.01,1876603,8.01,8.00878,-4.22812,4.21496,-0.01344,-0.07529,0.03635,69.70184,22.90266,-66.13564
36.076503,-79.008604,8,0.32,123.5,7.78,1877403,7.78,7.77847,-4.09113,4.31426,0.08552,0.13806,0.0168,69.02953,23.58959,-67.17335
36.076503,-79.008604,8,0.32,123.4,7.97,1877603,7.97,7.9687,-4.21556,4.20838,0.01604,-0.04811,-0.03131,69.32184,24.4373,-67.24642
36.076502,-79.008604,8,0.25,123.4,7.78,1878403,7.78,7.77907,-4.08754,4.18923,-0.02611,-0.10553,0.03711,68.67875,24.97808,-67.0418
36.076502,-79.008604,8,0.25,123.5,7.81,1878603,7.81,7.81316,-4.16291,4.35554,0.04963,0.01542,-0.00565,68.35721,25.50424,-67.61181
36.076499,-79.008606,8,0.45,123.5,7.89,1879403,7.89,7.89452,-4.10907,4.14616,0.07498,0.01497,-0.02963,67.99181,26.33733,-66.73487
36.076499,-79.008606,8,0.45,124.1,7.76,1879603,7.76,7.75753,-4.25683,4.24068,-0.0113,-0.09652,0.03955,67.27565,26.99503,-67.58258
36.076505,-79.008605,8,1.14,124.1,7.66,1880403,7.66,7.65524,-4.09891,4.25743,0.09881,0.10812,-0.01023,67.21719,27.97428,-66.60333
36.076505,-79.008605,8,1.14,124,8.01,1880603,8.01,8.01057,-4.32144,4.17129,0.00794,-0.02153,0.06093,68.05028,28.38351,-66.06256
36.076508,-79.008606,8,0.08,124,7.71,1881403,7.71,7.71207,-4.1342,4.31366,0.00672,-0.07453,0.00214,66.42795,28.89506,-66.96872
36.076508,-79.008606,8,0.08,124,7.71,1881603,7.71,7.71446,-4.08515,4.32144,0.10156,0.13699,0.02062,65.9164,29.90354,-67.08565
36.076511,-79.008606,8,0.03,124,7.88,1882403,7.88,7.88076,-4.18086,4.1019,-0.00611,-0.05284,0.07101,66.09179,30.40047,-66.04794
36.076511,-79.008606,8,0.03,124,7.67,1882603,7.67,7.6678,-3.99721,4.32622,0.04047,-0.05483,-0.03161,65.75563,30.64893,-67.61181
36.076513,-79.008607,8,0.14,124,7.75,1883403,7.75,7.74676,-4.11326,4.26222,0.04643,0.00687,0.01206,65.22946,32.43204,-66.89565
36.076513,-79.008607,8,0.14,123.6,7.84,1883603,7.84,7.8353,-4.14676,4.18505,0.06552,0.04948,0.01344,66.04794,32.38819,-66.76411
36.076513,-79.008607,8,0.22,123.6,7.74,1884403,7.74,7.74018,-4.10668,4.2,0.0029,-0.12263,-0.02077,65.21485,32.88512,-66.35487
36.076513,-79.008607,8,0.22,123.5,7.81,1884603,7.81,7.81376,-4.15693,4.26521,0.062,0.011,-0.01191,64.39638,33.19205,-65.94563
36.076513,-79.008607,8,0.29,123.5,7.71,1885403,7.71,7.70967,-4.13958,4.25085,0.01802,0.03482,0.12599,64.77638,34.85823,-65.6387
36.076513,-79.008607,8,0.29,123,7.92,1885603,7.92,7.92443,-4.06541,4.20419,0.03696,-0.06078,-0.02673,64.8933,34.43438,-65.97486
36.076516,-79.008608,8,0.26,123,7.73,1886403,7.73,7.733,-4.2,4.26102,0.0869,0.10476,0.01955,64.07483,36.49517,-64.45483
36.076516,-79.008608,8,0.26,123.1,7.95,1886603,7.95,7.95314,-4.22333,4.17667,-0.00351,-0.08583,0.02902,64.77638,36.64133,-65.09792
36.076516,-79.008608,8,0.17,123.1,7.66,1887403,7.66,7.65524,-4.133,4.31306,0.05009,0.08919,0.062,63.7679,37.34288,-64.71792
36.076516,-79.008608,8,0.17,122.9,7.95,1887603,7.95,7.95255,-4.15095,4.23589,0.00748,-0.06399,-0.00458,63.9579,37.06519,-64.42561
36.076515,-79.008607,8,0.39,122.9,7.82,1888403,7.82,7.81974,-4.16112,4.30469,0.05864,0.06643,0.01374,63.22713,38.16135,-65.11254
36.076515,-79.008607,8,0.39,122.9,7.81,1888603,7.81,7.80958,-4.11087,4.2329,0.02566,-0.01817,-0.01481,64.00175,38.2929,-63.98714
36.076517,-79.008608,8,0.2,122.9,7.71,1889403,7.71,7.71386,-4.20359,4.32204,-0.0026,-0.08094,-0.03619,62.73019,39.40368,-64.11868
36.076517,-79.008608,8,0.2,122.7,7.71,1889603,7.71,7.70788,-4.11446,4.31306,0.01512,0.07987,0.09377,63.18328,39.18445,-64.0456
36.076513,-79.008608,8,0.3,122.7,7.69,1890403,7.69,7.69412,-4.06241,4.24367,-0.01955,-0.06567,0.03024,63.43175,39.59369,-63.41713
36.076513,-79.008608,8,0.3,123.3,7.82,1890603,7.82,7.82274,-4.14557,4.24606,0.07819,0.05513,-0.07422,63.7679,40.33908,-63.12482
36.076511,-79.008606,8,0.51,123.3,7.81,1891403,7.81,7.81137,-4.16052,4.20957,-0.03467,-0.19074,-0.05498,63.18328,40.90909,-62.8325
36.076511,-79.008606,8,0.51,122.4,7.6,1891603,7.6,7.5996,-4.11027,4.40578,0.06674,0.13485,0.06628,62.67173,40.99678,-63.63636
36.076512,-79.008604,8,0.36,122.4,7.85,1892403,7.85,7.84547,-4.17009,4.19581,0.01512,0.05544,0.1182,62.97866,41.34756,-61.42941
36.076512,-79.008604,8,0.36,121.8,7.84,1892603,7.84,7.83709,-4.0008,4.18744,0.03329,-0.06261,-0.05391,63.47559,41.40602,-61.59018
36.076511,-79.008602,8,0.37,121.8,7.63,1893403,7.63,7.63011,-4.06241,4.31366,0.0087,-0.09759,-0.04994,62.74482,42.95528,-61.12248
36.076511,-79.008602,9,0.37,120.8,7.88,1893603,7.88,7.87538,-4.19701,4.2682,0.03726,0.06933,0.0646,63.37329,42.99912,-61.38556
36.076509,-79.008602,9,0.15,120.8,7.7,1894403,7.7,7.69891,-4.14437,4.28196,0.03574,0.05269,0.04139,63.5779,43.33528,-60.72786
36.076509,-79.008602,8,0.15,120.5,7.93,1894603,7.93,7.92981,-4.11027,4.17368,0.03604,0.00733,-0.01359,63.56329,43.77375,-59.60246
36.076503,-79.008602,8,0.08,120.5,7.84,1895403,7.84,7.84307,-4.07617,4.21017,0.00733,-0.0985,-0.03803,63.32943,43.84683,-59.88015
36.076503,-79.008602,8,0.08,121.4,7.71,1895603,7.71,7.71147,-4.15215,4.32024,0.02642,-0.01023,-0.00443,62.8325,44.29991,-59.52938
36.076502,-79.008603,8,0.21,121.4,8.01,1896403,8.01,8.01237,-4.1677,4.25863,0.01772,0.01161,0.03344,63.92868,44.0076,-58.94476
36.076502,-79.008603,8,0.21,121.2,7.66,1896603,7.66,7.66062,-4.00379,4.22273,0.02642,-0.07911,-0.07666,63.27097,45.64455,-58.75475
36.0765,-79.008605,8,0.36,121.2,7.76,1897403,7.76,7.76292,-4.17727,4.28734,0.01787,0.08628,0.09453,63.13943,44.8553,-59.07629
36.0765,-79.008605,8,0.36,121,7.87,1897603,7.87,7.87239,-4.06421,4.13839,0.01084,-0.02169,-0.01604,64.13329,45.26454,-57.77551
36.076499,-79.008606,8,0.15,121,7.97,1898403,7.97,7.9681,-4.17129,4.22094,-0.01222,-0.14233,-0.08292,64.08945,45.79071,-57.19088
36.076499,-79.008606,8,0.15,120.5,7.56,1898603,7.56,7.55713,-4.08933,4.30828,0.02382,0.03696,0.01848,63.19789,46.55072,-57.5855
36.0765,-79.008605,8,0.47,120.5,8.02,1899403,8.02,8.01596,-4.15334,4.19821,0.00886,0.02749,0.0336,64.30868,46.18533,-56.29933
36.0765,-79.008605,8,0.47,120,7.7,1899603,7.7,7.69592,-4.05464,4.21077,-0.00702,-0.16203,-0.12584,63.46098,46.66764,-56.81087
36.076497,-79.008606,8,0.46,120,7.7,1900403,7.7,7.69711,-4.13958,4.34836,0.01359,0.06964,0.06322,63.66559,46.57995,-56.78164
36.076497,-79.008606,8,0.46,120.1,7.93,1900603,7.93,7.93101,-4.12642,4.13659,-0.00153,-0.01512,0.00321,64.03099,46.52148,-55.437
36.076493,-79.008606,8,0.24,120.1,7.75,1901403,7.75,7.74856,-4.05344,4.19641,-0.02535,-0.15256,-0.09468,63.09559,46.79918,-55.97779
36.076493,-79.008606,8,0.24,120.7,7.78,1901603,7.78,7.78266,-4.18445,4.32323,0.0394,0.15226,0.08186,63.25636,46.44841,-55.70009
36.07649,-79.008607,8,0.26,120.7,7.71,1902403,7.71,7.71027,-4.05165,4.18325,-0.01741,-0.04765,0.01588,63.62175,47.14996,-55.437
36.07649,-79.008607,8,0.26,120.6,7.85,1902603,7.85,7.84846,-4.17189,4.24965,0.03574,0.06903,0.00718,63.8556,47.14996,-54.95469
36.076487,-79.008609,8,0.29,120.6,7.67,1903403,7.67,7.67318,-4.15035,4.22273,-0.01451,-0.00855,0.02657,63.5779,46.68225,-54.32622
36.076487,-79.008609,8,0.29,120.7,7.97,1903603,7.97,7.97049,-4.12822,4.25444,0.02214,0.03696,-0.0171,64.2356,46.98919,-53.82929
36.076483,-79.008611,8,0.41,120.7,7.62,1904403,7.62,7.62174,-4.28016,4.21974,0.02764,0.06154,0.0084,63.16866,47.60304,-53.52236
36.076483,-79.008611,8,0.41,120.8,7.97,1904603,7.97,7.97049,-4.11386,4.28016,-0.00672,0.07636,0.09774,64.45483,47.92458,-53.43467
36.076479,-79.008615,8,0.35,120.8,7.73,1905403,7.73,7.72882,-4.05942,4.20539,0.00168,-0.06949,-0.07239,64.19176,47.54458,-53.2739
36.076479,-79.008615,9,0.35,121,7.72,1905603,7.72,7.72224,-4.25085,4.25145,0.01833,0.04062,0.0029,63.59252,48.42151,-53.25928
36.076475,-79.008618,9,0.22,121,7.87,1906403,7.87,7.8682,-4.1994,4.16949,-0.01649,-0.0139,0.02657,63.59252,48.75767,-53.44928
36.076475,-79.008618,9,0.22,121.3,7.68,1906603,7.68,7.68216,-4.07258,4.23829,-0.01604,-0.01436,0.01542,63.84098,47.86612,-53.09851
36.07647,-79.008621,9,0.25,121.3,7.81,1907403,7.81,7.80838,-4.15035,4.25683,0.01695,0.07941,0.04001,63.9579,47.88074,-52.67466
36.07647,-79.008621,8,0.25,121.5,7.93,1907603,7.93,7.92922,-4.10369,4.14377,0.00336,-0.04536,-0.05299,64.38176,48.50921,-51.69541
36.076466,-79.008623,8,0.29,121.5,7.67,1908403,7.67,7.66541,-4.17847,4.25145,0.00015,-0.03115,-0.01512,63.8556,48.80152,-53.33236
36.076466,-79.008623,8,0.29,121.5,7.89,1908603,7.89,7.88615,-4.1336,4.29512,-0.00764,0.04047,0.06979,64.54253,48.61152,-52.49927
36.076463,-79.008623,8,0.53,121.5,7.88,1909403,7.88,7.88495,-4.0684,4.24846,0.01924,0.01145,-0.01604,64.77638,48.62613,-51.82695
36.076463,-79.008623,8,0.53,121.6,7.78,1909603,7.78,7.78325,-4.17906,4.20239,0.02062,-0.03329,-0.05467,64.38176,48.46536,-51.16925
36.076463,-79.008625,8,0.29,121.6,7.83,1910403,7.83,7.8329,-4.21077,4.26999,0.00535,0.02367,0.04948,64.64484,48.72844,-51.24233
36.076463,-79.008625,8,0.29,121.5,7.77,1910603,7.77,7.77009,-4.05404,4.21197,0.02306,0.01848,0.00565,65.14177,48.5969,-50.4677
36.076458,-79.008627,8,0.44,121.5,8.12,1911403,8.12,8.11586,-4.14198,4.23589,0.0281,-0.05895,-0.08079,65.75563,48.56767,-50.07307
36.076458,-79.008627,8,0.44,121.8,7.63,1911603,7.63,7.6331,-4.13121,4.28196,0.01252,-0.05956,-0.0365,64.35253,49.38614,-50.38
36.076455,-79.008629,8,0.64,121.8,7.94,1912403,7.94,7.9352,-4.22094,4.29153,0.02489,0.10049,0.1095,65.41946,49.35691,-49.38614
36.076455,-79.008629,8,0.64,121.8,7.8,1912603,7.8,7.8012,-4.00977,4.18744,0.01283,-0.11255,-0.08018,65.56562,49.64923,-48.23151
36.076452,-79.008631,8,0.41,121.8,7.78,1913403,7.78,7.78325,-4.15394,4.22692,0.02153,-0.05895,-0.04688,65.24408,50.2777,-47.88074
36.076452,-79.008631,8,0.41,122.4,7.74,1913603,7.74,7.73659,-4.20897,4.33221,0.01298,0.06521,0.10033,65.37562,49.63461,-48.31921
36.07645,-79.008631,8,0.14,122.4,7.85,1914403,7.85,7.85265,-4.04985,4.21077,-0.01313,-0.09224,-0.00947,66.58871,49.28384,-47.44227
36.07645,-79.008631,8,0.14,122.3,7.71,1914603,7.71,7.70609,-4.12882,4.24666,0.073,0.05483,-0.0617,65.71178,50.39462,-47.6615
36.07645,-79.008631,8,0.18,122.3,7.78,1915403,7.78,7.78146,-4.14018,4.27896,-0.01374,-0.05238,0.00641,66.58871,50.32154,-47.16457
36.07645,-79.008631,8,0.18,122.3,7.82,1915603,7.82,7.81974,-4.09232,4.28794,0.01772,0.02413,0.00321,66.26717,49.89769,-46.28764
36.076446,-79.008634,8,0.43,122.3,7.75,1916403,7.75,7.74736,-4.15274,4.20658,0.03192,0.04841,-0.00092,66.83718,49.86846,-46.15609
36.076446,-79.008634,8,0.43,122.7,7.82,1916603,7.82,7.82393,-4.12702,4.19282,-0.00397,-0.02275,0.0139,67.27565,49.66384,-46.60918
36.076444,-79.008635,8,0.28,122.7,7.83,1917403,7.83,7.82812,-4.11446,4.27239,-0.01466,-0.06032,-0.01466,67.05642,49.75153,-46.37533
36.076444,-79.008635,8,0.28,123,7.77,1917603,7.77,7.7689,-4.14915,4.2676,0.02245,0.03925,0.01176,67.75797,49.78077,-45.65916
36.076442,-79.008636,8,0.17,123,7.78,1918403,7.78,7.78206,-4.04686,4.25145,0.03497,0.0452,-0.01359,67.49489,49.62,-44.70915
36.076442,-79.008636,8,0.17,123.3,7.88,1918603,7.88,7.88435,-4.21256,4.22154,0.00687,-0.02275,-0.01374,67.37796,50.43847,-45.24993
36.076439,-79.008637,8,0.45,123.3,7.69,1919403,7.69,7.68575,-4.22214,4.25564,0.00351,0.03803,0.04291,67.10027,50.33616,-44.31453
36.076439,-79.008637,8,0.45,123.1,7.92,1919603,7.92,7.92144,-4.04028,4.30289,0.00367,0.04688,0.04246,67.84566,49.40076,-44.56299
36.076437,-79.008638,8,0.26,123.1,7.75,1920403,7.75,7.75155,-4.11924,4.22752,0.00687,-0.04994,-0.05696,67.26103,50.4677,-44.4753
36.076437,-79.008638,8,0.26,123.1,7.77,1920603,7.77,7.77308,-4.21556,4.22991,-0.00687,0.02779,0.06414,67.40719,50.21923,-43.87606
36.076435,-79.008639,8,0.39,123.1,7.85,1921403,7.85,7.85384,-4.05284,4.28734,0.01405,-0.01894,-0.03986,67.84566,49.91231,-43.08682
36.076435,-79.008639,8,0.39,123.2,7.77,1921603,7.77,7.7665,-4.19163,4.17847,0.02413,0.01558,-0.01634,67.30488,50.19,-43.40836
36.076433,-79.008639,8,0.24,123.2,7.77,1922403,7.77,7.77009,-4.12044,4.22273,-0.01985,0.02337,0.0817,67.8895,49.62,-42.56065
36.076433,-79.008639,8,0.24,123.2,7.86,1922603,7.86,7.86401,-4.09292,4.2,0.00061,-0.01863,-0.0139,68.02105,49.75153,-42.22449
36.076432,-79.008638,8,0.17,123.2,7.77,1923403,7.77,7.77368,-4.08634,4.26042,0.01283,-0.00702,-0.03375,68.0649,49.57615,-42.06372
36.076432,-79.008638,8,0.17,123.1,7.75,1923603,7.75,7.74557,-4.20419,4.26461,0.00687,0.02963,0.01008,68.40105,49.22537,-41.82988
36.076429,-79.008638,8,0.32,123.1,7.74,1924403,7.74,7.74078,-4.10728,4.267,0.0504,0.05513,-0.04704,67.99181,49.31306,-41.2891
36.076429,-79.008638,8,0.32,124,7.88,1924603,7.88,7.87598,-4.19641,4.1671,-0.02001,-0.02107,0.02443,68.53259,49.37153,-41.0114
36.07643,-79.008636,8,0.25,124,7.84,1925403,7.84,7.83709,-4.09472,4.2341,-0.01313,-0.03986,-0.0087,68.79568,49.97077,-41.2014
36.07643,-79.008636,8,0.25,123.9,7.69,1925603,7.69,7.69472,-4.10668,4.29452,0.00504,0.03421,0.03696,68.86875,49.16691,-42.44373
36.076429,-79.008638,8,0.33,123.9,7.79,1926403,7.79,7.78983,-4.10309,4.18325,0.02489,-0.02627,-0.0672,69.46799,49.23999,-41.23063
36.076429,-79.008638,8,0.33,123.7,7.76,1926603,7.76,7.76112,-4.19282,4.24008,-0.01359,-0.00611,0.04673,68.66413,49.12306,-40.42678
36.076427,-79.008641,8,0.33,123.7,7.9,1927403,7.9,7.9017,-4.12224,4.24846,-0.011,0.01604,0.04658,69.81876,48.93306,-40.79217
36.076427,-79.008641,8,0.33,124.3,7.77,1927603,7.77,7.77069,-4.1007,4.21137,0.01405,-0.03894,-0.05971,69.36568,48.96229,-39.73984
36.076427,-79.00864,8,0.13,124.3,7.77,1928403,7.77,7.77129,-4.15095,4.31306,-0.0084,0.02077,0.05131,69.26337,49.3423,-40.45601
36.076427,-79.00864,8,0.13,124.5,7.85,1928603,7.85,7.85444,-4.05045,4.22513,0.01848,0.02688,-0.00229,70.57878,48.33382,-39.59369
36.076425,-79.008641,8,0.4,124.5,7.78,1929403,7.78,7.77907,-4.1671,4.21137,0.0113,-0.0139,-0.02337,69.62876,48.81614,-39.62292
36.076425,-79.008641,8,0.4,124.7,7.79,1929603,7.79,7.79103,-4.12762,4.2682,0.00092,0.01405,0.02566,69.92107,49.22537,-38.80444
36.076425,-79.008641,8,0.1,124.7,7.78,1930403,7.78,7.77907,-4.08335,4.25683,-0.02718,-0.04643,0.02505,70.33031,48.69921,-38.39521
36.076425,-79.008641,8,0.1,124.9,7.78,1930603,7.78,7.77847,-4.12044,4.29452,0.03925,0.06093,-0.02337,70.52032,48.5969,-38.40982
36.076426,-79.00864,8,0.29,124.9,7.79,1931403,7.79,7.79223,-4.17906,4.22872,0.0058,-0.02459,-0.02505,70.53493,48.45074,-37.91289
36.076426,-79.00864,8,0.29,124.5,7.82,1931603,7.82,7.81615,-4.16112,4.20539,0.0171,0.04246,0.01344,70.35954,48.8746,-38.35136
36.076425,-79.008639,8,0.17,124.5,7.73,1932403,7.73,7.72702,-4.12822,4.22632,-0.00687,-0.01558,0.00748,70.78339,48.08536,-39.08214
36.076425,-79.008639,8,0.17,124.3,7.83,1932603,7.83,7.8347,-4.17009,4.25444,0.02352,0.04887,0.00443,70.76878,48.47998,-38.17597
36.076424,-79.008638,8,0.43,124.3,7.84,1933403,7.84,7.84248,-4.12822,4.26999,0.01344,-0.01756,-0.04688,71.09032,47.7492,-37.98597
36.076424,-79.008638,8,0.43,124.3,7.67,1933603,7.67,7.6672,-4.13958,4.24128,0.00611,0.01481,-0.00412,70.68109,48.37767,-38.13213
36.076423,-79.008637,8,0.32,124.3,7.95,1934403,7.95,7.94537,-4.133,4.23231,-0.05177,-0.03436,0.06964,71.51418,47.51535,-38.21982
36.076423,-79.008637,8,0.32,124.3,7.76,1934603,7.76,7.75633,-4.05583,4.27538,0.02779,-0.02077,-0.08308,71.36802,47.48611,-38.10289
36.076422,-79.008638,8,0.35,124.3,7.86,1935403,7.86,7.85863,-4.19581,4.24247,0.01222,0.02428,-0.00825,71.17802,47.71996,-37.09442
36.076422,-79.008638,8,0.35,124.6,7.86,1935603,7.86,7.86162,-4.10788,4.22333,-0.00199,0.00809,0.00489,71.57264,47.54458,-36.65595
36.07642,-79.008638,8,0.41,124.6,7.86,1936403,7.86,7.86102,-4.13001,4.25743,0.02886,0.03726,-0.04246,71.35341,47.60304,-36.31979
36.07642,-79.008638,8,0.41,124.8,7.77,1936603,7.77,7.7683,-4.19223,4.16351,-0.02932,-0.02474,0.03222,71.73341,47.2815,-36.49517
36.07642,-79.008638,8,0.26,124.8,7.84,1937403,7.84,7.83829,-4.14616,4.22572,-0.01817,0.00947,0.03787,72.01111,47.17919,-36.07132
36.07642,-79.008638,8,0.26,124.8,7.81,1937603,7.81,7.81257,-4.14257,4.26401,-0.00687,0.02611,0.01726,72.02572,47.35458,-36.01286
36.076414,-79.008638,8,0.6,124.8,7.8,1938403,7.8,7.79761,-4.01456,4.21017,0.02596,0.02199,-0.05528,72.17188,46.98919,-35.8667
36.076414,-79.008638,8,0.6,125.6,7.8,1938603,7.8,7.79582,-4.20897,4.27478,-0.00657,-0.01649,-0.02718,72.0988,47.55919,-36.4221
36.076408,-79.008638,8,0.4,125.6,7.9,1939403,7.9,7.89632,-4.14676,4.30469,-0.00092,0.06414,0.04093,71.83572,47.16457,-36.24671
36.076408,-79.008638,8,0.4,127.1,7.77,1939603,7.77,7.77428,-4.09292,4.24905,-0.01481,-0.03406,-0.03497,72.91727,47.36919,-36.15902
36.076405,-79.008637,8,0.24,127.1,7.89,1940403,7.89,7.88914,-4.1994,4.21675,0.00321,0.02123,-0.01405,72.66881,47.4715,-36.26133
36.076405,-79.008637,8,0.24,127.9,7.75,1940603,7.75,7.74916,-4.09412,4.28674,-0.03833,-0.0255,0.0226,72.99035,47.01841,-37.1675
36.076403,-79.008637,8,0.37,127.9,7.81,1941403,7.81,7.81376,-4.08993,4.2658,0.0058,0.02596,-0.0171,73.09267,46.63841,-35.36977
36.076403,-79.008637,8,0.37,128.6,7.84,1941603,7.84,7.83649,-4.13181,4.24905,0.01405,0.0168,-0.0536,72.75651,47.23765,-35.57439
36.076405,-79.008636,8,0.22,128.6,7.85,1942403,7.85,7.84547,-4.18565,4.17847,-0.00137,0.02413,-0.01115,72.36188,47.12073,-35.6767
36.076405,-79.008636,8,0.22,128.1,7.74,1942603,7.74,7.73958,-4.11087,4.30648,-0.03894,-0.00229,0.03146,72.81496,47.36919,-35.06285
36.076403,-79.008641,8,1.65,128.1,7.81,1943403,7.81,7.80958,-4.02054,4.17368,0.02275,0.00336,-0.09071,73.00497,46.59456,-35.26747
36.076403,-79.008641,8,1.65,128.7,7.82,1943603,7.82,7.82094,-4.22094,4.18325,0.0055,0.02199,-0.02474,72.0988,47.32534,-35.35516
36.0764,-79.00864,8,0.83,128.7,7.7,1944403,7.7,7.70429,-4.11865,4.24008,-0.01374,0.03436,0.02016,72.88805,47.19381,-35.09208
36.0764,-79.00864,8,0.83,129.3,7.86,1944603,7.86,7.86281,-4.12822,4.21974,-0.01924,0.01359,0.02337,73.51652,46.5361,-35.16515
36.0764,-79.008637,8,0.33,129.3,7.78,1945403,7.78,7.78206,-4.07677,4.29871,-0.00137,-0.00336,-0.03803,73.34113,46.46302,-35.31131
36.0764,-79.008637,8,0.33,129.1,7.77,1945603,7.77,7.77249,-4.1354,4.23231,0.00122,0.02169,-0.01848,72.94651,47.12073,-35.209
36.0764,-79.008634,8,0.28,129.1,7.84,1946403,7.84,7.8353,-4.2018,4.18565,-0.02703,-0.00702,0.01451,72.66881,46.30225,-35.51593
36.0764,-79.008634,8,0.28,129.2,7.78,1946603,7.78,7.77727,-4.08455,4.27657,-0.02825,0.01619,0.0336,73.04882,45.81993,-34.82899
36.076399,-79.008636,8,0.59,129.2,7.88,1947403,7.88,7.87837,-4.00858,4.28794,0.02734,-0.00977,-0.11332,73.63344,46.11225,-35.35516
36.076399,-79.008636,8,0.59,129.4,7.68,1947603,7.68,7.68156,-4.20479,4.18804,0.00046,0.02199,-0.01649,73.01958,46.8138,-35.54516
36.076398,-79.008633,8,0.53,129.4,7.77,1948403,7.77,7.7677,-4.15693,4.23589,-0.05391,0.0029,0.07865,73.23882,46.60918,-34.90208
36.076398,-79.008633,8,0.53,129.5,7.85,1948603,7.85,7.85324,-4.05165,4.28435,-0.00687,0.00657,-0.02275,73.72114,46.09763,-35.47208
36.076394,-79.008632,8,0.51,129.5,7.8,1949403,7.8,7.80359,-4.15932,4.21974,-0.00779,0.01909,-0.00794,73.56036,46.12686,-34.66822
36.076394,-79.008632,8,0.51,129.9,7.74,1949603,7.74,7.74018,-4.07558,4.22034,-0.0139,-0.00153,-0.00473,73.95498,45.54224,-34.68284
36.076392,-79.008631,8,0.28,129.9,7.86,1950403,7.86,7.86222,-4.14975,4.21197,-0.03344,-0.02153,0.01405,73.99883,45.8784,-34.11283
36.076392,-79.008631,8,0.28,130.7,7.72,1950603,7.72,7.71984,-4.08036,4.27239,-0.00031,0.00626,-0.03131,73.57498,45.98071,-35.60363
36.07639,-79.00863,8,0.25,130.7,7.84,1951403,7.84,7.84367,-4.11565,4.28255,-0.01619,-0.02443,-0.02107,74.29115,46.12686,-34.88746
36.07639,-79.00863,8,0.25,131.7,7.74,1951603,7.74,7.74437,-4.07139,4.22094,0.01909,0.07346,-0.01741,73.98421,46.0684,-34.59515
36.076388,-79.008628,8,0.39,131.7,7.8,1952403,7.8,7.8018,-4.0995,4.25205,-0.00657,-0.00947,-0.02734,73.98421,46.02456,-34.41976
36.076388,-79.008628,8,0.39,132.4,7.82,1952603,7.82,7.81855,-4.17129,4.21256,-0.02535,-0.00794,0.02459,73.92575,45.71763,-34.47822
36.076384,-79.008627,8,0.52,132.4,7.79,1953403,7.79,7.79283,-4.11326,4.27059,-0.02107,0.03024,0.05315,74.65653,45.96609,-34.72669
36.076384,-79.008627,8,0.52,133.8,7.85,1953603,7.85,7.84906,-4.06182,4.27777,0.01649,-0.00229,-0.06888,74.52499,44.95761,-33.38205
36.076383,-79.008626,8,0.53,133.8,7.83,1954403,7.83,7.8335,-4.18445,4.27538,0.01374,0.03772,-0.01634,74.27653,45.32301,-35.06285
36.076383,-79.008626,8,0.53,134.7,7.77,1954603,7.77,7.77069,-4.08634,4.2353,0.00321,0.0139,-0.01634,73.75037,45.89301,-33.77667
36.076375,-79.008624,8,1.13,134.7,7.79,1955403,7.79,7.78624,-4.12702,4.29213,0.02138,-0.00015,-0.05864,73.94037,45.70301,-33.96667
36.076375,-79.008624,8,1.13,137.1,7.79,1955603,7.79,7.79283,-4.17488,4.19641,-0.0336,0.01497,0.08399,73.67729,45.16224,-33.70359
36.076371,-79.008626,8,0.93,137.1,7.82,1956403,7.82,7.81855,-4.08096,4.21376,-0.05803,-0.01787,0.09606,74.51038,44.6653,-34.1713
36.076371,-79.008626,8,0.93,137.7,7.83,1956603,7.83,7.8335,-4.01875,4.32622,0.0223,-0.01252,-0.0817,75.095,44.753,-33.96667
36.076366,-79.008628,8,1.38,137.7,7.81,1957403,7.81,7.81316,-4.18565,4.28435,0.0533,0.06368,-0.0588,74.43729,44.69453,-33.55744
36.076366,-79.008628,8,1.38,139,7.74,1957603,7.74,7.74198,-4.16052,4.15573,-0.02932,0.01268,0.07743,74.36422,45.64455,-33.19205
36.076365,-79.008628,8,0.97,139,7.93,1958403,7.93,7.92623,-4.09173,4.22214,-0.0307,-0.06933,-0.00199,75.285,44.72376,-33.38205
36.076365,-79.008628,8,0.97,139.7,7.68,1958603,7.68,7.67976,-4.05404,4.34836,0.03726,0.00687,-0.07621,75.03654,45.33762,-33.44051
36.076365,-79.008619,8,0.68,139.7,7.8,1959403,7.8,7.79522,-4.18804,4.23111,-0.00321,0.04261,0.05651,75.65039,44.48991,-31.70126
36.076365,-79.008619,8,0.68,140.3,7.96,1959603,7.96,7.96212,-4.0331,4.24307,0.01466,0.02153,-0.00321,75.29962,43.49606,-32.70973
36.076368,-79.008615,8,0.94,140.3,7.89,1960403,7.89,7.88555,-4.13121,4.19462,-0.00657,-0.08399,-0.03635,75.92809,43.43759,-31.33587
36.076368,-79.008615,8,0.94,140.2,7.66,1960603,7.66,7.66421,-4.10728,4.28555,0.00855,-0.01313,0.01604,76.04502,43.86144,-33.26513
36.076366,-79.008611,8,0.97,140.2,7.81,1961403,7.81,7.80958,-4.1677,4.26341,-0.00351,0.04093,0.09163,76.04502,42.73604,-31.61356
36.076366,-79.008611,8,0.97,140.1,7.83,1961603,7.83,7.82692,-4.04387,4.22333,0.02306,-0.03024,-0.04078,76.35194,42.61912,-30.92663
36.076363,-79.008604,8,0.74,140.1,7.8,1962403,7.8,7.79881,-4.19641,4.29332,0.06063,0.03619,-0.0391,76.90733,43.02835,-31.14586
36.076363,-79.008604,8,0.74,139.6,7.78,1962603,7.78,7.77608,-4.14497,4.24786,-0.03299,-0.04184,0.06521,76.54195,42.9845,-29.72815
36.07636,-79.008602,8,0.62,139.6,7.8,1963403,7.8,7.79941,-4.13839,4.23649,0.00046,-0.04429,0.00397,77.56504,41.69833,-30.50278
36.07636,-79.008602,8,0.62,140.3,7.78,1963603,7.78,7.77608,-4.10668,4.23231,0.00947,-0.0084,0.01023,77.11195,41.4791,-30.94124
36.076357,-79.008601,8,0.74,140.3,7.87,1964403,7.87,7.87418,-4.11147,4.30588,0.02566,0.01252,0.00137,77.37504,40.55832,-30.13739
36.076357,-79.008601,8,0.74,140.8,7.77,1964603,7.77,7.7677,-4.11865,4.28913,0.04062,0.01237,-0.02367,77.7112,40.5437,-29.80123
36.076355,-79.008602,8,0.62,140.8,7.85,1965403,7.85,7.85265,-4.11984,4.21795,0.04123,0.02352,-0.01008,77.60889,39.49137,-30.21046
36.076355,-79.008602,8,0.62,141.1,7.76,1965603,7.76,7.75753,-4.14377,4.27358,-0.01191,-0.05742,0.03131,77.66735,39.90061,-30.12277
36.076355,-79.0086,8,0.46,141.1,7.8,1966403,7.8,7.8018,-4.10608,4.32204,-0.01054,-0.03635,0.05421,78.61736,39.54984,-29.71354
36.076355,-79.0086,8,0.46,141.2,7.87,1966603,7.87,7.86581,-4.08933,4.27478,0.04047,-0.00458,-0.02657,78.50043,39.05291,-29.40661
36.076355,-79.008595,8,0.55,141.2,7.8,1967403,7.8,7.8012,-4.1019,4.32503,0.05238,0.00199,-0.03848,79.26045,38.35136,-29.97662
36.076355,-79.008595,8,0.55,141.3,7.8,1967603,7.8,7.8,-4.17906,4.22632,0.0365,0.02123,0.01909,78.45659,38.35136,-29.962
36.07636,-79.008597,8,0.2,141.3,7.84,1968403,7.84,7.84188,-4.1677,4.18923,0.02886,0.01451,0.02016,79.14352,37.44519,-28.69044
36.07636,-79.008597,8,0.2,139.5,7.8,1968603,7.8,7.79582,-4.07378,4.20539,-0.00458,-0.05864,0.01115,79.88892,37.12365,-28.95352
36.076357,-79.008595,8,0.31,139.5,7.83,1969403,7.83,7.82932,-4.10489,4.2999,0.0087,-0.06231,-0.01405,80.25431,36.67057,-28.00351
36.076357,-79.008595,8,0.31,140,7.78,1969603,7.78,7.78026,-4.09771,4.29272,0.04536,0.05055,0.00932,80.09354,36.20287,-28.60275
36.076355,-79.008593,8,0.68,140,7.81,1970403,7.81,7.81137,-4.11984,4.22094,0.02703,0.02001,0.02123,80.61971,35.50132,-28.12043
36.076355,-79.008593,8,0.68,139.7,7.82,1970603,7.82,7.81556,-4.10788,4.21855,0.00886,-0.0339,0.00596,80.8974,35.4867,-28.19351
36.07635,-79.008594,8,0.22,139.7,7.82,1971403,7.82,7.82154,-4.08933,4.23111,0.02963,-0.02077,-0.02184,81.26279,34.5513,-28.77814
36.07635,-79.008594,8,0.22,140.5,7.81,1971603,7.81,7.80539,-4.133,4.25444,0.031,0.02428,0.01222,81.35048,34.71207,-27.9012
36.076349,-79.00859,8,0.32,140.5,7.89,1972403,7.89,7.89033,-4.14437,4.2664,0.01634,-0.01634,0.00061,81.65741,33.52821,-28.10582
36.076349,-79.00859,8,0.32,140.8,7.68,1972603,7.68,7.67857,-4.11326,4.267,0.00702,-0.01772,0.02398,82.28588,33.1482,-27.50658
36.076347,-79.008585,8,0.45,140.8,7.81,1973403,7.81,7.81316,-4.07318,4.24427,0.00321,-0.04246,0.00412,82.50511,32.15434,-28.00351
36.076347,-79.008585,8,0.45,141.1,7.77,1973603,7.77,7.7695,-4.14915,4.27179,0.03253,-0.00565,-0.01802,81.96434,32.37357,-28.39813
36.076344,-79.008585,8,0.3,141.1,7.74,1974403,7.74,7.73958,-4.11266,4.28734,0.00687,-0.00932,0.03421,83.17744,31.70126,-28.76352
36.076344,-79.008585,8,0.3,141.7,7.81,1974603,7.81,7.81137,-4.08754,4.21855,0.04811,0.06552,0.02245,82.91435,31.0874,-27.88658
36.076339,-79.008585,8,0.39,141.7,7.89,1975403,7.89,7.88615,-4.10369,4.19402,0.02841,0.00428,0.0087,83.39667,30.4297,-27.75504
36.076339,-79.008585,8,0.39,142.8,7.76,1975603,7.76,7.76351,-4.08216,4.2664,-0.00061,-0.06521,-0.02016,83.52821,30.31277,-27.93043
36.076335,-79.008583,8,0.32,142.8,7.76,1976403,7.76,7.76052,-4.10728,4.24487,0.00473,-0.04749,0.00076,84.03976,29.78661,-27.56504
36.076335,-79.008583,8,0.32,143.9,7.87,1976603,7.87,7.87298,-4.12283,4.31187,0.02321,0.01084,0.01985,83.46975,29.04122,-29.40661
36.076332,-79.008579,8,0.77,143.9,7.82,1977403,7.82,7.82333,-4.09651,4.26341,0.03024,0.03024,0.01069,83.79129,28.98275,-28.41274
36.076332,-79.008579,9,0.77,144.5,7.82,1977603,7.82,7.81974,-4.09352,4.19881,0.02611,0.02337,0.03176,83.82052,27.76966,-27.63812
36.07633,-79.008578,9,0.36,144.5,7.95,1978403,7.95,7.95434,-4.07797,4.25324,0.02825,-0.01359,-0.01497,83.93744,27.19965,-27.71119
36.07633,-79.008578,9,0.36,144.8,7.81,1978603,7.81,7.81316,-4.14198,4.23051,0.01313,-0.03039,0.00489,84.41976,27.21426,-28.63198
36.076327,-79.008578,9,0.26,144.8,7.72,1979403,7.72,7.71745,-4.10907,4.25803,0.00702,-0.00779,0.03482,84.52207,26.42502,-28.7489
36.076327,-79.008578,8,0.26,144.5,7.9,1979603,7.9,7.90349,-4.1001,4.2353,0.02993,0.00947,-0.00061,85.019,26.00117,-28.60275
36.076325,-79.008579,8,0.1,144.5,7.82,1980403,7.82,7.82094,-4.11087,4.26222,0.0255,-0.00657,-0.00382,84.79977,25.35808,-30.152
36.076325,-79.008579,8,0.1,144.9,7.8,1980603,7.8,7.79761,-4.11266,4.22572,0.02856,0.0226,0.02825,84.84361,24.99269,-28.86583
36.076321,-79.008581,8,0.18,144.9,7.83,1981403,7.83,7.82632,-4.12164,4.24188,0.02138,0.02107,0.02963,85.019,24.2473,-29.69892
36.076321,-79.008581,8,0.18,145.3,7.85,1981603,7.85,7.85324,-4.08874,4.24786,0.01405,-0.0307,-0.00199,85.73517,24.40807,-29.08506
36.076311,-79.008583,8,0.72,145.3,7.83,1982403,7.83,7.82692,-4.15633,4.22991,0.01329,-0.0533,-0.01573,85.66209,23.64806,-29.26045
36.076311,-79.008583,8,0.72,147.1,7.75,1982603,7.75,7.74736,-4.11565,4.31546,0.02367,0.02718,0.03558,86.23209,23.44344,-29.47968
36.076304,-79.008582,8,0.44,147.1,7.81,1983403,7.81,7.80958,-4.12822,4.2347,0.01329,0.00657,0.04307,85.50131,22.81497,-29.69892
36.076304,-79.008582,8,0.44,148.2,7.79,1983603,7.79,7.79283,-4.05225,4.1659,0.04627,0.00015,-0.0394,86.74364,22.52265,-29.09968
36.0763,-79.008581,8,0.44,148.2,7.82,1984403,7.82,7.82154,-4.14257,4.24965,-0.00092,-0.04139,0.01298,86.12978,22.14265,-29.62584
36.0763,-79.008581,8,0.44,148.2,7.8,1984603,7.8,7.79701,-4.07378,4.27777,0.0168,-0.00718,0.02489,86.39287,21.54341,-29.91815
36.076297,-79.00858,8,0.54,148.2,7.77,1985403,7.77,7.77488,-4.09891,4.22692,0.02382,0.02337,0.02703,86.45132,21.26571,-31.13125
36.076297,-79.00858,8,0.54,148.5,7.87,1985603,7.87,7.8664,-4.11087,4.2012,0.0449,0.02795,-0.01344,87.21134,20.43262,-29.62584
36.076299,-79.008577,8,0.59,148.5,7.87,1986403,7.87,7.8688,-4.11865,4.23171,0.01955,-0.01527,0.0055,86.86057,19.83338,-29.90354
36.076299,-79.008577,8,0.59,147.7,7.79,1986603,7.79,7.79043,-4.10728,4.24307,0.01008,-0.04811,-0.00962,86.97749,20.11108,-31.26279
36.076299,-79.008575,8,0.28,147.7,7.79,1987403,7.79,7.78924,-4.13719,4.2347,0.00733,-0.06216,-0.00993,86.68518,19.17568,-30.57585
36.076299,-79.008575,8,0.28,147.4,7.76,1987603,7.76,7.75992,-4.09532,4.2335,0.02566,0.04902,0.06338,86.59748,19.01491,-30.95586
36.0763,-79.008571,8,0.12,147.4,7.81,1988403,7.81,7.81257,-4.04028,4.28196,0.03482,-0.00382,-0.03787,86.6121,17.75797,-31.46741
36.0763,-79.008571,8,0.12,147.4,7.8,1988603,7.8,7.79522,-4.12224,4.19881,0.04597,0.01894,-0.01405,87.19672,17.87489,-31.54049
36.076298,-79.008571,8,0.41,147.4,7.82,1989403,7.82,7.82034,-4.09532,4.23769,0.02779,-0.02489,-0.01894,87.03596,17.26103,-31.87664
36.076298,-79.008571,8,0.41,147.6,7.79,1989603,7.79,7.79402,-4.14257,4.2682,0.00015,-0.03528,0.02749,87.06519,17.11488,-33.03128
36.076296,-79.008566,8,0.33,147.6,7.81,1990403,7.81,7.80838,-4.08335,4.30529,0.01939,0.00916,0.03436,87.62058,15.94563,-33.45513
36.076296,-79.008566,8,0.33,148.1,7.82,1990603,7.82,7.81795,-4.06899,4.21675,0.03635,0.02169,0.00397,87.34288,15.55101,-32.35896
36.076294,-79.008566,8,0.24,148.1,7.78,1991403,7.78,7.78266,-4.15753,4.23829,0.04948,0.02596,-0.01695,87.60596,15.71178,-33.57205
36.076294,-79.008566,8,0.24,148.1,7.83,1991603,7.83,7.82513,-4.15454,4.21077,-0.00153,-0.02443,0.0452,87.1675,15.18562,-34.01052
36.076295,-79.008566,8,0.6,148.1,7.79,1992403,7.79,7.79342,-4.07498,4.22572,0.00183,-0.042,0.0139,87.15288,13.89944,-34.91669
36.076295,-79.008566,8,0.6,147.6,7.79,1992603,7.79,7.78505,-4.12822,4.24307,0.03833,0.01772,-0.00275,87.31365,13.70944,-34.72669
36.076293,-79.008563,8,0.28,147.6,7.45,1993403,7.45,7.45005,-5.02373,4.14078,1.08963,-0.27687,0.95845,86.49518,15.40485,-40.44139
36.076293,-79.008563,8,0.28,148,8.1,1993603,8.1,8.09911,-3.96969,4.18864,0.78878,-0.72296,0.99266,85.57439,6.78164,-44.86992
36.076288,-79.008562,8,0.09,148,7.8,1994403,7.8,7.8012,-3.81954,4.41655,0.85384,-0.41783,0.46792,75.62116,11.47325,-63.08097
36.076288,-79.008562,8,0.09,149.9,7.83,1994603,7.83,7.8329,-4.12343,4.26222,0.96379,-0.32819,0.22342,73.12189,16.48641,-64.45483
36.076285,-79.008559,8,0.35,149.9,7.74,1995403,7.74,7.74258,-4.18026,4.16172,0.81062,-0.31337,0.33598,64.92254,33.67437,-65.40485
36.076285,-79.008559,8,0.35,151.7,7.87,1995603,7.87,7.8688,-4.16052,4.15633,0.70417,-0.37293,0.46136,64.60099,36.69979,-63.25636
36.076282,-79.00856,8,0.32,151.7,7.86,1996403,7.86,7.86401,-4.03849,4.2018,0.64645,-0.45021,0.31612,64.55714,47.26688,-53.30313
36.076282,-79.00856,8,0.32,152.7,7.79,1996603,7.79,7.78684,-4.1671,4.3011,0.7141,-0.30803,0.26878,64.84946,48.43613,-50.73078
36.076282,-79.008559,8,0.21,152.7,7.73,1997403,7.73,7.72762,-4.14078,4.21675,0.624,-0.27611,0.37156,70.76878,47.39842,-37.85443
36.076282,-79.008559,8,0.21,153,7.9,1997603,7.9,7.8999,-4.05763,4.20539,0.63011,-0.26374,0.31108,73.34113,45.57147,-34.77053
36.076277,-79.008559,8,0.52,153,7.8,1998403,7.8,7.79701,-4.05464,4.2335,0.58964,-0.31948,0.22251,80.35662,35.44285,-29.12891
36.076277,-79.008559,8,0.52,155,7.82,1998603,7.82,7.81974,-4.18325,4.23111,0.58582,-0.2251,0.2865,81.58434,33.19205,-27.87197
36.076273,-79.008558,8,0.66,155,7.82,1999403,7.82,7.82094,-4.08993,4.22393,0.49098,-0.27794,0.29871,86.24671,21.19263,-30.22508
36.076273,-79.008558,8,0.66,155.3,7.86,1999603,7.86,7.85803,-4.09831,4.31067,0.52718,-0.24328,0.22617,86.97749,18.73721,-31.61356
36.076269,-79.008559,8,0.52,155.3,7.72,2000403,7.72,7.72343,-4.09173,4.25982,0.47968,-0.21044,0.23335,87.37212,11.18094,-39.24291
36.076269,-79.008559,8,0.52,156,7.89,2000603,7.89,7.88973,-4.13001,4.21316,0.48151,-0.18173,0.22999,86.91903,9.60246,-40.92371
36.076268,-79.008558,8,0.35,156,7.78,2001403,7.78,7.77548,-4.14257,4.1994,0.43463,-0.22068,0.2135,83.4259,8.18474,-49.78077
36.076268,-79.008558,8,0.35,156.2,7.83,2001603,7.83,7.82872,-4.12343,4.2682,0.42516,-0.21945,0.2109,82.37358,8.15551,-53.08389
36.076268,-79.008554,8,0.52,156.2,7.82,2002403,7.82,7.82094,-4.12582,4.27896,0.4328,-0.12355,0.18876,77.87196,10.88863,-59.44168
36.076268,-79.008554,8,0.52,155.7,7.83,2002603,7.83,7.82692,-4.28794,4.18804,0.38362,-0.21472,0.18463,76.86349,12.36481,-60.77171
36.076269,-79.008548,8,0.53,155.7,7.8,2003403,7.8,7.79582,-4.1007,4.22692,0.36453,-0.17914,0.18708,71.76264,18.38644,-66.67641
36.076269,-79.008548,8,0.53,155.1,7.82,2003603,7.82,7.81855,-4.11625,4.24367,0.37431,-0.15592,0.17226,70.52032,19.99415,-66.36948
36.076271,-79.00855,8,0.12,155.1,7.86,2004403,7.86,7.86042,-4.28794,4.21556,0.3485,-0.18127,0.16127,67.07103,27.95966,-66.67641
36.076271,-79.00855,8,0.12,154.8,7.76,2004603,7.76,7.76351,-4.11984,4.24487,0.34071,-0.19105,0.16692,66.06256,29.962,-67.12949
36.076272,-79.008555,8,0.28,154.8,7.86,2005403,7.86,7.86281,-4.10848,4.25205,0.3346,-0.11316,0.20235,63.78252,37.5475,-64.08945
36.076272,-79.008555,8,0.28,154.9,7.85,2005603,7.85,7.84666,-4.09232,4.23171,0.33094,-0.20388,0.10675,63.66559,38.87752,-63.72406
36.076269,-79.008563,8,0.9,154.9,7.81,2006403,7.81,7.81436,-4.12283,4.19761,0.30146,-0.16096,0.1773,63.30021,44.32914,-58.7986
36.076269,-79.008563,8,0.9,155.5,7.82,2006603,7.82,7.81556,-4.09412,4.2688,0.32361,-0.13912,0.13882,63.35867,45.39608,-57.84858
36.076268,-79.008571,8,0.48,155.5,7.78,2007403,7.78,7.77667,-4.04267,4.25803,0.31582,-0.11545,0.15256,65.0687,48.96229,-52.32388
36.076268,-79.008571,8,0.48,155.5,7.88,2007603,7.88,7.88016,-4.14676,4.25504,0.30436,-0.15241,0.12416,65.27332,48.99152,-50.59924
36.076265,-79.008577,8,0.51,155.5,7.82,2008403,7.82,7.82393,-4.13599,4.27597,0.30635,-0.1098,0.13744,67.65565,49.94154,-43.58375
36.076265,-79.008577,8,0.51,156.2,7.84,2008603,7.84,7.84068,-4.10788,4.22572,0.27535,-0.15974,0.15501,68.13797,49.57615,-42.19526
36.076266,-79.008582,8,0.21,156.2,7.87,2009403,7.87,7.867,-4.12104,4.22692,0.30879,-0.10934,0.09407,71.96726,48.02689,-37.43058
36.076266,-79.008582,8,0.21,155.8,7.76,2009603,7.76,7.75813,-4.13599,4.23589,0.25565,-0.15485,0.16478,72.74189,47.42765,-36.31979
36.076265,-79.008584,8,0.13,155.8,7.83,2010403,7.83,7.82573,-4.06301,4.22692,0.26237,-0.10415,0.17593,75.95732,42.50219,-31.61356
36.076265,-79.008584,8,0.13,156.2,7.85,2010603,7.85,7.85444,-4.09113,4.24547,0.26741,-0.17257,0.08338,76.74657,41.49371,-30.44431
36.076259,-79.008587,8,0.51,156.2,7.78,2011403,7.78,7.78206,-4.10608,4.34357,0.27855,-0.07957,0.09835,79.91815,36.56825,-28.66121
36.076259,-79.008587,8,0.51,157.8,7.82,2011603,7.82,7.82214,-4.12164,4.17906,0.24526,-0.10293,0.13118,81.14587,35.36977,-26.92195
36.076253,-79.008587,8,0.52,157.8,7.82,2012403,7.82,7.82333,-4.10429,4.22991,0.21808,-0.13149,0.13241,83.54282,30.03508,-27.6235
36.076253,-79.008587,8,0.52,157.7,7.82,2012603,7.82,7.82214,-4.07677,4.31426,0.2387,-0.10446,0.10446,84.20052,28.51505,-27.9012
36.076251,-79.008588,8,0.31,157.7,7.75,2013403,7.75,7.74856,-4.11745,4.28614,0.23579,-0.06781,0.12126,85.82285,23.57498,-28.52967
36.076251,-79.008588,9,0.31,157.1,7.87,2013603,7.87,7.87059,-4.13001,4.19342,0.24328,-0.07514,0.1098,85.88132,22.43496,-28.54429
36.076248,-79.008588,9,0.62,157.1,7.87,2014403,7.87,7.87239,-4.14437,4.20718,0.20418,-0.10339,0.10828,86.6121,17.6995,-30.92663
36.076248,-79.008588,9,0.62,157.6,7.77,2014603,7.77,7.77129,-4.07258,4.25803,0.19716,-0.14172,0.07605,86.72903,16.35487,-32.78281
36.076245,-79.008587,9,0.4,157.6,7.81,2015403,7.81,7.80539,-4.11745,4.22333,0.20097,-0.07422,0.10125,87.31365,13.88483,-35.34055
36.076245,-79.008587,9,0.4,157.7,7.79,2015603,7.79,7.78505,-4.0995,4.20897,0.19899,-0.10217,0.06261,87.44519,12.33558,-36.46595
36.076242,-79.008589,9,0.39,157.7,7.83,2016403,7.83,7.82752,-4.17368,4.2676,0.17471,-0.09255,0.10889,86.64133,10.52324,-40.10523
36.076242,-79.008589,9,0.39,157.9,7.81,2016603,7.81,7.80838,-4.06959,4.22632,0.18112,-0.08674,0.0898,86.75826,9.69015,-40.7337
36.07624,-79.008589,9,0.35,157.9,7.79,2017403,7.79,7.78983,-4.12702,4.22931,0.20159,-0.06338,0.03619,85.45747,8.3309,-44.41684
36.07624,-79.008589,9,0.35,158,7.82,2017603,7.82,7.81974,-4.18445,4.23051,0.14065,-0.09713,0.12782,84.79977,8.66706,-44.21222
36.076238,-79.008593,9,0.71,158,7.84,2018403,7.84,7.83769,-4.14377,4.21795,0.11576,-0.07636,0.16493,83.76205,7.17626,-49.00614
36.076238,-79.008593,8,0.71,157.3,7.81,2018603,7.81,7.81436,-3.99542,4.29332,0.16967,-0.0788,0.04414,83.63052,6.86934,-50.90617
36.076239,-79.008598,8,0.38,157.3,7.88,2019403,7.88,7.88076,-4.14796,4.25922,0.1857,-0.04016,0.02673,81.75972,8.11166,-52.73312
36.076239,-79.008598,8,0.38,157.1,7.75,2019603,7.75,7.75334,-4.15873,4.2353,0.12645,-0.09285,0.09835,81.42356,8.30167,-54.63315
36.076243,-79.008599,8,0.32,157.1,7.88,2020403,7.88,7.88136,-4.10907,4.26939,0.16875,-0.00443,0.09194,79.69892,9.31014,-56.97165
36.076243,-79.008599,8,0.32,156.1,7.83,2020603,7.83,7.82752,-4.09113,4.21675,0.11545,-0.14447,0.05864,79.18737,8.97398,-58.03859
36.076243,-79.008602,8,0.31,156.1,7.75,2021403,7.75,7.75394,-4.08694,4.24786,0.16814,-0.0649,0.00321,77.63812,11.45864,-60.80093
36.076243,-79.008602,8,0.31,156.4,7.83,2021603,7.83,7.83111,-4.19462,4.20419,0.13302,-0.04505,0.10461,77.19965,11.26863,-60.78632
36.076245,-79.008602,8,0.44,156.4,7.79,2022403,7.79,7.78505,-4.09532,4.19342,0.1237,-0.05941,0.10507,75.48962,13.3002,-62.59866
36.076245,-79.008602,8,0.44,155.7,7.87,2022603,7.87,7.8664,-4.08216,4.2347,0.14355,-0.06643,0.04658,75.38731,13.87021,-62.86174
36.076244,-79.008604,8,1.14,155.7,7.78,2023403,7.78,7.77727,-4.11745,4.2664,0.13088,-0.07651,0.05574,73.18035,17.2318,-65.01023
36.076244,-79.008604,8,1.14,154.7,7.81,2023603,7.81,7.81197,-4.13121,4.22214,0.15485,-0.00275,0.08354,72.77112,17.55335,-65.08331
36.076247,-79.008609,8,0.33,154.7,7.83,2024403,7.83,7.8341,-4.12283,4.17069,0.13011,-0.0927,0.03299,71.73341,20.49109,-65.9164
36.076247,-79.008609,8,0.33,153.9,7.79,2024603,7.79,7.78924,-4.12762,4.2993,0.10889,-0.0817,0.08231,70.25723,21.67495,-66.95411
36.076247,-79.008609,8,0.1,153.9,7.78,2025403,7.78,7.77667,-4.09113,4.40399,0.1405,-0.04123,0.05528,69.02953,24.27653,-66.79333
36.076247,-79.008609,8,0.1,153.5,7.83,2025603,7.83,7.82692,-4.11745,4.17906,0.14859,-0.01054,0.05956,68.92722,24.83192,-67.43642
36.076249,-79.008611,8,0.07,153.5,7.83,2026403,7.83,7.82932,-4.10249,4.20359,0.10889,-0.08659,0.04826,67.21719,28.10582,-66.42795
36.076249,-79.008611,7,0.07,152.8,7.76,2026603,7.76,7.76411,-4.08515,4.25324,0.11423,-0.04429,0.07407,66.98334,29.31891,-66.5741
36.07625,-79.008613,7,0.54,152.8,7.77,2027403,7.77,7.76591,-4.06421,4.18923,0.10095,-0.13714,-0.00351,65.4487,31.8328,-66.41333
36.07625,-79.008613,8,0.54,152.5,7.77,2027603,7.77,7.7689,-4.16949,4.26222,0.13439,0.03543,0.10614,65.41946,32.37357,-65.77025
36.076249,-79.008619,8,0.63,152.5,7.89,2028403,7.89,7.88734,-4.07737,4.18983,0.1263,-0.05467,0.03711,64.73254,34.96054,-64.7033
36.076249,-79.008619,8,0.63,152.6,7.76,2028603,7.76,7.75992,-4.11984,4.2353,0.11713,-0.0701,0.031,64.25022,35.4867,-64.61561
36.07625,-79.008621,8,0.39,152.6,7.85,2029403,7.85,7.85025,-4.15095,4.22393,0.13195,-0.02505,0.04795,63.87022,38.46828,-63.44636
36.07625,-79.008621,8,0.39,152.2,7.82,2029603,7.82,7.81615,-4.11087,4.21735,0.07697,-0.10476,0.07147,63.75329,38.93598,-63.54867
36.076252,-79.008625,8,0.13,152.2,7.74,2030403,7.74,7.74198,-4.11924,4.30588,0.09789,-0.05895,0.07605,62.86174,41.65449,-61.92633
36.076252,-79.008625,8,0.13,152.1,7.85,2030603,7.85,7.84846,-4.07019,4.2341,0.13943,0.01222,0.04475,63.73867,41.62526,-61.25402
36.076256,-79.008629,8,0.4,152.1,7.78,2031403,7.78,7.77667,-4.11685,4.23649,0.11255,-0.06353,0.04322,62.86174,44.03683,-60.07016
36.076256,-79.008629,8,0.4,151.5,7.85,2031603,7.85,7.85205,-4.12164,4.23709,0.1069,-0.03894,0.06231,63.63636,44.15376,-59.12014
36.076256,-79.008633,8,0.2,151.5,7.78,2032403,7.78,7.77966,-4.11745,4.27837,0.09865,-0.05177,0.06506,63.87022,45.57147,-57.2055
36.076256,-79.008633,8,0.2,151.1,7.86,2032603,7.86,7.86341,-4.09053,4.27119,0.10965,-0.04536,0.04078,63.43175,46.47764,-57.03011
36.076256,-79.008639,8,0.38,151.1,7.79,2033403,7.79,7.79103,-4.10249,4.25683,0.10614,-0.01145,0.07682,64.22099,47.48611,-54.3116
36.076256,-79.008639,8,0.38,151.2,7.84,2033603,7.84,7.8359,-4.0995,4.22872,0.11362,-0.04261,0.02856,64.76176,47.90997,-53.55159
36.076253,-79.008641,8,0.26,151.2,7.8,2034403,7.8,7.803,-4.11266,4.25623,0.10751,-0.05376,0.01008,65.14177,48.46536,-51.47617
36.076253,-79.008641,8,0.26,151.7,7.82,2034603,7.82,7.82393,-4.13659,4.23829,0.08781,-0.04917,0.06445,65.09792,49.04998,-50.42385
36.076251,-79.008641,8,0.26,151.7,7.84,2035403,7.84,7.84128,-4.14317,4.267,0.09346,-0.04093,0.05284,65.87255,48.81614,-49.0646
36.076251,-79.008641,8,0.26,151.8,7.79,2035603,7.79,7.78924,-4.07079,4.22632,0.10354,-0.03176,0.02886,65.94563,48.99152,-49.60538
36.07625,-79.008643,8,0.39,151.8,7.8,2036403,7.8,7.80479,-4.10907,4.2335,0.08796,-0.04643,0.03803,66.99795,49.04998,-45.79071
36.07625,-79.008643,8,0.39,152.1,7.82,2036603,7.82,7.82393,-4.10309,4.25564,0.08552,-0.04933,0.04673,67.30488,49.28384,-45.26454
36.076245,-79.008642,8,1.12,152.1,7.94,2037403,7.94,7.94417,-4.10489,4.19641,0.09529,-0.01695,0.04001,68.73721,49.2546,-43.7299
36.076245,-79.008642,9,1.12,153.5,7.88,2037603,7.88,7.88375,-4.12762,4.24666,0.0927,-0.03283,0.02566,68.29874,48.8746,-43.52528
36.076241,-79.00864,9,0.32,153.5,7.73,2038403,7.73,7.73061,-4.07558,4.24726,0.09041,-0.04093,0.02642,69.65799,48.96229,-41.43525
36.076241,-79.00864,9,0.32,153.8,7.9,2038603,7.9,7.90289,-4.15633,4.23769,0.08964,-0.00886,0.05986,70.24262,48.90383,-40.19292
36.076236,-79.008641,9,0.59,153.8,7.73,2039403,7.73,7.73001,-4.04746,4.21855,0.08659,-0.01268,0.04811,70.63724,48.30459,-38.27828
36.076236,-79.008641,9,0.59,154.8,7.91,2039603,7.91,7.90947,-4.1677,4.26102,0.09407,-0.01359,0.02627,67.55334,47.96843,-37.43058
36.076234,-79.008646,9,0.36,154.8,7.76,2040403,7.76,7.75813,-4.06122,4.27418,0.09178,-0.03009,-0.0058,72.30342,46.68225,-37.03595
36.076234,-79.008646,9,0.36,154.4,7.83,2040603,7.83,7.82752,-4.17368,4.22333,0.07911,0.00076,0.05895,72.21572,47.50073,-35.25285
36.076231,-79.008653,9,0.37,154.4,7.88,2041403,7.88,7.88315,-4.11805,4.26042,0.09178,0.01206,0.03818,73.53114,46.18533,-34.96054
36.076231,-79.008653,9,0.37,153.9,7.77,2041603,7.77,7.77009,-4.08993,4.23231,0.05528,-0.07529,0.02016,74.17422,46.08302,-34.7413
36.076229,-79.008658,9,0.33,153.9,7.87,2042403,7.87,7.8694,-4.14497,4.29093,0.062,-0.04475,0.0423,74.77346,44.53376,-33.38205
36.076229,-79.008658,9,0.33,153.3,7.78,2042603,7.78,7.77966,-4.08515,4.27059,0.07376,-0.0226,0.03467,74.67115,44.09529,-33.01666
36.076225,-79.008658,9,0.53,153.3,7.83,2043403,7.83,7.82991,-4.08874,4.23111,0.09377,0.00794,0.01802,75.85501,43.24759,-31.77434
36.076225,-79.008658,9,0.53,152.7,7.82,2043603,7.82,7.82274,-4.14317,4.19103,0.0504,-0.07055,0.03665,76.35194,42.76527,-31.81818
36.076223,-79.008654,9,0.61,152.7,7.89,2044403,7.89,7.88734,-4.14198,4.2658,0.0675,-0.03024,0.03299,77.24349,40.47062,-30.83894
36.076223,-79.008654,7,0.61,153,7.75,2044603,7.75,7.74916,-4.08156,4.16411,0.06811,-0.0507,0.01176,77.44811,40.85063,-30.53201
36.076218,-79.00866,7,1.01,153,7.82,2045403,7.82,7.81974,-4.13839,4.25504,0.07712,0.00764,0.05299,78.13505,38.73137,-29.46507
36.076218,-79.00866,7,1.01,153.5,7.86,2045603,7.86,7.85743,-4.0678,4.23111,0.07086,-0.03161,0.02947,79.12891,38.45367,-29.64046
36.076217,-79.008663,7,0.38,153.5,7.78,2046403,7.78,7.77608,-4.07558,4.42553,0.06567,-0.0394,0.02596,79.962,37.92751,-29.83046
36.076217,-79.008663,8,0.38,153.8,7.88,2046603,7.88,7.88136,-4.11625,4.22034,0.07239,-0.01649,0.03329,80.16662,36.83134,-29.3043
36.076214,-79.008663,8,0.54,153.8,7.87,2047403,7.87,7.87239,-4.08395,4.20419,0.07132,-0.01817,0.03085,81.58434,35.09208,-27.87197
36.076214,-79.008663,8,0.54,154.2,7.78,2047603,7.78,7.77667,-4.10429,4.21675,0.06826,-0.03772,0.01939,81.04356,34.62438,-28.76352
36.07621,-79.008665,8,0.54,154.2,7.79,2048403,7.79,7.79223,-4.11685,4.19282,0.04673,-0.03757,0.06338,82.13972,33.13359,-28.23736
36.07621,-79.008665,8,0.54,154.5,7.88,2048603,7.88,7.87598,-4.11266,4.28315,0.06765,-0.01634,0.02489,81.99357,32.6805,-28.6466
36.076205,-79.008667,8,0.84,154.5,7.79,2049403,7.79,7.78804,-4.12104,4.18086,0.0507,-0.05773,0.02459,83.16282,30.48816,-29.24584
36.076205,-79.008667,8,0.84,154.8,7.84,2049603,7.84,7.84427,-4.08275,4.29631,0.0901,0.00321,0.00641,82.92897,30.40047,-28.07659
36.076204,-79.008661,8,0.39,154.8,7.83,2050403,7.83,7.8341,-4.09232,4.18744,0.06017,-0.04062,0.0142,83.95206,28.42736,-27.63812
36.076204,-79.008661,8,0.39,155.1,7.82,2050603,7.82,7.81675,-4.13958,4.3346,0.0646,-0.03528,0.02321,84.14207,28.42736,-27.85735
36.076203,-79.008659,8,0.23,155.1,7.79,2051403,7.79,7.78505,-4.1013,4.29213,0.07911,0.03864,0.0562,84.91669,26.67349,-27.71119
36.076203,-79.008659,8,0.23,154.6,7.88,2051603,7.88,7.88435,-4.12044,4.1689,0.05391,-0.04734,0.02169,85.019,26.27887,-27.75504
36.076202,-79.008655,8,0.47,154.6,7.85,2052403,7.85,7.84786,-4.16411,4.19163,0.07391,-0.00137,0.0026,85.15054,24.42268,-28.42736
36.076202,-79.008655,8,0.47,155,7.78,2052603,7.78,7.78445,-4.08694,4.1994,0.05238,-0.0478,0.00718,85.42824,24.42268,-28.70506
36.0762,-79.00865,8,0.49,155,7.78,2053403,7.78,7.77847,-4.09292,4.20299,0.00825,-0.08628,0.04246,86.24671,23.25344,-28.7489
36.0762,-79.00865,8,0.49,155.7,7.86,2053603,7.86,7.85564,-4.15394,4.34118,0.07895,0.062,0.03192,86.30517,22.61035,-28.61736
36.076194,-79.008648,8,0.59,155.7,7.74,2054403,7.74,7.74078,-4.08096,4.25264,0.03986,0.00321,-0.04154,86.65595,21.80649,-30.75124
36.076194,-79.008648,8,0.59,156.4,7.85,2054603,7.85,7.85384,-4.19223,4.21855,-0.00046,-0.06506,0.03406,86.27594,22.05495,-29.94739
36.076191,-79.008644,8,0.48,156.4,7.8,2055403,7.8,7.79941,-4.09173,4.23171,0.02734,0.01741,0.01222,87.09441,19.64338,-30.4297
36.076191,-79.008644,8,0.48,156.2,7.77,2055603,7.77,7.77308,-4.11207,4.2676,0.01558,-0.01726,0.00733,86.78748,19.87723,-30.69278
36.076187,-79.00864,8,0.52,156.2,7.77,2056403,7.77,7.7671,-4.15932,4.25922,0.01909,0.05055,0.03329,86.80211,20.02338,-31.26279
36.076187,-79.00864,8,0.52,156.9,7.82,2056603,7.82,7.81615,-4.10728,4.15813,0.0087,-0.01573,0.00611,86.72903,19.39491,-30.69278
36.076184,-79.008638,8,0.49,156.9,7.75,2057403,7.75,7.75155,-4.08694,4.2018,-0.03558,-0.08063,-0.01191,87.25519,18.7226,-30.67817
36.076184,-79.008638,8,0.49,157.4,7.78,2057603,7.78,7.77608,-4.15753,4.31785,0.03451,0.09239,0.01573,87.28442,18.89798,-31.24817
36.076181,-79.008636,8,0.52,157.4,7.81,2058403,7.81,7.81077,-4.15813,4.2658,0.00565,0.07239,-0.00855,87.43058,18.73721,-30.94124
36.076181,-79.008636,8,0.52,157.9,7.79,2058603,7.79,7.78624,-4.14497,4.16291,-0.04139,-0.04643,-0.0255,87.12365,18.76644,-30.95586
36.076179,-79.008635,8,0.58,157.9,7.8,2059403,7.8,7.8024,-4.12044,4.2012,-0.06093,-0.02169,0.00794,87.38673,19.20491,-30.40047
36.076179,-79.008635,8,0.58,157.8,7.77,2059603,7.77,7.77488,-4.10369,4.25863,-0.02169,0.02077,-0.0394,87.09441,19.23414,-31.71587
36.076177,-79.008636,8,0.44,157.8,7.79,2060403,7.79,7.78924,-4.1019,4.21974,-0.03604,0.01268,-0.06185,86.65595,19.58492,-30.19585
36.076177,-79.008636,8,0.44,157.3,7.79,2060603,7.79,7.79402,-4.15035,4.18804,-0.04139,0.062,-0.00382,86.6998,19.87723,-31.17509
36.076172,-79.008633,8,0.94,157.3,7.79,2061403,7.79,7.78744,-4.14437,4.31905,-0.06216,0.02413,0,86.84595,19.80415,-30.35662
36.076172,-79.008633,8,0.94,158.6,7.79,2061603,7.79,7.79462,-4.07139,4.20419,-0.02398,0.04383,-0.03955,86.93364,20.09646,-30.21046
36.076168,-79.008632,8,0.64,158.6,7.77,2062403,7.77,7.77069,-4.17189,4.3023,-0.03604,0.03833,-0.0449,86.8898,21.01725,-29.74277
36.076168,-79.008632,8,0.64,159.1,7.81,2062603,7.81,7.81436,-4.08395,4.22752,-0.04536,0.07834,0.01695,86.1444,21.36802,-29.65507
36.076164,-79.008633,8,0.62,159.1,7.68,2063403,7.68,7.67677,-4.06541,4.32802,-0.06582,0.00687,-0.04429,86.59748,21.64572,-30.13739
36.076164,-79.008633,8,0.62,159.5,7.81,2063603,7.81,7.81017,-4.15573,4.27837,-0.05315,0.03558,-0.04108,86.24671,22.08418,-29.53815
36.076161,-79.008632,8,0.55,159.5,7.85,2064403,7.85,7.84607,-4.14736,4.1994,-0.06765,0.00901,-0.06704,86.71441,22.69804,-29.12891
36.076161,-79.008632,8,0.55,159.9,7.75,2064603,7.75,7.74975,-4.1342,4.27777,-0.07682,0.04276,-0.02291,85.99825,23.39959,-28.86583
36.076161,-79.008629,8,0.83,159.9,7.76,2065403,7.76,7.75992,-4.13001,4.2347,-0.07957,0.02321,-0.03451,85.89594,24.13037,-29.27507
36.076161,-79.008629,8,0.83,158.7,7.86,2065603,7.86,7.86401,-4.1324,4.30529,-0.0649,0.08644,-0.0055,85.57439,24.52499,-28.89506
36.076158,-79.008635,8,0.58,158.7,7.8,2066403,7.8,7.8012,-4.13121,4.25743,-0.07621,0.05085,-0.03619,85.35516,25.70886,-28.67583
36.076158,-79.008635,8,0.58,157.9,7.83,2066603,7.83,7.82932,-4.12283,4.27059,-0.0817,0.05696,-0.02596,84.98977,26.08886,-28.03274
36.076155,-79.008634,8,0.45,157.9,7.78,2067403,7.78,7.78206,-4.11865,4.29153,-0.09148,0.02413,-0.0307,85.13593,27.09734,-27.68196
36.076155,-79.008634,8,0.45,157.5,7.87,2067603,7.87,7.867,-4.08036,4.26341,-0.03848,0.08781,-0.06613,84.27361,27.52119,-28.35428
36.076156,-79.00863,8,1.07,157.5,7.76,2068403,7.76,7.76471,-4.12343,4.27717,-0.06979,0.07666,-0.00718,84.30283,28.3689,-27.97428
36.076156,-79.00863,8,1.07,156.7,7.89,2068603,7.89,7.89392,-4.11506,4.19342,-0.0785,0.01634,-0.04398,84.39053,28.60275,-27.85735
36.076155,-79.008627,8,0.7,156.7,7.81,2069403,7.81,7.81496,-4.0337,4.31007,-0.06002,0.08308,-0.05712,83.71821,30.25431,-28.80737
36.076155,-79.008627,9,0.7,156.3,7.81,2069603,7.81,7.81316,-4.18624,4.22094,-0.0898,0.031,-0.02871,83.38205,30.88278,-27.74043
36.076154,-79.008627,9,0.77,156.3,7.76,2070403,7.76,7.75873,-4.133,4.18445,-0.05483,0.05818,-0.04047,82.88512,31.99357,-27.6235
36.076154,-79.008627,9,0.77,155.3,7.91,2070603,7.91,7.91007,-4.12882,4.19282,-0.08186,0.01359,-0.02596,82.66589,32.66589,-27.65273
36.076152,-79.008622,9,0.35,155.3,7.79,2071403,7.79,7.78983,-4.09651,4.24188,-0.07789,0.00962,-0.00565,81.77434,33.01666,-28.61736
36.076152,-79.008622,8,0.35,155,7.83,2071603,7.83,7.82991,-4.07797,4.27418,-0.04215,0.05788,-0.02902,81.43818,33.48436,-28.57352
36.076151,-79.008624,8,0.41,155,7.77,2072403,7.77,7.7683,-4.12224,4.19701,-0.03772,0.06093,-0.01894,81.77434,34.1713,-28.7489
36.076151,-79.008624,8,0.41,154.7,7.92,2072603,7.92,7.91665,-4.10848,4.25444,-0.06063,-0.00244,-0.02413,82.06665,33.6159,-28.41274
36.076149,-79.008621,8,0.41,154.7,7.83,2073403,7.83,7.82752,-4.09292,4.2347,-0.01863,0.05788,-0.03253,81.40895,35.00438,-28.96814
36.076149,-79.008621,8,0.41,155.1,7.81,2073603,7.81,7.80599,-4.16172,4.21077,-0.0591,-0.01191,-0.0168,81.21894,35.22362,-28.71967
36.076149,-79.008619,8,0.39,155.1,7.7,2074403,7.7,7.7001,-4.12822,4.24427,-0.05544,0.00137,0.00137,80.86816,35.7644,-29.01199
36.076149,-79.008619,8,0.39,155,7.85,2074603,7.85,7.84607,-4.08156,4.25863,-0.01817,0.08155,-0.00626,80.75124,35.82286,-28.47121
36.076149,-79.00861,8,0.54,155,7.79,2075403,7.79,7.79402,-4.09771,4.25623,-0.03192,0.03482,-0.02062,80.48817,35.55978,-28.41274
36.076149,-79.00861,8,0.54,155,7.85,2075603,7.85,7.85384,-4.1324,4.20539,-0.03619,0.01222,-0.03146,80.66355,35.12131,-27.72581
36.076147,-79.008609,8,0.24,155,7.87,2076403,7.87,7.87179,-4.08933,4.24666,-0.03039,0.03497,-0.02642,80.32739,35.61824,-27.9012
36.076147,-79.008609,8,0.24,155.2,7.76,2076603,7.76,7.76471,-4.10429,4.26999,-0.03711,0.03314,-0.01283,80.22508,35.83747,-28.33967
36.076145,-79.008611,8,0.45,155.2,7.83,2077403,7.83,7.82872,-4.11565,4.41655,-0.02535,0.04307,-0.00977,79.88892,36.53902,-28.95352
36.076145,-79.008611,8,0.45,155.4,7.81,2077603,7.81,7.81077,-4.09831,4.20239,-0.03772,0.00443,-0.01191,80.25431,36.90441,-28.51505
36.076145,-79.008612,8,0.32,155.4,7.86,2078403,7.86,7.86401,-4.08455,4.24606,-0.01894,0.02245,-0.02459,80.31277,36.2321,-28.29582
36.076145,-79.008612,8,0.32,154.7,7.77,2078603,7.77,7.7683,-4.1001,4.22812,-0.02688,0.02275,-0.0084,80.07893,36.83134,-29.34814
36.076147,-79.008611,8,0.06,154.7,7.96,2079403,7.96,7.95554,-4.03011,4.32562,-0.0026,0.03528,-0.02642,80.26893,37.09442,-28.92429
36.076147,-79.008611,8,0.06,153.7,7.83,2079603,7.83,7.82812,-4.12283,4.23709,-0.02673,0.00641,-0.01161,79.34814,37.2698,-29.34814
36.076144,-79.008614,8,0.33,153.7,7.8,2080403,7.8,7.79641,-4.09352,4.23171,0.0142,0.06765,-0.01604,79.55276,37.56212,-28.80737
36.076144,-79.008614,8,0.33,153.7,7.88,2080603,7.88,7.88016,-4.13839,4.17787,-0.02917,-0.02016,-0.0026,79.87431,37.00673,-28.77814
36.076141,-79.008613,8,0.3,153.7,7.75,2081403,7.75,7.74856,-4.13181,4.21615,-0.00535,0.00886,0.00535,79.84508,36.40748,-28.47121
36.076141,-79.008613,9,0.3,154.1,7.93,2081603,7.93,7.92623,-4.1013,4.20479,0.00046,0.02092,-0.0026,79.6843,36.24671,-28.57352
36.076137,-79.008612,9,0.56,154.1,7.8,2082403,7.8,7.80479,-4.10907,4.23231,0.04246,0.0817,-0.01329,80.07893,36.53902,-28.52967
36.076137,-79.008612,9,0.56,155,7.87,2082603,7.87,7.8664,-4.13958,4.22393,-0.02718,-0.04307,0.01985,79.772,36.11517,-27.53581
36.076133,-79.008612,9,0.45,155,7.85,2083403,7.85,7.84846,-4.10429,4.20598,0.00168,0.00916,0.01374,80.35662,36.10056,-27.50658
36.076133,-79.008612,9,0.45,155.8,7.82,2083603,7.82,7.82453,-4.08515,4.25025,-0.03192,-0.07498,0.01313,80.67816,35.80824,-29.3043
36.07613,-79.008612,9,0.29,155.8,7.85,2084403,7.85,7.84846,-4.05823,4.3346,0.00626,-0.00321,-0.03054,80.82432,35.12131,-28.47121
36.07613,-79.008612,9,0.29,156.1,7.79,2084603,7.79,7.79283,-4.13958,4.23709,0.0423,0.08002,-0.01451,81.16048,35.80824,-28.52967
36.076128,-79.008612,9,0.37,156.1,7.86,2085403,7.86,7.86461,-4.10668,4.18325,0.02734,0.04337,-0.01191,81.02894,35.00438,-27.97428
36.076128,-79.008612,9,0.37,156.6,7.77,2085603,7.77,7.7677,-4.1019,4.19163,-0.05024,-0.06918,0.03406,81.52587,34.85823,-28.3689
36.076127,-79.008614,9,0.26,156.6,7.88,2086403,7.88,7.88256,-4.09053,4.26461,-0.01573,-0.07483,-0.03115,82.0228,34.59515,-28.07659
36.076127,-79.008614,9,0.26,156.5,7.71,2086603,7.71,7.70668,-4.08275,4.22752,0.03558,0.05971,-0.00809,81.74511,34.66822,-27.91582
36.076123,-79.008613,9,0.4,156.5,7.82,2087403,7.82,7.81556,-4.12403,4.21017,-0.02963,-0.05101,0.01023,81.59895,34.22976,-28.03274
36.076123,-79.008613,9,0.4,157.3,7.82,2087603,7.82,7.81735,-4.11984,4.27777,0.00611,0.03329,0.01619,82.06665,33.8059,-27.38965
36.076122,-79.008612,9,0.2,157.3,7.72,2088403,7.72,7.71805,-4.03729,4.22453,0.01894,0.03589,-0.01206,82.6805,33.93745,-27.72581
36.076122,-79.008612,9,0.2,157,7.91,2088603,7.91,7.90947,-4.133,4.20419,0.00626,0.00641,-0.01588,82.22742,33.39667,-27.95966
36.076121,-79.00861,9,0.46,157,7.75,2089403,7.75,7.75035,-4.0672,4.32024,-0.00596,0.02398,0.02107,82.43204,32.98743,-28.89506
36.076121,-79.00861,9,0.46,157.4,7.86,2089603,7.86,7.85803,-4.07916,4.14138,-0.00687,-0.00443,-0.00764,81.96434,33.27974,-27.56504
36.076121,-79.008605,9,0.41,157.4,7.84,2090403,7.84,7.83829,-4.10549,4.33579,-0.0087,0.00015,-0.0084,81.84741,32.9582,-28.12043
36.076121,-79.008605,9,0.41,157.5,7.74,2090603,7.74,7.73958,-4.066,4.10429,-0.01833,0.00397,0.00367,82.06665,32.73896,-28.66121
36.076123,-79.008598,9,0.32,157.5,7.88,2091403,7.88,7.88076,-4.15035,4.35673,-0.02718,0.0223,0.03421,82.37358,33.06051,-28.32505
36.076123,-79.008598,9,0.32,157.4,7.7,2091603,7.7,7.69831,-3.99003,4.1001,-0.01023,-0.00733,-0.02825,81.92049,32.35896,-28.33967
36.076124,-79.00859,9,0.38,157.4,7.84,2092403,7.84,7.8359,-4.14198,4.23231,-0.01466,0.00641,-0.01161,81.78895,32.97282,-27.97428
36.076124,-79.00859,9,0.38,157.2,7.73,2092603,7.73,7.7336,-4.12283,4.21316,-0.01283,0.02275,0.0026,81.68664,32.7682,-28.63198
36.076124,-79.008587,9,0.2,157.2,7.79,2093403,7.79,7.79283,-4.05883,4.24008,-0.05421,-0.04536,0.02184,82.24203,32.32973,-27.6235
36.076124,-79.008587,9,0.2,157.3,7.79,2093603,7.79,7.78983,-4.08993,4.23769,0.00092,0.03528,-0.0252,82.46127,32.72435,-28.77814
36.076124,-79.008584,9,0.45,157.3,7.87,2094403,7.87,7.8676,-4.13779,4.26222,-0.03131,-0.02581,-0.02657,82.03741,31.54049,-28.32505
36.076124,-79.008584,9,0.45,157,7.72,2094603,7.72,7.72224,-4.066,4.19402,-0.02031,0.02764,0.00565,82.59281,32.15434,-28.04736
36.076121,-79.008583,9,0.63,157,7.86,2095403,7.86,7.86401,-4.15753,4.19402,-0.05742,-0.0368,0.01451,82.59281,32.8705,-28.58813
36.076121,-79.008583,9,0.63,157.3,7.79,2095603,7.79,7.78924,-4.03908,4.28016,-0.01344,0.02779,-0.01497,82.40281,32.09588,-27.88658
36.076119,-79.008582,9,0.46,157.3,7.82,2096403,7.82,7.82094,-4.09532,4.24008,-0.00336,0.0452,-0.02413,82.46127,32.35896,-28.60275
36.076119,-79.008582,9,0.46,157,7.81,2096603,7.81,7.80599,-4.14198,4.15035,-0.03574,-0.00199,0.00901,82.72435,32.69512,-27.95966
36.076118,-79.008577,9,0.53,157,7.82,2097403,7.82,7.82034,-4.1013,4.25025,-0.05238,-0.05467,-0.01466,82.46127,32.81204,-28.29582
36.076118,-79.008577,9,0.53,156.9,7.8,2097603,7.8,7.79701,-4.07498,4.30828,-0.00137,0.06811,0.00046,82.7682,32.35896,-27.97428
36.076116,-79.008577,9,0.39,156.9,7.88,2098403,7.88,7.88136,-4.10788,4.18624,-0.0029,0.05925,-0.01695,81.74511,32.56358,-28.01812
36.076116,-79.008577,9,0.39,157.3,7.85,2098603,7.85,7.85025,-4.12762,4.26162,-0.02993,-0.02581,-0.03833,82.59281,32.62204,-27.84274
36.076113,-79.008573,9,0.55,157.3,7.89,2099403,7.89,7.89033,-4.12941,4.24786,-0.04398,0.00122,0.01374,82.16895,33.06051,-28.13505
36.076113,-79.008573,9,0.55,158.2,7.78,2099603,7.78,7.77727,-4.07617,4.25324,-0.01955,0.00657,-0.03222,81.87664,32.94358,-28.60275
36.076112,-79.00857,9,0.43,158.2,7.86,2100403,7.86,7.85863,-4.11087,4.19043,-0.04032,-0.02734,-0.02841,82.13972,32.65127,-27.71119
36.076112,-79.00857,9,0.43,158.2,7.77,2100603,7.77,7.77428,-4.07019,4.24547,-0.01298,0.04979,-0.01344,82.15434,33.30898,-28.95352
36.076111,-79.008567,9,0.31,158.2,7.81,2101403,7.81,7.81137,-4.08156,4.23111,-0.0336,0.01817,-0.01833,82.03741,33.32359,-27.76966
36.076111,-79.008567,9,0.31,158.4,7.82,2101603,7.82,7.81675,-4.09113,4.2676,-0.01084,0.06643,-0.00855,81.68664,33.08974,-28.39813
36.07611,-79.008563,9,0.35,158.4,7.84,2102403,7.84,7.84128,-4.10369,4.24547,-0.05864,-0.02214,-0.02214,81.5551,34.1713,-27.9012
36.07611,-79.008563,9,0.35,159.3,7.76,2102603,7.76,7.75633,-4.1007,4.23709,-0.02718,0.02611,-0.04093,81.70126,33.84975,-27.91582
36.076108,-79.008561,9,0.26,159.3,7.91,2103403,7.91,7.90888,-4.13061,4.2012,-0.03344,0.04856,-0.00611,81.37971,33.55744,-27.38965
36.076108,-79.008561,9,0.26,159.6,7.79,2103603,7.79,7.78924,-4.05045,4.2353,-0.04398,0.00657,-0.03039,81.30663,34.639,-28.58813
36.076108,-79.008559,9,0.33,159.6,7.96,2104403,7.96,7.95853,-4.07677,4.21675,-0.02046,0.04261,-0.04383,81.2774,34.53669,-28.14966
36.076108,-79.008559,8,0.33,160.1,7.79,2104603,7.79,7.79103,-4.12463,4.2341,-0.0281,-0.01863,-0.08583,80.92663,35.26747,-28.70506
36.076108,-79.008557,8,0.46,160.1,7.87,2105403,7.87,7.87418,-4.15514,4.21974,0.01665,0.06918,-0.11454,80.92663,36.07132,-27.87197
36.076108,-79.008557,8,0.46,159.4,7.59,2105603,7.59,7.59482,-4.14736,4.07019,-0.10904,0.02443,0.12813,80.86816,35.99825,-27.78427
36.076108,-79.008557,8,0.3,159.4,8.13,2106403,8.13,8.13201,-3.86202,4.34237,-0.28115,-0.10675,0.36514,81.77434,34.85823,-28.73429
36.076108,-79.008557,8,0.3,158.9,7.88,2106603,7.88,7.88375,-3.72144,4.53021,0.18998,0.05391,-0.48594,81.33587,35.28208,-28.33967
36.076107,-79.008555,8,0.9,158.9,8.06,2107403,8.06,8.06202,-4.20299,4.58764,0.04795,0.10705,-0.05437,79.80122,36.56825,-28.8366
36.076107,-79.008555,8,0.9,158.8,7.65,2107603,7.65,7.64686,-3.87338,4.18983,-0.10232,0.00519,0.11118,81.14587,36.05671,-28.80737
36.076106,-79.008557,8,0.71,158.8,8.07,2108403,8.07,8.07039,-3.69093,4.63609,0.14355,0.29352,-0.60567,80.44431,36.24671,-31.32125
36.076106,-79.008557,8,0.71,158.4,7.55,2108603,7.55,7.55235,-4.45603,3.9667,-0.0533,0.21166,-0.19517,78.07658,40.51447,-28.60275
36.07611,-79.008555,8,0.75,158.4,8.15,2109403,8.15,8.15414,-3.1669,4.62712,-0.09743,0.10782,-0.1379,80.72201,36.49517,-32.98743
36.07611,-79.008555,8,0.75,157.3,9.12,2109603,9.12,9.12084,-4.12104,5.21755,0.05834,-0.09102,-0.22969,79.24583,39.3306,-31.96434
36.076108,-79.008559,8,0.51,157.3,7.4,2110403,7.4,7.40459,-4.09831,3.63589,0.02092,-0.18097,0.48335,78.67583,39.16983,-27.49196
36.076108,-79.008559,8,0.51,155.9,7.61,2110603,7.61,7.61396,-2.91446,3.03171,0.12721,0.0536,0.0281,81.56972,35.35516,-29.07045
36.076104,-79.008569,8,0.22,155.9,8.1,2111403,8.1,8.1009,-3.32842,3.99781,0.02841,-0.08231,-0.03726,82.12511,34.15668,-27.81351
36.076104,-79.008569,8,0.22,156.1,8.67,2111603,8.67,8.67338,-3.34158,4.01934,-0.06185,0.08934,0.00168,81.77434,34.98977,-27.78427
36.076104,-79.008575,8,0.21,156.1,8.27,2112403,8.27,8.27139,-3.65563,3.801,-0.08476,-0.05818,0.0507,81.56972,35.89594,-29.33353
36.076104,-79.008575,8,0.21,156.6,7.99,2112603,7.99,7.98904,-3.42413,4.0666,0.00351,0.00901,0.03283,81.33587,35.66209,-29.62584
36.076099,-79.008585,8,0.05,156.6,8.26,2113403,8.26,8.26002,-3.2668,4.09651,0.01191,0.07086,0.0591,80.80971,36.02748,-28.82198
36.076099,-79.008585,8,0.05,157.6,7.87,2113603,7.87,7.8688,-3.45763,4.05942,-0.13088,0.28359,-0.05192,81.07278,34.93131,-28.71967
36.076099,-79.008591,8,0.05,157.6,8.16,2114403,8.16,8.15833,-3.30449,4.17308,0.07804,-0.0084,-0.12431,81.80357,33.71821,-29.24584
36.076099,-79.008591,8,0.05,156.4,8.14,2114603,8.14,8.13978,-3.17169,4.18385,-0.01084,0.03024,-0.06185,81.5551,33.84975,-29.64046
36.076095,-79.008598,8,0.03,156.4,8.12,2115403,8.12,8.11825,-3.27757,4.26401,-0.01848,-0.00825,-0.12202,82.18357,32.22742,-28.26659
36.076095,-79.008598,8,0.03,155.9,8.51,2115603,8.51,8.50888,-3.35713,4.41835,0.0252,0.15256,-0.01817,81.62818,33.25051,-28.57352
36.076093,-79.008604,8,0.08,155.9,7.71,2116403,7.71,7.71027,-3.90389,3.96969,0.13546,0.05498,-0.09255,80.40047,35.66209,-28.92429
36.076093,-79.008604,8,0.08,156,7.61,2116603,7.61,7.61217,-4.56491,4.07378,0.2558,-0.16585,-0.41768,79.21661,38.57059,-28.04736
36.076087,-79.008607,8,0.45,156,7.36,2117403,7.36,7.36451,-4.86939,4.25384,-0.00535,0.01588,-0.05818,78.3689,40.3537,-29.09968
36.076087,-79.008607,8,0.45,157,7.47,2117603,7.47,7.46979,-5.03869,4.25324,0.00977,0.0591,-0.01206,78.14967,40.55832,-28.7489
36.076083,-79.008609,8,0.4,157,7.41,2118403,7.41,7.40698,-4.93699,4.55713,-0.09774,-0.03467,-0.08842,78.0912,40.66063,-28.90967
36.076083,-79.008609,8,0.4,157.8,7.13,2118603,7.13,7.13001,-4.70489,4.31785,-0.06078,-0.02581,-0.01344,77.74043,40.32447,-28.47121
36.076078,-79.008611,8,0.1,157.8,7.46,2119403,7.46,7.45783,-4.70309,4.32024,0.01313,0.10431,-0.03131,77.22888,40.52908,-28.60275
36.076078,-79.008611,8,0.1,158.4,7.75,2119603,7.75,7.75275,-4.74377,3.93141,-0.03986,0.01344,-0.00733,77.65273,40.33908,-28.7489
36.076075,-79.008612,8,0.15,158.4,7.69,2120403,7.69,7.68515,-4.33639,3.88295,-0.07132,0.01726,0.04429,77.02426,44.2853,-28.03274
36.076075,-79.008612,8,0.15,158.6,7.5,2120603,7.5,7.49911,-4.29272,4.17129,-0.08125,0.1376,0.08201,77.11195,40.80678,-29.11429
36.076072,-79.008614,8,0.07,158.6,7.74,2121403,7.74,7.74018,-4.39382,4.07976,-0.02153,0.05818,0.06093,77.85735,40.41216,-29.3043
36.076072,-79.008614,8,0.07,158.4,7.86,2121603,7.86,7.85683,-4.3681,3.9356,0.01268,0.06567,0.08628,77.82812,40.1637,-28.39813
36.076068,-79.008616,8,0.22,158.4,7.89,2122403,7.89,7.88854,-4.25623,4.01037,0.01604,0.01863,-0.01084,78.29582,39.47676,-28.26659
36.076068,-79.008616,8,0.22,158.3,7.73,2122603,7.73,7.72882,-4.18146,4.0678,-0.02291,0.02886,0.00031,78.48582,39.46215,-28.6466
36.076066,-79.008617,8,0.02,158.3,7.84,2123403,7.84,7.84427,-4.20539,3.89671,-0.03436,-0.00626,-0.01833,78.45659,39.65215,-28.23736
36.076066,-79.008617,8,0.02,157.7,7.87,2123603,7.87,7.8682,-4.1324,3.97627,0.01436,0.01298,-0.01283,78.86583,39.00906,-28.33967
36.076063,-79.008618,8,0.09,157.7,7.87,2124403,7.87,7.8682,-4.09412,3.78724,0.05177,0.10171,0.07055,78.9389,38.42444,-27.12657
36.076063,-79.008618,8,0.09,157.7,8.05,2124603,8.05,8.04706,-4.09771,3.69631,0.02688,0.01252,-0.00076,78.69044,38.80444,-27.46273
36.076059,-79.008617,8,0.1,157.7,8.06,2125403,8.06,8.06441,-4.04686,3.81236,-0.00504,-0.01588,-0.01313,79.84508,36.8898,-26.67349
36.076059,-79.008617,8,0.1,157.6,8.05,2125603,8.05,8.05065,-3.91885,3.79023,-0.02199,0.00397,-0.0087,79.93277,36.58287,-27.25811
36.076055,-79.008617,8,0.15,157.6,8,2126403,8,7.99681,-4.06182,3.87039,0.01894,0.03329,-0.00397,79.91815,36.65595,-26.81964
36.076055,-79.008617,8,0.15,157.7,7.98,2126603,7.98,7.98365,-4.05464,3.7352,0.0055,0.04658,0.03833,79.61122,36.50979,-27.33119
36.076049,-79.008617,8,0.0,157.7,8.05,2127403,8.05,8.05484,-4.03669,3.60838,-0.06872,-0.02611,-0.0087,79.14352,36.65595,-25.34347
36.076049,-79.008617,8,0.0,158.5,8.16,2127603,8.16,8.16431,-4.09472,3.55932,0.00702,-0.00015,-0.02581,79.61122,36.4221,-25.89886
36.076047,-79.008619,8,0.17,158.5,8.19,2128403,8.19,8.18525,-4.11147,3.48933,-0.01512,-0.00779,-0.03833,79.52354,36.87518,-24.97808
36.076047,-79.008619,7,0.17,157.9,8.18,2128603,8.18,8.17986,-4.02951,3.47019,-0.03085,-0.01283,-0.00626,79.87431,36.34902,-24.87577
36.076044,-79.00862,7,0.02,157.9,8.09,2129403,8.09,8.08535,-3.97986,3.5994,-0.02581,0.02001,0.02169,80.41508,37.22596,-24.86115
36.076044,-79.00862,8,0.02,157.5,8.13,2129603,8.13,8.135,-3.97328,3.61256,-0.01069,0.02413,0.01695,79.81584,36.8898,-25.60655
36.076041,-79.008621,8,0.14,157.5,8,2130403,8,7.99681,-3.96431,3.79203,0.0223,0.0029,0.04032,79.84508,36.50979,-25.82578
36.076041,-79.008621,7,0.14,157.5,8.02,2130603,8.02,8.02433,-4.01456,3.48814,-0.03619,0.02947,-0.0087,79.62584,36.48056,-26.45425
36.076041,-79.008621,7,0.17,157.5,8.27,2131403,8.27,8.269,-3.89252,3.52164,-0.05925,0.00122,-0.01955,80.28354,36.53902,-25.59193
36.076041,-79.008621,7,0.17,156.1,8.09,2131603,8.09,8.08714,-3.93739,3.54796,-0.0391,0.0055,-0.00596,80.48817,36.10056,-25.92809
36.07604,-79.008621,7,0.14,156.1,8.21,2132403,8.21,8.20738,-3.97627,3.4331,0.03833,0.07162,0.00718,80.41508,35.2967,-25.82578
36.07604,-79.008621,7,0.14,155.6,8.14,2132603,8.14,8.13859,-3.92543,3.47797,-0.00489,0.02382,0.01115,80.19585,35.63285,-24.99269
36.076038,-79.008621,7,0.22,155.6,8.24,2133403,8.24,8.24088,-3.87159,3.53061,-0.01634,-0.00977,0.01909,80.40047,35.58901,-24.70038
36.076038,-79.008621,8,0.22,155.3,8.26,2133603,8.26,8.26182,-3.88415,3.41815,-0.00764,0.00825,-0.00733,80.09354,35.19439,-24.87577
36.076035,-79.008622,8,0.01,155.3,8.21,2134403,8.21,8.21157,-3.80578,3.75075,-0.05315,-0.02642,-0.07621,81.13125,34.62438,-25.28501
36.076035,-79.008622,7,0.01,155.9,8.93,2134603,8.93,8.92882,-3.76032,2.90788,-0.01145,0.08262,-0.03635,80.56124,35.09208,-24.26191
36.076033,-79.008622,7,0.14,155.9,8.32,2135403,8.32,8.31685,-3.7675,3.58265,0.0168,-0.02917,0.02031,80.7074,35.15054,-25.12423
36.076033,-79.008622,7,0.14,155.9,8.19,2135603,8.19,8.18884,-3.74178,3.48275,-0.04795,-0.02123,-0.08598,80.97047,35.17977,-24.8173
36.076032,-79.008622,7,0.17,155.9,9.04,2136403,9.04,9.03889,-4.5685,3.21236,0.17318,0.10003,-0.07025,80.86816,35.41362,-22.85881
36.076032,-79.008622,7,0.17,155.7,8.82,2136603,8.82,8.82234,-3.8686,2.45863,0.29444,0.09423,0.2668,81.02894,34.41976,-21.93803
36.076031,-79.00862,7,0.2,155.7,8.71,2137403,8.71,8.70629,-2.95215,2.26122,-0.28436,0.00733,-0.20296,81.83279,32.65127,-19.90646
36.076031,-79.00862,8,0.2,156.4,9.17,2137603,9.17,9.1699,-3.68555,3.067,0.25809,0.01268,-0.3905,81.14587,34.09822,-21.41187
36.076029,-79.008619,8,0.24,156.4,8.26,2138403,8.26,8.25823,-3.25962,3.57906,-0.01848,-0.01542,-0.13347,80.8974,35.41362,-25.67963
36.076029,-79.008619,8,0.24,157.2,8.5,2138603,8.5,8.5005,-3.58564,3.37926,-0.0197,-0.00825,-0.011,80.28354,35.83747,-25.63578
36.076031,-79.008619,8,0.36,157.2,8.26,2139403,8.26,8.25883,-3.79861,3.56471,-0.16402,0.12538,0.00412,79.07045,38.2929,-26.20579
36.076031,-79.008619,8,0.36,155.9,8.01,2139603,8.01,8.01297,-3.9003,3.69571,-0.16585,0.062,-0.03665,78.58813,39.02368,-26.55656
36.07603,-79.008621,8,0.15,155.9,8.28,2140403,8.28,8.28455,-3.8662,3.49711,0.02825,0.05941,-0.06124,78.12044,38.32213,-26.10348
36.07603,-79.008621,8,0.15,156.3,8.25,2140603,8.25,8.25464,-3.68973,3.37268,-0.07086,0.00886,-0.0504,78.38351,38.39521,-27.00965
36.076027,-79.008624,8,0.14,156.3,8.17,2141403,8.17,8.17149,-3.87637,3.84886,-0.02107,-0.01604,0.00076,79.1143,38.51213,-26.64426
36.076027,-79.008624,8,0.14,156.8,8.08,2141603,8.08,8.08295,-2.95514,4.468,-0.48228,0.30452,-0.10934,78.69044,39.11137,-27.14119
36.076033,-79.008621,8,1.69,156.8,7.41,2142403,7.41,7.41416,-4.2993,3.68315,-1.14812,0.1744,-0.76801,65.84332,47.39842,-50.49693
36.076033,-79.008621,8,1.69,156.1,7.98,2142603,7.98,7.97588,-4.90768,4.35015,-0.95005,0.85827,-0.57467,63.68021,46.98919,-55.5247
36.076043,-79.008615,8,2.07,156.1,8.36,2143403,8.36,8.35873,-4.68694,1.52423,-0.28924,0.21365,-0.14126,67.71412,36.11517,-62.77404
36.076043,-79.008615,8,2.07,154.4,8.15,2143603,8.15,8.15354,-4.35613,2.44487,0.0675,-0.15623,0.00886,67.29027,36.07132,-62.1748
36.076052,-79.008615,8,0.76,154.4,7.6,2144403,7.6,7.6002,-5.64168,3.79382,-0.08002,0.0339,-0.38973,66.23795,38.90675,-61.41479
36.076052,-79.008615,8,0.76,152.4,7.2,2144603,7.2,7.19641,-5.34018,3.38046,-0.27794,0.0982,-0.09621,66.17948,39.11137,-61.12248
36.076062,-79.008621,8,0.71,152.4,7.77,2145403,7.77,7.7671,-4.88734,3.95234,-0.49419,0.21243,0.06292,67.11488,36.53902,-62.21865
36.076062,-79.008621,8,0.71,149.8,7.81,2145603,7.81,7.80778,-5.32104,2.94257,-0.68814,-0.31322,0.04719,68.09412,32.72435,-64.87869
36.076067,-79.008622,8,0.31,149.8,8.27,2146403,8.27,8.27079,-4.36511,3.1675,0.1909,0.10232,-0.03451,69.13184,35.23823,-60.43555
36.076067,-79.008622,8,0.31,149,8.11,2146603,8.11,8.11287,-3.47318,3.51745,-0.15852,0.11805,-0.08445,69.30722,35.70593,-60.78632
