Lat,Lon,Sats,Speed,GPS_Alt,Dist,Time,Alt,AX,AY,AZ,GX,GY,GZ,MX,MY,MZ
36.076224,-79.0083,8,0.92,158.9,-7.3,5144929,-7.3,-7.30289,3.62273,-5.10509,0.68783,0.02947,0.53191,28.95352,0.99386,-5.43701
36.076224,-79.0083,8,0.92,157.7,-7.55,5145129,-7.55,-7.54876,3.29312,-4.49073,0.84574,-0.13775,0.20403,26.17656,-2.28004,-9.95323
36.076224,-79.008298,8,0.43,157.7,-8.69,5145929,-8.69,-8.69312,3.11306,2.09671,0.40729,-0.04215,-0.06063,16.13563,-2.85004,-30.28354
36.076224,-79.008298,8,0.43,157.8,-9.86,5146129,-9.86,-9.86022,3.22911,-2.30309,-0.04597,-0.25351,-0.18662,16.77872,-4.3116,-29.2166
36.076224,-79.00829,8,0.96,157.8,-8.13,5146929,-8.13,-8.13201,6.14716,-6.66042,-0.00657,-0.44899,0.49343,25.41654,-14.45484,-33.96667
36.076224,-79.00829,8,0.96,157.1,-5.94,5147129,-5.94,-5.94377,6.2686,-11.59622,-1.64094,-0.75091,0.84528,25.86963,-14.07483,-31.52587
36.076226,-79.008284,8,0.36,157.1,-8.96,5147929,-8.96,-8.96471,4.5344,-1.38006,-0.07086,-0.177,-0.92622,21.64572,-9.23707,-44.44607
36.076226,-79.008284,8,0.36,156.6,-8.5,5148129,-8.5,-8.49632,5.00399,1.12164,0.17211,0.21701,-0.05421,25.21193,-11.47325,-48.28997
36.076227,-79.008286,8,0.21,156.6,-8.76,5148929,-8.76,-8.75594,4.98066,0.19202,-0.00183,0.00886,-0.00351,24.37884,-10.53785,-47.36919
36.076227,-79.008286,8,0.21,155.5,-8.77,5149129,-8.77,-8.7667,4.95673,0.20518,-0.00489,0.0026,0.00504,24.67115,-10.59632,-47.73458
36.076228,-79.008288,8,0.25,155.5,-8.74,5149929,-8.74,-8.74158,4.97288,0.23689,-0.00626,0.00535,0.00947,24.36422,-10.97632,-47.31073
36.076228,-79.008288,8,0.25,154.9,-8.74,5150129,-8.74,-8.74278,4.97109,0.24945,-0.00748,0.00489,0.00397,24.64192,-10.72786,-46.91611
36.076229,-79.008291,8,0.23,154.9,-8.58,5150929,-8.58,-8.58066,4.9681,0.21416,-0.00672,0.00137,0.00535,24.07191,-10.59632,-47.52996
36.076229,-79.008291,8,0.23,154,-8.74,5151129,-8.74,-8.74397,4.98186,0.24526,-0.00367,0.00458,0.00733,24.51038,-11.25402,-47.16457
36.07623,-79.008291,8,0.14,154,-8.74,5151929,-8.74,-8.73979,4.99262,0.23031,-0.00382,0,0.00199,24.48115,-10.66939,-47.50073
36.07623,-79.008291,8,0.14,153.3,-8.75,5152129,-8.75,-8.75294,4.98664,0.24347,-0.0058,0.00137,0.00519,24.59807,-10.62555,-47.01841
36.07623,-79.008292,8,0.21,153.3,-8.73,5152929,-8.73,-8.73141,4.98066,0.28893,-0.00473,0.00412,0.00351,24.32037,-10.64016,-47.6615
36.07623,-79.008292,8,0.21,152.4,-8.74,5153129,-8.74,-8.74278,4.98784,0.28116,-0.00321,0.00336,0.00367,24.39345,-10.72786,-46.97457
36.07623,-79.008293,8,0.16,152.4,-8.74,5153929,-8.74,-8.73679,4.98784,0.23689,-0.00489,0.00443,0.00626,24.59807,-10.49401,-46.69687
36.07623,-79.008293,8,0.16,151.8,-8.74,5154129,-8.74,-8.74218,4.98365,0.23928,-0.0029,0.00061,0.00779,24.64192,-10.46478,-47.95382
36.076231,-79.008292,8,0.03,151.8,-8.75,5154929,-8.75,-8.74636,4.98006,0.24766,-0.00458,0.00229,0.00611,24.64192,-10.80094,-47.4715
36.076231,-79.008292,8,0.03,151.1,-8.74,5155129,-8.74,-8.7356,5.00698,0.28534,-0.00794,0.00107,0.00565,24.52499,-11.53172,-46.52148
36.076232,-79.008292,8,0.13,151.1,-8.75,5155929,-8.75,-8.74936,4.98305,0.26979,-0.00565,0.00351,0.00473,24.33499,-10.69863,-47.41304
36.076232,-79.008292,8,0.13,150.6,-8.74,5156129,-8.74,-8.74038,4.96451,0.27637,-0.00382,0.00153,0.00611,23.7796,-11.22479,-47.58842
36.076234,-79.008292,8,0.05,150.6,-8.73,5156929,-8.73,-8.73021,4.96989,0.21535,-0.01038,0.00092,0.00702,24.27653,-10.90324,-47.41304
36.076234,-79.008292,8,0.05,150.2,-8.73,5157129,-8.73,-8.73081,4.97587,0.2668,-0.0084,-0.00015,0.00687,24.91961,-10.64016,-47.20842
36.076235,-79.008291,8,0.03,150.2,-8.72,5157929,-8.72,-8.72483,4.98724,0.25783,-0.0055,0.00428,0.00565,24.29114,-11.09325,-48.36305
36.076235,-79.008291,8,0.03,149.8,-8.75,5158129,-8.75,-8.75235,4.99681,0.21296,-0.00779,-0.00046,0.0058,24.8173,-10.88863,-47.67612
36.076238,-79.00829,8,0.09,149.8,-8.75,5158929,-8.75,-8.74936,4.98604,0.23868,-0.00535,0.00443,0.0058,25.22654,-11.15171,-48.2169
36.076238,-79.00829,8,0.09,149.3,-8.73,5159129,-8.73,-8.73201,4.99083,0.21595,-0.00657,0.00214,0.00748,24.80269,-11.07863,-47.89535
36.07624,-79.008288,8,0.03,149.3,-8.75,5159929,-8.75,-8.74936,4.98066,0.26919,-0.0026,0.00428,0.00809,24.39345,-10.68401,-48.56767
36.07624,-79.008288,8,0.03,149.3,-8.75,5160129,-8.75,-8.74636,4.9992,0.25244,-0.00458,0.00229,0.00825,24.53961,-10.62555,-47.60304
36.076241,-79.008286,8,0.06,149.3,-8.74,5160929,-8.74,-8.74278,4.9992,0.28116,-0.00199,0.00321,0.00779,24.33499,-10.80094,-46.66764
36.076241,-79.008286,8,0.06,149.2,-8.75,5161129,-8.75,-8.74876,4.98126,0.28175,-0.00199,0.00092,0.00519,24.52499,-10.64016,-46.78456
36.076243,-79.008285,8,0.01,149.2,-8.75,5161929,-8.75,-8.74696,4.98545,0.25723,-0.00321,0,0.00535,24.70038,-10.61093,-47.22303
36.076243,-79.008285,7,0.01,149.1,-8.75,5162129,-8.75,-8.74995,4.98006,0.25723,-0.00504,0.00458,0.00519,24.91961,-10.72786,-48.04151
36.076244,-79.008284,7,0.05,149.1,-8.75,5162929,-8.75,-8.75294,4.96032,0.24586,-0.0026,0.00489,0.00932,24.80269,-11.35633,-47.22303
36.076244,-79.008284,7,0.05,148.7,-8.77,5163129,-8.77,-8.7673,4.96451,0.26441,-0.00504,0.00489,0.00596,24.48115,-10.81555,-47.70535
36.076248,-79.008281,7,0.12,148.7,-8.76,5163929,-8.76,-8.76132,4.98365,0.26381,-0.01008,0.0026,0.00458,24.74423,-11.42941,-47.25227
36.076248,-79.008281,7,0.12,147.7,-8.74,5164129,-8.74,-8.74158,4.97528,0.26261,-0.00397,0.00321,0.00229,24.39345,-11.89711,-47.88074
36.076251,-79.00828,7,0.15,147.7,-8.74,5164929,-8.74,-8.7356,4.97767,0.26201,-0.00611,0.00336,0.0058,24.23268,-11.63402,-47.36919
36.076251,-79.00828,8,0.15,146.8,-8.75,5165129,-8.75,-8.74995,5.00578,0.30927,-0.0058,0.00275,0.00519,24.29114,-10.91786,-46.87226
36.076253,-79.00828,8,0.16,146.8,-8.74,5165929,-8.74,-8.73679,4.97169,0.17707,-0.00489,-0.00107,0.00641,24.65653,-11.35633,-46.95995
36.076253,-79.00828,8,0.16,146,-8.74,5166129,-8.74,-8.7356,4.99262,0.23629,-0.0026,0.00076,0.0058,24.30576,-11.38556,-47.14996
36.076255,-79.00828,8,0.2,146,-8.75,5166929,-8.75,-8.75055,4.99621,0.26321,-0.00458,0.00519,0.0058,24.33499,-11.78018,-46.66764
36.076255,-79.00828,8,0.2,145.1,-8.72,5167129,-8.72,-8.72363,4.98545,0.21296,-0.00168,0.00397,0.00351,24.48115,-10.91786,-47.29611
36.076259,-79.008282,8,0.12,145.1,-8.76,5167929,-8.76,-8.76431,4.97049,0.24945,-0.00626,0.00473,0.00718,24.64192,-10.90324,-46.76995
36.076259,-79.008282,8,0.12,144.4,-8.75,5168129,-8.75,-8.74577,4.97587,0.23749,-0.00947,0.00641,0.00611,24.2473,-11.50249,-47.70535
36.076263,-79.008282,8,0.22,144.4,-8.75,5168929,-8.75,-8.75175,4.97587,0.26321,-0.00611,0.00321,0.0055,23.95498,-10.46478,-47.07688
36.076263,-79.008282,8,0.22,143.4,-8.75,5169129,-8.75,-8.75055,4.95554,0.21296,-0.00611,0.03879,0.00733,24.13037,-11.00555,-46.82841
36.076268,-79.008284,8,0.12,143.4,-8.74,5169929,-8.74,-8.7362,4.98485,0.29073,-0.00748,0.00305,0.00275,24.46653,-10.66939,-46.84303
36.076268,-79.008284,8,0.12,142.7,-8.77,5170129,-8.77,-8.7691,4.95853,0.25663,-0.00229,0.00489,0.00397,24.68576,-11.28325,-46.74072
36.076272,-79.008283,8,0.17,142.7,-8.77,5170929,-8.77,-8.77209,4.98844,0.26201,-0.00321,0.0055,0.00657,24.65653,-10.66939,-47.55919
36.076272,-79.008283,8,0.17,141.6,-8.78,5171129,-8.78,-8.78226,4.97229,0.25244,-0.00458,0.00015,0.00458,24.64192,-11.35633,-46.79918
36.076277,-79.008284,8,0.09,141.6,-8.75,5171929,-8.75,-8.74696,4.97767,0.24586,-0.00794,0.00412,0.00046,25.05116,-10.97632,-47.0038
36.076277,-79.008284,8,0.09,141,-8.74,5172129,-8.74,-8.74218,4.97288,0.2668,-0.00702,-0.00031,0.00733,24.49576,-11.10786,-47.60304
36.076279,-79.008287,8,0.13,141,-8.75,5172929,-8.75,-8.75474,4.98066,0.268,-0.00397,0.00397,0.00657,24.04268,-11.25402,-47.06226
36.076279,-79.008287,8,0.13,140.6,-8.73,5173129,-8.73,-8.7344,4.98904,0.25244,-0.00382,0.00382,0.0084,24.49576,-10.78632,-47.4715
36.076284,-79.008292,8,0.16,140.6,-8.76,5173929,-8.76,-8.76012,4.95195,0.20219,-0.00962,0.00137,0.00733,23.98421,-11.09325,-47.26688
36.076284,-79.008292,8,0.16,140.2,-8.77,5174129,-8.77,-8.77029,4.97887,0.24766,-0.00305,0.00596,0.00458,24.27653,-11.40018,-48.09997
36.076288,-79.008295,8,0.09,140.2,-8.74,5174929,-8.74,-8.74337,4.97587,0.24467,-0.00672,0.00382,0.00748,24.67115,-11.0494,-47.33996
36.076288,-79.008295,8,0.09,139.6,-8.73,5175129,-8.73,-8.72842,4.96331,0.27577,-0.00565,0.00183,0.00825,24.64192,-10.28939,-47.42765
36.076291,-79.008297,8,0.01,139.6,-8.76,5175929,-8.76,-8.75534,4.98784,0.19681,-0.00397,0.00229,0.00626,25.00731,-11.10786,-47.3838
36.076291,-79.008297,8,0.01,139.2,-8.75,5176129,-8.75,-8.74936,4.97408,0.23868,-0.00214,0.00596,0.00764,24.905,-11.21017,-47.64688
36.076292,-79.008297,8,0.13,139.2,-8.75,5176929,-8.75,-8.75115,4.98904,0.24048,-0.00764,0.00397,0.00794,24.37884,-10.75709,-48.14382
36.076292,-79.008297,8,0.13,139,-8.77,5177129,-8.77,-8.7685,4.9681,0.2321,-0.00809,0.00199,0.00641,24.39345,-10.5817,-47.67612
36.076293,-79.0083,8,0.02,139,-8.75,5177929,-8.75,-8.75474,4.97288,0.27757,-0.00886,0.00214,0.00702,24.10114,-10.40631,-46.38994
36.076293,-79.0083,8,0.02,139.2,-8.76,5178129,-8.76,-8.76371,4.99143,0.24826,-0.00489,0.00351,0.00596,24.55422,-10.61093,-46.5361
36.076293,-79.0083,8,0.07,139.2,-8.77,5178929,-8.77,-8.77209,4.98784,0.24706,-0.00229,0.00199,0.00687,24.56884,-10.97632,-46.59456
36.076293,-79.0083,8,0.07,139.1,-8.75,5179129,-8.75,-8.74577,4.99741,0.25543,-0.00626,0.00031,0.00626,24.96346,-10.96171,-47.2815
36.076293,-79.008301,8,0.05,139.1,-8.75,5179929,-8.75,-8.74636,4.97109,0.24945,-0.00214,0.00367,0.00428,23.85267,-10.75709,-47.03303
36.076293,-79.008301,8,0.05,139.3,-8.76,5180129,-8.76,-8.76371,4.96331,0.18245,-0.00199,0.00275,0.00702,24.30576,-10.87401,-46.87226
36.076294,-79.008301,8,0.09,139.3,-8.78,5180929,-8.78,-8.77508,4.96032,0.26919,-0.00764,0.00443,0.00748,24.34961,-10.8594,-47.14996
36.076294,-79.008301,8,0.09,139.4,-8.77,5181129,-8.77,-8.7685,4.94955,0.25304,-0.00443,0.00489,0.00809,24.87577,-11.02017,-47.54458
36.076293,-79.008302,8,0.08,139.4,-8.77,5181929,-8.77,-8.7697,4.95853,0.268,-0.00535,0.00015,0.00748,24.80269,-10.5817,-47.20842
36.076293,-79.008302,9,0.08,139.6,-8.77,5182129,-8.77,-8.77029,4.96092,0.24287,-0.00672,0.0029,0.00764,24.53961,-10.90324,-47.73458
36.076293,-79.008305,9,0.08,139.6,-8.74,5182929,-8.74,-8.74337,4.95434,0.25005,-0.00535,0.00199,0.00489,24.67115,-10.47939,-46.47764
36.076293,-79.008305,9,0.08,139.7,-8.74,5183129,-8.74,-8.74038,4.96092,0.25424,-0.00458,0.00092,0.00367,25.13885,-10.99094,-46.65303
36.076292,-79.008307,9,0.03,139.7,-8.76,5183929,-8.76,-8.75594,4.96989,0.22732,-0.00336,0.00473,0.00657,24.17422,-11.22479,-47.09149
36.076292,-79.008307,9,0.03,140.1,-8.77,5184129,-8.77,-8.7691,4.97946,0.24586,-0.00336,0.00305,0.00916,24.33499,-10.24554,-47.22303
36.076292,-79.008309,9,0.03,140.1,-8.74,5184929,-8.74,-8.73859,4.95195,0.2327,-0.00367,0.00046,0.00489,24.83192,-10.49401,-46.59456
36.076292,-79.008309,9,0.03,139.8,-8.75,5185129,-8.75,-8.75055,4.95314,0.26022,-0.00779,0.00443,0.0055,24.4373,-10.09939,-46.52148
36.076293,-79.008312,9,0.12,139.8,-8.76,5185929,-8.76,-8.76311,4.96212,0.22612,-0.00672,0.00443,0.00107,24.65653,-10.83017,-46.63841
36.076293,-79.008312,9,0.12,139.5,-8.73,5186129,-8.73,-8.735,4.9663,0.29671,-0.00382,0.00031,0.00702,24.8173,-10.28939,-47.17919
36.076294,-79.008312,9,0.26,139.5,-8.78,5186929,-8.78,-8.78226,4.97348,0.23928,-0.00397,0.00519,0.00596,24.30576,-10.36247,-47.07688
36.076294,-79.008312,9,0.26,138.8,-8.76,5187129,-8.76,-8.75833,4.95733,0.26022,-0.00397,0.00061,0.00504,24.83192,-10.71324,-46.95995
36.076298,-79.008314,9,0.07,138.8,-8.77,5187929,-8.77,-8.7691,4.9675,0.24407,-0.00428,0.00489,0.0058,24.26191,-11.09325,-46.63841
36.076298,-79.008314,9,0.07,137.8,-8.76,5188129,-8.76,-8.75653,4.92862,0.19382,-0.00565,0.00214,0.00183,24.37884,-10.3917,-47.69073
36.0763,-79.008315,9,0.09,137.8,-8.78,5188929,-8.78,-8.77807,4.96451,0.22552,-0.00428,0.00183,0.00596,24.70038,-10.94709,-47.16457
36.0763,-79.008315,9,0.09,137.2,-8.77,5189129,-8.77,-8.7679,4.97109,0.23689,-0.00305,0.00168,0.00702,24.45191,-11.12248,-46.74072
36.076303,-79.008318,9,0.16,137.2,-8.76,5189929,-8.76,-8.75653,4.9693,0.23689,-0.00367,0.00168,0.00504,24.33499,-10.55247,-47.31073
36.076303,-79.008318,9,0.16,136.4,-8.75,5190129,-8.75,-8.75474,4.95912,0.24168,-0.00687,0.00137,0.00672,24.37884,-10.71324,-46.71149
36.076302,-79.008321,9,0.28,136.4,-8.78,5190929,-8.78,-8.77867,4.96092,0.20997,-0.00519,-0.00061,0.00672,23.79421,-10.36247,-46.12686
36.076302,-79.008321,9,0.28,135.8,-8.77,5191129,-8.77,-8.7697,4.94656,0.24227,-0.00641,0.00061,0.00336,24.27653,-11.12248,-46.95995
36.076305,-79.008323,9,0.07,135.8,-8.77,5191929,-8.77,-8.77328,4.9675,0.26022,-0.00611,0.00153,0.00626,24.2473,-10.45016,-46.5361
36.076305,-79.008323,9,0.07,135.5,-8.78,5192129,-8.78,-8.77508,4.95673,0.24826,-0.00657,0.00214,0.00932,24.4373,-10.65478,-46.15609
36.076308,-79.008326,9,0.09,135.5,-8.77,5192929,-8.77,-8.7673,4.93879,0.2674,-0.00947,0.00031,0.00977,24.13037,-11.40018,-47.20842
36.076308,-79.008326,9,0.09,135,-8.77,5193129,-8.77,-8.77029,4.94656,0.24885,-0.00962,0.00641,0.0055,24.58345,-10.93248,-46.95995
36.076309,-79.008326,9,0.32,135,-8.76,5193929,-8.76,-8.76252,4.96451,0.23749,-0.00443,0.00244,0.00779,24.29114,-10.91786,-45.77609
36.076309,-79.008326,9,0.32,134.4,-8.78,5194129,-8.78,-8.77687,4.94238,0.21236,-0.00779,0,0.00641,24.70038,-10.93248,-47.12073
36.07631,-79.008329,9,0.31,134.4,-8.75,5194929,-8.75,-8.75354,4.97288,0.26082,-0.00535,0.00458,0.00382,23.99883,-10.88863,-46.78456
36.07631,-79.008329,9,0.31,133.9,-8.77,5195129,-8.77,-8.7691,4.96032,0.25184,-0.00321,0.00168,0.00535,23.7796,-10.53785,-46.82841
36.076313,-79.00833,9,0.47,133.9,-8.78,5195929,-8.78,-8.77508,4.95195,0.25902,-0.00397,0.00122,0.00809,23.64806,-10.52324,-46.75533
36.076313,-79.00833,9,0.47,133.1,-8.75,5196129,-8.75,-8.75175,4.95135,0.21236,-0.00702,0.00199,0.0058,23.5019,-10.99094,-46.82841
36.076316,-79.00833,9,0.18,133.1,-8.76,5196929,-8.76,-8.75534,4.94238,0.22134,-0.00336,0.00092,0.0058,23.45805,-10.114,-46.17071
36.076316,-79.00833,9,0.18,132.8,-8.78,5197129,-8.78,-8.78046,4.95494,0.23749,-0.00305,0.0026,0.00535,23.75036,-10.31862,-45.79071
36.07632,-79.00833,9,0.15,132.8,-8.77,5197929,-8.77,-8.77448,4.94716,0.26321,-0.00168,0.00428,0.00351,24.08652,-10.23093,-46.69687
36.07632,-79.00833,9,0.15,132,-8.79,5198129,-8.79,-8.79422,4.95733,0.24646,-0.00229,0.00107,0.00535,24.02806,-10.64016,-46.56533
36.076321,-79.008332,9,0.28,132,-8.76,5198929,-8.76,-8.75713,4.94776,0.31047,-0.00596,0.00046,0.00489,23.64806,-10.66939,-46.24379
36.076321,-79.008332,9,0.28,131.1,-8.76,5199129,-8.76,-8.75833,4.96032,0.22851,-0.00672,0.00275,0.00397,23.6919,-11.07863,-46.41918
36.076323,-79.008334,9,0.15,131.1,-8.77,5199929,-8.77,-8.77149,4.95374,0.25005,-0.00748,0.00137,0.00565,24.07191,-11.06402,-46.68225
36.076323,-79.008334,8,0.15,130.3,-8.77,5200129,-8.77,-8.77328,4.93161,0.24646,-0.00733,0.00443,0.00382,23.99883,-10.88863,-47.17919
36.076324,-79.008335,8,0.03,130.3,-8.78,5200929,-8.78,-8.77568,4.96271,0.2333,-0.00702,0.00351,0.00519,23.85267,-10.7717,-47.52996
36.076324,-79.008335,9,0.03,130.2,-8.76,5201129,-8.76,-8.76072,4.934,0.24347,-0.00519,0.00214,0.00473,24.51038,-10.45016,-47.01841
36.076325,-79.008337,9,0.17,130.2,-8.78,5201929,-8.78,-8.78226,4.9352,0.24168,-0.00305,0.00183,0.00702,24.32037,-10.75709,-46.95995
36.076325,-79.008337,9,0.17,129.7,-8.76,5202129,-8.76,-8.75534,4.94836,0.24467,-0.00825,0.00428,0.00748,24.29114,-11.18094,-47.73458
36.076326,-79.008342,9,0.13,129.7,-8.77,5202929,-8.77,-8.7673,4.93041,0.18724,-0.00458,0.00321,0.0058,24.39345,-11.06402,-47.79304
36.076326,-79.008342,9,0.13,129.5,-8.79,5203129,-8.79,-8.78704,4.94178,0.3326,-0.00458,0.00137,0.00657,24.14499,-10.94709,-46.88688
36.076326,-79.008342,9,0.15,129.5,-8.79,5203929,-8.79,-8.78704,4.934,0.23509,-0.00748,0.00305,0.00702,24.14499,-10.55247,-46.66764
36.076326,-79.008342,9,0.15,129.3,-8.76,5204129,-8.76,-8.76311,4.95733,0.2321,-0.00809,-0.00183,0.00473,23.67729,-11.34171,-46.28764
36.076327,-79.008343,9,0.1,129.3,-8.75,5204929,-8.75,-8.75414,4.94297,0.21057,-0.0029,0.0026,0.0055,24.13037,-11.21017,-46.57995
36.076327,-79.008343,9,0.1,129.3,-8.78,5205129,-8.78,-8.77508,4.94716,0.19442,-0.00535,0.0055,0.00397,23.47267,-10.31862,-46.74072
36.076327,-79.008343,9,0.09,129.3,-8.78,5205929,-8.78,-8.78046,4.95314,0.25962,-0.00031,0.00122,0.00397,23.88191,-10.88863,-47.19381
36.076327,-79.008343,9,0.09,128.8,-8.77,5206129,-8.77,-8.7679,4.93579,0.23031,-0.00718,-0.00107,0.00687,24.11576,-11.15171,-47.19381
36.076329,-79.008344,9,0.13,128.8,-8.77,5206929,-8.77,-8.77209,4.95554,0.22014,-0.00351,0.00122,0.00641,23.57498,-11.00555,-48.15844
36.076329,-79.008344,9,0.13,127.9,-8.78,5207129,-8.78,-8.77747,4.94836,0.20339,-0.00626,0.00489,0.00657,24.29114,-11.66326,-47.35458
36.076331,-79.008346,9,0.07,127.9,-8.77,5207929,-8.77,-8.77448,4.94836,0.2656,-0.00886,0.00535,0.00748,23.91114,-11.02017,-47.29611
36.076331,-79.008346,9,0.07,127.6,-8.78,5208129,-8.78,-8.78345,4.94477,0.22313,-0.00932,-0.00229,0.00458,24.20345,-10.59632,-47.04765
36.076333,-79.008346,9,0.03,127.6,-8.77,5208929,-8.77,-8.7697,4.94896,0.27099,-0.00229,0.00275,0.00443,24.14499,-10.21631,-47.41304
36.076333,-79.008346,9,0.03,127.2,-8.77,5209129,-8.77,-8.7691,4.93101,0.21176,-0.00504,0.00183,0.00855,24.21807,-10.34785,-46.33148
36.076332,-79.008346,9,0.03,127.2,-5.61,5209929,-5.61,-5.61237,2.73619,4.62772,1.84084,1.40591,0.21976,24.84654,-9.04706,-52.92312
36.076332,-79.008346,9,0.03,126.7,-9.86,5210129,-9.86,-9.86022,1.04507,2.21815,-0.2222,-0.13806,2.47752,17.59719,4.47238,-57.93628
36.076331,-79.008341,9,1.68,126.7,-6.63,5210929,-6.63,-6.62573,1.62772,-0.05563,0.13103,-0.96272,0.15226,15.88717,-1.98772,-47.06226
36.076331,-79.008341,9,1.68,126.5,-8.03,5211129,-8.03,-8.0345,2.37787,-1.43689,0.46838,-0.08766,-0.0255,14.42561,0.40924,-45.74686
36.076332,-79.008342,9,1.0,126.5,-11.76,5211929,-11.76,-11.76252,2.65843,-1.80658,-0.0139,0.15394,-2.02288,11.59018,3.12774,-44.73838
36.076332,-79.008342,9,1.0,126.4,-7.55,5212129,-7.55,-7.55414,0.8321,-3.91167,-0.86941,-0.48457,-1.33001,14.46945,-1.76849,-43.56913
36.076332,-79.008348,9,0.77,126.4,-9.63,5212929,-9.63,-9.62812,3.98046,-3.6323,1.28083,0.08216,-0.12843,15.68255,-2.01695,-45.79071
36.076332,-79.008348,9,0.77,126.3,-7.62,5213129,-7.62,-7.62353,3.33081,-7.33939,-0.92561,-0.57757,-0.64538,17.15873,-3.97545,-48.46536
36.076326,-79.008351,9,2.35,126.3,-7.99,5213929,-7.99,-7.99322,1.8347,-3.34756,0.27932,0.33094,0.10934,15.53639,-3.61006,-38.52674
36.076326,-79.008351,9,2.35,126.3,-12.74,5214129,-12.74,-12.73939,2.69193,-2.802,-0.36408,-0.53894,0.86224,12.1748,2.03157,-39.16983
36.07633,-79.008355,9,0.99,126.3,-10.31,5214929,-10.31,-10.31127,1.40279,-0.57009,0.72861,0.05803,0.50763,11.12248,2.85004,-34.91669
36.07633,-79.008355,9,0.99,126.9,-7.84,5215129,-7.84,-7.84068,0.17946,-0.82193,0.65485,-0.47464,0.45891,9.06168,6.13856,-39.79831
36.076335,-79.008359,9,1.51,126.9,-10.2,5215929,-10.2,-10.19641,-1.14736,-4.70369,0.31414,0.54306,0.17669,10.49401,6.85472,-28.04736
36.076335,-79.008359,9,1.51,127.1,-10.64,5216129,-10.64,-10.64447,1.25145,-3.25304,1.03893,0.60949,0.00275,9.55861,6.43087,-35.4867
36.07634,-79.008355,9,1.58,127.1,-7.93,5216929,-7.93,-7.92503,0.00179,-2.46102,-1.27762,0.91111,-0.42822,12.07249,1.84157,-35.13593
36.07634,-79.008355,9,1.58,126.2,-12.57,5217129,-12.57,-12.57069,1.27059,0.22971,0.08476,0.45311,-0.39783,13.53405,-0.81847,-34.58053
36.076342,-79.008355,9,0.49,126.2,-7.49,5217929,-7.49,-7.48774,2.17747,-3.60359,-0.25183,0.50641,0.05177,21.48495,-5.61239,-19.1026
36.076342,-79.008355,9,0.49,126,-10.52,5218129,-10.52,-10.52064,0.94098,-1.79402,0.12874,0.31062,0.23503,18.29874,-4.16545,-21.66033
36.076344,-79.008363,9,1.92,126,-11.57,5218929,-11.57,-11.57109,3.87338,-2.72243,0.09071,0.01695,-1.39354,18.53259,-4.29699,-24.49576
36.076344,-79.008363,9,1.92,125,-4.33,5219129,-4.33,-4.33221,-0.3344,-1.27837,-0.75976,-0.86605,1.16675,18.09412,-3.01082,-21.06109
36.076349,-79.008364,9,0.84,125,-10.1,5219929,-10.1,-10.1031,3.90808,-2.36112,0.15073,0.57376,-0.20006,17.29027,-4.79392,-31.81818
36.076349,-79.008364,9,0.84,124.3,-7.52,5220129,-7.52,-7.52423,3.15613,-2.19841,0.70692,-0.65928,0.10247,20.6957,-8.69629,-37.38673
36.076358,-79.008363,9,1.88,124.3,-8.98,5220929,-8.98,-8.98445,0.10828,-1.49492,-0.03268,0.92271,0.69898,9.13476,7.22011,-39.54984
36.076358,-79.008363,9,1.88,124.5,-10.76,5221129,-10.76,-10.75634,7.18924,-4.34716,0.0701,0.23961,-2.39444,16.83718,-5.18854,-38.40982
36.076366,-79.008364,9,1.4,124.5,-8.17,5221929,-8.17,-8.17269,1.99143,1.8682,0.37751,-0.312,1.14644,19.00029,-3.34697,-48.90383
36.076366,-79.008364,9,1.4,125.1,-9.75,5222129,-9.75,-9.75135,7.11805,-2.68953,-0.71044,-0.42486,-0.07544,18.37182,-5.93394,-41.65449
36.076374,-79.008366,9,1.36,125.1,-9.17,5222929,-9.17,-9.1669,3.80519,0.04487,0.47281,-0.59407,0.48213,19.61415,-6.48933,-43.58375
36.076374,-79.008366,9,1.36,125,-7.5,5223129,-7.5,-7.49552,3.08674,-1.84367,-0.02352,-0.54382,0.25412,16.70564,-3.63929,-39.82753
36.07638,-79.008369,9,0.92,125,-12.14,5223929,-12.14,-12.13819,8.32583,-1.76231,0.40134,-0.27245,-0.48029,20.60801,-9.00321,-39.52061
36.07638,-79.008369,9,0.92,125,-6.6,5224129,-6.6,-6.60359,3.83869,-1.14556,-0.26802,-0.16952,0.30803,17.37796,-5.74393,-37.83981
36.076386,-79.008371,9,0.93,125,-10.38,5224929,-10.38,-10.37767,3.62453,-0.81655,0.24496,0.12889,0.41982,24.77346,-13.06635,-32.6805
36.076386,-79.008371,9,0.93,124.9,-11.07,5225129,-11.07,-11.0668,0.99721,-2.26002,0.40241,-0.87323,0.84544,21.19263,-9.67553,-33.93745
36.076392,-79.008377,9,0.64,124.9,-7.61,5225929,-7.61,-7.61336,3.51027,-1.11506,0.2106,-0.38897,0.22739,28.00351,-14.76177,-39.34522
36.076392,-79.008377,9,0.64,125.6,-11.2,5226129,-11.2,-11.19602,4.31785,-1.26221,0.13531,-0.70463,0.83108,23.67729,-10.68401,-42.76527
36.076399,-79.00838,9,0.58,125.6,-7.27,5226929,-7.27,-7.26581,4.07558,-3.11007,-0.37125,0.08995,-0.00794,23.16574,-10.5817,-34.18591
36.076399,-79.00838,9,0.58,126.2,-8.65,5227129,-8.65,-8.65304,1.38305,-2.12363,-0.21625,0.37064,0.72296,20.43262,-8.34551,-35.63285
36.076413,-79.008389,9,2.29,126.2,-11.46,5227929,-11.46,-11.45983,6.83151,-2.78465,-0.4751,0.8517,-0.54886,16.79334,-4.63315,-40.09062
36.076413,-79.008389,9,2.29,127.1,-5.24,5228129,-5.24,-5.24387,2.35992,-2.34138,-1.24265,0.20678,-0.50809,20.08185,-9.13476,-37.62058
36.076425,-79.008391,9,2.45,127.1,-10.98,5228929,-10.98,-10.97648,6.65863,-3.64606,-0.18937,0.38408,-0.66187,20.65186,-9.38322,-33.71821
36.076425,-79.008391,9,2.45,127.3,-6.75,5229129,-6.75,-6.74537,4.61695,-2.77328,-0.85735,0.24786,-0.42348,25.22654,-13.12482,-33.8059
36.076436,-79.008397,9,1.44,127.3,-9.52,5229929,-9.52,-9.52403,5.68176,-2.17687,-0.2587,0.37981,-0.90973,19.24876,-7.80474,-37.76674
36.076436,-79.008397,9,1.44,127.8,-8.42,5230129,-8.42,-8.42154,5.61476,-2.11346,-0.82177,-0.59055,-0.60964,24.36422,-12.29173,-40.96755
36.076436,-79.008404,9,1.2,127.8,-9.46,5230929,-9.46,-9.45763,3.59641,-2.09432,-0.31307,-0.23305,-0.39798,15.69716,-2.9962,-39.08214
36.076436,-79.008404,9,1.2,128.3,-9.25,5231129,-9.25,-9.24646,4.29871,-0.3679,0.07422,0.36469,-0.32483,20.60801,-9.03245,-41.30371
36.076446,-79.008409,9,1.1,128.3,-7.3,5231929,-7.3,-7.3005,3.31645,-1.45902,-0.08002,-0.19838,0.31948,17.11488,-5.56855,-40.1637
36.076446,-79.008409,9,1.1,128.9,-11.27,5232129,-11.27,-11.27438,4.80898,-2.64706,-0.08796,-0.03604,-0.59636,17.49488,-5.78778,-38.84829
36.076454,-79.008406,9,1.14,128.9,-6.95,5232929,-6.95,-6.94636,3.12323,-1.27896,0.2645,-0.58887,0.08216,20.72493,-8.59398,-42.92604
36.076454,-79.008406,9,1.14,128.2,-9.27,5233129,-9.27,-9.27099,7.85085,-1.92503,-0.11866,0.14416,-0.12721,21.6311,-9.89477,-40.58755
36.076459,-79.008405,9,0.71,128.2,-7.63,5233929,-7.63,-7.63251,5.09731,-0.53539,0.13714,-0.04704,-0.11515,21.99649,-9.38322,-43.30605
36.076459,-79.008405,9,0.71,128.2,-8.72,5234129,-8.72,-8.72363,5.00459,-1.29093,-0.18204,0.1857,0.13714,19.43876,-6.9278,-41.27448
36.076472,-79.008409,9,1.86,128.2,-7.55,5234929,-7.55,-7.55175,3.88176,-0.49591,0.43463,-0.40455,-0.36377,18.98568,-6.05086,-44.22683
36.076472,-79.008409,9,1.86,128.3,-8.84,5235129,-8.84,-8.83669,4.70848,-1.3328,0.32651,0.52214,0.2978,17.67027,-4.70623,-44.46069
36.076485,-79.008412,9,1.17,128.3,-9.22,5235929,-9.22,-9.21955,2.72483,0.43669,0.37996,-0.17211,0.16799,18.70798,-5.247,-47.85151
36.076485,-79.008412,9,1.17,128,-6.85,5236129,-6.85,-6.85424,3.01197,-1.46261,0.12248,-0.67363,0.17791,18.60567,-5.34931,-46.38994
36.076498,-79.008414,9,1.91,128,-10.2,5236929,-10.2,-10.19821,6.48515,0.91884,0.41111,-0.03283,0.24893,16.88103,-3.6539,-44.35838
36.076498,-79.008414,9,1.91,128.4,-6.18,5237129,-6.18,-6.17707,2.52323,-1.58764,0.08125,-0.77442,0.30039,15.8287,-2.01695,-44.29991
36.076507,-79.008412,9,1.62,128.4,-13.77,5237929,-13.77,-13.77428,5.23849,-1.15992,0.73182,0.19044,-0.48167,14.981,-0.51155,-46.02456
36.076507,-79.008412,9,1.62,128.1,-6.24,5238129,-6.24,-6.24168,2.64527,-0.7017,0.09896,-0.1799,-0.06781,14.0456,0.55539,-47.14996
36.076521,-79.008419,9,2.19,128.1,-11.38,5238929,-11.38,-11.37668,4.33579,-1.32203,0.33537,-0.4525,0.77351,17.2318,-3.62467,-46.85764
36.076521,-79.008419,9,2.19,127.5,-8.34,5239129,-8.34,-8.34437,2.4664,-1.27717,-0.11606,-0.4667,-0.34544,15.81409,-1.54925,-45.89301
36.076532,-79.008424,9,1.35,127.5,-9.32,5239929,-9.32,-9.32004,2.79183,-3.16989,-0.06216,0.27611,0.24801,18.69337,-7.65858,-38.36597
36.076532,-79.008424,9,1.35,128.6,-11.14,5240129,-11.14,-11.14278,6.84168,0.1998,0.50977,0.37278,-0.14752,18.88337,-7.22011,-42.8822
36.076541,-79.008422,9,1.5,128.6,-7.88,5240929,-7.88,-7.87897,2.62253,-1.77129,-0.61468,0.27,0.24618,21.52879,-10.04092,-37.75212
36.076541,-79.008422,9,1.5,128.1,-13.94,5241129,-13.94,-13.9364,4.45364,-1.6343,0.51099,-0.17593,-0.64523,18.02105,-6.79626,-39.46215
36.076554,-79.008431,9,2.52,128.1,-6.06,5241929,-6.06,-6.05504,1.87358,-1.49731,0.02398,0.41493,0.53649,25.18269,-12.8325,-35.83747
36.076554,-79.008431,9,2.52,128.9,-11.29,5242129,-11.29,-11.28754,3.31645,-0.9661,0.43524,0.0252,0.89492,20.43262,-9.13476,-37.2698
36.076568,-79.008439,9,2.19,128.9,-6.14,5242929,-6.14,-6.13998,3.2327,-2.47179,-0.28818,0.56933,1.05664,27.38965,-14.49868,-33.03128
36.076568,-79.008439,9,2.19,129,-10.64,5243129,-10.64,-10.63969,3.75015,-0.68794,0.55818,0.50167,0.76205,22.78574,-10.87401,-35.63285
36.076577,-79.008441,9,1.07,129,-8.67,5243929,-8.67,-8.6674,5.11047,-1.18684,0.08552,-0.85094,-0.77045,23.57498,-11.7948,-35.64747
36.076577,-79.008441,9,1.07,128.5,-7.81,5244129,-7.81,-7.80539,1.05224,-2.88335,0.37018,-0.13454,1.07802,18.94183,-8.19936,-36.48056
36.076588,-79.00845,9,1.69,128.5,-7.21,5244929,-7.21,-7.20898,4.54098,-1.97707,-0.60689,-0.02673,-0.48671,26.45425,-13.89944,-37.13826
36.076588,-79.00845,9,1.69,128.1,-13.19,5245129,-13.19,-13.18864,4.95494,-0.49232,0.18051,0.67928,-0.02688,26.10348,-13.7679,-37.37211
36.0766,-79.008455,9,1.75,128.1,-7.81,5245929,-7.81,-7.81017,5.64706,-1.468,-0.37431,-0.13149,-0.81062,26.08886,-13.88483,-38.70213
36.0766,-79.008455,9,1.75,128.3,-10.67,5246129,-10.67,-10.67139,3.83988,-1.72463,-0.01924,-0.01268,0.21472,24.02806,-12.67173,-38.21982
36.076612,-79.008466,9,2.13,128.3,-7.01,5246929,-7.01,-7.00678,5.59681,-2.92104,-0.68249,-0.53374,-0.36469,26.19117,-14.48407,-38.54136
36.076612,-79.008466,9,2.13,127.9,-10.11,5247129,-10.11,-10.10848,3.7681,-1.34237,-0.10843,0.49052,0.3178,22.7565,-10.84478,-41.2014
36.076625,-79.008468,9,1.51,127.9,-8.54,5247929,-8.54,-8.5358,5.37189,-0.82672,0.00809,-0.62201,-0.60063,24.17422,-11.5171,-40.93832
36.076625,-79.008468,9,1.51,128.5,-7.56,5248129,-7.56,-7.56311,2.62014,-1.66481,-0.48029,0.48884,0.10797,23.83806,-12.08711,-39.47676
36.07664,-79.008474,9,2.24,128.5,-10.39,5248929,-10.39,-10.39023,6.26022,-0.13998,0.5933,1.48242,-0.6689,23.66267,-11.38556,-40.25139
36.07664,-79.008474,9,2.24,129.3,-6.16,5249129,-6.16,-6.15554,2.61536,-2.34616,0.1095,0.37232,0.39981,24.2473,-12.13096,-40.6314
36.076653,-79.008478,9,1.82,129.3,-9.03,5249929,-9.03,-9.02513,6.38943,-1.67797,-0.34835,0.36896,-0.48258,21.45571,-9.36861,-38.73137
36.076653,-79.008478,9,1.82,129.7,-7.28,5250129,-7.28,-7.28076,6.29432,-2.54656,-0.69303,-0.10232,-0.10873,26.38117,-14.58638,-39.49137
36.076664,-79.008482,9,1.12,129.7,-8.29,5250929,-8.29,-8.28754,4.22752,-1.79163,-0.04291,0.51893,0.12966,24.23268,-12.23327,-34.34668
36.076664,-79.008482,9,1.12,129.8,-11.48,5251129,-11.48,-11.48076,8.10449,0.05982,1.36192,2.29151,-1.22204,26.89272,-14.49868,-34.77053
36.076676,-79.008491,9,1.3,129.8,-6.09,5251929,-6.09,-6.08614,3.94277,-1.25803,0.52076,-0.72922,0.49037,21.51418,-9.33937,-40.66063
36.076676,-79.008491,9,1.3,130.8,-9.72,5252129,-9.72,-9.71725,6.52523,-1.02832,-0.34774,1.03801,-0.04994,20.21339,-7.7755,-42.26834
36.076682,-79.008496,9,0.64,130.8,-6.33,5252929,-6.33,-6.32961,3.63111,-0.38225,-0.00458,-0.43768,0.41218,21.77726,-9.57322,-42.25373
36.076682,-79.008496,9,0.64,130.8,-9.58,5253129,-9.58,-9.58385,5.40419,-0.5683,-0.22831,-0.17287,0.09911,19.58492,-7.95089,-40.5437
36.076689,-79.0085,9,1.24,130.8,-8.06,5253929,-8.06,-8.05544,4.85982,-0.46241,0.47128,-1.09269,-0.0649,18.81029,-7.73166,-39.82753
36.076689,-79.0085,9,1.24,131.5,-7.75,5254129,-7.75,-7.75095,3.60718,-2.27318,0.20693,-0.20831,-0.1463,15.79947,-4.44315,-39.47676
36.0767,-79.008514,9,2.74,131.5,-8.69,5254929,-8.69,-8.69432,3.68614,0.82253,0.69211,-0.04719,0.17318,18.85414,-7.2055,-42.54604
36.0767,-79.008514,9,2.74,132.2,-6.08,5255129,-6.08,-6.07717,4.05344,-1.50867,0.3882,-0.39172,0.14676,19.61415,-8.11166,-43.24759
36.076712,-79.008515,9,2.13,132.2,-13.88,5255929,-13.88,-13.87538,9.1005,-0.72263,0.58857,-0.04566,-0.95432,22.91727,-11.66326,-41.11371
36.076712,-79.008515,9,2.13,132.1,-6.75,5256129,-6.75,-6.74776,4.32742,-0.61256,0.27275,-0.28619,0.34774,20.3157,-9.16399,-40.6314
36.076726,-79.008519,9,1.66,132.1,-11.41,5256929,-11.41,-11.41496,4.51705,-0.45284,0.5455,-0.16738,0.50534,25.53347,-13.32944,-41.25987
36.076726,-79.008519,9,1.66,132.1,-7.14,5257129,-7.14,-7.13839,3.8327,0.12622,0.65714,-0.29215,0.76053,22.3765,-9.77784,-42.15142
36.076738,-79.008525,9,1.31,132.1,-8.98,5257929,-8.98,-8.97907,3.43968,-1.33938,-0.3123,0.5481,0.38393,25.22654,-13.53405,-41.34756
36.076738,-79.008525,9,1.31,131.6,-11.14,5258129,-11.14,-11.13859,9.67598,0.72562,0.50564,-1.14736,-0.52702,25.02192,-12.07249,-46.7261
36.076747,-79.00853,9,0.72,131.6,-6.02,5258929,-6.02,-6.02034,2.69551,-0.85843,-0.10476,0.5255,0.29001,26.16194,-12.4525,-46.14148
36.076747,-79.00853,9,0.72,132.3,-11.3,5259129,-11.3,-11.30011,5.65005,-0.3326,0.51328,-0.51465,0.34193,24.13037,-10.75709,-47.35458
36.076763,-79.008537,9,2.22,132.3,-6.1,5259929,-6.1,-6.10409,4.36929,-1.7001,-0.22449,0.01436,0.51878,26.77579,-13.72406,-44.78223
36.076763,-79.008537,9,2.22,133,-9.9,5260129,-9.9,-9.9003,6.35414,-0.67478,0.33689,0.42867,0.33491,24.56884,-10.81555,-45.67378
36.076781,-79.008541,9,2.83,133,-7.46,5260929,-7.46,-7.45903,6.56112,-2.32403,-0.46227,-0.56994,-0.77565,26.93657,-13.62175,-45.65916
36.076781,-79.008541,9,2.83,133.7,-8.7,5261129,-8.7,-8.7015,5.10389,-1.76949,-0.3937,-0.09957,0.2109,24.80269,-12.4525,-45.20608
36.076796,-79.00855,9,2.36,133.7,-8.93,5261929,-8.93,-8.93121,6.99422,-0.00957,0.18326,0.17608,0.00015,24.75884,-12.23327,-44.25607
36.076796,-79.00855,9,2.36,133.6,-5.69,5262129,-5.69,-5.68834,2.53759,-1.8006,-0.30268,0.64064,0.26771,24.72961,-13.24174,-41.18679
36.076811,-79.008555,9,2.38,133.6,-10.74,5262929,-10.74,-10.74497,6.62513,-0.93978,-0.22571,0.98288,-0.89202,24.42268,-12.13096,-42.28296
36.076811,-79.008555,9,2.38,133.3,-5.5,5263129,-5.5,-5.5011,3.84945,-1.59841,-0.31841,0.24312,0.1744,28.23736,-15.66793,-40.8214
36.07683,-79.008559,9,2.22,133.3,-9.07,5263929,-9.07,-9.07239,7.49372,-1.32084,-0.12737,-0.18708,-0.29367,22.40573,-11.13709,-41.06986
36.07683,-79.008559,9,2.22,134.3,-6.98,5264129,-6.98,-6.98345,5.32523,-1.91785,-0.31047,-0.91859,-0.65607,25.62116,-12.61327,-43.46682
36.076844,-79.008562,9,2.42,134.3,-8.04,5264929,-8.04,-8.04347,5.37607,-0.75733,-0.23137,-0.18402,0.03558,20.28647,-8.11166,-44.92838
36.076844,-79.008562,9,2.42,134.1,-10.45,5265129,-10.45,-10.45185,7.59362,0.24885,0.0394,1.24021,-0.43982,22.49342,-9.99708,-43.20374
36.076859,-79.008567,9,2.45,134.1,-7.38,5265929,-7.38,-7.38186,4.75215,-0.97627,-0.2532,-0.21579,0.12233,21.54341,-8.53552,-43.20374
36.076859,-79.008567,9,2.45,134.1,-10.85,5266129,-10.85,-10.84726,7.48595,0.64187,0.166,1.47264,-0.71303,23.75036,-10.80094,-43.55452
36.076877,-79.008575,9,2.59,134.1,-6.47,5266929,-6.47,-6.47139,3.51984,-0.90269,0.06781,-0.25397,0.14951,21.36802,-8.94475,-45.58609
36.076877,-79.008575,9,2.59,134.8,-8.96,5267129,-8.96,-8.96232,6.15075,-0.73938,-0.22235,0.21319,-0.17685,20.72493,-8.9886,-43.51067
36.076888,-79.008576,9,1.27,134.8,-6.62,5267929,-6.62,-6.62154,3.91167,-1.0678,-0.00107,-0.24496,0.37018,19.64338,-6.70856,-44.91377
36.076888,-79.008576,9,1.27,134.8,-8.84,5268129,-8.84,-8.84387,6.21057,-0.40798,-0.09652,0.05421,-0.18418,18.12336,-5.5247,-44.0076
36.076897,-79.008577,9,1.12,134.8,-6.8,5268929,-6.8,-6.801,4.41715,-1.04207,0.07636,-1.11727,0.25473,20.54955,-7.19088,-46.46302
36.076897,-79.008577,9,1.12,134.4,-8.4,5269129,-8.4,-8.403,6.38824,-1.05583,-0.24587,-0.18341,-0.15852,19.68723,-7.67319,-43.55452
36.076903,-79.008574,9,1.08,134.4,-8.33,5269929,-8.33,-8.33181,5.57887,0.11306,0.01359,-0.89919,-0.61728,21.01725,-8.27244,-46.14148
36.076903,-79.008574,9,1.08,133.8,-7.66,5270129,-7.66,-7.65763,5.15354,-0.97567,-0.07575,-0.12569,0.05208,19.19029,-6.50395,-44.0076
36.076912,-79.008574,9,1.36,133.8,-9.53,5270929,-9.53,-9.5342,4.99083,0.15972,-0.15577,-0.38668,0.57253,23.01958,-9.8363,-47.22303
36.076912,-79.008574,9,1.36,134.4,-6.59,5271129,-6.59,-6.58505,3.51745,-1.14078,-0.46869,-0.49847,0.2616,21.00263,-8.95937,-42.95528
36.076924,-79.008584,9,0.68,134.4,-11.85,5271929,-11.85,-11.84567,4.68814,-2.27557,0.18311,-0.03925,0.09346,25.12423,-13.73867,-34.37592
36.076924,-79.008584,9,0.68,134.4,-7.32,5272129,-7.32,-7.31725,5.72064,-0.88235,-0.15333,0.11393,0.10919,25.03654,-14.16253,-35.89594
36.076936,-79.008591,9,1.53,134.4,-10.68,5272929,-10.68,-10.67977,6.76391,1.10369,0.33048,0.69669,0.52412,20.81263,-10.14323,-33.93745
36.076936,-79.008591,9,1.53,135,-6.67,5273129,-6.67,-6.67119,3.9009,0.04666,0.04704,0.13088,0.42302,20.35954,-9.23707,-33.45513
36.076949,-79.008598,9,1.69,135,-12.31,5273929,-12.31,-12.31406,3.9015,-1.3986,0.82207,0.53863,-0.49801,20.228,-9.38322,-35.2967
36.076949,-79.008598,9,1.69,135.1,-6.82,5274129,-6.82,-6.81895,3.14596,-1.17368,0.06765,-0.91844,0.45464,21.07571,-10.21631,-36.45133
36.076956,-79.008606,9,1.08,135.1,-10.28,5274929,-10.28,-10.28016,2.15653,-1.65464,0.16982,-0.19334,0.80817,19.74569,-8.34551,-35.17977
36.076956,-79.008606,9,1.08,135.8,-9.8,5275129,-9.8,-9.79502,4.62772,-0.23091,0.10797,0.1011,-0.76221,20.06723,-8.90091,-37.10903
36.076966,-79.008611,9,0.76,135.8,-12.46,5275929,-12.46,-12.46242,2.99103,-2.27916,0.50213,-1.01052,0.89354,19.23414,-8.28705,-33.07512
36.076966,-79.008611,9,0.76,135.2,-7.63,5276129,-7.63,-7.6331,4.29213,-0.66102,-0.45907,0.24633,0.11026,19.00029,-7.71704,-32.37357
36.076976,-79.008617,9,0.92,135.2,-12.18,5276929,-12.18,-12.17588,9.29911,2.14337,-0.43677,-0.11377,0.28436,22.17188,-10.27477,-26.65887
36.076976,-79.008617,9,0.92,135.3,-6.2,5277129,-6.2,-6.19502,4.32084,-1.01396,-0.33827,0.22403,-0.01985,20.56416,-8.78398,-24.97808
36.076985,-79.008625,9,1.19,135.3,-10.57,5277929,-10.57,-10.5667,8.4353,2.6327,0.30345,-0.80558,0.26481,22.53727,-10.68401,-26.08886
36.076985,-79.008625,9,1.19,135.4,-5.47,5278129,-5.47,-5.46999,2.87737,0.58146,0.14264,0.43967,-0.13546,23.37036,-11.53172,-26.9658
36.076992,-79.008631,9,0.61,135.4,-11,5278929,-11,-10.99861,3.17109,-0.63171,1.51769,-1.67774,1.11773,24.55422,-12.97866,-33.01666
36.076992,-79.008631,9,0.61,135.1,-7.98,5279129,-7.98,-7.98365,6.05803,0.00957,-0.18616,-0.80619,0.21991,26.00117,-14.03099,-35.25285
36.076999,-79.00864,9,0.81,135.1,-12.99,5279929,-12.99,-12.99303,4.44048,-1.70967,0.51496,-0.6046,0.0701,21.22186,-10.36247,-36.29056
36.076999,-79.00864,9,0.81,135.3,-6.75,5280129,-6.75,-6.74955,3.34816,-0.5318,-0.28848,0.31093,-0.11057,21.06109,-10.07016,-35.73516
36.077009,-79.008651,9,1.76,135.3,-10.74,5280929,-10.74,-10.7354,3.71067,-1.86102,0.2558,-0.26527,1.3575,23.67729,-12.4525,-31.52587
36.077009,-79.008651,9,1.76,135.7,-8.19,5281129,-8.19,-8.19003,5.10808,0.02154,-0.44776,0.41447,-0.39065,21.83572,-11.02017,-31.18971
36.077016,-79.008657,9,0.63,135.7,-9.58,5281929,-9.58,-9.58206,3.74955,-1.36391,-0.33857,0.46991,0.81963,26.90734,-14.42561,-28.89506
36.077016,-79.008657,9,0.63,135.8,-10.91,5282129,-10.91,-10.91067,7.96331,1.54277,-0.00672,-0.02245,0.67409,22.23034,-10.26016,-31.0874
36.07703,-79.008674,9,1.89,135.8,-7.08,5282929,-7.08,-7.07917,3.75554,-1.14556,-0.36728,-0.34804,0.03054,28.69044,-14.2356,-22.8442
36.07703,-79.008674,9,1.89,135.7,-13.5,5283129,-13.5,-13.49612,4.80957,-0.7992,1.14675,-0.0029,0.46716,21.33879,-8.82783,-22.88804
36.077039,-79.008687,9,2.03,135.7,-6.89,5283929,-6.89,-6.89193,3.71546,-1.41535,0.37263,0.52657,-0.21365,30.152,-15.14177,-20.34493
36.077039,-79.008687,9,2.03,136.2,-13.62,5284129,-13.62,-13.62055,1.59302,-1.44706,1.12216,-0.85949,1.16645,26.20579,-12.94943,-22.18649
36.077045,-79.008696,9,1.54,136.2,-7.31,5284929,-7.31,-7.31306,2.7332,-1.47278,0.27581,-0.14111,0.04581,30.32739,-17.37796,-28.25197
36.077045,-79.008696,9,1.54,136.7,-12.84,5285129,-12.84,-12.84288,5.97368,-0.8016,1.02656,-0.36973,0.24374,26.23502,-14.93715,-30.98509
36.07705,-79.008707,9,1.62,136.7,-8.95,5285929,-8.95,-8.95334,5.24088,-0.34516,0.05467,0.96272,-0.39722,31.37971,-17.91874,-36.67057
36.07705,-79.008707,9,1.62,137.5,-12.17,5286129,-12.17,-12.1693,4.95374,-0.67478,1.33779,-0.83979,0.76526,33.79129,-18.9126,-37.09442
36.077047,-79.008713,9,1.69,137.5,-5.36,5286929,-5.36,-5.35932,12.47379,1.68814,1.88727,-1.38605,1.47616,27.1558,-15.6387,-33.87898
36.077047,-79.008713,9,1.69,137.5,-3.08,5287129,-3.08,-3.07597,3.50668,0.45344,0.22892,0.27932,-1.09406,28.14966,-15.49255,-37.28442
36.077045,-79.008723,9,2.21,137.5,-3.6,5287929,-3.6,-3.5994,6.53121,-1.01934,-0.3569,1.54549,0.72494,23.89652,-11.54633,-43.40836
36.077045,-79.008723,9,2.21,138.2,-6.31,5288129,-6.31,-6.30748,0.86501,-0.87817,-3.26905,-0.89538,-0.78649,33.00204,-18.43028,-37.75212
36.077059,-79.008734,9,2.7,138.2,-6.34,5288929,-6.34,-6.33859,1.48594,-0.1681,-0.21151,0.84422,-0.01497,25.60655,-14.00175,-38.84829
36.077059,-79.008734,9,2.7,138.5,-15.83,5289129,-15.83,-15.82673,7.42792,-2.37966,1.70844,-0.22969,-1.90071,21.38264,-11.15171,-37.64981
36.077072,-79.008741,9,1.29,138.5,-10.87,5289929,-10.87,-10.86581,5.02433,-1.8335,-0.57788,0.00947,0.30192,31.42356,-17.27565,-36.8021
36.077072,-79.008741,9,1.29,138.7,-11.95,5290129,-11.95,-11.95394,7.51107,-0.07418,0.4864,-0.10965,-0.24114,24.2473,-11.85326,-38.65829
36.077084,-79.008747,9,1.5,138.7,-6.05,5290929,-6.05,-6.05145,2.99282,-2.04826,-0.68035,0.71257,-0.0226,25.41654,-13.37328,-40.71909
36.077084,-79.008747,9,1.5,139.6,-12.02,5291129,-12.02,-12.01975,6.6676,-0.59103,-0.06445,-0.61957,1.13697,24.34961,-12.35019,-36.24671
36.077094,-79.008752,9,0.7,139.6,-10.91,5291929,-10.91,-10.90828,5.49811,-0.78903,0.04902,0.66401,-1.1414,20.06723,-9.20783,-39.27214
36.077094,-79.008752,9,0.7,140.3,-6.06,5292129,-6.06,-6.06281,3.76989,-1.32682,-0.42806,0.55299,-0.80497,30.12277,-17.40719,-38.8629
36.077102,-79.008761,9,0.83,140.3,-10,5292929,-10,-10.0008,7.85504,0.76989,0.03726,0.46273,-0.51465,22.08418,-10.12862,-41.44987
36.077102,-79.008761,9,0.83,141.8,-7.26,5293129,-7.26,-7.26102,4.03071,-2.31984,-1.31641,-1.56351,-0.40592,25.47501,-12.67173,-40.13446
36.077111,-79.008779,9,2.44,141.8,-8.87,5293929,-8.87,-8.87019,6.22433,1.41236,0.34086,-0.26191,0.37736,19.2926,-7.67319,-41.06986
36.077111,-79.008779,9,2.44,142.7,-8.68,5294129,-8.68,-8.67937,6.92722,0.2668,-0.51756,-0.89675,-1.28419,22.49342,-9.66092,-44.82608
36.077118,-79.008783,9,0.85,142.7,-7.96,5294929,-7.96,-7.95793,5.67219,-0.09452,0.48167,-0.27122,0.15027,21.70418,-10.27477,-41.02602
36.077118,-79.008783,9,0.85,142.4,-10.66,5295129,-10.66,-10.65703,5.50289,-2.33779,-0.2584,1.2929,-0.90378,22.12803,-11.2394,-39.68138
36.077126,-79.008787,9,0.6,142.4,-6.11,5295929,-6.11,-6.11306,3.05145,-1.95733,-0.04215,-0.52763,-0.02153,17.55335,-6.40164,-40.076
36.077126,-79.008787,9,0.6,143.3,-9.51,5296129,-9.51,-9.51087,5.2014,-1.14796,-0.34438,0.39844,-0.29978,18.09412,-7.29319,-38.62906
36.077137,-79.008791,9,1.1,143.3,-5.68,5296929,-5.68,-5.67697,3.86261,-1.32503,-0.13393,-0.87644,0.45952,22.63958,-10.53785,-39.82753
36.077137,-79.008791,9,1.1,143.1,-8.66,5297129,-8.66,-8.65783,7.45065,-0.80279,-0.16402,0.07605,-0.21961,20.75417,-9.82169,-39.09676
36.077144,-79.008793,9,0.68,143.1,-6.17,5297929,-6.17,-6.17288,7.58764,2.11226,0.30436,-0.2923,0.03421,29.42122,-15.93102,-43.86144
36.077144,-79.008793,9,0.68,142.6,-6.45,5298129,-6.45,-6.45165,8.16072,-0.33081,-0.56719,0.12859,-0.18219,29.05583,-15.77024,-43.48144
36.077153,-79.008806,9,0.9,142.6,-9.57,5298929,-9.57,-9.57308,4.82632,-4.78505,1.04534,-0.08628,0.69929,30.40047,-17.58258,-38.7606
36.077153,-79.008806,9,0.9,143.6,-9.19,5299129,-9.19,-9.18904,6.20459,1.58525,0.0197,-0.87094,1.04443,24.53961,-11.38556,-44.79684
36.077166,-79.008815,9,1.92,143.6,-8.66,5299929,-8.66,-8.66321,2.32044,-2.56152,-0.58399,-0.22999,0.44043,20.9734,-10.04092,-36.10056
36.077166,-79.008815,9,1.92,144.3,-14.23,5300129,-14.23,-14.22533,8.11526,0.45942,1.29442,0.77015,-0.68646,18.21105,-7.68781,-38.07366
36.077186,-79.008821,9,2.36,144.3,-7.73,5300929,-7.73,-7.73001,2.96291,-1.37946,-0.593,-0.03879,-0.29795,23.6919,-11.09325,-45.70301
36.077186,-79.008821,9,2.36,144.9,-11.34,5301129,-11.34,-11.336,3.79621,-1.25862,-0.10858,-1.37307,0.78481,21.36802,-8.72552,-42.95528
36.077202,-79.008823,9,2.23,144.9,-5.81,5301929,-5.81,-5.80918,2.47777,-0.71426,-0.01054,0.60919,0.71716,24.04268,-10.5817,-48.20228
36.077202,-79.008823,9,2.23,145.1,-14.1,5302129,-14.1,-14.10031,5.66261,0.4666,0.57269,-0.56306,1.09101,20.87109,-7.03011,-47.54458
36.077214,-79.008828,9,1.38,145.1,-6.75,5302929,-6.75,-6.75075,4.63849,-2.52562,-0.95646,0.65256,-1.44225,21.09032,-6.54779,-50.20462
36.077214,-79.008828,9,1.38,145.1,-9.92,5303129,-9.92,-9.92064,4.57209,-1.95733,-0.50198,0.48778,0.57345,22.68343,-8.19936,-49.7223
36.077225,-79.008831,9,1.05,145.1,-9.52,5303929,-9.52,-9.51566,6.10648,-0.30748,-0.38561,-0.53542,-0.39233,18.53259,-3.39082,-50.20462
36.077225,-79.008831,9,1.05,145.3,-5.46,5304129,-5.46,-5.46401,2.0016,-1.37647,-0.48503,0.25259,0.33827,18.29874,-5.94855,-45.14762
36.077241,-79.008833,9,1.93,145.3,-11.61,5304929,-11.61,-11.61057,7.79821,-1.55713,-0.57864,2.10642,-1.93537,18.41567,-6.79626,-42.82373
36.077241,-79.008833,9,1.93,145.6,-5.45,5305129,-5.45,-5.45264,1.65524,-2.65543,-0.42241,-0.17089,0.68768,23.60421,-11.72172,-43.46682
36.077248,-79.008835,9,1.01,145.6,-11.39,5305929,-11.39,-11.38625,5.09133,0.76331,-0.06597,2.02532,-0.90087,20.79801,-9.20783,-41.17217
36.077248,-79.008835,9,1.01,146.5,-5.84,5306129,-5.84,-5.84387,3.27458,-1.53858,-0.43158,0.89141,0.29841,26.13271,-14.36714,-39.19906
36.077257,-79.008836,9,0.96,146.5,-10.54,5306929,-10.54,-10.54098,5.28754,1.04327,0.02138,0.63591,-0.66645,20.40339,-9.61707,-40.03215
36.077257,-79.008836,9,0.96,145.9,-6.81,5307129,-6.81,-6.80698,6.23629,-0.90509,-0.03635,0.25824,-0.14707,29.74277,-16.83718,-40.5437
36.077267,-79.008838,9,1.08,145.9,-9.38,5307929,-9.38,-9.37568,5.58664,0.03051,0.01604,0.30681,-0.1321,16.64718,-5.9924,-42.10757
36.077267,-79.008838,9,1.08,146.3,-8.03,5308129,-8.03,-8.02553,5.44666,-0.65743,-0.46258,-0.26496,-1.5684,23.06343,-10.81555,-43.74452
36.077279,-79.008842,9,1.07,146.3,-8.66,5308929,-8.66,-8.66082,7.02593,-0.3326,-0.21289,-0.22907,0.02428,19.80415,-8.25782,-43.02835
36.077279,-79.008842,9,1.07,146.7,-8.82,5309129,-8.82,-8.81755,7.12164,1.95374,0.03329,-0.70784,-0.35904,24.23268,-9.89477,-46.38994
36.077293,-79.008847,9,1.51,146.7,-8.05,5309929,-8.05,-8.05185,5.13799,-0.466,-0.10904,0.29978,-0.1547,18.82491,-6.1824,-44.4753
36.077293,-79.008847,9,1.51,147.2,-8.79,5310129,-8.79,-8.78824,7.63968,3.18545,0.58658,0.17455,-0.71578,23.42882,-8.5209,-46.88688
36.077305,-79.00885,9,1.53,147.2,-7.72,5310929,-7.72,-7.72284,6.39482,-0.3984,-0.14584,-0.49388,-0.19929,18.31336,-5.057,-45.35223
36.077305,-79.00885,9,1.53,147.3,-9.56,5311129,-9.56,-9.55933,7.6355,2.77149,0.58658,0.98441,-0.74403,22.6542,-8.50628,-48.27536
36.077318,-79.00885,9,1.21,147.3,-8.16,5311929,-8.16,-8.15653,5.0357,-0.76511,-0.12065,0.23305,0.28054,17.14411,-3.91698,-44.57761
36.077318,-79.00885,9,1.21,146.6,-10.94,5312129,-10.94,-10.937,5.68654,0.29611,0.01008,1.39277,-0.81077,18.9126,-5.55393,-45.58609
36.077334,-79.008855,9,1.61,146.6,-7.02,5312929,-7.02,-7.02234,3.89193,-0.88475,-0.18891,-0.06842,0.05666,17.72873,-4.07775,-45.67378
36.077334,-79.008855,9,1.61,146.1,-10.51,5313129,-10.51,-10.50629,4.81675,-1.1683,-0.39874,0.0452,-0.42364,17.17334,-4.22391,-43.24759
36.077343,-79.008854,9,1.35,146.1,-6.28,5313929,-6.28,-6.27996,2.68475,-1.43868,0.01115,-0.17532,0.02123,17.7872,-5.89009,-43.05759
36.077343,-79.008854,9,1.35,146.7,-9.92,5314129,-9.92,-9.91945,7.06301,-0.18724,-0.36301,0.21151,-0.02779,18.45951,-6.78164,-41.46449
36.077354,-79.00886,9,1.59,146.7,-6.92,5314929,-6.92,-6.92244,1.38365,-0.00239,0.75503,-0.42867,0.16081,18.9126,-5.3347,-46.93072
36.077354,-79.00886,9,1.59,147.1,-9.25,5315129,-9.25,-9.25305,6.69572,-4.81615,-0.88331,-0.69303,0.65378,15.60947,-1.79772,-46.94534
36.077366,-79.008864,9,1.65,147.1,-7.04,5315929,-7.04,-7.03849,3.29432,-1.52483,0.44318,-0.2949,-0.4102,9.90938,12.81789,-51.92926
36.077366,-79.008864,9,1.65,146.9,-9.4,5316129,-9.4,-9.39961,4.87239,-2.90967,-0.18219,-0.43616,-0.60323,9.10552,13.47559,-50.10231
36.077382,-79.008873,9,2.45,146.9,-8,5316929,-8,-8.00339,-0.30867,-2.20199,0.55971,-1.0006,0.35705,8.66706,11.5171,-48.81614
36.077382,-79.008873,9,2.45,147.4,-8.99,5317129,-8.99,-8.98983,5.97249,-3.52582,-0.05253,-0.50366,0.39248,7.33704,12.89097,-45.133
36.077396,-79.008881,9,2.28,147.4,-8.32,5317929,-8.32,-8.31925,3.49173,-1.28076,-0.02566,-0.22235,-0.21457,11.85326,3.23005,-45.79071
36.077396,-79.008881,9,2.28,148.1,-8.16,5318129,-8.16,-8.15713,3.68614,-2.49631,-0.12691,-0.48594,0.32574,8.90091,6.7378,-42.25373
36.077406,-79.008887,9,1.48,148.1,-8.82,5318929,-8.82,-8.81576,3.36132,-1.67797,0.57681,0.06903,0.08934,10.68401,4.41391,-45.83455
36.077406,-79.008887,9,1.48,148.3,-7.76,5319129,-7.76,-7.75514,3.35593,-1.42134,-0.34987,-0.04001,0.44425,9.63169,7.5855,-44.21222
36.077419,-79.008894,9,1.45,148.3,-9.59,5319929,-9.59,-9.59043,2.15414,-2.32941,-0.18173,-1.1753,0.20571,8.02397,9.51476,-44.62146
36.077419,-79.008894,9,1.45,148.6,-7.06,5320129,-7.06,-7.06301,2.55673,-2.53699,-0.11362,-0.47006,-0.02077,7.17626,10.52324,-41.61064
36.077429,-79.008888,9,1.48,148.6,-9.37,5320929,-9.37,-9.3673,4.002,-1.09591,-0.10003,-0.8123,0.23213,8.28705,9.35399,-45.133
36.077429,-79.008888,9,1.48,147.8,-7.04,5321129,-7.04,-7.04327,3.97867,-1.43091,0.16814,-0.2865,0.04994,9.20783,7.73166,-46.03917
36.077438,-79.008882,9,1.46,147.8,-8.92,5321929,-8.92,-8.91745,3.98704,-2.03868,0.86697,0.46548,0.64309,6.1824,12.52558,-42.80912
36.077438,-79.008882,9,1.46,147.4,-7.05,5322129,-7.05,-7.04626,2.12542,-3.19442,-0.13164,-0.26038,0.00046,5.97778,15.7264,-44.02221
36.077449,-79.008872,9,2.19,147.4,-10.99,5322929,-10.99,-10.99382,6.98585,-2.00818,0.48014,-0.01329,-1.17301,7.01549,11.89711,-43.75914
36.077449,-79.008872,9,2.19,146.4,-6.4,5323129,-6.4,-6.39602,2.266,-2.56092,-0.16448,-0.53787,0.98074,6.56241,12.27711,-43.58375
36.077461,-79.008867,9,2.19,146.4,-11.34,5323929,-11.34,-11.34377,3.11246,-3.55155,0.52534,0.44624,0.24221,9.66092,5.37854,-44.31453
36.077461,-79.008867,9,2.19,146.4,-7.08,5324129,-7.08,-7.08455,3.62632,-2.49332,-0.01527,-0.14004,-0.16631,10.27477,4.19468,-43.42298
36.077469,-79.008864,9,1.6,146.4,-10.7,5324929,-10.7,-10.70429,2.46281,-3.74596,0.29062,-0.10049,0.37874,8.38936,7.46858,-41.17217
36.077469,-79.008864,9,1.6,146.3,-8.16,5325129,-8.16,-8.16192,2.37428,-2.34257,0.61041,-0.36362,-0.7025,8.46244,8.00935,-44.92838
36.077476,-79.008862,9,1.04,146.3,-9.77,5325929,-9.77,-9.7669,2.2002,-3.91825,0.12767,-0.09957,1.22677,9.1786,5.65624,-42.18065
36.077476,-79.008862,9,1.04,146.5,-9.48,5326129,-9.48,-9.48156,3.12263,-5.14277,0.64034,-0.04948,-0.26023,6.85472,9.13476,-40.7337
36.077485,-79.008855,9,1.5,146.5,-11.75,5326929,-11.75,-11.75295,4.29332,-3.84048,-0.3401,-0.59804,0.57742,10.31862,4.80854,-46.87226
36.077485,-79.008855,9,1.5,146.4,-8.21,5327129,-8.21,-8.20977,1.80957,-1.78564,0.18127,0.54428,-0.35751,9.99708,6.41625,-46.69687
36.077494,-79.00885,9,1.24,146.4,-11.57,5327929,-11.57,-11.5675,4.81197,-2.82891,-0.12645,-0.09545,0.52092,12.58404,1.79772,-46.60918
36.077494,-79.00885,9,1.24,146.2,-7.48,5328129,-7.48,-7.47697,3.466,-1.23829,0.08705,-0.01772,-0.07361,12.6425,2.30927,-45.10377
36.077504,-79.008845,9,1.57,146.2,-13.95,5328929,-13.95,-13.95016,2.46221,-4.33699,-0.74144,0.09575,0.99296,11.29787,2.10465,-43.5399
36.077504,-79.008845,9,1.57,145.8,-9.25,5329129,-9.25,-9.24706,2.10868,-1.48953,0.38591,-0.05376,0.09148,8.11166,9.23707,-42.31219
36.077518,-79.008845,9,1.61,145.8,-12.16,5329929,-12.16,-12.16152,2.72483,-4.27597,-0.19059,-0.062,0.1434,12.9202,-0.54078,-43.1599
36.077518,-79.008845,9,1.61,145.3,-9.61,5330129,-9.61,-9.61017,2.735,-2.91506,-0.03818,-0.61911,0.77488,10.2017,4.89623,-40.39754
36.077526,-79.008835,9,1.62,145.3,-10.59,5330929,-10.59,-10.58525,2.73859,-4.0008,-0.68234,0.0365,0.14187,13.40251,-1.54925,-40.68986
36.077526,-79.008835,9,1.62,144.7,-10.87,5331129,-10.87,-10.87,3.91705,-2.59143,-0.50931,0.14676,-0.39981,11.76557,0.73078,-41.04063
36.077535,-79.008834,9,1.14,144.7,-9.12,5331929,-9.12,-9.11845,1.42134,-2.87318,-0.45479,0.06109,0.65714,17.6995,-6.91318,-34.85823
36.077535,-79.008834,9,1.14,145.3,-13.56,5332129,-13.56,-13.55594,5.49751,-4.91127,0.37736,-0.22037,-1.38285,15.69716,-4.76469,-33.84975
36.077549,-79.008828,9,1.68,145.3,-8.06,5332929,-8.06,-8.05843,0.91466,-3.50489,-0.54275,-0.45372,0.67653,16.47179,-6.15317,-29.99123
36.077549,-79.008828,9,1.68,146.7,-12.35,5333129,-12.35,-12.35295,1.06481,-5.66561,0.62797,0.35629,0.28863,13.51944,-0.77463,-27.18504
36.077564,-79.008828,9,1.77,146.7,-7.7,5333929,-7.7,-7.7013,1.84905,-3.77348,-0.22633,-0.1741,0.40149,17.07103,-7.03011,-35.28208
36.077564,-79.008828,9,1.77,146.6,-11.47,5334129,-11.47,-11.47418,1.22034,-4.07737,0.8546,-0.81856,1.01297,12.75943,-0.97925,-37.4598
36.077575,-79.008826,9,1.37,146.6,-7.95,5334929,-7.95,-7.94955,2.9007,-3.25723,0.00519,0.38301,0.13958,13.40251,-2.9962,-40.47062
36.077575,-79.008826,9,1.37,147.1,-12.32,5335129,-12.32,-12.31586,3.0999,-4.53859,0.7393,0.1573,0.89476,10.99094,2.63081,-40.266
36.077593,-79.008835,9,1.76,147.1,-6.51,5335929,-6.51,-6.50609,2.46281,-2.58664,-0.19563,-0.18479,0.56429,14.52792,-3.53698,-40.64601
36.077593,-79.008835,9,1.76,148,-11.67,5336129,-11.67,-11.67458,4.25803,-3.3661,0.74373,-0.5003,1.69668,10.69863,1.98772,-39.66676
36.07761,-79.008832,9,2.08,148,-6.32,5336929,-6.32,-6.32363,2.39163,-3.57308,-0.35507,0.38164,0.47159,11.94095,-0.17539,-39.68138
36.07761,-79.008832,9,2.08,148.2,-10.96,5337129,-10.96,-10.96451,4.43869,-5.31207,-0.84635,-0.76037,0.74571,10.88863,1.3154,-35.38439
36.077629,-79.00883,9,2.59,148.2,-4.62,5337929,-4.62,-4.62473,0.94337,-4.50329,0.54825,0.88087,0.14065,14.30868,3.21543,-20.14031
36.077629,-79.00883,9,2.59,147.8,-9.69,5338129,-9.69,-9.69033,2.61954,-5.98864,1.21303,0.48289,0.51084,9.39784,4.89623,-31.02894
36.077639,-79.008827,9,1.82,147.8,-5.51,5338929,-5.51,-5.51247,3.18305,-5.09013,-0.6295,-0.27657,-0.40943,9.35399,5.01315,-36.65595
36.077639,-79.008827,9,1.82,147.9,-9.56,5339129,-9.56,-9.55933,4.002,-4.85384,-0.42089,0.15806,0.17623,9.25168,4.54545,-39.24291
36.077653,-79.008823,9,2.06,147.9,-7.87,5339929,-7.87,-7.87059,5.59502,-2.78285,-0.10904,-0.32254,-0.47373,11.13709,2.29465,-46.02456
36.077653,-79.008823,9,2.06,148,-6.35,5340129,-6.35,-6.35115,3.59581,-2.79003,-0.76053,0.41539,0.09056,13.47559,-1.92926,-44.62146
36.07766,-79.008813,9,1.46,148,-9.3,5340929,-9.3,-9.30449,5.86301,-2.84088,-0.25137,0.51557,-1.1133,10.97632,2.76235,-42.70681
36.07766,-79.008813,9,1.46,147.5,-7.57,5341129,-7.57,-7.57089,5.18046,-4.07079,-0.47525,0.83841,-0.27138,16.61795,-6.06548,-41.84449
36.077676,-79.008806,9,1.67,147.5,-9.95,5341929,-9.95,-9.95235,7.27119,-4.21137,-0.0533,0.15882,-1.03328,9.00321,6.12394,-43.32067
36.077676,-79.008806,9,1.67,146.8,-6.27,5342129,-6.27,-6.2674,3.95354,-3.67179,-0.4302,-0.61575,-0.3233,12.08711,0.39462,-43.59836
36.077688,-79.008801,9,1.53,146.8,-9.78,5342929,-9.78,-9.77588,7.32204,-3.38704,-0.01237,-0.1153,-0.29887,8.34551,6.98626,-42.50219
36.077688,-79.008801,9,1.53,147.7,-6.33,5343129,-6.33,-6.32961,4.73599,-3.07777,-0.23518,-0.55665,0.1938,10.33324,3.78544,-44.95761
36.077701,-79.008797,9,1.46,147.7,-7.12,5343929,-7.12,-7.11506,4.14078,-3.35175,0.00672,0.00275,0.2532,6.59164,10.46478,-40.36831
36.077701,-79.008797,9,1.46,148.5,-10.03,5344129,-10.03,-10.03251,8.37428,-2.15294,-0.0704,1.21868,-1.11743,9.47091,5.20316,-43.67144
36.077722,-79.008801,9,1.78,148.5,-5.86,5344929,-5.86,-5.85823,3.05324,-2.81456,-0.17119,0.04734,-0.04108,7.68781,9.4563,-42.31219
36.077722,-79.008801,9,1.78,148.4,-10.49,5345129,-10.49,-10.48894,7.72343,-4.36511,-0.24129,-0.31704,-0.8407,8.95937,4.677,-37.83981
36.077735,-79.008793,9,2.12,148.4,-4.69,5345929,-4.69,-4.68634,2.18465,-2.735,0.17898,-0.70311,0.56291,7.03011,9.55861,-39.87138
36.077735,-79.008793,9,2.12,148.2,-9.82,5346129,-9.82,-9.82493,6.12981,-4.07976,-0.0339,-0.26389,-0.69318,6.43087,9.90938,-39.06752
36.077746,-79.008791,9,1.55,148.2,-6.99,5346929,-6.99,-6.98884,3.79442,-2.00279,-0.12309,0.09972,-0.489,7.60012,9.33937,-40.8214
36.077746,-79.008791,9,1.55,148.4,-7.99,5347129,-7.99,-7.98605,4.82034,-2.68295,-0.18036,0.02749,-0.25458,7.1178,9.52938,-41.77141
36.077756,-79.008787,9,1.29,148.4,-7.47,5347929,-7.47,-7.46561,4.18505,-3.44806,0.0817,0.21197,-0.72067,9.55861,4.3993,-41.68372
36.077756,-79.008787,9,1.29,148,-7.58,5348129,-7.58,-7.57747,3.95175,-3.73221,-0.30589,0.04032,-0.4693,11.9848,0.78924,-42.32681
36.07777,-79.008782,9,1.65,148,-9.04,5348929,-9.04,-9.0353,3.12503,-3.80878,0.3488,-0.61575,0.32391,10.55247,2.9962,-40.64601
36.07777,-79.008782,9,1.65,148.1,-6.84,5349129,-6.84,-6.84287,3.32004,-2.79781,0.3627,-0.08033,0.58903,9.22245,5.59778,-42.1368
36.07778,-79.008779,9,1.25,148.1,-8.76,5349929,-8.76,-8.76371,3.63051,-1.77547,0.2335,-0.26939,-0.07468,9.60246,6.29933,-46.66764
36.07778,-79.008779,9,1.25,148.8,-7.23,5350129,-7.23,-7.22513,4.87717,-2.13799,0.11942,0.39706,0.8911,8.03858,9.48553,-44.50453
36.077792,-79.008777,9,1.3,148.8,-9.51,5350929,-9.51,-9.51087,2.88335,-1.59003,0.68371,0.46762,0.73457,9.51476,6.59164,-46.43379
36.077792,-79.008777,9,1.3,148.7,-7.4,5351129,-7.4,-7.4022,2.52443,-2.5992,-0.0562,-0.49404,0.41661,6.69395,11.64864,-44.06606
36.077801,-79.008766,9,1.57,148.7,-8.18,5351929,-8.18,-8.18046,4.32084,-1.38305,0.20769,-0.32467,0.33827,12.43788,2.39696,-46.88688
36.077801,-79.008766,9,1.57,148.5,-7.6,5352129,-7.6,-7.59901,4.84068,-2.2684,-0.01054,0.10828,0.50259,9.28091,6.50395,-44.0076
36.077813,-79.00876,9,1.59,148.5,-10.33,5352929,-10.33,-10.334,6.36371,-3.82373,-0.61148,-0.32101,-0.37675,11.97018,0.99386,-43.23297
36.077813,-79.00876,9,1.59,148.8,-6.57,5353129,-6.57,-6.57308,2.92283,-2.28933,-0.80665,-0.17608,0.16188,11.88249,1.00848,-43.7299
36.077826,-79.008757,9,1.58,148.8,-7.92,5353929,-7.92,-7.92144,7.57388,-4.24068,0.39172,0.06521,0.48732,20.82724,-10.96171,-31.62818
36.077826,-79.008757,9,1.58,149.2,-6.32,5354129,-6.32,-6.31825,3.74417,-2.17268,0.35323,0.34911,0.87766,18.02105,-7.80474,-40.76294
36.077839,-79.008753,9,1.66,149.2,-12.66,5354929,-12.66,-12.65684,6.67897,-3.95534,0.43539,-0.15363,-0.60521,16.79334,-6.29933,-42.38527
36.077839,-79.008753,9,1.66,149.1,-5.95,5355129,-5.95,-5.95394,3.8339,-2.22413,0.05559,-0.18692,0.04887,15.96025,-5.37854,-43.45221
36.077849,-79.008742,9,1.94,149.1,-12.57,5355929,-12.57,-12.57309,6.02991,-5.49093,1.29885,-0.06399,0.03848,16.67641,-6.47471,-34.7413
36.077849,-79.008742,9,1.94,149.2,-6.71,5356129,-6.71,-6.70888,3.81835,-2.39282,1.15163,-0.23243,0.69578,13.68021,-3.02543,-43.86144
36.077861,-79.00873,9,2.46,149.2,-12.13,5356929,-12.13,-12.12563,1.26879,-5.02373,0.83673,-0.11759,-0.37904,5.27624,14.42561,-41.49371
36.077861,-79.00873,9,2.46,149.1,-8.04,5357129,-8.04,-8.03749,1.57149,-2.89771,0.70585,0.52397,0.6941,5.23239,16.79334,-45.2207
36.077874,-79.008721,9,1.98,149.1,-12.61,5357929,-12.61,-12.60718,-3.76092,-5.62194,0.63163,-0.13958,0.0817,3.69775,34.58053,-44.29991
36.077874,-79.008721,9,1.98,149.2,-7.77,5358129,-7.77,-7.76591,0.71007,-1.64267,0.37232,0.56398,-0.57864,3.36159,32.24203,-46.24379
36.077889,-79.008708,9,2.68,149.2,-12.1,5358929,-12.1,-12.10349,-2.12842,-2.79183,0.385,-0.2248,1.02366,3.21543,25.7527,-47.03303
36.077889,-79.008708,9,2.68,149.2,-8.44,5359129,-8.44,-8.44307,0.97866,-1.92503,0.66416,0.15684,0.13439,3.17159,28.89506,-45.55685
36.077895,-79.008703,9,1.35,149.2,-11.01,5359929,-11.01,-11.01297,-0.69751,-3.48455,-0.21991,0.14798,0.58032,4.1216,23.13651,-47.85151
36.077895,-79.008703,9,1.35,149.5,-10.57,5360129,-10.57,-10.5691,-1.29272,-5.01237,0.64232,-0.49007,0.8068,2.86466,33.17743,-44.08068
36.07791,-79.0087,9,1.27,149.5,-10.34,5360929,-10.34,-10.34357,-1.39681,-4.62772,-0.37293,-0.1657,0.50167,4.66238,21.10494,-47.54458
36.07791,-79.0087,9,1.27,150,-11.77,5361129,-11.77,-11.77448,0.85184,-2.29472,0.18647,-0.38011,0.34315,3.69775,24.23268,-45.83455
36.077921,-79.008687,9,2.03,150,-10.95,5361929,-10.95,-10.94657,-1.9005,-2.55553,-0.28039,-0.22969,0.76114,5.32008,17.74335,-49.56153
36.077921,-79.008687,9,2.03,150,-11.33,5362129,-11.33,-11.32882,1.52303,-2.58006,-0.02367,0.37171,0.28634,3.58082,24.1596,-45.23531
36.077938,-79.008685,9,2.09,150,-10.88,5362929,-10.88,-10.87658,1.09711,-2.7673,0.13592,-0.45647,0.00687,8.43321,9.734,-49.76615
36.077938,-79.008685,9,2.09,150.3,-19.6,5363129,-19.6,-19.59961,3.80279,-2.15294,0.29596,1.47646,-1.84741,4.95469,17.7872,-46.68225
36.077949,-79.008691,9,1.39,150.3,-12.24,5363929,-12.24,-12.24168,0.08495,-2.15593,0.1941,-0.30421,0.40959,8.49167,10.66939,-50.96463
36.077949,-79.008691,9,1.39,150.8,-11.32,5364129,-11.32,-11.32104,2.49153,-0.08913,0.92684,-1.10521,0.57605,5.39316,18.66413,-48.45074
36.077962,-79.008683,9,1.77,150.8,-11.21,5364929,-11.21,-11.21277,0.14536,-3.55813,-0.16386,-0.2897,0.32788,5.32008,17.99182,-49.31306
36.077962,-79.008683,9,1.77,150.6,-12.69,5365129,-12.69,-12.69213,3.57248,-0.02453,0.94715,-1.00915,0.65225,4.51622,21.32417,-45.20608
36.077968,-79.008662,9,2.13,150.6,-9.67,5365929,-9.67,-9.67059,0.46062,-4.36032,-0.1854,0.01848,0.25565,3.68313,24.05729,-45.6884
36.077968,-79.008662,9,2.13,149.9,-10.26,5366129,-10.26,-10.26401,3.06939,-1.77069,0.4806,-0.05055,0.78847,3.12774,26.35194,-43.59836
36.077985,-79.008663,9,1.31,149.9,-10.7,5366929,-10.7,-10.70369,1.25145,-3.62812,-0.46716,-0.28909,-0.32116,4.50161,22.34727,-49.21076
36.077985,-79.008663,9,1.31,150.3,-11.53,5367129,-11.53,-11.52862,2.98385,-0.23928,0.11347,-0.69226,0.6437,4.64776,23.79421,-49.83923
36.078001,-79.008659,9,1.51,150.3,-11.85,5367929,-11.85,-11.84687,2.10927,-2.44546,0.0843,0.12278,-0.09407,4.16545,22.91727,-49.28384
36.078001,-79.008659,9,1.51,149.2,-10.82,5368129,-10.82,-10.81735,1.17787,-0.11545,0.323,-0.64736,0.1434,5.61239,26.93657,-52.49927
36.078015,-79.008645,9,2.41,149.2,-7.33,5368929,-7.33,-7.32503,1.23888,-2.0016,-0.27917,0.10415,0.29566,5.58316,24.67115,-48.8746
36.078015,-79.008645,9,2.41,148.8,-11.81,5369129,-11.81,-11.80559,1.72463,-3.79502,-0.04734,-0.92836,-0.03543,4.61853,29.43584,-51.47617
36.078033,-79.008632,9,2.83,148.8,-5.53,5369929,-5.53,-5.53221,1.18325,-2.28275,-0.45693,0.94791,0.80894,4.7793,21.09032,-48.65536
36.078033,-79.008632,9,2.83,147.8,-12.95,5370129,-12.95,-12.94577,3.19502,-2.5017,0.43387,-0.16325,0.42058,4.51622,23.86729,-48.96229
36.07805,-79.008623,9,2.45,147.8,-8.95,5370929,-8.95,-8.95454,3.07896,-1.15514,-0.37217,0.27016,-0.47785,7.35165,19.19029,-53.24467
36.07805,-79.008623,9,2.45,147.7,-10.04,5371129,-10.04,-10.04268,0.65563,-2.94616,-0.45983,-0.23534,0.33796,6.50395,20.49109,-52.67466
36.078064,-79.008615,9,2.28,147.7,-8.93,5371929,-8.93,-8.93301,-0.90269,0.19681,0.14783,0.05635,-1.17821,6.37241,37.91289,-53.61006
36.078064,-79.008615,9,2.28,147,-8.07,5372129,-8.07,-8.0686,-0.89731,-2.27378,-0.38408,-0.13439,-0.11026,5.40778,31.29202,-53.59544
36.078081,-79.008611,9,2.41,147,-12.12,5372929,-12.12,-12.12084,1.93639,-1.09232,-0.41676,1.82664,-0.70295,4.54545,25.28501,-49.42999
36.078081,-79.008611,9,2.41,147.1,-6.89,5373129,-6.89,-6.89492,1.6995,-2.35633,-0.83322,0.66233,0.58154,6.09471,19.92108,-51.08155
36.078091,-79.008604,9,1.67,147.1,-10.61,5373929,-10.61,-10.60858,2.87797,-1.91187,0.05391,0.05788,-0.25259,3.62467,31.81818,-42.4145
36.078091,-79.008604,9,1.67,146.3,-10.51,5374129,-10.51,-10.50928,3.28834,-2.74517,0.20204,-0.64217,-1.12903,4.3993,26.95119,-46.84303
36.078105,-79.008599,9,1.44,146.3,-7.12,5374929,-7.12,-7.12283,1.26221,-1.52842,-0.11668,0.00657,0.11301,3.39082,33.39667,-44.22683
36.078105,-79.008599,9,1.44,146.1,-12.59,5375129,-12.59,-12.59223,2.28993,-0.57966,0.01619,1.88513,-1.13041,4.5893,26.52733,-49.02076
36.078118,-79.008595,9,1.24,146.1,-8.27,5375929,-8.27,-8.2696,1.62652,-2.51067,0.04414,-0.32758,0.22709,4.03391,33.8936,-48.2169
36.078118,-79.008595,9,1.24,145.7,-10.18,5376129,-10.18,-10.18146,2.16012,-2.62373,-0.26817,-0.1237,-0.15119,3.52236,34.21514,-45.133
36.078128,-79.008588,9,1.58,145.7,-6.48,5376929,-6.48,-6.47737,0.39362,-2.22891,0.18876,-0.16524,0.62094,3.90237,32.03741,-49.5323
36.078128,-79.008588,9,1.58,145.5,-9.74,5377129,-9.74,-9.74477,1.23529,-2.18704,0.2164,-0.37874,0.50992,3.34697,36.84595,-44.98685
36.078137,-79.008587,9,1.1,145.5,-9.29,5377929,-9.29,-9.28834,-0.4331,-1.13121,0.61453,-0.21777,-0.16768,5.42239,29.18737,-51.62233
36.078137,-79.008587,9,1.1,145.4,-9.49,5378129,-9.49,-9.49352,1.29751,-0.9344,0.17349,-0.42593,0.19792,4.76469,31.54049,-50.45308
36.078147,-79.008587,9,0.92,145.4,-10.09,5378929,-10.09,-10.08814,-0.59043,-1.56072,0.68188,-0.09377,-0.32254,4.16545,33.46975,-49.83923
36.078147,-79.008587,9,0.92,145.1,-6.91,5379129,-6.91,-6.91047,1.68754,-1.3663,0.40729,-0.62843,0.71273,4.01929,32.54896,-46.52148
36.078157,-79.008582,9,1.05,145.1,-13.38,5379929,-13.38,-13.37648,1.74018,2.3324,1.3013,-0.17761,0.10263,5.48085,30.8974,-51.50541
36.078157,-79.008582,9,1.05,144.4,-6.75,5380129,-6.75,-6.74537,1.50509,-1.46261,0.60476,-0.7338,0.34224,4.42853,34.24437,-47.95382
36.078168,-79.008574,9,1.3,144.4,-13.64,5380929,-13.64,-13.6355,0.97687,-2.83549,0.26084,0.82772,-0.38775,3.81467,36.37825,-45.33762
36.078168,-79.008574,9,1.3,144,-7.52,5381129,-7.52,-7.52244,0.4995,-1.2664,1.20371,-1.12124,0.31811,4.18006,39.37445,-43.99298
36.078179,-79.008565,9,1.48,144,-11.62,5381929,-11.62,-11.61895,0.75912,-2.21516,0.31246,-0.20739,0.60063,4.34084,36.53902,-49.42999
36.078179,-79.008565,9,1.48,143.6,-9.08,5382129,-9.08,-9.07538,1.51705,-1.4016,0.74083,-0.63637,-0.43753,4.09237,37.7375,-48.08536
36.078186,-79.00855,9,1.44,143.6,-10.15,5382929,-10.15,-10.14856,-0.05803,-2.03928,-0.46426,-0.07682,0.44349,4.56007,37.78135,-49.13768
36.078186,-79.00855,9,1.44,143.2,-10.57,5383129,-10.57,-10.5673,1.46142,-0.33559,0.13439,-0.33934,0.15669,4.66238,38.30751,-48.23151
36.078197,-79.008549,9,1.3,143.2,-9.42,5383929,-9.42,-9.41875,0.36311,-1.78086,-0.27825,-0.18433,0.12019,5.17393,26.27887,-52.77697
36.078197,-79.008549,9,1.3,142.9,-14.64,5384129,-14.64,-14.6351,1.48893,-0.43729,0.50809,0.13867,-0.51007,4.70623,31.48202,-51.15463
36.078207,-79.008543,9,1.29,142.9,-7.05,5384929,-7.05,-7.04626,-0.37448,-2.76311,-0.08567,-0.3459,0.13836,3.66852,37.56212,-42.85297
36.078207,-79.008543,9,1.29,142.9,-13.04,5385129,-13.04,-13.04208,-0.65145,-1.42193,1.1469,0.32803,-0.08858,4.16545,41.02602,-41.50833
36.078215,-79.008524,9,1.81,142.9,-6.61,5385929,-6.61,-6.60658,1.17727,-1.48295,-0.77168,0.11881,0.177,4.37007,44.29991,-39.92985
36.078215,-79.008524,9,1.81,142.6,-12.18,5386129,-12.18,-12.18186,0.0317,-1.42971,-0.36133,-0.0733,0.2729,4.76469,43.97837,-40.85063
36.078222,-79.008508,9,2.17,142.6,-8.55,5386929,-8.55,-8.55015,1.09651,-3.37986,0.05589,-0.17379,-1.24113,4.79392,45.74686,-33.99591
36.078222,-79.008508,9,2.17,142.5,-9.38,5387129,-9.38,-9.38106,-0.94995,-2.16371,-0.01359,-0.51496,0.40378,3.78544,42.92604,-36.72903
36.078225,-79.008497,9,1.45,142.5,-9.95,5387929,-9.95,-9.95055,2.0321,-1.41715,-0.177,-0.47877,-0.89629,5.20316,47.07688,-32.08126
36.078225,-79.008497,9,1.45,142.5,-7.24,5388129,-7.24,-7.23769,-1.35075,-1.73779,-1.39369,0.51908,1.45554,6.54779,51.90003,-38.49752
36.07823,-79.008491,9,1.05,142.5,-13.64,5388929,-13.64,-13.64208,2.12423,-0.51326,-1.28389,2.27333,-1.29824,3.9316,42.95528,-43.62759
36.07823,-79.008491,9,1.05,142.6,-5.55,5389129,-5.55,-5.54955,0.69512,-1.91904,-0.71456,-0.22449,0.66264,3.80006,38.02982,-43.33528
36.078238,-79.00847,9,2.04,142.6,-12.55,5389929,-12.55,-12.55035,2.23609,-1.53978,-0.79229,2.24111,-1.11911,4.54545,40.99678,-45.19146
36.078238,-79.00847,9,2.04,142.4,-7.46,5390129,-7.46,-7.46082,1.42911,-2.3324,-1.34375,0.79779,0.55451,3.61006,31.23356,-48.56767
36.078251,-79.008457,9,1.96,142.4,-10.5,5390929,-10.5,-10.49911,4.7007,-1.97288,-0.47128,0.07055,-0.936,3.23005,33.83514,-46.50687
36.078251,-79.008457,9,1.96,142.2,-8.07,5391129,-8.07,-8.0692,2.80917,-2.25045,-1.09406,0.76664,-0.26756,5.247,26.08886,-51.8708
36.078261,-79.008444,9,2.22,142.2,-10.62,5391929,-10.62,-10.62234,3.6341,-0.99123,-0.00932,-0.11148,-0.45143,4.22391,27.21426,-49.56153
36.078261,-79.008444,9,2.22,142.4,-9.94,5392129,-9.94,-9.93679,3.99482,-3.11246,-0.36041,-1.09772,-1.10994,7.84858,18.51798,-55.26162
36.078273,-79.00844,9,1.91,142.4,-9.79,5392929,-9.79,-9.79323,2.62313,-0.75254,-0.45189,1.12078,0.01878,3.30313,34.97515,-44.84069
36.078273,-79.00844,9,1.91,142.5,-10.69,5393129,-10.69,-10.69293,3.74118,-0.91286,-0.58093,0.28955,-1.01236,6.84011,27.08272,-56.13856
36.078277,-79.008428,9,1.3,142.5,-8.76,5393929,-8.76,-8.76311,2.13559,-0.50489,-0.39172,0.58842,0.28359,4.01929,33.79129,-49.0646
36.078277,-79.008428,9,1.3,142.4,-11.68,5394129,-11.68,-11.67877,2.48076,1.43091,-0.32635,1.62811,-0.21182,4.99854,28.16428,-53.17159
36.078287,-79.008416,9,2.07,142.4,-8.57,5394929,-8.57,-8.56989,1.38903,-0.69452,-0.48396,-0.3062,-0.06414,4.00468,27.31657,-49.12306
36.078287,-79.008416,9,2.07,142,-13.56,5395129,-13.56,-13.55713,0.89073,1.12642,-0.32834,1.05634,-1.36513,6.41625,20.94417,-54.26776
36.078296,-79.00841,9,1.45,142,-5.59,5395929,-5.59,-5.59442,-1.68515,-2.2666,1.12888,-0.07514,1.24219,11.54633,56.32856,-53.50774
36.078296,-79.00841,8,1.45,142,-11.03,5396129,-11.03,-11.02972,-1.79222,-4.20359,-0.74831,-0.58765,-1.40132,10.62555,55.67086,-50.48232
36.078307,-79.008409,8,1.4,142,-8.48,5396929,-8.48,-8.47956,-0.14237,-1.07079,-0.44746,-0.51252,-0.38591,4.42853,30.63432,-51.54926
36.078307,-79.008409,9,1.4,141.6,-8.81,5397129,-8.81,-8.81396,1.15633,-2.02792,-0.84422,-0.2813,-0.38011,4.16545,27.27273,-46.44841
36.078314,-79.008408,9,1.22,141.6,-6.36,5397929,-6.36,-6.36491,2.90967,-1.66959,0.28527,-0.7955,0.03238,6.00702,24.51038,-50.07307
36.078314,-79.008408,9,1.22,141.4,-9.93,5398129,-9.93,-9.93261,0.53659,-1.49492,-0.3123,0.04612,0.01115,4.99854,25.18269,-50.45308
36.078327,-79.008406,9,1.47,141.4,-4.81,5398929,-4.81,-4.81256,2.56989,0.25244,-0.26328,-0.22327,0.4412,6.08009,20.30108,-48.68459
36.078327,-79.008406,9,1.47,141.2,-14.55,5399129,-14.55,-14.54537,4.43211,6.28834,-0.54214,1.45386,-0.25504,10.74247,11.47325,-53.04005
36.078338,-79.008407,9,1.73,141.2,-6.57,5399929,-6.57,-6.56531,0.69512,-0.18784,-0.45433,0.38439,-0.26527,6.02163,16.99795,-47.79304
36.078338,-79.008407,9,1.73,140.8,-13.4,5400129,-13.4,-13.39921,3.45165,2.0333,0.29581,0.07544,-0.55879,11.82403,12.36481,-56.76703
36.078347,-79.008407,9,1.42,140.8,-17,5400929,-17,-17.0034,4.41954,1.9992,-0.94134,2.77043,-1.50258,7.98012,19.35107,-55.49547
36.078347,-79.008407,9,1.42,140.8,-5.52,5401129,-5.52,-5.51546,-0.71426,-1.73898,0.06353,0.16753,0.19242,9.4563,12.20403,-55.97779
36.078359,-79.008402,9,1.62,140.8,-11.16,5401929,-11.16,-11.16491,3.67717,1.0672,0.09438,-0.51557,-0.91737,9.60246,19.658,-57.48319
36.078359,-79.008402,9,1.62,140.2,-6.85,5402129,-6.85,-6.85185,1.55593,-2.08176,0.3656,-1.18844,-0.38042,8.37474,17.12949,-55.72932
36.078372,-79.008391,9,1.85,140.2,-11.65,5402929,-11.65,-11.65125,2.95693,0.62453,0.21808,0.18051,-1.90834,11.76557,23.3119,-62.33558
36.078372,-79.008391,9,1.85,140.3,-10.14,5403129,-10.14,-10.14377,-2.19601,-1.8664,0.46914,-1.20707,-0.4725,10.12862,21.22186,-62.24788
36.07839,-79.008383,9,2.06,140.3,-11.59,5403929,-11.59,-11.58665,1.99561,-3.08076,0.01573,0.18662,0.17532,5.8024,30.72201,-55.15931
36.07839,-79.008383,9,2.06,140.3,-11.25,5404129,-11.25,-11.25285,-1.75155,-3.46421,0.92424,-1.16828,0.18112,6.4601,38.97983,-55.02777
36.078403,-79.008379,9,1.8,140.3,-7.6,5404929,-7.6,-7.59781,0.75972,-3.48694,-0.90316,0.02596,0.38943,4.41391,39.85677,-49.88308
36.078403,-79.008379,9,1.8,140.5,-12.64,5405129,-12.64,-12.63769,-0.35115,-0.36191,-0.40653,0.23137,0.65408,5.29085,39.65215,-50.67232
36.078414,-79.008366,9,2.06,140.5,-8.3,5405929,-8.3,-8.3007,1.39502,-2.05185,-1.03633,0.33521,-0.28451,5.53932,42.42912,-51.72464
36.078414,-79.008366,9,2.06,139.9,-10.59,5406129,-10.59,-10.59183,-1.22453,-1.02712,-0.10751,-0.19044,0.32147,5.91932,41.53756,-51.76849
36.078421,-79.008349,9,1.69,139.9,-8.32,5406929,-8.32,-8.31925,1.76411,-2.799,-0.66645,-0.27229,-0.52244,4.42853,42.18065,-48.91845
36.078421,-79.008349,9,1.69,139.5,-12.56,5407129,-12.56,-12.56292,-0.30628,-0.95952,-0.2981,0.01527,0.3091,5.55393,41.8591,-51.05233
36.078433,-79.008332,9,2.13,139.5,-9.49,5407929,-9.49,-9.49472,2.12483,-1.92622,0.05024,-1.21715,-0.73747,4.88161,40.64601,-48.97691
36.078433,-79.008332,9,2.13,139,-10.64,5408129,-10.64,-10.64447,0.18126,-1.39083,-0.4641,0.50717,0.41783,5.15931,41.62526,-50.05846
36.078445,-79.008316,9,2.0,139,-7.76,5408929,-7.76,-7.76292,2.8337,-0.99362,-0.49633,-1.03022,-1.11193,5.04239,38.24905,-50.21923
36.078445,-79.008316,9,2.0,138.4,-10.05,5409129,-10.05,-10.04866,0.95175,-0.51864,-0.57391,0.0817,0.33124,5.43701,35.8667,-53.42006
36.078454,-79.008303,9,1.81,138.4,-8.49,5409929,-8.49,-8.48974,3.22911,1.08933,0.00122,-0.61957,-0.47999,5.93394,42.06372,-53.06927
36.078454,-79.008303,9,1.81,138.3,-8.43,5410129,-8.43,-8.42932,0.47079,-0.42054,-0.43906,-0.12675,0.26221,6.41625,39.03829,-55.18854
36.078459,-79.008284,9,2.23,138.3,-10.99,5410929,-10.99,-10.98784,1.46321,0.39362,-0.08292,1.04382,-0.67424,5.96317,46.24379,-47.82227
36.078459,-79.008284,9,2.23,138.2,-7.41,5411129,-7.41,-7.41296,0.35174,-1.42493,-0.63881,0.24114,0.86117,5.70009,43.1599,-50.76001
36.078479,-79.008276,9,2.0,138.2,-12.52,5411929,-12.52,-12.51805,-0.24945,-0.31944,-0.92348,1.29931,0.13485,5.75855,46.44841,-46.78456
36.078479,-79.008276,9,2.0,138,-8.58,5412129,-8.58,-8.58186,1.45065,-0.94636,-0.25595,0.32544,0.41249,5.247,40.33908,-50.52616
36.078494,-79.008258,9,2.51,138,-11.63,5412929,-11.63,-11.62852,1.35314,0.98883,-0.5875,0.20601,-0.26725,5.26162,43.99298,-47.89535
36.078494,-79.008258,9,2.51,137.9,-8.86,5413129,-8.86,-8.86122,2.64108,-1.41296,-0.15974,-1.08093,-0.47373,4.5893,38.73137,-50.35077
36.078502,-79.008245,9,1.68,137.9,-9.04,5413929,-9.04,-9.03709,0.54796,-0.68853,-0.41722,-0.1686,-0.25672,5.10085,44.09529,-47.99766
36.078502,-79.008245,9,1.68,137.6,-10.53,5414129,-10.53,-10.5344,0.37388,2.03151,0.20983,-0.08506,-0.26588,6.56241,39.50599,-54.54546
36.078514,-79.008226,9,2.54,137.6,-6.8,5414929,-6.8,-6.79861,1.1994,-0.5677,-0.00061,-0.29444,0.24496,5.04239,43.87606,-46.79918
36.078514,-79.008226,9,2.54,136.5,-12.76,5415129,-12.76,-12.76152,0.1657,-1.14257,-0.87659,1.22005,-0.22037,5.55393,43.46682,-49.51768
36.078521,-79.00821,9,2.42,136.5,-7.78,5415929,-7.78,-7.77548,1.59661,-0.41456,0.28634,-0.89202,0.13439,5.30547,46.18533,-43.64221
36.078521,-79.00821,9,2.42,136,-11,5416129,-11,-10.99921,0.76152,0.15135,-0.54199,0.45601,-0.12813,5.59778,48.20228,-42.94066
36.07853,-79.008192,9,2.45,136,-7.47,5416929,-7.47,-7.4662,2.08654,0.54676,0.36178,-0.9389,-0.01252,4.16545,42.04911,-45.07454
36.07853,-79.008192,9,2.45,135.3,-10.19,5417129,-10.19,-10.18983,1.59482,1.45663,-0.57284,1.02656,0.58063,5.58316,45.08916,-46.76995
36.078539,-79.008178,9,2.28,135.3,-7.31,5417929,-7.31,-7.31366,1.94716,-0.80758,0.38271,-1.08963,-0.1996,5.057,42.82373,-47.20842
36.078539,-79.008178,9,2.28,134.8,-11.04,5418129,-11.04,-11.0357,1.63908,1.20838,-0.75931,0.69242,0.83123,4.677,46.65303,-46.37533
36.078549,-79.008165,9,2.16,134.8,-7.66,5418929,-7.66,-7.65763,1.0325,-0.5665,0.09346,-0.21747,-0.0533,5.90471,44.0076,-49.31306
36.078549,-79.008165,9,2.16,134.4,-10.34,5419129,-10.34,-10.34238,1.01994,0.3655,-0.27016,-0.20159,0.02825,5.40778,43.91991,-48.52382
36.078553,-79.008151,9,1.74,134.4,-8.16,5419929,-8.16,-8.15773,0.82193,0.0012,0.50793,-0.04536,-0.10125,6.28471,39.59369,-53.68313
36.078553,-79.008151,9,1.74,134.6,-9.1,5420129,-9.1,-9.09512,0.92363,-0.01256,-0.11118,0.14004,0.67684,5.45162,42.18065,-49.7223
36.078565,-79.008141,9,1.78,134.6,-10.07,5420929,-10.07,-10.07318,-1.28255,-0.24287,0.7674,-0.00672,-0.12187,5.5247,43.21836,-47.98305
36.078565,-79.008141,9,1.78,133.8,-8.27,5421129,-8.27,-8.27378,0.01496,-1.99741,0.70402,-0.2387,0.09942,4.69161,47.41304,-40.85063
36.078582,-79.008134,9,2.61,133.8,-9.34,5421929,-9.34,-9.34218,-1.66301,-2.81575,0.34774,0.197,-0.69593,5.27624,46.98919,-39.696
36.078582,-79.008134,9,2.61,133.8,-8.18,5422129,-8.18,-8.18166,0.99541,-1.94716,0.39309,0.21365,0.48564,3.63929,42.75066,-41.08448
36.078592,-79.008127,9,1.89,133.8,-11.33,5422929,-11.33,-11.33301,-2.05603,-1.56192,0.33811,0.38912,0.10812,5.83163,45.77609,-48.56767
36.078592,-79.008127,9,1.89,134.1,-7.68,5423129,-7.68,-7.68216,1.07677,-1.39442,0.43875,-0.73884,-0.01833,4.00468,44.50453,-42.92604
36.078606,-79.00812,9,1.9,134.1,-13.67,5423929,-13.67,-13.67259,0.17527,-2.72483,0.01054,0.8656,0.18647,3.56621,37.88366,-47.33996
36.078606,-79.00812,9,1.9,134,-8.11,5424129,-8.11,-8.11346,1.25683,-1.0319,0.24542,-0.1857,0.15653,4.07775,38.11751,-45.86378
36.078616,-79.008112,9,1.85,134,-11.74,5424929,-11.74,-11.7362,1.62293,-2.2008,-0.28955,-0.21579,0.1347,4.23853,32.98743,-50.01461
36.078616,-79.008112,9,1.85,133.2,-10.25,5425129,-10.25,-10.24846,1.95733,-1.88854,0.63148,-1.26144,-0.1208,4.2093,33.46975,-49.92692
36.078632,-79.008099,9,2.57,133.2,-9.04,5425929,-9.04,-9.03709,1.78445,-2.25882,-0.73777,-0.01038,0.06674,4.50161,31.61356,-50.97924
36.078632,-79.008099,9,2.57,132,-12.3,5426129,-12.3,-12.30389,0.13161,-3.65025,0.05452,-0.20815,0.71135,4.22391,34.98977,-48.65536
36.078643,-79.008093,9,1.86,132,-7.29,5426929,-7.29,-7.29392,0.14417,-3.38824,-0.20265,-0.28375,0.32345,4.82315,23.86729,-50.42385
36.078643,-79.008093,9,1.86,131.6,-12.78,5427129,-12.78,-12.78126,1.1665,-2.91506,0.48946,-0.09377,0.73579,4.13622,23.86729,-49.00614
36.078651,-79.008083,9,2.17,131.6,-8.71,5427929,-8.71,-8.71107,2.27438,-2.48734,-0.33307,-0.13744,0.54611,5.58316,25.40193,-52.22157
36.078651,-79.008083,9,2.17,131.7,-9.69,5428129,-9.69,-9.68555,-0.60239,-2.60818,0.41829,-1.03664,0.71685,3.84391,31.13125,-49.28384
36.078666,-79.008074,9,2.84,131.7,-6.9,5428929,-6.9,-6.89552,2.48375,-1.5003,-0.25809,0.23259,0.66722,7.65858,24.93423,-56.10933
36.078666,-79.008074,9,2.84,131.7,-10.59,5429129,-10.59,-10.58764,0.63649,-2.25224,0.18372,-0.29825,0.7199,6.09471,28.80737,-55.55393
36.078671,-79.008066,9,1.6,131.7,-6.51,5429929,-6.51,-6.50728,3.05922,-1.41356,0.06582,0.22785,-0.07727,5.27624,24.91961,-51.08155
36.078671,-79.008066,9,1.6,131.6,-11.26,5430129,-11.26,-11.25644,1.59422,-2.42991,0.06093,-0.13393,0.27321,5.49547,27.50658,-52.41158
36.07868,-79.008054,9,2.04,131.6,-8.12,5430929,-8.12,-8.12124,3.51087,-1.73898,-0.01649,0.06384,-0.2306,6.9278,26.11809,-55.057
36.07868,-79.008054,9,2.04,131.6,-11.77,5431129,-11.77,-11.77388,2.50289,-0.88176,-0.07346,-0.05437,-0.27917,5.61239,29.17276,-53.49313
36.078691,-79.008049,9,1.75,131.6,-10.87,5431929,-10.87,-10.8688,3.60299,1.22692,0.28237,0.04688,-0.48778,5.32008,33.35282,-50.9354
36.078691,-79.008049,9,1.75,131.3,-7.5,5432129,-7.5,-7.5027,1.58345,-0.67358,-0.47128,0.08522,0.56749,5.01315,34.11283,-49.91231
36.078696,-79.00804,9,1.3,131.3,-12.11,5432929,-12.11,-12.10948,2.61476,-0.64008,-0.64416,1.16996,0.5284,4.32622,37.97135,-47.58842
36.078696,-79.00804,9,1.3,131.2,-8.54,5433129,-8.54,-8.54178,3.36012,-0.41396,-0.54886,0.8178,0.05742,6.05086,34.21514,-52.63081
36.078702,-79.008034,9,1.07,131.2,-8.23,5433929,-8.23,-8.22892,2.44965,-0.5342,-0.77061,0.4583,0.50015,4.45776,35.82286,-46.60918
36.078702,-79.008034,9,1.07,131,-13.49,5434129,-13.49,-13.49193,2.34198,3.58505,-0.27474,1.10551,-0.61835,7.24934,33.74744,-55.37854
36.078708,-79.008017,9,1.97,131,-6.06,5434929,-6.06,-6.06222,1.93699,-1.12522,0.20769,-0.7645,-0.56108,4.03391,40.49986,-42.47296
36.078708,-79.008017,9,1.97,130.9,-12.36,5435129,-12.36,-12.36312,0.90927,-0.9996,-1.75288,2.64902,-0.40225,4.13622,38.80444,-48.53844
36.078724,-79.008,9,2.75,130.9,-6.03,5435929,-6.03,-6.0335,2.4329,-0.2662,0.29398,-1.35566,-0.15348,3.82929,38.97983,-47.58842
36.078724,-79.008,9,2.75,130.8,-14.19,5436129,-14.19,-14.19422,2.6997,-0.46361,-0.81031,1.2677,0.57803,4.18006,38.62906,-47.13534
36.078736,-79.007983,9,2.96,130.8,-6.28,5436929,-6.28,-6.27817,1.54158,-0.2004,0.2022,-0.83307,0.16982,3.7416,43.65683,-42.37065
36.078736,-79.007983,9,2.96,129.7,-11.53,5437129,-11.53,-11.52563,2.08893,-0.30508,-0.99663,0.83948,0.09728,3.43467,41.49371,-40.30985
36.078741,-79.007975,9,1.92,129.7,-8.1,5437929,-8.1,-8.1009,1.71625,0.77228,0.49266,-0.03039,-0.44196,4.15083,42.56065,-42.10757
36.078741,-79.007975,9,1.92,129.4,-8.83,5438129,-8.83,-8.82652,1.67019,-0.50369,-0.60521,0.39401,0.28909,3.61006,42.01988,-40.55832
36.078753,-79.00796,9,2.57,129.4,-9.81,5438929,-9.81,-9.81237,1.37228,-0.12981,0.6014,-0.61331,0.17959,4.83777,43.30605,-44.29991
36.078753,-79.00796,9,2.57,129.5,-8.13,5439129,-8.13,-8.135,1.80479,1.55713,-0.10079,-0.08659,-0.38011,4.16545,39.09676,-46.08302
36.078762,-79.007949,9,2.3,129.5,-10.22,5439929,-10.22,-10.22034,3.40379,-1.12941,-0.07285,0.46517,0.44089,4.37007,32.13972,-50.38
36.078762,-79.007949,9,2.3,129.2,-12.79,5440129,-12.79,-12.78784,2.51067,1.97348,0.34254,0.88652,0.07712,4.95469,35.209,-49.35691
36.078775,-79.007947,9,1.25,129.2,-9.88,5440929,-9.88,-9.87578,2.36531,-0.93799,-0.06338,0.18387,-0.63301,3.56621,37.21134,-46.50687
36.078775,-79.007947,9,1.25,128.8,-9.28,5441129,-9.28,-9.28296,1.24247,0.66281,0.40332,0.01359,0.35064,4.32622,39.35984,-47.76381
36.078776,-79.007942,9,0.77,128.8,-9.91,5441929,-9.91,-9.91227,1.9011,-1.09472,-0.4102,0.25397,-0.03879,4.72084,46.8138,-39.44753
36.078776,-79.007942,9,0.77,128.3,-11.54,5442129,-11.54,-11.5364,1.24666,-0.50369,-0.86254,0.551,-0.61285,4.88161,44.98685,-42.63373
36.078781,-79.007939,9,0.6,128.3,-11.9,5442929,-11.9,-11.89891,2.55673,-0.52044,-0.36713,0.36866,-0.42119,4.94008,43.52528,-45.45455
36.078781,-79.007939,9,0.6,128.4,-9.74,5443129,-9.74,-9.74238,0.14177,-0.09571,0.15699,-0.4835,0.04719,5.01315,45.71763,-43.20374
36.078788,-79.007939,9,0.24,128.4,-8.62,5443929,-8.62,-8.61536,1.44646,-0.31047,-0.25779,0.19929,0.36133,4.15083,46.93072,-37.8252
36.078788,-79.007939,9,0.24,128.3,-8.67,5444129,-8.67,-8.6692,2.61236,0.13041,-0.23885,-0.11011,-0.08552,4.75007,47.92458,-39.79831
36.078796,-79.007943,9,0.75,128.3,-11.98,5444929,-11.98,-11.98386,1.66002,2.00818,-0.8685,0.77427,-0.30253,9.96785,30.99971,-60.114
36.078796,-79.007943,9,0.75,128.4,-9.05,5445129,-9.05,-9.05145,3.44806,1.6014,-0.29658,-0.37828,-0.7787,8.27244,27.88658,-57.33703
36.078804,-79.007942,9,0.99,128.4,-8.64,5445929,-8.64,-8.63929,3.33201,-3.22732,-0.49618,0.8827,0.44257,3.7416,22.34727,-40.13446
36.078804,-79.007942,9,0.99,127.9,-8.65,5446129,-8.65,-8.65484,3.0353,-3.42054,-1.49708,-0.27901,-0.04276,4.04852,22.96112,-43.48144
36.078809,-79.007943,9,0.47,127.9,-10.46,5446929,-10.46,-10.46381,1.0995,-3.02991,-0.08522,0.63286,0.53435,7.32242,7.22011,-36.77287
36.078809,-79.007943,9,0.47,127.5,-10.42,5447129,-10.42,-10.41596,0.02034,-1.42792,0.12737,0.32467,0.59895,5.37854,9.13476,-43.39374
36.078816,-79.00794,9,0.29,127.5,-6.83,5447929,-6.83,-6.8333,-4.25863,5.39641,-0.81795,2.50974,0.30039,24.53961,28.25197,-68.02105
36.078816,-79.00794,9,0.29,127.7,-7.61,5448129,-7.61,-7.61157,-3.54736,5.42991,-0.05712,0.06353,-0.04749,28.17889,25.5627,-68.82491
36.07882,-79.007941,9,0.12,127.7,-7.63,5448929,-7.63,-7.62832,-3.71785,5.13978,-0.00244,-0.00061,0.00397,28.77814,25.85501,-68.28413
36.07882,-79.007941,9,0.12,127.7,-7.64,5449129,-7.64,-7.63789,-3.72263,5.1344,-0.00199,0.00076,0.00901,28.03274,25.3727,-68.88336
36.078824,-79.007942,9,0.08,127.7,-7.62,5449929,-7.62,-7.62114,-3.72144,5.10688,-0.00535,0.00489,0.00458,27.87197,25.70886,-68.98568
36.078824,-79.007942,9,0.08,127.8,-7.61,5450129,-7.61,-7.60858,-3.69332,5.10628,-0.0026,0.00443,0.0084,28.26659,25.51886,-69.4826
36.078827,-79.007944,9,0.09,127.8,-7.62,5450929,-7.62,-7.62293,-3.71605,5.14218,-0.00458,0.00229,0.00489,28.13505,26.24964,-69.27799
36.078827,-79.007944,9,0.09,127.6,-7.59,5451129,-7.59,-7.59482,-3.71964,5.13081,-0.00519,0.00137,0.00687,28.67583,26.36656,-68.53259
36.07883,-79.007945,9,0.14,127.6,-7.62,5451929,-7.62,-7.62234,-3.71546,5.14158,-0.00367,0.00137,0.00519,27.68196,25.51886,-69.58492
36.07883,-79.007945,9,0.14,127.4,-7.63,5452129,-7.63,-7.63011,-3.73579,5.10449,-0.00504,0.00489,0.00397,28.12043,26.00117,-69.27799
36.078835,-79.007943,9,0.16,127.4,-7.6,5452929,-7.6,-7.6014,-3.74297,5.19542,-0.00443,-0.00015,0.00443,28.20813,25.98655,-68.67875
36.078835,-79.007943,9,0.16,127,-7.61,5453129,-7.61,-7.60738,-3.72323,5.13679,-0.00122,0.00382,0.00794,28.31044,25.95732,-68.25489
36.078839,-79.007943,9,0.15,127,-7.6,5453929,-7.6,-7.59901,-3.73819,5.12901,-0.00275,0.00641,0.0058,27.9012,25.57732,-68.67875
36.078839,-79.007943,9,0.15,127,-7.58,5454129,-7.58,-7.58286,-3.73161,5.09013,-0.00244,0.0055,0.00962,28.04736,25.60655,-69.00029
36.078841,-79.007945,9,0.07,127,-7.62,5454929,-7.62,-7.61695,-3.76032,5.13799,-0.00519,0.00412,0.00565,28.42736,26.43964,-69.51183
36.078841,-79.007945,8,0.07,127,-7.61,5455129,-7.61,-7.60618,-3.74656,5.1356,-0.00687,0.00229,0.00687,28.44198,26.13271,-69.54107
36.078842,-79.007948,8,0.26,127,-7.6,5455929,-7.6,-7.59781,-3.71725,5.14457,-0.00473,0.00473,0.00473,28.73429,26.16194,-69.45338
36.078842,-79.007948,8,0.26,126.6,-7.6,5456129,-7.6,-7.59661,-3.73221,5.15593,-0.0026,0.00275,0.00702,28.5589,26.70272,-69.74569
36.078843,-79.007951,8,0.13,126.6,-7.59,5456929,-7.59,-7.59003,-3.74237,5.07398,-0.00061,0.00596,0.00382,28.06197,26.70272,-69.80415
36.078843,-79.007951,8,0.13,126.3,-7.59,5457129,-7.59,-7.59362,-3.7675,5.15952,-0.00305,0.00458,0.00672,28.07659,26.13271,-70.54955
36.078845,-79.007951,8,0.12,126.3,-7.59,5457929,-7.59,-7.59422,-3.74477,5.13141,-0.00428,0.00428,0.00702,27.76966,25.97194,-69.46799
36.078845,-79.007951,8,0.12,126.1,-7.58,5458129,-7.58,-7.58106,-3.74776,5.16431,-0.00412,0.00321,0.00626,27.95966,25.72347,-69.04414
36.078846,-79.007953,8,0.14,126.1,-7.6,5458929,-7.6,-7.5996,-3.76271,5.13918,-0.0055,0.00305,0.00809,28.41274,25.62116,-69.71646
36.078846,-79.007953,9,0.14,126.4,-7.62,5459129,-7.62,-7.61576,-3.73699,5.14038,-0.00535,0.00519,0.00473,27.98889,25.69424,-69.67261
36.078847,-79.007954,9,0.12,126.4,-7.59,5459929,-7.59,-7.59123,-3.75314,5.135,-0.00794,0.00168,0.0087,28.58813,25.79655,-69.73107
36.078847,-79.007954,9,0.12,126.6,-7.6,5460129,-7.6,-7.59901,-3.71964,5.15534,-0.00336,0.00244,0.00718,28.22274,25.94271,-69.23415
36.078848,-79.007953,9,0.1,126.6,-7.59,5460929,-7.59,-7.59482,-3.77647,5.15474,-0.00321,0.00535,0.00382,28.01812,26.00117,-69.33645
36.078848,-79.007953,9,0.1,126.7,-7.58,5461129,-7.58,-7.58046,-3.73998,5.10569,-0.01023,0.00473,0.00428,27.76966,26.14733,-69.01491
36.078848,-79.007953,9,0.07,126.7,-7.61,5461929,-7.61,-7.61097,-3.75135,5.1356,-0.00718,-0.00046,0.00565,27.97428,25.63578,-69.43876
36.078848,-79.007953,9,0.07,127.1,-7.6,5462129,-7.6,-7.60319,-3.74955,5.14277,-0.00367,0.00275,0.00733,27.74043,26.05963,-68.43028
36.078848,-79.007952,9,0.09,127.1,-7.61,5462929,-7.61,-7.61097,-3.75972,5.14218,-0.00443,0.00183,0.00657,28.07659,26.32271,-69.49722
36.078848,-79.007952,9,0.09,127.5,-7.61,5463129,-7.61,-7.61396,-3.74537,5.13201,0.00031,0.00183,0.00504,28.47121,26.16194,-69.00029
36.078848,-79.007953,9,0.18,127.5,-7.62,5463929,-7.62,-7.61576,-3.734,5.14756,-0.00321,0.00367,0.00779,27.53581,26.29348,-69.33645
36.078848,-79.007953,9,0.18,127.7,-7.59,5464129,-7.59,-7.59422,-3.75135,5.15235,-0.00748,0.00672,0.00382,27.74043,26.45425,-68.76644
36.078848,-79.007952,9,0.05,127.7,-7.61,5464929,-7.61,-7.60858,-3.75374,5.10449,-0.0058,0.00626,0.00321,28.13505,26.26425,-69.14645
36.078848,-79.007952,9,0.05,128.2,-7.62,5465129,-7.62,-7.61576,-3.75853,5.21037,-0.0055,-0.00092,0.00993,27.76966,26.16194,-69.73107
36.07885,-79.007953,9,0.33,128.2,-7.59,5465929,-7.59,-7.59063,-3.75793,5.13619,-0.00993,0.00199,0.00687,28.06197,25.69424,-69.33645
36.07885,-79.007953,9,0.33,128.4,-7.59,5466129,-7.59,-7.59482,-3.74776,5.10569,-0.00275,-0.00137,0.00702,27.63812,26.01579,-68.54721
36.078851,-79.007953,9,0.05,128.4,-7.6,5466929,-7.6,-7.6014,-3.74537,5.1332,-0.00336,0.00458,0.00535,27.72581,26.05963,-68.86875
36.078851,-79.007953,8,0.05,128.5,-7.59,5467129,-7.59,-7.58824,-3.74058,5.12303,-0.00473,0.00214,0.00657,28.26659,26.08886,-68.40105
36.078853,-79.007949,8,0.18,128.5,-7.57,5467929,-7.57,-7.57448,-3.74955,5.1685,-0.01069,0.00458,0.00351,27.98889,25.76732,-69.84799
36.078853,-79.007949,9,0.18,129.3,-7.6,5468129,-7.6,-7.59841,-3.77587,5.15593,-0.00305,0.00367,0.00473,27.91582,26.08886,-69.38029
36.078855,-79.007948,9,0.07,129.3,-7.57,5468929,-7.57,-7.57269,-3.80758,5.17328,-0.0026,0.00611,0.00199,27.82812,26.60041,-68.41566
36.078855,-79.007948,9,0.07,130.3,-7.61,5469129,-7.61,-7.60559,-3.77288,5.17089,-0.00473,0.00473,0.00809,28.04736,25.8404,-68.13797
36.07886,-79.007948,9,0.05,130.3,-7.59,5469929,-7.59,-7.59482,-3.75793,5.12124,-0.00336,0.00367,0.00657,28.41274,25.62116,-69.40953
36.07886,-79.007948,8,0.05,130.8,-7.47,5470129,-7.47,-7.4686,-3.74776,5.11526,-0.01222,0.00458,0.0087,28.22274,25.91348,-69.51183
36.078864,-79.007949,8,0.09,130.8,-7.57,5470929,-7.57,-7.57089,-3.77767,5.11585,-0.00107,0.00412,0.00443,27.9012,26.01579,-68.16721
36.078864,-79.007949,8,0.09,130.8,-7.59,5471129,-7.59,-7.58585,-3.76989,5.18285,-0.00244,0.00046,0.00794,28.03274,25.81116,-68.43028
36.078865,-79.00795,8,0.09,130.8,-7.56,5471929,-7.56,-7.56311,-3.74836,5.17867,-0.00565,0.00214,0.00764,28.10582,25.92809,-68.89798
36.078865,-79.00795,9,0.09,130.8,-7.59,5472129,-7.59,-7.58525,-3.76212,5.14098,-0.00611,0.00305,0.00428,28.54429,25.98655,-68.07951
36.078868,-79.00795,9,0.05,130.8,-7.57,5472929,-7.57,-7.5685,-3.78126,5.17328,-0.00275,0.00137,0.00565,28.3689,26.23502,-68.75183
36.078868,-79.00795,8,0.05,131.2,-7.58,5473129,-7.58,-7.58465,-3.76152,5.12184,-0.00412,0.00397,0.0055,28.39813,25.89886,-69.26337
36.078869,-79.007949,8,0.06,131.2,-7.58,5473929,-7.58,-7.57867,-3.74955,5.14158,-0.0058,0.00351,0.0058,27.9012,26.0304,-68.86875
36.078869,-79.007949,9,0.06,131.7,-7.56,5474129,-7.56,-7.56311,-3.7681,5.13918,-0.00458,-0.00031,0.00443,27.87197,25.57732,-68.35721
36.078873,-79.00795,9,0.3,131.7,-7.58,5474929,-7.58,-7.58345,-3.7681,5.11645,-0.00214,0.0058,0.00687,28.03274,26.11809,-69.86262
36.078873,-79.00795,9,0.3,131.3,-7.57,5475129,-7.57,-7.57269,-3.75793,5.16072,-0.00535,0.00336,0.00641,28.29582,26.17656,-68.0649
36.078874,-79.007949,9,0.03,131.3,-7.6,5475929,-7.6,-7.59901,-3.74537,5.2002,-0.00458,0.00153,0.00641,28.45659,25.76732,-69.04414
36.078874,-79.007949,9,0.03,131.8,-7.58,5476129,-7.58,-7.58286,-3.76451,5.17926,-0.0055,-0.00092,0.00718,27.88658,26.14733,-69.40953
36.078875,-79.007948,9,0.07,131.8,-7.59,5476929,-7.59,-7.59183,-3.75912,5.16431,-0.00672,0.00107,0.00657,28.39813,26.0304,-69.00029
36.078875,-79.007948,9,0.07,132.3,-7.58,5477129,-7.58,-7.57747,-3.7675,5.11466,-0.00733,0.00367,0.00076,28.67583,26.13271,-68.48875
36.078876,-79.00795,9,0.12,132.3,-7.58,5477929,-7.58,-7.58286,-3.7669,5.13978,-0.00519,0.00611,0.0029,28.31044,26.41041,-68.92722
36.078876,-79.00795,9,0.12,132.7,-7.58,5478129,-7.58,-7.58286,-3.75673,5.17867,-0.00626,0.00137,0.00336,28.52967,26.16194,-69.24876
36.078877,-79.00795,9,0.1,132.7,-7.56,5478929,-7.56,-7.55773,-3.76271,5.19242,-0.00336,0.00321,0.00702,28.20813,26.08886,-68.19643
36.078877,-79.00795,9,0.1,133.2,-7.58,5479129,-7.58,-7.58106,-3.77707,5.19063,-0.00733,0.00305,0.00336,28.23736,26.01579,-68.85413
36.078876,-79.007949,9,0.01,133.2,-7.57,5479929,-7.57,-7.57269,-3.75912,5.13978,-0.00519,0.0055,0.00672,28.32505,25.82578,-68.6349
36.078876,-79.007949,9,0.01,133.4,-7.6,5480129,-7.6,-7.60499,-3.78604,5.15354,-0.00428,0.00428,0.00412,28.89506,25.79655,-68.45952
36.078876,-79.007949,9,0.06,133.4,-7.57,5480929,-7.57,-7.5673,-3.77767,5.14636,-0.00321,0.00596,0.00641,28.73429,25.98655,-69.33645
36.078876,-79.007949,9,0.06,133.4,-7.6,5481129,-7.6,-7.59721,-3.75374,5.17029,-0.00657,0.00244,0.00764,28.99737,25.94271,-68.53259
36.078878,-79.007951,9,0.13,133.4,-7.58,5481929,-7.58,-7.58465,-3.77468,5.15893,-0.00382,0.00321,0.01054,28.58813,26.33733,-68.38644
36.078878,-79.007951,9,0.13,133.6,-7.58,5482129,-7.58,-7.58345,-3.7663,5.15474,-0.00275,0.00535,0.00809,28.88044,26.32271,-67.83105
36.07888,-79.007953,9,0.08,133.6,-7.57,5482929,-7.57,-7.5679,-3.79023,5.17926,-0.00702,0.00336,0.00458,28.35428,26.2204,-68.78106
36.07888,-79.007953,9,0.08,133.8,-7.56,5483129,-7.56,-7.55594,-3.7657,5.19841,-0.00137,0.00443,0.00473,28.60275,26.11809,-68.89798
36.078882,-79.007954,9,0.12,133.8,-7.58,5483929,-7.58,-7.57508,-3.77707,5.15893,-0.00229,0.00168,0.00977,28.39813,25.72347,-68.21105
36.078882,-79.007954,9,0.12,134,-7.58,5484129,-7.58,-7.58106,-3.77528,5.16252,-0.00596,0.00397,0.00657,28.67583,25.21193,-68.29874
36.078883,-79.007954,9,0.03,134,-7.58,5484929,-7.58,-7.58166,-3.7663,5.16431,-0.00489,0.00061,0.0029,29.12891,26.33733,-67.93335
36.078883,-79.007954,9,0.03,134.3,-7.57,5485129,-7.57,-7.57029,-3.77408,5.19721,-0.00672,0.00031,0.00473,28.42736,25.85501,-68.70798
36.078884,-79.007953,9,0.07,134.3,-7.58,5485929,-7.58,-7.58106,-3.7669,5.11406,-0.00443,0.00137,0.00122,28.2812,25.92809,-67.59719
36.078884,-79.007953,9,0.07,134.7,-7.57,5486129,-7.57,-7.56551,-3.76271,5.15175,-0.00519,-0.00092,0.00367,28.33967,26.00117,-68.67875
36.078884,-79.007951,9,0.06,134.7,-7.57,5486929,-7.57,-7.5679,-3.76212,5.16431,-0.0029,0.00153,0.00626,28.42736,25.86963,-68.21105
36.078884,-79.007951,9,0.06,135.3,-7.58,5487129,-7.58,-7.57568,-3.77348,5.14576,-0.00336,0.00428,0.0026,28.58813,25.69424,-67.93335
36.078883,-79.00795,9,0.14,135.3,-7.6,5487929,-7.6,-7.6002,-3.79203,5.14098,-0.00275,0.00122,0.00718,28.20813,24.94884,-68.79568
36.078883,-79.00795,9,0.14,135.7,-7.58,5488129,-7.58,-7.58405,-3.76929,5.16491,-0.00107,0.00244,0.00305,28.2812,26.01579,-68.73721
36.078882,-79.007948,9,0.16,135.7,-7.59,5488929,-7.59,-7.59063,-3.7663,5.15115,-0.00367,0.00046,0.00596,28.10582,26.05963,-69.26337
36.078882,-79.007948,9,0.16,136.2,-7.55,5489129,-7.55,-7.54756,-3.78545,5.12483,-0.00473,0.0026,0.00504,28.71967,25.51886,-68.50336
36.078884,-79.007948,9,0.05,136.2,-7.58,5489929,-7.58,-7.58286,-3.76511,5.17149,-0.00672,0.00504,0.00519,28.10582,25.65039,-68.82491
36.078884,-79.007948,9,0.05,136.2,-7.58,5490129,-7.58,-7.57986,-3.76929,5.14218,-0.00626,0.00122,0.0055,27.91582,26.07425,-68.81029
36.078883,-79.007947,9,0.03,136.2,-7.57,5490929,-7.57,-7.5667,-3.78724,5.17029,-0.00596,0.00473,0.00412,28.12043,26.48348,-69.26337
36.078883,-79.007947,9,0.03,136.7,-7.59,5491129,-7.59,-7.58764,-3.76271,5.18046,-0.0084,0.00367,0.00596,27.88658,25.95732,-68.79568
36.078883,-79.007947,9,0.03,136.7,-7.56,5491929,-7.56,-7.55833,-3.75733,5.18465,-0.00229,0.0026,0.00626,27.93043,25.35808,-70.00877
36.078883,-79.007947,9,0.03,137.2,-7.58,5492129,-7.58,-7.57627,-3.7681,5.16551,-0.00748,0.00321,0.00473,28.04736,25.28501,-69.23415
36.078882,-79.007947,9,0.17,137.2,-7.57,5492929,-7.57,-7.57089,-3.78245,5.16072,-0.0084,0.00428,0.0058,27.34581,26.00117,-68.66413
36.078882,-79.007947,9,0.17,137.6,-7.57,5493129,-7.57,-7.5691,-3.7675,5.14218,-0.00412,0.00137,0.00794,27.75504,25.86963,-67.52412
36.078881,-79.007947,9,0.05,137.6,-7.56,5493929,-7.56,-7.56192,-3.7681,5.16311,-0.00641,0.00702,0.00351,28.35428,25.76732,-68.51797
36.078881,-79.007947,9,0.05,137.7,-7.58,5494129,-7.58,-7.58465,-3.78664,5.2349,-0.0084,0.0029,0.00275,27.78427,25.38731,-67.87489
36.078881,-79.007946,9,0.16,137.7,-7.58,5494929,-7.58,-7.57867,-3.79083,5.15593,-0.00397,0.00046,0.00244,28.63198,25.72347,-68.92722
36.078881,-79.007946,9,0.16,138,-7.56,5495129,-7.56,-7.56491,-3.78006,5.17448,-0.00504,0.00412,0.00764,27.79889,25.92809,-68.00643
36.07888,-79.007944,9,0.05,138,-7.6,5495929,-7.6,-7.60499,-3.77348,5.20319,-0.00702,0.00626,0.00657,28.42736,26.39579,-69.24876
36.07888,-79.007944,9,0.05,138.2,-7.55,5496129,-7.55,-7.55414,-3.76152,5.12782,-0.00305,0.00504,0.00443,28.20813,25.54809,-69.11722
36.078879,-79.007944,9,0.1,138.2,-7.58,5496929,-7.58,-7.57508,-3.78963,5.1661,-0.00473,0.0029,0.0084,28.31044,25.59193,-68.78106
36.078879,-79.007944,9,0.1,138.6,-7.54,5497129,-7.54,-7.54278,-3.76032,5.1691,-0.00519,0.00397,0.00535,28.38351,26.07425,-68.78106
36.078879,-79.007944,9,0.03,138.6,-7.57,5497929,-7.57,-7.57149,-3.78485,5.12184,-0.00596,0.0055,0.00565,28.13505,26.23502,-68.59105
36.078879,-79.007944,9,0.03,138.7,-7.56,5498129,-7.56,-7.56192,-3.76331,5.266,-0.0026,0.00489,0.00412,28.2812,26.13271,-68.31336
36.078879,-79.007943,9,0.05,138.7,-7.58,5498929,-7.58,-7.58046,-3.77946,5.15833,-0.00519,-0.00031,0.00443,28.7489,25.57732,-67.61181
36.078879,-79.007943,9,0.05,138.9,-7.58,5499129,-7.58,-7.57508,-3.77887,5.17986,-0.00504,0.00305,0.00825,28.39813,25.63578,-68.13797
36.07888,-79.007941,9,0.08,138.9,-7.59,5499929,-7.59,-7.58525,-3.77827,5.14816,-0.00764,0.00153,0.0055,28.52967,25.5627,-69.13184
36.07888,-79.007941,9,0.08,139.4,-7.56,5500129,-7.56,-7.56012,-3.76451,5.14218,-0.00504,0.00122,0.00458,28.61736,25.73809,-69.11722
36.07888,-79.00794,9,0.08,139.4,-7.58,5500929,-7.58,-7.58166,-3.77468,5.15235,-0.00137,0,0.00641,28.47121,25.92809,-69.17568
36.07888,-79.00794,9,0.08,139.7,-7.57,5501129,-7.57,-7.56551,-3.7675,5.17149,-0.00794,0.00565,0.00519,28.23736,26.10348,-70.25723
36.07888,-79.007938,9,0.1,139.7,-7.31,5501929,-7.31,-7.30529,-3.8016,5.46461,-0.2726,0.27061,-0.3094,29.09968,25.69424,-68.95644
36.07888,-79.007938,9,0.1,140,-7.43,5502129,-7.43,-7.43091,-3.67119,5.42812,0.06613,-0.01237,0.04979,29.66969,25.13885,-69.49722
36.07888,-79.007938,9,0.02,140,-7.44,5502929,-7.44,-7.44347,-4.07139,5.24208,-0.25015,0.00489,-0.19761,30.78047,25.91348,-69.26337
36.07888,-79.007938,9,0.02,140.4,-7.39,5503129,-7.39,-7.39263,-3.89312,5.26301,0.01206,0.00886,0.00702,31.18971,25.06577,-69.08799
36.07888,-79.007938,9,0.16,140.4,-7.33,5503929,-7.33,-7.33281,-3.68973,5.54058,-0.00183,0.00596,0.01206,30.78047,25.15346,-68.94183
36.07888,-79.007938,9,0.16,140.7,-7.35,5504129,-7.35,-7.34716,-3.72144,5.5011,-0.00061,0.00107,0.0087,30.82432,25.24116,-69.08799
36.07888,-79.007936,9,0.32,140.7,-7.3,5504929,-7.3,-7.29691,-3.80638,5.38206,0.08903,-0.02673,0.05849,31.62818,26.0304,-69.45338
36.07888,-79.007936,8,0.32,140.6,-7.47,5505129,-7.47,-7.46979,-3.98584,5.29113,0.10201,-0.03757,0.07697,30.64893,27.17042,-69.36568
36.078877,-79.007933,8,0.51,140.6,-7.33,5505929,-7.33,-7.334,-3.85304,5.4335,0.03344,0.00199,0.04856,31.17509,26.43964,-68.88336
36.078877,-79.007933,9,0.51,140.8,-7.3,5506129,-7.3,-7.29751,-3.88654,5.45803,0.04184,-0.00993,0.03696,31.11663,25.85501,-69.78954
36.078879,-79.007933,9,0.32,140.8,-7.35,5506929,-7.35,-7.34597,-4.01994,5.29592,0.04123,-0.0171,0.03406,30.79509,26.36656,-69.27799
36.078879,-79.007933,8,0.32,141.1,-7.3,5507129,-7.3,-7.30469,-4.0349,5.28455,0.00702,-0.00428,0.00977,31.16048,26.6881,-68.56182
36.078881,-79.007933,8,0.08,141.1,-7.32,5507929,-7.32,-7.32024,-3.9679,5.35992,-0.01497,0.0113,0.00321,31.3651,25.28501,-68.88336
36.078881,-79.007933,8,0.08,141.2,-7.29,5508129,-7.29,-7.28674,-3.91047,5.41615,-0.01588,0.01237,-0.00061,30.67817,25.67963,-68.78106
36.078882,-79.007932,8,0.07,141.2,-7.3,5508929,-7.3,-7.3005,-4.04925,5.36351,0.01084,-0.00046,0.01405,30.78047,26.60041,-68.50336
36.078882,-79.007932,8,0.07,141.2,-7.34,5509129,-7.34,-7.34357,-3.97627,5.34018,-0.02062,0.00687,0.00397,30.53201,25.92809,-68.95644
36.078884,-79.007932,8,0.06,141.2,-7.31,5509929,-7.31,-7.31127,-3.8686,5.40658,0.02657,-0.00886,0.02428,30.88278,25.27039,-68.66413
36.078884,-79.007932,8,0.06,141.6,-7.33,5510129,-7.33,-7.32623,-3.91406,5.39043,0.01542,-0.00015,0.02367,30.41508,25.91348,-68.4449
36.078885,-79.007932,8,0.13,141.6,-7.33,5510929,-7.33,-7.32802,-3.92004,5.41735,0.00412,-0.00092,0.00916,30.34201,25.31424,-69.32184
36.078885,-79.007932,7,0.13,141.5,-7.32,5511129,-7.32,-7.31845,-3.97747,5.36232,-0.00076,0.00305,0.00519,30.8974,25.92809,-69.19029
36.078886,-79.00793,7,0.15,141.5,-7.34,5511929,-7.34,-7.33699,-3.93619,5.37847,-0.0029,0.00076,0.00061,30.95586,25.65039,-69.14645
36.078886,-79.00793,7,0.15,141.5,-7.33,5512129,-7.33,-7.32503,-3.94517,5.43111,0.01833,-0.0087,0.01939,30.45893,25.69424,-69.05875
36.078887,-79.007929,7,0.17,141.5,-7.36,5512929,-7.36,-7.35613,-3.82553,5.44666,0.00428,0.00428,0.01405,30.44431,25.92809,-68.56182
36.078887,-79.007929,7,0.17,141.3,-7.33,5513129,-7.33,-7.32682,-3.90269,5.41436,-0.00473,0.00199,0.00489,30.38585,25.43116,-68.19643
36.07889,-79.007929,7,0.08,141.3,-7.34,5513929,-7.34,-7.34297,-3.79143,5.49512,0.00168,0.00367,0.01283,30.56124,24.78807,-69.38029
36.07889,-79.007929,8,0.08,141.3,-7.35,5514129,-7.35,-7.35195,-3.8004,5.48375,-0.00153,0.00657,0.01329,31.02894,25.22654,-69.2926
36.078893,-79.007928,8,0.31,141.3,-7.3,5514929,-7.3,-7.30469,-3.79023,5.49033,-0.00947,0.00336,0.00428,30.86817,25.76732,-68.7226
36.078893,-79.007928,8,0.31,141.1,-7.35,5515129,-7.35,-7.34896,-3.81057,5.44906,-0.00168,0.00092,0.00443,30.78047,24.86115,-69.13184
36.078895,-79.007929,8,0.29,141.1,-7.33,5515929,-7.33,-7.32503,-3.84048,5.42333,0.00886,-0.00061,0.01115,30.6197,24.86115,-68.37182
36.078895,-79.007929,9,0.29,141,-7.25,5516129,-7.25,-7.25384,-3.87936,5.4341,-0.02734,0.00458,-0.00489,30.23969,25.41654,-67.74335
36.078899,-79.007929,9,0.06,141,-7.34,5516929,-7.34,-7.33759,-3.79562,5.47657,-0.0029,0.00382,0.00825,30.38585,25.02192,-69.24876
36.078899,-79.007929,9,0.06,140.6,-7.27,5517129,-7.27,-7.2676,-3.82852,5.44786,-0.00535,0.00382,0.00748,30.78047,24.93423,-68.75183
36.078901,-79.00793,9,0.07,140.6,-7.32,5517929,-7.32,-7.32084,-3.92662,5.34676,-0.01115,0.00641,0.00519,30.16662,25.57732,-69.07337
36.078901,-79.00793,9,0.07,140.3,-7.31,5518129,-7.31,-7.31486,-4.02413,5.31207,0.01008,-0.00107,0.00932,30.18123,26.55656,-68.59105
36.078903,-79.00793,9,0.1,140.3,-7.31,5518929,-7.31,-7.31486,-4.00977,5.30608,-0.00519,0.00473,0.00443,30.22508,25.98655,-68.75183
36.078903,-79.00793,9,0.1,139.9,-7.3,5519129,-7.3,-7.3011,-4.01336,5.32343,-0.0026,0.00183,0.00473,30.152,26.01579,-68.56182
36.078903,-79.007929,9,0.06,139.9,-7.35,5519929,-7.35,-7.35195,-4.01695,5.33719,-0.00244,0.00351,0.00718,30.72201,25.98655,-68.85413
36.078903,-79.007929,8,0.06,139.6,-7.34,5520129,-7.34,-7.33639,-4.03609,5.31984,-0.00397,0.00153,0.00428,30.56124,25.95732,-68.83952
36.078904,-79.007929,8,0.06,139.6,-7.32,5520929,-7.32,-7.32204,-4.01755,5.28216,-0.00641,0.00229,0.00794,31.0874,25.86963,-68.18182
36.078904,-79.007929,7,0.06,139.5,-7.32,5521129,-7.32,-7.32383,-4.01336,5.33779,-0.00412,-0.00107,0.00596,30.91201,26.23502,-69.23415
36.078907,-79.00793,7,0.09,139.5,-7.33,5521929,-7.33,-7.32623,-4.01097,5.31087,-0.00519,0.00336,0.00626,30.8974,25.32885,-68.86875
36.078907,-79.00793,8,0.09,139.3,-7.33,5522129,-7.33,-7.32563,-4.0008,5.30907,-0.00687,0.00153,0.00275,31.37971,25.82578,-68.88336
36.078908,-79.00793,8,0.05,139.3,-7.33,5522929,-7.33,-7.32682,-4.02054,5.34198,-0.00672,0.00122,0.00473,31.11663,26.16194,-68.7226
36.078908,-79.00793,8,0.05,138.8,-7.33,5523129,-7.33,-7.32682,-4.0014,5.28874,-0.00993,0.00076,0.00397,30.60509,26.14733,-68.26951
36.078908,-79.00793,8,0.07,138.8,-7.34,5523929,-7.34,-7.34357,-4.00379,5.29711,-0.00596,0.00305,0.00565,30.31277,26.42502,-69.81876
36.078908,-79.00793,9,0.07,138.6,-7.33,5524129,-7.33,-7.32742,-4.02533,5.31984,-0.00244,0.00351,0.00977,30.38585,25.60655,-69.77492
36.07891,-79.00793,9,0.08,138.6,-7.32,5524929,-7.32,-7.32323,-4.01276,5.37607,-0.0084,0.00397,0.00473,30.72201,26.61502,-69.65799
36.07891,-79.00793,9,0.08,138.2,-7.31,5525129,-7.31,-7.31007,-4.00499,5.31625,-0.00351,0.00489,0.00061,30.69278,26.57118,-68.59105
36.078911,-79.00793,9,0.12,138.2,-7.32,5525929,-7.32,-7.32144,-4.0014,5.31506,-0.00351,0,0.00458,30.95586,25.81116,-68.07951
36.078911,-79.00793,9,0.12,137.9,-7.3,5526129,-7.3,-7.30409,-3.98345,5.34975,-0.00641,0.00565,0.00428,30.6197,25.59193,-68.89798
36.078916,-79.007932,9,0.0,137.9,-7.34,5526929,-7.34,-7.33819,-3.99781,5.35215,-0.00412,0.00351,0.00794,30.97047,25.8404,-68.51797
36.078916,-79.007932,8,0.0,137.5,-7.34,5527129,-7.34,-7.33759,-4.01336,5.32941,-0.01206,0.00428,0.03864,31.11663,25.82578,-69.23415
36.078916,-79.007932,8,0.03,137.5,-7.33,5527929,-7.33,-7.32503,-4.00259,5.49751,-0.00367,0.00031,0.00367,30.60509,25.54809,-68.88336
36.078916,-79.007932,8,0.03,137.3,-7.34,5528129,-7.34,-7.33699,-4.0325,5.33599,-0.00794,0.00611,0.00611,30.8974,26.23502,-68.16721
36.078916,-79.007933,8,0.13,137.3,-7.34,5528929,-7.34,-7.33879,-4.00559,5.35394,-0.00733,-0.00015,0.00305,30.32739,26.04502,-68.50336
36.078916,-79.007933,8,0.13,137,-7.32,5529129,-7.32,-7.31905,-4.02712,5.32583,-0.00412,0.00183,0.00489,30.34201,25.86963,-68.98568
36.078917,-79.007933,8,0.09,137,-7.31,5529929,-7.31,-7.31366,-4.01695,5.32822,-0.00367,0.00244,0.00641,30.152,26.3081,-69.00029
36.078917,-79.007933,8,0.09,136.8,-7.31,5530129,-7.31,-7.30768,-4.02174,5.3348,-0.00458,0.0029,0.00443,30.32739,26.13271,-69.11722
36.078918,-79.007933,8,0.02,136.8,-7.32,5530929,-7.32,-7.32443,-4.03071,5.30967,-0.00382,0.0026,0.00397,30.67817,25.78193,-67.39258
36.078918,-79.007933,9,0.02,136.7,-7.33,5531129,-7.33,-7.334,-3.99003,5.35633,-0.00168,0.0029,0.00626,30.95586,25.92809,-67.68489
36.078918,-79.007933,9,0.07,136.7,-7.34,5531929,-7.34,-7.33699,-4.02473,5.31326,-0.00382,0.00137,0.00626,30.66355,25.94271,-68.43028
36.078918,-79.007933,9,0.07,136.6,-7.33,5532129,-7.33,-7.33041,-4.02413,5.31506,-0.00504,0.00397,0.00596,30.75124,26.23502,-68.4449
36.078918,-79.007933,9,0.09,136.6,-7.33,5532929,-7.33,-7.33101,-4.01695,5.33659,0.00046,0.00076,0.00489,30.53201,26.48348,-68.6349
36.078918,-79.007933,9,0.09,136.4,-7.31,5533129,-7.31,-7.31486,-4.01875,5.31566,-0.00519,0.00535,0.00489,30.64893,26.07425,-68.60567
36.078918,-79.007932,9,0.14,136.4,-7.34,5533929,-7.34,-7.33759,-4.01635,5.33779,-0.00351,0.00199,0.00412,31.10202,26.14733,-68.48875
36.078918,-79.007932,9,0.14,136.4,-7.32,5534129,-7.32,-7.31785,-4.01755,5.34975,-0.00428,0.0026,0.00535,31.02894,26.4981,-68.53259
36.078916,-79.007931,9,0.02,136.4,-7.31,5534929,-7.31,-7.31306,-4.00858,5.34078,-0.00779,0.00657,0.00458,30.59047,26.46887,-68.53259
36.078916,-79.007931,9,0.02,136.4,-7.32,5535129,-7.32,-7.32323,-4.02891,5.28874,-0.00657,0.00137,0.0055,30.83894,26.90734,-68.86875
36.078916,-79.007929,9,0.03,136.4,-7.31,5535929,-7.31,-7.31426,-4.0325,5.32762,-0.00244,0.00183,0.00657,31.10202,25.91348,-68.94183
36.078916,-79.007929,9,0.03,136.4,-7.33,5536129,-7.33,-7.32503,-4.00559,5.31147,-0.00947,0.00443,0.00336,31.10202,26.11809,-68.25489
36.078917,-79.007929,9,0.14,136.4,-7.34,5536929,-7.34,-7.33939,-3.9996,5.35274,-0.00382,0.00412,0.0055,30.95586,26.16194,-68.22566
36.078917,-79.007929,9,0.14,136.1,-7.3,5537129,-7.3,-7.30469,-4.00977,5.35334,-0.0058,0.00199,0.00657,30.86817,26.43964,-68.43028
36.078918,-79.007929,9,0.16,136.1,-7.31,5537929,-7.31,-7.31306,-4.0337,5.30429,-0.00855,0.00199,0.00641,31.02894,26.07425,-68.50336
36.078918,-79.007929,9,0.16,135.8,-7.33,5538129,-7.33,-7.33221,-4.01217,5.32523,-0.0026,0.00153,0.00641,30.64893,26.79041,-68.45952
36.078919,-79.007929,9,0.08,135.8,-7.32,5538929,-7.32,-7.32204,-4.01695,5.3354,-0.00199,0.00305,0.00779,31.23356,26.45425,-69.00029
36.078919,-79.007929,9,0.08,135.8,-7.28,5539129,-7.28,-7.28495,-4.01217,5.35873,-0.0058,0.00367,0.00596,30.75124,26.13271,-68.81029
36.078918,-79.007927,9,0.13,135.8,-7.31,5539929,-7.31,-7.31306,-4.002,5.31266,-0.00031,0.00137,0.00519,30.8974,26.58579,-68.67875
36.078918,-79.007927,9,0.13,135.9,-7.34,5540129,-7.34,-7.33998,-4.01755,5.32224,0.0026,-0.00092,0.00901,30.66355,26.33733,-69.11722
36.078918,-79.007927,9,0.02,135.9,-7.32,5540929,-7.32,-7.31606,-4.07378,5.27857,-0.00535,0.00367,0.00702,30.8974,26.62964,-69.16106
36.078918,-79.007927,9,0.02,135.9,-7.25,5541129,-7.25,-7.25145,-4.04566,5.24148,0.0139,-0.0055,0.0139,30.88278,26.60041,-70.00877
36.078919,-79.007927,9,0.08,135.9,-7.38,5541929,-7.38,-7.37647,-4.22154,5.30608,-0.01481,0.00122,0.01436,30.78047,26.93657,-69.26337
36.078919,-79.007927,9,0.08,136.1,-7.33,5542129,-7.33,-7.32503,-4.12822,5.23968,-0.00046,0.00153,0.00443,31.0874,26.4981,-68.56182
36.078918,-79.007927,9,0.14,136.1,-7.3,5542929,-7.3,-7.29512,-4.13599,5.24686,-0.00183,0.00367,0.00382,30.66355,26.89272,-69.16106
36.078918,-79.007927,9,0.14,136.4,-7.29,5543129,-7.29,-7.29273,-4.17368,5.21037,-0.00183,0.0055,0.00718,30.57585,26.41041,-68.6349
36.078918,-79.007927,9,0.35,136.4,-7.31,5543929,-7.31,-7.30708,-4.14676,5.25165,-0.0026,0.0055,0.00336,30.4297,27.28734,-68.69337
36.078918,-79.007927,9,0.35,136.5,-7.3,5544129,-7.3,-7.29871,-4.14856,5.22054,-0.00367,-0.00183,0.00473,30.72201,26.87811,-68.48875
36.078917,-79.007926,9,0.61,136.5,-7.31,5544929,-7.31,-7.31366,-4.17129,5.22652,-0.0058,0.0026,0.00947,30.13739,26.61502,-68.34259
36.078917,-79.007926,9,0.61,136.6,-7.34,5545129,-7.34,-7.34058,-4.1336,5.23909,-0.00519,0.00672,0.00687,30.02046,27.08272,-68.57644
36.078917,-79.007926,9,0.47,136.6,-7.3,5545929,-7.3,-7.30469,-4.15633,5.23011,-0.00535,0.00305,0.00367,30.88278,26.92195,-67.8895
36.078917,-79.007926,9,0.47,136.8,-7.32,5546129,-7.32,-7.31964,-4.15573,5.35813,-0.00351,0.00061,0.00565,30.69278,26.6881,-68.83952
36.078922,-79.007931,9,0.22,136.8,-7.32,5546929,-7.32,-7.31725,-4.16232,5.19661,-0.00458,0.00229,0.00519,30.97047,26.90734,-68.24028
36.078922,-79.007931,9,0.22,136.8,-7.3,5547129,-7.3,-7.30289,-4.18206,5.20439,-0.00229,0.00122,0.00596,30.75124,27.34581,-68.86875
36.078924,-79.007932,9,0.15,136.8,-7.31,5547929,-7.31,-7.31007,-4.17069,5.24806,-0.0055,0.00321,0.00794,30.8097,27.33119,-68.59105
36.078924,-79.007932,9,0.15,136.9,-7.32,5548129,-7.32,-7.31725,-4.14915,5.18584,-0.00473,0.00137,0.00718,31.17509,27.36042,-68.64952
36.078924,-79.007932,9,0.16,136.9,-7.33,5548929,-7.33,-7.3346,-4.16471,5.20618,-0.00611,-0.00046,0.00947,30.66355,27.31657,-68.13797
36.078924,-79.007932,9,0.16,137.1,-7.56,5549129,-7.56,-7.55833,-4.02293,5.11526,-0.01741,0.10339,0.17226,30.53201,27.1558,-68.54721
36.078926,-79.007933,9,0.08,137.1,-7.04,5549929,-7.04,-7.04387,-4.7994,4.87657,-0.01665,0.02123,0.01772,31.99357,29.34814,-68.10873
36.078926,-79.007933,9,0.08,137.3,-8.01,5550129,-8.01,-8.01177,-1.92144,7.25265,0.21518,-0.01405,0.45784,35.57439,21.99649,-70.18416
36.07893,-79.007935,9,0.14,137.3,-3.15,5550929,-3.15,-3.15135,-5.45085,6.53839,0.16127,0.88469,0.00168,34.78515,28.85121,-68.31336
36.07893,-79.007935,8,0.14,137.5,-2.49,5551129,-2.49,-2.49452,-6.35175,5.20379,-0.09728,-1.26663,-0.80711,37.50365,30.82432,-65.03946
36.078936,-79.007942,8,0.4,137.5,4.15,5551929,4.15,4.15274,-4.33699,7.6337,0.3346,-0.4809,-0.11133,60.23093,21.10494,-67.90412
36.078936,-79.007942,8,0.4,137.4,3.61,5552129,3.61,3.61496,-4.51705,7.88256,0.40974,-0.74174,-0.43723,54.64776,24.2473,-70.81263
36.078936,-79.007944,8,0.26,137.4,1.91,5552929,1.91,1.90768,-5.03091,7.53978,0.1124,0.33231,-0.13653,46.36071,23.3119,-71.74802
36.078936,-79.007944,8,0.26,137.3,2.66,5553129,2.66,2.66202,-4.67617,7.9358,-0.12339,-0.10354,0.24908,46.57995,23.83806,-72.06956
36.078939,-79.007948,8,0.26,137.1,3.69,5554129,3.69,3.68854,-4.3011,7.25982,0.11377,0.47922,-0.20601,59.14937,26.16194,-66.88103
36.078939,-79.007948,8,0.43,137.1,6.49,5554929,6.49,6.48515,-4.32263,4.47577,-0.60842,0.45021,0.5058,70.37416,20.87109,-59.85092
36.078939,-79.007948,9,0.43,137.4,0.78,5555129,0.78,0.77946,-9.48694,3.55753,0.1179,-0.28161,-0.08308,65.47793,16.28179,-47.69073
36.078941,-79.007949,9,0.39,137.4,7.1,5555929,7.1,7.09891,-5.62014,3.92124,-0.2277,0.28161,-0.69257,75.81116,17.99182,-31.39433
36.078941,-79.007949,9,0.39,137.3,6.9,5556129,6.9,6.90329,-4.84128,4.08814,-0.05131,-0.10599,0.00825,75.43116,17.86028,-32.05203
36.078947,-79.007953,9,0.1,137.3,6.87,5556929,6.87,6.87278,-5.28634,3.61795,-0.21564,-0.04994,0.13668,80.22508,22.3765,-22.69804
36.078947,-79.007953,9,0.1,137.1,7.38,5557129,7.38,7.38425,-4.60379,4.34118,-0.58093,0.53481,-0.02963,81.43818,21.85034,-21.42648
36.078949,-79.007957,9,0.23,137.1,8.77,5557929,8.77,8.7697,-0.46361,2.18405,0.36652,-1.12277,-0.35155,72.59573,-7.17626,-51.15463
36.078949,-79.007957,8,0.23,137.1,6.9,5558129,6.9,6.9003,-0.51147,8.60758,-0.23228,-0.84086,2.22691,67.02719,-5.46624,-59.54399
36.078951,-79.007959,8,0.21,137.1,6.49,5558929,6.49,6.49233,0.44267,6.74537,0.02642,0.31353,0.14325,67.12949,-7.92166,-57.36627
36.078951,-79.007959,8,0.21,136.9,6.36,5559129,6.36,6.35833,-0.10409,6.24886,0.36957,-0.4357,-0.15333,66.61795,-7.05934,-58.69629
36.078954,-79.00796,8,0.13,136.9,4.51,5559929,4.51,4.51227,-3.0993,8.23669,0.31612,0.35216,-0.42012,57.99474,7.38088,-69.23415
36.078954,-79.00796,8,0.13,136.7,2.83,5560129,2.83,2.8349,-3.41396,9.29612,0.6857,-0.30085,-0.39599,59.70476,13.97252,-68.60567
36.078956,-79.007962,8,0.07,136.7,0.46,5560929,0.46,0.46481,-5.88275,7.55474,-0.19502,-0.27214,-0.0026,37.60596,27.49196,-71.52879
36.078956,-79.007962,8,0.07,136.7,-0.25,5561129,-0.25,-0.24706,-6.22852,6.51865,0.073,-0.23534,0.86682,35.28208,28.98275,-70.12569
36.078957,-79.007964,8,0.38,136.7,-5.04,5561929,-5.04,-5.04108,-6.58684,4.50868,-0.28558,0.23106,-0.62232,28.2812,35.89594,-65.87255
36.078957,-79.007964,8,0.38,136.4,-3.68,5562129,-3.68,-3.68495,-6.9673,4.17248,0.177,0.13806,-0.48884,28.95352,29.28968,-67.65565
36.078963,-79.007967,8,0.24,136.4,-3.93,5562929,-3.93,-3.93081,-7.21436,3.78365,0.31566,-0.27504,-0.35751,31.35048,42.95528,-65.15639
36.078963,-79.007967,8,0.24,136.2,-7.63,5563129,-7.63,-7.62533,-6.61615,1.86521,0.98777,-0.46624,-1.39231,23.34113,48.33382,-58.14089
36.078964,-79.007969,8,0.21,136.2,-8.59,5563929,-8.59,-8.58545,-3.8351,3.30269,0.11332,0.95997,0.09789,21.39725,45.20608,-52.07542
36.078964,-79.007969,8,0.21,135.6,-9.8,5564129,-9.8,-9.80399,-2.38684,1.54158,-0.02642,0.32162,0.22877,20.98802,47.51535,-50.71617
36.078962,-79.007968,8,0.07,135.6,-8.64,5564929,-8.64,-8.63809,-5.48136,-0.05264,0.25152,0.19135,0.05437,23.42882,55.40778,-41.31833
36.078962,-79.007968,9,0.07,135.4,-7.24,5565129,-7.24,-7.23649,-6.268,1.60977,0.02932,0.57391,0.3966,26.45425,56.85472,-42.32681
36.078959,-79.007967,9,0.03,135.4,-5.78,5565929,-5.78,-5.78465,-7.22214,3.23211,-0.05681,-0.09285,-0.09331,40.51447,58.69629,-47.16457
36.078959,-79.007967,9,0.03,135.4,-5.81,5566129,-5.81,-5.81217,-7.23171,2.86361,-0.80146,-0.65072,0.71884,40.7337,57.38089,-50.35077
36.078956,-79.007964,9,0.06,135.4,1.31,5566929,1.31,1.31366,-9.79502,5.79781,-1.69759,1.95095,3.69497,58.14089,51.69541,-54.50161
36.078956,-79.007964,9,0.06,135.2,1.33,5567129,1.33,1.32742,-5.89053,5.84626,-0.99525,0.96303,-0.12569,81.21894,30.19585,-48.02689
36.078954,-79.007958,9,1.14,135.2,7.84,5567929,7.84,7.84128,0.82313,7.35494,-0.26221,-1.7851,-0.10385,84.81438,1.25694,-33.83514
36.078954,-79.007958,9,1.14,135,3.39,5568129,3.39,3.38764,0.74297,3.25424,0.14111,1.03603,-0.57773,83.38205,-2.17773,-41.04063
36.07895,-79.00795,9,1.3,135,8.47,5568929,8.47,8.4688,0.6006,4.35554,-0.00351,0.00244,0.01038,82.89973,-9.80707,-29.61122
36.07895,-79.00795,9,1.3,135.1,8.51,5569129,8.51,8.51187,0.60538,4.33041,-0.00275,0.00214,0.00305,82.9582,-9.61707,-28.32505
36.07895,-79.00795,9,0.23,135.1,8.51,5569929,8.51,8.50529,0.63829,4.30349,-0.00489,0.00519,0.00657,83.10435,-9.63169,-28.85121
36.07895,-79.00795,9,0.23,134.9,8.51,5570129,8.51,8.50948,0.62692,4.31246,-0.00504,0.00718,0.0087,82.8559,-9.924,-28.25197
36.078949,-79.007948,9,0.15,134.9,8.51,5570929,8.51,8.51247,0.61795,4.35434,-0.00275,0.00076,0.00565,82.75358,-10.08477,-29.11429
36.078949,-79.007948,9,0.15,134.8,8.47,5571129,8.47,8.4676,0.6329,4.29452,-0.00382,0.00473,0.00611,82.6805,-9.734,-28.80737
36.078949,-79.007948,9,0.03,134.8,8.51,5571929,8.51,8.51366,0.62213,4.30588,-0.00397,0.00687,0.00611,82.9582,-10.114,-28.3689
36.078949,-79.007948,9,0.03,134.4,8.51,5572129,8.51,8.50828,0.62273,4.27597,-0.00718,0.00122,0.0058,82.65127,-9.79246,-28.85121
36.078948,-79.007947,9,0.06,134.4,8.49,5572929,8.49,8.48734,0.61017,4.31306,-0.00504,0.00076,0.00489,83.04589,-9.60246,-28.29582
36.078948,-79.007947,9,0.06,134.5,8.51,5573129,8.51,8.51007,0.63171,4.31366,-0.00015,0.00412,0.00687,82.73897,-10.33324,-29.31891
36.078947,-79.007947,9,0.05,134.5,8.49,5573929,8.49,8.49093,0.63709,4.30648,-0.00443,0.00046,0.00641,82.66589,-10.12862,-28.44198
36.078947,-79.007947,9,0.05,134.5,8.51,5574129,8.51,8.50708,0.63111,4.32981,-0.00794,0.00443,0.00305,82.82665,-10.49401,-28.7489
36.078946,-79.007945,9,0.09,134.5,8.51,5574929,8.51,8.51067,0.64187,4.34776,-0.00779,0.00107,0.0055,83.03128,-9.8363,-28.57352
36.078946,-79.007945,9,0.09,134.6,8.49,5575129,8.49,8.48615,0.6341,4.32443,-0.00351,0.00657,0.00794,82.44666,-9.77784,-29.05583
36.078945,-79.007944,9,0.06,134.6,8.5,5575929,8.5,8.5029,0.62453,4.29811,-0.00443,0.00229,0.00565,83.06051,-10.55247,-27.75504
36.078945,-79.007944,9,0.06,134.5,8.51,5576129,8.51,8.51486,0.59821,4.27777,-0.00275,0.00489,0.0055,82.78281,-9.86554,-28.33967
36.078943,-79.007942,9,0.1,134.5,8.51,5576929,8.51,8.51127,0.63829,4.3023,-0.00641,0.00351,0.00428,83.08974,-10.23093,-28.51505
36.078943,-79.007942,9,0.1,134.5,8.51,5577129,8.51,8.50948,0.62393,4.35494,-0.0058,0.0029,0.00473,82.73897,-10.14323,-28.00351
36.078942,-79.007941,9,0.02,134.5,7.3,5577929,7.3,7.29751,-0.19322,6.65923,-0.95799,-0.99418,-2.86954,84.33207,2.23619,-36.43671
36.078942,-79.007941,9,0.02,134.6,5.98,5578129,5.98,5.97907,-2.65364,7.12583,0.1376,-0.00214,0.09148,83.26513,17.15873,-42.6045
36.07894,-79.007939,9,0.39,134.6,-0.97,5578929,-0.97,-0.9655,-0.18784,-7.18804,1.75929,0.90683,-0.45357,46.65303,-7.27857,17.81643
36.078938,-79.007936,9,0.01,134.6,4.92,5579929,4.92,4.92323,1.26999,-8.08774,0.24694,0.135,-0.05437,50.78924,-6.44548,12.71558
36.078938,-79.007936,9,0.01,134.6,5.2,5580129,5.2,5.2014,0.81236,-7.92981,-0.70158,-0.11438,-0.2584,48.31921,-6.12394,15.93102
36.078937,-79.007935,9,0.21,134.6,4.97,5580929,4.97,4.9681,-1.18205,-7.97647,-0.06506,-0.21823,-0.38591,62.67173,5.37854,-0.40924
36.078937,-79.007935,9,0.21,134.6,4.63,5581129,4.63,4.63191,-1.57508,-7.58405,0.13989,-0.18189,-0.40393,69.71646,11.88249,-9.74861
36.078936,-79.007935,9,0.21,134.5,5.27,5582129,5.27,5.27139,-1.84427,-7.77548,-0.41951,0.08063,-0.24511,76.3081,11.0494,-15.21485
36.078935,-79.007935,9,0.24,134.5,6.41,5582929,6.41,6.40858,-3.95414,-6.12084,0.01649,0.12248,-0.25427,82.91435,24.36422,-20.76878
36.078935,-79.007935,9,0.24,134.5,6.36,5583129,6.36,6.36431,-4.69771,-5.44965,0.29383,-0.55497,0.07208,83.29436,24.27653,-22.11342
36.078934,-79.007935,9,0.28,134.5,6.68,5584929,6.68,6.68016,-3.88594,-6.2997,-0.09377,0.29047,-0.03467,81.74511,18.02105,-22.47881
36.078934,-79.007935,9,0.28,134.9,5.85,5585129,5.85,5.84746,-4.31785,-6.65145,0.0591,0.4102,-0.75396,80.59047,25.00731,-20.71032
36.078934,-79.007934,9,0.14,134.9,1.74,5585929,1.74,1.73539,-3.51625,-8.67159,0.65408,-0.21166,0.16768,77.24349,23.51652,-11.0494
36.078934,-79.007934,9,0.14,135.1,2.7,5586129,2.7,2.69671,-3.18066,-8.74337,-0.04352,-0.01329,-0.02001,76.90733,26.00117,-12.35019
36.078935,-79.007936,9,0.14,134.7,3.7,5588129,3.7,3.7005,-3.75733,-8.41855,0.02947,-0.03207,0.05284,75.06577,30.28354,-12.87635
36.078935,-79.007936,9,0.02,134.7,3.29,5588929,3.29,3.29432,-3.32423,-8.96411,-0.19731,0.18616,-0.53542,73.72114,29.72815,-10.45016
36.078936,-79.007936,9,0.14,134.7,1.79,5589929,1.79,1.78684,-3.47976,-8.96292,0.07926,0.01206,0.15745,71.89418,33.01666,-11.88249
36.078936,-79.007936,9,0.14,134.3,2.42,5590129,2.42,2.42154,-3.18126,-8.82054,0.00305,-0.0139,-0.01665,71.16341,34.93131,-10.71324
36.078937,-79.007935,9,0.2,134.3,2.71,5590929,2.71,2.71167,-4.11745,-8.62134,-0.06796,-0.07132,0.06933,70.11108,34.41976,-10.96171
36.078937,-79.007935,9,0.2,134.2,2.59,5591129,2.59,2.58963,-3.77288,-8.97548,0.09865,-0.01741,0.17318,71.22186,33.26513,-11.03479
36.078936,-79.007934,9,0.23,134.2,2.43,5591929,2.43,2.42931,-3.42592,-8.42393,0.03574,-0.0704,0.37629,69.97954,34.37592,-10.88863
36.078936,-79.007934,9,0.23,134,2.8,5592129,2.8,2.8014,-4.08754,-8.54955,0.0252,0.06307,-0.01939,69.00029,33.39667,-10.8594
36.078936,-79.007934,9,0.21,134,2.55,5592929,2.55,2.55195,-3.94816,-8.61057,-0.01542,0.04001,-0.19975,67.53873,33.54282,-9.36861
36.078936,-79.007934,9,0.21,134.2,2.61,5593129,2.61,2.61117,-2.87737,-8.04706,-0.00015,0.01512,-0.47861,67.01257,33.38205,-9.00321
36.078938,-79.007936,9,0.28,134.2,3.26,5593929,3.26,3.26261,-4.50449,-9.32004,0.00214,-0.0307,0.15562,65.98948,31.39433,-9.03245
36.078938,-79.007936,9,0.28,134.1,2.41,5594129,2.41,2.40957,-5.07159,-9.32902,-0.05788,-0.03024,0.06231,65.71178,31.33587,-8.55013
36.07894,-79.007938,9,0.07,134.1,4.67,5595929,4.67,4.666,-3.51027,-7.98246,-0.11469,-0.46976,-0.14157,69.73107,29.05583,-11.48787
36.078939,-79.007937,9,0.14,134.1,7.24,5596929,7.24,7.2359,-2.57707,-5.53221,-0.65042,0.05651,-0.09178,75.81116,10.50862,0.10231
36.078939,-79.007937,9,0.14,134,6.69,5597129,6.69,6.68555,-4.48415,-5.59382,-1.2564,0.2978,0.29337,75.65039,13.15405,3.68313
36.078942,-79.007939,9,0.62,134,6.41,5597929,6.41,6.40559,-5.15833,-4.72523,-0.11698,-0.0168,0.06979,73.8819,17.12949,5.11546
36.078942,-79.007939,9,0.62,134.1,7.08,5598129,7.08,7.08395,-5.24985,-4.50868,-0.08002,0.06445,0.02153,74.58345,17.21719,4.79392
36.078944,-79.007941,9,0.56,134.1,7.56,5598929,7.56,7.55833,-6.74357,-2.40897,-0.75579,-0.64385,-0.07071,75.18269,22.88804,-3.53698
36.078944,-79.007941,9,0.56,134.6,7.84,5599129,7.84,7.84367,-7.99322,-0.72802,-1.24632,-0.06139,-0.94119,75.88425,25.76732,-10.15785
36.07895,-79.007943,9,1.51,134.6,4.41,5599929,4.41,4.40698,-8.12483,-3.24227,-0.15516,-0.11438,-0.05956,70.8857,45.45455,-7.89243
36.07895,-79.007943,9,1.51,134.9,4.62,5600129,4.62,4.61815,-8.0028,-3.30389,-0.23915,0.08094,-0.08812,71.64572,43.58375,-9.1786
36.078951,-79.007939,9,0.02,134.9,4.2,5600929,4.2,4.19761,-8.11107,-2.3671,-0.05467,-0.0672,0.04795,65.4487,44.13914,-11.57556
36.078951,-79.007939,9,0.02,135.4,4.47,5601129,4.47,4.47219,-8.06082,-2.35035,-0.09132,-0.07437,-0.05696,65.66793,43.7299,-12.24788
36.07895,-79.007936,9,0.45,135.4,4.39,5601929,4.39,4.38664,-8.08415,-1.92682,0.12874,-0.08552,0.0591,67.87489,44.67992,-16.89565
36.07895,-79.007936,9,0.45,135.9,4.31,5602129,4.31,4.30588,-8.46102,-2.21934,1.06779,-0.31704,0.76282,66.64718,44.03683,-16.32564
36.078954,-79.007936,9,1.3,135.9,-3.32,5602929,-3.32,-3.32124,-8.70389,6.68136,0.35277,-0.85704,-4.27606,60.78632,53.42006,-58.78399
36.078954,-79.007936,9,1.3,136.2,-8.23,5603129,-8.23,-8.23251,-1.14796,5.92224,-0.76083,1.54961,-5.00421,12.29173,46.28764,-65.14177
36.078954,-79.007936,9,0.09,136.2,-6.23,5603929,-6.23,-6.22612,-3.33679,7.03131,0.04475,-0.03772,0.03451,30.18123,38.21982,-65.49255
36.078954,-79.007936,9,0.09,136.4,-6.28,5604129,-6.28,-6.27996,-2.87019,7.48714,-0.05483,-0.00962,-0.03054,29.90354,39.3306,-64.51331
36.078951,-79.007933,9,0.09,136.4,-5.77,5604929,-5.77,-5.7661,-3.39781,7.04626,-0.00183,-0.00886,0.00733,32.91435,47.69073,-59.93861
36.078951,-79.007933,9,0.09,136.4,-6.01,5605129,-6.01,-6.01197,-3.47019,7.05883,-0.00809,0.0055,0.00596,33.13359,48.2169,-59.77784
36.078948,-79.007933,9,0.05,136.4,-7.11,5605929,-7.11,-7.10788,-2.6668,5.80918,-0.09132,-0.01985,-0.19242,25.10962,46.30225,-55.59777
36.078948,-79.007933,9,0.05,136.1,-7.06,5606129,-7.06,-7.06182,-2.14337,6.49472,-0.38576,0.0846,-0.92088,25.06577,43.96375,-56.34317
36.078946,-79.007934,9,0.02,136.1,-8.55,5606929,-8.55,-8.55374,1.84905,6.91167,0.69837,-0.08231,1.04259,18.00643,36.83134,-57.71704
36.078946,-79.007934,9,0.02,136.4,-5.86,5607129,-5.86,-5.86361,-10.34776,4.72762,-1.90544,0.29963,2.49202,39.53522,53.14236,-50.10231
36.078943,-79.007934,9,0.05,136.4,-4.69,5607929,-4.69,-4.68754,-5.3665,6.80399,-0.00137,0.01329,0.01283,44.4753,50.51154,-56.29933
36.078943,-79.007934,8,0.05,136.8,-4.75,5608129,-4.75,-4.75394,-5.56032,6.55275,-0.01222,0.00199,-0.00458,45.03069,50.54078,-55.58316
36.07894,-79.007935,8,0.13,136.8,-4.73,5608929,-4.73,-4.73061,-5.47956,6.55574,-0.00183,0.00351,0.00305,44.78223,50.43847,-56.02163
36.07894,-79.007935,8,0.13,137.3,-0.13,5609129,-0.13,-0.1328,-5.3336,5.99761,-1.28419,0.22892,-0.20495,45.95148,51.03771,-55.437
36.078938,-79.007935,8,0.17,137.3,-5.11,5609929,-5.11,-5.11346,-5.00937,6.47976,0.22877,-0.39676,0.30574,45.19146,46.22917,-58.74013
36.078938,-79.007935,8,0.17,137.8,-5.32,5610129,-5.32,-5.32283,-5.81755,6.48754,-0.33995,-0.3824,-0.12278,44.63607,44.38761,-61.72172
36.078936,-79.007936,8,0.02,137.8,4.02,5610929,4.02,4.02353,-10.01695,0.82373,5.00344,2.04625,5.00344,64.17715,52.6162,-19.70184
36.078936,-79.007936,8,0.02,138.2,3.56,5611129,3.56,3.56291,-3.39242,-4.73181,0.03085,0.51618,2.69193,72.18649,-13.44636,6.9278
36.078937,-79.007939,9,0.02,137.8,3.63,5612129,3.63,3.6347,3.53061,-8.57767,-0.25336,0.26832,0.11744,62.46712,-3.05466,0.9354
36.07894,-79.00794,9,0.17,137.8,2.3,5612929,2.3,2.2989,4.05045,-9.15913,0.09209,0.3094,0.11377,72.0988,17.88951,-6.57702
36.07894,-79.00794,9,0.17,137.2,1.53,5613129,1.53,1.52662,1.66301,-9.07119,-0.76496,0.08125,-0.05376,72.49342,24.70038,-4.16545
36.078943,-79.007944,9,0.09,137.2,1.87,5613929,1.87,1.86521,0.12742,-9.8333,0.49786,-0.34712,0.01619,78.58813,30.54662,-8.09705
36.078943,-79.007944,9,0.09,137,3.17,5614129,3.17,3.17228,0.70887,-9.5001,0.02856,0.01863,0.04612,80.12277,29.39199,-9.96785
36.078944,-79.007945,9,0.25,137,2.84,5614929,2.84,2.83549,-1.73001,-9.64666,0.58414,-0.05513,-0.24297,66.20871,7.24934,1.22771
36.078944,-79.007945,9,0.25,136.4,4.23,5615129,4.23,4.2335,2.20259,-9.05504,0.29016,-0.17853,0.60308,66.4864,-5.46624,9.58784
36.078943,-79.007942,9,0.17,136.4,3.41,5615929,3.41,3.40678,-0.86501,-10.01576,0.03039,0.42501,-0.27214,78.07658,27.21426,-4.45776
36.078943,-79.007942,9,0.17,136.1,1.96,5616129,1.96,1.96032,-0.59402,-9.13939,-0.35339,-0.31521,-0.03772,77.7112,32.03741,-3.36159
36.078942,-79.00794,9,0.05,136.1,4.36,5616929,4.36,4.35673,-1.23769,-10.16471,0.18036,-0.18005,0.23808,83.08974,34.77053,-9.12014
36.078942,-79.00794,9,0.05,135.7,2.6,5617129,2.6,2.59561,-0.60718,-9.79622,0.15409,-0.30482,0.04352,82.92897,35.06285,-8.55013
36.078941,-79.007938,9,0.09,135.7,3.05,5617929,3.05,3.05324,-1.21735,-8.81037,-0.44395,0.31078,-0.27718,78.44198,37.18211,-5.65624
36.078941,-79.007938,9,0.09,135.3,2.12,5618129,2.12,2.12423,-1.70608,-9.33679,-0.0982,0.06109,-0.01451,75.81116,39.46215,-2.2508
36.078941,-79.007936,9,0.18,135.3,3.29,5618929,3.29,3.28714,-2.35514,-9.67239,0.05406,0.02795,-0.05192,81.74511,41.68372,-7.35165
36.078941,-79.007936,9,0.18,135.2,3.03,5619129,3.03,3.02872,-1.11565,-8.96531,0.04566,-0.02184,0.0252,80.47355,41.18679,-6.95703
36.078941,-79.007935,9,0.18,135.2,3.22,5620129,3.22,3.21894,-1.77368,-11.30788,0.04352,0.01894,-0.06964,76.70272,40.98217,-5.89009
36.078941,-79.007933,9,0.05,135.2,4.06,5620929,4.06,4.05942,-1.86341,-9.26561,0.0084,0.23839,0.01145,67.46565,37.2698,-2.19234
36.07894,-79.007933,9,0.1,135.2,4.78,5621929,4.78,4.77667,-0.94158,-8.59741,0.12737,-0.0649,0.05544,65.02485,29.78661,-1.30079
36.07894,-79.007933,9,0.1,135.3,4.31,5622129,4.31,4.31426,-1.26281,-8.61237,0.07483,-0.12874,-0.08537,66.74949,26.61502,-3.14236
36.078939,-79.007931,9,0.32,135.3,8.35,5622929,8.35,8.34975,-5.45982,-4.51466,-0.99357,-0.0536,-0.40729,75.35808,7.41011,-5.64162
36.078939,-79.007931,9,0.32,135,7.4,5623129,7.4,7.39921,-5.29352,-2.34198,0.05467,-0.12416,-0.31139,75.54808,13.3879,-6.22625
36.078935,-79.007927,9,1.21,135,-5.42,5624929,-5.42,-5.42034,-9.44507,3.3996,-1.24296,2.47309,-1.40026,35.23823,47.54458,-50.02923
36.078935,-79.007927,9,1.21,135.4,-3.54,5625129,-3.54,-3.54437,-8.18824,3.87099,0.37981,-0.08338,0.24664,40.67524,45.57147,-48.49459
36.078933,-79.007926,9,0.23,135.4,-3.13,5625929,-3.13,-3.1328,-7.73779,4.9663,0.02169,-0.02841,-0.02673,43.67144,48.96229,-47.88074
36.078933,-79.007926,9,0.23,135.5,-4.07,5626129,-4.07,-4.066,-6.52523,5.03988,-0.74342,0.13134,-0.18021,44.65068,48.97691,-48.52382
36.078929,-79.007925,9,1.33,135.5,7.91,5626929,7.91,7.91127,3.72144,-8.74457,0.56642,-0.51801,1.60444,51.16925,-22.87343,1.43233
36.078929,-79.007925,9,1.33,135.3,5.31,5627129,5.31,5.31087,5.18884,-7.3358,0.57956,0.67791,0.02489,49.18153,8.95937,2.68927
36.078932,-79.007926,9,0.07,135.3,3.99,5627929,3.99,3.99183,5.43171,-7.96212,-0.49663,0.46441,-0.34712,66.39871,24.10114,17.21719
36.078932,-79.007926,8,0.07,135.2,3.16,5628129,3.16,3.16212,4.31306,-8.13201,-0.2784,0.48717,-0.29734,71.26571,36.99211,20.27185
36.078932,-79.007929,8,0.15,135.2,-0.34,5628929,-0.34,-0.34098,3.20578,-9.19681,-0.15409,1.16904,-0.82345,68.47413,45.83455,35.58901
36.078932,-79.007929,8,0.15,135,-1.04,5629129,-1.04,-1.03609,4.34058,-9.37986,0.21105,0.2616,-0.44059,72.24496,50.42385,37.5475
36.078932,-79.007927,8,0.28,135,-2.76,5629929,-2.76,-2.76311,1.57747,-9.08196,0.24954,-0.02398,-0.09942,67.56796,60.21631,38.33675
36.078932,-79.007927,8,0.28,134.9,-2.42,5630129,-2.42,-2.41855,0.96909,-10.13899,-0.09759,-0.14722,0.2054,67.77258,62.55481,40.48524
36.078931,-79.007926,8,0.05,134.9,-0.08,5630929,-0.08,-0.07896,-0.3996,-9.65265,-0.70082,-1.07558,0.1295,76.57118,65.31716,39.44753
36.078931,-79.007926,8,0.05,134.9,1.24,5631129,1.24,1.23948,-1.35015,-9.65863,-0.17822,-0.29871,0.05712,81.39433,70.05262,38.81906
36.078931,-79.007925,8,0.18,134.9,1.12,5631929,1.12,1.11745,-0.71067,-10.18565,0.04261,0.04261,-0.0084,83.29436,71.19263,38.02982
36.078931,-79.007925,8,0.18,134.6,0.54,5632129,0.54,0.53779,-0.46241,-9.82194,0.04459,0.21502,0.12019,82.05203,71.22186,38.52674
36.07893,-79.007925,8,0.13,134.6,-1.73,5632929,-1.73,-1.72523,0.97448,-9.58744,0.2022,0.20708,-0.02902,71.41187,61.0494,38.08828
36.07893,-79.007925,8,0.13,134.2,-1.7,5633129,-1.7,-1.70309,1.60439,-9.54976,0.0058,-0.07254,0.04536,71.25109,60.81555,37.40134
36.078927,-79.007926,8,0.2,134.2,-1.13,5633929,-1.13,-1.13181,0.78305,-10.55354,0.24725,0.47617,0.68722,62.65712,58.88629,33.79129
36.078927,-79.007926,8,0.2,133.7,-6.77,5634129,-6.77,-6.7669,3.0658,-19.59961,-0.06796,-1.79961,0.72769,59.1786,55.94855,31.3651
36.078927,-79.007925,8,0.2,133.5,2.04,5635129,2.04,2.04407,3.76451,-5.15653,0.15959,-2.58091,-0.36438,59.33937,-2.13388,14.29407
36.078926,-79.007929,8,1.2,133.5,-2.05,5635929,-2.05,-2.04885,-8.30728,3.26202,-4.40373,-0.35858,-3.71666,32.79743,59.31014,-31.16048
36.078926,-79.007929,8,1.2,133.6,-6,5636129,-6,-5.99701,-8.70688,4.80838,1.35459,0.45662,1.09879,23.09266,49.44461,-53.1862
36.078925,-79.007927,8,0.21,133.6,-3.88,5636929,-3.88,-3.88116,-4.5338,7.78624,-0.00199,0.00733,0.00748,32.70973,41.0114,-58.46244
36.078925,-79.007927,8,0.21,133.7,-3.91,5637129,-3.91,-3.91227,-4.52303,7.72702,-0.00397,-0.00107,0.00611,32.91435,41.65449,-58.5209
36.078924,-79.007928,8,0.31,133.7,-3.88,5637929,-3.88,-3.87518,-4.66541,7.84068,-0.01466,0.01802,0.01329,33.07512,41.72756,-57.65858
36.078924,-79.007928,8,0.31,133.6,-3.98,5638129,-3.98,-3.98166,-4.54816,7.70369,0.00015,0.00046,0.00855,33.11897,41.68372,-58.34552
36.078921,-79.007926,8,0.25,133.6,-3.88,5638929,-3.88,-3.88235,-4.55593,7.63909,0.01451,0.01329,0.02321,33.11897,41.42064,-57.87782
36.078921,-79.007926,8,0.25,133.8,-3.93,5639129,-3.93,-3.93201,-4.63908,7.74437,0.01619,-0.00504,0.02245,33.00204,41.59602,-57.77551
36.078921,-79.007927,8,0.18,133.8,3.24,5639929,3.24,3.23689,-2.933,-4.92503,1.52167,0.83612,2.32953,62.48173,5.55393,10.47939
36.078921,-79.007927,8,0.18,133.8,9.74,5640129,9.74,9.74357,4.2664,-10.38006,-1.4337,-0.11713,1.80618,41.8591,-23.58959,-1.37387
36.078919,-79.007924,8,1.42,133.8,4.36,5640929,4.36,4.36451,6.01855,-6.62632,-0.19364,0.14508,-0.54107,36.3344,-32.06665,0.42385
36.078919,-79.007924,8,1.42,133.8,5.2,5641129,5.2,5.20439,6.05504,-5.93001,-0.2616,-0.14142,0.28466,38.05905,-30.07892,-2.32388
36.078921,-79.007923,8,1.42,134.2,4.74,5642129,4.74,4.74377,4.78684,-6.51685,-0.02886,0.11805,-0.06322,40.17831,14.08945,57.10319
36.078923,-79.007925,8,1.42,133.8,4.99,5643129,4.99,4.98844,-0.66341,-8.02433,-0.03009,-0.3598,0.23808,59.96785,-22.01111,-4.3993
36.078924,-79.007926,8,0.1,133.8,2.56,5643929,2.56,2.55673,-3.72562,-8.802,-0.5962,0.10492,-0.40164,60.05554,-17.46565,-0.35077
36.078924,-79.007926,8,0.1,133.7,3.89,5644129,3.89,3.89312,-2.66321,-8.81217,0.18372,0.18738,-0.32727,56.47472,-6.66472,-0.83309
36.078924,-79.007928,8,0.08,133.7,4.09,5644929,4.09,4.08933,-2.73559,-8.5023,0.38271,-0.16784,0.60796,62.29173,-8.31628,-5.91932
36.078924,-79.007928,9,0.08,133.4,2.57,5645129,2.57,2.57109,-3.24407,-8.77986,0.37797,-0.25763,-0.03833,62.1748,-8.85706,-5.34931
36.078925,-79.007931,9,0.08,133.3,2.82,5646129,2.82,2.82114,-2.94497,-8.64288,-0.08476,-0.35323,-0.79718,63.9579,-7.1178,-5.83163
36.078927,-79.007931,9,0.07,133.3,6.33,5646929,6.33,6.32961,-1.85863,-6.92363,-0.12171,-0.00199,-0.08583,75.78194,-10.88863,-15.58024
36.078927,-79.007931,9,0.07,133.1,5.8,5647129,5.8,5.802,-2.1679,-7.04985,-0.02291,0.73304,-0.19548,73.44344,-7.80474,-13.15405
36.078928,-79.007931,9,0.07,133,2.88,5648129,2.88,2.88335,-3.65922,-7.62114,0.11637,0.17914,-0.31673,69.32184,-7.22011,-10.94709
36.078927,-79.007932,9,0.3,133,7.16,5649929,7.16,7.16471,0.66162,-5.02134,0.7364,-1.53862,1.56565,67.34873,-12.58404,-1.02309
36.078927,-79.007932,9,0.3,133,9.81,5650129,9.81,9.81057,4.0331,-0.7322,-2.80677,-1.57771,-2.09695,72.24496,-13.81175,-10.99094
36.078925,-79.00793,9,1.01,133,5.55,5650929,5.55,5.55434,0.1663,-1.16351,-1.7037,-2.71866,1.84115,76.08887,6.13856,-19.27799
36.078925,-79.00793,9,1.01,132.6,-11.68,5651129,-11.68,-11.67578,1.47398,6.58804,-0.7845,-0.63637,2.91367,48.1292,-14.06022,-63.91406
36.078926,-79.007928,9,0.53,132.6,1.83,5651929,1.83,1.82513,1.28016,9.53959,-0.02474,0.00244,0.00153,55.9924,-10.46478,-60.59632
36.078926,-79.007928,9,0.53,132.3,1.63,5652129,1.63,1.6343,1.12762,9.54617,0.0058,-0.011,0.00611,56.32856,-10.24554,-60.36246
36.078927,-79.00793,9,0.24,132.3,1.64,5652929,1.64,1.64327,1.16889,9.50908,-0.00428,0.00367,0.00611,56.12394,-9.60246,-61.34171
36.078927,-79.00793,9,0.24,132,1.67,5653129,1.67,1.6678,1.18325,9.51566,-0.00305,0.00244,0.0055,56.51856,-9.47091,-61.21017
36.078929,-79.007928,9,0.6,132,1.65,5653929,1.65,1.64686,1.17667,9.51566,-0.00305,0.00367,0.00626,56.40163,-9.38322,-60.99094
36.078929,-79.007928,9,0.6,132.1,1.66,5654129,1.66,1.66062,1.16411,9.55334,-0.00428,0.00351,0.0055,56.00702,-9.98246,-62.54019
36.078932,-79.007932,9,0.59,132.1,4.76,5654929,4.76,4.76351,8.11227,12.09751,0.50259,1.51815,-1.72921,60.3917,-6.28471,-58.69629
36.078932,-79.007932,9,0.59,131.6,4.13,5655129,4.13,4.1336,1.82931,3.5671,1.5432,4.24215,-1.12246,73.83806,2.87928,-26.79041
36.078933,-79.007934,9,0.4,131.6,9.2,5655929,9.2,9.20459,-3.87817,-0.59641,-0.04093,-1.04397,-0.76236,58.57936,9.61707,-6.6501
36.078933,-79.007934,9,0.4,132.1,8.64,5656129,8.64,8.63869,-4.00319,0.78664,0.28909,-0.5846,-0.29322,61.25402,2.90851,-16.67641
36.078933,-79.00793,9,0.13,132.1,7.28,5656929,7.28,7.28016,-2.48136,5.89173,-0.31154,0.4047,-0.33857,68.73721,-11.28325,-53.62467
36.078933,-79.00793,8,0.13,132,5.23,5657129,5.23,5.22951,-4.85743,6.59522,-0.30727,-1.4957,-0.95203,63.05173,-5.56855,-60.80093
36.078932,-79.007927,8,0.18,132,5.47,5657929,5.47,5.4688,-4.21914,8.03091,-0.03925,-0.04551,-0.03986,61.13709,-5.78778,-62.33558
36.078932,-79.007927,8,0.18,132,4.67,5658129,4.67,4.67498,-4.80539,7.15933,0.0901,-0.11927,0.06689,61.5171,-6.69395,-61.0494
36.078934,-79.007926,9,0.18,131.6,8.87,5659129,8.87,8.87139,-3.79562,5.38923,-1.09284,0.89919,0.53542,50.78924,2.66004,-60.15785
36.078937,-79.00793,9,0.67,131.6,-10.02,5660929,-10.02,-10.01576,10.14377,-7.65943,1.68507,1.1921,-1.99066,9.00321,-17.94797,-14.01637
36.078937,-79.00793,9,0.67,130.5,-9.23,5661129,-9.23,-9.2345,2.68654,3.75554,0.70509,1.29503,0.72449,4.44315,-8.76937,-44.34376
36.078938,-79.007926,9,0.07,130.5,-9,5661929,-9,-9.0018,0.46361,1.71206,-0.62858,-0.01237,0.04536,6.66472,-2.23619,-53.44928
36.078938,-79.007926,9,0.07,130.3,-11.31,5662129,-11.31,-11.31147,-0.33619,9.82254,0.32101,3.27943,1.78403,9.71938,-1.08156,-61.88249
36.078936,-79.007925,9,0.07,130.2,7.41,5663129,7.41,7.41416,-4.28973,2.83669,-0.43035,1.11376,0.0901,70.06723,18.47413,-19.52645
36.078936,-79.007922,9,0.02,130.2,7.09,5663929,7.09,7.08754,-4.25803,4.70668,-0.02963,0.37125,-0.03848,69.33645,-12.29173,-28.95352
36.078936,-79.007922,9,0.02,131.5,6.66,5664129,6.66,6.65623,-4.78325,4.09113,-0.14615,0.05467,0.0084,68.85413,-10.96171,-29.62584
36.078935,-79.007922,9,0.26,131.5,2.99,5664929,2.99,2.99342,-6.58146,5.15055,0.6608,-0.01481,0.55054,49.13768,-1.2131,-47.90997
36.078935,-79.007922,9,0.26,132,5.01,5665129,5.01,5.00937,-5.90369,5.08295,-0.40119,0.34743,0.47128,57.29319,-3.56621,-43.5399
36.078938,-79.007924,9,0.37,132,3.77,5665929,3.77,3.7663,-6.07179,7.06421,-0.4945,-0.24144,0.23289,45.27916,0.76001,-51.57849
36.078938,-79.007924,9,0.37,131.6,4.18,5666129,4.18,4.17548,-5.67697,5.76072,-0.42287,-0.16005,-0.18891,53.8439,-6.03625,-47.36919
36.078937,-79.007925,9,0.09,131.6,4.12,5666929,4.12,4.11506,-4.93759,6.96132,-0.1886,-0.05147,0.18295,55.9924,-16.99795,-49.31306
36.078937,-79.007925,9,0.09,131.4,2.98,5667129,2.98,2.98086,-4.00439,6.50848,0.00641,-0.17975,-0.30024,54.88161,-16.98334,-49.92692
36.078939,-79.007924,9,0.09,132.1,-1.12,5668129,-1.12,-1.12343,-1.94357,19.59961,-0.6521,-0.45647,0.57269,49.37153,-15.2587,-49.41538
36.078941,-79.007925,9,0.69,132.1,4.77,5668929,4.77,4.77248,0.40618,8.13201,-1.07024,0.69761,0.39187,57.2055,-1.05232,-58.49167
36.078941,-79.007925,9,0.69,131.8,6.75,5669129,6.75,6.74716,-0.11366,7.17009,0.49618,-0.25641,-0.21533,69.42415,-2.86466,-51.69541
36.078942,-79.007925,9,0.25,131.8,0.45,5669929,0.45,0.44925,-6.44148,6.9003,-0.28711,0.042,-0.18204,25.57732,30.69278,-57.98012
36.078942,-79.007925,9,0.25,131.9,0.22,5670129,0.22,0.21595,-5.21456,6.48275,-0.87323,0.57131,0.06277,25.57732,26.61502,-58.84245
36.078946,-79.007925,9,0.55,131.9,3.38,5671929,3.38,3.37508,-0.88654,7.88435,-0.19716,0.11515,0.1011,47.71996,-26.3081,-50.48232
36.078946,-79.007919,9,0.35,131.9,5.74,5672929,5.74,5.73978,1.67617,7.00918,-0.10156,-0.24038,-0.10629,75.60655,-5.08623,-38.71675
36.078946,-79.007919,9,0.35,132.2,5.68,5673129,5.68,5.67697,2.45145,7.60559,0.29199,0.00947,0.03635,77.52119,-2.86466,-40.1637
36.078947,-79.00792,9,0.01,132.2,7.58,5673929,7.58,7.58226,3.67717,4.34896,0.35904,-0.04459,-0.58689,85.89594,-5.30547,-4.98392
36.078947,-79.00792,9,0.01,131.8,6.7,5674129,6.7,6.70349,1.49791,6.12921,0.1602,-0.93447,-0.33918,81.45279,11.76557,-7.3078
36.078944,-79.00792,9,0.03,131.8,4.88,5674929,4.88,4.88315,-0.76092,8.68116,-0.18524,-2.35107,-0.08796,82.38819,-8.25782,-36.94826
36.078944,-79.00792,9,0.03,130.5,7.6,5675129,7.6,7.60319,4.67199,6.92782,-0.47342,-0.14401,-0.70326,71.19263,-15.43408,-43.43759
36.078943,-79.007918,9,0.03,130.1,1.99,5676129,1.99,1.99322,3.7352,8.37129,0.12339,-0.65347,0.17318,65.01023,-28.35428,-32.46127
36.078942,-79.007918,9,0.21,130.1,-1.54,5676929,-1.54,-1.54397,3.91585,9.07538,-0.06506,0.11973,0.0197,51.52003,-37.79597,-37.18211
36.078942,-79.007918,9,0.21,130.4,8.08,5677129,8.08,8.07578,2.56511,11.92643,-1.00533,2.45843,0.01634,52.09003,-35.85209,-39.03829
36.078948,-79.007921,9,0.63,130.4,4.09,5678929,4.09,4.08933,3.4995,8.14816,-0.27611,0.45112,-0.11851,66.58871,-12.77404,-47.35458
36.078948,-79.007921,9,0.63,130.1,2.59,5679129,2.59,2.59203,5.80439,8.34557,-0.02443,-0.39569,-0.166,69.70184,-8.37474,-46.8138
36.078947,-79.007921,9,0.39,130.1,3.59,5679929,3.59,3.58564,4.29272,7.09173,-0.05757,0.25595,0.12706,74.65653,-9.41245,-47.76381
36.078947,-79.007921,9,0.39,130,3.39,5680129,3.39,3.38943,3.68016,7.27777,-0.10553,0.20113,-0.39996,67.94797,-13.40251,-49.51768
36.078945,-79.007921,9,0.29,130,5.3,5680929,5.3,5.29771,5.04826,6.97627,0.05712,-0.26252,0.08445,65.12716,-16.73487,-39.1406
36.078945,-79.007921,9,0.29,129.8,6.26,5681129,6.26,6.25663,5.27498,7.02832,-0.29749,0.14355,-0.0336,67.62642,-15.75563,-40.7337
36.078949,-79.007924,9,0.29,129.8,4.44,5681929,4.44,4.43749,8.84387,7.6349,-0.07178,-0.50641,0.3288,71.60188,9.90938,-45.45455
36.078949,-79.007924,9,0.29,129.5,6.77,5682129,6.77,6.77288,3.72443,7.33639,0.16585,0.17119,-0.11606,72.18649,13.21251,-35.41362
36.078951,-79.007927,9,0.31,129.5,3.33,5682929,3.33,3.3332,5.33599,7.79522,-1.80969,0.90332,-1.85367,66.64718,-9.04706,-48.33382
36.078951,-79.007927,9,0.31,129.3,-3.1,5683129,-3.1,-3.0993,3.466,18.14477,0.13393,-0.61087,-0.53054,75.89886,-8.5209,-31.5551
36.078952,-79.007924,9,0.21,129.3,4.68,5683929,4.68,4.67976,4.09891,7.4333,0.04765,0.26221,-0.17318,74.72961,-5.51008,-31.05817
36.078952,-79.007924,9,0.21,129.6,4.76,5684129,4.76,4.76291,4.31366,7.67438,-0.20174,0.0336,-0.15638,77.06811,-5.02777,-29.28968
36.078951,-79.007925,9,0.17,129.6,1.78,5684929,1.78,1.77667,5.58724,8.05424,-0.343,-0.70723,-0.33399,70.08185,-16.48641,-28.88044
36.078951,-79.007925,9,0.17,129.7,0.67,5685129,0.67,0.66999,5.47418,8.44666,0.24572,0.00046,-0.32849,63.68021,-12.87635,-32.43204
36.078947,-79.007926,9,1.31,129.7,-0.14,5685929,-0.14,-0.13878,7.91606,9.12623,-0.44089,-0.62934,0.62583,61.63403,-20.73955,-29.09968
36.078947,-79.007926,9,1.31,130.5,-1.88,5686129,-1.88,-1.88375,4.29213,6.43729,-0.58979,0.10858,-1.26144,65.79948,-19.40953,-27.74043
36.078945,-79.007926,9,0.47,130.5,0.96,5686929,0.96,0.95892,8.28754,6.84168,0.9021,1.05939,-1.12033,63.21251,-26.08886,-24.64192
36.078945,-79.007926,9,0.47,130.7,0.98,5687129,0.98,0.97567,6.72144,6.90329,0.60949,-0.05147,1.40331,67.40719,-17.90412,-27.69658
36.078947,-79.007922,9,0.76,130.7,0.77,5687929,0.77,0.77348,4.48535,9.52762,-0.14096,0.14218,-0.06384,68.56182,-14.22099,-31.11663
36.078947,-79.007922,9,0.76,130.6,3.96,5688129,3.96,3.96192,2.92044,10.99502,1.06627,0.3937,-0.3569,63.13943,-4.13622,-45.43993
36.078946,-79.007921,9,0.76,130,0.79,5689129,0.79,0.78724,5.8355,9.68734,-0.29825,0.05696,0.63331,73.37036,-5.5247,-33.79129
36.078943,-79.007919,9,0.46,130,2.37,5690929,2.37,2.3659,7.4022,11.36052,-0.22266,0.29887,0.55803,63.13943,0.21923,-47.6615
36.078943,-79.007919,9,0.46,129.9,4.55,5691129,4.55,4.54995,3.46541,7.29691,-0.01451,0.61025,0.28573,69.70184,-2.57235,-51.44695
36.078947,-79.007921,9,0.67,129.9,4.94,5691929,4.94,4.93819,3.85125,6.7328,-0.18524,0.09423,-0.5058,67.5095,7.05934,-40.89447
36.078947,-79.007921,8,0.67,129.8,4.23,5692129,4.23,4.2347,4.58345,7.669,0.03635,-0.81551,0.09117,64.00175,13.63636,-46.93072
36.078947,-79.007915,8,0.18,129.8,5.19,5692929,5.19,5.19242,3.32064,7.49791,-0.33002,-0.40149,-1.64689,78.44198,10.43554,-51.53464
36.078947,-79.007915,9,0.18,130.9,5.19,5693129,5.19,5.18704,3.89372,6.68256,-1.73654,-1.87337,-1.35154,70.34493,5.20316,-53.55159
36.078947,-79.007915,9,0.17,130.9,2.37,5693929,2.37,2.37308,5.44008,7.02832,-0.00916,-0.05009,0.02214,72.50803,5.27624,-39.78369
36.078947,-79.007915,9,0.17,131,3.55,5694129,3.55,3.55274,5.28335,7.32981,-0.13607,-0.17761,0.53833,63.22713,4.53084,-44.73838
36.078947,-79.007911,9,0.2,131,-2.32,5694929,-2.32,-2.32044,5.91984,5.51366,0.03558,0.27504,-2.04518,54.64776,-17.20257,-31.86203
36.078947,-79.007911,9,0.2,132,-0.68,5695129,-0.68,-0.68375,10.00499,5.80977,0.5455,0.77946,-0.00672,62.11634,-26.23502,-27.50658
36.078945,-79.007911,9,0.43,132,0.08,5696929,0.08,0.08195,7.11207,7.48236,-0.06872,-0.24328,0.26038,46.95995,-8.5209,-48.23151
36.078945,-79.007911,9,0.43,132.3,0.61,5697129,0.61,0.60897,6.52283,7.17368,0.01558,-0.2306,0.07605,49.32768,-8.87168,-41.77141
36.078941,-79.007911,9,0.02,132.3,5.29,5698929,5.29,5.28694,5.45743,7.65943,-0.49312,-0.41004,0.96593,78.71967,-7.35165,-51.49079
36.078941,-79.007911,8,0.02,132.5,3.94,5699129,3.94,3.94457,5.1015,6.04965,0.01222,0.26038,0.16646,62.26249,4.69161,-47.33996
36.078942,-79.007911,8,0.07,132.5,4.7,5699929,4.7,4.70429,6.8668,6.2662,-1.403,-1.45737,-1.25044,76.43964,-8.19936,-57.46857
36.078942,-79.007911,8,0.07,132.5,4.13,5700129,4.13,4.12582,7.03251,5.64886,-0.05971,-0.57895,-0.46227,68.64952,-2.09003,-44.12453
36.078943,-79.007915,9,0.07,131.8,-0.16,5703129,-0.16,-0.16152,-0.84706,0.22612,0.0055,-0.63148,-0.36011,48.62613,-10.18708,-32.50512
36.078945,-79.007916,9,0.12,131.8,7.03,5703929,7.03,7.03191,5.58485,5.34018,0.70555,0.47021,0.07514,76.22041,-14.87869,-41.21602
36.078945,-79.007916,9,0.12,132,5.4,5704129,5.4,5.39881,3.10289,6.66939,0.27917,0.64614,-0.31979,73.67729,6.37241,-48.28997
36.078944,-79.007919,9,0.08,132,6.01,5704929,6.01,6.00539,4.98245,6.20698,0.02138,0.18723,-0.09621,62.58404,11.22479,-48.84537
36.078944,-79.007919,9,0.08,132.5,5.41,5705129,5.41,5.41316,3.78724,6.25065,-0.01145,-0.447,0.16112,65.88716,0.26308,-42.80912
36.078947,-79.007922,9,0.23,132.5,5.26,5705929,5.26,5.25524,2.96351,7.15514,0.40653,0.26649,0.17532,65.15639,1.81234,-43.61298
36.078947,-79.007922,9,0.23,132.9,5.36,5706129,5.36,5.36172,2.69671,6.70648,-0.03833,-0.38973,0.14676,65.87255,3.06928,-42.6922
36.078947,-79.007922,9,0.13,132.9,5.56,5706929,5.56,5.55733,2.2331,5.72842,-0.12126,0.89614,-0.7674,63.40252,-1.15463,-42.92604
36.078947,-79.007922,9,0.13,133,5.32,5707129,5.32,5.31685,2.33001,8.40419,-0.05253,0.26435,-0.53665,64.07483,0.78924,-44.05145
36.078948,-79.007924,9,0.28,133,6.5,5707929,6.5,6.50489,3.3667,6.51506,-0.02291,0.48594,-0.16448,67.18796,3.31774,-39.30138
36.078948,-79.007924,9,0.28,132.8,6.37,5708129,6.37,6.3691,2.71526,6.26381,0.04123,-0.24389,0.05223,68.12336,4.45776,-39.03829
36.07895,-79.007925,9,0.06,132.8,6.05,5708929,6.05,6.04906,3.86321,6.84886,-0.01542,-0.11011,0.11545,66.69102,4.41391,-41.04063
36.07895,-79.007925,9,0.06,133.6,6.35,5709129,6.35,6.34995,3.33739,6.44985,-0.166,-0.79474,0.47602,66.01871,3.1862,-41.50833
36.078952,-79.007925,9,0.05,133.6,4.27,5709929,4.27,4.27478,4.06481,6.89013,-0.00733,-0.46456,0.42318,63.84098,-0.43847,-46.2584
36.078952,-79.007925,9,0.05,134.3,4.06,5710129,4.06,4.06481,4.16471,7.48714,-0.0142,-0.1376,0.04872,63.22713,-1.6808,-46.71149
36.078954,-79.007928,9,0.12,134.3,4.93,5710929,4.93,4.92802,4.10549,7.47099,0.00825,-0.11362,0.10934,65.93102,-2.01695,-43.17451
36.078954,-79.007928,9,0.12,134.6,5.28,5711129,5.28,5.28216,4.02772,7.08156,-0.05147,-0.06781,-0.05284,65.8287,-1.72464,-42.48758
36.078955,-79.00793,9,0.22,134.6,4.86,5711929,4.86,4.85504,4.79701,6.56112,-0.09484,0.02657,-0.05421,64.49869,-4.25314,-42.77989
36.078955,-79.00793,9,0.22,135.4,4.76,5712129,4.76,4.75873,4.70788,7.40938,-0.04979,0.12523,-0.05864,63.92868,-4.96931,-44.0076
36.078955,-79.007933,9,0.52,135.4,2.58,5712929,2.58,2.57886,4.68993,7.51945,-0.10507,-0.18097,0.26374,60.20169,-10.71324,-50.05846
36.078955,-79.007933,9,0.52,135.7,3.97,5713129,3.97,3.96969,6.70589,6.47019,0.02902,0.40378,-0.33369,62.18942,-12.05788,-47.31073
36.078956,-79.007936,9,0.4,135.7,7.43,5713929,7.43,7.42613,3.89671,3.64247,0.31643,0.54062,-1.06947,69.61415,2.82081,-28.31044
36.078956,-79.007936,9,0.4,135.8,8.26,5714129,8.26,8.26002,2.80917,4.22572,0.11118,-0.22633,-0.35827,70.91493,7.5855,-27.85735
36.078957,-79.007942,9,1.2,135.8,8.24,5714929,8.24,8.23969,1.80718,4.4674,-0.03742,-0.57681,0.56505,71.14879,13.47559,-25.15346
36.078957,-79.007942,9,1.2,135.7,8.19,5715129,8.19,8.19302,1.38066,5.73978,0.14294,-0.40363,0.47113,71.36802,8.17013,-30.79509
36.078954,-79.007943,9,0.51,135.7,5.72,5715929,5.72,5.71705,3.3338,7.28375,0.12645,0.28298,-0.18937,66.26717,1.34464,-45.30839
36.078954,-79.007943,9,0.51,135.6,5.54,5716129,5.54,5.54477,2.92882,7.03909,-0.02841,0.23182,-0.16845,67.07103,3.11312,-43.99298
36.078948,-79.007935,9,0.07,135.6,5.29,5716929,5.29,5.29173,2.8684,7.54696,-0.03711,-0.10171,0.00611,65.62408,2.28004,-47.20842
36.078948,-79.007935,9,0.07,134.1,5.55,5717129,5.55,5.54836,2.57707,7.4028,-0.41722,-0.11729,-0.07605,65.93102,2.11926,-46.62379
36.078947,-79.007931,9,0.14,134.1,5.79,5717929,5.79,5.78884,6.39302,-1.81017,-0.50015,0.78786,0.07743,60.78632,-1.88541,-2.03157
36.078947,-79.007931,9,0.14,133,5.81,5718129,5.81,5.80678,6.04427,-3.97209,-0.90393,0.281,0.22342,58.34552,3.17159,2.55773
36.078952,-79.007937,9,0.43,133,0.32,5718929,0.32,0.31884,0.94816,9.60718,0.41661,-0.5817,0.08018,46.93072,15.27331,-68.70798
36.078952,-79.007937,9,0.43,133.8,-0.25,5719129,-0.25,-0.25484,0.57188,9.49352,0.41921,-0.38866,0.06765,44.35838,16.22333,-70.08185
36.078956,-79.00794,9,0.08,133.8,0.65,5719929,0.65,0.64786,-0.08794,9.60718,-0.04612,0.02871,-0.01985,46.84303,23.48729,-69.23415
36.078956,-79.00794,9,0.08,134.1,0.76,5720129,0.76,0.75553,-0.15194,9.55813,0.01802,-0.14218,-0.02611,47.71996,23.09266,-69.05875
36.078958,-79.007936,9,0.05,134.1,0.49,5720929,0.49,0.49292,-0.44746,9.70888,0.01374,0.00596,-0.01619,46.59456,22.90266,-68.67875
36.078958,-79.007936,8,0.05,133.3,0.5,5721129,0.5,0.5001,-0.21416,9.80997,-0.0452,0.04551,-0.03085,46.59456,23.19497,-68.22566
36.078959,-79.007936,8,0.07,133.3,0.56,5721929,0.56,0.56231,-0.17468,9.77707,-0.31857,0.42348,-0.03497,48.36305,22.06957,-67.3195
36.078959,-79.007936,8,0.07,132.4,2.03,5722129,2.03,2.02732,1.72343,9.4684,-0.65072,0.85277,0.26176,54.19468,16.95411,-62.68635
36.078959,-79.007936,8,0.16,132.4,2.7,5722929,2.7,2.69851,5.76072,5.78345,-1.06886,-0.31124,0.1153,61.2394,-1.95849,-51.38848
36.078959,-79.007936,8,0.16,132.3,2.2,5723129,2.2,2.19721,5.43231,7.12104,-0.74312,-0.35079,-0.22526,57.89243,-4.94008,-52.10464
36.078961,-79.007936,8,0.1,132.3,2.09,5723929,2.09,2.08654,6.8997,6.65145,-0.47174,0.32055,-0.53435,48.61152,-5.3347,-60.15785
36.078961,-79.007936,9,0.1,132.4,2.56,5724129,2.56,2.55972,6.81416,7.76112,-0.22358,0.28359,-1.05267,51.88541,-2.58696,-58.40398
36.078959,-79.007934,9,0.2,132.4,4.6,5724929,4.6,4.59661,5.37009,6.61017,-0.0646,-0.10812,0.13851,58.2432,8.66706,-56.53318
36.078959,-79.007934,9,0.2,132.6,5.11,5725129,5.11,5.10927,4.77248,7.76531,0.3346,0.52,-0.16952,59.1786,9.734,-55.34932
36.07896,-79.007933,9,0.54,132.6,4.85,5725929,4.85,4.84606,4.68156,6.50728,0.10263,-0.08583,0.03925,60.5817,9.16399,-54.13622
36.07896,-79.007933,9,0.54,132.4,4.52,5726129,4.52,4.52243,4.38245,7.20479,0.05391,0.10446,-0.14019,60.52324,9.924,-53.34697
36.078962,-79.00794,9,0.36,132.4,4.8,5726929,4.8,4.8006,4.85324,6.42413,-0.57223,-0.343,0.73747,61.69249,2.30927,-51.47617
36.078961,-79.007941,9,0.59,132.4,0.59,5727929,0.59,0.58624,9.48635,8.54597,0.00443,2.25257,-0.4612,54.32622,-18.50336,-36.8021
36.078961,-79.007941,9,0.59,132.1,2.44,5728129,2.44,2.44247,6.36072,5.85643,1.09605,1.06306,-0.67302,55.67086,-15.52178,-39.56445
36.078962,-79.007943,9,0.29,132.1,6.88,5728929,6.88,6.88236,5.78345,3.42892,0.01222,-0.02184,-0.0142,61.28325,-10.15785,-9.50015
36.078962,-79.007943,9,0.29,131.6,6.93,5729129,6.93,6.93261,5.69133,3.65982,0.01268,-0.02779,0.01466,61.18094,-10.40631,-9.93861
36.078964,-79.007947,9,0.05,131.6,6.86,5729929,6.86,6.85544,5.70628,3.74237,0.00244,-0.02321,0.00779,60.8594,-10.75709,-9.95323
36.078964,-79.007947,9,0.05,130.6,6.81,5730129,6.81,6.80758,5.68894,3.80339,0.00458,-0.02764,0.01008,61.26863,-10.304,-9.66092
36.07896,-79.007948,9,0.12,130.6,6.67,5730929,6.67,6.67119,5.73201,4.17428,0.0168,-0.04322,0.03222,61.99942,-10.99094,-12.2625
36.07896,-79.007948,9,0.12,129.8,6.53,5731129,6.53,6.52762,5.7326,4.16471,0.02214,-0.07315,0.04612,61.85326,-11.34171,-12.70096
36.078956,-79.00795,9,0.08,129.8,6.97,5731929,6.97,6.97149,5.18345,4.01875,0.53252,-0.6379,0.32086,59.51476,-17.24642,-18.26951
36.078956,-79.00795,8,0.08,128.7,5.06,5732129,5.06,5.05783,6.11247,5.69133,0.13302,0.03787,0.01665,59.01783,-17.45104,-20.37416
36.078957,-79.007952,8,0.07,128.7,4.79,5732929,4.79,4.78565,6.06281,5.91207,0.01176,-0.0307,0.02978,58.97399,-18.4449,-21.00263
36.078957,-79.007952,8,0.07,127.4,4.72,5733129,4.72,4.72104,6.07358,5.97428,0.00428,-0.03344,0.02993,58.84245,-19.2926,-20.44724
36.078957,-79.007955,8,0.14,127.4,4.56,5733929,4.56,4.55713,6.07897,6.12682,0.00412,-0.01038,0.01481,58.22859,-20.98802,-22.69804
36.078957,-79.007955,8,0.14,126.4,4.5,5734129,4.5,4.49851,6.06521,6.11007,-0.00137,-0.00809,0.01405,57.52704,-19.80415,-23.67729
36.078955,-79.007958,8,0.03,126.4,4.45,5734929,4.45,4.45065,6.08555,6.20878,0.00428,-0.00565,0.01405,56.78164,-18.86875,-23.51652
36.078955,-79.007958,9,0.03,125.5,4.4,5735129,4.4,4.401,6.08794,6.21536,0.00107,-0.00626,0.01726,57.3078,-18.92721,-23.57498
36.078955,-79.007959,9,0.1,125.5,4.28,5735929,4.28,4.28315,6.07298,6.20459,-0.00061,-0.01313,0.01772,56.57703,-19.17568,-23.20959
36.078955,-79.007959,9,0.1,125.3,4.27,5736129,4.27,4.27179,6.07717,6.31107,0.0029,-0.01344,0.02275,56.00702,-19.13183,-23.35574
36.078953,-79.00796,9,0.38,125.3,4.09,5736929,4.09,4.08993,6.0676,6.42293,0.00321,-0.01008,0.02016,57.22011,-20.52032,-23.82344
36.078953,-79.00796,9,0.38,125.2,4.07,5737129,4.07,4.0666,6.0999,6.46421,0.00702,-0.01054,0.01817,57.19088,-20.73955,-24.02806
36.078951,-79.007959,9,0.2,125.2,3.91,5737929,3.91,3.90748,6.13938,6.49412,-0.01512,-0.0084,0.01359,56.76703,-20.92955,-24.53961
36.078951,-79.007959,8,0.2,125,3.93,5738129,3.93,3.93201,6.1352,6.49831,-0.00107,0.00031,0.00993,57.2055,-21.00263,-24.74423
36.078949,-79.00796,8,0.23,125,3.9,5738929,3.9,3.89552,6.08614,6.55394,-0.00596,-0.00153,0.01023,56.2701,-20.66647,-24.27653
36.078949,-79.00796,9,0.23,125.2,3.87,5739129,3.87,3.87398,6.09452,6.58206,-0.0026,-0.0391,0.0084,56.1824,-20.47647,-24.21807
36.078945,-79.007959,9,0.28,125.2,3.84,5739929,3.84,3.84287,6.09452,6.54916,0.00321,-0.00351,0.01176,56.51856,-20.60801,-23.38498
36.078945,-79.007959,9,0.28,125.5,3.82,5740129,3.82,3.82433,6.08794,6.58624,0,-0.00183,0.01145,57.00088,-20.43262,-24.33499
36.078944,-79.00796,9,0.1,125.5,3.86,5740929,3.86,3.86381,5.94198,6.74118,-0.10278,-0.1321,0.0536,56.59164,-20.43262,-24.55422
36.078944,-79.00796,8,0.1,125.4,3.9,5741129,3.9,3.90329,6.09512,6.65444,0.01756,0.00886,0.01497,56.69395,-20.7834,-24.26191
36.078947,-79.007963,8,0.08,125.4,2.59,5741929,2.59,2.58604,7.16052,5.39163,-0.2613,-0.14707,0.34621,48.99152,-27.34581,-20.44724
36.078947,-79.007963,8,0.08,125.1,3.1,5742129,3.1,3.09871,6.83749,6.17408,0.0649,-0.01344,0.12034,49.31306,-26.74656,-21.17802
36.078951,-79.007968,8,0.07,125.1,2.69,5742929,2.69,2.69013,6.99003,6.32244,-0.00137,-0.00687,0.0168,47.10611,-28.25197,-22.02572
36.078951,-79.007968,8,0.07,124.6,2.64,5743129,2.64,2.63629,6.9685,6.36252,-0.02016,-0.01405,0.03253,46.84303,-28.3689,-22.08418
36.078955,-79.007972,8,0.02,124.6,-0.29,5743929,-0.29,-0.29252,8.61895,4.64387,-0.39248,0.13836,0.81703,38.07366,-32.4905,-12.02865
36.078955,-79.007972,8,0.02,123.9,0.25,5744129,0.25,0.24766,8.82234,4.40698,-0.03283,0.02734,0.22403,32.08126,-33.36744,-11.15171
36.078958,-79.007978,8,0.35,123.9,-0.07,5744929,-0.07,-0.06999,7.95853,5.38026,-0.00473,0.76694,0.12553,25.15346,-33.41128,-17.5095
36.078958,-79.007978,9,0.35,123.2,0.17,5745129,0.17,0.1657,8.37608,5.33121,-0.01115,0.05253,0.0058,25.34347,-32.44665,-17.29027
36.078957,-79.007977,9,0.37,123.2,-0.2,5745929,-0.2,-0.19801,8.47657,4.84846,0.00733,-0.02428,0.03482,22.88804,-32.0228,-13.92868
36.078957,-79.007977,9,0.37,122.6,-0.18,5746129,-0.18,-0.17707,8.56212,4.97109,-0.00519,0.01115,-0.02199,23.12189,-32.05203,-13.87021
36.078953,-79.007972,9,0.02,122.6,-0.04,5746929,-0.04,-0.03529,8.6686,4.75155,0.01924,-0.00473,0.02459,23.3119,-30.94124,-13.24174
36.078953,-79.007972,9,0.02,122.5,-0.07,5747129,-0.07,-0.07238,8.6686,4.8335,-0.00046,-0.01649,0.05452,23.06343,-30.8097,-12.40865
36.078952,-79.007971,9,0.08,122.5,0.35,5747929,0.35,0.34816,9.19562,4.92563,0.10064,0.04994,-0.00718,22.46419,-31.30664,-13.1102
36.078952,-79.007971,9,0.08,122.2,-0.76,5748129,-0.76,-0.76092,8.12603,5.87079,0.5368,-0.16066,0.75396,19.00029,-31.99357,-19.55569
36.078949,-79.007968,9,0.02,122.2,-0.07,5748929,-0.07,-0.07119,8.2696,5.38265,-0.01084,-0.03161,0.03986,19.01491,-31.20432,-18.73721
36.078949,-79.007968,8,0.02,122.1,-0.42,5749129,-0.42,-0.41695,8.34198,5.34377,-0.15424,-0.18204,0.2616,18.26951,-30.72201,-17.39258
36.07895,-79.007969,8,0.36,122.1,-0.05,5749929,-0.05,-0.04845,8.19063,5.50409,0.01038,-0.0365,0.00779,19.49722,-30.07892,-18.4449
36.07895,-79.007969,8,0.36,122.1,0.05,5750129,0.05,0.04905,8.19183,5.47358,0.0168,-0.01619,-0.03146,20.38877,-29.93277,-18.79567
36.078953,-79.007972,8,0.13,122.1,-0.32,5750929,-0.32,-0.32363,8.3689,5.23729,0.00214,0.0058,-0.01619,19.2926,-29.84507,-16.3841
36.078953,-79.007972,8,0.13,121.8,-0.25,5751129,-0.25,-0.25125,8.36232,5.25344,-0.0087,-0.00122,0.01176,19.74569,-29.40661,-16.07717
36.078954,-79.007973,8,0.15,121.8,-0.09,5751929,-0.09,-0.09452,8.29292,5.25883,0.08751,0.0423,0.00519,20.15493,-29.78661,-17.21719
36.078954,-79.007973,8,0.15,121.5,-0.01,5752129,-0.01,-0.01137,8.19901,5.55853,0.04352,0.04398,-0.0055,19.62876,-30.12277,-17.80181
36.078952,-79.007971,8,0.01,121.5,-0.07,5752929,-0.07,-0.067,8.12303,5.65065,-0.00535,0.00031,0.02856,20.35954,-29.91815,-17.65565
36.078952,-79.007971,8,0.01,121.2,-0.06,5753129,-0.06,-0.05623,8.17029,5.54836,-0.00122,0.01268,-0.00794,18.78106,-30.23969,-17.84566
36.078953,-79.007972,8,0.03,121.2,-1.22,5753929,-1.22,-1.21795,8.77209,5.19841,-0.25733,0.04322,0.45128,14.82023,-29.74277,-17.11488
36.078953,-79.007972,8,0.03,121,-1.36,5754129,-1.36,-1.35733,8.45384,5.11346,-0.1463,0.07712,0.30589,12.7302,-29.87431,-15.20023
36.078953,-79.007972,8,0.08,121,-2.84,5754929,-2.84,-2.84267,8.31267,4.17009,0.34621,0.09682,-0.49694,-1.94388,-26.74656,-9.23707
36.078953,-79.007972,8,0.08,121,-3.98,5755129,-3.98,-3.98465,8.98445,3.61197,0.10721,-0.00443,0.19945,1.52002,-27.72581,-9.35399
36.078955,-79.007974,8,0.0,121,-3.14,5755929,-3.14,-3.14118,8.57767,4.18026,-0.07376,0.04704,-0.06216,5.7147,-28.99737,-9.44168
36.078955,-79.007974,8,0.0,120.9,-2.68,5756129,-2.68,-2.68176,8.67937,3.7328,0.03864,0.23366,-0.33353,6.72318,-28.23736,-8.47705
36.078956,-79.007976,8,0.0,120.9,-2.2,5756929,-2.2,-2.20499,8.74876,3.94218,0.09071,0.05162,-0.06231,8.72552,-27.84274,-8.66706
36.078956,-79.007976,8,0.0,120.9,-2.24,5757129,-2.24,-2.24447,8.87378,4.08634,0.00458,0.04032,-0.04872,8.37474,-27.55042,-7.89243
36.078959,-79.007978,8,0.2,120.9,-5.87,5757929,-5.87,-5.87378,7.70489,3.41037,0.13744,0.52229,-1.46928,-8.37474,-25.31424,-11.3271
36.078959,-79.007978,8,0.2,120.9,-5.94,5758129,-5.94,-5.93599,8.54716,5.90309,-0.99357,-0.51206,-0.27871,-2.09003,-26.90734,-8.38936
36.078957,-79.007978,8,0.68,120.9,-1.1,5758929,-1.1,-1.1001,10.25384,1.52124,0.1066,0.63713,-1.39797,18.3572,-22.88804,4.26776
36.078957,-79.007978,8,0.68,120.8,-1.3,5759129,-1.3,-1.3005,11.31626,0.29073,2.71896,-1.30053,-0.48793,32.0228,-29.80123,-21.52879
36.078956,-79.007978,8,0.3,120.8,-2.21,5759929,-2.21,-2.20738,9.82373,0.30748,0.43952,0.21838,0.83307,23.39959,-30.85355,-18.10874
36.078956,-79.007978,8,0.3,121,-1.89,5760129,-1.89,-1.88913,11.38206,0.4331,-1.71943,0.34376,1.1385,17.59719,-28.33967,-10.02631
36.078955,-79.007979,8,0.23,121,-3.23,5760929,-3.23,-3.22612,7.98365,2.78405,-0.166,-0.52901,-0.50183,3.40544,-24.45191,-11.99942
36.078955,-79.007979,8,0.23,121.5,-3.73,5761129,-3.73,-3.72802,9.43011,0.49292,-1.76769,-0.78817,-0.14157,5.72932,-23.42882,-6.76703
36.078954,-79.007979,8,0.12,121.5,-3.55,5761929,-3.55,-3.55274,9.40738,-3.91526,-0.22373,-0.00947,0.04032,6.85472,-9.20783,10.31862
36.078954,-79.007979,8,0.12,121.8,-3.48,5762129,-3.48,-3.48096,8.36052,-3.68076,-0.51893,0.38179,0.55451,5.057,-7.41011,10.69863
36.078952,-79.007977,8,0.28,121.8,-5.87,5762929,-5.87,-5.87378,7.0349,-4.64028,-3.38816,0.26267,0.58628,5.7147,2.23619,15.9164
36.078952,-79.007977,8,0.28,121.8,-5.26,5763129,-5.26,-5.25823,-1.87837,-4.06182,0.24374,2.03159,-0.63622,5.74393,8.15551,15.8287
36.078954,-79.007975,8,1.16,121.8,-9.03,5763929,-9.03,-9.03051,0.53001,-1.72881,0.85903,-0.63774,2.71087,-17.71412,28.23736,-6.63549
36.078954,-79.007975,8,1.16,122,-7.53,5764129,-7.53,-7.5332,-1.71147,-5.18943,1.4925,-0.24557,0.0817,-5.45162,37.3575,4.5893
36.078952,-79.007973,8,0.7,122,-9.26,5764929,-9.26,-9.26262,-0.88235,-2.11645,0.15623,-0.46945,0.08399,-14.73253,33.84975,-3.4639
36.078952,-79.007973,8,0.7,122.2,-9.41,5765129,-9.41,-9.41456,-0.70648,-1.98604,0.12813,-0.1434,-0.1347,-12.96405,32.2128,-2.10465
36.078953,-79.007972,8,0.25,122.2,-8.92,5765929,-8.92,-8.91566,3.3344,3.70768,-1.28175,2.27257,-0.48915,-23.20959,18.98568,-36.50979
36.078953,-79.007972,8,0.25,122.3,-4.12,5766129,-4.12,-4.12283,3.20758,7.06361,0.85765,1.4395,-0.27275,-17.43642,14.99562,-51.25694
36.078953,-79.007969,8,0.36,122.3,-0.48,5766929,-0.48,-0.48096,0.89372,9.7681,0.49633,0.29001,-0.71929,3.37621,27.87197,-67.61181
36.078953,-79.007969,8,0.36,122.2,0.61,5767129,0.61,0.60658,0.39422,9.4002,0.1744,0.15531,-0.56978,5.11546,28.47121,-68.31336
36.078952,-79.00797,8,0.14,122.2,-0.9,5767929,-0.9,-0.90389,0.27099,9.31466,-0.05147,-0.45311,-0.20831,0.84771,25.34347,-67.39258
36.078952,-79.00797,9,0.14,122.4,-1.44,5768129,-1.44,-1.43629,-0.13878,9.89253,0.60674,0.02337,-0.26069,-3.37621,25.73809,-64.26483
36.07895,-79.007969,9,0.36,122.4,-3.08,5768929,-3.08,-3.07956,0.19681,9.43131,-0.06857,-0.15104,0.0788,-9.47091,24.715,-60.15785
36.07895,-79.007969,9,0.36,122.5,-2.66,5769129,-2.66,-2.65723,0.24347,8.92822,-0.02016,-0.02123,0.1127,-9.98246,23.6919,-60.74247
36.078952,-79.007967,9,0.25,122.5,-3.38,5769929,-3.38,-3.38226,0.07358,9.31227,0.0646,-0.0113,-0.23167,-10.5817,25.51886,-59.38322
36.078952,-79.007967,9,0.25,122.5,-3.47,5770129,-3.47,-3.4678,0.19801,9.07418,0.03955,0.02306,-0.0591,-9.52938,24.49576,-60.07016
36.078951,-79.007966,9,0.03,122.5,-3.1,5770929,-3.1,-3.0999,0.34995,9.51566,-0.5507,0.45387,0.28146,-9.6463,23.18036,-60.99094
36.078951,-79.007966,9,0.03,122.5,-1.93,5771129,-1.93,-1.92742,0.78245,9.91765,0.13271,0.6182,0.71517,-4.69161,25.59193,-64.36714
36.078951,-79.007966,9,0.37,122.5,-2.8,5771929,-2.8,-2.79841,-1.7324,12.34158,1.15927,-0.68692,-0.21732,-5.07162,31.39433,-63.50482
36.078951,-79.007966,9,0.37,122.2,-3.19,5772129,-3.19,-3.19322,-1.68814,10.07977,-0.76572,0.26893,0.5284,-4.00468,35.41362,-61.76556
36.078952,-79.007966,9,0.24,122.2,4.96,5772929,4.96,4.95613,2.08654,7.73779,-0.37431,0.68814,0.15134,29.20199,0.61386,-69.51183
36.078952,-79.007966,9,0.24,122,4.48,5773129,4.48,4.47877,2.09013,6.49472,-0.57711,0.63347,-0.37415,33.93745,-3.04005,-67.20258
36.078953,-79.007966,9,0.15,122,5.21,5773929,5.21,5.20559,0.37089,6.6024,0.57223,-0.85964,0.50656,40.30985,0.21923,-65.71178
36.078953,-79.007966,9,0.15,122.1,7.36,5774129,7.36,7.36212,1.07856,7.94896,-0.1741,-0.08644,1.30588,36.50979,-4.56007,-66.25256
36.078953,-79.007967,9,0.29,122.1,4.67,5774929,4.67,4.6672,4.71386,6.31107,-0.6382,0.63744,1.35429,31.99357,-7.29319,-66.28179
36.078953,-79.007967,9,0.29,122.4,4.14,5775129,4.14,4.13719,2.85165,6.47019,-0.21533,-0.4244,0.09453,31.92049,-7.93628,-65.37562
36.078951,-79.007966,9,0.07,122.4,8.27,5775929,8.27,8.2666,1.91486,4.65464,-0.21945,-0.14615,0.03604,49.0646,-4.56007,-59.33937
36.078951,-79.007966,9,0.07,122.6,7.81,5776129,7.81,7.81197,2.28933,4.24905,-0.13515,-0.4273,0.07055,48.24613,-7.55627,-58.88629
36.078951,-79.007965,9,0.01,122.6,7.25,5776929,7.25,7.24726,3.01735,6.89193,0.17074,-0.27306,-0.00107,36.18825,-15.9164,-59.99707
36.078951,-79.007965,9,0.01,122.8,4.72,5777129,4.72,4.71805,3.6,8.02613,-0.07605,-0.26099,-0.03848,32.94358,-12.81789,-63.60713
36.078951,-79.007965,9,0.14,122.8,6.51,5777929,6.51,6.50609,5.3659,5.47179,-0.073,0.07941,-0.12843,38.02982,-25.15346,-53.1862
36.078951,-79.007965,9,0.14,123.2,6.36,5778129,6.36,6.36072,5.40658,5.41436,-0.07804,0.05269,-0.08384,38.43905,-25.82578,-52.26542
36.078951,-79.007965,9,0.23,123.2,7.05,5778929,7.05,7.04926,3.59761,5.33121,0.2448,-0.03803,-0.19105,41.84449,-18.03566,-53.90237
36.078951,-79.007965,9,0.23,123.6,7.12,5779129,7.12,7.12463,3.87757,6.02214,-0.21915,0.08384,0.09239,44.72376,-20.44724,-53.20082
36.078951,-79.007965,9,0.05,123.6,7.09,5779929,7.09,7.08874,3.5683,6.84168,0.95051,0.49877,1.38865,37.5475,-13.8556,-59.42707
