Lat,Lon,Sats,Speed,GPS_Alt,Dist,Time,Alt,AX,AY,AZ,GX,GY,GZ,MX,MY,MZ,Endpoint,source_file
36.0789631328671,-79.0079965454545,10,0.07,130,-8.28,527603,-8.28,-8.27797,-1.42253,-4.05105,-0.10339,0.48426,-1.15652,-4.26776,5.42239,23.56036,0,enoS1(1_parsed).csv
36.0789624195804,-79.0079995804196,11,0.75,130.4,-9.11,528403,-9.11,-9.10948,-3.067,-2.65005,-1.23639,-0.78802,0.20433,-2.77697,11.22479,28.80737,0,enoS1(1_parsed).csv
36.0789623356643,-79.0080025034965,11,0.29,130.4,-7.85,529403,-7.85,-7.84786,-4.41476,-3.74537,0.21487,-0.15043,-0.60735,1.43233,20.90032,34.56592,0,enoS1(1_parsed).csv
36.0789627960373,-79.0080052132867,11,0.29,131.2,-7.97,529603,-7.97,-7.9681,-4.33101,-3.48096,-0.58979,0.45433,-0.1773,0.35077,18.21105,33.70359,0,enoS1(1_parsed).csv
36.0789637156177,-79.0080076083916,11,0.03,131.5,-8.55,530403,-8.55,-8.55015,-2.90429,-4.77009,0.48762,-0.10079,-0.45616,4.83777,10.97632,38.68752,0,enoS1(1_parsed).csv
36.078965009324,-79.0080095874126,11,0.25,131.5,-5.55,531403,-5.55,-5.55255,-7.02593,-2.17867,-0.79229,0.9754,-1.29595,0.62847,35.88132,26.41041,0,enoS1(1_parsed).csv
36.0789666363636,-79.0080104335664,11,0.25,131.4,-6.82,531603,-6.82,-6.82493,-7.14018,-1.68215,0.14508,-0.19594,0.04979,-2.03157,31.8328,26.46887,0,enoS1(1_parsed).csv
36.0789683846154,-79.0080108391608,11,0.07,131.4,-3.25,532403,-3.25,-3.24646,-7.88136,-5.45623,0.27306,0.1379,-0.1405,12.67173,37.56212,37.8252,0,enoS1(1_parsed).csv
36.0789703286713,-79.0080115804196,11,0.07,131.4,-4.58,532603,-4.58,-4.57568,-6.70469,-5.25404,0.96196,0.38882,-0.92393,6.60626,30.03508,38.26367,0,enoS1(1_parsed).csv
36.0789727668998,-79.0080122097902,11,0.31,133,-10.47,533403,-10.47,-10.4686,1.17009,0.94457,0.19807,1.3914,-0.76083,-2.29465,-6.86934,15.21485,0,enoS1(1_parsed).csv
36.0789744289044,-79.0080127062937,11,0.2,133.3,-10.24,534403,-10.24,-10.24128,3.93141,0.15553,-0.29413,0.52779,-0.87125,7.1178,-18.31336,13.46098,0,enoS1(1_parsed).csv
36.0789748205128,-79.008013039627,11,0.39,133.2,-7.86,535403,-7.86,-7.85923,3.80818,-2.96231,-0.31597,0.04963,0.10064,14.61561,-12.18942,36.78749,0,enoS1(1_parsed).csv
36.078974979021,-79.0080134312354,11,0.26,133.2,-10.63,536403,-10.63,-10.63131,-0.35414,-0.30927,0.02398,-0.20647,-0.20159,-3.62467,10.69863,26.79041,0,enoS1(1_parsed).csv
36.0789740862471,-79.0080127599067,11,0.26,132.8,-10.49,536603,-10.49,-10.48834,1.63549,-1.02951,-1.20249,-1.12644,0.49724,-2.8062,15.06869,30.12277,0,enoS1(1_parsed).csv
36.0789743240093,-79.0080142680653,11,1.13,132.8,-9.07,537403,-9.07,-9.07478,0.12263,-3.70409,1.80724,0.31353,-1.94393,2.17773,14.83484,36.2321,0,enoS1(1_parsed).csv
36.0789748298368,-79.0080157762238,11,1.13,132.5,-8.32,537603,-8.32,-8.31626,2.31984,-5.66979,0.51023,-0.63209,-0.27611,8.37474,2.92312,40.266,0,enoS1(1_parsed).csv
36.0789776806527,-79.0080191958042,11,1.05,132.5,-19.6,538403,-19.6,-19.59961,-1.08933,-7.1001,-1.89826,2.90711,2.66688,25.38731,-7.38088,45.51301,0,enoS1(1_parsed).csv
36.0789827622378,-79.0080243613054,11,1.05,131.9,-0.63,538603,-0.63,-0.62991,-0.37986,0.55394,-0.20968,-1.95538,-0.1408,8.08243,11.13709,42.10757,0,enoS1(1_parsed).csv
36.0789889393939,-79.0080298135198,11,5.47,131.9,0.74,539403,0.74,0.73819,-0.0676,0.57368,0.30299,-3.1539,-1.77349,79.78661,29.28968,2.23619,0,enoS1(1_parsed).csv
36.0789950699301,-79.0080364662005,11,5.47,130.6,9.74,539603,9.74,9.74118,1.78923,-7.61456,0.09972,2.10031,-0.35171,81.67203,21.1634,6.25548,0,enoS1(1_parsed).csv
36.0790003776224,-79.0080426037296,11,4.64,130.6,11.19,540403,11.19,11.19482,0.55274,-0.27218,-0.72693,-1.77533,1.04412,79.4943,13.5779,-12.67173,0,enoS1(1_parsed).csv
36.0790021771562,-79.0080481468531,11,4.64,129.7,7.88,540603,7.88,7.87777,0.17827,2.43829,-0.28543,-2.38176,-1.22585,68.47413,12.04326,-29.34814,0,enoS1(1_parsed).csv
36.0790020699301,-79.0080528881119,11,1.04,129.3,8.72,541403,8.72,8.72423,0.29432,1.20419,-0.5733,-2.35259,-0.08766,75.89886,-0.35077,-16.64718,0,enoS1(1_parsed).csv
36.0789983846154,-79.008054983683,11,0.97,129.3,9.18,542403,9.18,9.18186,-0.23509,1.32921,-0.79748,0.58567,-0.84116,77.00965,-8.34551,-5.58316,0,enoS1(1_parsed).csv
36.0789945710956,-79.0080570885781,11,0.97,129.4,9.92,542603,9.92,9.92304,-1.07019,0.73938,-0.93905,0.10537,-0.11988,79.64046,-5.26162,2.04619,0,enoS1(1_parsed).csv
36.0789886247086,-79.008058039627,11,0.62,129.4,9.5,543403,9.5,9.49891,-0.61735,1.32084,-1.16171,-0.29123,0.55635,79.64046,-1.34464,16.51564,0,enoS1(1_parsed).csv
36.0789843776224,-79.0080597529137,11,0.62,128.2,9.36,543603,9.36,9.35953,0.27697,1.51645,-1.02259,-0.0869,-0.29917,78.67583,-1.24233,17.27565,0,enoS1(1_parsed).csv
36.0789804801865,-79.0080608717949,11,0.55,128.2,9.49,544403,9.49,9.48694,-0.37029,1.1994,-1.00701,0.06811,-0.59743,78.22274,22.5665,20.95878,0,enoS1(1_parsed).csv
36.0789767972028,-79.0080606666667,11,0.55,126.5,9.56,544603,9.56,9.55514,-0.65803,1.2347,-1.12781,0.06154,0.21197,77.56504,27.78427,18.60567,0,enoS1(1_parsed).csv
36.0789735874126,-79.0080613473193,11,0.72,126.5,9.35,545403,9.35,9.34517,-0.28415,1.07677,-1.2338,0.15348,0.23824,76.55656,37.1675,3.37621,0,enoS1(1_parsed).csv
36.0789709487179,-79.0080603776224,11,0.72,127,9.74,545603,9.74,9.73699,-0.23689,1.14497,-1.15301,-0.14111,-0.54336,76.41041,37.72289,-3.2739,0,enoS1(1_parsed).csv
36.0789685687646,-79.0080618181818,11,0.69,127,9.46,546403,9.46,9.46481,-0.35533,1.34895,-1.33505,0.29398,0.00596,74.93423,25.25577,-20.33031,0,enoS1(1_parsed).csv
36.0789688391608,-79.0080650722611,11,0.69,127.4,9.34,546603,9.34,9.33679,-0.30748,1.08275,-1.31977,-0.21502,-0.05421,75.89886,17.84566,-20.98802,0,enoS1(1_parsed).csv
36.0789686433566,-79.0080681724942,11,0.62,127.4,9.51,547403,9.51,9.51087,-0.14417,1.31904,-1.33612,0.41569,-0.43967,77.00965,-4.57469,-10.15785,0,enoS1(1_parsed).csv
36.0789687738928,-79.0080714242424,11,0.62,127.4,9.51,547603,9.51,9.51147,-0.73878,1.15753,-1.37826,-0.07101,-0.19777,78.74891,-4.75007,-5.15931,0,enoS1(1_parsed).csv
36.0789683310023,-79.0080753053613,11,0.63,127.4,9.41,548403,9.41,9.40978,-0.66162,1.27478,-1.38895,-0.02489,0.66569,78.58813,-2.00234,16.39871,0,enoS1(1_parsed).csv
36.0789682191142,-79.0080789300699,11,0.63,126.3,9.59,548603,9.59,9.58505,0.30389,1.15813,-1.18493,-0.11576,-0.48869,78.01812,-0.71616,19.52645,0,enoS1(1_parsed).csv
36.0789674009324,-79.0080814125874,10,0.84,125.9,9.51,549403,9.51,9.51267,-0.16211,1.07079,-1.07634,-0.16417,-0.69394,78.04736,23.60421,19.59953,0,enoS1(1_parsed).csv
36.0789660815851,-79.0080832307692,10,0.97,125.9,9.42,550403,9.42,9.42114,-0.22313,1.3986,-1.26388,0.30788,0.02566,75.95732,36.21748,-2.01695,0,enoS1(1_parsed).csv
36.0789639184149,-79.0080835547785,10,0.97,125.6,9.56,550603,9.56,9.56232,-0.13579,1.02772,-1.26006,-0.06353,-0.16188,76.65887,34.639,-5.46624,0,enoS1(1_parsed).csv
36.0789611142191,-79.0080831911422,9,0.67,125.7,9.58,551403,9.58,9.57727,-0.63948,1.5679,-1.16355,0.09362,-0.17257,74.34961,21.19263,-20.91494,0,enoS1(1_parsed).csv
36.078960037296,-79.0080848158508,10,0.7,126.1,9.56,552403,9.56,9.56112,-0.25005,1.63908,-0.9557,0.40577,-0.3007,75.50423,-3.09851,-13.13943,0,enoS1(1_parsed).csv
36.0789600559441,-79.0080875594406,10,0.51,126.1,9.32,553403,9.32,9.32423,-0.50369,1.04925,-0.86697,-0.07132,0.01008,78.85121,-7.49781,7.35165,0,enoS1(1_parsed).csv
36.0789591282051,-79.0080902820513,10,0.51,126.4,9.65,553603,9.65,9.64846,-0.06939,1.67617,-0.85139,-0.06445,0.07422,77.49197,-8.85706,8.47705,0,enoS1(1_parsed).csv
36.0789582121212,-79.0080935710955,10,0.72,126.4,9.66,554403,9.66,9.65863,-0.10169,1.51167,-0.7561,-0.0562,-0.08583,78.86583,-0.17539,19.1026,0,enoS1(1_parsed).csv
36.0789574708625,-79.0080964801865,11,0.72,126.1,9.47,554603,9.47,9.47139,-0.39661,1.13001,-0.72754,0.12324,-0.27718,79.04122,4.63315,20.53493,0,enoS1(1_parsed).csv
36.0789570675991,-79.0080991328671,11,0.61,126.1,9.28,555403,9.28,9.27518,-0.59163,1.2993,-0.69776,-0.17318,-0.09453,79.37738,18.48874,20.76878,0,enoS1(1_parsed).csv
36.0789571608392,-79.0081011841492,11,0.61,126.4,9.57,555603,9.57,9.57069,-0.26321,1.45603,-0.72097,0.18448,0.20632,78.77814,19.93569,20.72493,0,enoS1(1_parsed).csv
36.0789566666667,-79.0081028041958,11,0.63,126.4,9.46,556403,9.46,9.45883,-0.18664,1.29033,-0.62827,-0.11484,-0.0982,78.12044,28.82198,14.981,0,enoS1(1_parsed).csv
36.0789562750583,-79.0081033916084,10,0.63,126.9,9.53,556603,9.53,9.52882,-0.31825,1.29272,-0.58185,0.09239,-0.27764,78.23736,32.65127,11.53172,0,enoS1(1_parsed).csv
36.0789552051282,-79.0081039160839,10,0.53,126.9,9.51,557403,9.51,9.50848,-0.47438,1.34297,-0.57986,0.30681,0.11377,76.65887,36.4221,2.39696,0,enoS1(1_parsed).csv
36.0789541328671,-79.0081037575758,10,0.53,127,9.52,557603,9.52,9.52224,-0.11426,1.20838,-0.54978,-0.09102,0.0087,77.05349,34.98977,0.81847,0,enoS1(1_parsed).csv
36.0789523473193,-79.0081034825175,10,0.63,127,9.28,558403,9.28,9.28056,-0.30927,1.36271,-0.51023,0.01359,-0.13958,76.07425,34.88746,-7.26396,0,enoS1(1_parsed).csv
36.0789505104895,-79.0081027179487,10,0.63,127.4,9.53,558603,9.53,9.52822,-0.34756,1.35015,-0.5058,-0.01863,-0.08354,75.86963,34.52207,-10.304,0,enoS1(1_parsed).csv
36.0789481701632,-79.0081017226107,10,0.99,127.4,9.4,559403,9.4,9.4002,-0.00299,0.87876,-0.49648,0.11561,0.04001,77.08273,27.50658,-14.65946,0,enoS1(1_parsed).csv
36.0789465384615,-79.0081007342657,10,0.99,127.4,9.43,559603,9.43,9.43011,-0.3009,1.49073,-0.43891,-0.38546,-0.33017,75.22654,27.6235,-18.67875,0,enoS1(1_parsed).csv
36.0789442890443,-79.0080998927739,10,0.83,127.4,9.48,560403,9.48,9.48156,-0.72024,1.45005,-0.49969,0.25672,0.01069,74.26191,21.58726,-20.68109,0,enoS1(1_parsed).csv
36.078942004662,-79.0080986526806,10,0.83,127.8,9.65,560603,9.65,9.65025,-0.17647,1.07737,-0.53481,0.0339,0.28085,75.9427,16.35487,-19.45338,0,enoS1(1_parsed).csv
36.0789392074592,-79.0080979324009,10,0.63,127.8,9.42,561403,9.42,9.42294,-0.11246,1.00199,-0.43326,-0.34911,-0.19945,76.81965,7.99474,-18.45951,0,enoS1(1_parsed).csv
36.078937034965,-79.0080975034965,10,0.63,127.9,9.38,561603,9.38,9.38465,-0.44686,1.62832,-0.44578,0.02443,-0.16799,75.48962,7.24934,-20.16954,0,enoS1(1_parsed).csv
36.0789345384615,-79.0080979090909,10,0.67,127.9,9.56,562403,9.56,9.56172,-0.35174,1.42253,-0.48151,0.51465,0.031,76.67349,-0.6577,-15.37562,0,enoS1(1_parsed).csv
36.0789326643357,-79.0080989254079,11,0.67,127.7,9.52,562603,9.52,9.51805,-0.21954,0.88774,-0.45097,-0.06689,-0.12691,77.74043,-2.64543,-11.31248,0,enoS1(1_parsed).csv
36.0789306293706,-79.0081005547785,11,0.85,127.7,9.44,563403,9.44,9.44268,-0.49472,1.33579,-0.45983,-0.34865,-0.04352,77.60889,-6.06548,-7.74627,0,enoS1(1_parsed).csv
36.0789295011655,-79.0081025407925,11,0.85,127.2,9.43,563603,9.43,9.43011,-0.18126,1.56251,-0.50763,0.29993,0.17181,76.83426,-8.49167,-5.37854,0,enoS1(1_parsed).csv
36.0789282843823,-79.008105004662,11,0.92,127.2,9.47,564403,9.47,9.47378,-0.21894,1.14556,-0.45204,-0.09697,-0.07437,77.74043,-9.93861,3.50775,0,enoS1(1_parsed).csv
36.0789279020979,-79.0081073916084,11,0.92,127.2,9.68,564603,9.68,9.68316,-0.38405,1.44945,-0.43066,0.15241,-0.21212,78.20812,-8.14089,4.5893,0,enoS1(1_parsed).csv
36.0789262983683,-79.0081093286713,11,0.91,127.2,9.66,565403,9.66,9.65863,-0.50728,1.11087,-0.4499,-0.27443,0.07071,78.57352,-5.057,13.18328,0,enoS1(1_parsed).csv
36.0789249277389,-79.0081105407925,11,0.91,127.1,9.24,565603,9.24,9.24347,-0.11964,1.45244,-0.42623,0.05131,-0.02581,78.76352,-5.61239,13.81175,0,enoS1(1_parsed).csv
36.0789231258741,-79.00811204662,11,0.86,127.1,9.61,566403,9.61,9.61376,-0.06102,1.5338,-0.41157,0.14462,-0.0504,78.52967,-1.91464,19.01491,0,enoS1(1_parsed).csv
36.0789215407925,-79.0081127645688,10,0.86,127.2,9.44,566603,9.44,9.44268,-0.39422,1.2006,-0.38759,0.00367,-0.26313,78.70506,1.28617,21.17802,0,enoS1(1_parsed).csv
36.0789193659674,-79.008113995338,10,0.83,127.2,9.59,567403,9.59,9.59103,-0.54317,1.32443,-0.39645,0.02871,-0.19884,78.73429,9.42707,22.18649,0,enoS1(1_parsed).csv
36.0789175850816,-79.0081147039627,10,0.83,127.3,9.37,567603,9.37,9.36551,-0.29312,1.28734,-0.46701,0.03024,0.28879,78.44198,9.8363,22.5665,0,enoS1(1_parsed).csv
36.0789154149184,-79.008116002331,10,0.94,127.3,9.54,568403,9.54,9.5366,-0.13878,1.36511,-0.39676,0.17486,-0.23182,79.0266,16.09179,21.98188,0,enoS1(1_parsed).csv
36.0789136340326,-79.008117,10,0.94,127.2,9.47,568603,9.47,9.4666,-0.55155,1.20479,-0.38988,-0.08705,-0.26176,78.85121,21.13417,21.29494,0,enoS1(1_parsed).csv
36.0789114592075,-79.0081185734266,10,0.99,127.2,9.41,569403,9.41,9.40619,-0.46899,1.5344,-0.47113,0.21304,0.31307,77.78428,26.60041,17.05642,0,enoS1(1_parsed).csv
36.0789097902098,-79.008120037296,9,0.99,127.2,9.58,569603,9.58,9.57787,-0.02034,1.0684,-0.42898,-0.02978,0.01649,78.25198,25.94271,18.19643,0,enoS1(1_parsed).csv
36.078908009324,-79.008122055944,9,0.98,127.2,9.16,570403,9.16,9.16451,-0.49292,1.17547,-0.40042,-0.08476,-0.32101,76.41041,33.58667,13.02251,0,enoS1(1_parsed).csv
36.0789069090909,-79.0081239673659,10,0.98,127.3,9.66,570603,9.66,9.65624,-0.31705,1.67857,-0.47312,-0.01359,0.24954,77.79889,34.05437,8.78398,0,enoS1(1_parsed).csv
36.0789054242424,-79.0081258461538,10,0.94,127.3,9.64,571403,9.64,9.63769,-0.31884,1.00678,-0.41203,-0.0084,-0.12065,76.84888,35.99825,4.54545,0,enoS1(1_parsed).csv
36.0789043613054,-79.008127030303,10,0.94,127.3,9.56,571603,9.56,9.56471,-0.41994,1.31007,-0.41554,-0.15867,-0.05925,76.61502,36.45133,1.30079,0,enoS1(1_parsed).csv
36.0789031981352,-79.0081283962704,10,0.99,127.3,9.47,572403,9.47,9.47199,-0.11964,1.61037,-0.43539,-0.02841,0.0733,76.51272,35.13593,-6.38702,0,enoS1(1_parsed).csv
36.0789026946387,-79.0081291981352,10,0.99,126.9,9.54,572603,9.54,9.54198,-0.32602,1.14138,-0.39554,0.31628,-0.22571,76.87811,34.97515,-5.68547,0,enoS1(1_parsed).csv
36.0789016923077,-79.0081303356643,10,0.97,126.9,9.69,573403,9.69,9.69452,-0.50189,1.21615,-0.42761,0.16738,0.08002,75.48962,33.17743,-12.36481,0,enoS1(1_parsed).csv
36.078901011655,-79.0081309417249,11,0.97,126.7,9.3,573603,9.3,9.29971,-0.16271,1.19641,-0.41325,-0.21808,0.04887,76.17655,30.38585,-14.26484,0,enoS1(1_parsed).csv
36.0788998951049,-79.0081321515151,11,0.72,126.7,9.24,574403,9.24,9.2351,-0.21595,1.34776,-0.35323,0.00504,-0.37858,75.72347,25.18269,-18.03566,0,enoS1(1_parsed).csv
36.078899018648,-79.0081329533799,10,0.72,126.8,9.71,574603,9.71,9.70768,-0.5994,1.27179,-0.39981,0.18952,-0.00947,75.48962,25.10962,-18.82491,0,enoS1(1_parsed).csv
36.0788976480186,-79.0081344592074,10,1,126.8,9.72,575403,9.72,9.72443,-0.3673,1.22213,-0.40882,-0.04933,0.13974,75.88425,18.56182,-19.36568,0,enoS1(1_parsed).csv
36.0788964825175,-79.0081356713287,11,1,127.1,9.26,575603,9.26,9.26082,-0.17468,1.20658,-0.37034,-0.1266,-0.1321,75.91348,15.46332,-20.71032,0,enoS1(1_parsed).csv
36.0788948111888,-79.0081376083916,11,1.1,127.1,9.55,576403,9.55,9.54976,-0.35833,1.73181,-0.36744,0.75885,-0.21273,74.37884,10.23093,-20.90032,0,enoS1(1_parsed).csv
36.0788933566433,-79.0081393240093,11,1.1,127.1,9.4,576603,9.4,9.4032,-0.39302,0.59282,-0.40607,0.00687,0.14401,77.57965,8.28705,-16.82257,0,enoS1(1_parsed).csv
36.0788916433566,-79.0081419557109,11,1.14,127.1,9.51,577403,9.51,9.51326,-0.28116,1.08574,-0.38775,-0.53909,0.14172,76.43964,1.50541,-16.00409,0,enoS1(1_parsed).csv
36.0788903566433,-79.0081444265734,11,1.14,126.9,9.28,577603,9.28,9.27518,-0.27338,1.59362,-0.33628,0.06933,-0.25244,75.48962,0.92078,-17.34873,0,enoS1(1_parsed).csv
36.0788886433566,-79.0081474265734,11,1.16,126.9,9.49,578403,9.49,9.48993,-0.21176,1.52842,-0.36866,0.4864,-0.03803,76.46886,-3.72698,-11.97018,0,enoS1(1_parsed).csv
36.0788872727273,-79.0081499160839,11,1.16,126.7,9.64,578603,9.64,9.63709,-0.37747,0.93858,-0.33628,0.02459,-0.15562,77.69658,-4.04852,-7.74627,0,enoS1(1_parsed).csv
36.0788855804196,-79.0081527505828,11,1.13,126.7,9.4,579403,9.4,9.39841,-0.61854,1.23709,-0.35048,-0.38622,0.06918,77.63812,-6.02163,-4.76469,0,enoS1(1_parsed).csv
36.0788843962704,-79.0081547832168,11,1.13,126.7,9.51,579603,9.51,9.51087,0.01077,1.61037,-0.36606,0.22068,0.17898,76.13271,-8.63783,-4.29699,0,enoS1(1_parsed).csv
36.0788828438228,-79.0081572703963,11,1.12,126.7,9.57,580403,9.57,9.57069,-0.26501,1.22692,-0.26206,0.17898,-0.49602,78.12044,-8.62321,2.38234,0,enoS1(1_parsed).csv
36.0788817529138,-79.0081588368298,11,1.12,126.4,9.53,580603,9.53,9.52702,-0.70409,1.07976,-0.34453,-0.12706,0.19807,78.73429,-6.31394,4.13622,0,enoS1(1_parsed).csv
36.0788802470862,-79.0081611631701,11,1,126.4,9.45,581403,9.45,9.45285,-0.09751,1.39561,-0.30513,-0.10095,0.03207,77.93044,-9.55861,8.43321,0,enoS1(1_parsed).csv
36.0788791561772,-79.008162981352,10,1,126.5,9.38,581603,9.38,9.37927,-0.37567,1.334,-0.28176,0.18372,-0.18051,78.44198,-7.48319,9.924,0,enoS1(1_parsed).csv
36.0788776037296,-79.0081654055944,10,1.08,126.5,9.54,582403,9.54,9.54138,-0.40618,1.13181,-0.26817,0.17394,-0.10599,78.71967,-3.50775,14.44022,0,enoS1(1_parsed).csv
36.0788764195804,-79.0081672983683,10,1.08,126.5,9.43,582603,9.43,9.4343,-0.34217,1.22752,-0.29963,-0.29535,0.15653,78.70506,-4.72084,14.13329,0,enoS1(1_parsed).csv
36.0788747272727,-79.0081696083916,10,1.17,126.5,9.27,583403,9.27,9.27039,-0.10708,1.31486,-0.23885,0.03696,-0.16005,78.80737,-2.70389,17.52412,0,enoS1(1_parsed).csv
36.0788734405594,-79.0081713053613,10,1.17,126.6,9.64,583603,9.64,9.64008,-0.52104,1.31366,-0.23075,0.14035,-0.1605,78.90968,0.32154,17.20257,0,enoS1(1_parsed).csv
36.0788717062937,-79.0081733613054,10,0.89,126.6,9.68,584403,9.68,9.68016,-0.42233,1.0666,-0.28894,-0.01344,0.18524,78.22274,3.90237,21.09032,0,enoS1(1_parsed).csv
36.0788704009324,-79.0081746853147,10,0.89,126.7,9.43,584603,9.43,9.43131,-0.15613,1.31486,-0.24267,-0.23167,-0.06002,78.92429,3.02543,19.848,0,enoS1(1_parsed).csv
36.0788685058275,-79.0081764615385,10,1.01,126.7,9.41,585403,9.41,9.41037,-0.21894,1.54875,-0.23656,0.04658,-0.10843,78.98275,7.23473,20.98802,0,enoS1(1_parsed).csv
36.0788669207459,-79.0081775990676,11,1.01,126.8,9.57,585603,9.57,9.57189,-0.51984,1.04686,-0.24465,0.28115,-0.05589,77.81351,8.82783,22.11342,0,enoS1(1_parsed).csv
36.0788648391608,-79.0081794941725,11,1.17,126.8,9.63,586403,9.63,9.6347,-0.27039,1.05882,-0.22923,-0.06597,0.03482,77.52119,12.29173,23.7796,0,enoS1(1_parsed).csv
36.0788635804196,-79.0081808275058,11,1.17,127,9.33,586603,9.33,9.32962,-0.33619,1.468,-0.20617,-0.16386,-0.10033,78.69044,13.59252,21.93803,0,enoS1(1_parsed).csv
36.0788613939394,-79.008182972028,11,0.99,127,9.35,587403,9.35,9.35354,-0.37089,1.39621,-0.16066,0.23534,-0.27489,78.83659,17.01257,20.7834,0,enoS1(1_parsed).csv
36.0788592121212,-79.0081851258741,11,0.99,127.1,9.44,587603,9.44,9.44387,-0.44985,1.19402,-0.20143,0.01833,0.15379,77.56504,18.50336,22.52265,0,enoS1(1_parsed).csv
36.0788565337995,-79.0081876480186,11,1.04,127.1,9.52,588403,9.52,9.51745,-0.21236,1.01874,-0.16493,-0.01573,0.01191,77.6235,19.83338,22.33265,0,enoS1(1_parsed).csv
36.0788541841492,-79.0081897832168,11,1.04,127.2,9.54,588603,9.54,9.54497,-0.45344,1.44885,-0.13347,-0.22022,-0.15745,78.50043,21.30956,20.02338,0,enoS1(1_parsed).csv
36.0788516153846,-79.0081919370629,11,1.04,127.2,9.47,589403,9.47,9.47498,-0.55513,1.14197,-0.15852,0.16203,0.08919,77.11195,24.1596,19.68723,0,enoS1(1_parsed).csv
36.0788499184149,-79.0081933170163,11,1.04,128.2,9.49,589603,9.49,9.48515,-0.12502,1.2341,-0.15653,-0.18005,0.09407,78.17889,22.66881,20.18416,0,enoS1(1_parsed).csv
36.0788479090909,-79.0081947762238,11,0.99,128.2,9.28,590403,9.28,9.27638,-0.268,1.39801,-0.11637,0.05666,-0.19258,77.95966,25.43116,17.55335,0,enoS1(1_parsed).csv
36.0788465944056,-79.0081955687645,11,0.99,127.6,9.71,590603,9.71,9.70649,-0.50189,1.2347,-0.14707,0.2222,0.05849,77.12657,25.7527,19.07337,0,enoS1(1_parsed).csv
36.0788451911422,-79.0081964055944,11,0.91,127.6,9.62,591403,9.62,9.61975,-0.23809,1.08395,-0.12691,-0.28665,-0.04215,77.14119,27.1558,17.99182,0,enoS1(1_parsed).csv
36.0788447902098,-79.0081966107226,11,0.91,126.9,9.33,591603,9.33,9.33201,-0.40499,1.55115,-0.13561,-0.02459,-0.02734,77.88658,28.16428,18.59105,0,enoS1(1_parsed).csv
36.0788431701632,-79.0081973892774,11,1.09,126.9,9.67,592403,9.67,9.667,-0.30927,1.34776,-0.1263,0.29612,-0.10431,77.56504,29.34814,14.83484,0,enoS1(1_parsed).csv
36.0788416876457,-79.008198013986,11,1.09,127.2,9.5,592603,9.5,9.49652,-0.39781,1.12941,-0.13546,-0.15592,-0.00809,77.12657,29.81584,15.90178,0,enoS1(1_parsed).csv
36.0788395128205,-79.0081987459207,11,0.97,127.2,9.44,593403,9.44,9.43789,-0.25364,1.2347,-0.13699,-0.25916,0.15424,77.41888,31.2774,13.3002,0,enoS1(1_parsed).csv
36.0788375454545,-79.0081991934732,11,0.97,127.2,9.51,593603,9.51,9.51207,-0.33679,1.37946,-0.10751,0.208,-0.13561,77.28734,30.99971,12.39404,0,enoS1(1_parsed).csv
36.0788352144522,-79.0081998065268,11,1.21,127.2,9.63,594403,9.63,9.6347,-0.34277,1.22453,-0.12523,0.25962,-0.03574,76.81965,32.44665,12.02865,0,enoS1(1_parsed).csv
36.0788334055944,-79.0082000862471,11,1.21,127,9.55,594603,9.55,9.55275,-0.35773,1.05823,-0.12217,-0.16814,-0.07162,76.46886,33.00204,11.88249,0,enoS1(1_parsed).csv
36.078830981352,-79.0082008601399,11,1.17,127,9.44,595403,9.44,9.44088,-0.4014,1.50568,-0.13989,-0.17333,0.07101,76.65887,34.21514,9.14937,0,enoS1(1_parsed).csv
36.0788290792541,-79.0082016060606,11,1.17,126.8,9.41,595603,9.41,9.40679,-0.15972,1.38664,-0.13836,0.16386,0.02184,76.87811,33.2359,9.57322,0,enoS1(1_parsed).csv
36.0788267738928,-79.0082027272727,11,1.2,126.8,9.54,596403,9.54,9.54258,-0.49053,0.98524,-0.12019,0.13653,-0.08964,76.3081,35.38439,9.04706,0,enoS1(1_parsed).csv
36.0788250582751,-79.0082036783217,11,1.2,126.5,9.4,596603,9.4,9.39841,-0.25184,1.33878,-0.1489,-0.25122,0.07086,76.87811,34.49284,7.93628,0,enoS1(1_parsed).csv
36.0788227948718,-79.008205027972,11,1.17,126.5,9.32,597403,9.32,9.32304,-0.3338,1.46142,-0.14065,0.12492,-0.00733,76.54195,35.16515,5.07162,0,enoS1(1_parsed).csv
36.0788212657343,-79.0082062680653,11,1.17,126.3,9.66,597603,9.66,9.65983,-0.35115,1.10907,-0.13836,0.19746,-0.02566,75.69424,35.63285,6.21163,0,enoS1(1_parsed).csv
36.0788191212121,-79.0082077319347,11,1.13,126.3,9.54,598403,9.54,9.54317,-0.22792,1.16112,-0.12706,-0.16432,-0.09545,76.10348,35.63285,4.00468,0,enoS1(1_parsed).csv
36.0788174988345,-79.0082088041958,10,1.13,125.9,9.48,598603,9.48,9.47677,-0.42233,1.41117,-0.13622,0.00137,-0.03146,75.86963,36.40748,2.03157,0,enoS1(1_parsed).csv
36.0788152610723,-79.0082101958042,10,1.23,125.9,9.67,599403,9.67,9.66521,-0.49771,1.05823,-0.16906,0.21991,0.05757,75.51885,37.2698,0.92078,0,enoS1(1_parsed).csv
36.0788131258741,-79.0082108484849,10,1.23,125.7,9.4,599603,9.4,9.39661,-0.19502,1.21974,-0.17242,-0.17944,0.0536,75.9427,35.57439,-0.07308,0,enoS1(1_parsed).csv
36.0788108997669,-79.0082124172494,10,1.29,125.7,9.31,600403,9.31,9.30509,-0.12084,1.49851,-0.17089,0.10873,-0.02062,75.67963,35.42824,-7.48319,0,enoS1(1_parsed).csv
36.0788093519813,-79.0082137505827,10,1.29,125.5,9.58,600603,9.58,9.58086,-0.38644,1.23529,-0.13531,0.07132,-0.28558,75.48962,36.75826,-3.04005,0,enoS1(1_parsed).csv
36.0788077948718,-79.008216009324,10,1.23,125.5,9.5,601403,9.5,9.5001,-0.49173,1.05344,-0.17471,-0.04581,-0.00092,75.19731,36.77287,-6.1824,0,enoS1(1_parsed).csv
36.0788071794872,-79.0082182004662,11,1.23,125.3,9.62,601603,9.62,9.62034,-0.24526,1.25803,-0.18983,-0.10797,0.11897,75.88425,35.4867,-7.49781,0,enoS1(1_parsed).csv
36.0788063939394,-79.0082212261072,11,1.28,125.3,9.52,602403,9.52,9.51685,-0.2668,1.52602,-0.17425,-0.04169,-0.06903,75.4604,34.31745,-9.71938,0,enoS1(1_parsed).csv
36.0788062447552,-79.008223986014,11,1.28,125.2,9.51,602603,9.51,9.50609,-0.39182,1.15334,-0.18143,0.2697,-0.03589,75.73809,34.639,-8.63783,0,enoS1(1_parsed).csv
36.0788054079254,-79.0082271468531,11,1.22,125.2,9.46,603403,9.46,9.46421,-0.48514,1.04746,-0.19991,-0.05177,0.04352,75.75271,32.70973,-9.88015,0,enoS1(1_parsed).csv
36.0788048951049,-79.0082296456876,11,1.22,125,9.52,603603,9.52,9.51506,-0.18724,1.52842,-0.19303,-0.21014,-0.01726,75.35808,31.93511,-13.06635,0,enoS1(1_parsed).csv
36.0788033589744,-79.0082323146853,11,1.17,125,9.43,604403,9.43,9.42533,-0.47378,1.4333,-0.1886,-0.05223,-0.09255,74.51038,30.23969,-15.52178,0,enoS1(1_parsed).csv
36.0788018111888,-79.0082340675991,11,1.17,125.1,9.59,604603,9.59,9.59342,-0.26859,1.18205,-0.22297,0.36591,0.09743,75.29962,28.38351,-15.12716,0,enoS1(1_parsed).csv
36.0787997762238,-79.0082363729604,11,1.17,125.1,9.59,605403,9.59,9.59283,-0.35952,1.1665,-0.18433,-0.07926,-0.12798,75.35808,26.80503,-15.81409,0,enoS1(1_parsed).csv
36.0787975664336,-79.0082376503496,10,1.17,125.2,9.46,605603,9.46,9.46242,-0.47198,1.34955,-0.20281,-0.04826,0.04475,74.18884,26.64426,-18.18182,0,enoS1(1_parsed).csv
36.0787953659674,-79.0082398158508,10,1.46,125.2,9.42,606403,9.42,9.41576,-0.15314,1.2018,-0.20525,0.07957,0.11316,76.33733,22.71266,-17.56796,0,enoS1(1_parsed).csv
36.0787936317016,-79.0082412051282,9,1.46,125.2,9.52,606603,9.52,9.52164,-0.35174,1.1336,-0.13011,-0.09499,-0.37813,75.27039,23.26805,-18.6349,0,enoS1(1_parsed).csv
36.0787918881119,-79.0082436876457,9,1.33,125.2,9.44,607403,9.44,9.44148,-0.51027,1.27238,-0.20082,-0.11973,0.1602,74.68576,21.57264,-20.06723,0,enoS1(1_parsed).csv
36.078791002331,-79.008246009324,10,1.33,125.4,9.61,607603,9.61,9.60539,-0.17886,1.21675,-0.19563,0.24679,0.01634,75.38731,19.32183,-19.96492,0,enoS1(1_parsed).csv
36.0787900512821,-79.0082491911422,10,1.19,125.4,9.5,608403,9.5,9.49532,-0.31047,1.18146,-0.1686,-0.17272,-0.21029,75.19731,17.18796,-20.75417,0,enoS1(1_parsed).csv
36.078789986014,-79.008252062937,10,1.19,125.9,9.49,608603,9.49,9.49113,-0.50369,1.40818,-0.21487,0.06826,0.10537,74.5396,17.30488,-21.20725,0,enoS1(1_parsed).csv
36.0787892937063,-79.0082554568764,10,1.37,125.9,9.43,609403,9.43,9.4349,-0.10828,1.08335,-0.22571,0.13867,0.02489,75.4604,11.42941,-19.55569,0,enoS1(1_parsed).csv
36.078789032634,-79.0082578904429,11,1.37,126,9.57,609603,9.57,9.57129,-0.37747,1.28913,-0.19334,-0.22419,-0.2645,75.13885,12.37942,-19.99415,0,enoS1(1_parsed).csv
36.0787875011655,-79.0082607622378,11,1.31,126,9.42,610403,9.42,9.42353,-0.43609,1.25384,-0.30223,0.16295,0.1686,75.72347,7.92166,-19.3803,0,enoS1(1_parsed).csv
36.0787855897436,-79.0082624125874,11,1.31,125.9,9.61,610603,9.61,9.60658,-0.16989,0.98285,-0.27703,-0.04459,-0.01023,75.78194,5.78778,-17.74335,0,enoS1(1_parsed).csv
36.0787832237762,-79.0082651608392,11,1.4,125.9,9.47,611403,9.47,9.4684,-0.38644,1.3011,-0.29612,-0.17165,-0.18723,75.31424,2.95235,-16.92488,0,enoS1(1_parsed).csv
36.0787812564103,-79.0082675291375,11,1.4,126,9.42,611603,9.42,9.41815,-0.40379,1.21854,-0.34789,0.25412,0.10644,75.91348,1.62233,-14.84946,0,enoS1(1_parsed).csv
36.0787789044289,-79.0082710582751,11,1.42,126,9.62,612403,9.62,9.62034,-0.12861,1.26341,-0.38057,-0.09484,0.00932,75.41655,-4.50161,-11.12248,0,enoS1(1_parsed).csv
36.0787767412587,-79.0082737995338,11,1.42,125.5,9.39,612603,9.39,9.39063,-0.40319,1.25264,-0.36713,0.11469,-0.24175,75.9427,-3.99006,-10.33324,0,enoS1(1_parsed).csv
36.0787744312354,-79.0082775058275,11,1.55,125.5,9.59,613403,9.59,9.58864,-0.32483,1.07498,-0.42516,0.16997,-0.04902,77.03888,-7.35165,-2.73312,0,enoS1(1_parsed).csv
36.0787730885781,-79.0082807226107,11,1.55,125.8,9.5,613603,9.5,9.49532,-0.33559,1.13599,-0.43784,-0.18922,-0.00901,77.03888,-7.98012,-0.89155,0,enoS1(1_parsed).csv
36.0787711515151,-79.0082843310023,11,1.43,125.8,9.46,614403,9.46,9.46421,-0.22792,1.39681,-0.4554,-0.03803,0.03543,77.75504,-8.5209,5.58316,0,enoS1(1_parsed).csv
36.0787699020979,-79.008286997669,11,1.43,125.9,9.48,614603,9.48,9.48156,-0.28834,1.23769,-0.46823,0.1547,-0.18204,77.49197,-8.25782,7.96551,0,enoS1(1_parsed).csv
36.0787677785548,-79.0082902167832,11,1.38,125.9,9.47,615403,9.47,9.46541,-0.52522,1.18684,-0.48442,-0.03421,0.11851,78.58813,-3.97545,15.88717,0,enoS1(1_parsed).csv
36.0787660629371,-79.0082922214452,11,1.38,125.9,9.72,615603,9.72,9.71725,-0.14058,1.2682,-0.45769,0.02138,-0.07743,78.25198,-4.3116,15.93102,0,enoS1(1_parsed).csv
36.0787638298368,-79.0082953776224,11,1.33,125.9,9.61,616403,9.61,9.61376,-0.39541,1.27717,-0.41508,-0.09927,-0.32315,79.08507,3.6539,19.23414,0,enoS1(1_parsed).csv
36.0787622634033,-79.0082979044289,11,1.33,125.8,9.31,616603,9.31,9.30629,-0.53839,1.28255,-0.50717,0.13699,0.27458,78.9389,5.26162,20.72493,0,enoS1(1_parsed).csv
36.0787594708625,-79.0083007762238,11,1.48,125.8,9.55,617403,9.55,9.54617,-0.11964,1.14975,-0.47678,0.09484,0.04322,78.33967,11.66326,23.44344,0,enoS1(1_parsed).csv
36.078756972028,-79.0083026689977,11,1.48,125.7,9.54,617603,9.54,9.54018,-0.32722,1.24187,-0.42822,-0.07101,-0.32437,78.0912,14.99562,22.58112,0,enoS1(1_parsed).csv
36.0787539347319,-79.0083055710956,11,1.39,125.7,9.37,618403,9.37,9.3691,-0.69033,1.31486,-0.47785,-0.00947,0.01497,77.78428,24.01345,19.1026,0,enoS1(1_parsed).csv
36.0787514918415,-79.0083076410256,11,1.39,125.8,9.62,618603,9.62,9.61556,-0.12562,1.24965,-0.50412,0.10156,0.24144,78.10582,23.20959,19.00029,0,enoS1(1_parsed).csv
36.0787482680653,-79.0083106783217,11,1.67,125.8,9.44,619403,9.44,9.4355,-0.16391,1.24068,-0.41447,-0.15165,-0.34102,77.33119,30.19585,13.97252,0,enoS1(1_parsed).csv
36.0787458158508,-79.0083132144522,11,1.67,125.8,9.65,619603,9.65,9.64846,-0.58505,1.30768,-0.44425,0.2306,-0.08338,77.00965,33.5136,12.52558,0,enoS1(1_parsed).csv
36.0787425710956,-79.0083164125874,11,1.61,125.8,9.58,620403,9.58,9.58026,-0.37328,1.09651,-0.49862,-0.08552,0.34163,76.57118,35.23823,5.87547,0,enoS1(1_parsed).csv
36.0787401095571,-79.0083188648019,11,1.61,125.7,9.38,620603,9.38,9.38465,-0.01675,1.29392,-0.40729,-0.17043,-0.26817,76.73195,34.50745,2.74773,0,enoS1(1_parsed).csv
36.0787368904429,-79.0083221351981,11,1.84,125.7,9.4,621403,9.4,9.39961,-0.5007,1.38126,-0.43142,0.32101,-0.12737,75.38731,37.2698,-5.59778,0,enoS1(1_parsed).csv
36.0787344289044,-79.0083245034965,11,1.84,125.5,9.45,621603,9.45,9.45344,-0.32602,0.96909,-0.48319,-0.05391,0.26344,76.62964,35.019,-4.92546,0,enoS1(1_parsed).csv
36.0787311841492,-79.0083277226107,11,1.92,125.5,9.5,622403,9.5,9.50429,0.05204,1.23589,-0.37797,0.63866,-0.85063,75.41655,32.25665,-11.64864,0,enoS1(1_parsed).csv
36.0787288158508,-79.0083301934732,11,1.92,125.3,9.13,622603,9.13,9.12802,-1.16172,0.81954,-0.5652,-0.44227,0.49129,74.68576,34.28822,-12.14557,0,enoS1(1_parsed).csv
36.0787255710956,-79.0083334335664,11,1.62,125.3,9.2,623403,9.2,9.19502,-0.0012,1.46919,-0.45815,0.48487,-0.20189,75.51885,23.75036,-18.89798,0,enoS1(1_parsed).csv
36.0787231934732,-79.0083356526807,11,1.62,125.5,9.57,623603,9.57,9.56651,-0.42891,1.07737,-0.47785,-0.16218,-0.02138,76.10348,22.50804,-18.29874,0,enoS1(1_parsed).csv
36.0787199533799,-79.0083391468532,11,1.97,125.5,9.74,624403,9.74,9.74477,0.27757,1.08036,-0.45509,-0.07498,-0.06521,75.38731,12.70096,-19.19029,0,enoS1(1_parsed).csv
36.0787175571096,-79.008342018648,11,1.97,125.5,9.25,624603,9.25,9.25125,-0.69631,1.08634,-0.42455,-0.13118,-0.40424,75.19731,13.97252,-20.11108,0,enoS1(1_parsed).csv
36.0787141095571,-79.0083459277389,11,2.22,125.5,9.47,625403,9.47,9.47498,-0.51266,0.24885,-0.5258,-0.19135,0.01756,75.98655,8.09705,-17.61181,0,enoS1(1_parsed).csv
36.0787112564102,-79.008349013986,10,2.22,126,8.37,625603,8.37,8.3677,-0.13699,1.867,-0.58597,0.05498,0.71624,74.77346,2.36773,-18.82491,0,enoS1(1_parsed).csv
36.0787075034965,-79.0083530792541,10,2.15,126,9.88,626403,9.88,9.88116,0.26919,0.33978,-0.48411,0.61453,-0.41753,75.48962,-5.61239,-10.94709,0,enoS1(1_parsed).csv
36.0787044731935,-79.0083561934732,11,2.15,125.5,8.31,626603,8.31,8.30848,-0.60538,1.20658,-0.5652,-0.25152,-0.135,77.82812,-3.04005,-7.13242,0,enoS1(1_parsed).csv
36.0787008601399,-79.0083605128205,11,2.01,125.5,9.57,627403,9.57,9.5683,-0.30867,0.41934,-0.64095,0.76267,-0.41814,77.02426,-8.25782,2.77697,0,enoS1(1_parsed).csv
36.0786983706294,-79.008364,11,2.01,125.4,9.19,627603,9.19,9.19322,-0.44925,1.3663,-0.69394,-0.74739,-0.00076,78.17889,-5.58316,5.45162,0,enoS1(1_parsed).csv
36.0786951095571,-79.0083683869464,11,2.13,125.4,8.87,628403,8.87,8.869,-0.30209,0.999,-0.56536,-0.07514,-0.25992,77.78428,-4.04852,13.87021,0,enoS1(1_parsed).csv
36.0786928065268,-79.0083716969697,11,2.13,125.4,9.79,628603,9.79,9.78904,-0.48275,1.52782,-0.62782,0.1799,0.13699,77.9012,-3.37621,13.44636,0,enoS1(1_parsed).csv
36.0786895664336,-79.0083760629371,11,1.85,125.4,9.7,629403,9.7,9.69572,-1.39442,0.34816,-0.59284,0.34071,0.43356,77.25811,7.07396,22.80035,0,enoS1(1_parsed).csv
36.0786872634033,-79.0083795314685,11,1.85,125.2,9.17,629603,9.17,9.1693,0.23749,0.86142,-0.41188,-0.76328,-0.11377,77.15581,6.37241,23.57498,0,enoS1(1_parsed).csv
36.0786837902098,-79.0083836689977,11,1.97,125.2,9.14,630403,9.14,9.14477,-0.37986,1.20299,0.04062,-0.74648,-1.39552,78.33967,14.55715,22.05495,0,enoS1(1_parsed).csv
36.0786809370629,-79.0083864848485,11,1.97,125.3,9.69,630603,9.69,9.69093,-2.37906,2.24985,-0.12004,0.34346,0.3375,79.59661,18.64952,16.1064,0,enoS1(1_parsed).csv
36.0786772097902,-79.0083901818182,11,1.8,125.3,10.13,631403,10.13,10.13061,-0.79621,1.44108,-0.05376,-1.2845,0.20143,78.88045,14.981,18.66413,0,enoS1(1_parsed).csv
36.0786744219114,-79.0083928764569,11,1.8,125.4,9.34,631603,9.34,9.34098,-0.55872,2.15055,-0.09636,0.98777,0.2726,79.53815,11.76557,17.9772,0,enoS1(1_parsed).csv
36.0786707249417,-79.0083964172494,11,1.81,125.4,10.2,632403,10.2,10.2024,-0.10588,1.72523,-0.09026,-1.00518,-0.18922,79.46507,12.71558,19.27799,0,enoS1(1_parsed).csv
36.0786677505828,-79.0083988228438,11,1.81,125.6,9.15,632603,9.15,9.15314,-0.72084,1.79163,-0.12233,1.00991,-0.20754,79.18737,15.41947,20.30108,0,enoS1(1_parsed).csv
36.0786638624709,-79.0084021771562,11,1.86,125.6,10.09,633403,10.09,10.09472,-0.35474,1.99023,-0.14676,0.47052,0.27,80.15201,14.45484,19.46799,0,enoS1(1_parsed).csv
36.0786608135198,-79.0084046666667,11,1.86,125.7,9.09,633603,9.09,9.08674,-0.27817,0.6329,-0.05727,0.35339,-0.17333,77.21426,15.171,25.66501,0,enoS1(1_parsed).csv
36.0786571328671,-79.0084081864802,11,1.84,125.7,9.3,634403,9.3,9.29552,-0.09392,0.72742,-0.15715,-0.28818,-0.28451,78.00351,16.31102,24.91961,0,enoS1(1_parsed).csv
36.0786545501165,-79.0084107785548,11,1.84,125.8,9.76,634603,9.76,9.76391,-0.3661,1.56132,-0.19609,-0.19196,-0.05941,79.75738,18.12336,19.27799,0,enoS1(1_parsed).csv
36.0786511701632,-79.0084143146853,11,1.66,125.8,9.67,635403,9.67,9.6688,0.31466,0.78245,-0.36285,-0.68936,-0.57116,78.54428,21.73341,22.21573,0,enoS1(1_parsed).csv
36.0786486993007,-79.0084171025641,11,1.66,125.8,9.58,635603,9.58,9.58206,-1.07677,1.27358,-0.55741,0.35843,0.12248,77.59427,27.14119,17.43642,0,enoS1(1_parsed).csv
36.0786456200466,-79.008420990676,11,1.66,125.8,9.51,636403,9.51,9.51386,-0.12802,1.57448,-0.61682,0.01695,0.54443,79.07045,30.95586,10.72786,0,enoS1(1_parsed).csv
36.0786434475525,-79.0084242261072,11,1.66,125.8,9.32,636603,9.32,9.31885,0.04845,0.76032,-0.5032,0.02398,-0.42699,77.84274,32.27127,12.75943,0,enoS1(1_parsed).csv
36.0786404055944,-79.0084280675991,11,1.84,125.8,9.82,637403,9.82,9.82194,-0.71067,1.733,-0.50793,0.10721,-0.19395,75.66501,38.02982,0.54078,0,enoS1(1_parsed).csv
36.0786379160839,-79.0084306783217,11,1.84,126.2,9.16,637603,9.16,9.16391,-0.41934,0.734,-0.58246,-0.05101,0.33567,76.71734,36.90441,0.67232,0,enoS1(1_parsed).csv
36.0786351235431,-79.0084343076923,11,1.44,126.2,9.33,638403,9.33,9.3338,-1.80479,-3.35773,5.00344,-2.09114,-0.62889,69.16106,35.39901,27.40427,0,enoS1(1_parsed).csv
36.0786333799534,-79.0084370955711,11,1.44,126.3,11.21,638603,11.21,11.20858,-1.09591,-0.78485,4.13724,-0.94501,2.24936,77.65273,3.09851,22.01111,0,enoS1(1_parsed).csv
36.0786311934732,-79.0084406783217,11,1.66,126.3,8.39,639403,8.39,8.39103,0.02393,-0.59761,2.53387,-1.71439,1.2509,79.37738,16.23794,-13.41713,0,enoS1(1_parsed).csv
36.0786297482517,-79.008443027972,11,1.66,126.2,9.37,639603,9.37,9.37029,0.20459,3.65504,2.49981,0.11454,-0.33094,73.34113,27.4335,-22.39111,0,enoS1(1_parsed).csv
36.0786277179487,-79.0084467715618,11,1.8,126.2,9.22,640403,9.22,9.22194,-2.43111,2.20858,1.91888,0.35262,0.45693,78.44198,29.37737,14.10406,0,enoS1(1_parsed).csv
36.0786265524475,-79.0084498578089,11,1.8,126.5,9.53,640603,9.53,9.53181,3.4008,-3.27099,1.2651,3.5363,2.91154,69.62876,4.79392,38.27828,0,enoS1(1_parsed).csv
36.0786245011655,-79.0084540885781,11,2.17,126.5,8.09,641403,8.09,8.09133,-2.26481,2.30668,0.19196,0.22205,1.98852,81.87664,14.86407,9.13476,0,enoS1(1_parsed).csv
36.0786231212121,-79.0084575571095,11,2.17,126.2,10.68,641603,10.68,10.68336,1.03131,0.44865,0.32758,1.43843,1.79549,74.81731,-10.87401,22.46419,0,enoS1(1_parsed).csv
36.0786205198135,-79.0084618298368,11,1.5,126.2,10.04,642403,10.04,10.04088,-1.55175,0.55214,5.00344,0.49495,0.99449,76.83426,36.94826,7.57089,0,enoS1(1_parsed).csv
36.0786179277389,-79.0084652051282,11,1.5,126.4,9,642603,9,9.00359,0.69212,-0.9661,5.00344,0.41875,0.72174,75.54808,1.44695,27.68196,0,enoS1(1_parsed).csv
36.0786147249417,-79.0084694615385,11,1.62,126.4,9.36,643403,9.36,9.35953,0.28235,2.31805,4.12181,0.80985,0.05024,77.24349,32.32973,-10.21631,0,enoS1(1_parsed).csv
36.0786123566433,-79.0084730512821,11,1.62,127,9.74,643603,9.74,9.7358,-0.99781,0.19083,3.8683,0.58322,0.0956,76.3081,34.44899,17.07103,0,enoS1(1_parsed).csv
36.0786088578089,-79.0084766433566,11,1.78,127,9.31,644403,9.31,9.31466,-0.21655,1.33998,2.86923,-0.70234,-0.47189,78.03274,-8.95937,-2.79158,0,enoS1(1_parsed).csv
36.0786056596737,-79.0084786386946,11,1.78,128.1,9.82,644603,9.82,9.81656,-0.67777,1.46022,2.49538,0.0617,0.50824,76.70272,0.13154,-16.91026,0,enoS1(1_parsed).csv
36.07860204662,-79.0084812144522,11,1.82,128.1,9.66,645403,9.66,9.66461,-0.18006,1.37408,2.00578,0.72678,0.28283,76.51272,33.92283,-9.80707,0,enoS1(1_parsed).csv
36.0785994731935,-79.0084826969697,11,1.82,128,9.22,645603,9.22,9.21715,-0.34038,0.85065,1.93079,-0.37431,0.26878,77.27273,35.13593,1.66618,0,enoS1(1_parsed).csv
36.0785962331002,-79.0084847435897,11,1.75,128,9.08,646403,9.08,9.08495,-0.34217,0.52223,1.5884,0.18219,-0.40149,77.63812,15.97486,25.12423,0,enoS1(1_parsed).csv
36.0785937808858,-79.0084856666666,11,1.75,127.5,9.84,646603,9.84,9.83689,-0.63888,1.5338,1.40988,-0.2558,0.40012,79.36276,10.12862,20.6957,0,enoS1(1_parsed).csv
36.0785905524475,-79.0084877599068,11,1.09,127.5,9.46,647403,9.46,9.46301,0.22851,0.9003,1.2315,-0.60308,0.52015,77.06811,-10.94709,7.43935,0,enoS1(1_parsed).csv
36.0785883892774,-79.0084896713287,11,1.09,126.1,9.41,647603,9.41,9.40679,-0.13101,1.60558,1.27564,0.22006,-0.49266,77.44811,-9.1786,-2.01695,0,enoS1(1_parsed).csv
36.0785857039627,-79.0084925151515,11,1.58,126.1,9.2,648403,9.2,9.19861,-0.33918,0.91944,1.11208,0.72494,-0.19655,77.15581,4.15083,-16.34025,0,enoS1(1_parsed).csv
36.0785843240093,-79.0084949020979,11,1.58,126.2,9.66,648603,9.66,9.65564,-0.27099,1.0331,1.01953,-0.71777,0.5481,76.67349,7.68781,-17.94797,0,enoS1(1_parsed).csv
36.0785813170163,-79.0084977109557,11,1.76,126.2,8.03,649403,8.03,8.0345,-0.72861,0.02273,0.79962,-0.53099,0.20159,77.57965,26.55656,-13.12482,0,enoS1(1_parsed).csv
36.0785785571096,-79.0085007785548,11,1.76,126.1,10.36,649603,10.36,10.36152,0.01974,2.46162,0.73945,-0.52962,0.37965,73.73575,26.00117,-22.42035,0,enoS1(1_parsed).csv
36.0785747622378,-79.0085034498834,11,1.71,126.1,9.12,650403,9.12,9.11606,0.38405,0.75194,0.82085,-1.30557,-0.09896,76.36656,34.90208,-6.25548,0,enoS1(1_parsed).csv
36.0785714335664,-79.0085054825175,10,1.71,126,9.58,650603,9.58,9.57667,-1.54696,2.6991,0.75396,0.83627,-0.03451,74.6273,38.10289,-6.79626,0,enoS1(1_parsed).csv
36.0785671002331,-79.0085062657343,10,2.8,126,6.94,651403,6.94,6.94397,-2.0004,-2.46401,0.57544,0.91309,0.46365,61.88249,33.76206,36.50979,0,enoS1(1_parsed).csv
36.0785631561772,-79.0085057062937,11,2.8,126.3,6.52,651603,6.52,6.52283,7.09891,-6.49113,-1.06657,1.3155,5.001,71.26571,23.83806,32.11049,0,enoS1(1_parsed).csv
36.0785593100233,-79.0085044405594,11,2.43,126.3,8.27,652403,8.27,8.27199,0.96311,6.18545,-2.65665,1.0681,-1.04794,67.56796,-13.12482,-18.19643,0,enoS1(1_parsed).csv
36.0785566806527,-79.0085021282051,10,2.43,126.4,8.04,652603,8.04,8.04048,1.92742,0.7675,-3.42008,1.56611,-2.96972,78.00351,-6.47471,9.48553,0,enoS1(1_parsed).csv
36.0785541048951,-79.0084993799534,10,1.75,126.4,10.78,653403,10.78,10.77966,-0.37926,-0.4995,1.93339,-0.28207,2.42086,72.49342,1.79772,30.75124,0,enoS1(1_parsed).csv
36.078553004662,-79.0084956969697,8,1.75,126.4,7.55,653603,7.55,7.54636,1.0343,-3.44925,3.18581,2.75256,-2.07236,60.52324,-10.40631,38.77521,0,enoS1(1_parsed).csv
36.0785512750583,-79.0084937412587,8,1.28,126.4,8.2,654403,8.2,8.19781,3.58265,0.26142,1.0713,-3.41565,-2.47385,73.42882,-15.171,-3.52236,0,enoS1(1_parsed).csv
36.0785501748252,-79.0084929300699,9,1.28,126.4,11.61,654603,11.61,11.60878,-0.8656,1.95314,1.12353,0.69578,-2.82953,75.81116,11.85326,-20.038,0,enoS1(1_parsed).csv
36.0785488508158,-79.008493002331,9,0.93,126.4,9.65,655403,9.65,9.64846,0.27577,1.71864,3.93351,1.1046,-0.1741,78.61736,28.54429,-6.15317,0,enoS1(1_parsed).csv
36.0785477505827,-79.0084928904429,9,0.93,126.6,8.06,655603,8.06,8.06381,-2.28993,-0.90209,4.38189,1.31825,-0.20052,74.40807,29.3043,22.78574,0,enoS1(1_parsed).csv
36.0785468484848,-79.0084949324009,9,0.7,126.6,10.53,656403,10.53,10.53021,-1.57747,1.76889,1.34039,-2.53662,0.11011,78.39812,-8.0532,-0.23385,0,enoS1(1_parsed).csv
36.0785467179487,-79.008498988345,11,0.7,127.4,9.65,656603,9.65,9.64966,0.53001,1.867,0.65851,0.48304,0.75259,74.905,-9.70477,-9.924,0,enoS1(1_parsed).csv
36.0785468158508,-79.0085038391608,11,0.81,127.4,8.46,657403,8.46,8.45863,-1.52303,-4.96032,-0.31734,-1.58458,1.40453,79.37738,-0.70155,16.92488,0,enoS1(1_parsed).csv
36.0785471048951,-79.00850897669,10,0.81,127.9,10.04,657603,10.04,10.04387,0.46899,0.5671,-0.85338,-2.36802,-0.44013,78.33967,-6.22625,-2.74773,0,enoS1(1_parsed).csv
36.0785477738928,-79.0085138904429,10,1.16,127.9,10.54,658403,10.54,10.54098,0.29731,0.54676,-1.83153,-1.41767,0.44318,76.23502,-5.59778,19.658,0,enoS1(1_parsed).csv
36.0785489207459,-79.0085174149184,11,1.16,127.6,8.1,658603,8.1,8.1009,0.32303,1.28136,-1.92942,-0.10431,-1.19959,78.74891,3.4639,20.00877,0,enoS1(1_parsed).csv
36.0785498391608,-79.0085212097902,11,0.47,127.6,10.19,659403,10.19,10.19163,0.28415,1.65165,-2.05892,-0.79962,-1.23838,78.00351,33.46975,-2.32388,0,enoS1(1_parsed).csv
36.0785505571096,-79.0085242773893,11,0.47,127.2,9.75,659603,9.75,9.75255,-1.60499,0.91226,-2.184,1.42591,-0.33124,74.52499,38.57059,-7.29319,0,enoS1(1_parsed).csv
36.0785511235431,-79.0085261538462,11,0.35,127.2,10.12,660403,10.12,10.12164,-0.97807,1.38724,-1.95843,0.61148,-0.0704,76.71734,3.01082,-17.84566,0,enoS1(1_parsed).csv
36.0785511235431,-79.0085262564102,10,0.35,127,9.69,660603,9.69,9.68974,-1.40758,-0.42772,-2.18552,0.4131,0.61499,79.78661,-4.28237,-1.47618,0,enoS1(1_parsed).csv
36.0785518088578,-79.0085272773892,10,0.08,127,11.11,661403,11.11,11.11406,0.11964,-1.02114,-1.96103,-0.76419,0.29092,76.71734,6.57702,26.14733,0,enoS1(1_parsed).csv
36.0785526200466,-79.0085277435897,10,0.08,126.6,7.05,661603,7.05,7.04985,0.02812,1.91067,-1.59191,0.25885,-0.74571,79.64046,14.45484,20.14031,0,enoS1(1_parsed).csv
36.0785533939394,-79.0085274428904,10,1.92,126.6,9.39,662403,9.39,9.39183,-0.24467,0.36969,-0.86071,-0.45021,0.2109,75.95732,37.06519,8.57936,0,enoS1(1_parsed).csv
36.0785538601398,-79.0085263986014,10,1.92,128.5,9.68,662603,9.68,9.67657,1.16411,0.48156,-0.68692,0.62965,0.84177,78.48582,31.14586,6.00702,0,enoS1(1_parsed).csv
36.0785548461538,-79.0085248694639,10,0.12,128.5,9.57,663403,9.57,9.5695,0.201,0.61555,-0.1408,0.12019,-0.02993,76.79041,35.31131,-0.21923,0,enoS1(1_parsed).csv
36.0785562727273,-79.0085226130536,9,0.12,128.5,9.96,663603,9.96,9.95534,-0.04487,-0.74178,0.99479,-0.01802,-0.65027,77.27273,35.06285,2.66004,0,enoS1(1_parsed).csv
36.0785572214452,-79.0085213729604,9,0.01,128.5,8.79,664403,8.79,8.79243,-3.96551,-1.45484,-1.1075,-1.47814,-2.02792,64.26483,51.25694,8.55013,0,enoS1(1_parsed).csv
36.078557958042,-79.0085202447552,9,0.01,129,6.13,664603,6.13,6.12862,-5.52503,2.98804,-1.28541,-1.46165,-0.02642,54.867,56.48933,-11.76557,0,enoS1(1_parsed).csv
36.0785578694639,-79.0085201002331,9,0.38,129,10.65,665403,10.65,10.64866,-1.37228,1.19222,-1.72631,-0.7955,-2.28968,74.45192,20.00877,-22.15726,0,enoS1(1_parsed).csv
36.0785571701632,-79.0085208927739,9,0.38,129.1,8.32,665603,8.32,8.31626,-1.93101,1.39143,-2.0522,0.95478,1.10353,75.35808,16.1064,-21.98188,0,enoS1(1_parsed).csv
36.07855597669,-79.0085222937063,9,0.4,129.1,9.57,666403,9.57,9.57488,0.2668,1.60618,-1.33932,1.03343,-0.14584,76.80502,-11.10786,5.58316,0,enoS1(1_parsed).csv
36.0785545594406,-79.0085245967366,11,0.4,128.5,8.82,666603,8.82,8.81994,-0.64128,0.52822,-1.33199,0.53099,0.16295,76.24963,-7.90704,18.66413,0,enoS1(1_parsed).csv
36.0785525617716,-79.0085267902098,11,0.56,128.5,8.83,667403,8.83,8.8343,-0.48694,1.75813,-1.54289,1.16828,-0.1124,79.66969,11.41479,20.54955,0,enoS1(1_parsed).csv
36.0785503706294,-79.0085287482517,11,0.56,127.7,9.86,667603,9.86,9.86441,-0.26919,-0.3003,-1.81778,-0.53084,0.34407,77.17042,18.75183,25.73809,0,enoS1(1_parsed).csv
36.0785483356643,-79.0085302377622,11,0.31,127.7,10.4,668403,10.4,10.39741,-1.08036,-1.91366,-2.53982,0.07315,0.86651,76.6881,36.01286,-0.4677,0,enoS1(1_parsed).csv
36.0785465174825,-79.0085312540793,11,0.31,127.7,9.06,668603,9.06,9.06042,0.44148,-0.98225,-2.41307,-0.51038,0.8656,79.72815,22.04034,-9.8363,0,enoS1(1_parsed).csv
36.0785448414918,-79.0085315874126,11,0.55,127.7,10,669403,10,10.002,0.27876,-0.28295,-2.22523,-0.63835,0.14325,78.23736,-8.2432,1.84157,0,enoS1(1_parsed).csv
36.0785438997669,-79.008530990676,11,0.55,128,8.91,669603,8.91,8.90609,-0.04487,1.07198,-2.32388,-0.17303,-0.64813,79.27506,-7.73166,5.49547,0,enoS1(1_parsed).csv
36.0785431002331,-79.0085305967366,11,0.13,128,10.74,670403,10.74,10.74138,-1.15872,0.25065,-2.53188,1.34024,0.37996,76.9658,29.52353,16.99795,0,enoS1(1_parsed).csv
36.0785429417249,-79.0085297575758,10,0.13,128,7.89,670603,7.89,7.89033,0.24826,-0.91406,-2.62489,-0.3569,0.55971,74.70038,34.53669,17.46565,0,enoS1(1_parsed).csv
36.078542951049,-79.0085293216783,10,0.41,128,9.24,671403,9.24,9.2363,1.31007,1.01515,-2.55998,0.6214,-0.24939,77.33119,1.46156,-16.83718,0,enoS1(1_parsed).csv
36.0785433053613,-79.0085291072261,10,0.41,127.3,8.07,671603,8.07,8.0686,-0.71246,0.58564,-2.45721,-1.34848,-0.40943,79.05583,-1.88541,-10.17246,0,enoS1(1_parsed).csv
36.0785436270396,-79.0085287599067,10,0.24,127.3,8.65,672403,8.65,8.64706,-0.66042,1.71984,-2.4456,1.99753,-0.1857,79.84508,8.43321,18.98568,0,enoS1(1_parsed).csv
36.0785445407925,-79.0085288065268,10,0.24,127.3,10.74,672603,10.74,10.74078,0.0993,-1.55474,-1.97676,1.42576,0.90469,73.89652,14.95177,31.0874,0,enoS1(1_parsed).csv
36.0785448205128,-79.0085287272727,10,0.06,127.3,9.82,673403,9.82,9.81536,-0.74716,-0.15912,-0.7616,0.51542,1.08795,73.77959,36.43671,16.99795,0,enoS1(1_parsed).csv
36.0785447179487,-79.0085285780886,10,0.06,127.3,9.72,673603,9.72,9.71546,0.21296,0.65623,-0.83093,-0.71853,-0.29322,76.67349,35.23823,8.75475,0,enoS1(1_parsed).csv
36.0785444685315,-79.0085280745921,10,0.29,127.3,8.94,674403,8.94,8.94018,0.59641,-0.65563,-1.77258,0.48335,-0.2868,79.31891,29.37737,-2.07542,0,enoS1(1_parsed).csv
36.078543974359,-79.0085275617716,9,0.29,127.1,10,674603,10,9.99961,-1.26879,-1.74317,-2.36069,0.40882,0.38622,79.84508,26.29348,-3.63929,0,enoS1(1_parsed).csv
36.0785433053613,-79.0085267319347,9,0.6,127.1,8.72,675403,8.72,8.71945,-1.94716,-0.00837,-2.57785,-0.73793,0.30788,78.58813,-7.33704,4.80854,0,enoS1(1_parsed).csv
36.0785425314685,-79.0085257622378,9,0.6,126.9,10.04,675603,10.04,10.04327,0.94636,1.11864,-2.49004,-0.10889,0.14248,76.6881,-10.8594,12.11634,0,enoS1(1_parsed).csv
36.0785417226107,-79.008524958042,9,0.28,126.9,11.5,676403,11.5,11.5023,-1.56072,1.04566,-2.04777,-0.5087,0.02306,78.64659,27.93043,14.67407,0,enoS1(1_parsed).csv
36.0785408648019,-79.0085246876457,9,0.28,126.8,7.93,676603,7.93,7.92981,0.23629,1.42672,-2.04075,0.60552,-0.34361,78.42736,31.52587,9.4563,0,enoS1(1_parsed).csv
36.0785406410256,-79.0085243123543,9,0.29,126.8,9.07,677403,9.07,9.07358,-0.68016,-0.36012,-0.83307,1.82206,-0.01909,76.23502,37.67904,2.9962,0,enoS1(1_parsed).csv
36.0785408927739,-79.0085245454545,9,0.29,126.6,8.84,677603,8.84,8.84268,-2.74816,-2.64108,-1.8752,-0.15394,-0.81657,74.45192,40.00293,1.97311,0,enoS1(1_parsed).csv
36.0785410536131,-79.0085236153846,9,0.08,126.6,9.33,678403,9.33,9.3344,2.96291,0.55334,-3.44528,2.71774,-3.12183,65.97486,-23.79421,-2.60158,0,enoS1(1_parsed).csv
36.0785415198135,-79.0085224498834,9,0.08,126.5,8.47,678603,8.47,8.467,0.23988,-5.95035,-5.00421,1.26342,3.81791,67.78719,-9.1786,33.70359,0,enoS1(1_parsed).csv
36.0785418671329,-79.0085205501165,9,1.62,126.5,8.96,679403,8.96,8.95813,-0.16271,0.67238,-2.98606,1.92484,-1.04107,77.68196,19.76031,-16.67641,0,enoS1(1_parsed).csv
36.0785421561772,-79.0085185174825,9,1.62,126.3,9.29,679603,9.29,9.29372,-2.5328,-2.46042,-2.22095,0.32819,-0.04765,81.43818,18.09412,-6.81087,0,enoS1(1_parsed).csv
36.0785423636364,-79.0085159230769,9,0.25,126.3,8,680403,8,7.99921,-1.23769,2.57647,0.82146,-0.39584,-1.84833,74.6273,9.93861,-24.13037,0,enoS1(1_parsed).csv
36.0785422983683,-79.0085135827506,9,0.25,127.1,7.94,680603,7.94,7.9352,-3.48156,4.28794,-0.3123,-1.20111,0.20372,69.33645,20.18416,-30.32739,0,enoS1(1_parsed).csv
36.0785423146853,-79.0085111375291,9,0.25,127.1,7.96,681403,7.96,7.96451,0.77468,5.65903,-0.6379,2.86419,-2.36649,61.21017,-10.2017,-28.58813,0,enoS1(1_parsed).csv
36.0785424265734,-79.0085092447552,8,0.25,126.4,9.04,681603,9.04,9.04188,-0.35115,4.80898,-1.30191,-0.03635,0.65195,69.38029,-11.29787,-20.65186,0,enoS1(1_parsed).csv
36.0785425874126,-79.0085071678321,8,0.06,126.4,8.7,682403,8.7,8.7009,2.08176,0.6676,-0.89385,-0.78053,0.76969,73.38498,-17.2318,1.50541,0,enoS1(1_parsed).csv
36.0785426060606,-79.0085054335664,8,0.06,126.5,9.22,682603,9.22,9.21715,1.21316,1.19282,0.1631,-0.41233,-0.86834,71.58725,-18.97106,-1.11079,0,enoS1(1_parsed).csv
36.0785428601399,-79.0085037785548,8,0.33,126.5,8.61,683403,8.61,8.61297,2.31386,-1.14317,-1.13575,1.25869,0.01863,68.09412,-21.74803,17.33411,0,enoS1(1_parsed).csv
36.0785433263403,-79.0085029393939,8,0.33,126.7,9.33,683603,9.33,9.3338,1.58883,-1.28136,-0.45509,-0.5678,-1.0064,69.51183,-17.5095,22.01111,0,enoS1(1_parsed).csv
36.0785435804196,-79.0085023006993,8,0.31,126.7,9.57,684403,9.57,9.57249,1.12164,-2.07099,0.04337,0.39431,0.93676,71.99649,-10.21631,26.74656,0,enoS1(1_parsed).csv
36.0785437668998,-79.0085020862471,8,0.31,127.1,9.78,684603,9.78,9.78066,1.35553,0.05862,0.13531,-1.35841,-1.53724,72.69804,-11.54633,23.29728,0,enoS1(1_parsed).csv
36.0785436736597,-79.0085023659674,8,0.13,127.1,6.67,685403,6.67,6.66521,5.32164,-3.5665,-2.52669,1.10383,1.68186,45.51301,-12.20403,45.89301,0,enoS1(1_parsed).csv
36.0785431328671,-79.008503055944,9,0.13,128.1,4.04,685603,4.04,4.0355,2.19242,-7.8359,-2.84572,-0.57635,0.68463,40.39754,12.07249,52.0608,0,enoS1(1_parsed).csv
36.0785429463869,-79.0085040629371,9,0.12,128.1,4.66,686403,4.66,4.65763,-0.9326,-8.19003,0.06582,0.69547,0.54352,45.61532,29.99123,47.71996,0,enoS1(1_parsed).csv
36.0785429463869,-79.0085053682984,8,0.12,128.3,6.29,686603,6.29,6.28535,-0.0682,-7.18624,-0.37385,1.16049,-0.4134,41.55218,31.02894,47.44227,0,enoS1(1_parsed).csv
36.0785429207459,-79.0085067389277,8,0.61,128.3,5.08,687403,5.08,5.07877,-3.18245,-7.59422,-0.74816,-0.17119,0.10751,44.12453,30.34201,46.60918,0,enoS1(1_parsed).csv
36.0785431818182,-79.0085078951049,8,0.61,128.6,2.65,687603,2.65,2.65065,-3.94098,-10.54936,0.56062,0.61926,-0.39156,38.9506,32.22742,47.36919,0,enoS1(1_parsed).csv
36.0785433519813,-79.0085095710956,8,0.44,128.6,8.67,688403,8.67,8.6698,-4.01815,-4.19043,-0.91599,0.12905,-1.10215,53.99006,39.25753,39.56445,0,enoS1(1_parsed).csv
36.0785434172494,-79.0085115104895,8,0.44,128.9,7.04,688603,7.04,7.04327,-5.84686,-5.45923,-0.68692,1.52548,-0.29978,43.7299,48.69921,35.10669,0,enoS1(1_parsed).csv
36.0785432354312,-79.0085128904429,8,0.32,128.9,6.38,689403,6.38,6.37986,-3.48096,-3.34756,0.15012,-0.0562,0.26618,52.98159,51.82695,26.95119,0,enoS1(1_parsed).csv
36.0785434405594,-79.0085134405594,8,0.32,129,9.33,689603,9.33,9.3332,-5.00399,-4.07079,0.69791,-0.59498,0.13378,59.86554,46.50687,26.80503,0,enoS1(1_parsed).csv
36.0785427342657,-79.0085137995338,8,0.44,129,7.75,690403,7.75,7.74856,-1.71147,-5.23131,-0.72724,-0.90301,-0.36011,59.47092,40.66063,33.32359,0,enoS1(1_parsed).csv
36.0785412797203,-79.0085136596737,8,0.44,129.2,6.61,690603,6.61,6.60718,-4.3675,-3.68674,-1.06336,-1.25655,-0.80207,59.14937,51.14001,21.54341,0,enoS1(1_parsed).csv
36.0785398531469,-79.0085135407925,8,0.13,129.2,10.96,691403,10.96,10.95973,-2.43649,-4.66122,-0.33903,-1.50868,1.59665,73.04882,42.16603,2.55773,0,enoS1(1_parsed).csv
36.0785384731935,-79.0085131678322,8,0.13,128.9,11.4,691603,11.4,11.4006,-0.51027,0.69751,-0.14554,0.16249,-0.84345,75.43116,36.86057,-4.66238,0,enoS1(1_parsed).csv
36.0785373263403,-79.0085127529137,8,0.1,128.9,10.02,692403,10.02,10.01935,2.7667,1.49432,-0.49755,0.87995,-0.45586,78.58813,20.82724,-13.24174,0,enoS1(1_parsed).csv
36.0785373543124,-79.0085114195804,8,0.1,129.3,8.04,692603,8.04,8.03689,-0.23809,-0.51565,0.63515,-0.12126,-1.85382,76.00117,35.209,-6.95703,0,enoS1(1_parsed).csv
36.0785364079254,-79.0085113379953,8,0.1,129.3,7.91,693403,7.91,7.90589,-4.00798,-4.32921,-0.28161,-0.78878,0.09682,65.60947,48.14382,15.93102,0,enoS1(1_parsed).csv
36.0785353170163,-79.0085124755245,7,0.1,129.1,8.86,693603,8.86,8.85883,-1.82752,-3.47079,1.48837,-1.76616,-0.43402,69.1026,43.10143,19.39491,0,enoS1(1_parsed).csv
36.0785338414918,-79.0085135128205,7,0.32,129.1,2.79,694403,2.79,2.78525,-3.7017,-7.1007,-0.31521,3.11053,-0.31857,28.8366,39.6083,44.10991,0,enoS1(1_parsed).csv
36.0785319580419,-79.0085134941725,7,0.32,129.1,4.02,694603,4.02,4.01695,-1.89691,-8.40419,1.65651,-2.25119,-0.66172,33.45513,32.75358,48.36305,0,enoS1(1_parsed).csv
36.0785297342657,-79.008514969697,7,0.29,129.1,8.63,695403,8.63,8.6339,-3.59462,-1.55773,-0.12065,2.68674,-1.33245,65.62408,33.95206,33.65975,0,enoS1(1_parsed).csv
36.0785282331002,-79.0085165361305,8,0.29,129.3,3.8,695603,3.8,3.7992,-3.5324,-6.3661,-0.00153,3.0302,-0.10522,39.54984,38.70213,44.2853,0,enoS1(1_parsed).csv
36.0785268624709,-79.0085196620047,8,1.07,129.3,8.36,696403,8.36,8.36411,-2.28814,-5.28036,-0.82375,-0.70769,-1.57206,57.32242,41.11371,35.60363,0,enoS1(1_parsed).csv
36.0785259020979,-79.0085234195804,8,1.07,129.7,6.43,696603,6.43,6.43011,-5.69791,-3.85304,0.00672,0.69868,-0.87186,48.88921,49.56153,33.74744,0,enoS1(1_parsed).csv
36.0785254428904,-79.0085276759907,8,0.33,129.7,6.33,697403,6.33,6.33141,0.932,-6.37867,0.45204,0.17746,-0.02764,52.0608,15.05408,48.72844,0,enoS1(1_parsed).csv
36.0785256200466,-79.0085317226107,8,0.33,130.4,6.06,697603,6.06,6.05564,-0.09153,-6.98106,-0.36377,0.17898,-0.70448,50.21923,15.87255,49.2546,0,enoS1(1_parsed).csv
36.0785252051282,-79.0085366759907,8,0.38,130.4,5.72,698403,5.72,5.72124,-6.10289,-5.14337,-1.09391,0.64263,-0.15653,46.0684,49.16691,34.53669,0,enoS1(1_parsed).csv
36.0785250839161,-79.0085412820513,7,0.38,131.9,5.94,698603,5.94,5.93899,-5.57348,-4.48774,-0.70417,0.27993,0.62919,44.41684,53.97544,29.78661,0,enoS1(1_parsed).csv
36.0785244778555,-79.0085441328671,7,0.3,131.9,6.02,699403,6.02,6.01675,-5.49871,-5.0004,-0.56841,-0.23335,0.25931,46.0684,56.15317,25.72347,0,enoS1(1_parsed).csv
36.0785237226107,-79.008545018648,7,0.3,132.1,5.39,699603,5.39,5.39402,-5.53639,-3.94038,-0.27474,0.20922,-0.3375,46.27302,58.21397,21.2511,0,enoS1(1_parsed).csv
36.0785236899767,-79.0085456899767,7,0.45,132.1,5.5,700403,5.5,5.4993,-3.84945,-8.8355,0.81047,-2.12825,-0.25137,40.11985,46.66764,38.57059,0,enoS1(1_parsed).csv
36.078524016317,-79.0085447762238,8,0.45,131.9,6.33,700603,6.33,6.33081,-4.82214,-4.40818,-0.15745,0.37751,-1.09559,42.70681,46.24379,38.4829,0,enoS1(1_parsed).csv
36.078523969697,-79.0085443310023,8,0.12,131.9,8.38,701403,8.38,8.38266,-0.98106,-7.55354,-0.47724,0.53161,0.24755,49.23999,27.75504,46.85764,0,enoS1(1_parsed).csv
36.0785238857809,-79.0085431561772,8,0.12,132.1,6.39,701603,6.39,6.39123,-1.26999,-4.84068,-0.68432,-0.78786,-0.60689,49.15229,33.54282,44.13914,0,enoS1(1_parsed).csv
36.0785237412587,-79.0085426433566,8,0.15,132.1,7.2,702403,7.2,7.2,-6.0353,-4.62174,1.0542,0.53985,0.51603,40.55832,41.44987,43.89067,0,enoS1(1_parsed).csv
36.0785234895105,-79.0085421212121,8,0.15,132.3,5.08,702603,5.08,5.07697,-2.55733,-8.24806,1.15026,-0.19105,-0.64217,38.46828,30.23969,47.98305,0,enoS1(1_parsed).csv
36.0785236969697,-79.0085423449884,8,0.52,132.3,5.42,703403,5.42,5.41855,0.82552,-7.26281,-0.79122,1.91201,-0.21029,40.51447,17.30488,51.88541,0,enoS1(1_parsed).csv
36.0785242564102,-79.0085433053613,8,0.52,132.3,3.01,703603,3.01,3.01436,-3.7017,-7.59542,-1.08215,0.44608,-0.43295,31.6428,26.05963,50.71617,0,enoS1(1_parsed).csv
36.0785247435897,-79.0085445081585,8,0.82,132.3,5.37,704403,5.37,5.37308,-4.54218,-4.41476,-0.40119,0.67562,-0.19563,37.25519,43.02835,42.73604,0,enoS1(1_parsed).csv
36.0785253030303,-79.0085459440559,8,0.82,132.5,4.07,704603,4.07,4.0672,-5.8678,-4.91845,-0.50106,-0.68386,0.71151,38.83368,45.8784,39.78369,0,enoS1(1_parsed).csv
36.0785255104895,-79.0085470955711,8,0.58,132.5,9.69,705403,9.69,9.68674,-3.73579,-1.22213,-0.41508,0.86376,0.77901,60.84478,54.37007,12.56942,0,enoS1(1_parsed).csv
36.0785253426573,-79.0085478228438,8,0.58,132.8,14.5,705603,14.5,14.49632,-6.16571,-1.95075,-1.18111,0.38775,-0.13744,70.62262,44.51915,11.06402,0,enoS1(1_parsed).csv
36.0785251771562,-79.0085483636364,8,0.09,132.8,9.2,706403,9.2,9.20339,-1.63849,-1.56909,-1.01999,-0.59941,-0.39294,78.67583,29.42122,-5.94855,0,enoS1(1_parsed).csv
36.0785244871795,-79.0085492027972,8,0.09,132.8,8.4,706603,8.4,8.4,-1.12283,0.89013,-1.11254,-0.95096,1.24006,75.44578,26.20579,-18.7226,0,enoS1(1_parsed).csv
36.0785244055944,-79.0085492797203,8,0.1,132.8,8.71,707403,8.71,8.70868,1.04507,-0.61137,-1.43355,-0.27031,0.55726,80.66355,2.86466,-6.81087,0,enoS1(1_parsed).csv
36.0785247319347,-79.0085484965035,8,0.1,133.1,9.4,707603,9.4,9.40379,0.73819,-2.52144,-1.85138,0.09102,1.1889,78.0912,-7.71704,2.61619,0,enoS1(1_parsed).csv
36.0785255617716,-79.0085475827506,8,0.15,133.1,5.03,708403,5.03,5.0345,3.23809,-5.52862,0.52489,0.51557,0.06185,65.68255,-19.99415,22.78574,0,enoS1(1_parsed).csv
36.0785268857809,-79.0085463053613,8,0.15,133.3,7.55,708603,7.55,7.55055,3.58445,-6.17827,-0.02993,-1.40285,-0.98685,70.34493,-18.15259,16.17948,0,enoS1(1_parsed).csv
36.078528020979,-79.0085448275058,8,0.24,133.3,9.8,709403,9.8,9.8004,0.23091,0.32363,0.69043,-0.64019,-0.27077,75.66501,-1.1254,-16.34025,0,enoS1(1_parsed).csv
36.0785290652681,-79.0085436247086,8,0.24,131.6,9.41,709603,9.41,9.41217,0.48694,2.01835,-0.32895,-0.1518,-0.99403,74.07191,2.51388,-20.038,0,enoS1(1_parsed).csv
36.0785295477855,-79.0085422703963,8,0.4,131.6,5.91,710403,5.91,5.90788,8.88814,-0.9661,1.64216,-0.5707,0.68463,64.20638,-21.2511,-11.88249,0,enoS1(1_parsed).csv
36.0785293986014,-79.0085412261072,8,0.4,131.9,6.61,710603,6.61,6.61496,5.38265,2.4993,1.56229,0.0733,-3.51385,66.20871,-6.12394,-26.08886,0,enoS1(1_parsed).csv
36.078528948718,-79.0085405594405,8,0.39,131.9,8.32,711403,8.32,8.32343,2.71286,-0.03649,0.80604,-2.05984,0.55741,81.13125,14.46945,-8.57936,0,enoS1(1_parsed).csv
36.0785282960373,-79.0085411002331,7,0.39,132.8,8.98,711603,8.98,8.97608,0.9003,1.94656,0.55237,0.26664,-1.89551,75.79655,26.20579,-18.13797,0,enoS1(1_parsed).csv
36.0785278648019,-79.0085399673659,7,0.54,132.8,8.33,712403,8.33,8.33061,1.18026,1.80419,0.04139,0.60002,-1.31382,77.40427,27.52119,-12.81789,0,enoS1(1_parsed).csv
36.0785271841492,-79.0085384102564,8,0.54,133.1,9.3,712603,9.3,9.3027,-1.55833,0.5324,-0.04368,0.97204,-1.09513,73.15112,41.21602,-5.43701,0,enoS1(1_parsed).csv
36.0785267482517,-79.00853597669,8,0.64,133.1,2.64,713403,2.64,2.64168,-4.03789,8.5029,-0.42959,-1.52487,-0.13317,37.51827,41.43525,-37.47442,0,enoS1(1_parsed).csv
36.078526962704,-79.0085325361305,7,0.64,133.4,6.14,713603,6.14,6.14238,-2.07338,5.22174,-0.52015,4.5792,2.18736,53.09851,35.44285,-35.83747,0,enoS1(1_parsed).csv
36.0785267179487,-79.008529995338,7,1.05,133.4,8.13,714403,8.13,8.12603,-3.77887,-4.7001,-0.50625,-2.68872,0.93798,75.3727,39.02368,1.1254,0,enoS1(1_parsed).csv
36.0785263822844,-79.0085295104895,8,1.05,133.1,9.13,714603,9.13,9.13161,0.03589,0.73878,-0.43326,-2.71942,2.62168,74.96346,18.64952,-22.17188,0,enoS1(1_parsed).csv
36.0785256713287,-79.0085284125874,8,0.31,133.1,10.1,715403,10.1,10.09831,-0.25304,-0.04845,-1.32955,-0.65317,1.72921,78.64659,11.22479,-15.49255,0,enoS1(1_parsed).csv
36.0785247855478,-79.0085273962704,8,0.31,132.4,9.09,715603,9.09,9.09153,0.94935,0.28654,-1.31412,-0.14905,0.00199,77.41888,-1.76849,-12.08711,0,enoS1(1_parsed).csv
36.0785240536131,-79.0085262680653,8,0.02,132.4,8.27,716403,8.27,8.2666,-0.50548,0.75912,-1.41537,-0.32086,0.29444,78.04736,-7.93628,4.85238,0,enoS1(1_parsed).csv
36.0785236153846,-79.0085255687646,9,0.02,130.2,10.6,716603,10.6,10.60319,0.20997,0.26082,-1.42148,0.60934,0.13118,76.52734,-10.59632,10.02631,0,enoS1(1_parsed).csv
36.0785227855478,-79.0085241631702,9,0.36,130.2,9.68,717403,9.68,9.67717,2.31745,0.78245,-2.25455,0.00535,0.18586,78.85121,7.2055,20.6957,0,enoS1(1_parsed).csv
36.0785211538462,-79.0085224662005,9,0.36,130.7,9.49,717603,9.49,9.48814,0.5683,1.01635,-2.00455,0.22739,-2.84678,76.93657,28.06197,19.70184,0,enoS1(1_parsed).csv
36.0785209370629,-79.0085209487179,9,0.38,130.7,9.56,718403,9.56,9.55693,0.44207,0.9332,-2.12825,0.61178,-0.77106,77.97428,25.82578,-14.16253,0,enoS1(1_parsed).csv
36.0785221491842,-79.0085201748252,9,0.38,130.5,9.2,718603,9.2,9.2028,-0.67358,0.01675,-2.22294,0.25977,-0.43555,77.78428,24.52499,-13.54867,0,enoS1(1_parsed).csv
36.0785233053613,-79.0085208508159,9,0.35,130.5,10.13,719403,10.13,10.13061,-0.08076,-0.7669,-2.22859,-2.10107,-0.33979,78.2812,-5.9924,0.64309,0,enoS1(1_parsed).csv
36.0785248158508,-79.0085221188811,9,0.35,131,9.82,719603,9.82,9.82134,1.67498,1.98844,-2.38604,-0.20846,-0.18937,76.46886,-10.26016,-0.68693,0,enoS1(1_parsed).csv
36.078525997669,-79.0085227995338,9,0.74,131,1.01,720403,1.01,1.00558,-5.4329,-8.4359,-0.05101,-1.13942,-2.90466,20.63724,27.47734,47.35458,0,enoS1(1_parsed).csv
36.078527032634,-79.008524048951,8,0.74,131,3.18,720603,3.18,3.17647,-4.52303,-7.02174,0.92561,-3.84463,-1.15728,40.67524,16.79334,51.09617,0,enoS1(1_parsed).csv
36.0785274731935,-79.0085249254079,8,0.35,131,10.25,721403,10.25,10.25025,0.83031,-2.12842,1.29412,0.85964,0.09514,74.10114,-13.98714,8.75475,0,enoS1(1_parsed).csv
36.0785273799534,-79.0085252517482,7,0.35,131.1,8.78,721603,8.78,8.77986,0.28893,-1.47338,-1.40178,-2.44025,-0.7138,76.51272,-9.71938,2.60158,0,enoS1(1_parsed).csv
36.0785263286713,-79.0085253356643,7,1.15,131.1,2.63,722403,2.63,2.63031,0.87637,-8.37847,0.07101,0.31032,0.1431,43.84683,-13.70944,43.89067,0,enoS1(1_parsed).csv
36.0785243799534,-79.0085249160839,7,1.15,131.8,4.03,722603,4.03,4.02951,0.92124,-9.28714,-0.21243,-1.75715,0.0733,48.81614,-13.22713,43.02835,0,enoS1(1_parsed).csv
36.0785234195804,-79.0085251491841,7,0.7,131.8,10.19,723403,10.19,10.19223,1.67378,-1.47218,-0.58948,2.77256,-0.14478,72.82958,-14.68869,14.65946,0,enoS1(1_parsed).csv
36.0785231305361,-79.0085253636364,7,0.7,132.1,7.2,723603,7.2,7.19701,-0.39541,-3.56052,-0.84528,0.83215,-1.01831,68.78106,-6.06548,33.79129,0,enoS1(1_parsed).csv
36.0785224965035,-79.0085252773893,7,0.38,132.1,10.55,724403,10.55,10.55115,-0.38883,1.82572,-0.49694,1.23532,-0.94363,78.33967,-2.49927,18.24028,0,enoS1(1_parsed).csv
36.0785218717949,-79.0085255664335,7,0.38,131.2,8.51,724603,8.51,8.50828,-0.99063,-1.38305,-0.80848,0.9302,0.78679,73.37036,1.79772,31.90587,0,enoS1(1_parsed).csv
36.0785212074592,-79.0085262074592,7,0.23,131.2,8.6,725403,8.6,8.60459,-1.78026,-2.57468,-1.52289,2.10657,0.81428,71.52879,18.19643,34.34668,0,enoS1(1_parsed).csv
36.0785207039627,-79.0085267296037,7,0.23,131.2,5.84,725603,5.84,5.84208,-5.4024,-8.00997,-1.81427,2.60015,-2.03479,41.96141,38.4829,44.54838,0,enoS1(1_parsed).csv
36.0785202424242,-79.0085265897436,7,0.83,131.2,8.3,726403,8.3,8.29891,1.32921,0.37807,-1.10719,1.76433,-2.25119,81.01432,24.80269,3.34697,0,enoS1(1_parsed).csv
36.0785201212121,-79.008526039627,9,0.83,131.7,9.84,726603,9.84,9.83929,-1.18863,-0.71785,-1.22601,-0.8827,-1.64445,71.23648,44.97223,0.11692,0,enoS1(1_parsed).csv
36.078519986014,-79.0085254801865,9,0.76,131.7,8.82,727403,8.82,8.82114,-0.99422,0.57966,-1.45478,-1.44073,-1.50319,73.29728,26.46887,-21.13417,0,enoS1(1_parsed).csv
36.0785202191142,-79.0085248275058,9,0.76,130.8,8.89,727603,8.89,8.88515,-0.6682,2.98206,-1.58077,0.69975,0.19777,69.43876,18.03566,-28.35428,0,enoS1(1_parsed).csv
36.0785203006993,-79.0085242937063,9,0.69,130.8,8.92,728403,8.92,8.91805,0.9661,-1.12223,-1.15392,-1.1327,0.76908,75.76732,-11.47325,0.21923,0,enoS1(1_parsed).csv
36.0785205151515,-79.0085238181818,9,0.69,130.8,9.36,728603,9.36,9.36072,0.36251,2.50588,-0.83841,-1.58565,-1.50853,73.95498,-9.66092,-11.76557,0,enoS1(1_parsed).csv
36.078519965035,-79.008524060606,9,0.18,130.8,9.85,729403,9.85,9.84527,0.268,0.7681,0.64187,0.26496,0.16509,75.76732,-11.75095,10.26016,0,enoS1(1_parsed).csv
36.078518995338,-79.0085247785548,9,0.18,131.1,9.7,729603,9.7,9.69512,-0.25484,-0.4343,0.42699,0.20067,-0.63163,76.64426,-9.47091,10.99094,0,enoS1(1_parsed).csv
36.0785179114219,-79.008524981352,9,0.15,131.1,7.97,730403,7.97,7.9681,4.62892,1.15155,-1.37536,0.02795,1.9143,64.10406,-25.78193,4.89623,0,enoS1(1_parsed).csv
36.078516997669,-79.0085245990676,9,0.15,131.9,7.79,730603,7.79,7.78624,5.44008,-2.20558,-2.71514,1.30175,-0.70448,55.13008,-25.89886,25.88424,0,enoS1(1_parsed).csv
36.078516016317,-79.0085249067599,9,0.14,131.9,10.04,731403,10.04,10.03849,-0.48455,0.60299,-4.253,-1.24739,0.821,79.09968,28.23736,6.81087,0,enoS1(1_parsed).csv
36.0785148414918,-79.0085255501165,8,0.14,131.9,9.79,731603,9.79,9.79382,0.6006,-3.91944,-4.42266,0.9108,-0.65607,81.29202,20.63724,1.54925,0,enoS1(1_parsed).csv
36.078514037296,-79.0085267435897,8,0.43,131.9,11.03,732403,11.03,11.03211,0.31047,-2.45683,-1.88437,0.12431,-0.624,74.56884,-10.47939,15.47793,0,enoS1(1_parsed).csv
36.0785137202797,-79.0085283006993,8,0.43,131.6,8.14,732603,8.14,8.14337,-0.94875,-2.72543,-1.82404,1.15087,0.85597,71.38264,-3.97545,29.53815,0,enoS1(1_parsed).csv
36.0785135594405,-79.0085298461538,8,0.37,131.6,8.59,733403,8.59,8.58664,0.54437,0.7346,-1.84466,0.99922,-0.41707,75.10962,24.27653,25.97194,0,enoS1(1_parsed).csv
36.0785135780886,-79.0085314685315,8,0.37,130.5,9.92,733603,9.92,9.92363,-2.09731,-2.48854,-1.68324,0.68081,-0.18891,69.92107,36.21748,26.24964,0,enoS1(1_parsed).csv
36.0785139417249,-79.0085324382284,8,0.75,130.5,8.35,734403,8.35,8.35275,-7.86521,1.27956,-1.69179,-0.50564,-4.42343,56.54779,56.66472,-10.71324,0,enoS1(1_parsed).csv
36.0785148088578,-79.0085321585081,8,0.75,130.1,4.28,734603,4.28,4.27597,-8.79303,3.67298,-1.06367,-0.79412,0.89217,36.8021,58.69629,-21.73341,0,enoS1(1_parsed).csv
36.0785158974359,-79.0085318811189,8,0.89,130.1,8.84,735403,8.84,8.83849,-1.83529,-0.65444,-1.86665,-2.39123,0.093,79.61122,17.62642,-12.74481,0,enoS1(1_parsed).csv
36.0785172214452,-79.0085313962704,8,0.89,130.7,9.2,735603,9.2,9.19681,0.37208,3.86022,-1.76158,-0.77473,0.55665,69.54107,0.84771,-26.70272,0,enoS1(1_parsed).csv
36.0785178857809,-79.0085315780886,8,0.29,130.7,8.84,736403,8.84,8.8355,1.13958,-0.54855,-1.18691,-0.08369,-0.99266,71.87956,-15.88717,14.86407,0,enoS1(1_parsed).csv
36.0785177738928,-79.0085325477855,9,0.29,132.2,9.81,736603,9.81,9.81117,-1.35374,0.46959,-1.21593,-0.95494,-0.72235,78.69044,-4.75007,13.21251,0,enoS1(1_parsed).csv
36.078517972028,-79.0085329603729,9,0.52,132.2,9.22,737403,9.22,9.22433,-0.52762,0.16451,-1.36544,-0.31292,-0.21334,75.89886,9.96785,28.51505,0,enoS1(1_parsed).csv
36.0785181958042,-79.0085328111888,9,0.52,131.1,9.51,737603,9.51,9.50549,-0.05922,0.90867,-1.52411,-0.16845,0.40409,78.82198,15.361,22.30342,0,enoS1(1_parsed).csv
36.0785183519814,-79.0085322400932,9,0.53,131.1,9.2,738403,9.2,9.20399,-0.13639,0.71785,-2.00669,0.19319,0.46487,79.12891,29.87431,7.65858,0,enoS1(1_parsed).csv
36.0785182027972,-79.0085305244755,8,0.53,131.1,10.07,738603,10.07,10.0696,-0.14177,1.12941,-2.14215,0.27138,-0.66966,77.47735,34.69746,-0.40924,0,enoS1(1_parsed).csv
36.0785185034965,-79.0085292214452,8,0.66,131.1,9.5,739403,9.5,9.5013,2.48435,3.5671,-1.7373,1.19928,-0.31292,67.68489,-2.70389,-26.13271,0,enoS1(1_parsed).csv
36.0785188951049,-79.0085283729604,9,0.66,130.1,8.44,739603,8.44,8.43889,0.32483,-0.92004,-1.61375,1.31672,-1.7935,78.67583,-3.43467,-5.49547,0,enoS1(1_parsed).csv
36.0785193310023,-79.008529041958,9,0.61,130.1,9.22,740403,9.22,9.22194,1.42193,0.82373,-1.38941,0.69318,-0.66462,71.14879,-18.98568,3.62467,0,enoS1(1_parsed).csv
36.0785197412587,-79.0085307389277,9,0.61,130.3,9.56,740603,9.56,9.55873,-0.73639,0.41097,-1.28434,-0.30864,-1.65606,77.6235,-5.94855,12.20403,0,enoS1(1_parsed).csv
36.078520032634,-79.008532993007,9,1.06,130.3,9.54,741403,9.54,9.53899,-0.78724,-1.4016,-1.2228,0.42898,-1.03129,74.78808,11.59018,28.45659,0,enoS1(1_parsed).csv
36.0785201724942,-79.0085359020979,9,1.06,130.8,10.48,741603,10.48,10.48116,-0.65504,1.08156,-0.92684,-0.61056,0.52229,75.67963,19.08799,23.80883,0,enoS1(1_parsed).csv
36.0785206806527,-79.0085375104895,9,0.28,130.8,9.38,742403,9.38,9.37508,-0.11306,-0.70768,0.31628,-0.33613,-0.5539,73.5019,13.15405,29.36276,0,enoS1(1_parsed).csv
36.0785212587413,-79.0085387599068,9,0.28,130.7,9.85,742603,9.85,9.85305,-0.63649,1.0331,0.18647,-0.93691,-0.04276,77.68196,14.25022,21.92341,0,enoS1(1_parsed).csv
36.0785216480187,-79.0085384965035,9,0.06,130.7,9.42,743403,9.42,9.42054,-0.22193,0.58744,-0.02871,-0.07407,0.01665,76.9658,9.70477,24.13037,0,enoS1(1_parsed).csv
36.0785216946387,-79.0085368181818,9,0.06,130.6,9.61,743603,9.61,9.60539,-0.07238,0.70828,-0.0197,-0.01038,-0.01466,77.28734,9.39784,24.10114,0,enoS1(1_parsed).csv
36.0785219184149,-79.0085354219114,9,0.2,130.6,9.62,744403,9.62,9.61675,1.32263,-1.25862,-0.42593,-0.17883,-0.96456,71.35341,2.9962,32.82666,0,enoS1(1_parsed).csv
36.078522058275,-79.0085337249417,9,0.2,130.6,9.57,744603,9.57,9.5689,-1.65643,0.14477,-0.43402,-0.95906,-1.04275,75.35808,16.06256,26.99503,0,enoS1(1_parsed).csv
36.0785224219114,-79.0085317948718,9,0.56,130.6,8.63,745403,8.63,8.6339,-4.80838,-3.27099,-1.43019,-0.94669,0.06139,58.2432,47.96843,26.84887,0,enoS1(1_parsed).csv
36.0785228321678,-79.0085300792541,9,0.56,131.8,8.8,745603,8.8,8.8014,-2.1661,0.00837,-1.73944,-1.40148,3.15985,72.18649,42.58989,10.64016,0,enoS1(1_parsed).csv
36.0785234079254,-79.0085282680653,9,0.2,131.8,9.17,746403,9.17,9.16631,-1.64028,0.76989,-2.37138,-0.56154,1.34772,73.06343,27.38965,-22.40573,0,enoS1(1_parsed).csv
36.0785231561771,-79.0085266643356,8,0.2,131.4,9.12,746603,9.12,9.12443,1.48594,0.57428,-2.42727,0.86132,0.78206,75.92809,4.07775,-17.5095,0,enoS1(1_parsed).csv
36.0785238951049,-79.0085255477855,8,0.21,131.4,10.17,747403,10.17,10.17129,1.87238,-0.41037,-2.50348,0.69868,0.12385,74.36422,-14.17714,6.9278,0,enoS1(1_parsed).csv
36.0785251538462,-79.0085253426573,8,0.21,130.4,6.97,747603,6.97,6.96551,3.06939,-3.76331,-4.12746,2.44942,2.8984,58.46244,-15.43408,36.43671,0,enoS1(1_parsed).csv
36.078527006993,-79.0085248438228,8,0.61,130.4,7.71,748403,7.71,7.71207,1.22692,1.18265,-1.61085,-0.20708,2.41399,78.80737,27.69658,-9.01783,0,enoS1(1_parsed).csv
36.0785289370629,-79.0085247785548,8,0.61,130.6,6.79,748603,6.79,6.79203,6.98525,-0.32602,-1.72631,0.6973,0.39706,81.11664,14.58638,-7.23473,0,enoS1(1_parsed).csv
36.0785313962704,-79.0085244615384,8,0.35,130.6,9.04,749403,9.04,9.04188,0.13759,1.72164,0.13867,0.27871,-0.96349,77.25811,27.25811,-14.71792,0,enoS1(1_parsed).csv
36.0785336153846,-79.0085241538461,8,0.35,130.5,7.1,749603,7.1,7.10369,-0.27278,-0.05025,0.97723,-0.08796,-0.49175,74.01345,38.42444,-9.924,0,enoS1(1_parsed).csv
36.07853602331,-79.0085239254079,8,0.14,130.5,6.85,750403,6.85,6.85065,-5.97009,-1.5332,0.14294,-0.34392,-0.02214,56.70856,58.06782,-2.14849,0,enoS1(1_parsed).csv
36.0785381398601,-79.0085237389277,8,0.14,130.9,8.34,750603,8.34,8.33719,-5.18345,-0.50429,0.06063,-0.1379,0.58903,59.57323,56.21163,-2.10465,0,enoS1(1_parsed).csv
36.0785395687646,-79.0085235944056,8,0.02,130.9,7.48,751403,7.48,7.47757,0.14895,-0.34696,-0.24526,1.48792,0.6579,75.78194,33.29436,-11.44402,0,enoS1(1_parsed).csv
36.0785401655012,-79.0085236130536,8,0.02,131.3,9.68,751603,9.68,9.67777,-0.34756,-1.30768,0.11362,-0.60201,-0.01298,77.82812,30.72201,-6.66472,0,enoS1(1_parsed).csv
36.0785410885781,-79.0085239603729,8,0.12,131.3,8.29,752403,8.29,8.28993,-0.89133,0.73161,-1.53174,0.10293,0.24114,75.88425,22.42035,-20.44724,0,enoS1(1_parsed).csv
36.0785416573427,-79.0085244452214,8,0.12,131.3,10.26,752603,10.26,10.26461,0.98644,-1.70249,-1.44867,0.66355,0.13149,79.27506,13.18328,-13.47559,0,enoS1(1_parsed).csv
36.0785416363636,-79.008525020979,8,0.16,131.3,9.01,753403,9.01,9.01017,-0.52403,-2.35334,-1.87856,-0.47602,-0.08277,80.12277,-1.08156,2.2508,0,enoS1(1_parsed).csv
36.078541048951,-79.0085258694639,9,0.16,131.3,9.8,753603,9.8,9.79861,-0.5336,-0.30269,-1.20127,-0.16722,0.97922,77.84274,-7.26396,3.40544,0,enoS1(1_parsed).csv
36.0785399650349,-79.0085263310023,9,0.67,131.3,6.96,754403,6.96,6.96012,-1.47039,-5.89113,-0.39813,0.25412,-0.22892,64.51331,-0.13154,39.66676,0,enoS1(1_parsed).csv
36.0785385011655,-79.0085265268065,9,0.67,131.7,8.53,754603,8.53,8.5346,-3.18365,-4.64447,0.10232,-1.38025,-0.77244,70.15492,4.53084,35.019,0,enoS1(1_parsed).csv
36.078537032634,-79.0085264335664,9,0.2,131.7,9.24,755403,9.24,9.2351,-0.41157,1.58166,0.57528,1.19546,-0.58139,78.83659,-5.5247,4.38468,0,enoS1(1_parsed).csv
36.0785357086247,-79.0085258834499,8,0.2,131.6,8.84,755603,8.84,8.84268,-2.25942,-2.45982,1.08505,1.18065,0.06384,79.43584,-2.83543,7.54165,0,enoS1(1_parsed).csv
36.0785343846154,-79.0085254895105,8,0.72,131.6,7.54,756403,7.54,7.5356,3.04247,-2.8349,0.18066,-1.09085,-2.37764,72.88805,-15.43408,1.94388,0,enoS1(1_parsed).csv
36.0785335081585,-79.00852502331,8,0.72,131.8,9.49,756603,9.49,9.49472,-1.78146,-1.49133,-0.87461,-0.03818,-1.94729,81.49664,9.67553,-4.3116,0,enoS1(1_parsed).csv
36.0785323449883,-79.0085246969697,8,0.25,131.8,9.38,757403,9.38,9.37508,-0.26022,0.29252,-0.12171,-0.13882,-0.57253,77.52119,-4.50161,-8.46244,0,enoS1(1_parsed).csv
36.0785317389277,-79.0085244265734,7,0.25,132.1,7.11,757603,7.11,7.10908,1.37228,-1.16889,0.45571,0.97357,-0.07819,79.65507,-1.19848,-4.91084,0,enoS1(1_parsed).csv
36.0785305547785,-79.0085246130536,7,0.39,132.1,7.96,758403,7.96,7.96032,0.51565,0.82253,0.55299,-1.43156,-1.42805,76.4981,-5.11546,-9.99708,0,enoS1(1_parsed).csv
36.0785294918415,-79.0085250885781,7,0.39,132.4,10.14,758603,10.14,10.13899,-1.35015,-2.63091,-0.62064,1.43691,-0.20388,81.24817,7.89243,-4.70623,0,enoS1(1_parsed).csv
36.078528027972,-79.0085256177156,7,0.61,132.4,10.21,759403,10.21,10.20958,0.48455,-0.92004,-1.20508,1.12735,-0.46472,77.44811,-9.01783,1.06694,0,enoS1(1_parsed).csv
36.0785266946387,-79.0085261305361,7,0.61,132.5,8.88,759603,8.88,8.87677,-1.31904,-0.93858,-0.73899,-0.70524,-0.03864,78.85121,-5.23239,9.03245,0,enoS1(1_parsed).csv
36.0785251585082,-79.0085267226107,7,0.35,132.5,8.48,760403,8.48,8.47956,-0.0664,-2.73739,-0.27901,1.91109,-0.89522,73.19498,-11.66326,21.32417,0,enoS1(1_parsed).csv
36.0785237599068,-79.0085275058275,7,0.35,133.1,8.01,760603,8.01,8.01117,-0.90449,-5.1661,0.31673,-0.01481,-1.03419,73.64806,-4.25314,27.68196,0,enoS1(1_parsed).csv
36.0785225198135,-79.0085281748252,7,0.23,133.1,8.86,761403,8.86,8.86421,1.1665,-0.5659,0.89034,0.47296,0.11927,75.41655,-11.29787,-3.01082,0,enoS1(1_parsed).csv
36.0785223799534,-79.0085285757576,7,0.23,133.3,7.74,761603,7.74,7.74258,3.95115,-4.89093,0.93401,3.6235,2.56991,69.39491,-20.84186,13.44636,0,enoS1(1_parsed).csv
36.0785217808858,-79.0085288508158,7,0.23,133.3,7.44,762403,7.44,7.44108,0.73938,-5.03091,-1.76265,-4.40693,-0.93417,68.09412,-12.02865,29.80123,0,enoS1(1_parsed).csv
36.0785211095571,-79.008529037296,7,0.23,134.1,9.41,762603,9.41,9.41336,-1.44885,2.34856,-1.49662,-2.45598,0.00443,79.40661,-5.11546,2.82081,0,enoS1(1_parsed).csv
36.078520009324,-79.0085289230769,7,0.15,134.1,8.15,763403,8.15,8.14756,-3.21296,-4.0008,-1.16843,-0.03085,0.06322,61.66326,22.49342,43.13066,0,enoS1(1_parsed).csv
36.0785186666667,-79.0085281118881,8,0.15,133.6,9.15,763603,9.15,9.15255,-4.08395,-3.21835,-0.8291,-0.52015,0.61102,63.06636,29.62584,39.46215,0,enoS1(1_parsed).csv
36.0785175990676,-79.0085275944056,8,0.38,133.6,8.65,764403,8.65,8.64706,0.14477,-0.77707,-0.61988,0.87568,-0.59086,71.87956,23.9696,30.48816,0,enoS1(1_parsed).csv
36.0785168531468,-79.0085273240093,8,0.38,133.5,9.94,764603,9.94,9.94098,-1.01097,-1.28794,-0.37675,-0.72815,-0.44929,71.95264,30.59047,26.33733,0,enoS1(1_parsed).csv
36.0785166410256,-79.0085274895105,8,0.58,133.5,8.83,765403,8.83,8.82652,-0.05384,0.92961,-0.19181,0.22297,-0.75869,76.4981,28.79275,18.69337,0,enoS1(1_parsed).csv
36.0785168554779,-79.0085281142191,8,0.58,132.3,9.79,765603,9.79,9.78964,-0.81356,1.14018,-0.33827,-0.16646,-0.25641,74.70038,34.53669,16.48641,0,enoS1(1_parsed).csv
36.0785180629371,-79.0085284195804,8,1.08,132.3,8.78,766403,8.78,8.78046,-0.98106,1.50688,-0.2364,0.75243,-0.66279,78.41275,32.05203,9.22245,0,enoS1(1_parsed).csv
36.0785197972028,-79.0085288484848,9,1.08,131.8,9.45,766603,9.45,9.45165,-1.67857,-0.55334,-0.02627,1.11193,-0.18082,75.27039,36.26133,12.99328,0,enoS1(1_parsed).csv
36.0785212820513,-79.0085288578089,9,0.25,131.8,9.33,767403,9.33,9.3344,0.8004,1.32144,-0.06888,-0.82665,-0.87461,78.60275,27.74043,12.61327,0,enoS1(1_parsed).csv
36.0785226340326,-79.0085284568764,9,0.25,131.6,10.21,767603,10.21,10.21257,-0.18365,0.28175,-0.35232,0.96731,0.13912,76.79041,34.14207,12.10172,0,enoS1(1_parsed).csv
36.0785241398601,-79.0085275034965,9,0.07,131.6,9.34,768403,9.34,9.34158,-0.27876,0.22313,-0.17455,-0.1295,0.77305,77.22888,33.29436,12.11634,0,enoS1(1_parsed).csv
36.0785253892774,-79.0085263566433,9,0.07,131.4,9.78,768603,9.78,9.77767,1.25145,0.3332,-0.33262,0.14065,0.42028,79.28968,27.34581,11.47325,0,enoS1(1_parsed).csv
36.0785269044289,-79.0085255104895,9,0.21,131.4,9.8,769403,9.8,9.79801,0.0682,0.08435,0.25443,0.25595,0.49572,76.81965,35.38439,6.97165,0,enoS1(1_parsed).csv
36.0785279487179,-79.0085252121212,9,0.21,130.8,9.79,769603,9.79,9.79323,1.00618,-0.1675,0.55711,-0.41585,0.23808,78.86583,30.23969,9.42707,0,enoS1(1_parsed).csv
36.0785290909091,-79.0085244685315,9,0.49,130.8,9.63,770403,9.63,9.62573,0.11844,0.73101,-0.18097,-0.32987,0.88805,77.47735,35.23823,1.81234,0,enoS1(1_parsed).csv
36.0785298461538,-79.0085237039627,9,0.49,130.8,9.31,770603,9.31,9.30987,0.52941,0.90628,-0.41997,0.16646,-0.24908,78.20812,31.92049,-0.01462,0,enoS1(1_parsed).csv
36.0785305944056,-79.0085225617715,9,0.77,130.8,9.66,771403,9.66,9.65863,0.24227,0.68195,0.89034,-0.50625,0.72891,77.72581,33.19205,5.51008,0,enoS1(1_parsed).csv
36.078531041958,-79.0085216107226,9,0.77,131.4,9.32,771603,9.32,9.32304,0.91585,1.0331,0.76053,0.5594,-0.1347,79.23122,28.85121,8.95937,0,enoS1(1_parsed).csv
36.0785316386946,-79.00852006993,9,0.76,131.4,8.57,772403,8.57,8.56631,0.75972,1.00499,-0.03344,0.94272,-0.03482,77.41888,27.47734,18.09412,0,enoS1(1_parsed).csv
36.0785323752914,-79.0085186526806,9,0.76,131.6,9.93,772603,9.93,9.93201,0.75852,-0.4325,0.32269,0.54184,0.32971,76.76118,20.68109,24.10114,0,enoS1(1_parsed).csv
36.0785326386946,-79.0085172144522,9,0.22,131.6,9.25,773403,9.25,9.25424,-1.51406,-1.37228,-1.93583,-0.00504,-0.95158,71.49957,37.18211,22.82958,0,enoS1(1_parsed).csv
36.0785324988345,-79.0085156386946,9,0.22,131.8,8.25,773603,8.25,8.24806,-3.89492,-0.28594,-2.68613,0.69532,-0.57986,66.22333,50.8477,6.34317,0,enoS1(1_parsed).csv
36.0785316480186,-79.0085145594405,9,0.75,131.8,9.42,774403,9.42,9.42054,-1.13779,-1.90708,-3.10396,1.50074,-1.79274,82.08126,4.41391,0.29231,0,enoS1(1_parsed).csv
36.0785299510489,-79.0085137202797,9,0.75,131.6,9.05,774603,9.05,9.05384,-2.33121,0.40857,-2.89046,-1.05527,2.57342,81.97895,2.58696,3.77083,0,enoS1(1_parsed).csv
36.0785285151515,-79.0085135454545,9,1.01,131.6,10.26,775403,10.26,10.26102,-0.50548,0.09811,-1.31015,0.80527,1.55328,76.62964,10.84478,25.7527,0,enoS1(1_parsed).csv
36.078527013986,-79.0085143379953,9,1.01,131.8,8.81,775603,8.81,8.81456,1.14497,-0.54078,-1.07253,-0.23396,0.34957,72.88805,8.02397,33.2359,0,enoS1(1_parsed).csv
36.0785263193473,-79.0085157692308,9,0.6,131.8,9.19,776403,9.19,9.19322,-0.41456,-1.70608,-0.75411,0.51633,0.95478,71.03186,31.40895,28.13505,0,enoS1(1_parsed).csv
36.0785264778555,-79.0085177832168,9,0.6,131.1,9.66,776603,9.66,9.66102,0.23749,-0.59462,-0.57742,-1.64109,0.15287,76.81965,28.23736,19.42414,0,enoS1(1_parsed).csv
36.0785271351981,-79.0085198158508,9,0.63,131.1,8.78,777403,8.78,8.77986,-0.45523,-1.40399,-0.73625,-0.81993,0.62736,71.66033,41.31833,15.15639,0,enoS1(1_parsed).csv
36.0785283379953,-79.0085215128205,9,0.63,132.4,9.7,777603,9.7,9.69512,-0.21595,2.62134,-0.93355,-1.60322,0.65928,75.9427,36.07132,-5.53932,0,enoS1(1_parsed).csv
36.0785292610723,-79.0085228065268,9,0.12,132.4,8.12,778403,8.12,8.12004,-0.26022,0.19621,-1.31947,-1.19959,0.68906,77.82812,23.6919,-14.27945,0,enoS1(1_parsed).csv
36.0785293916084,-79.0085229277389,9,0.12,132.3,9.53,778603,9.53,9.53061,1.32802,1.99502,-1.13896,-0.83353,-0.54596,70.21339,16.34025,-28.38351,0,enoS1(1_parsed).csv
36.0785301002331,-79.0085238857809,9,0.28,132.3,9.32,779403,9.32,9.31765,0.50847,0.37208,-1.80037,-0.68982,0.17135,77.15581,-7.01549,-6.7378,0,enoS1(1_parsed).csv
36.078531013986,-79.0085248181818,9,0.28,132.5,8.86,779603,8.86,8.85763,0.83031,1.59123,-1.82145,-0.04291,-0.86178,76.38118,-10.49401,-3.56621,0,enoS1(1_parsed).csv
36.0785327738928,-79.008526955711,9,0.25,132.5,10.18,780403,10.18,10.18266,0.40857,1.31007,-1.84833,0.72235,-1.15912,77.50658,8.2432,23.91114,0,enoS1(1_parsed).csv
36.0785349463869,-79.0085296596737,9,0.25,132.5,9.8,780603,9.8,9.80399,-1.27059,-0.72144,-2.02578,1.0403,-0.08659,72.15726,24.83192,29.33353,0,enoS1(1_parsed).csv
36.0785374405594,-79.0085320606061,9,0.91,132.5,10.86,781403,10.86,10.86042,-1.30229,1.3346,-1.76647,0.0281,0.58903,74.89038,38.64367,-5.32008,0,enoS1(1_parsed).csv
36.0785397715618,-79.0085339254079,8,0.91,132.4,8.79,781603,8.79,8.79422,0.14536,0.66879,-1.63559,-0.08415,0.3905,76.98042,29.46507,-10.01169,0,enoS1(1_parsed).csv
36.0785414941725,-79.008535020979,8,0.1,132.4,4.26,782403,4.26,4.25803,-9.1023,-3.20279,-2.65161,1.8891,1.02595,67.48026,44.67992,18.2549,0,enoS1(1_parsed).csv
36.0785428554778,-79.0085352820513,8,0.1,132,8.69,782603,8.69,8.68954,-5.07099,0.58385,-1.9059,2.83655,4.96389,75.54808,24.34961,25.38731,0,enoS1(1_parsed).csv
36.0785428671329,-79.0085349463869,8,0.37,132,9.21,783403,9.21,9.21476,-0.95653,0.27278,-1.18325,0.16157,1.25258,75.34347,29.46507,21.66033,0,enoS1(1_parsed).csv
36.0785411608392,-79.0085334172494,8,0.37,131.5,9.44,783603,9.44,9.44268,1.56072,-0.47079,-0.94058,0.0646,0.30207,77.05349,24.29114,22.53727,0,enoS1(1_parsed).csv
36.0785401188811,-79.0085326759907,8,0.36,131.5,6.31,784403,6.31,6.30569,-4.71685,-6.41516,0.82971,0.67959,0.09178,45.20608,41.74218,40.7337,0,enoS1(1_parsed).csv
36.078538972028,-79.0085322657343,8,0.36,131.1,2.45,784603,2.45,2.45264,-0.734,-7.38545,-0.15913,0.40378,0.13057,43.18913,40.14908,43.1599,0,enoS1(1_parsed).csv
36.0785382144522,-79.0085320675991,8,1.06,131.1,9.42,785403,9.42,9.42114,-1.25025,3.00718,-0.82054,1.24723,-0.45418,73.80882,42.09296,-0.77463,0,enoS1(1_parsed).csv
36.0785378787879,-79.0085325337995,9,1.06,131.3,8.87,785603,8.87,8.87079,-6.89133,-1.33041,-0.20097,1.98394,-4.18366,50.78924,60.31862,10.2017,0,enoS1(1_parsed).csv
36.0785374685315,-79.0085322004662,9,0.29,131.3,7.97,786403,7.97,7.96511,0.93021,-0.84646,1.0626,-1.95782,2.51585,74.87576,29.93277,22.06957,0,enoS1(1_parsed).csv
36.0785372447552,-79.0085310629371,8,0.29,131.1,9.45,786603,9.45,9.45105,-1.77069,-3.09691,0.5142,3.35823,-3.27683,73.79421,27.76966,27.31657,0,enoS1(1_parsed).csv
36.0785373006993,-79.0085302284382,8,0.45,131.1,5.78,787403,5.78,5.77807,-0.02154,-4.02712,0.24984,-2.07068,1.16614,54.48699,20.98802,47.26688,0,enoS1(1_parsed).csv
36.0785376456876,-79.0085294918415,8,0.45,131.3,8.78,787603,8.78,8.78226,-0.08375,-5.33779,0.00428,1.49189,-1.60398,65.40485,19.20491,39.87138,0,enoS1(1_parsed).csv
36.0785375011655,-79.008529041958,8,0.99,131.3,7.67,788403,7.67,7.66959,-2.51127,-6.48934,0.51343,-0.44502,0.26954,45.24993,24.48115,50.13154,0,enoS1(1_parsed).csv
36.0785373240093,-79.0085288088578,8,0.99,131.1,4.47,788603,4.47,4.46501,-1.15633,-5.15653,0.30192,-0.67363,-0.60537,52.47004,20.62263,47.77843,0,enoS1(1_parsed).csv
36.0785373030303,-79.0085295244755,8,0.68,131.1,6.99,789403,6.99,6.98764,-1.70848,-5.16491,-0.52061,-0.25168,-0.13836,52.01696,18.13797,48.80152,0,enoS1(1_parsed).csv
36.0785380489511,-79.0085306153846,8,0.68,130.5,9.95,789603,9.95,9.94637,-2.64347,-2.04706,-0.60323,-1.83641,-0.42791,61.29786,24.65653,42.29757,0,enoS1(1_parsed).csv
36.0785378857809,-79.0085323426573,8,0.44,130.5,5.51,790403,5.51,5.51247,-4.63669,-6.36371,-0.06628,-1.18783,0.45754,54.88161,36.27594,40.67524,0,enoS1(1_parsed).csv
36.0785368787879,-79.0085344125874,8,0.44,130.4,9.29,790603,9.29,9.29492,-4.81855,-6.54557,0.17242,1.54442,-0.75793,51.35925,39.66676,41.46449,0,enoS1(1_parsed).csv
36.0785354265734,-79.0085361212121,8,0.29,130.4,1.85,791403,1.85,1.85204,-3.45284,-10.09771,-0.49282,1.28602,2.14001,41.17217,42.72143,41.97603,0,enoS1(1_parsed).csv
36.0785342797203,-79.0085365687646,8,0.29,130.3,4.23,791603,4.23,4.2347,-2.58126,-9.04965,-0.80054,-0.98319,1.85489,46.60918,44.57761,38.2052,0,enoS1(1_parsed).csv
36.0785324685315,-79.0085384965035,8,1.77,130.3,8.45,792403,8.45,8.44786,-2.05484,0.68076,-2.79776,-0.87216,1.25288,74.99269,27.47734,-20.7834,0,enoS1(1_parsed).csv
36.0785302960373,-79.008540025641,8,1.77,130.7,10.02,792603,10.02,10.01994,0.58265,1.89691,-2.34068,0.64141,0.99037,73.04882,0.02923,-20.76878,0,enoS1(1_parsed).csv
36.0785282773893,-79.0085433333333,8,0.7,130.7,8.95,793403,8.95,8.95454,-0.80339,1.59422,-1.28694,0.65347,0.32666,80.13738,-3.42005,7.1178,0,enoS1(1_parsed).csv
36.0785268228438,-79.0085475291375,8,0.7,130.2,10.2,793603,10.2,10.19522,0.46899,0.14716,-1.10948,0.34453,0.33201,77.38965,-6.78164,15.9164,0,enoS1(1_parsed).csv
36.0785256689977,-79.0085521258741,8,0.92,130.2,9.97,794403,9.97,9.97149,-0.37089,-0.76092,-1.01908,0.05101,0.53344,75.76732,9.1786,29.36276,0,enoS1(1_parsed).csv
36.0785252494172,-79.0085567226107,9,0.92,129.6,9.79,794603,9.79,9.78784,0.48514,-0.25663,-1.00487,0.0394,0.32681,73.42882,11.75095,31.42356,0,enoS1(1_parsed).csv
36.078524004662,-79.0085605710956,9,0.61,129.6,9.73,795403,9.73,9.73101,-0.932,-0.41037,-0.90545,0.40164,0.26527,72.99035,30.31277,25.78193,0,enoS1(1_parsed).csv
36.0785224941725,-79.0085636480186,9,0.61,131.8,9.18,795603,9.18,9.17827,-0.78903,-0.17348,-0.74556,-0.66157,0.18738,74.6273,31.16048,21.36802,0,enoS1(1_parsed).csv
36.078522037296,-79.0085644475524,9,0.37,131.8,9.18,796403,9.18,9.18006,1.95314,0.22493,-0.55986,0.54703,0.7645,80.04969,25.63578,9.54399,0,enoS1(1_parsed).csv
36.0785224755245,-79.0085626386946,9,0.37,132,9.62,796603,9.62,9.62453,2.65244,-2.37727,-1.07298,1.15881,0.14936,78.89507,22.81497,17.08565,0,enoS1(1_parsed).csv
36.0785228181818,-79.0085602027972,9,0.1,132,9.78,797403,9.78,9.77528,-0.91167,0.76511,-1.62505,0.63118,0.43891,76.26425,26.14733,-17.15873,0,enoS1(1_parsed).csv
36.0785236666667,-79.008557004662,8,0.1,131.4,9.5,797603,9.5,9.5013,-0.1675,-1.2652,-1.41415,1.11681,0.47082,80.41508,14.49868,-8.50628,0,enoS1(1_parsed).csv
36.0785245734266,-79.008553983683,8,0.16,131.4,9.7,798403,9.7,9.69572,0.78365,-0.79741,-0.99037,0.47617,-0.08842,77.57965,-6.60626,-5.55393,0,enoS1(1_parsed).csv
36.0785255151515,-79.0085514475524,9,0.16,129.1,9.78,798603,9.78,9.77767,-0.50788,-0.48156,-0.91172,-0.4273,-0.49602,78.82198,-5.23239,-2.55773,0,enoS1(1_parsed).csv
36.078526044289,-79.0085482331002,9,0.14,129.1,9.78,799403,9.78,9.78126,-0.88834,0.09571,-0.75442,-0.00214,0.06445,78.50043,-6.76703,9.07629,0,enoS1(1_parsed).csv
36.0785258391608,-79.0085453146853,8,0.14,128.4,8.32,799603,8.32,8.32343,-0.22792,-2.17029,-0.67378,0.8885,1.07253,75.76732,-11.21017,14.92254,0,enoS1(1_parsed).csv
36.0785257738928,-79.00854197669,8,0.12,128.4,9.42,800403,9.42,9.41636,0.20997,-0.4337,-1.02014,0.04139,0.50793,75.65039,-2.8062,24.6273,0,enoS1(1_parsed).csv
36.0785254941725,-79.0085393752914,8,0.12,128.6,9.49,800603,9.49,9.48934,0.4002,-0.29492,-0.94455,-0.06124,-0.26954,74.87576,0.36539,27.38965,0,enoS1(1_parsed).csv
36.078526039627,-79.0085360652681,8,0.09,128.6,9.34,801403,9.34,9.34218,-0.11366,0.11605,-0.86178,-0.04719,-0.25717,76.46886,18.22567,25.88424,0,enoS1(1_parsed).csv
36.0785269347319,-79.0085333519813,8,0.09,128,9.45,801603,9.45,9.45225,-0.10828,1.02532,-0.84559,-0.34117,0.12782,77.97428,21.85034,20.63724,0,enoS1(1_parsed).csv
36.0785282517482,-79.0085313006993,8,0.24,128,9.68,802403,9.68,9.68495,-0.03888,1.22213,-0.66752,-0.57589,0.17257,76.86349,32.13972,11.47325,0,enoS1(1_parsed).csv
36.0785297902098,-79.0085306293706,8,0.24,127.1,9.38,802603,9.38,9.38405,0.68016,0.42891,-0.59926,0.84819,-0.20571,77.49197,31.6428,11.10786,0,enoS1(1_parsed).csv
36.078531009324,-79.0085297296037,8,0.02,127.1,9.77,803403,9.77,9.7693,0.37089,0.61854,-0.32361,0.81062,-0.52687,78.51505,32.47588,7.00088,0,enoS1(1_parsed).csv
36.0785320815851,-79.0085299347319,8,0.02,127.1,8.98,803603,8.98,8.97668,-0.39541,-0.38764,-0.35308,-0.32269,-0.21289,76.26425,36.58287,6.85472,0,enoS1(1_parsed).csv
36.0785324662005,-79.0085291188811,8,0.14,127.1,9.93,804403,9.93,9.93201,-0.50788,-0.8339,-0.84696,-0.88239,-0.26756,77.11195,34.69746,-4.47238,0,enoS1(1_parsed).csv
36.078531962704,-79.0085282703963,9,0.14,127,9.44,804603,9.44,9.44327,0.08195,0.57069,-0.89202,-0.22678,0.58567,76.73195,31.42356,-10.45016,0,enoS1(1_parsed).csv
36.0785317039627,-79.008527009324,9,0.09,127,9.64,805403,9.64,9.64188,0.06042,-0.5001,-0.75625,-0.16677,-0.42593,79.55276,17.45104,-11.88249,0,enoS1(1_parsed).csv
36.0785312470862,-79.0085254615385,9,0.09,127,9.33,805603,9.33,9.33261,-0.42891,0.05683,-0.89156,0.09713,0.67149,77.9012,13.50482,-14.14791,0,enoS1(1_parsed).csv
36.078530993007,-79.0085241911422,9,0.37,127,9.42,806403,9.42,9.41875,0.74955,0.94516,-0.86636,-0.0869,0.78542,75.12424,-5.40778,-13.44636,0,enoS1(1_parsed).csv
36.078530965035,-79.0085234825175,9,0.37,126.7,9.79,806603,9.79,9.78724,0.8674,-0.01974,-0.84406,0.89919,-0.88148,76.58579,-7.16165,-6.81087,0,enoS1(1_parsed).csv
36.0785308088578,-79.008523051282,9,0.17,126.7,10.1,807403,10.1,10.1013,1.74257,-1.532,-0.63698,1.72096,-1.15881,73.0342,-16.2964,10.96171,0,enoS1(1_parsed).csv
36.0785304265734,-79.008523013986,9,0.17,125.8,9.21,807603,9.21,9.21177,-0.25005,-2.63151,0.47388,-0.30329,-1.21898,77.55042,-6.69395,14.84946,0,enoS1(1_parsed).csv
36.0785302657343,-79.0085232517482,9,0.45,125.8,9.68,808403,9.68,9.67657,0.89312,-1.50389,0.43601,1.3184,-1.14934,79.6843,-3.9316,3.2739,0,enoS1(1_parsed).csv
36.0785304335664,-79.0085238111888,9,0.45,125.8,8.91,808603,8.91,8.90609,-1.49192,-1.82213,0.8291,-1.03465,-1.08367,81.70126,8.90091,0.96463,0,enoS1(1_parsed).csv
36.0785303403263,-79.0085242680653,9,0.58,125.8,9.81,809403,9.81,9.80698,-0.44806,1.72582,1.07344,-0.13118,-0.92225,74.01345,19.01491,-22.33265,0,enoS1(1_parsed).csv
36.0785305734266,-79.0085245291375,9,0.58,125.9,9.75,809603,9.75,9.75315,-1.11446,0.03829,0.9473,0.86254,0.85827,75.79655,25.44578,-17.26103,0,enoS1(1_parsed).csv
36.0785304009324,-79.008525044289,9,0.44,125.9,9.96,810403,9.96,9.95713,-1.08814,0.30628,1.34436,0.40134,0.96135,75.9427,36.0421,-1.06694,0,enoS1(1_parsed).csv
36.0785305501165,-79.0085252680653,9,0.44,125.5,10.02,810603,10.02,10.02413,-0.21655,1.38186,1.61375,-1.20127,-0.02993,78.45659,31.73049,4.57469,0,enoS1(1_parsed).csv
36.0785296503496,-79.0085265710956,9,0.63,125.5,6.58,811403,6.58,6.57847,-4.19761,-3.22134,1.73257,-0.36072,1.42377,62.97866,32.41742,37.0798,0,enoS1(1_parsed).csv
36.0785286153846,-79.0085281934732,9,0.63,125.3,9.87,811603,9.87,9.87099,0.72144,-3.01436,1.66048,-0.84696,1.79808,69.99415,4.23853,35.93978,0,enoS1(1_parsed).csv
36.078526025641,-79.0085302331002,9,1.43,125.3,8.76,812403,8.76,8.76192,0.39003,-1.06899,-0.14325,-0.60292,0.7225,72.75651,-4.677,29.65507,0,enoS1(1_parsed).csv
36.0785229114219,-79.0085324242424,9,1.43,125.3,9.71,812603,9.71,9.70529,1.11685,-0.1986,-0.19151,-0.7729,0.03024,74.94884,-7.65858,21.28033,0,enoS1(1_parsed).csv
36.0785191958042,-79.0085346293706,9,1.86,125.3,8.28,813403,8.28,8.28096,0.56052,0.72084,-0.24267,-1.73959,-1.72631,78.80737,6.91318,20.19877,0,enoS1(1_parsed).csv
36.0785153170163,-79.0085364382284,9,1.86,124.9,11.28,813603,11.28,11.27977,-4.5667,3.84407,-0.47999,1.53098,0.23595,81.10202,17.15873,14.46945,0,enoS1(1_parsed).csv
36.0785116689977,-79.0085379487179,9,1.97,124.9,8.88,814403,8.88,8.87857,-0.04247,0.52702,1.10383,-0.55039,-1.507,77.59427,-2.07542,20.05262,0,enoS1(1_parsed).csv
36.0785095058275,-79.0085384615384,9,1.97,124.9,10.66,814603,10.66,10.65524,-3.54078,0.0012,1.52854,-0.14661,-0.60079,81.48203,2.26542,10.75709,0,enoS1(1_parsed).csv
36.078507027972,-79.0085391118881,9,1.21,124.9,9.01,815403,9.01,9.01257,1.267,-0.08435,1.85001,1.56168,-2.58121,78.01812,-7.00088,-5.11546,0,enoS1(1_parsed).csv
36.0785045291375,-79.0085378811189,9,1.21,124,9.95,815603,9.95,9.95295,-1.89153,-2.6674,2.09771,-0.74953,-1.85672,81.17509,20.18416,-3.66852,0,enoS1(1_parsed).csv
36.0785026410256,-79.0085387832168,9,1.71,124,9.31,816403,9.31,9.31406,0.11246,-0.25125,2.11436,-0.58643,-1.33306,76.76118,33.76206,13.94329,0,enoS1(1_parsed).csv
36.0785026876457,-79.0085412820513,9,1.71,123.5,9.86,816603,9.86,9.85664,-1.71266,0.67418,1.77151,-0.12309,-0.10186,74.48115,36.40748,16.22333,0,enoS1(1_parsed).csv
36.0785024731935,-79.0085445337995,9,1.36,123.5,10.19,817403,10.19,10.18625,-0.04606,0.68076,1.33779,0.4415,-0.13699,78.19351,4.44315,23.18036,0,enoS1(1_parsed).csv
36.0785032750583,-79.0085478531468,9,1.36,123.9,8.66,817603,8.66,8.65783,-0.38824,0.1651,1.25945,-0.65973,0.59636,77.37504,-2.66004,20.91494,0,enoS1(1_parsed).csv
36.0785030862471,-79.0085510792541,9,1.06,123.9,9.86,818403,9.86,9.85963,-0.37388,0.15733,1.03511,0.22969,0.11652,77.72581,-7.48319,0.01462,0,enoS1(1_parsed).csv
36.0785032074592,-79.0085535874126,9,1.06,123.7,8.74,818603,8.74,8.74457,0.14596,0.63589,0.96929,-0.04016,0.48197,76.67349,-9.76323,-2.70389,0,enoS1(1_parsed).csv
36.0785023379953,-79.0085555710956,9,0.78,123.7,9.52,819403,9.52,9.52044,0.00957,1.22094,0.967,-0.06246,0.07865,75.86963,5.67086,-19.11722,0,enoS1(1_parsed).csv
36.0785012937063,-79.0085562517482,9,0.78,123,9.37,819603,9.37,9.3673,-0.0676,0.74895,0.91019,0.26695,0.21289,76.64426,8.94475,-17.58258,0,enoS1(1_parsed).csv
36.078498041958,-79.0085565780886,9,0.6,123,9.64,820403,9.64,9.64188,-0.48574,0.67597,0.87858,-0.08048,0.36713,76.76118,26.93657,-14.33791,0,enoS1(1_parsed).csv
36.07849402331,-79.0085555804196,9,0.6,123.5,9.46,820603,9.46,9.46421,0.35952,0.49711,0.94959,0.23121,0.02352,78.10582,27.81351,-11.5171,0,enoS1(1_parsed).csv
36.0784903636364,-79.008556965035,9,0.91,123.5,9.36,821403,9.36,9.35534,-0.05444,0.84646,0.82375,0.64446,-0.04276,77.88658,34.66822,1.92926,0,enoS1(1_parsed).csv
36.0784871748252,-79.0085584941725,9,0.91,124.6,9.85,821603,9.85,9.85005,0.02572,0.07896,0.76358,0.61331,-0.14676,77.02426,34.94592,8.78398,0,enoS1(1_parsed).csv
36.0784837179487,-79.0085604778555,9,1.22,124.6,10.33,822403,10.33,10.32563,-0.68734,1.56371,0.86193,-0.86392,0.24282,77.94505,29.74277,14.99562,0,enoS1(1_parsed).csv
36.078480958042,-79.0085624731935,9,1.22,125.5,9.45,822603,9.45,9.45165,-0.91107,0.57368,0.97387,1.13025,-0.07544,77.33119,24.715,21.54341,0,enoS1(1_parsed).csv
36.0784784405594,-79.0085651934732,9,1.06,125.5,9.39,823403,9.39,9.39183,-0.18245,1.21196,0.93264,0.72189,0.3146,78.51505,4.25314,22.17188,0,enoS1(1_parsed).csv
36.0784773030303,-79.0085675990676,9,1.06,126.1,9.32,823603,9.32,9.31586,0.24287,0.44088,1.09162,-0.22373,-0.45326,76.65887,0.55539,24.83192,0,enoS1(1_parsed).csv
36.0784759370629,-79.0085707342657,9,0.97,126.1,9.78,824403,9.78,9.78246,0.04666,0.37029,0.83597,1.07146,-0.69975,77.08273,-9.41245,8.56475,0,enoS1(1_parsed).csv
36.0784755920746,-79.0085735128205,9,0.97,125.9,9.39,824603,9.39,9.39123,-0.1675,0.20518,0.76847,-0.59116,0.24099,78.35428,-8.46244,7.71704,0,enoS1(1_parsed).csv
36.078474967366,-79.0085767668998,9,1.05,125.9,9.05,825403,9.05,9.04786,0.03888,-0.03111,0.76373,0.4722,-0.01298,79.0266,-3.58082,-5.83163,0,enoS1(1_parsed).csv
36.0784751818182,-79.0085793496503,9,1.05,125.6,9.29,825603,9.29,9.28595,-0.19382,1.17966,0.8239,-0.83246,0.10385,77.22888,-0.77463,-14.19176,0,enoS1(1_parsed).csv
36.0784742983683,-79.0085819044289,9,1.1,125.6,9.47,826403,9.47,9.46601,0.19801,1.03849,0.76297,0.81413,-0.44074,76.79041,12.94943,-19.13183,0,enoS1(1_parsed).csv
36.0784734125874,-79.0085832843823,9,1.1,125.6,9.24,826603,9.24,9.23689,-0.55274,0.08435,0.74067,-0.32391,0.2784,78.14967,16.73487,-17.11488,0,enoS1(1_parsed).csv
36.0784716013986,-79.0085853822844,9,1.06,125.6,9.55,827403,9.55,9.54676,-0.59521,0.24885,0.74235,-0.56474,0.09896,77.31657,29.80123,-11.69249,0,enoS1(1_parsed).csv
36.0784698391608,-79.0085868927739,9,1.06,125.5,9.47,827603,9.47,9.47139,-0.06999,0.68435,0.69287,-0.17089,0.57849,77.09734,29.58199,-13.44636,0,enoS1(1_parsed).csv
36.0784675081585,-79.0085887878788,9,1.36,125.5,9.73,828403,9.73,9.72862,0.02692,1.17966,0.5985,0.13821,0.26848,77.50658,34.69746,-1.41771,0,enoS1(1_parsed).csv
36.0784658298368,-79.0085901678322,9,1.36,125.4,9.17,828603,9.17,9.17169,0.17587,0.94816,0.63851,-0.15882,0.04902,78.88045,32.88512,2.0608,0,enoS1(1_parsed).csv
36.078462958042,-79.0085918857809,9,1.24,125.4,9.82,829403,9.82,9.81596,0.15972,0.95175,0.45739,0.94257,0.0368,78.67583,29.72815,13.44636,0,enoS1(1_parsed).csv
36.0784602167832,-79.0085933030303,9,1.24,125.7,9,829603,9,8.99582,-0.08794,0.03709,0.57101,-0.29276,-0.14951,76.95118,28.86583,19.21953,0,enoS1(1_parsed).csv
36.0784564895105,-79.0085945641026,9,1.27,125.7,9.48,830403,9.48,9.47558,0.54197,0.54796,0.50687,0.00672,-0.30146,78.26659,19.61415,22.44958,0,enoS1(1_parsed).csv
36.078453002331,-79.0085947878788,9,1.27,124.9,9.83,830603,9.83,9.82972,-0.42054,0.81117,0.47663,-0.1153,-0.30268,78.16428,21.70418,21.11956,0,enoS1(1_parsed).csv
36.0784488508158,-79.0085953449883,9,1.58,124.9,9.42,831403,9.42,9.41875,-0.3996,0.25125,0.42791,-0.31826,0.32361,77.68196,12.54019,24.52499,0,enoS1(1_parsed).csv
36.0784453822844,-79.0085945524475,9,1.58,125,9.56,831603,9.56,9.56112,0.25543,1.04447,0.42302,-0.11622,0.26099,78.69044,6.75241,21.33879,0,enoS1(1_parsed).csv
36.0784418578089,-79.0085956456876,9,1.54,125,9.39,832403,9.39,9.38884,-0.06102,1.15394,0.2981,0.73258,0.27733,75.89886,-1.4031,24.11576,0,enoS1(1_parsed).csv
36.0784397692308,-79.0085973799534,9,1.54,125.8,9.43,832603,9.43,9.42533,0.38704,0.28594,0.36866,-0.05864,-0.45158,75.27039,-2.49927,26.05963,0,enoS1(1_parsed).csv
36.0784373636364,-79.0086006340326,9,0.86,125.8,8.15,833403,8.15,8.15474,0.30748,-4.29332,-0.71487,0.06353,-0.08659,62.48173,3.02543,41.56679,0,enoS1(1_parsed).csv
36.0784363846154,-79.0086041771562,9,0.86,126,8.87,833603,8.87,8.87259,-0.22552,-3.84407,-0.73258,-1.83366,-0.04032,68.19643,7.33704,37.32827,0,enoS1(1_parsed).csv
36.078434041958,-79.0086087948718,9,2.6,126,10.11,834403,10.11,10.10908,0.2327,1.50389,-0.30085,2.04716,-0.37141,78.07658,9.734,24.29114,0,enoS1(1_parsed).csv
36.0784322610723,-79.0086132237762,9,2.6,126.6,8.91,834603,8.91,8.90549,-0.92602,-1.69591,-0.18647,-0.13164,0.15287,72.81496,12.11634,32.60743,0,enoS1(1_parsed).csv
36.0784292191142,-79.0086177086247,9,2.17,126.6,10.81,835403,10.81,10.80658,-0.95414,1.29811,-0.06048,-0.12309,-0.70204,79.28968,18.06489,20.65186,0,enoS1(1_parsed).csv
36.0784266736597,-79.0086212424242,9,2.17,127.2,9.52,835603,9.52,9.52403,-1.71147,0.35115,0.09056,1.96867,0.07193,73.01958,19.02952,32.57819,0,enoS1(1_parsed).csv
36.0784230606061,-79.0086246130536,9,2.52,127.2,9.1,836403,9.1,9.10469,0.73161,0.27278,0.04429,0.54886,-0.9279,77.91581,9.29553,24.64192,0,enoS1(1_parsed).csv
36.0784199184149,-79.008626020979,9,2.52,127,10.24,836603,10.24,10.24128,-2.3001,-0.27278,-0.05421,0.59941,-0.12675,75.48962,17.64104,27.82812,0,enoS1(1_parsed).csv
36.078415988345,-79.0086289650349,9,1.94,127,8.92,837403,8.92,8.91925,0.14596,0.05384,0.10461,0.03467,-1.03313,76.86349,8.93014,27.11196,0,enoS1(1_parsed).csv
36.0784126503496,-79.008630969697,9,1.94,126.7,10.49,837603,10.49,10.49133,-1.09352,1.01216,-0.07697,0.41875,0.19823,77.79889,12.65712,25.79655,0,enoS1(1_parsed).csv
36.0784086689977,-79.00863397669,9,1.6,126.7,9.28,838403,9.28,9.27757,-0.02871,-0.25424,-0.12446,0.13882,0.14493,74.78808,11.67787,30.10816,0,enoS1(1_parsed).csv
36.0784057132867,-79.0086362797203,9,1.6,127,9.85,838603,9.85,9.85245,-0.48754,0.55274,-0.0368,-0.81978,-0.24603,77.9012,11.29787,23.58959,0,enoS1(1_parsed).csv
36.0784021002331,-79.0086397738928,9,1.91,127,8.92,839403,8.92,8.92403,-1.03789,-0.24467,0.062,0.64278,0.62354,74.80269,12.70096,29.772,0,enoS1(1_parsed).csv
36.0783996200466,-79.0086427296037,9,1.91,127.7,8.99,839603,8.99,8.99103,0.66042,-0.81715,0.39156,-1.19516,-0.7222,75.51885,10.14323,28.47121,0,enoS1(1_parsed).csv
36.0783965664336,-79.0086468298368,9,1.84,127.7,9.31,840403,9.31,9.31287,-1.12044,0.79621,0.72968,1.32756,-0.02046,77.66735,4.89623,23.66267,0,enoS1(1_parsed).csv
36.0783947296037,-79.0086503449883,9,1.84,127.8,9.67,840603,9.67,9.67179,0.00957,-0.12682,0.77519,-1.32558,0.54275,77.00965,-1.28617,23.19497,0,enoS1(1_parsed).csv
36.0783917902098,-79.0086543216783,9,1.66,127.8,8.48,841403,8.48,8.47598,-0.14836,0.96491,0.49969,-0.06429,-0.15669,78.50043,-7.08857,12.35019,0,enoS1(1_parsed).csv
36.0783893473193,-79.0086572960373,9,1.66,127.9,10.41,841603,10.41,10.41117,-0.5653,1.07438,0.37293,0.11133,0.45632,77.82812,-9.29553,7.90704,0,enoS1(1_parsed).csv
36.078386025641,-79.0086609044289,9,2.07,127.9,9.18,842403,9.18,9.18246,-0.29312,0.47677,-0.08964,1.26907,0.55848,75.4604,-12.27711,9.52938,0,enoS1(1_parsed).csv
36.0783830792541,-79.0086636456876,9,2.07,128,10.37,842603,10.37,10.37049,1.23529,-0.59701,-0.11332,-0.76099,-0.0646,74.83192,-13.44636,9.19322,0,enoS1(1_parsed).csv
36.0783800536131,-79.0086668484848,9,1.57,128,10.17,843403,10.17,10.17129,-0.00419,0.38046,-0.21732,-1.87032,-0.59346,77.68196,-4.83777,13.94329,0,enoS1(1_parsed).csv
36.0783782167832,-79.008668983683,9,1.57,128.6,9.66,843603,9.66,9.65564,-1.7677,1.67677,-0.06292,0.78847,-0.00657,79.80122,-3.43467,8.47705,0,enoS1(1_parsed).csv
36.0783760769231,-79.0086714965035,9,1.04,128.6,10.33,844403,10.33,10.3346,-0.65145,0.41874,0.38362,-0.53115,-0.40042,77.7112,-6.7378,14.01637,0,enoS1(1_parsed).csv
36.0783750699301,-79.0086724475524,9,1.04,128.4,9.17,844603,9.17,9.17408,-0.67059,-0.11246,0.47632,0.22419,-0.05085,78.47121,-4.83777,10.47939,0,enoS1(1_parsed).csv
36.0783733030303,-79.0086744848485,9,0.85,128.4,9.9,845403,9.9,9.90329,-0.51984,1.30588,0.26206,-0.48717,-0.52611,78.06197,-6.15317,0.40924,0,enoS1(1_parsed).csv
36.0783722121212,-79.0086761631702,8,0.85,127.6,9.32,845603,9.32,9.31885,-1.24307,0.71366,0.4583,0.4328,0.01023,79.4943,-2.96697,1.65156,0,enoS1(1_parsed).csv
36.0783698811189,-79.0086789044289,8,1.2,127.6,9.05,846403,9.05,9.05384,-1.26401,1.06899,0.84025,0.50534,0.85124,78.16428,0.16077,-9.98246,0,enoS1(1_parsed).csv
36.0783677832168,-79.0086811421911,8,1.2,128.9,10.03,846603,10.03,10.03251,0.8339,-0.09212,0.93187,-0.12553,0.42455,76.65887,-4.99854,-9.63169,0,enoS1(1_parsed).csv
36.0783648041958,-79.0086845104895,8,1.38,128.9,9.39,847403,9.39,9.38944,0.98824,-0.08495,0.81948,-0.14264,-0.3627,78.0912,9.734,-13.72406,0,enoS1(1_parsed).csv
36.0783622121212,-79.0086877552447,9,1.38,129.8,9.43,847603,9.43,9.4343,-0.77049,0.82493,0.83078,-0.21808,-0.79565,75.89886,20.94417,-17.43642,0,enoS1(1_parsed).csv
36.0783591748252,-79.0086912843823,9,1.5,129.8,9.87,848403,9.87,9.8686,0.06221,0.6006,0.67806,-0.07193,0.05818,77.88658,28.92429,-11.5171,0,enoS1(1_parsed).csv
36.0783569090909,-79.0086938205128,9,1.5,130,9.37,848603,9.37,9.37448,0.29551,0.11725,0.6098,0.38958,-0.06536,77.18504,30.57585,-7.35165,0,enoS1(1_parsed).csv
36.0783538508158,-79.0086965268065,9,0.85,130,9.59,849403,9.59,9.59342,-0.49053,0.33021,0.52779,-0.67974,0.37996,76.24963,36.67057,2.39696,0,enoS1(1_parsed).csv
36.0783514079254,-79.0086978881119,9,0.85,130.7,9.94,849603,9.94,9.93919,0.4331,0.95892,0.52046,-0.09972,0.28665,77.97428,32.97282,0.16077,0,enoS1(1_parsed).csv
36.0783482051282,-79.0087006713287,9,1.28,130.7,9.47,850403,9.47,9.46541,0.02094,0.97388,0.49541,0.093,0.06506,77.24349,32.13972,11.13709,0,enoS1(1_parsed).csv
36.0783458554778,-79.008703011655,9,1.28,131.6,9.24,850603,9.24,9.24168,0.08913,0.00897,0.52382,-0.23075,0.06048,76.79041,30.31277,14.95177,0,enoS1(1_parsed).csv
36.0783427715618,-79.0087060955711,9,1.31,131.6,10.16,851403,10.16,10.16471,-0.34337,1.57508,0.3821,0.52275,-0.14279,78.60275,25.34347,17.33411,0,enoS1(1_parsed).csv
36.0783400862471,-79.0087092937063,9,1.31,132.2,8.57,851603,8.57,8.57169,-0.11725,0.20339,0.41722,0.20159,-0.04016,75.48962,24.96346,24.32037,0,enoS1(1_parsed).csv
36.0783371794872,-79.0087124941725,9,1.31,132.2,9.84,852403,9.84,9.8363,0.06341,0.6329,0.46701,-0.02077,-0.36973,77.56504,15.81409,22.90266,0,enoS1(1_parsed).csv
36.0783354265734,-79.0087144615384,9,1.31,132.5,9.54,852603,9.54,9.53779,-0.52044,0.74536,0.32834,0.65149,0.28191,76.46886,14.39638,25.8404,0,enoS1(1_parsed).csv
36.0783331468531,-79.0087161911422,9,1.25,132.5,10.02,853403,10.02,10.01695,0.35653,0.78963,0.31108,-0.32727,-0.36087,77.66735,7.29319,23.57498,0,enoS1(1_parsed).csv
36.0783318601399,-79.0087168438228,9,1.25,132.1,9.99,853603,9.99,9.99123,-0.82493,0.53121,0.19487,0.84971,0.08583,77.5358,7.76089,24.32037,0,enoS1(1_parsed).csv
36.0783296736597,-79.0087176503496,9,0.48,132.1,9.72,854403,9.72,9.71965,0.04487,1.06481,0.35445,-0.58429,0.7393,78.03274,0.40924,20.49109,0,enoS1(1_parsed).csv
36.07832802331,-79.0087173613054,9,0.48,130.5,9.6,854603,9.6,9.59522,0.27278,0.27517,0.3514,0.80481,-0.14019,76.39579,-4.41391,21.26571,0,enoS1(1_parsed).csv
36.0783256293706,-79.0087180792541,9,1.05,130.5,9.92,855403,9.92,9.91526,0.5348,0.73699,0.36392,-0.07727,-0.39218,77.55042,-7.43935,14.63023,0,enoS1(1_parsed).csv
36.0783236153846,-79.0087186853147,9,1.05,130.9,9.31,855603,9.31,9.31227,-0.73699,0.52881,0.301,0.50519,-0.03512,77.78428,-4.51622,16.88103,0,enoS1(1_parsed).csv
36.0783206783217,-79.0087205268065,9,0.89,130.9,9.88,856403,9.88,9.88056,-0.20459,0.33679,0.29978,0.37507,-0.27626,77.56504,-8.02397,9.33937,0,enoS1(1_parsed).csv
36.078317955711,-79.0087226993007,9,0.89,130.9,9.2,856603,9.2,9.19981,-0.3338,0.35115,0.29154,-0.13011,0.35965,77.36042,-7.74627,9.63169,0,enoS1(1_parsed).csv
36.0783153240093,-79.0087246876457,9,0.69,130.9,9.61,857403,9.61,9.60599,-0.12981,0.3344,0.27107,-0.36148,0.35736,76.77579,-9.4563,1.95849,0,enoS1(1_parsed).csv
36.0783136923077,-79.0087261794872,9,0.69,131.1,9.73,857603,9.73,9.7346,0.33081,0.9338,0.26786,0.40256,-0.2361,76.43964,-9.76323,-0.97925,0,enoS1(1_parsed).csv
36.0783117342657,-79.0087281934732,9,0.7,131.1,9.69,858403,9.69,9.68734,-0.23509,0.76391,0.25397,-0.66981,0.27351,77.28734,-7.81935,-5.91932,0,enoS1(1_parsed).csv
36.0783104195804,-79.0087296013986,9,0.7,130.9,9.41,858603,9.41,9.41396,0.44148,0.87218,0.19517,0.82268,-0.20739,76.84888,-7.70243,-5.67086,0,enoS1(1_parsed).csv
36.0783087529137,-79.0087313986014,9,0.66,130.9,9.76,859403,9.76,9.76092,-0.20937,0.10947,0.2277,0.17562,0.13531,76.90733,-4.63315,-9.10552,0,enoS1(1_parsed).csv
36.0783079230769,-79.0087327226107,9,0.66,130.5,8.99,859603,8.99,8.99043,0.36849,0.71545,0.21533,-0.073,-0.26848,76.81965,-4.56007,-8.37474,0,enoS1(1_parsed).csv
36.0783064638695,-79.0087347575758,9,0.97,130.5,9.04,860403,9.04,9.03769,0.19681,0.62512,0.20815,0.43219,-0.33414,77.81351,-0.89155,-11.25402,0,enoS1(1_parsed).csv
36.0783053729604,-79.0087364358974,9,0.97,130.7,9.84,860603,9.84,9.8363,-0.64905,0.69691,0.23075,-0.4441,0.06674,77.59427,3.75621,-14.35253,0,enoS1(1_parsed).csv
36.0783037738928,-79.0087385641026,9,0.86,130.7,9.63,861403,9.63,9.63231,-0.33141,0.44327,0.28375,0.21502,-0.30956,77.95966,6.13856,-15.03946,0,enoS1(1_parsed).csv
36.0783026643357,-79.0087401585082,9,0.86,130.7,9.82,861603,9.82,9.82254,-0.1346,0.13699,0.18311,0.21472,0.25198,78.3689,8.03858,-14.44022,0,enoS1(1_parsed).csv
36.078301002331,-79.0087422144522,9,0.99,130.7,9.38,862403,9.38,9.38106,-0.91406,-0.25663,0.19059,-0.42425,0.05223,78.63198,14.44022,-14.95177,0,enoS1(1_parsed).csv
36.0782996876457,-79.0087438088578,9,0.99,130.9,9.71,862603,9.71,9.71127,0.29551,1.08514,0.18219,-0.44563,0.33353,76.4981,11.86788,-19.61415,0,enoS1(1_parsed).csv
36.0782975128205,-79.0087457249417,9,0.9,130.9,9.73,863403,9.73,9.72742,0.18485,1.24786,0.15791,-0.58215,0.13057,76.05963,15.88717,-20.85647,0,enoS1(1_parsed).csv
36.0782956293706,-79.008747039627,9,0.9,130.7,9.3,863603,9.3,9.30389,-0.21655,0.26142,0.06017,1.38376,-0.04307,78.26659,15.4487,-15.81409,0,enoS1(1_parsed).csv
36.0782932773893,-79.0087489603729,9,1.04,130.7,9.78,864403,9.78,9.78485,0.30269,0.97807,-0.03803,0.88896,-0.0927,77.46273,16.53025,-18.40105,0,enoS1(1_parsed).csv
36.0782913659674,-79.0087508624708,9,1.04,131.1,9.27,864603,9.27,9.27159,-0.23689,-0.27996,0.04887,-0.24771,-0.17944,78.63198,18.2549,-13.72406,0,enoS1(1_parsed).csv
36.0782887808858,-79.0087526317016,9,1.15,131.1,9.4,865403,9.4,9.39781,-0.22672,0.57547,-0.14768,0.50457,0.15608,78.06197,17.26103,-15.84332,0,enoS1(1_parsed).csv
36.0782868508158,-79.0087535081585,9,1.15,131.4,9.73,865603,9.73,9.73161,0.00718,0.15673,-0.00061,-0.37507,-0.35904,78.0912,16.93949,-17.40719,0,enoS1(1_parsed).csv
36.0782842960373,-79.0087544382284,9,1.22,131.4,9.69,866403,9.69,9.68854,-0.66042,0.57248,-0.06277,-0.45677,-0.02627,78.04736,18.86875,-17.12949,0,enoS1(1_parsed).csv
36.0782823473193,-79.0087546620047,9,1.22,131.7,9.63,866603,9.63,9.62991,0.07657,0.52343,-0.17119,0.0365,0.46762,76.51272,16.1064,-19.24876,0,enoS1(1_parsed).csv
36.0782795594406,-79.0087553379953,9,1.12,131.7,9.36,867403,9.36,9.36491,0.12203,0.74477,-0.13378,0.18662,-0.16173,77.22888,15.46332,-18.19643,0,enoS1(1_parsed).csv
36.0782773310023,-79.0087555617716,9,1.12,132.3,9.2,867603,9.2,9.19801,-0.2991,0.76391,-0.16341,-0.14936,0.28802,76.42502,14.95177,-19.76031,0,enoS1(1_parsed).csv
36.0782744289044,-79.0087564918415,9,1.3,132.3,9.39,868403,9.39,9.38704,0.49531,0.73819,-0.17883,0.53451,-0.47327,77.50658,12.33558,-18.21105,0,enoS1(1_parsed).csv
36.0782721911422,-79.0087573682984,9,1.3,132.5,9.24,868603,9.24,9.23809,-0.59163,0.33739,-0.17287,-0.15302,-0.03558,77.72581,13.06635,-17.96258,0,enoS1(1_parsed).csv
36.0782691958042,-79.0087591375291,9,1.24,132.5,9.36,869403,9.36,9.35893,0.01795,0.40857,-0.1605,0.59315,-0.39599,78.29582,10.17246,-17.52412,0,enoS1(1_parsed).csv
36.0782668648019,-79.008761039627,9,1.24,133.1,9.42,869603,9.42,9.41875,-0.35234,0.37747,-0.1854,-0.64477,0.42867,78.31043,10.18708,-16.51564,0,enoS1(1_parsed).csv
36.078263988345,-79.0087629603729,9,1.32,133.1,9.09,870403,9.09,9.08555,-0.04965,0.35174,-0.23289,0.67455,0.1263,78.48582,6.94241,-16.2964,0,enoS1(1_parsed).csv
36.0782618438228,-79.0087642750583,9,1.32,133.3,9.8,870603,9.8,9.80339,0.07238,0.7328,-0.13088,-0.75442,0.03497,77.50658,4.73546,-16.20871,0,enoS1(1_parsed).csv
36.078259009324,-79.0087661911422,9,1.31,133.3,8.94,871403,8.94,8.94377,-0.12502,0.20997,-0.05177,-0.18219,-0.14645,79.39199,3.58082,-12.33558,0,enoS1(1_parsed).csv
36.078257051282,-79.0087678694639,9,1.31,133.6,10.06,871603,10.06,10.05763,-0.11785,1.26162,-0.08796,-0.41508,0.21136,76.55656,3.61006,-18.88337,0,enoS1(1_parsed).csv
36.0782543356643,-79.0087699044289,9,1.27,133.6,9.16,872403,9.16,9.16092,-0.23091,0.41815,-0.08827,-0.7645,0.30253,78.44198,3.12774,-15.60947,0,enoS1(1_parsed).csv
36.0782522843823,-79.0087713123543,9,1.27,133.9,10.19,872603,10.19,10.18744,0.38405,1.27837,-0.07941,0.67837,-0.23396,76.80502,0.45308,-17.21719,0,enoS1(1_parsed).csv
36.0782494755245,-79.0087733006993,9,1.29,133.9,9.15,873403,9.15,9.14716,-0.18245,0.57069,-0.07712,-0.16738,-0.21869,78.74891,2.55773,-14.14791,0,enoS1(1_parsed).csv
36.0782474149184,-79.008774969697,9,1.29,134.2,9.85,873603,9.85,9.85484,-0.17707,0.71366,-0.12584,0.40928,-0.04459,78.25198,2.66004,-15.46332,0,enoS1(1_parsed).csv
36.0782444918415,-79.0087769370629,9,1.39,134.2,9.97,874403,9.97,9.97209,-0.27039,0.66162,-0.13683,-0.06674,0.23381,78.39812,0.58462,-14.54253,0,enoS1(1_parsed).csv
36.0782420675991,-79.0087783263403,9,1.39,134.4,9.24,874603,9.24,9.24347,0.0676,0.2997,-0.12004,0.04749,0.00519,78.61736,-1.18386,-12.29173,0,enoS1(1_parsed).csv
36.0782389324009,-79.008779967366,9,1.42,134.4,9.63,875403,9.63,9.62932,0.12144,0.62632,-0.11072,-0.18631,0.03528,77.87196,-2.39696,-12.23327,0,enoS1(1_parsed).csv
36.0782365920746,-79.0087808997669,9,1.42,134.6,9.26,875603,9.26,9.26322,-0.06102,0.83988,-0.11637,0.25198,-0.09652,78.07658,-2.42619,-11.94095,0,enoS1(1_parsed).csv
36.0782336480187,-79.0087825664335,9,1.5,134.6,9.81,876403,9.81,9.81356,0.44925,0.89611,-0.08537,0.55543,-0.29215,76.90733,-4.69161,-12.11634,0,enoS1(1_parsed).csv
36.0782313170163,-79.008784030303,9,1.5,134.4,9.19,876603,9.19,9.18664,-0.46062,0.03111,-0.09606,-0.05681,-0.19059,79.53815,-1.15463,-7.96551,0,enoS1(1_parsed).csv
36.0782283892774,-79.0087857435897,9,1.35,134.4,9.44,877403,9.44,9.44148,-0.64068,0.40499,-0.13103,-0.06246,0.55329,79.1143,-2.35311,-9.50015,0,enoS1(1_parsed).csv
36.0782265151515,-79.0087869370629,9,1.35,134.5,9.48,877603,9.48,9.47857,0.57308,0.76451,-0.06811,-0.33842,0.28054,76.83426,-6.70856,-10.81555,0,enoS1(1_parsed).csv
36.0782238717949,-79.0087886759907,9,1.43,134.5,9.46,878403,9.46,9.45763,0.42353,0.74836,-0.08384,0.46151,-0.19395,76.98042,-7.08857,-10.71324,0,enoS1(1_parsed).csv
36.0782217365967,-79.008789962704,9,1.43,134.9,9.43,878603,9.43,9.43311,-0.05862,0.68255,-0.04047,-0.28634,-0.35262,79.40661,-3.63929,-9.42707,0,enoS1(1_parsed).csv
36.0782188764569,-79.0087916503497,9,0.96,134.9,9.58,879403,9.58,9.57847,-2.95274,-2.0351,4.41029,-0.54474,0.51282,77.5358,29.04122,-15.30254,0,enoS1(1_parsed).csv
36.078217002331,-79.0087927785548,9,0.96,134.5,9.62,879603,9.62,9.62034,0.73161,-0.07298,3.49644,-0.91966,1.7851,79.8597,27.91582,-9.33937,0,enoS1(1_parsed).csv
36.0782142913753,-79.0087945547785,9,1.31,134.5,9.23,880403,9.23,9.23211,0.58564,-0.35952,2.76126,-0.98945,0.08644,76.41041,0.67232,26.36656,0,enoS1(1_parsed).csv
36.0782122121212,-79.0087958041958,9,1.31,134.9,9.53,880603,9.53,9.53301,0.08255,1.58465,2.44896,0.05467,-0.32941,79.88892,-5.42239,11.75095,0,enoS1(1_parsed).csv
36.078208988345,-79.0087980885781,9,1.05,134.9,9.05,881403,9.05,9.04726,-0.4654,0.78903,1.97997,0.23976,0.41294,78.71967,7.45396,-18.22567,0,enoS1(1_parsed).csv
36.0782062564102,-79.0088001864802,9,1.05,135.1,9.82,881603,9.82,9.82074,0.36371,0.53659,1.8888,0.05727,0.42134,77.24349,12.37942,-20.53493,0,enoS1(1_parsed).csv
36.0782028764569,-79.008803,9,1.61,135.1,9.67,882403,9.67,9.67179,0.18604,1.02772,1.41461,-0.18143,0.56642,78.74891,34.639,-2.00234,0,enoS1(1_parsed).csv
36.0782004708625,-79.0088054055944,9,1.61,135.7,9.43,882603,9.43,9.42952,0.30688,0.38166,1.3549,0.71929,-0.10904,79.27506,31.77434,8.00935,0,enoS1(1_parsed).csv
36.0781967435897,-79.0088084475524,9,1.74,135.7,9.82,883403,9.82,9.82433,0.17587,0.55155,1.1973,-0.46701,-0.16799,77.93044,16.88103,24.04268,0,enoS1(1_parsed).csv
36.0781935081585,-79.0088109557109,9,1.74,136.1,9.4,883603,9.4,9.4002,-0.32243,0.29671,1.06947,0.59972,-0.06674,77.65273,13.40251,26.39579,0,enoS1(1_parsed).csv
36.0781897179487,-79.0088139510489,9,1.44,136.1,9.73,884403,9.73,9.72742,-0.20698,0.80219,0.89996,0.59956,0.1208,78.23736,-5.26162,16.35487,0,enoS1(1_parsed).csv
36.078187004662,-79.0088160955711,9,1.44,136.1,9.25,884603,9.25,9.24946,0.19023,0.2339,0.94318,-0.26542,0.03604,77.25811,-8.94475,16.34025,0,enoS1(1_parsed).csv
36.0781831421912,-79.0088188111888,9,1.8,136.1,9.55,885403,9.55,9.54676,0.32961,0.61675,0.79458,-0.03726,-0.19028,77.60889,-10.91786,-0.4677,0,enoS1(1_parsed).csv
36.0781801585082,-79.0088206759907,9,1.8,136.6,9.68,885603,9.68,9.68375,-0.34098,0.57966,0.78038,0.14325,-0.16845,78.99737,-7.45396,-3.94621,0,enoS1(1_parsed).csv
36.0781762284382,-79.0088233240093,9,1.78,136.6,9.31,886403,9.31,9.30868,-0.16152,0.49771,0.70845,0.0197,-0.11011,78.60275,2.58696,-14.71792,0,enoS1(1_parsed).csv
36.0781731515152,-79.0088253566433,9,1.78,136.9,9.61,886603,9.61,9.61017,0.05264,0.33799,0.63118,0.03192,0.23442,77.91581,4.89623,-17.21719,0,enoS1(1_parsed).csv
36.0781693146853,-79.008828030303,9,1.7,136.9,9.19,887403,9.19,9.19203,0.05743,0.3009,0.54474,-0.09453,-0.00641,79.15814,15.78486,-16.20871,0,enoS1(1_parsed).csv
36.0781666853147,-79.008829969697,9,1.7,137.2,9.8,887603,9.8,9.80339,-0.03051,0.51864,0.5649,0.15485,-0.14508,77.72581,18.51798,-18.57644,0,enoS1(1_parsed).csv
36.0781628484849,-79.0088326433566,9,1.71,137.2,9.54,888403,9.54,9.54258,0.00419,0.41575,0.49679,0.0365,-0.00199,78.50043,27.11196,-14.38176,0,enoS1(1_parsed).csv
36.0781598554778,-79.0088348438228,9,1.71,137.8,9.4,888603,9.4,9.39781,-0.04726,0.65623,0.53527,-0.23396,-0.00367,77.49197,29.18737,-13.53405,0,enoS1(1_parsed).csv
36.0781559044289,-79.0088374498834,9,1.85,137.8,9.35,889403,9.35,9.34936,0.04666,0.65025,0.48961,0.50656,-0.07468,77.91581,34.1713,-4.82315,0,enoS1(1_parsed).csv
36.078152986014,-79.0088394452215,9,1.85,137.8,9.69,889603,9.69,9.69033,0.31346,0.61974,0.52916,-0.36744,-0.02382,77.59427,33.38205,-2.64543,0,enoS1(1_parsed).csv
36.0781489207459,-79.0088417552448,9,1.78,137.8,9.63,890403,9.63,9.62872,0.02034,0.67358,0.60873,-0.69333,-0.47189,77.34581,35.04823,6.56241,0,enoS1(1_parsed).csv
36.0781457226107,-79.0088433496503,9,1.78,138.1,9.6,890603,9.6,9.6024,-0.60658,0.72981,0.5058,0.41432,0.28512,76.79041,35.70593,9.00321,0,enoS1(1_parsed).csv
36.0781414242424,-79.0088452237762,9,1.75,138.1,9.57,891403,9.57,9.57189,-0.02213,0.50429,0.55283,-0.43998,0.34193,77.93044,26.99503,18.70798,0,enoS1(1_parsed).csv
36.078138039627,-79.0088460815851,9,1.75,138.6,9.6,891603,9.6,9.6012,0.26321,0.57488,0.52565,0.53191,-0.12889,77.78428,23.15112,19.67261,0,enoS1(1_parsed).csv
36.0781338135198,-79.0088475314685,9,1.81,138.6,9.23,892403,9.23,9.23091,0.05743,0.27876,0.51023,0.34071,-0.15745,76.95118,15.30254,24.86115,0,enoS1(1_parsed).csv
36.0781305314685,-79.0088484825175,9,1.81,138.8,9.95,892603,9.95,9.94936,-0.24287,0.55753,0.49618,-0.27397,0.04047,77.31657,14.41099,24.53961,0,enoS1(1_parsed).csv
36.0781264149184,-79.0088503310023,9,1.78,138.8,9.07,893403,9.07,9.07418,0.15852,0.00479,0.46701,-0.05498,-0.03848,76.73195,3.6539,25.40193,0,enoS1(1_parsed).csv
36.0781233473193,-79.0088520932401,9,1.78,138.8,9.81,893603,9.81,9.80639,-0.20638,0.60239,0.44746,-0.00015,-0.03757,77.68196,1.7831,21.48495,0,enoS1(1_parsed).csv
36.0781196923077,-79.0088543869464,9,1.84,138.8,9.68,894403,9.68,9.68316,-0.15613,0.45464,0.43738,0.06017,-0.00443,77.52119,-4.76469,17.14411,0,enoS1(1_parsed).csv
36.0781171188811,-79.0088563356643,9,1.84,139.2,9.32,894603,9.32,9.32423,0.17647,0.54317,0.43387,-0.10263,0.03665,76.81965,-7.23473,16.3841,0,enoS1(1_parsed).csv
36.0781139207459,-79.0088585571095,9,1.61,139.2,9.81,895403,9.81,9.80938,-0.36311,0.85783,0.43555,-0.17333,-0.1127,78.22274,-9.13476,6.76703,0,enoS1(1_parsed).csv
36.0781118414918,-79.0088601515151,9,1.61,139.3,9.38,895603,9.38,9.38345,0.00778,0.52762,0.41508,0.29825,0.12416,78.12044,-9.47091,5.70009,0,enoS1(1_parsed).csv
36.0781091048951,-79.0088619020979,9,1.57,139.3,9.55,896403,9.55,9.55155,-0.21117,0.61017,0.44792,0.04673,0.07743,77.60889,-8.69629,-2.64543,0,enoS1(1_parsed).csv
36.0781072400932,-79.0088627785548,9,1.57,139,9.34,896603,9.34,9.33859,0.0664,0.69691,0.45097,0.02306,0.07285,77.91581,-8.53552,-5.15931,0,enoS1(1_parsed).csv
36.0781046130536,-79.0088645547786,9,1.45,139,9.52,897403,9.52,9.52284,0.05324,0.48933,0.41371,0.28466,-0.04459,77.56504,-4.42853,-11.57556,0,enoS1(1_parsed).csv
36.0781027668998,-79.0088660559441,9,1.45,138.8,9.5,897603,9.5,9.5001,0.00359,0.64965,0.4218,-0.07941,-0.13317,77.52119,-2.82081,-12.39404,0,enoS1(1_parsed).csv
36.0781002331002,-79.0088682773893,9,1.36,138.8,9.58,898403,9.58,9.57548,-0.21954,0.12981,0.27336,0.34346,-0.00122,78.41275,3.72698,-15.6387,0,enoS1(1_parsed).csv
36.0780983869464,-79.0088700675991,9,1.36,138.8,9.43,898603,9.43,9.4337,0.34995,0.62094,0.24908,-0.16081,-0.06109,78.04736,4.72084,-16.16487,0,enoS1(1_parsed).csv
36.0780957599068,-79.0088723986014,9,1.4,138.8,9.67,899403,9.67,9.66581,0.23749,0.26022,0.13073,0.30497,0.01436,77.66735,8.3309,-18.43028,0,enoS1(1_parsed).csv
36.0780938111888,-79.0088744685315,9,1.4,138.8,9.09,899603,9.09,9.08615,-0.2656,0.44566,0.16677,-0.35812,0.00596,78.63198,10.37708,-16.96872,0,enoS1(1_parsed).csv
36.0780910955711,-79.0088768251748,9,1.47,138.8,9.37,900403,9.37,9.37388,0.11785,0.81416,0.06872,0.02123,0.02138,77.25811,11.28325,-19.46799,0,enoS1(1_parsed).csv
36.0780891188811,-79.0088786060606,9,1.47,139,9.53,900603,9.53,9.52762,-0.02572,0.5994,0.05238,-0.04078,0.04734,77.98889,11.95557,-19.17568,0,enoS1(1_parsed).csv
36.0780860815851,-79.0088805944056,9,1.5,139,9.24,901403,9.24,9.24108,-0.16271,0.46241,-0.0394,0.17486,0.00275,78.85121,13.3002,-17.42181,0,enoS1(1_parsed).csv
36.0780836200466,-79.0088818904429,9,1.5,139.4,9.86,901603,9.86,9.85783,0.08913,0.55513,-0.06567,-0.05971,-0.00107,77.57965,12.96405,-19.1026,0,enoS1(1_parsed).csv
36.0780801934732,-79.0088835361305,9,1.38,139.4,9.48,902403,9.48,9.48395,-0.23928,0.41456,-0.11973,-0.56551,0.32437,78.47121,12.61327,-18.06489,0,enoS1(1_parsed).csv
36.0780774242424,-79.0088845337995,9,1.38,139.3,9.73,902603,9.73,9.73161,0.32363,0.71186,-0.19319,0.66111,-0.12004,77.12657,11.25402,-20.33031,0,enoS1(1_parsed).csv
36.0780736293706,-79.0088857599068,9,1.52,139.3,9.82,903403,9.82,9.81656,-0.15852,0.68913,-0.16784,-0.09957,-0.05162,77.33119,9.70477,-20.71032,0,enoS1(1_parsed).csv
36.0780703939394,-79.0088864685315,9,1.52,139.5,9.26,903603,9.26,9.26322,-0.11904,0.71665,-0.1828,0.23717,0.03665,78.89507,9.33937,-17.59719,0,enoS1(1_parsed).csv
36.0780664592075,-79.0088877715618,9,1.54,139.5,9.57,904403,9.57,9.56591,0.04427,0.74716,-0.20983,0.07254,-0.10782,77.78428,5.7147,-18.18182,0,enoS1(1_parsed).csv
36.0780634102564,-79.0088886573427,9,1.54,139.7,9.58,904603,9.58,9.57787,-0.05982,0.52642,-0.23137,-0.02657,0.07559,78.31043,4.26776,-18.10874,0,enoS1(1_parsed).csv
36.0780597762238,-79.008890048951,9,1.65,139.7,9.79,905403,9.79,9.79442,0.37149,0.50429,-0.1967,-0.62446,0.02107,77.60889,-0.11692,-16.00409,0,enoS1(1_parsed).csv
36.078057034965,-79.0088911398601,9,1.65,140,9.6,905603,9.6,9.6012,-0.07178,0.60718,-0.28512,0.58536,-0.32956,77.88658,-0.19,-15.7264,0,enoS1(1_parsed).csv
36.0780538578089,-79.0088928065268,9,1.67,140,9.93,906403,9.93,9.92902,-0.31466,0.37747,-0.24755,-0.36011,-0.06613,77.94505,-3.55159,-12.1748,0,enoS1(1_parsed).csv
36.078051965035,-79.0088941958042,9,1.67,139.9,9.19,906603,9.19,9.18904,0.07956,0.67717,-0.29627,0.12721,0.14951,77.41888,-5.23239,-11.83864,0,enoS1(1_parsed).csv
36.0780493682984,-79.0088961375291,9,1.53,139.9,9.79,907403,9.79,9.78904,0.22134,0.81894,-0.30161,0.30421,0.06964,77.02426,-8.43321,-9.25168,0,enoS1(1_parsed).csv
36.0780476806527,-79.0088976480186,9,1.53,139.8,9.17,907603,9.17,9.17408,-0.03769,0.49771,-0.26008,0.04856,-0.18418,78.52967,-8.22859,-5.58316,0,enoS1(1_parsed).csv
36.0780450792541,-79.0088999114219,9,1.43,139.8,9.58,908403,9.58,9.58445,0.02094,0.52463,-0.4021,0.35812,0.02596,77.5358,-10.74247,-2.0608,0,enoS1(1_parsed).csv
36.0780432144522,-79.008901981352,9,1.43,139.1,9.48,908603,9.48,9.47737,0.05384,0.45165,-0.42883,-0.51175,0.21518,77.65273,-11.16633,-0.40924,0,enoS1(1_parsed).csv
36.0780404522145,-79.0089044055944,9,1.48,139.1,9.34,909403,9.34,9.34337,-0.34098,0.24168,-0.27687,-0.15134,0.45158,77.9012,-9.50015,7.48319,0,enoS1(1_parsed).csv
36.0780382144522,-79.0089063822844,9,1.48,139.3,9.68,909603,9.68,9.68435,0.13041,0.3655,-0.18234,-0.07147,-0.18066,76.92195,-11.53172,6.63549,0,enoS1(1_parsed).csv
36.0780350792541,-79.0089086713287,9,1.24,139.3,9.42,910403,9.42,9.42473,0.13519,0.58146,-0.20204,-0.2222,-0.3963,76.99503,-10.18708,11.06402,0,enoS1(1_parsed).csv
36.0780324685315,-79.0089101818182,9,1.24,139.5,9.66,910603,9.66,9.65683,-0.34756,0.82732,-0.25107,0.10889,-0.02642,78.63198,-7.62935,10.27477,0,enoS1(1_parsed).csv
36.0780293846154,-79.0089120979021,9,0.96,139.5,9.49,911403,9.49,9.48934,-0.32243,0.52702,-0.23763,0.22739,0.24206,78.01812,-6.03625,15.75563,0,enoS1(1_parsed).csv
36.0780271282051,-79.0089134965035,9,0.96,139.9,9.64,911603,9.64,9.64188,0.29372,0.2339,-0.21105,0.0533,0.10171,76.08887,-8.09705,16.80795,0,enoS1(1_parsed).csv
36.0780241118881,-79.0089151841492,9,1.06,139.9,9.69,912403,9.69,9.68734,0.04068,0.39601,-0.19319,-0.01023,-0.00076,77.30196,-5.37854,18.83952,0,enoS1(1_parsed).csv
36.0780217808858,-79.0089162004662,9,1.06,140.1,9.36,912603,9.36,9.36371,-0.02333,0.4343,-0.16845,-0.18616,-0.15104,77.34581,-4.13622,19.26337,0,enoS1(1_parsed).csv
36.0780189254079,-79.0089177995338,9,1.1,140.1,9.5,913403,9.5,9.50369,0.01854,0.62512,-0.17349,-0.04429,0.10385,77.93044,-2.36773,19.54107,0,enoS1(1_parsed).csv
36.078016967366,-79.0089188997669,9,1.1,140.3,9.44,913603,9.44,9.43789,0.16331,0.70409,-0.16218,0.0058,-0.11011,77.63812,-2.98158,19.48261,0,enoS1(1_parsed).csv
36.0780142727273,-79.0089205664336,9,1.01,140.3,9.51,914403,9.51,9.50788,-0.07478,0.56112,-0.17593,0.25717,-0.14798,78.38351,0.57001,21.36802,0,enoS1(1_parsed).csv
36.0780123240093,-79.0089218624708,9,1.01,140.3,9.46,914603,9.46,9.46481,-0.07597,0.51984,-0.19716,-0.00519,0.02413,76.98042,1.84157,21.4411,0,enoS1(1_parsed).csv
36.0780096759907,-79.0089236177156,9,1.1,140.3,9.64,915403,9.64,9.64128,-0.15494,0.4678,-0.19105,0.13546,-0.02947,77.22888,4.34084,23.91114,0,enoS1(1_parsed).csv
36.0780076433566,-79.008925016317,9,1.1,140.5,9.49,915603,9.49,9.48934,-0.02871,0.44387,-0.17226,-0.08002,0.11041,77.12657,4.48699,23.76498,0,enoS1(1_parsed).csv
36.078004969697,-79.0089270769231,9,1.13,140.5,9.54,916403,9.54,9.54018,0.04367,0.52104,-0.12095,-0.11606,-0.03207,76.98042,6.53318,24.11576,0,enoS1(1_parsed).csv
36.0780029463869,-79.0089287552448,9,1.13,140.7,9.52,916603,9.52,9.52403,0.07717,0.58863,-0.146,0.08583,-0.0646,77.40427,7.17626,23.25344,0,enoS1(1_parsed).csv
36.0780002937063,-79.0089308578088,9,1.38,140.7,9.53,917403,9.53,9.53061,0.07597,0.5007,-0.11744,0.0646,-0.12737,77.34581,8.78398,23.99883,0,enoS1(1_parsed).csv
36.0779983636364,-79.0089323776224,9,1.38,141,9.53,917603,9.53,9.52762,-0.17049,0.52044,-0.11393,0.00886,0.01374,77.60889,9.70477,23.79421,0,enoS1(1_parsed).csv
36.0779958764569,-79.0089344755245,9,1.21,141,9.53,918403,9.53,9.52583,0.01376,0.57488,-0.09881,0.0649,0.09224,77.46273,10.61093,24.58345,0,enoS1(1_parsed).csv
36.077994039627,-79.0089360979021,9,1.21,141.1,9.49,918603,9.49,9.48874,0.04068,0.37268,-0.0536,-0.10873,-0.07712,77.36042,11.10786,23.94037,0,enoS1(1_parsed).csv
36.0779915734266,-79.0089383822844,9,1.25,141.1,9.37,919403,9.37,9.37328,-0.1328,0.47797,-0.04246,0.02841,-0.03589,76.98042,12.54019,24.48115,0,enoS1(1_parsed).csv
36.0779899137529,-79.0089401072261,9,1.25,141,9.62,919603,9.62,9.62154,0.15194,0.59282,-0.02749,0.02886,-0.01634,77.52119,11.95557,24.2473,0,enoS1(1_parsed).csv
36.0779873799534,-79.0089425990676,9,1.37,141,9.63,920403,9.63,9.62752,-0.11246,0.71366,0.00947,0.03665,0.01145,78.03274,12.43788,23.85267,0,enoS1(1_parsed).csv
36.0779852634033,-79.0089446969697,9,1.37,141.1,9.35,920603,9.35,9.35235,0.08913,0.41695,0.02016,-0.05834,0.00107,77.25811,11.48787,24.04268,0,enoS1(1_parsed).csv
36.0779824965035,-79.0089473030303,9,1.48,141.1,9.44,921403,9.44,9.44387,0.01974,0.54855,0.00901,0.28986,0.02841,77.85735,10.304,23.34113,0,enoS1(1_parsed).csv
36.0779801188811,-79.0089493170163,9,1.48,141,9.55,921603,9.55,9.54676,-0.1005,0.55633,0.02306,-0.13729,0.00229,77.34581,10.3917,24.11576,0,enoS1(1_parsed).csv
36.0779774405594,-79.0089518298368,9,1.57,141,9.55,922403,9.55,9.54796,-0.18126,0.43968,0.00626,0.05498,0.03406,77.12657,9.60246,24.61269,0,enoS1(1_parsed).csv
36.0779757062937,-79.0089537412587,9,1.57,141.1,9.48,922603,9.48,9.47558,0.07358,0.44207,0.00733,-0.0843,-0.03222,77.49197,9.10552,24.55422,0,enoS1(1_parsed).csv
36.0779734009324,-79.0089561655012,9,1.4,141.1,9.47,923403,9.47,9.47199,-0.08973,0.51565,0.02489,0.09423,-0.08583,78.19351,8.88629,23.06343,0,enoS1(1_parsed).csv
36.077972020979,-79.008958048951,9,1.4,141.1,9.58,923603,9.58,9.58445,-0.03948,0.80279,0.011,-0.25763,0.22419,78.03274,7.81935,23.61882,0,enoS1(1_parsed).csv
36.0779698857809,-79.0089601515151,9,1.15,141.1,9.62,924403,9.62,9.62094,0.22193,0.62453,0.02077,-0.37293,0.0339,78.80737,7.1178,23.51652,0,enoS1(1_parsed).csv
36.0779682261072,-79.0089613822844,9,1.15,140.6,9.42,924603,9.42,9.41935,-0.12443,0.51685,-0.00061,0.36789,-0.15562,77.37504,8.0532,24.91961,0,enoS1(1_parsed).csv
36.0779655734266,-79.0089631375291,9,1.25,140.6,9.75,925403,9.75,9.74896,-0.08614,0.6676,0.03176,-0.08277,-0.00993,78.19351,7.5855,22.58112,0,enoS1(1_parsed).csv
36.0779631958042,-79.0089643496503,9,1.25,140.5,9.41,925603,9.41,9.41097,-0.05683,0.3667,0.00611,0.35033,0.11026,77.18504,7.00088,25.51886,0,enoS1(1_parsed).csv
36.0779601911422,-79.008966037296,9,1.39,140.5,9.52,926403,9.52,9.52104,0.17348,0.27817,0.05299,0.19258,-0.1825,77.33119,4.7793,24.08652,0,enoS1(1_parsed).csv
36.0779577202797,-79.0089671561771,9,1.39,140.7,9.57,926603,9.57,9.56591,-0.18963,0.49232,0.02932,-0.19884,0.03558,78.01812,5.23239,23.44344,0,enoS1(1_parsed).csv
36.0779550932401,-79.0089689370629,9,1.15,140.7,9.54,927403,9.54,9.54317,-0.02393,0.61316,0.03161,-0.30253,0.08415,78.14967,4.3116,23.3119,0,enoS1(1_parsed).csv
36.0779533496503,-79.0089704195804,9,1.15,140.7,9.49,927603,9.49,9.49173,0.04367,0.67777,0.02657,0.12691,-0.01038,78.07658,3.59544,22.69804,0,enoS1(1_parsed).csv
36.0779512097902,-79.0089724335664,9,1.14,140.7,9.39,928403,9.39,9.39243,0.26082,0.62871,0.03726,0.12217,-0.09942,78.38351,1.75387,22.39111,0,enoS1(1_parsed).csv
36.077950025641,-79.008974018648,9,1.14,140.4,9.67,928603,9.67,9.67358,-0.31346,0.54796,0.02963,0.07468,-0.00168,77.9012,3.15697,22.81497,0,enoS1(1_parsed).csv
36.0779478811189,-79.008975981352,9,1.16,140.4,9.61,929403,9.61,9.61017,-0.0652,0.38883,0.04811,-0.10461,-0.10186,77.7112,1.52002,23.0342,0,enoS1(1_parsed).csv
36.0779461655012,-79.0089775664336,9,1.16,140.6,9.48,929603,9.48,9.47917,-0.17468,0.54915,0.02428,-0.0171,0.13989,78.03274,1.54925,22.58112,0,enoS1(1_parsed).csv
36.0779437412587,-79.0089795804196,9,1.24,140.6,9.57,930403,9.57,9.57488,0.12024,0.63829,0.01939,0.10858,0.02367,77.56504,-0.4677,21.13417,0,enoS1(1_parsed).csv
36.0779418298368,-79.0089810629371,9,1.24,140.7,9.48,930603,9.48,9.47737,0.04008,0.51924,0.0391,-0.12645,-0.09194,78.23736,-0.64309,21.9088,0,enoS1(1_parsed).csv
36.0779393170163,-79.0089828438228,9,1.32,140.7,9.3,931403,9.3,9.29552,-0.09511,0.36132,0.02993,0.05024,-0.07361,76.95118,-0.80386,22.31804,0,enoS1(1_parsed).csv
36.0779371351981,-79.00898404662,9,1.32,140.7,9.8,931603,9.8,9.80459,-0.08554,0.63051,0.02092,-0.18158,0.10431,77.79889,-2.10465,20.06723,0,enoS1(1_parsed).csv
36.0779345710956,-79.0089857132867,9,1,140.7,9.4,932403,9.4,9.39542,0.09691,0.37388,0.05131,-0.31811,-0.02627,77.7112,-2.54312,21.28033,0,enoS1(1_parsed).csv
36.0779327622378,-79.0089869067599,9,1,140.8,9.8,932603,9.8,9.8016,-0.14656,0.79681,0.00122,0.16203,0.08506,77.49197,-3.37621,19.04414,0,enoS1(1_parsed).csv
36.0779305710956,-79.0089884801865,9,1.22,140.8,9.47,933403,9.47,9.469,0.10648,0.66939,0.05055,-0.22388,0.07559,77.57965,-3.87314,20.40339,0,enoS1(1_parsed).csv
36.0779290512821,-79.0089897482518,9,1.22,140.8,9.58,933603,9.58,9.57787,0.01615,0.57308,0.05589,0.26618,-0.1408,78.13505,-3.82929,19.23414,0,enoS1(1_parsed).csv
36.077927041958,-79.0089913986014,9,0.9,140.8,9.47,934403,9.47,9.46541,-0.12383,0.47139,0.06216,0.17669,-0.06063,77.85735,-4.07775,18.19643,0,enoS1(1_parsed).csv
36.0779256340326,-79.0089924801865,9,0.9,140.6,9.63,934603,9.63,9.62872,-0.07657,0.39302,0.08491,-0.1266,0.06261,78.22274,-4.51622,18.15259,0,enoS1(1_parsed).csv
36.0779238321678,-79.0089938927739,9,1.12,140.6,9.53,935403,9.53,9.53301,0.18544,0.32423,0.0956,-0.05925,-0.00901,77.5358,-7.27857,16.98334,0,enoS1(1_parsed).csv
36.0779227039627,-79.0089948904429,8,1.12,140.6,9.55,935603,9.55,9.54557,-0.12562,0.71545,0.09026,-0.0307,-0.01008,77.69658,-7.35165,16.26717,0,enoS1(1_parsed).csv
36.0779208298368,-79.0089963496503,8,0.82,140.6,9.45,936403,9.45,9.45285,-0.10349,0.52164,0.08598,0.06582,-0.01115,77.9012,-7.93628,14.22099,0,enoS1(1_parsed).csv
36.0779192540792,-79.0089974405594,8,0.82,140.4,9.53,936603,9.53,9.5336,-0.0347,0.70528,0.11438,-0.15928,0.0701,78.10582,-7.73166,12.71558,0,enoS1(1_parsed).csv
36.0779173589744,-79.008999039627,8,1.14,140.4,9.26,937403,9.26,9.25903,0.03529,0.52164,0.11316,0.1321,-0.00657,78.70506,-9.39784,11.5171,0,enoS1(1_parsed).csv
36.0779161282051,-79.0090003170163,8,1.14,140.3,9.74,937603,9.74,9.73939,-0.04307,0.59402,0.13515,-0.04612,-0.07071,77.78428,-9.74861,10.05554,0,enoS1(1_parsed).csv
36.0779141655012,-79.0090021491841,8,1.22,140.3,9.52,938403,9.52,9.51865,-0.00718,0.37687,0.14462,-0.03848,-0.0898,78.10582,-10.14323,8.57936,0,enoS1(1_parsed).csv
36.0779124778555,-79.0090036223776,8,1.22,140.2,9.61,938603,9.61,9.60838,-0.1651,0.53779,0.1463,-0.01497,-0.01084,77.52119,-9.88015,6.7378,0,enoS1(1_parsed).csv
36.0779102820513,-79.0090053776224,8,1.23,140.2,9.64,939403,9.64,9.63709,-0.12443,0.54257,0.14645,-0.13653,0.02718,77.47735,-10.33324,4.15083,0,enoS1(1_parsed).csv
36.0779086689977,-79.0090065990676,9,1.23,140,9.51,939603,9.51,9.51386,-0.0317,0.5659,0.13179,0.09102,0.12721,78.16428,-10.24554,3.71236,0,enoS1(1_parsed).csv
36.0779064778555,-79.0090084941725,9,1.23,140,9.52,940403,9.52,9.51745,0.03111,0.58744,0.15119,0.0507,0.02749,77.52119,-10.53785,0.05846,0,enoS1(1_parsed).csv
36.0779047622378,-79.009009995338,9,1.23,139.9,9.46,940603,9.46,9.46002,-0.0329,0.48814,0.16738,0.06048,-0.09178,78.07658,-9.4563,-1.1254,0,enoS1(1_parsed).csv
36.0779023846154,-79.0090120979021,9,1.31,139.9,9.71,941403,9.71,9.70649,-0.04427,0.53001,0.17135,0.06597,-0.03711,77.94505,-8.78398,-4.53084,0,enoS1(1_parsed).csv
36.0779006503496,-79.0090138787879,9,1.31,139.9,9.42,941603,9.42,9.41636,-0.01256,0.53659,0.16539,0.05956,0.01558,78.32505,-8.0532,-4.38468,0,enoS1(1_parsed).csv
36.0778982564103,-79.0090161212121,9,1.33,139.9,9.54,942403,9.54,9.53899,0.08554,0.50489,0.19258,-0.06093,-0.06002,77.81351,-7.05934,-7.57089,0,enoS1(1_parsed).csv
36.0778964941725,-79.0090179020979,9,1.33,140.2,9.57,942603,9.57,9.57129,-0.1322,0.52403,0.18066,0.0139,-0.03253,78.29582,-5.58316,-7.87781,0,enoS1(1_parsed).csv
36.0778937062937,-79.009020004662,9,1.29,140.2,9.38,943403,9.38,9.38046,-0.08315,0.54736,0.1686,-0.10843,0.06277,77.82812,-3.15697,-11.60479,0,enoS1(1_parsed).csv
36.0778914592075,-79.0090215058275,9,1.29,140.3,9.71,943603,9.71,9.71247,0.13639,0.80518,0.16982,0.03421,-0.02779,77.34581,-2.57235,-13.69483,0,enoS1(1_parsed).csv
36.0778883543123,-79.0090234009324,9,1.38,140.3,9.63,944403,9.63,9.63171,0.01675,0.64487,0.17333,-0.01252,-0.03558,77.84274,-0.39462,-14.89331,0,enoS1(1_parsed).csv
36.0778857156177,-79.0090247062937,9,1.38,140.6,9.51,944603,9.51,9.50609,-0.10289,0.31525,0.15149,0.20097,-0.03589,78.22274,0.9354,-13.63636,0,enoS1(1_parsed).csv
36.0778821911422,-79.0090264405594,9,1.48,140.6,9.62,945403,9.62,9.62034,-0.10409,0.56172,0.14997,0.03176,-0.07315,78.14967,4.47238,-16.45718,0,enoS1(1_parsed).csv
36.077879020979,-79.0090277272727,9,1.48,140.8,9.52,945603,9.52,9.52104,0.05743,0.59282,0.13439,-0.02214,0.08323,78.16428,4.00468,-16.93949,0,enoS1(1_parsed).csv
36.0778756317016,-79.0090294195804,9,1.36,140.8,9.54,946403,9.54,9.54497,0.07238,0.52822,0.14126,-0.06536,0.00351,77.72581,7.1178,-17.39258,0,enoS1(1_parsed).csv
36.0778733006993,-79.0090306876457,9,1.36,141,9.51,946603,9.51,9.50609,-0.03529,0.45583,0.13515,0.09667,-0.08903,77.9012,8.62321,-17.67027,0,enoS1(1_parsed).csv
36.0778706060606,-79.0090322191142,9,1.23,141,9.67,947403,9.67,9.6694,-0.01196,0.73699,0.14386,-0.04811,-0.0307,77.63812,12.24788,-20.038,0,enoS1(1_parsed).csv
36.0778687785548,-79.0090331235431,9,1.23,141.2,9.47,947603,9.47,9.4666,-0.0652,0.466,0.14126,0.28314,-0.01848,78.5589,11.85326,-16.7641,0,enoS1(1_parsed).csv
36.0778667272727,-79.0090344895105,9,0.96,141.2,9.69,948403,9.69,9.69213,-0.07717,0.35234,0.16264,-0.12737,-0.02718,77.72581,15.27331,-17.59719,0,enoS1(1_parsed).csv
36.0778656736597,-79.0090354871795,9,0.96,141.1,9.47,948603,9.47,9.4696,-0.01974,0.57009,0.13897,0.05483,0.0449,77.36042,16.09179,-18.45951,0,enoS1(1_parsed).csv
36.077864032634,-79.009036993007,9,0.98,141.1,9.6,949403,9.6,9.59761,0.15374,0.72921,0.16173,-0.19792,-0.01145,77.68196,19.54107,-19.1026,0,enoS1(1_parsed).csv
36.0778631002331,-79.0090383449883,9,0.98,141.4,9.42,949603,9.42,9.42473,0.01795,0.6335,0.13179,0.12981,-0.03818,77.46273,19.80415,-18.47413,0,enoS1(1_parsed).csv
36.0778614335664,-79.009040041958,9,1.04,141.4,9.61,950403,9.61,9.61197,0.11366,0.63529,0.13867,0.07514,-0.20006,77.60889,22.12803,-17.59719,0,enoS1(1_parsed).csv
36.0778601375291,-79.0090413846154,9,1.04,141.6,9.6,950603,9.6,9.59761,-0.17049,0.466,0.09652,0.27901,-0.00855,78.17889,23.80883,-16.32564,0,enoS1(1_parsed).csv
36.0778583822844,-79.0090428951049,9,1.04,141.6,9.69,951403,9.69,9.68674,0.0341,0.47498,0.0843,0.11668,-0.05085,77.74043,25.81116,-16.20871,0,enoS1(1_parsed).csv
36.0778568997669,-79.0090442937063,9,1.04,142.1,9.39,951603,9.39,9.38824,-0.12144,0.57488,0.07804,-0.00962,0.05284,78.25198,25.27039,-15.02485,0,enoS1(1_parsed).csv
36.0778548601399,-79.0090453473193,9,1.04,142.1,9.55,952403,9.55,9.55334,0.04845,0.52642,0.03635,0.0846,-0.14951,78.25198,27.46273,-14.67407,0,enoS1(1_parsed).csv
36.0778532843823,-79.0090457016317,9,1.04,142.3,9.49,952603,9.49,9.48754,-0.19681,0.68195,0.01634,-0.13286,0.14676,77.60889,27.36042,-14.35253,0,enoS1(1_parsed).csv
36.0778513426573,-79.009046018648,9,0.9,142.3,9.51,953403,9.51,9.50908,0.05683,0.61854,0.01787,0.01619,0.15791,77.94505,28.17889,-13.18328,0,enoS1(1_parsed).csv
36.077850018648,-79.009046037296,9,0.9,142.6,9.52,953603,9.52,9.52463,0.14776,0.48814,0.01558,-0.07926,-0.07346,78.57352,27.19965,-11.78018,0,enoS1(1_parsed).csv
36.0778481282051,-79.0090459230769,9,0.69,142.6,9.38,954403,9.38,9.37687,0.13938,0.21535,-0.01695,-0.12462,-0.16707,78.06197,27.76966,-11.16633,0,enoS1(1_parsed).csv
36.0778465337995,-79.0090454475524,9,0.69,142.6,9.71,954603,9.71,9.71007,-0.25663,0.67178,-0.04246,-0.01313,-0.01848,77.43349,28.92429,-13.68021,0,enoS1(1_parsed).csv
36.0778444522144,-79.0090448461538,9,0.84,142.6,9.6,955403,9.6,9.60001,-0.15075,0.61854,-0.05085,-0.32254,0.02184,77.87196,28.6466,-13.95791,0,enoS1(1_parsed).csv
36.0778427832168,-79.0090439137529,9,0.84,142.7,9.49,955603,9.49,9.49472,0.10169,0.75135,-0.09423,0.26176,0.11148,77.46273,27.30196,-14.64484,0,enoS1(1_parsed).csv
36.0778406969697,-79.0090434988345,9,0.79,142.7,9.59,956403,9.59,9.58565,0.16211,0.69392,-0.06277,-0.0759,-0.03558,78.16428,26.35194,-14.86407,0,enoS1(1_parsed).csv
36.07783904662,-79.0090434801865,9,0.79,143.2,9.51,956603,9.51,9.50908,-0.07956,0.44686,-0.07651,0.26802,-0.15653,78.33967,27.11196,-14.13329,0,enoS1(1_parsed).csv
36.0778373799534,-79.0090434801865,9,0.91,143.2,9.66,957403,9.66,9.65504,-0.12981,0.35354,-0.08262,-0.04444,-0.04016,78.20812,26.61502,-14.64484,0,enoS1(1_parsed).csv
36.0778363822844,-79.0090435827506,9,0.91,143.2,9.44,957603,9.44,9.43969,-0.11007,0.6664,-0.08354,0.06735,0.14371,78.31043,25.76732,-15.20023,0,enoS1(1_parsed).csv
36.0778351771562,-79.00904397669,9,0.91,143.2,9.62,958403,9.62,9.62154,0.0682,0.73161,-0.08827,0.19258,0.10232,78.23736,24.72961,-16.28179,0,enoS1(1_parsed).csv
36.0778345710956,-79.0090443869464,9,0.91,143,9.41,958603,9.41,9.40978,0.06281,0.37208,-0.05421,0.00901,-0.17135,78.41275,24.77346,-14.30868,0,enoS1(1_parsed).csv
36.0778334289044,-79.0090449324009,9,0.82,143,9.52,959403,9.52,9.52224,-0.1328,0.6341,-0.06826,0.05834,-0.14905,77.68196,24.99269,-15.55101,0,enoS1(1_parsed).csv
36.0778328228438,-79.0090454731935,9,0.82,142.7,9.53,959603,9.53,9.52762,-0.11067,0.41336,-0.08308,-0.00473,0.06918,77.87196,25.15346,-16.06256,0,enoS1(1_parsed).csv
36.0778316177156,-79.0090462470862,9,1,142.7,9.58,960403,9.58,9.58385,-0.07537,0.6,-0.11713,0.03696,-0.05986,77.66735,24.40807,-17.11488,0,enoS1(1_parsed).csv
36.0778305361305,-79.0090468997669,9,1,142.5,9.51,960603,9.51,9.50908,0.01436,0.71964,-0.08323,-0.01909,0.10201,78.41275,23.09266,-17.07103,0,enoS1(1_parsed).csv
36.0778288904429,-79.00904804662,9,1.08,142.5,9.32,961403,9.32,9.32004,0.04546,0.48455,-0.10156,0.24038,0.03176,78.20812,22.74189,-17.74335,0,enoS1(1_parsed).csv
36.0778274265734,-79.0090491655012,9,1.08,142.2,9.7,961603,9.7,9.69871,0.05743,0.58744,-0.08384,0.00473,-0.06124,77.9012,22.12803,-16.7641,0,enoS1(1_parsed).csv
36.0778254801865,-79.0090504475524,9,1.21,142.2,9.45,962403,9.45,9.45165,-0.08794,0.37986,-0.09575,-0.05376,-0.0704,78.22274,21.67495,-17.0418,0,enoS1(1_parsed).csv
36.0778238205128,-79.0090514918415,9,1.21,142.2,9.67,962603,9.67,9.6682,-0.09751,0.63829,-0.11759,0.10415,0.07285,77.52119,21.04648,-17.6995,0,enoS1(1_parsed).csv
36.0778218065268,-79.0090526550116,9,1.01,142.2,9.5,963403,9.5,9.5013,-0.00598,0.43011,-0.09713,0.11698,0.10018,78.20812,19.54107,-17.29027,0,enoS1(1_parsed).csv
36.0778203146853,-79.0090535128205,9,1.01,142.1,9.51,963603,9.51,9.50549,0.10528,0.5665,-0.06536,-0.20601,-0.12309,78.0912,18.98568,-17.20257,0,enoS1(1_parsed).csv
36.0778185384615,-79.0090546340326,9,1.02,142.1,9.59,964403,9.59,9.58684,-0.01795,0.62453,-0.07911,-0.04368,-0.19502,77.68196,18.41567,-18.98568,0,enoS1(1_parsed).csv
36.0778173170163,-79.0090554731935,9,1.02,141.9,9.46,964603,9.46,9.45943,-0.26022,0.45763,-0.10201,0.16112,0.13179,78.20812,18.62029,-17.88951,0,enoS1(1_parsed).csv
36.0778154428904,-79.0090564335664,9,1.02,141.9,9.51,965403,9.51,9.51446,0.04187,0.38345,-0.04551,0.00092,0.15134,77.74043,17.02718,-17.94797,0,enoS1(1_parsed).csv
36.077814044289,-79.009056993007,9,1.02,141.7,9.55,965603,9.55,9.54916,0.15015,0.49771,-0.04246,-0.0533,-0.09071,77.95966,16.12102,-18.02105,0,enoS1(1_parsed).csv
36.0778121025641,-79.0090577668998,9,1.06,141.7,9.5,966403,9.5,9.50489,-0.01675,0.48455,-0.02398,0.00748,-0.12309,77.81351,16.69103,-18.50336,0,enoS1(1_parsed).csv
36.0778105174825,-79.0090583170163,9,1.06,141.7,9.51,966603,9.51,9.50848,-0.14656,0.43071,-0.031,0.04566,-0.03742,77.7112,16.96872,-17.67027,0,enoS1(1_parsed).csv
36.0778084825175,-79.00905906993,9,1,141.7,9.62,967403,9.62,9.62274,-0.02572,0.50608,-0.02413,-0.1463,0.05269,77.50658,16.77872,-18.28413,0,enoS1(1_parsed).csv
36.077806981352,-79.0090595268065,9,1,141.8,9.51,967603,9.51,9.50668,0.05324,0.49651,-0.02902,0.19685,-0.05009,77.40427,16.72026,-18.15259,0,enoS1(1_parsed).csv
36.077805018648,-79.0090603263403,9,0.96,141.8,9.61,968403,9.61,9.61197,-0.02273,0.54257,-0.00764,0.16585,-0.01741,77.6235,17.24642,-18.86875,0,enoS1(1_parsed).csv
36.0778036013986,-79.009060969697,9,0.96,141.7,9.39,968603,9.39,9.38764,0.07597,0.4337,-0.00428,-0.09377,0.01298,78.13505,17.45104,-17.39258,0,enoS1(1_parsed).csv
36.0778015454545,-79.0090618834499,9,1.1,141.7,9.4,969403,9.4,9.40439,0.05324,0.42293,0.02169,-0.17394,-0.14096,77.47735,17.58258,-18.13797,0,enoS1(1_parsed).csv
36.0777998578088,-79.0090627132867,9,1.1,141.6,9.62,969603,9.62,9.62333,-0.11665,0.75194,-0.02291,0.13851,0.02825,77.43349,18.32797,-21.04648,0,enoS1(1_parsed).csv
36.0777977552448,-79.0090636736597,9,1.1,141.6,9.54,970403,9.54,9.54078,-0.05803,0.52044,-0.0223,0.12095,0.1066,78.00351,17.58258,-19.05876,0,enoS1(1_parsed).csv
36.0777961608392,-79.0090644102564,9,1.1,141.6,9.53,970603,9.53,9.52583,0.13759,0.34636,-0.01466,0.01787,-0.03131,78.25198,17.2318,-17.62642,0,enoS1(1_parsed).csv
36.0777940792541,-79.0090653496504,9,1.07,141.6,9.56,971403,9.56,9.55514,0.05324,0.42652,-0.03054,-0.20846,-0.05299,78.16428,18.09412,-18.95645,0,enoS1(1_parsed).csv
36.0777927459207,-79.0090662447552,9,1.07,141.5,9.48,971603,9.48,9.47917,-0.07418,0.6329,-0.07651,0.01481,-0.08919,77.75504,18.4449,-19.11722,0,enoS1(1_parsed).csv
36.0777907878788,-79.0090669557109,9,0.98,141.5,9.57,972403,9.57,9.57488,-0.04786,0.76989,-0.04627,-0.03222,0.073,77.03888,17.96258,-19.54107,0,enoS1(1_parsed).csv
36.0777893426573,-79.0090671142191,9,0.98,141.5,9.48,972603,9.48,9.47558,0.067,0.52642,-0.04581,0.19807,0.02535,78.63198,17.34873,-17.58258,0,enoS1(1_parsed).csv
36.0777870839161,-79.0090674055944,9,1,141.5,9.61,973403,9.61,9.61137,0.11007,0.56172,-0.04383,0.2135,-0.011,77.76966,16.31102,-18.31336,0,enoS1(1_parsed).csv
36.0777853403263,-79.0090676293706,9,1,141.5,9.47,973603,9.47,9.4666,-0.06042,0.42473,-0.02505,-0.02169,-0.08262,78.29582,17.71412,-17.48027,0,enoS1(1_parsed).csv
36.0777826200466,-79.0090679044289,9,1.31,141.5,9.65,974403,9.65,9.64846,-0.12562,0.59581,-0.03543,-0.01573,-0.0223,77.76966,17.64104,-19.08799,0,enoS1(1_parsed).csv
36.0777802144522,-79.0090679324009,9,1.31,141.9,9.46,974603,9.46,9.45584,0.02572,0.55513,-0.03253,-0.0252,0.04551,77.31657,16.67641,-19.08799,0,enoS1(1_parsed).csv
36.0777770792541,-79.0090680675991,9,1.28,141.9,9.54,975403,9.54,9.54497,0.00239,0.58564,-0.00382,0.04566,0.03543,77.81351,16.54487,-18.54721,0,enoS1(1_parsed).csv
36.0777743846154,-79.0090680955711,9,1.28,141.8,9.56,975603,9.56,9.55634,0.06939,0.47916,0.01466,-0.02673,-0.08919,77.6235,16.88103,-18.85414,0,enoS1(1_parsed).csv
36.0777713216783,-79.0090683706294,9,1.32,141.8,9.56,976403,9.56,9.56471,-0.03051,0.65384,-0.00214,0.19655,-0.00993,77.36042,17.88951,-18.48874,0,enoS1(1_parsed).csv
36.0777690839161,-79.0090686783217,9,1.32,142.3,9.54,976603,9.54,9.5354,0.05862,0.47139,0.00473,-0.02871,0.00702,77.93044,18.34259,-18.47413,0,enoS1(1_parsed).csv
36.0777662494172,-79.0090689487179,9,1.25,142.3,9.61,977403,9.61,9.61017,0.1005,0.54018,0.00794,-0.12233,0.00199,78.04736,17.88951,-18.64952,0,enoS1(1_parsed).csv
36.0777643006993,-79.009069004662,9,1.25,142.4,9.47,977603,9.47,9.4666,-0.04965,0.66401,-0.00779,0.09285,-0.05177,77.43349,18.09412,-18.76644,0,enoS1(1_parsed).csv
36.0777617925408,-79.0090695547785,9,1.14,142.4,9.55,978403,9.55,9.54916,0.01436,0.62154,-0.00932,-0.011,0.03894,77.40427,18.97106,-18.06489,0,enoS1(1_parsed).csv
36.0777601235431,-79.0090703379953,9,1.14,142.4,9.5,978603,9.5,9.49891,0.02752,0.55872,-0.00367,0.11958,-0.07101,77.78428,19.11722,-17.80181,0,enoS1(1_parsed).csv
36.0777576363636,-79.009071048951,9,1.14,142.4,9.64,979403,9.64,9.64307,-0.03051,0.64786,0.00046,0.14569,-0.03879,77.7112,19.55569,-18.06489,0,enoS1(1_parsed).csv
36.0777557062937,-79.0090715710955,9,1.14,142.3,9.47,979603,9.47,9.47019,-0.00239,0.47198,0.01069,-0.00519,-0.011,77.82812,20.35954,-18.54721,0,enoS1(1_parsed).csv
36.077753053613,-79.0090721888112,9,1.37,142.3,9.51,980403,9.51,9.51446,0.01316,0.41934,0.01894,-0.08125,0.00412,78.69044,20.33031,-16.98334,0,enoS1(1_parsed).csv
36.077751030303,-79.0090726177156,9,1.37,142.3,9.52,980603,9.52,9.51506,-0.02213,0.60359,0.0255,-0.03665,-0.03299,77.50658,20.5934,-17.6995,0,enoS1(1_parsed).csv
36.0777483566433,-79.0090731421911,9,1.16,142.3,9.47,981403,9.47,9.47019,-0.07777,0.57368,0.02611,-0.09606,0.02062,77.38965,21.77726,-17.3195,0,enoS1(1_parsed).csv
36.0777463240093,-79.0090736456876,9,1.16,142.5,9.61,981603,9.61,9.60778,0.05025,0.59163,0.00825,0.16035,0.05895,77.85735,21.10494,-18.15259,0,enoS1(1_parsed).csv
36.0777436759907,-79.009074034965,9,1.15,142.5,9.57,982403,9.57,9.56591,0.08016,0.51446,0.02841,-0.09026,-0.05253,78.01812,22.23034,-15.53639,0,enoS1(1_parsed).csv
36.0777418111888,-79.0090742400932,9,1.15,142.6,9.63,982603,9.63,9.6335,-0.09153,0.55872,0.01924,0.13622,-0.06842,77.76966,22.97574,-16.80795,0,enoS1(1_parsed).csv
36.0777390955711,-79.0090744265734,9,1.25,142.6,9.52,983403,9.52,9.51685,-0.09272,0.43609,0.0255,0.07437,0.00046,78.03274,23.51652,-16.89565,0,enoS1(1_parsed).csv
36.0777369510489,-79.0090744265734,9,1.25,142.6,9.6,983603,9.6,9.59761,0.04247,0.55214,0.0139,-0.0336,0.09774,77.75504,23.39959,-15.98948,0,enoS1(1_parsed).csv
36.077733955711,-79.0090742400932,9,1.45,142.6,9.61,984403,9.61,9.60599,0.06999,0.61496,0.03344,-0.1492,0.04291,78.13505,24.48115,-16.51564,0,enoS1(1_parsed).csv
36.0777315314685,-79.0090739510489,9,1.45,142.6,9.47,984603,9.47,9.47139,0.0987,0.54616,0.02932,0.13134,-0.09972,78.42736,24.40807,-15.74101,0,enoS1(1_parsed).csv
36.0777284685315,-79.0090735827506,9,1.31,142.6,9.57,985403,9.57,9.57368,-0.01496,0.58505,0.03283,0.01939,-0.04643,77.49197,25.50424,-15.53639,0,enoS1(1_parsed).csv
36.0777261282051,-79.0090731818182,9,1.31,142.6,9.48,985603,9.48,9.47677,-0.00239,0.50728,0.03528,-0.00412,-0.01848,77.93044,26.41041,-15.22947,0,enoS1(1_parsed).csv
36.0777231118881,-79.0090728181818,9,1.25,142.6,9.48,986403,9.48,9.48276,-0.01675,0.5665,0.02856,0.00886,0.03314,77.75504,26.95119,-14.96638,0,enoS1(1_parsed).csv
36.077720948718,-79.0090727529138,9,1.25,142.6,9.55,986603,9.55,9.54916,0.07657,0.59462,0.02107,0.05605,-0.00535,78.22274,26.51271,-14.90792,0,enoS1(1_parsed).csv
36.077718051282,-79.0090723006993,9,1.23,142.6,9.57,987403,9.57,9.57129,0.11246,0.4343,0.03176,0.0055,-0.08125,77.94505,27.59427,-13.15405,0,enoS1(1_parsed).csv
36.0777158041958,-79.0090716853147,9,1.23,142.8,9.57,987603,9.57,9.56651,-0.06461,0.50728,0.03283,-0.06521,-0.05651,77.69658,27.75504,-12.77404,0,enoS1(1_parsed).csv
36.0777128088578,-79.0090708344988,9,1.35,142.8,9.5,988403,9.5,9.49652,-0.00359,0.64247,0.04169,0.00657,0.10385,77.88658,28.47121,-12.74481,0,enoS1(1_parsed).csv
36.0777105710956,-79.009069948718,9,1.35,142.9,9.52,988603,9.52,9.51985,0.13161,0.47976,0.05513,0.0171,-0.00351,78.77814,28.2812,-12.78866,0,enoS1(1_parsed).csv
36.0777076689977,-79.0090691445222,9,1.29,142.9,9.5,989403,9.5,9.49891,0.04905,0.57188,0.08522,0.03803,-0.05589,78.57352,30.16662,-12.52558,0,enoS1(1_parsed).csv
36.0777055244755,-79.0090685384615,9,1.29,143.1,9.57,989603,9.57,9.57069,0.00359,0.55214,0.08598,0.0449,-0.05238,78.01812,30.56124,-11.45864,0,enoS1(1_parsed).csv
36.0777027156177,-79.009068034965,9,1.2,143.1,9.59,990403,9.59,9.58625,-0.06042,0.62752,0.10369,-0.06888,-0.05803,78.29582,32.18357,-10.75709,0,enoS1(1_parsed).csv
36.0777004965035,-79.0090678111888,9,1.2,143.2,9.53,990603,9.53,9.53181,-0.02632,0.54676,0.09132,0.10614,0.08216,78.29582,32.18357,-9.25168,0,enoS1(1_parsed).csv
36.0776978228438,-79.0090677482518,9,1.28,143.2,9.46,991403,9.46,9.46182,0.09811,0.47139,0.10919,-0.06994,0.02734,78.90968,32.35896,-5.77317,0,enoS1(1_parsed).csv
36.077695986014,-79.0090680839161,9,1.28,142.9,9.54,991603,9.54,9.54497,0.06461,0.65982,0.11652,-0.01268,-0.10278,78.57352,33.25051,-7.8632,0,enoS1(1_parsed).csv
36.0776934941725,-79.009068062937,9,1.24,142.9,9.52,992403,9.52,9.52284,-0.0347,0.64845,0.11316,-0.08094,-0.00061,78.44198,34.18591,-4.51622,0,enoS1(1_parsed).csv
36.0776916759907,-79.0090678764569,9,1.24,142.9,9.52,992603,9.52,9.51566,0.04666,0.53839,0.10293,0.18372,-0.01604,78.35428,34.31745,-3.50775,0,enoS1(1_parsed).csv
36.0776894172494,-79.0090677365967,9,1.24,142.9,9.36,993403,9.36,9.35773,0.02692,0.4684,0.10247,0.15211,0.07895,78.13505,35.06285,-0.13154,0,enoS1(1_parsed).csv
36.077687962704,-79.0090675594406,9,1.24,142.5,9.5,993603,9.5,9.49592,0.134,0.55334,0.11881,-0.12675,-0.05192,78.33967,34.78515,-0.39462,0,enoS1(1_parsed).csv
36.0776857972028,-79.0090675337995,9,1.16,142.5,9.51,994403,9.51,9.50848,-0.06042,0.58265,0.09911,0.03604,-0.04795,78.16428,35.23823,2.77697,0,enoS1(1_parsed).csv
36.0776843333333,-79.0090676363636,9,1.16,142.5,9.57,994603,9.57,9.5695,0.07956,0.5988,0.08216,0.01726,0.10186,78.44198,35.10669,3.20082,0,enoS1(1_parsed).csv
36.0776818671329,-79.0090678438228,9,1.25,142.5,9.55,995403,9.55,9.55275,0.09751,0.56351,0.07514,0.07941,-0.06613,78.52967,34.37592,4.79392,0,enoS1(1_parsed).csv
36.0776796666667,-79.0090680489511,9,1.25,142.4,9.51,995603,9.51,9.51446,-0.00837,0.48275,0.06307,-0.06445,-0.01909,77.63812,34.14207,5.21777,0,enoS1(1_parsed).csv
36.0776768531469,-79.0090684172494,9,1.4,142.4,9.48,996403,9.48,9.47618,-0.0012,0.6012,0.05284,-0.06048,0.00565,78.01812,34.20052,6.54779,0,enoS1(1_parsed).csv
36.0776746340326,-79.0090688181818,9,1.4,141.9,9.65,996603,9.65,9.64726,0.08076,0.50429,0.05177,0.09743,-0.06063,78.63198,34.24437,6.82549,0,enoS1(1_parsed).csv
36.0776717529137,-79.0090691818182,9,1.43,141.9,9.56,997403,9.56,9.56172,0.05503,0.53958,0.05406,-0.02001,-0.05986,78.50043,33.8059,7.55627,0,enoS1(1_parsed).csv
36.0776694405594,-79.0090694149184,9,1.43,141.7,9.51,997603,9.51,9.50728,-0.01555,0.61914,0.04016,0.00168,0.01604,78.31043,33.96667,8.50628,0,enoS1(1_parsed).csv
36.0776666526806,-79.0090698251748,9,1.42,141.7,9.57,998403,9.57,9.5677,0.0323,0.46959,0.04597,0.02474,0.00626,78.32505,33.08974,10.15785,0,enoS1(1_parsed).csv
36.0776647039627,-79.009069983683,9,1.42,141.6,9.53,998603,9.53,9.53061,0.03709,0.53659,0.05941,0.09178,-0.02581,78.66121,33.60129,11.13709,0,enoS1(1_parsed).csv
36.0776621491841,-79.0090705757576,9,1.39,141.6,9.53,999403,9.53,9.52583,0.04606,0.49053,0.05605,0.07636,0.02535,78.20812,32.51973,11.75095,0,enoS1(1_parsed).csv
36.0776603030303,-79.0090712097902,9,1.39,141.4,9.52,999603,9.52,9.52164,0.07896,0.59342,0.07285,-0.11515,-0.0507,78.3689,32.57819,12.27711,0,enoS1(1_parsed).csv
36.0776576969697,-79.0090721235431,9,1.16,141.4,9.53,1000403,9.53,9.53301,0.0012,0.66281,0.06246,-0.02031,-0.04979,77.78428,31.80357,12.54019,0,enoS1(1_parsed).csv
36.0776557668998,-79.0090728787879,9,1.16,141.7,9.51,1000603,9.51,9.50968,-0.14955,0.54736,0.04444,0.0843,0.06826,78.16428,30.94124,12.96405,0,enoS1(1_parsed).csv
36.0776532331002,-79.0090740675991,9,1.15,141.7,9.57,1001403,9.57,9.57009,0.0664,0.5007,0.05238,-0.05971,0.07132,78.85121,29.962,15.46332,0,enoS1(1_parsed).csv
36.0776513869464,-79.0090751212121,9,1.15,142,9.48,1001603,9.48,9.47917,0.08375,0.63649,0.07529,0.02993,-0.12126,78.82198,33.55744,15.49255,0,enoS1(1_parsed).csv
36.0776487599068,-79.0090765850816,9,1.28,142,9.54,1002403,9.54,9.53959,-0.03529,0.55035,0.08063,0.05223,-0.02673,77.65273,29.11429,17.10026,0,enoS1(1_parsed).csv
36.0776466433566,-79.0090777599067,9,1.28,142.1,9.56,1002603,9.56,9.55634,0.02034,0.50429,0.08552,-0.00687,0.03375,78.76352,28.96814,17.37796,0,enoS1(1_parsed).csv
36.077643969697,-79.0090793333333,9,1.62,142.1,9.74,1003403,9.74,9.73939,0.00718,0.42652,0.11454,0.42959,-0.06597,77.49197,27.52119,19.33645,0,enoS1(1_parsed).csv
36.0776422820513,-79.009081039627,9,1.62,142.1,9.4,1003603,9.4,9.39781,-0.04666,-0.03948,0.14111,-0.04169,-0.07621,76.83426,27.22888,23.10728,0,enoS1(1_parsed).csv
36.0776395454545,-79.0090827878788,9,1.28,142.1,9.84,1004403,9.84,9.84108,-0.25603,0.88235,0.09759,0.05315,0.12691,78.83659,24.29114,19.76031,0,enoS1(1_parsed).csv
36.0776374568765,-79.0090838414918,9,1.28,142.5,9.23,1004603,9.23,9.23091,0.30389,0.31944,0.1605,0.1576,-0.25381,77.57965,23.28267,21.79187,0,enoS1(1_parsed).csv
36.0776342634033,-79.009084958042,9,1.31,142.5,8.68,1005403,8.68,8.68415,0.0993,0.37687,0.44288,1.09131,0.2222,77.63812,17.6995,25.44578,0,enoS1(1_parsed).csv
36.0776317552448,-79.0090856293706,9,1.31,142.5,10.07,1005603,10.07,10.07139,0.01795,0.27936,0.45235,-0.12981,0.19151,77.81351,13.12482,25.98655,0,enoS1(1_parsed).csv
36.0776278717949,-79.0090864242424,9,1.65,142.5,9.21,1006403,9.21,9.20818,0.28355,-0.33021,0.56719,-0.7025,-0.42241,76.42502,5.46624,27.75504,0,enoS1(1_parsed).csv
36.0776244125874,-79.0090868811189,9,1.65,142.8,10.19,1006603,10.19,10.19223,-0.87637,1.07617,0.47144,0.32849,-0.37324,78.99737,6.91318,20.60801,0,enoS1(1_parsed).csv
36.0776197878788,-79.0090874265734,9,1.78,142.8,8.64,1007403,8.64,8.6357,-0.55095,0.08913,0.49083,0.29856,-0.00733,78.03274,-0.57001,20.91494,0,enoS1(1_parsed).csv
36.0776157599068,-79.0090880885781,9,1.78,142.9,9.97,1007603,9.97,9.97269,0.17647,0.8997,0.43646,-0.64278,0.13561,79.09968,-3.44928,14.55715,0,enoS1(1_parsed).csv
36.0776111864802,-79.0090886317016,9,2.05,142.9,10.2,1008403,10.2,10.2012,-1.14796,1.1671,0.31826,0.50961,0.4806,80.44431,-4.99854,9.31014,0,enoS1(1_parsed).csv
36.0776078764569,-79.0090886223776,9,2.05,143.1,8.91,1008603,8.91,8.90728,0.28415,-0.47498,0.42929,0.38087,0.38026,76.04502,-12.02865,14.29407,0,enoS1(1_parsed).csv
36.0776036969697,-79.0090880839161,9,1.83,143.1,10.26,1009403,10.26,10.25743,-0.00837,1.38485,0.35445,-0.52718,-0.15745,76.92195,-11.40018,-0.02923,0,enoS1(1_parsed).csv
36.0776006853147,-79.0090871608392,9,1.83,143.3,8.94,1009603,8.94,8.93659,-0.03769,0.1992,0.38546,0.61804,-0.41188,78.96814,-8.91552,0.84771,0,enoS1(1_parsed).csv
36.0775968741259,-79.0090864662005,9,1.68,143.3,9.83,1010403,9.83,9.82732,-0.92842,1.09472,0.41188,0.21365,0.08827,79.07045,-3.75621,-9.28091,0,enoS1(1_parsed).csv
36.0775943379953,-79.0090854592074,9,1.68,143.5,9.35,1010603,9.35,9.35414,0.18365,-0.15434,0.32758,0.7028,0.509,78.85121,-6.67933,-5.97778,0,enoS1(1_parsed).csv
36.0775906620047,-79.0090851538461,9,1.69,143.5,10.16,1011403,10.16,10.15514,0.43729,-0.51147,0.45143,0.65408,0.15333,77.84274,-1.84157,-14.99562,0,enoS1(1_parsed).csv
36.0775878741259,-79.0090855268065,9,1.69,143.7,8.32,1011603,8.32,8.32164,0.52104,0.36012,0.57391,-0.53573,-0.78679,79.46507,2.42619,-12.29173,0,enoS1(1_parsed).csv
36.0775841258741,-79.0090863659673,9,1.58,143.7,9.79,1012403,9.79,9.78605,0.22851,0.70588,0.59697,0.52382,-0.80909,77.7112,11.48787,-19.78954,0,enoS1(1_parsed).csv
36.0775814219114,-79.0090878391608,9,1.58,143.7,9.22,1012603,9.22,9.22074,-0.53898,0.43131,0.54642,-0.11225,-0.3404,77.57965,20.72493,-18.79567,0,enoS1(1_parsed).csv
36.0775777249417,-79.0090885081585,9,1.39,143.7,10,1013403,10,10.0014,0.16331,0.99541,0.39523,-0.17257,0.21273,77.33119,24.74423,-18.41567,0,enoS1(1_parsed).csv
36.077575002331,-79.0090888904429,9,1.39,143.9,9.21,1013603,9.21,9.21476,-0.03709,-0.05384,0.30268,0.74083,0.04139,79.14352,26.05963,-10.75709,0,enoS1(1_parsed).csv
36.077571051282,-79.009088962704,9,1.55,143.9,9.03,1014403,9.03,9.02932,-0.23809,0.33141,0.12171,0.52183,-0.2839,78.54428,29.81584,-10.09939,0,enoS1(1_parsed).csv
36.0775679463869,-79.0090886643357,9,1.55,144.2,9.94,1014603,9.94,9.94397,0.09392,0.55214,0.12095,-0.5988,0.34407,77.6235,30.32739,-12.42327,0,enoS1(1_parsed).csv
36.0775637202797,-79.0090878298368,9,1.58,144.2,9.14,1015403,9.14,9.1358,-0.22851,-0.03709,0.07575,-0.43448,0.11515,79.04122,30.94124,-7.73166,0,enoS1(1_parsed).csv
36.0775603263403,-79.0090865897436,9,1.58,144.4,10,1015603,10,9.99542,0.14536,0.68554,0.02703,0.13867,0.19456,78.70506,30.47355,-9.95323,0,enoS1(1_parsed).csv
36.0775558205128,-79.0090856503496,9,2,144.4,9.33,1016403,9.33,9.335,0.05683,0.81775,0.09438,-0.05024,-0.14142,77.46273,33.17743,-7.70243,0,enoS1(1_parsed).csv
36.0775523240093,-79.0090851748252,9,2,144.9,9.53,1016603,9.53,9.52643,-0.20758,0.64487,0.05696,-0.09438,0.28848,77.95966,32.81204,-8.00935,0,enoS1(1_parsed).csv
36.0775479160839,-79.0090843589744,9,1.92,144.9,9.73,1017403,9.73,9.73221,0.64965,0.89372,0.02169,0.31933,-0.0084,78.61736,31.14586,-7.01549,0,enoS1(1_parsed).csv
36.0775447645688,-79.0090836876457,9,1.92,145.2,9.46,1017603,9.46,9.45703,-0.05324,0.24526,0.04352,0.00565,-0.23931,77.9012,33.63052,-5.3347,0,enoS1(1_parsed).csv
36.0775403822844,-79.0090825920746,9,1.98,145.2,9.15,1018403,9.15,9.15255,-0.37268,0.45643,0.00168,-0.52611,-0.41065,76.42502,36.90441,-3.88775,0,enoS1(1_parsed).csv
36.0775371282051,-79.0090813892774,9,1.98,145.6,9.7,1018603,9.7,9.69871,-0.04786,1.08933,-0.09713,-0.14019,0.59254,77.46273,34.0836,-7.74627,0,enoS1(1_parsed).csv
36.0775325384615,-79.0090800769231,9,1.85,145.6,9.68,1019403,9.68,9.68196,0.17527,0.90449,-0.14035,0.02947,0.44944,77.63812,33.83514,-7.81935,0,enoS1(1_parsed).csv
36.0775289114219,-79.0090790699301,9,1.85,145.9,9.21,1019603,9.21,9.21237,0.45823,0.21954,-0.1405,0.2445,-0.06735,78.76352,31.87664,-5.27624,0,enoS1(1_parsed).csv
36.077523995338,-79.0090781305361,9,1.86,145.9,9.81,1020403,9.81,9.81476,0.42951,0.73819,-0.23442,0.28222,-0.0956,78.9389,30.21046,-9.38322,0,enoS1(1_parsed).csv
36.077520004662,-79.0090776736597,9,1.86,146,9.08,1020603,9.08,9.07598,-0.13699,0.01316,-0.24755,0.18265,-0.3065,78.07658,32.27127,-7.1178,0,enoS1(1_parsed).csv
36.0775150885781,-79.0090772727273,9,1.76,146,10.01,1021403,10.01,10.00559,0.20339,0.35533,-0.26023,0.59101,-0.18647,77.9012,29.6843,-12.59865,0,enoS1(1_parsed).csv
36.0775113776224,-79.0090773659674,9,1.76,145.9,8.84,1021603,8.84,8.84028,-0.55992,-0.08375,-0.28253,-0.22877,0.28253,78.42736,29.3043,-10.69863,0,enoS1(1_parsed).csv
36.0775068088578,-79.0090769137529,9,1.57,145.9,9.44,1022403,9.44,9.44088,-0.07537,0.12443,-0.35873,0.10217,0.39172,79.55276,23.91114,-13.49021,0,enoS1(1_parsed).csv
36.0775037412587,-79.0090766433566,9,1.57,145.6,9.71,1022603,9.71,9.71187,0.45284,0.34576,-0.29642,-0.03283,-0.18418,78.63198,21.3534,-17.36334,0,enoS1(1_parsed).csv
36.0774994988345,-79.0090757039627,9,1.68,145.6,9.77,1023403,9.77,9.77169,0.09153,0.31585,-0.23961,-0.56505,-0.14401,79.34814,17.29027,-17.21719,0,enoS1(1_parsed).csv
36.0774966083916,-79.0090745104895,9,1.68,145.8,9.69,1023603,9.69,9.68615,-0.27039,0.35234,-0.25275,0.3598,0.00367,77.78428,16.95411,-19.36568,0,enoS1(1_parsed).csv
36.0774922051282,-79.0090732494172,9,1.62,145.8,9.94,1024403,9.94,9.94098,0.18604,0.38943,-0.19196,0.00214,0.00947,78.3689,13.69483,-18.78106,0,enoS1(1_parsed).csv
36.0774887552448,-79.0090722983683,9,1.62,145.8,9.03,1024603,9.03,9.02573,-0.05683,0.17468,-0.16448,0.04261,-0.17333,78.3689,14.7033,-18.07951,0,enoS1(1_parsed).csv
36.0774838181818,-79.0090710885781,9,1.82,145.8,9.86,1025403,9.86,9.85843,-0.05623,0.47557,-0.11347,0.41172,0.23427,77.84274,11.18094,-18.70798,0,enoS1(1_parsed).csv
36.0774796317016,-79.0090697086247,9,1.82,145.9,9.25,1025603,9.25,9.24766,0.13759,0.22313,-0.03344,-0.38698,0.03604,79.23122,9.28091,-16.67641,0,enoS1(1_parsed).csv
36.0774743682984,-79.0090685571096,9,1.85,145.9,9.43,1026403,9.43,9.42952,0.03051,0.61436,-0.05498,-0.41829,-0.25015,78.52967,10.2017,-18.31336,0,enoS1(1_parsed).csv
36.0774700979021,-79.0090679417249,9,1.85,143.6,9.67,1026603,9.67,9.6676,-0.0682,0.80578,-0.15134,0.2109,0.10843,77.25811,10.09939,-19.61415,0,enoS1(1_parsed).csv
36.0774651818182,-79.0090675780886,9,1.89,143.6,9.55,1027403,9.55,9.55035,0.27039,0.57188,-0.05589,-0.40256,-0.05116,77.93044,7.46858,-18.83952,0,enoS1(1_parsed).csv
36.0774616666667,-79.009067979021,9,1.89,143.4,9.61,1027603,9.61,9.60718,-0.05324,0.73041,-0.14187,0.35873,-0.09743,77.98889,8.06782,-19.86261,0,enoS1(1_parsed).csv
36.0774574662005,-79.009068034965,9,1.69,143.4,9.79,1028403,9.79,9.79382,-0.00239,0.42532,-0.17287,0.29856,0.12339,78.17889,5.81701,-17.96258,0,enoS1(1_parsed).csv
36.0774548927739,-79.0090679230769,9,1.69,141.8,9.03,1028603,9.03,9.02752,0.13938,0.44088,-0.15989,-0.23167,0.00565,78.82198,4.18006,-16.1064,0,enoS1(1_parsed).csv
36.0774512004662,-79.0090679020979,9,1.45,141.8,9.45,1029403,9.45,9.45045,0.21715,0.60359,-0.12553,0.14096,-0.0759,78.03274,2.13388,-17.10026,0,enoS1(1_parsed).csv
36.0774486550117,-79.0090679114219,9,1.45,141.2,9.68,1029603,9.68,9.68435,-0.01496,0.61555,-0.13195,-0.06261,-0.06857,78.20812,3.14236,-17.17334,0,enoS1(1_parsed).csv
36.0774448648019,-79.0090677156177,9,1.78,141.2,9.53,1030403,9.53,9.5348,-0.0329,0.57607,-0.09927,0.11683,-0.03955,78.38351,1.71003,-15.171,0,enoS1(1_parsed).csv
36.077441965035,-79.0090676410256,9,1.78,140.4,9.53,1030603,9.53,9.5336,0.04187,0.31944,-0.07178,0.14844,-0.05864,79.28968,1.52002,-13.3879,0,enoS1(1_parsed).csv
36.0774379417249,-79.0090678531469,9,1.82,140.4,9.39,1031403,9.39,9.39123,0.10887,0.19801,-0.04078,0.34529,-0.11851,78.90968,1.37387,-13.8556,0,enoS1(1_parsed).csv
36.0774346783217,-79.0090681235431,9,1.82,139.3,9.66,1031603,9.66,9.65863,-0.27099,0.60359,0.00626,-0.40821,0.0252,78.82198,2.61619,-15.21485,0,enoS1(1_parsed).csv
36.0774305617716,-79.0090684755245,9,1.88,139.3,9.12,1032403,9.12,9.11845,-0.15314,0.0335,0.04627,0.24786,0.14004,80.21046,3.06928,-12.29173,0,enoS1(1_parsed).csv
36.0774278111888,-79.0090686806527,9,1.88,138.3,9.75,1032603,9.75,9.75374,0.05623,0.62154,0.06414,-0.43203,0.26985,78.3689,1.98772,-15.78486,0,enoS1(1_parsed).csv
36.0774238694639,-79.0090686923077,9,1.7,138.3,9.66,1033403,9.66,9.65803,0.25723,0.56172,0.14645,-0.57391,0.01038,78.42736,3.39082,-16.82257,0,enoS1(1_parsed).csv
36.0774206526807,-79.009068981352,9,1.7,137.4,9.49,1033603,9.49,9.48874,0.07896,0.62393,0.09499,0.40546,-0.24816,78.2812,5.14469,-16.93949,0,enoS1(1_parsed).csv
36.0774162400932,-79.0090691002331,9,1.84,137.4,9.77,1034403,9.77,9.77229,-0.25065,0.801,0.15012,-0.00932,-0.07636,78.04736,8.21397,-19.1026,0,enoS1(1_parsed).csv
36.0774129207459,-79.0090693240093,9,1.84,136.7,9.23,1034603,9.23,9.23031,-0.05623,0.19023,0.12034,0.33934,0.20892,79.45045,8.50628,-15.85794,0,enoS1(1_parsed).csv
36.0774083729604,-79.0090691561771,9,1.94,136.7,9.74,1035403,9.74,9.73699,0.39242,0.6323,0.14126,0.12248,0.06735,78.42736,10.52324,-20.14031,0,enoS1(1_parsed).csv
36.0774047645688,-79.0090685314685,9,1.94,136,9.39,1035603,9.39,9.39063,-0.08255,0.335,0.15195,0.15638,-0.27642,80.18124,12.89097,-18.3572,0,enoS1(1_parsed).csv
36.077400009324,-79.0090674009324,9,1.98,136,9.63,1036403,9.63,9.62633,0.02572,0.44267,0.14035,0.12446,-0.13989,78.76352,16.45718,-18.62029,0,enoS1(1_parsed).csv
36.0773961305361,-79.0090663006993,9,1.98,135.1,9.55,1036603,9.55,9.55215,-0.13998,0.47139,0.13867,-0.02718,0.15394,79.05583,16.60333,-19.70184,0,enoS1(1_parsed).csv
36.0773916550117,-79.0090647808858,9,2.05,135.1,9.53,1037403,9.53,9.5348,-0.06042,0.31286,0.17104,-0.22449,0.09438,78.3689,20.72493,-18.03566,0,enoS1(1_parsed).csv
36.0773886899767,-79.0090627762238,9,2.05,134.9,9.49,1037603,9.49,9.48635,0.14776,0.71127,0.14371,0.18021,0.17944,78.83659,19.46799,-18.03566,0,enoS1(1_parsed).csv
36.0773843240093,-79.0090616759907,9,2.05,134.9,9.67,1038403,9.67,9.67299,0.07597,0.72503,0.15256,0.16722,0.11347,77.72581,23.13651,-17.88951,0,enoS1(1_parsed).csv
36.077381013986,-79.0090617505827,9,2.05,134.3,9.37,1038603,9.37,9.3691,0.27517,0.31107,0.17242,0.06277,-0.15699,78.38351,23.67729,-15.33177,0,enoS1(1_parsed).csv
36.0773768391608,-79.0090615827506,9,2.13,134.3,9.5,1039403,9.5,9.49652,-0.08734,0.22672,0.17303,0.36499,-0.2222,79.62584,26.4981,-9.76323,0,enoS1(1_parsed).csv
36.077374051282,-79.0090621981352,9,2.13,133.8,10.49,1039603,10.49,10.48954,0.00837,-0.58684,0.19685,-0.60201,-0.00199,79.52354,27.56504,-10.71324,0,enoS1(1_parsed).csv
36.0773697622378,-79.0090615897436,9,2.52,133.8,8.44,1040403,8.44,8.43829,0.60479,-0.932,-0.2949,-0.44486,-1.0235,80.82432,26.00117,-6.86934,0,enoS1(1_parsed).csv
36.0773661631702,-79.0090605547785,9,2.52,134.1,8.96,1040603,8.96,8.96292,-0.67178,1.76291,-0.40027,-0.76282,0.68264,76.54195,29.15814,-16.64718,0,enoS1(1_parsed).csv
36.0773613566434,-79.0090591375291,9,2.32,134.1,11.71,1041403,11.71,11.70689,0.54796,-1.35613,-0.39095,0.22678,0.64034,79.46507,17.30488,-16.09179,0,enoS1(1_parsed).csv
36.0773573193473,-79.0090579533799,9,2.32,133.6,7.74,1041603,7.74,7.74078,1.82273,-0.20818,-0.68875,-0.1518,-0.61209,79.71353,15.85794,-15.11254,0,enoS1(1_parsed).csv
36.0773527202797,-79.0090557016317,9,2.32,133.6,9.26,1042403,9.26,9.25663,0.26082,1.62473,-0.90683,-1.56198,0.87613,77.9012,2.42619,-18.40105,0,enoS1(1_parsed).csv
36.0773496806527,-79.0090532121212,9,2.32,133.9,11.34,1042603,11.34,11.33899,0.91226,-0.32483,-0.89721,1.372,-0.18906,76.58579,-4.76469,-15.30254,0,enoS1(1_parsed).csv
36.0773456666667,-79.0090508811189,9,2.16,133.9,8.82,1043403,8.82,8.81875,0.58624,0.00957,-0.61804,0.2251,0.61758,76.13271,-12.99328,-3.97545,0,enoS1(1_parsed).csv
36.0773430745921,-79.0090490909091,9,2.16,132.7,8.38,1043603,8.38,8.38146,1.13061,0.50728,-0.27611,-0.71456,-1.69561,77.94505,-9.54399,-1.27156,0,enoS1(1_parsed).csv
36.0773392051282,-79.0090470815851,9,1.88,132.7,10.59,1044403,10.59,10.58884,-0.27577,0.86381,-0.12782,0.96944,-0.45891,77.03888,-11.18094,-2.9962,0,enoS1(1_parsed).csv
36.0773364172494,-79.0090463636364,9,1.88,132.5,8.89,1044603,8.89,8.89053,-0.1651,0.01017,-0.031,-0.36362,0.00428,79.3043,-8.74013,3.58082,0,enoS1(1_parsed).csv
36.0773318228438,-79.0090443846154,9,2.31,132.5,8.44,1045403,8.44,8.43829,-0.2333,0.39482,0.27749,1.11773,-0.3963,80.69278,-3.80006,1.53464,0,enoS1(1_parsed).csv
36.0773280932401,-79.0090425571096,9,2.31,132.3,8.76,1045603,8.76,8.76192,0.02812,-0.15912,0.49526,-1.82893,-0.34361,81.62818,-0.97925,-1.62233,0,enoS1(1_parsed).csv
36.0773227878788,-79.009040002331,9,2.64,132.3,13.1,1046403,13.1,13.10369,-2.29711,-0.29013,0.67378,0.38408,-1.7599,80.86816,11.66326,-10.74247,0,enoS1(1_parsed).csv
36.0773186107226,-79.0090379510489,9,2.64,132.7,8.67,1046603,8.67,8.6692,-3.21177,-4.35554,0.72311,-0.39309,1.04091,81.21894,18.57644,-9.61707,0,enoS1(1_parsed).csv
36.0773128834499,-79.0090347692308,9,2.24,132.7,6.75,1047403,6.75,6.74776,-3.72084,-5.31446,0.72769,-1.4085,-0.80222,75.285,40.93832,2.68927,0,enoS1(1_parsed).csv
36.0773081002331,-79.0090307039627,8,2.24,132.9,6.9,1047603,6.9,6.9009,-3.13041,-0.81177,0.89461,-2.13757,1.78128,76.90733,35.79362,-8.88629,0,enoS1(1_parsed).csv
36.0773016993007,-79.0090274009324,8,2.58,132.9,8.92,1048403,8.92,8.91566,-2.11526,0.38465,0.63072,-0.90194,1.51128,76.16194,39.65215,1.6808,0,enoS1(1_parsed).csv
36.0772962820513,-79.0090256666667,9,2.58,132.8,9.91,1048603,9.91,9.90629,2.01416,1.27717,0.77534,0.68402,0.62201,78.73429,23.28267,7.05934,0,enoS1(1_parsed).csv
36.0772896643357,-79.0090248135198,9,2.81,132.8,8.2,1049403,8.2,8.2026,1.45005,0.49591,0.38103,-0.32132,0.52336,82.62204,17.59719,13.68021,0,enoS1(1_parsed).csv
36.0772847132867,-79.0090255874126,9,2.81,133.3,10.11,1049603,10.11,10.10968,-0.06879,2.62253,0.43265,0.51404,-0.89018,82.87051,22.52265,8.75475,0,enoS1(1_parsed).csv
36.0772788205128,-79.0090258391608,9,1.44,133.3,12.38,1050403,12.38,12.37867,1.24487,-4.81914,0.74083,-1.56794,1.5125,64.57176,17.91874,40.92371,0,enoS1(1_parsed).csv
36.0772747086247,-79.0090267622378,9,1.44,134.9,6.45,1050603,6.45,6.44567,1.14497,-1.44766,0.21243,-1.96134,-0.49633,73.54575,10.62555,32.89974,0,enoS1(1_parsed).csv
36.0772695571095,-79.0090269160839,9,1.55,134.9,11.08,1051403,11.08,11.07997,-1.63549,-5.79661,0.0223,-1.8242,0.89568,62.62789,21.82111,41.96141,0,enoS1(1_parsed).csv
36.0772659580419,-79.0090274475524,9,1.55,135.3,9.51,1051603,9.51,9.50968,0.97926,-0.41575,-0.01023,-1.44485,0.33598,73.66267,17.46565,31.05817,0,enoS1(1_parsed).csv
36.077260974359,-79.0090259020979,9,2.32,135.3,8.03,1052403,8.03,8.03031,-0.91047,-2.80319,-0.19716,0.06796,0.37232,68.19643,22.93189,36.75826,0,enoS1(1_parsed).csv
36.0772577668998,-79.0090226946387,9,2.32,135.8,9.42,1052603,9.42,9.41576,0.37866,-0.30927,-0.08491,-2.34053,-0.40287,76.10348,22.39111,26.54194,0,enoS1(1_parsed).csv
36.0772529277389,-79.0090204638694,9,1.78,135.8,10.82,1053403,10.82,10.82214,-0.26261,-0.09272,-0.29062,-0.821,-0.21044,77.24349,26.39579,21.70418,0,enoS1(1_parsed).csv
36.0772489090909,-79.0090196806527,9,1.78,136.1,8.91,1053603,8.91,8.90668,0.39661,0.99123,-0.43051,0.66783,0.41065,77.31657,25.97194,21.19263,0,enoS1(1_parsed).csv
36.0772439300699,-79.0090179347319,9,2.01,136.1,10.66,1054403,10.66,10.66481,0.02273,-0.62333,-0.61728,-1.02641,0.09178,77.30196,31.68664,14.791,0,enoS1(1_parsed).csv
36.0772404428904,-79.0090168904429,9,2.01,136,9.45,1054603,9.45,9.44567,-0.18724,-0.21356,-0.65912,1.12277,-0.65469,75.95732,35.8667,13.89944,0,enoS1(1_parsed).csv
36.0772354638695,-79.0090143240093,9,2.55,136,10.67,1055403,10.67,10.6684,0.98764,1.05942,-0.3572,0.1909,-0.88087,79.15814,32.43204,-3.47852,0,enoS1(1_parsed).csv
36.0772327039627,-79.0090126736597,9,2.55,135.9,8.77,1055603,8.77,8.7667,-0.98405,-0.32423,-0.44043,0.43097,-0.46731,75.54808,40.79217,-0.76001,0,enoS1(1_parsed).csv
36.0772271258741,-79.0090085804196,9,2.72,135.9,8.83,1056403,8.83,8.82533,-0.5342,0.31346,-0.39309,0.60567,-0.75518,75.85501,39.15522,-7.70243,0,enoS1(1_parsed).csv
36.0772215687646,-79.0090038251748,9,2.72,135.8,9.59,1056603,9.59,9.58864,-0.82851,0.51506,-0.52977,-0.86086,1.14934,75.78194,36.34902,-11.66326,0,enoS1(1_parsed).csv
36.0772143892774,-79.0089968158508,9,2.67,135.8,8.67,1057403,8.67,8.67219,-0.48215,0.81835,-0.46456,-0.07819,2.00119,77.52119,27.6235,-14.60099,0,enoS1(1_parsed).csv
36.0772084125874,-79.0089896456876,9,2.67,136,10.1,1057603,10.1,10.1031,2.58604,0.69332,-0.25412,0.19838,-0.27336,79.08507,14.99562,-15.14177,0,enoS1(1_parsed).csv
36.0772004149184,-79.0089828205128,9,2.42,136,9.06,1058403,9.06,9.05624,0.34935,0.67837,-0.40943,0.21961,0.5507,78.63198,15.59486,-16.67641,0,enoS1(1_parsed).csv
36.0771937016317,-79.008977972028,9,2.42,136.3,9.28,1058603,9.28,9.28116,1.30887,0.90269,-0.23427,-0.18723,-1.10842,77.72581,15.74101,-18.4449,0,enoS1(1_parsed).csv
36.0771860862471,-79.0089724685315,9,2.6,136.3,9.83,1059403,9.83,9.82732,-0.41815,0.65384,-0.20678,0.23472,-0.63438,77.46273,17.2318,-20.40339,0,enoS1(1_parsed).csv
36.0771807156177,-79.0089688787879,9,2.6,135.9,10.56,1059603,10.56,10.55594,-0.77647,0.21057,-0.354,-0.09636,1.32222,78.61736,12.77404,-18.76644,0,enoS1(1_parsed).csv
36.0771744825175,-79.0089648787879,9,2.49,135.9,8.97,1060403,8.97,8.97129,-1.24546,-1.5338,0.16784,0.44074,1.93797,80.61971,16.25256,-11.26863,0,enoS1(1_parsed).csv
36.0771703519813,-79.008963004662,9,2.49,135.3,9.12,1060603,9.12,9.11965,1.599,0.25424,0.2868,-1.49143,0.71578,76.83426,3.91698,-18.86875,0,enoS1(1_parsed).csv
36.0771638741259,-79.0089591421911,9,2.95,135.3,8.36,1061403,8.36,8.35753,0.87936,0.11486,0.12859,-1.43095,0.83017,78.76352,4.64776,-15.98948,0,enoS1(1_parsed).csv
36.0771590909091,-79.0089563263403,9,2.95,135.3,10.27,1061603,10.27,10.2694,1.06241,1.96152,0.3207,-0.61835,-1.79793,70.34493,13.16866,-29.61122,0,enoS1(1_parsed).csv
36.077153016317,-79.0089523543124,9,3.29,135.3,-3.6,1062403,-3.6,-3.60419,-2.44846,-6.13699,0.50274,-5.00421,0.10156,79.75738,-2.77697,12.94943,0,enoS1(1_parsed).csv
36.0771491748252,-79.0089495757576,9,3.29,134.3,1.08,1062603,1.08,1.07677,0.38106,0.12144,0.84483,-5.00421,-0.70601,51.43233,9.01783,-41.05525,0,enoS1(1_parsed).csv
36.0771430932401,-79.0089452913753,9,1.74,134.3,6.92,1063403,6.92,6.91825,4.61755,-4.14078,-1.88269,-5.00421,-3.38144,75.06577,-8.97398,16.34025,0,enoS1(1_parsed).csv
36.0771382913753,-79.0089422424242,9,1.74,133.9,9.33,1063603,9.33,9.32782,-3.18245,1.84487,-1.9511,-2.99706,-4.00911,70.66647,25.69424,-27.87197,0,enoS1(1_parsed).csv
36.0771312144522,-79.0089368787879,9,3.03,133.9,11.21,1064403,11.21,11.20619,-0.76511,3.40379,-0.58887,3.42573,-2.21133,80.97047,1.91464,-4.15083,0,enoS1(1_parsed).csv
36.0771256200466,-79.0089316853147,9,3.03,134,9.02,1064603,9.02,9.02333,-5.02433,-5.14995,-0.0252,1.86482,-0.33475,79.42122,15.2587,22.31804,0,enoS1(1_parsed).csv
36.0771172214452,-79.008925020979,9,4.38,134,9.26,1065403,9.26,9.26441,-3.29133,-2.29352,-0.07346,0.26114,0.3737,80.80971,0,11.00555,0,enoS1(1_parsed).csv
36.0771098461538,-79.0089196689977,9,4.38,133.5,8.2,1065603,8.2,8.2026,0.40618,0.64187,-0.07987,-0.43158,0.90179,78.31043,-8.55013,8.5209,0,enoS1(1_parsed).csv
36.0771009277389,-79.0089128787879,9,4.42,133.5,11.76,1066403,11.76,11.75893,0.84646,3.79741,0.04612,1.9789,-0.54275,77.33119,-10.62555,2.77697,0,enoS1(1_parsed).csv
36.077094037296,-79.0089074895105,9,4.42,133.4,5.81,1066603,5.81,5.81456,0.4331,-3.04666,0.10125,0.96776,0.20937,73.67729,-13.69483,19.07337,0,enoS1(1_parsed).csv
36.0770855221445,-79.0089008438228,9,3.82,133.4,9.2,1067403,9.2,9.2028,0.02752,1.6331,0.2138,-0.57956,-2.30113,80.8974,-2.96697,-0.64309,0,enoS1(1_parsed).csv
36.0770787715618,-79.0088956596737,9,3.82,133.1,14.25,1067603,14.25,14.24507,-4.78086,0.99841,-0.04704,2.05556,1.73043,82.16895,1.76849,1.27156,0,enoS1(1_parsed).csv
36.0770704405594,-79.0088894452215,9,3.15,133.1,8.76,1068403,8.76,8.76072,-3.80279,0.82971,0.67699,1.40591,-0.24557,79.01199,-8.34551,3.82929,0,enoS1(1_parsed).csv
36.0770638298368,-79.008884969697,8,3.15,132.6,8.67,1068603,8.67,8.6698,0.06939,0.22792,0.87812,-0.93966,-0.28436,80.82432,-3.37621,1.84157,0,enoS1(1_parsed).csv
36.0770569417249,-79.0088791771562,8,2.62,132.6,7.07,1069403,7.07,7.07259,0.24766,-4.22154,0.14691,0.6466,-1.35826,80.22508,0.42385,14.71792,0,enoS1(1_parsed).csv
36.0770532400932,-79.00887504662,9,2.62,132.2,9.44,1069603,9.44,9.44028,-2.8349,-5.53639,-0.24267,-1.51617,0.29703,82.7682,9.4563,6.57702,0,enoS1(1_parsed).csv
36.0770483473193,-79.0088704195804,9,2.22,132.2,8.7,1070403,8.7,8.7003,0.63529,-0.48694,-1.144,-0.31612,0.40684,76.51272,-13.00789,2.8062,0,enoS1(1_parsed).csv
36.0770455501165,-79.0088681072261,9,2.22,131.9,9.44,1070603,9.44,9.44327,1.10728,0.20818,-1.25014,0.3178,-0.20892,76.42502,-12.94943,3.59544,0,enoS1(1_parsed).csv
36.0770413682984,-79.0088639463869,9,2.24,131.9,8.3,1071403,8.3,8.3013,0.87338,0.34098,-0.90561,0.70127,-0.76648,77.34581,-5.81701,19.76031,0,enoS1(1_parsed).csv
36.0770383006993,-79.0088607482517,9,2.24,132.1,9.9,1071603,9.9,9.89552,-3.17886,-1.05165,-0.66798,0.36163,-0.2978,77.02426,6.35779,24.26191,0,enoS1(1_parsed).csv
36.0770336713287,-79.0088557179487,9,3.04,132.1,7.36,1072403,7.36,7.36032,-0.45823,-3.14656,0.94409,-1.59726,-0.89247,66.74949,-11.40018,32.24203,0,enoS1(1_parsed).csv
36.0770296993007,-79.0088513449883,9,3.04,132.6,11.17,1072603,11.17,11.17388,-0.94935,-0.42951,1.05023,-0.94455,-1.67698,78.89507,-5.45162,12.20403,0,enoS1(1_parsed).csv
36.0770253146853,-79.0088458018648,9,2.5,132.6,8.07,1073403,8.07,8.06979,0.96132,-2.84866,0.5904,-0.52565,-0.80787,74.01345,-15.93102,10.46478,0,enoS1(1_parsed).csv
36.0770222843823,-79.0088413263403,9,2.5,133,7.94,1073603,7.94,7.9352,-1.02353,-1.17488,0.83108,-1.25731,-1.80343,79.80122,-3.09851,-5.75855,0,enoS1(1_parsed).csv
36.0770195151515,-79.0088361142191,9,0.82,133,11.23,1074403,11.23,11.22533,0.00538,0.11545,0.78573,-0.06582,-1.59253,81.0874,7.83397,-10.07016,0,enoS1(1_parsed).csv
36.0770185081585,-79.0088331212121,9,0.82,133.3,10.24,1074603,10.24,10.24487,-0.9667,-0.17109,0.76725,-1.20142,0.2222,78.39812,16.3841,-16.69103,0,enoS1(1_parsed).csv
36.0770163310023,-79.0088284662005,9,1.68,133.3,8.83,1075403,8.83,8.82652,-3.57667,-3.01735,1.12903,0.72968,0.17914,75.51885,39.59369,-4.3993,0,enoS1(1_parsed).csv
36.0770157715618,-79.0088243916084,9,1.68,132.7,8.76,1075603,8.76,8.76371,-0.23749,-2.36411,1.46592,-1.31092,0.44379,78.69044,32.50512,-1.73926,0,enoS1(1_parsed).csv
36.0770128834499,-79.0088186200466,9,2.37,132.7,9.48,1076403,9.48,9.48096,-1.15514,0.60718,1.85306,0.70066,-0.62217,76.6881,30.41508,19.23414,0,enoS1(1_parsed).csv
36.077010067599,-79.0088137715618,9,2.37,133,9.19,1076603,9.19,9.18964,-0.98584,-0.31825,1.87704,-0.94715,0.16677,75.10962,27.40427,24.72961,0,enoS1(1_parsed).csv
36.0770053333333,-79.008808041958,9,2.34,133,9.01,1077403,9.01,9.00898,-0.91525,-0.80459,1.55435,0.85704,0.30681,76.64426,-5.04239,22.01111,0,enoS1(1_parsed).csv
36.0770005128205,-79.0088034172494,9,2.34,133.1,9.52,1077603,9.52,9.51745,0.94756,-1.07916,1.54289,-0.86514,-0.13958,75.31424,-12.87635,14.73253,0,enoS1(1_parsed).csv
36.0769945804196,-79.0087986363636,9,2.95,133.1,9.28,1078403,9.28,9.28296,0.07059,0.10708,0.94272,0.74862,-0.01726,78.39812,-6.00702,-8.22859,0,enoS1(1_parsed).csv
36.0769894242424,-79.0087951118881,9,2.95,133.1,9.06,1078603,9.06,9.05982,0.30449,0.69452,1.03878,-1.41965,-0.67073,77.41888,0.11692,-17.40719,0,enoS1(1_parsed).csv
36.0769833100233,-79.0087922447552,9,2.31,133.1,6.33,1079403,6.33,6.33261,1.0666,0.31705,0.27764,-0.55772,-1.8523,80.16662,7.92166,-14.48407,0,enoS1(1_parsed).csv
36.0769784242424,-79.0087922447552,9,2.31,134,10.43,1079603,10.43,10.42673,-2.59801,1.45663,-0.07559,0.15882,0.46533,77.14119,19.14645,-20.84186,0,enoS1(1_parsed).csv
36.0769732680653,-79.0087903170163,9,1.99,134,8.68,1080403,8.68,8.67638,-0.68913,0.71845,0.30024,0.55436,-0.30956,77.74043,18.26951,-19.19029,0,enoS1(1_parsed).csv
36.076970051282,-79.0087889277389,9,1.99,134.9,10.51,1080603,10.51,10.51047,-0.43131,-0.39362,0.20769,0.39294,0.65317,79.52354,15.9164,-16.70564,0,enoS1(1_parsed).csv
36.0769656013986,-79.0087866317016,9,1.69,134.9,9.95,1081403,9.95,9.95354,0.79801,0.18604,0.29276,0.7335,0.54184,79.65507,16.63256,-16.13563,0,enoS1(1_parsed).csv
36.0769628881119,-79.0087851025641,9,1.69,134.7,8.23,1081603,8.23,8.2331,1.03849,-0.19202,0.36942,-0.63087,-0.7251,79.94738,16.91026,-13.91406,0,enoS1(1_parsed).csv
36.0769586456876,-79.0087819510489,9,2.15,134.7,9.74,1082403,9.74,9.73879,0.17228,1.64686,0.32849,0.64477,-0.26114,78.76352,24.49576,-13.03712,0,enoS1(1_parsed).csv
36.0769553170163,-79.0087788368298,9,2.15,135.8,10.18,1082603,10.18,10.18385,0.41994,-1.35853,0.26206,0.52397,-0.46701,79.26045,29.46507,-7.16165,0,enoS1(1_parsed).csv
36.0769508158508,-79.0087744312354,9,1.85,135.8,9.35,1083403,9.35,9.35235,-0.15254,-0.72084,0.21777,-1.11911,-0.43005,78.51505,32.6805,-4.16545,0,enoS1(1_parsed).csv
36.0769472261072,-79.0087703566434,9,1.85,136.8,10.14,1083603,10.14,10.1354,-0.29731,0.7986,0.04123,0.7393,-0.12171,76.6881,35.88132,-7.89243,0,enoS1(1_parsed).csv
36.0769426270396,-79.0087662027972,9,2.22,136.8,11.29,1084403,11.29,11.29113,0.13878,0.42054,-0.17532,-0.19823,0.47938,78.9389,30.34201,-6.78164,0,enoS1(1_parsed).csv
36.0769392237762,-79.0087635268065,9,2.22,137.4,8.5,1084603,8.5,8.49512,0.76211,-1.44706,-0.27672,0.24282,-0.49419,79.14352,31.18971,-4.76469,0,enoS1(1_parsed).csv
36.0769348834499,-79.0087593939394,9,2.05,137.4,9.95,1085403,9.95,9.95354,-0.8985,0.85723,-0.26542,-1.57298,0.1657,77.00965,32.27127,-12.54019,0,enoS1(1_parsed).csv
36.0769317505827,-79.008756009324,9,2.05,137.5,10.76,1085603,10.76,10.75514,0.52642,0.62752,-0.32391,1.02228,0.29276,76.60041,27.6235,-17.05642,0,enoS1(1_parsed).csv
36.0769277156177,-79.0087518298368,9,1.82,137.5,8.82,1086403,8.82,8.81635,-0.05025,0.52941,-0.29184,-0.23106,0.25305,77.72581,24.34961,-14.27945,0,enoS1(1_parsed).csv
36.0769251142191,-79.0087482214452,9,1.82,137,10.23,1086603,10.23,10.22513,0.24287,0.69512,-0.16386,-0.05666,-0.40348,78.06197,24.8173,-15.28793,0,enoS1(1_parsed).csv
36.0769208461538,-79.0087441375291,9,2.41,137,8.28,1087403,8.28,8.27857,-0.24646,-0.36072,-0.43936,0.65928,-0.66997,80.25431,19.5703,-11.82403,0,enoS1(1_parsed).csv
36.0769173310023,-79.0087412377622,9,2.41,136.3,9.99,1087603,9.99,9.99422,-0.60179,0.18006,-0.46166,-1.15667,0.49022,78.06197,18.48874,-17.18796,0,enoS1(1_parsed).csv
36.0769124825175,-79.0087383356643,9,2.27,136.3,9.32,1088403,9.32,9.32304,0.40798,0.35414,-0.32956,-0.02291,0.23411,77.55042,9.19322,-19.20491,0,enoS1(1_parsed).csv
36.0769089114219,-79.0087365174825,9,2.27,136,10.63,1088603,10.63,10.63131,0.16211,0.39242,-0.3094,0.34544,-0.41966,78.69044,9.67553,-17.83104,0,enoS1(1_parsed).csv
36.0769038228438,-79.0087348811189,9,2.09,136,8.39,1089403,8.39,8.38624,0.23509,0.41157,-0.01451,0.99846,-0.40882,79.74277,7.64396,-15.15639,0,enoS1(1_parsed).csv
36.0768994032634,-79.0087346013986,9,2.09,135.7,10.61,1089603,10.61,10.60978,-0.75135,-0.81775,0.03925,-0.94822,-0.24129,79.15814,10.2017,-15.94563,0,enoS1(1_parsed).csv
36.0768937296037,-79.0087338111888,9,2.31,135.7,9.61,1090403,9.61,9.61316,-0.62512,0.33978,0.10965,-0.59956,-0.99678,79.91815,11.75095,-14.01637,0,enoS1(1_parsed).csv
36.0768891328671,-79.0087337738928,9,2.31,135.6,9.87,1090603,9.87,9.86621,-1.58704,-0.07597,0.22465,0.72937,-0.14539,78.47121,15.53639,-17.46565,0,enoS1(1_parsed).csv
36.0768836666667,-79.0087329067599,9,2.41,135.6,10.11,1091403,10.11,10.10848,-0.76989,0.25842,0.28619,0.22129,-0.60353,77.36042,18.7226,-20.038,0,enoS1(1_parsed).csv
36.0768798065268,-79.0087321515151,9,2.41,135.7,9.15,1091603,9.15,9.14956,-0.94935,-0.39541,0.18922,0.13576,0.68524,79.37738,19.02952,-15.361,0,enoS1(1_parsed).csv
36.0768747808858,-79.0087311282051,9,1.99,135.7,9.2,1092403,9.2,9.19741,0.70887,-0.44566,0.14645,0.1182,0.38576,79.93277,18.62029,-14.25022,0,enoS1(1_parsed).csv
36.076871041958,-79.0087305967366,9,1.99,135.4,8.96,1092603,8.96,8.96411,-0.09093,0.8339,0.31734,-1.30771,-0.41539,78.19351,20.19877,-17.21719,0,enoS1(1_parsed).csv
36.0768665967366,-79.008729044289,9,2.11,135.4,9.35,1093403,9.35,9.34876,-0.09153,0.15852,0.1967,0.43692,0.15989,78.20812,27.19965,-14.22099,0,enoS1(1_parsed).csv
36.0768635384615,-79.0087273846154,9,2.11,135,8.84,1093603,8.84,8.84268,0.13998,0.70887,0.20265,-1.11345,0.39828,78.03274,24.04268,-16.07717,0,enoS1(1_parsed).csv
36.0768591678322,-79.0087251888112,9,2.08,135,9.69,1094403,9.69,9.69153,0.61974,0.57966,-0.01512,-0.24939,-0.65424,78.12044,27.21426,-14.95177,0,enoS1(1_parsed).csv
36.076855979021,-79.008723044289,9,2.08,135.1,8.59,1094603,8.59,8.59442,-1.2323,0.61436,-0.11423,0.05162,0.36301,75.98655,31.07279,-17.61181,0,enoS1(1_parsed).csv
36.076851981352,-79.0087205687645,9,1.83,135.1,10.51,1095403,10.51,10.50928,0.58505,0.81835,-0.11332,0.05116,0.01313,77.79889,26.17656,-17.65565,0,enoS1(1_parsed).csv
36.0768490815851,-79.0087188531468,9,1.83,135.5,8.07,1095603,8.07,8.07039,-0.19023,-0.18784,-0.17853,0.57971,0.0478,80.35662,26.13271,-10.40631,0,enoS1(1_parsed).csv
36.0768454778555,-79.0087165477855,9,1.8,135.5,10.58,1096403,10.58,10.58106,-0.02213,0.2997,-0.15272,-0.72647,0.23686,78.00351,22.66881,-18.89798,0,enoS1(1_parsed).csv
36.0768431375291,-79.0087148135198,9,1.8,134.6,8.8,1096603,8.8,8.79841,-0.05683,0.0664,-0.14004,1.04122,-0.52733,79.74277,22.78574,-14.00175,0,enoS1(1_parsed).csv
36.0768396223776,-79.0087125594405,9,1.48,134.6,10.26,1097403,10.26,10.25863,-0.11486,0.34337,-0.07529,-0.25091,-0.43631,77.52119,25.25577,-18.13797,0,enoS1(1_parsed).csv
36.0768369370629,-79.0087108251748,9,1.48,133.9,8.38,1097603,8.38,8.38385,-1.13958,-0.15135,-0.22129,0.55497,0.74205,79.83046,24.84654,-13.13943,0,enoS1(1_parsed).csv
36.0768332097902,-79.0087083076923,9,1.6,133.9,9.5,1098403,9.5,9.5001,0.84945,1.14317,-0.22113,0.75228,-0.28451,77.37504,16.93949,-20.82724,0,enoS1(1_parsed).csv
36.0768303379953,-79.0087060606061,9,1.6,133.9,9.47,1098603,9.47,9.46601,-0.93858,0.20459,-0.13576,-0.4105,-0.40516,77.65273,20.95878,-20.228,0,enoS1(1_parsed).csv
36.0768266620047,-79.0087035128205,9,1.62,133.9,9.37,1099403,9.37,9.36969,-0.37687,0.55872,-0.06979,0.06903,0.04337,78.70506,17.46565,-17.84566,0,enoS1(1_parsed).csv
36.0768237062937,-79.0087017319347,9,1.62,133.5,9.72,1099603,9.72,9.71546,0.0664,-0.22911,-0.18189,0.48839,0.40409,79.21661,15.93102,-16.92488,0,enoS1(1_parsed).csv
36.07682,-79.0086999347319,9,1.7,133.5,9.71,1100403,9.71,9.71247,1.48834,-0.27278,-0.21228,-0.31566,-0.00153,79.0266,9.6463,-18.60567,0,enoS1(1_parsed).csv
36.0768173333333,-79.0086991515151,9,1.7,133.3,9.42,1100603,9.42,9.41994,-0.29731,0.49053,-0.30452,-0.30849,-0.59605,79.15814,11.82403,-17.71412,0,enoS1(1_parsed).csv
36.076814,-79.0086976083916,9,1.32,133.3,9.58,1101403,9.58,9.58385,-0.04307,0.82911,-0.29596,-0.38882,-0.32605,77.94505,4.50161,-17.71412,0,enoS1(1_parsed).csv
36.0768115384615,-79.0086963962704,9,1.32,133.1,9.85,1101603,9.85,9.85245,-0.22134,0.46959,-0.34086,0.65943,-0.32269,79.66969,7.17626,-15.7264,0,enoS1(1_parsed).csv
36.0768084079254,-79.0086944965035,9,1.22,133.1,9.65,1102403,9.65,9.64846,0.01795,0.08794,-0.166,-1.25487,-0.16768,79.69892,1.38848,-11.85326,0,enoS1(1_parsed).csv
36.0768063286713,-79.0086926783217,9,1.22,132.7,10.19,1102603,10.19,10.18924,-0.87876,0.63529,-0.26985,0.94516,0.09636,78.60275,1.76849,-15.28793,0,enoS1(1_parsed).csv
36.0768035244755,-79.0086906550116,9,1.48,132.7,8.93,1103403,8.93,8.93241,0.22433,-0.46361,-0.19059,-1.01266,0.58811,80.07893,-4.07775,-6.60626,0,enoS1(1_parsed).csv
36.0768016317016,-79.0086892097902,9,1.48,132.7,10.34,1103603,10.34,10.3352,0.14536,0.95892,-0.21655,0.19135,-0.13256,77.11195,-4.88161,-13.47559,0,enoS1(1_parsed).csv
36.0767986620047,-79.0086878438228,9,1.19,132.7,9.72,1104403,9.72,9.71905,0.45464,0.40798,0.0087,-0.53909,-0.65607,78.67583,-5.64162,-9.25168,0,enoS1(1_parsed).csv
36.0767961445221,-79.0086871351981,9,1.19,132,9.41,1104603,9.41,9.40559,-1.09232,0.4995,0.05788,0.71929,-0.25061,79.64046,-3.08389,-9.12014,0,enoS1(1_parsed).csv
36.0767930815851,-79.0086861841492,9,0.93,132,8.9,1105403,8.9,8.89951,-0.19561,0.63589,0.51007,-0.00183,-0.63118,80.13738,1.47618,-12.37942,0,enoS1(1_parsed).csv
36.0767909184149,-79.0086859417249,9,0.93,132,9.81,1105603,9.81,9.81297,-1.30349,0.64965,0.52855,-0.09484,0.54153,78.19351,1.76849,-16.51564,0,enoS1(1_parsed).csv
36.0767878554779,-79.0086848717949,9,1.12,132,9.43,1106403,9.43,9.42533,-0.11007,0.55274,0.52916,0.43234,-0.28161,78.67583,9.52938,-17.52412,0,enoS1(1_parsed).csv
36.0767853379953,-79.008683986014,9,1.12,132.4,9.5,1106603,9.5,9.5007,-0.36909,-0.10289,0.52305,-0.19044,0.08888,78.82198,14.30868,-16.3841,0,enoS1(1_parsed).csv
36.0767823682984,-79.0086823613054,9,1.09,132.4,9.81,1107403,9.81,9.81416,0.53898,0.48634,0.31536,0.28527,0.14539,79.3043,18.19643,-16.41333,0,enoS1(1_parsed).csv
36.0767804755245,-79.0086808881119,9,1.09,132.1,9.2,1107603,9.2,9.20339,0.08734,-0.28594,0.35384,0.00351,-0.59743,78.69044,21.99649,-16.77872,0,enoS1(1_parsed).csv
36.0767776713287,-79.0086789254079,9,1.39,132.1,9.73,1108403,9.73,9.72682,0.2668,0.41635,0.05727,-0.15302,-0.03971,79.28968,22.90266,-15.88717,0,enoS1(1_parsed).csv
36.0767754242424,-79.0086770606061,9,1.39,132,9.61,1108603,9.61,9.61436,0.17587,0.11366,-0.03925,-0.50335,-0.02337,77.97428,25.44578,-17.0418,0,enoS1(1_parsed).csv
36.0767723356643,-79.0086746993007,9,1.28,132,9.09,1109403,9.09,9.08615,0.30329,0.79502,-0.06765,0.25809,-0.54871,79.0266,22.46419,-16.63256,0,enoS1(1_parsed).csv
36.0767699114219,-79.0086728251748,9,1.28,131.9,9.81,1109603,9.81,9.81476,-0.41755,0.31645,-0.20418,0.12019,-0.11606,77.66735,26.64426,-16.7641,0,enoS1(1_parsed).csv
36.0767669417249,-79.0086706550117,9,1.02,131.9,9.98,1110403,9.98,9.98226,-1.17129,0.54855,-0.22449,-0.21701,0.38149,76.65887,23.09266,-20.40339,0,enoS1(1_parsed).csv
36.0767647878788,-79.0086687156177,9,1.02,132.8,8.89,1110603,8.89,8.89293,0.23151,0.27876,0.00412,0.70234,-0.3963,79.71353,21.9088,-13.28559,0,enoS1(1_parsed).csv
36.0767618391608,-79.0086667902098,9,0.9,132.8,8.47,1111403,8.47,8.4682,-1.1336,0.28295,0.08506,-0.2219,0.71364,78.26659,25.41654,-13.88483,0,enoS1(1_parsed).csv
36.0767596013986,-79.0086662960373,9,0.9,132.9,10.24,1111603,10.24,10.24427,1.67797,1.21256,0.2138,-0.18922,-0.24908,78.29582,19.86261,-18.85414,0,enoS1(1_parsed).csv
36.0767568648019,-79.008665011655,9,1.1,132.9,7.82,1112403,7.82,7.81735,-0.37747,-0.90449,0.12202,-0.77763,0.44303,79.8597,26.95119,-9.2663,0,enoS1(1_parsed).csv
36.0767549067599,-79.0086637156177,9,1.1,132.8,11.16,1112603,11.16,11.15534,0.39362,1.32622,0.02947,0.45677,0.01283,76.64426,24.67115,-18.67875,0,enoS1(1_parsed).csv
36.0767520932401,-79.0086617902098,9,1.22,132.8,9.51,1113403,9.51,9.51446,0.40199,-0.44148,0.26802,-1.58871,-0.01619,79.33353,27.52119,-12.46711,0,enoS1(1_parsed).csv
36.0767498834499,-79.0086604009324,9,1.22,133,9.94,1113603,9.94,9.94337,-0.68554,0.89133,0.1492,1.05069,-0.1011,76.80502,29.27507,-16.17948,0,enoS1(1_parsed).csv
36.0767472097902,-79.0086585058275,9,1.23,133,10.31,1114403,10.31,10.31247,-0.11007,0.81894,0.20159,-1.03465,0.0197,78.45659,30.32739,-12.6425,0,enoS1(1_parsed).csv
36.0767451958042,-79.0086569207459,9,1.23,134.2,9.44,1114603,9.44,9.43849,0.00897,0.01615,0.07269,0.87537,-0.01283,76.89272,31.65741,-11.85326,0,enoS1(1_parsed).csv
36.0767427505827,-79.0086546270396,9,1.23,134.2,10.53,1115403,10.53,10.52782,-0.55454,0.79322,0.16066,-1.26357,0.03665,76.67349,35.15054,-10.17246,0,enoS1(1_parsed).csv
36.076741034965,-79.0086525850816,9,1.23,134.2,9.48,1115603,9.48,9.47558,-0.6658,0.09811,0.20449,1.43034,0.19303,77.82812,33.3382,-5.83163,0,enoS1(1_parsed).csv
36.0767389114219,-79.0086508135198,9,1.22,134.2,9.91,1116403,9.91,9.90748,-0.69452,1.733,0.34102,0.88178,-0.28054,76.99503,36.1444,-4.26776,0,enoS1(1_parsed).csv
36.0767374941725,-79.0086499463869,9,1.22,134.1,8.82,1116603,8.82,8.81815,-0.03948,-0.4002,0.28359,-0.32361,0.58903,77.91581,35.019,4.47238,0,enoS1(1_parsed).csv
36.0767355990676,-79.008647974359,9,0.9,134.1,9.08,1117403,9.08,9.07538,0.73878,0.09571,0.18112,1.53908,-0.25427,78.20812,32.81204,7.98012,0,enoS1(1_parsed).csv
36.0767342937063,-79.0086464825175,9,0.9,134,8.42,1117603,8.42,8.41915,-0.65743,-0.26441,0.2448,-1.15973,0.08583,76.84888,34.53669,12.4525,0,enoS1(1_parsed).csv
36.0767325594406,-79.0086446643357,9,0.83,134,10.67,1118403,10.67,10.67079,-0.82373,1.61635,-0.07117,0.69394,-0.45479,77.75504,34.88746,4.44315,0,enoS1(1_parsed).csv
36.0767314405594,-79.008642986014,9,0.83,134.8,7.7,1118603,7.7,7.70369,-0.5001,-0.29791,-0.04291,0.51771,0.27764,74.27653,37.38673,14.29407,0,enoS1(1_parsed).csv
36.0767297062937,-79.0086408531468,9,0.6,134.8,10.76,1119403,10.76,10.75933,-0.49771,1.43988,0.0365,-0.56459,0.25763,77.7112,34.77053,3.88775,0,enoS1(1_parsed).csv
36.0767281491841,-79.0086392867133,9,0.6,135.2,9.54,1119603,9.54,9.54078,-0.12084,0.32004,0.06658,1.47188,0.04459,77.94505,33.44051,12.24788,0,enoS1(1_parsed).csv
36.0767263170163,-79.0086374335664,9,1.21,135.2,9.66,1120403,9.66,9.65564,-0.25723,1.37408,0.18005,-0.19273,-0.13011,78.31043,33.03128,10.28939,0,enoS1(1_parsed).csv
36.076725039627,-79.0086357272727,9,1.21,135.3,10.14,1120603,10.14,10.13839,-0.29312,0.3996,0.15455,1.06016,0.09621,77.36042,32.47588,15.40485,0,enoS1(1_parsed).csv
36.0767234405594,-79.0086342587412,9,0.97,135.3,9.69,1121403,9.69,9.69273,-0.03529,-0.08853,0.1066,-0.05681,0.42654,77.74043,28.38351,18.12336,0,enoS1(1_parsed).csv
36.0767225174825,-79.0086338484848,9,0.97,136,9.1,1121603,9.1,9.09751,0.06999,0.07298,0.23549,-0.34667,-0.46227,76.9658,26.36656,21.51418,0,enoS1(1_parsed).csv
36.076721016317,-79.0086333379953,9,0.66,136,10.49,1122403,10.49,10.48714,-1.60558,1.95793,0.1773,0.90912,-0.3065,78.44198,29.12891,16.70564,0,enoS1(1_parsed).csv
36.0767198974359,-79.0086338228438,9,0.66,136.1,7.77,1122603,7.77,7.7695,-0.55992,-0.53719,0.27184,-0.24328,0.37751,74.18884,29.40661,24.55422,0,enoS1(1_parsed).csv
36.0767181421911,-79.0086329650349,9,0.43,136.1,9.47,1123403,9.47,9.4684,-1.0672,-0.22732,0.33781,0.56383,0.18906,76.4981,22.40573,24.39345,0,enoS1(1_parsed).csv
36.0767168181818,-79.0086317995338,9,0.43,136.8,9.37,1123603,9.37,9.3673,0.47617,0.64427,0.35598,-0.46502,0.12523,77.56504,17.49488,25.10962,0,enoS1(1_parsed).csv
36.0767145291375,-79.008630039627,9,0.82,136.8,9.41,1124403,9.41,9.40978,-0.7657,0.06461,0.34758,0.51725,0.13057,77.11195,11.34171,25.86963,0,enoS1(1_parsed).csv
36.0767124498834,-79.0086287062937,9,0.82,136.6,9.44,1124603,9.44,9.43729,0.21775,0.58146,0.36713,-0.45509,0.12141,78.47121,8.34551,24.52499,0,enoS1(1_parsed).csv
36.0767098438228,-79.008626002331,9,1.01,136.6,10.13,1125403,10.13,10.13301,-0.12084,1.15753,0.24083,-0.0168,0.01191,78.88045,3.25928,22.90266,0,enoS1(1_parsed).csv
36.0767078111888,-79.0086228974359,9,1.01,136.2,8.88,1125603,8.88,8.88335,-0.02871,-0.76869,0.19181,0.44425,0.03085,76.14732,3.37621,27.28734,0,enoS1(1_parsed).csv
36.0767050955711,-79.0086197156177,9,1.05,136.2,9.44,1126403,9.44,9.43849,0.76211,0.08614,-0.14875,1.37246,-0.16997,76.81965,-3.63929,24.86115,0,enoS1(1_parsed).csv
36.0767027832168,-79.0086169557109,9,1.05,135.7,8.88,1126603,8.88,8.88216,-0.38764,0.18485,-0.00214,-1.67469,-0.32605,77.79889,-0.62847,22.96112,0,enoS1(1_parsed).csv
36.0766998298368,-79.0086141631702,9,1.35,135.7,9.07,1127403,9.07,9.0688,-0.09571,0.71067,-0.03711,0.51771,0.45983,77.84274,0.73078,23.83806,0,enoS1(1_parsed).csv
36.0766976107226,-79.008612018648,9,1.35,136,10.02,1127603,10.02,10.01695,0.23749,0.40678,0.1292,-0.33949,-0.13699,78.33967,-1.76849,20.25723,0,enoS1(1_parsed).csv
36.0766948694639,-79.0086099277389,9,1.05,136,9.68,1128403,9.68,9.67897,0.61137,0.48395,0.11836,-0.69868,-0.4047,77.82812,-3.2739,22.61035,0,enoS1(1_parsed).csv
36.0766929207459,-79.0086088648019,9,1.05,136.1,9.58,1128603,9.58,9.57727,-0.51984,0.21835,-0.07789,0.54596,-0.15012,78.96814,0.19,20.35954,0,enoS1(1_parsed).csv
36.0766903193473,-79.0086083076923,9,1.32,136.1,9.92,1129403,9.92,9.92363,-0.31107,0.05444,-0.13485,0.56917,-0.03803,78.74891,0.78924,22.04034,0,enoS1(1_parsed).csv
36.0766883799534,-79.0086085967366,9,1.32,136.3,8.75,1129603,8.75,8.75115,-0.14058,-0.11426,-0.13561,-0.42165,0.50946,76.84888,-0.9354,24.97808,0,enoS1(1_parsed).csv
36.0766858461538,-79.0086086689977,9,0.89,136.3,9.93,1130403,9.93,9.9338,-0.68674,0.67298,-0.15363,-0.33537,-0.11255,78.96814,3.1862,21.2511,0,enoS1(1_parsed).csv
36.0766843449883,-79.0086090512821,9,0.89,136.7,9.08,1130603,9.08,9.08435,0.08435,0.25364,-0.23305,0.62797,0.18479,77.79889,3.88775,24.715,0,enoS1(1_parsed).csv
36.0766816293706,-79.0086095081585,9,1.25,136.7,9.84,1131403,9.84,9.84467,-0.29791,0.93559,-0.2222,-0.70448,0.25779,79.26045,6.41625,22.05495,0,enoS1(1_parsed).csv
36.076679037296,-79.0086098624709,9,1.25,136.7,9.72,1131603,9.72,9.72443,0.17946,0.4684,-0.18662,1.16507,-0.15592,78.0912,5.46624,24.4373,0,enoS1(1_parsed).csv
36.0766759487179,-79.0086105641026,9,0.98,136.7,10.07,1132403,10.07,10.0672,0.39302,1.06899,-0.07804,-0.33552,0.27214,78.71967,6.38702,22.91727,0,enoS1(1_parsed).csv
36.0766737855478,-79.0086113193473,9,0.98,136.8,9.67,1132603,9.67,9.667,0.14357,-0.2668,-0.09591,0.9079,-0.45754,76.86349,7.62935,27.76966,0,enoS1(1_parsed).csv
36.0766707482517,-79.0086127202797,9,1.28,136.8,9.63,1133403,9.63,9.6341,0.30329,1.066,-0.11912,-0.25351,-0.22678,78.47121,8.75475,23.32651,0,enoS1(1_parsed).csv
36.0766682214452,-79.0086143053613,9,1.28,135.8,9.81,1133603,9.81,9.81416,-0.60419,0.31107,-0.12889,0.49633,-0.16585,77.69658,11.99942,25.32885,0,enoS1(1_parsed).csv
36.076665018648,-79.0086158414918,9,0.23,135.8,9.49,1134403,9.49,9.49053,-0.72323,-0.68973,-0.17272,0.10201,0.29825,76.4981,13.78252,27.25811,0,enoS1(1_parsed).csv
36.0766624172494,-79.0086173240093,9,0.23,135.6,9.46,1134603,9.46,9.46301,0.24467,0.59462,-0.17822,-0.4018,0.33292,77.60889,11.50249,24.33499,0,enoS1(1_parsed).csv
36.0766596083916,-79.0086185431235,9,1.05,135.6,9.8,1135403,9.8,9.8028,0.55035,0.61376,-0.14416,-0.8853,-0.10354,78.04736,12.74481,23.57498,0,enoS1(1_parsed).csv
36.0766576783217,-79.0086191678321,9,1.05,135.3,9.21,1135603,9.21,9.20698,-0.1334,0.50728,-0.18143,0.84758,-0.48518,77.63812,16.47179,24.67115,0,enoS1(1_parsed).csv
36.0766551351981,-79.0086194592074,9,0.7,135.3,10.26,1136403,10.26,10.25743,-0.6658,1.07976,0.0591,0.39447,0.00947,78.92429,19.07337,20.14031,0,enoS1(1_parsed).csv
36.0766535967366,-79.0086187972028,9,0.7,135.6,8.81,1136603,8.81,8.81097,-0.07238,-0.02273,0.0058,0.42745,0.42944,76.19118,15.4487,27.93043,0,enoS1(1_parsed).csv
36.0766517365967,-79.0086186689977,9,0.78,135.6,10.03,1137403,10.03,10.02593,-0.79023,0.6664,0.01359,-0.04704,0.49709,78.85121,15.09793,23.15112,0,enoS1(1_parsed).csv
36.0766508228438,-79.0086192937063,9,0.78,135.8,8.86,1137603,8.86,8.85703,0.62213,0.44865,0.2025,0.38179,-0.20678,77.37504,11.37094,26.51271,0,enoS1(1_parsed).csv
36.0766487505827,-79.0086194685314,9,0.26,135.8,9.95,1138403,9.95,9.94517,-0.35773,0.21176,0.25061,0.61102,-0.7761,79.28968,9.33937,24.99269,0,enoS1(1_parsed).csv
36.076647016317,-79.0086193939394,9,0.26,135.8,9.2,1138603,9.2,9.20399,-0.62393,0.25184,0.20357,-0.19303,0.36316,76.80502,9.99708,27.98889,0,enoS1(1_parsed).csv
36.0766443170163,-79.0086188321678,9,1.04,135.8,9.89,1139403,9.89,9.88535,-0.27218,0.23629,0.1631,0.28512,0.06658,77.94505,4.60392,23.57498,0,enoS1(1_parsed).csv
36.0766415850816,-79.0086178251748,9,1.04,134.9,9.03,1139603,9.03,9.02812,-0.15613,0.29133,0.1715,-0.12217,0.23854,77.21426,2.44081,24.65653,0,enoS1(1_parsed).csv
36.0766385081585,-79.0086163473193,9,1.38,134.9,9.61,1140403,9.61,9.60539,0.08913,0.21176,0.177,-0.27626,0.0898,78.12044,-1.57849,21.85034,0,enoS1(1_parsed).csv
36.0766363916084,-79.0086147902098,9,1.38,134.2,9.74,1140603,9.74,9.74118,-0.14058,0.62034,0.17104,0.22388,-0.05406,77.88658,-2.28004,21.14879,0,enoS1(1_parsed).csv
36.076633955711,-79.0086131048951,9,1.37,134.2,9.73,1141403,9.73,9.72742,0.22971,0.067,0.23793,-0.70815,0.0872,77.27273,-5.96317,20.09646,0,enoS1(1_parsed).csv
36.0766325384615,-79.0086114545454,9,1.37,134.1,9.96,1141603,9.96,9.95953,0.11545,0.57188,0.15226,0.45097,-0.21121,78.29582,-5.68547,18.22567,0,enoS1(1_parsed).csv
36.0766301282051,-79.0086108508158,9,1.1,134.1,8.88,1142403,8.88,8.88335,0.26859,-0.01675,0.21564,0.31948,-0.56154,77.55042,-8.06782,17.48027,0,enoS1(1_parsed).csv
36.0766283379953,-79.0086112983683,9,1.1,134.1,9.76,1142603,9.76,9.75673,-0.97986,0.77408,0.16921,-0.81535,0.08522,79.42122,-5.58316,13.81175,0,enoS1(1_parsed).csv
36.0766253682984,-79.0086111678322,9,1.02,134.1,9.39,1143403,9.39,9.39183,-0.12024,0.45165,0.26573,-0.04933,0.38011,78.39812,-8.57936,11.67787,0,enoS1(1_parsed).csv
36.0766230839161,-79.0086115594406,9,1.02,134.2,9.51,1143603,9.51,9.50609,0.11545,0.2339,0.2613,0.06597,0.02016,77.76966,-10.99094,8.90091,0,enoS1(1_parsed).csv
36.0766193310023,-79.0086111748252,9,1.21,134.2,9.87,1144403,9.87,9.8692,0.21835,0.45165,0.24816,-0.06842,-0.11393,77.03888,-12.04326,2.51388,0,enoS1(1_parsed).csv
36.0766158158508,-79.0086103822844,9,1.21,134,9.33,1144603,9.33,9.33201,-0.21954,0.22732,0.19288,0.46853,-0.12767,78.90968,-10.36247,3.44928,0,enoS1(1_parsed).csv
36.0766117039627,-79.0086095104895,9,1.21,134,10.05,1145403,10.05,10.05105,-0.36012,0.6999,0.19013,-0.27474,0.0562,79.18737,-8.50628,-3.05466,0,enoS1(1_parsed).csv
36.0766084219114,-79.0086088671329,9,1.21,134.1,9.4,1145603,9.4,9.39661,0.0341,0.11725,0.23824,0.25183,-0.16386,78.70506,-8.30167,-3.87314,0,enoS1(1_parsed).csv
36.0766041911422,-79.0086078135198,9,0.96,134.1,9.12,1146403,9.12,9.11546,-0.68674,0.14058,0.13943,-0.2755,0.41203,80.18124,-5.34931,-4.99854,0,enoS1(1_parsed).csv
36.0766007505827,-79.008607039627,9,0.96,133.7,9.8,1146603,9.8,9.80399,0.57547,0.56231,0.15302,0.18738,0.22526,77.66735,-8.97398,-9.76323,0,enoS1(1_parsed).csv
36.0765966759907,-79.0086057878788,9,1.13,133.7,10.11,1147403,10.11,10.11027,0.6682,0.58923,0.18097,-0.27199,0.04032,76.52734,-7.73166,-11.73633,0,enoS1(1_parsed).csv
36.0765938881119,-79.0086046130536,9,1.13,133.6,9.32,1147603,9.32,9.31586,-0.01795,0.08016,0.06994,0.56719,-0.3711,78.88045,-5.07162,-8.40398,0,enoS1(1_parsed).csv
36.0765905384615,-79.008603039627,9,1,133.6,9.91,1148403,9.91,9.90868,-0.63649,0.01256,0.1379,-0.66111,-0.14218,78.85121,-0.35077,-12.13096,0,enoS1(1_parsed).csv
36.0765881515152,-79.0086020885781,9,1,133.5,9.63,1148603,9.63,9.63171,-0.31645,0.53121,0.15012,0.39996,0.22526,78.45659,-0.54078,-15.2587,0,enoS1(1_parsed).csv
36.076585020979,-79.0085999393939,9,1.15,133.5,9.26,1149403,9.26,9.25843,-0.45823,0.0676,0.19884,0.05009,0.08445,78.96814,3.37621,-14.63023,0,enoS1(1_parsed).csv
36.0765828671329,-79.0085975990676,9,1.15,133.5,9.84,1149603,9.84,9.83749,0.20818,0.59701,0.16997,-0.37583,0.32956,77.38965,0.2777,-16.04794,0,enoS1(1_parsed).csv
36.0765800792541,-79.0085949207459,9,1.27,133.5,9.03,1150403,9.03,9.03291,0.14357,0.00897,0.14111,0.39554,-0.26481,79.962,5.62701,-14.00175,0,enoS1(1_parsed).csv
36.0765781398601,-79.0085925617716,9,1.27,133.5,9.61,1150603,9.61,9.61496,-0.44985,0.23689,0.13592,-0.79138,0.04963,78.39812,8.56475,-17.87489,0,enoS1(1_parsed).csv
36.0765755804196,-79.008589997669,9,1.14,133.5,8.85,1151403,8.85,8.85464,0.02273,-0.01017,0.22006,0.24908,-0.12507,80.32739,11.00555,-13.95791,0,enoS1(1_parsed).csv
36.0765737529138,-79.0085883659674,9,1.14,132.8,10.01,1151603,10.01,10.01277,-0.49771,0.10469,0.20754,-0.78649,0.23411,77.98889,12.56942,-20.228,0,enoS1(1_parsed).csv
36.0765715664336,-79.0085861282051,9,1.1,132.8,9.27,1152403,9.27,9.2692,-0.58325,-0.4325,0.28894,-0.94409,0.36759,80.15201,17.87489,-15.39024,0,enoS1(1_parsed).csv
36.0765702051282,-79.0085845058275,9,1.1,132.6,9.84,1152603,9.84,9.84347,0.57069,0.85843,0.29398,-0.10186,0.04933,78.01812,16.13563,-19.89184,0,enoS1(1_parsed).csv
36.0765679417249,-79.0085825734266,9,1.27,132.6,9.49,1153403,9.49,9.48575,0.21894,0.28834,0.2616,-0.35537,0.05162,79.66969,20.60801,-15.56562,0,enoS1(1_parsed).csv
36.076565974359,-79.0085811561772,9,1.27,132.3,9.53,1153603,9.53,9.53301,0.0664,0.55813,0.2364,0.39294,-0.58796,77.84274,25.13885,-16.98334,0,enoS1(1_parsed).csv
36.0765637319347,-79.0085790699301,9,1.17,132.3,9.23,1154403,9.23,9.22613,-0.35294,-1.03729,0.18189,-0.43295,-0.09743,79.15814,28.69044,-8.84244,0,enoS1(1_parsed).csv
36.0765623053613,-79.0085773356643,9,1.17,132.3,9.99,1154603,9.99,9.99123,-0.51446,0.30867,0.12263,-0.10079,0.25076,76.95118,30.04969,-14.2356,0,enoS1(1_parsed).csv
36.0765603216783,-79.0085754778555,9,1.22,132.3,9.8,1155403,9.8,9.79681,-0.30329,0.56411,0.06154,0.99189,0.13928,77.82812,30.79509,-12.74481,0,enoS1(1_parsed).csv
36.0765588111888,-79.0085744708625,9,1.22,132.3,8.97,1155603,8.97,8.9695,0.14058,-0.27817,0.1686,-0.57727,-0.03894,79.43584,28.92429,-7.8632,0,enoS1(1_parsed).csv
36.0765568018648,-79.0085732494172,9,1.05,132.3,10.15,1156403,10.15,10.15035,0.11904,0.37388,0.10568,-0.33643,0.00993,78.03274,31.59895,-10.21631,0,enoS1(1_parsed).csv
36.0765555524475,-79.0085724382284,9,1.05,132,9.17,1156603,9.17,9.17109,-0.15314,0.38405,0.1211,0.67684,-0.28588,79.18737,31.78895,-7.17626,0,enoS1(1_parsed).csv
36.0765535011655,-79.0085711608392,9,0.85,132,10.08,1157403,10.08,10.08036,-0.11486,0.35294,0.17272,-0.99647,-0.26618,77.9012,35.32593,-7.48319,0,enoS1(1_parsed).csv
36.0765516177156,-79.0085701165501,9,0.85,131.8,9.65,1157603,9.65,9.65145,-0.6006,0.69631,0.12752,1.0232,0.06338,76.81965,36.11517,-6.4601,0,enoS1(1_parsed).csv
36.0765491421911,-79.0085687365967,9,1.17,131.8,10.25,1158403,10.25,10.25085,-0.29073,1.13539,0.14355,-0.16371,0.05544,77.65273,35.73516,-5.61239,0,enoS1(1_parsed).csv
36.0765471655012,-79.0085676270396,9,1.17,131.4,8.77,1158603,8.77,8.77269,-0.18066,-0.3338,0.05925,0.65607,0.40332,78.76352,33.67437,1.95849,0,enoS1(1_parsed).csv
36.0765449277389,-79.0085665734266,9,1.27,131.4,9.61,1159403,9.61,9.60958,0.07657,0.20698,0.09759,0.79351,0.37858,78.66121,34.50745,2.00234,0,enoS1(1_parsed).csv
36.0765434825175,-79.0085657622377,9,1.27,131.9,9.07,1159603,9.07,9.0694,0.11785,-0.15553,0.28787,-0.58292,-0.77549,78.13505,35.2967,4.54545,0,enoS1(1_parsed).csv
36.0765412913753,-79.0085653566434,9,1.2,131.9,9.23,1160403,9.23,9.2345,0.11964,0.46122,0.27443,0.70433,-0.02611,78.51505,32.88512,8.85706,0,enoS1(1_parsed).csv
36.0765397435897,-79.0085655804196,9,1.2,131.8,9.43,1160603,9.43,9.43311,0.03888,0.02453,0.32101,-0.70127,-0.29627,77.78428,33.64513,9.31014,0,enoS1(1_parsed).csv
36.0765375361305,-79.0085655128205,9,1.12,131.8,9.2,1161403,9.2,9.19741,0.15254,0.49352,0.26328,-0.00336,-0.21136,78.12044,30.72201,13.02251,0,enoS1(1_parsed).csv
36.0765357925408,-79.0085658484848,9,1.12,131.6,9.78,1161603,9.78,9.78126,-0.28116,0.41276,0.15073,0.13943,0.15043,78.52967,30.82432,14.11868,0,enoS1(1_parsed).csv
36.076533020979,-79.0085658321678,9,1.1,131.6,9.77,1162403,9.77,9.76511,-0.33679,0.64666,0.15012,0.67348,0.0846,77.22888,28.45659,18.34259,0,enoS1(1_parsed).csv
36.0765305501165,-79.0085657855478,9,1.1,131.7,9.34,1162603,9.34,9.34038,-0.23629,-0.40379,0.24786,-0.27443,0.21716,76.92195,26.41041,22.02572,0,enoS1(1_parsed).csv
36.0765276899767,-79.0085654009324,9,0.97,131.7,9.23,1163403,9.23,9.22972,-0.18963,0.01316,0.18983,-0.16096,-0.41737,77.00965,23.5019,23.01958,0,enoS1(1_parsed).csv
36.0765256480186,-79.0085647948718,9,0.97,131.5,9.73,1163603,9.73,9.72982,-0.22612,0.62632,0.14844,0.10186,0.03848,78.00351,23.88191,21.26571,0,enoS1(1_parsed).csv
36.076522979021,-79.0085638717949,9,0.98,131.5,9.51,1164403,9.51,9.51147,-0.734,0.07836,0.1883,0.60567,0.14997,76.81965,21.66033,25.00731,0,enoS1(1_parsed).csv
36.076521020979,-79.0085628088578,9,0.98,131.4,9.23,1164603,9.23,9.2333,0.24826,0.07119,0.18586,-0.5568,0.34102,76.19118,18.12336,26.80503,0,enoS1(1_parsed).csv
36.0765183519813,-79.0085619114219,9,1.1,131.4,9.06,1165403,9.06,9.05803,-0.20997,-0.22612,0.19166,0.56398,0.25259,76.01579,16.01871,29.66969,0,enoS1(1_parsed).csv
36.0765163100233,-79.008561044289,9,1.1,131.3,9.9,1165603,9.9,9.89791,0.19681,0.6664,0.2051,-0.94501,0.45403,79.01199,10.72786,22.82958,0,enoS1(1_parsed).csv
36.0765134498834,-79.0085607016317,9,1.22,131.3,9.06,1166403,9.06,9.06282,0.41874,-0.11665,0.17058,-0.74128,0.0591,77.18504,9.2663,26.46887,0,enoS1(1_parsed).csv
36.0765111468532,-79.0085608694639,9,1.22,131.6,9.75,1166603,9.75,9.75135,-0.27996,1.01276,0.11973,0.32162,-0.06918,78.9389,8.46244,22.2888,0,enoS1(1_parsed).csv
36.0765083333333,-79.0085611701632,9,1.12,131.6,9.89,1167403,9.89,9.88655,-0.2991,1.27956,0.22571,0.42257,-0.38072,79.42122,5.94855,22.40573,0,enoS1(1_parsed).csv
36.0765062167832,-79.008562,9,1.12,132.1,8.88,1167603,8.88,8.88455,-0.36431,-0.36371,0.219,-0.28191,0.21319,76.80502,5.62701,26.14733,0,enoS1(1_parsed).csv
36.0765037296037,-79.0085625337995,9,1.02,132.1,8.85,1168403,8.85,8.84866,-0.69751,0.11067,0.20571,1.13804,-0.12614,77.18504,3.01082,24.87577,0,enoS1(1_parsed).csv
36.0765022470862,-79.0085629160839,9,1.02,132.1,10,1168603,10,9.99841,-0.21894,0.19561,0.22969,-1.2596,0.19655,77.9012,1.50541,22.81497,0,enoS1(1_parsed).csv
36.0764998997669,-79.0085631235431,9,1.27,132.1,8.85,1169403,8.85,8.84746,0.08614,-0.33141,0.28237,0.46441,0.11576,76.19118,-4.89623,21.96726,0,enoS1(1_parsed).csv
36.076497979021,-79.0085634685315,9,1.27,132.1,10.13,1169603,10.13,10.12583,-0.05025,0.4989,0.33094,-0.92607,-0.13912,78.13505,-5.59778,16.69103,0,enoS1(1_parsed).csv
36.0764953939394,-79.0085631724942,9,1.14,132.1,9.13,1170403,9.13,9.13041,0.16211,0.33619,0.27306,-0.04169,-0.17761,77.06811,-10.04092,15.15639,0,enoS1(1_parsed).csv
36.0764934731935,-79.0085624731935,9,1.14,131.9,10.23,1170603,10.23,10.22992,-0.28175,0.51984,0.25412,-0.3682,0.00107,78.2812,-8.08243,10.01169,0,enoS1(1_parsed).csv
36.0764909137529,-79.0085614871795,9,1.27,131.9,9,1171403,9,8.99522,0,0.38524,0.28726,-0.17058,-0.52931,78.69044,-9.70477,10.3917,0,enoS1(1_parsed).csv
36.0764888158508,-79.0085606293706,9,1.27,132,10.16,1171603,10.16,10.15693,-0.76391,0.55274,0.23778,-0.31841,0.35583,79.17275,-8.57936,3.20082,0,enoS1(1_parsed).csv
36.0764862773893,-79.0085593310023,9,1.14,132,9.43,1172403,9.43,9.42832,-0.1328,0.02213,0.24877,-0.83337,0.06506,78.66121,-10.14323,2.35311,0,enoS1(1_parsed).csv
36.0764844592075,-79.008557979021,9,1.14,132.3,9.81,1172603,9.81,9.81057,0.10528,0.71486,0.15959,0.63576,0.05101,78.01812,-10.94709,-2.14849,0,enoS1(1_parsed).csv
36.0764822470862,-79.0085560745921,9,1.3,132.3,10.09,1173403,10.09,10.08874,-0.47079,1.08096,0.1576,-0.40714,0.52855,78.12044,-8.93014,-5.94855,0,enoS1(1_parsed).csv
36.076480969697,-79.0085542564102,9,1.3,132.3,9.12,1173603,9.12,9.11965,0.78664,0.38225,0.27351,0.93905,-0.70127,78.60275,-8.43321,-5.14469,0,enoS1(1_parsed).csv
36.0764787109557,-79.0085524498834,9,1.02,132.3,9.25,1174403,9.25,9.25424,-0.88116,0.25842,0.13882,0.13195,-0.07865,80.26893,-3.28851,-9.2663,0,enoS1(1_parsed).csv
36.0764767995338,-79.0085511724942,9,1.02,132.5,9.61,1174603,9.61,9.61137,-0.00837,0.51326,0.11087,-0.01894,0.64584,78.85121,-6.63549,-9.98246,0,enoS1(1_parsed).csv
36.0764743333333,-79.0085495477855,9,1.23,132.5,9.52,1175403,9.52,9.51506,0.16989,0.36012,0.0281,0.10889,0.40317,79.12891,-4.79392,-11.75095,0,enoS1(1_parsed).csv
36.0764726643357,-79.0085483822844,9,1.23,132.6,9.4,1175603,9.4,9.39542,0.067,0.47498,0.16234,-0.13454,-0.32513,77.72581,-5.37854,-12.02865,0,enoS1(1_parsed).csv
36.0764699230769,-79.0085471771561,9,1.09,132.6,9.56,1176403,9.56,9.55993,-0.15494,0.29791,0.10018,0.59071,-0.20785,78.66121,-3.17159,-14.01637,0,enoS1(1_parsed).csv
36.0764674242424,-79.0085468228438,9,1.09,132.6,9.41,1176603,9.41,9.41456,-0.18485,0.34995,0.08674,-0.35751,-0.19273,79.78661,0.54078,-13.13943,0,enoS1(1_parsed).csv
36.0764643356643,-79.0085456177156,9,1.07,132.6,9.62,1177403,9.62,9.61915,-0.1651,0.32542,0.07025,-0.30207,-0.01894,78.71967,1.22771,-15.65332,0,enoS1(1_parsed).csv
36.0764619114219,-79.0085442843823,9,1.07,132.9,9.63,1177603,9.63,9.63111,-0.06102,0.25783,-0.00458,0.28314,0.05971,78.19351,0.55539,-15.8287,0,enoS1(1_parsed).csv
36.0764589417249,-79.0085427016317,9,1.06,132.9,9.77,1178403,9.77,9.76989,0.16451,0.81177,0.0617,-0.20418,0.10919,77.56504,-0.38001,-17.80181,0,enoS1(1_parsed).csv
36.0764567878788,-79.0085412097902,9,1.06,133,9.57,1178603,9.57,9.56531,0.1346,0.07478,0.01924,0.33491,-0.30024,78.77814,1.94388,-15.85794,0,enoS1(1_parsed).csv
36.0764538391608,-79.0085398298368,9,0.9,133,9.58,1179403,9.58,9.57608,-0.24706,0.22971,0.04184,-0.29688,0.05024,79.05583,3.68313,-15.6387,0,enoS1(1_parsed).csv
36.0764513496503,-79.008539,9,0.9,132.9,9.51,1179603,9.51,9.51147,0.01615,0.51027,0.02459,0.21273,0.10095,78.38351,3.2739,-17.27565,0,enoS1(1_parsed).csv
36.0764486759907,-79.0085382937063,9,0.82,132.9,9.54,1180403,9.54,9.53719,0.16989,0.45404,0.06307,0.05147,-0.07941,77.74043,4.06314,-18.28413,0,enoS1(1_parsed).csv
36.0764467738928,-79.0085382097902,8,0.82,133.2,9.65,1180603,9.65,9.64547,-0.07956,0.37507,0.06857,0.13134,-0.14035,78.2812,5.55393,-17.67027,0,enoS1(1_parsed).csv
36.0764445058275,-79.0085381095571,8,0.63,133.2,9.55,1181403,9.55,9.54736,0.23151,0.22732,0.09484,0.30757,-0.20953,79.17275,7.07396,-17.71412,0,enoS1(1_parsed).csv
36.0764428554779,-79.0085385757576,9,0.63,133.5,9.28,1181603,9.28,9.27578,-0.47737,0.09212,0.07743,-0.23274,0.20876,79.26045,8.68167,-15.88717,0,enoS1(1_parsed).csv
36.0764413706294,-79.0085381445221,9,0.6,133.5,9.47,1182403,9.47,9.47498,0.18724,0.05085,0.0029,0.82329,-0.06765,79.65507,8.95937,-17.45104,0,enoS1(1_parsed).csv
36.0764407738928,-79.0085375198135,9,0.6,133.7,9.23,1182603,9.23,9.22553,-0.06341,-0.04905,0.07025,-0.75472,0.00519,79.66969,8.60859,-16.61795,0,enoS1(1_parsed).csv
36.0764401188811,-79.0085364405594,9,0.51,133.7,9.22,1183403,9.22,9.21715,-0.12802,0.13759,0.01649,0.25626,0.13271,79.12891,10.37708,-17.84566,0,enoS1(1_parsed).csv
36.0764401188811,-79.0085354895105,9,0.51,133.6,9.67,1183603,9.67,9.67299,0.28415,0.54796,0.07636,-0.22037,-0.15562,78.47121,11.13709,-19.3803,0,enoS1(1_parsed).csv
36.0764397342657,-79.0085340979021,9,0.59,133.6,9.18,1184403,9.18,9.18066,-0.29013,0.02453,-0.02107,-0.27718,0.16386,79.50891,12.58404,-16.7641,0,enoS1(1_parsed).csv
36.0764395850816,-79.0085328205128,9,0.59,133.6,9.97,1184603,9.97,9.97029,0.18544,0.57607,-0.00473,0.06979,-0.00565,77.55042,11.50249,-20.72493,0,enoS1(1_parsed).csv
36.0764391748252,-79.008530993007,9,0.53,133.6,9.54,1185403,9.54,9.54377,-0.00957,0.81535,-0.0087,0.44761,-0.36133,77.97428,12.99328,-19.93569,0,enoS1(1_parsed).csv
36.0764389324009,-79.0085292400932,9,0.53,133.3,9.58,1185603,9.58,9.57907,-0.10349,-0.1675,-0.07926,-0.12263,0.16188,79.40661,13.06635,-17.81643,0,enoS1(1_parsed).csv
36.0764383613054,-79.0085271328671,9,0.46,133.3,9.85,1186403,9.85,9.85424,0.44028,0.29611,-0.01878,-0.32758,-0.06109,78.98275,11.0494,-17.75797,0,enoS1(1_parsed).csv
36.0764379137529,-79.0085251282051,9,0.46,133.3,9.48,1186603,9.48,9.47677,-0.1346,0.4331,-0.09117,0.1996,-0.14859,78.51505,10.66939,-19.1026,0,enoS1(1_parsed).csv
36.0764371398601,-79.0085231515151,9,0.59,133.3,10.19,1187403,10.19,10.18565,0.50668,0.40439,-0.05971,-0.45021,0.05147,77.56504,9.07629,-19.02952,0,enoS1(1_parsed).csv
36.0764363939394,-79.0085220699301,9,0.59,133.2,8.94,1187603,8.94,8.94198,-0.03589,0.23509,-0.12477,0.30574,-0.21457,79.09968,9.19322,-16.91026,0,enoS1(1_parsed).csv
36.0764352727273,-79.008520983683,9,0.59,133.2,9.37,1188403,9.37,9.37089,0.08794,0.1657,-0.1347,0.34285,-0.24542,78.96814,8.74013,-17.83104,0,enoS1(1_parsed).csv
36.0764344055944,-79.0085203869464,9,0.59,133.5,9.52,1188603,9.52,9.51506,-0.26142,0.60897,-0.10873,-0.46762,0.09178,78.67583,8.81321,-18.67875,0,enoS1(1_parsed).csv
36.076433034965,-79.0085195454545,9,0.69,133.5,9.62,1189403,9.62,9.62094,0.02393,0.64068,-0.07789,-0.22266,0.11225,78.20812,5.87547,-18.06489,0,enoS1(1_parsed).csv
36.0764317762238,-79.0085191724942,9,0.69,133.4,9.24,1189603,9.24,9.2357,-0.0658,0.0993,-0.12599,0.56108,-0.04856,79.08507,6.19702,-16.79334,0,enoS1(1_parsed).csv
36.0764301305361,-79.0085184405594,9,0.56,133.4,9.39,1190403,9.39,9.39303,-0.10409,0.49711,-0.13607,0.53161,0.1938,79.05583,4.41391,-16.50102,0,enoS1(1_parsed).csv
36.0764286759907,-79.0085181608391,9,0.56,133.1,9.65,1190603,9.65,9.64547,0.12622,0.02812,-0.05727,-0.31444,-0.12737,79.4943,4.47238,-16.44256,0,enoS1(1_parsed).csv
36.0764269370629,-79.0085172937063,9,0.78,133.1,9.26,1191403,9.26,9.25723,-0.15194,0.02871,-0.13057,-0.45769,0.32635,79.97662,2.95235,-12.7302,0,enoS1(1_parsed).csv
36.0764257435897,-79.0085163613054,9,0.78,132.8,10.13,1191603,10.13,10.12822,0.1011,0.24048,-0.09331,0.18234,-0.1237,77.95966,2.14849,-18.64952,0,enoS1(1_parsed).csv
36.076424030303,-79.0085153846154,9,0.9,132.8,8.85,1192403,8.85,8.84567,-0.5007,-0.23091,-0.09575,-0.2865,-0.01161,80.76585,3.05466,-13.40251,0,enoS1(1_parsed).csv
36.0764227342657,-79.0085147878788,9,0.9,132.9,10.36,1192603,10.36,10.36092,0.27996,0.667,-0.02718,-0.25855,0.08537,77.69658,1.11079,-18.78106,0,enoS1(1_parsed).csv
36.076421025641,-79.0085134125874,9,0.67,132.9,9.63,1193403,9.63,9.62513,0.03888,0.05324,0.03971,-0.67699,-0.27092,79.58199,2.19234,-14.2356,0,enoS1(1_parsed).csv
36.0764197202797,-79.008511995338,9,0.67,132.6,9.45,1193603,9.45,9.44866,-0.44088,0.38166,-0.03574,0.40577,0.1095,79.20199,3.91698,-15.93102,0,enoS1(1_parsed).csv
36.0764177995338,-79.0085103916084,9,0.78,132.6,9.5,1194403,9.5,9.49891,-0.17228,0.31466,-0.02184,0.66584,-0.08247,78.85121,2.64543,-16.09179,0,enoS1(1_parsed).csv
36.0764163076923,-79.008509048951,9,0.78,132.8,9.51,1194603,9.51,9.50788,-0.07418,0.15673,-0.01084,-0.58292,0.146,79.01199,2.41158,-15.77024,0,enoS1(1_parsed).csv
36.0764142261072,-79.0085076573426,9,0.76,132.8,9.18,1195403,9.18,9.17887,-0.03948,0.26142,0.1095,0.24511,-0.15745,79.04122,3.25928,-16.45718,0,enoS1(1_parsed).csv
36.0764124545455,-79.0085066876457,9,0.76,133.3,9.79,1195603,9.79,9.78904,-0.01256,0.58505,0.09804,-0.38026,0.02917,78.35428,4.29699,-19.17568,0,enoS1(1_parsed).csv
36.0764103986014,-79.0085054055944,9,0.77,133.3,9.09,1196403,9.09,9.08734,-0.17348,0.26979,0.11255,0.09377,-0.13485,79.42122,7.16165,-18.40105,0,enoS1(1_parsed).csv
36.0764087296037,-79.0085045477855,9,0.77,133.4,9.77,1196603,9.77,9.77348,-0.05803,0.50548,0.13241,-0.1657,0.0281,78.47121,7.5855,-19.45338,0,enoS1(1_parsed).csv
36.0764068298368,-79.0085035454545,9,0.7,133.4,9.32,1197403,9.32,9.32423,-0.2004,0.37448,0.20327,-0.18418,0.14676,78.48582,10.93248,-18.59105,0,enoS1(1_parsed).csv
36.0764055524475,-79.0085027995338,9,0.7,134,9.8,1197603,9.8,9.79562,0.13759,0.3344,0.2251,0.2529,-0.02321,78.5589,11.38556,-19.30722,0,enoS1(1_parsed).csv
36.076404020979,-79.0085019067599,9,0.6,134,9.84,1198403,9.84,9.8357,0.30568,0.6335,0.29474,-0.14752,-0.11408,78.45659,16.51564,-19.05876,0,enoS1(1_parsed).csv
36.0764031258741,-79.0085013659674,9,0.6,134.1,9.29,1198603,9.29,9.29432,-0.25125,0.02871,0.27733,0.34483,-0.15211,79.69892,19.76031,-17.46565,0,enoS1(1_parsed).csv
36.076401967366,-79.0085007272727,9,0.58,134.1,9.48,1199403,9.48,9.48335,0.0347,0.21476,0.31108,0.0368,0.12813,78.92429,24.36422,-15.77024,0,enoS1(1_parsed).csv
36.0764013519813,-79.0085003822844,9,0.58,134.1,9.68,1199603,9.68,9.68316,0.13998,0.57607,0.34514,0.07895,-0.21808,78.71967,25.79655,-16.36948,0,enoS1(1_parsed).csv
36.0764001678322,-79.0084998578088,9,0.83,134.1,9.63,1200403,9.63,9.6341,-0.1005,0.38584,0.30849,0.05651,-0.14432,78.45659,30.16662,-11.47325,0,enoS1(1_parsed).csv
36.0763994498834,-79.0084992703962,9,0.83,134.1,9.46,1200603,9.46,9.46421,-0.00239,0.24706,0.27397,0.21044,0.0701,78.96814,30.88278,-8.47705,0,enoS1(1_parsed).csv
36.0763978974359,-79.0084989020979,9,0.71,134.1,9.42,1201403,9.42,9.41636,-0.30748,-0.11127,0.28268,-0.22205,0.18555,78.88045,34.3613,-2.47004,0,enoS1(1_parsed).csv
36.0763965081585,-79.0084987995338,9,0.71,133.8,9.81,1201603,9.81,9.81476,0.335,0.42054,0.27978,0.17914,-0.08491,79.09968,33.13359,-3.81467,0,enoS1(1_parsed).csv
36.0763944522145,-79.0084987738928,9,0.89,133.8,9.72,1202403,9.72,9.72443,-0.02333,0.201,0.29719,-0.655,-0.12798,78.45659,34.71207,2.29465,0,enoS1(1_parsed).csv
36.0763924848485,-79.0084991375291,9,0.89,134,9.63,1202603,9.63,9.62692,-0.09332,0.56231,0.22419,0.46426,-0.00535,78.16428,35.91055,3.36159,0,enoS1(1_parsed).csv
36.076390034965,-79.0084994895105,9,1.17,134,9.54,1203403,9.54,9.54497,-0.2339,0.32124,0.26435,-0.00031,0.05803,77.97428,34.33207,8.53552,0,enoS1(1_parsed).csv
36.076387965035,-79.0084998531469,9,1.17,134.2,9.54,1203603,9.54,9.54497,0.2321,0.34038,0.27764,0.05498,-0.01313,78.26659,32.70973,9.74861,0,enoS1(1_parsed).csv
36.0763855151515,-79.0085000396271,9,1.07,134.2,9.37,1204403,9.37,9.37089,-0.22193,0.2656,0.22449,0.18341,-0.0255,77.34581,31.16048,14.06022,0,enoS1(1_parsed).csv
36.0763836317016,-79.0085001328671,9,1.07,134.6,9.63,1204603,9.63,9.62932,-0.08614,0.42951,0.24404,-0.12217,0.18372,77.97428,29.61122,15.65332,0,enoS1(1_parsed).csv
36.0763815547785,-79.0084999207459,9,0.79,134.6,9.5,1205403,9.5,9.49711,0.21236,0.27338,0.24022,0.36209,-0.07055,78.33967,25.19731,19.78954,0,enoS1(1_parsed).csv
36.0763803146853,-79.0084994638695,9,0.79,134.8,9.61,1205603,9.61,9.61137,-0.3984,0.1011,0.27413,-0.22907,-0.20097,77.02426,26.46887,20.54955,0,enoS1(1_parsed).csv
36.0763785384615,-79.0084991631702,9,0.61,134.8,9.55,1206403,9.55,9.55394,0.09153,0.27577,0.30925,-0.18524,-0.21564,77.27273,20.21339,23.64806,0,enoS1(1_parsed).csv
36.0763774848485,-79.0084988741259,9,0.61,134.6,9.54,1206603,9.54,9.54138,-0.33141,0.2985,0.31017,0.00519,0.03406,77.33119,19.49722,23.9696,0,enoS1(1_parsed).csv
36.0763755687646,-79.0084988321678,9,0.78,134.6,9.39,1207403,9.39,9.39123,-0.11007,0.37986,0.33201,0.2613,0.02657,77.25811,12.89097,26.70272,0,enoS1(1_parsed).csv
36.0763737972028,-79.008499,9,0.78,134.7,9.69,1207603,9.69,9.68794,-0.03829,0.2656,0.34376,-0.17394,0.12828,77.7112,8.81321,26.57118,0,enoS1(1_parsed).csv
36.0763715757576,-79.008499,9,0.81,134.7,9.37,1208403,9.37,9.36969,0.00837,-0.06341,0.32132,-0.07819,-0.06002,76.41041,3.58082,26.86349,0,enoS1(1_parsed).csv
36.0763698041958,-79.0084990839161,9,0.81,134.4,9.81,1208603,9.81,9.81117,-0.3003,0.38824,0.36072,-0.01008,-0.09575,78.52967,2.67466,24.29114,0,enoS1(1_parsed).csv
36.0763676759907,-79.0084990629371,9,0.79,134.4,9.5,1209403,9.5,9.49532,0.03649,0.04606,0.34163,-0.37828,-0.00076,77.88658,-4.80854,21.73341,0,enoS1(1_parsed).csv
36.076366006993,-79.008498960373,9,0.79,134.3,9.77,1209603,9.77,9.77169,-0.14237,0.55753,0.32391,0.02321,-0.04612,78.58813,-5.39316,18.03566,0,enoS1(1_parsed).csv
36.0763641794872,-79.0084987995338,9,0.68,134.3,9.37,1210403,9.37,9.37089,0.11844,0.64008,0.30436,0.10095,0.11652,77.9012,-9.10552,13.49021,0,enoS1(1_parsed).csv
36.0763630699301,-79.0084986876457,9,0.68,134.2,9.53,1210603,9.53,9.53181,0.01795,0.24467,0.33094,-0.08491,-0.11912,77.74043,-10.04092,12.56942,0,enoS1(1_parsed).csv
36.0763616363636,-79.0084984592075,9,0.61,134.2,9.57,1211403,9.57,9.56591,0.11366,0.08495,0.26008,0.21243,-0.01695,78.22274,-11.7948,6.78164,0,enoS1(1_parsed).csv
36.0763608997669,-79.0084981608392,9,0.61,134.2,9.33,1211603,9.33,9.33081,-0.10528,0.34756,0.27993,-0.11729,-0.03955,78.25198,-11.35633,6.85472,0,enoS1(1_parsed).csv
36.0763593939394,-79.0084978391608,9,0.64,134.2,9.69,1212403,9.69,9.68974,-0.06879,0.60179,0.29352,-0.0533,-0.14844,78.86583,-9.80707,-2.2508,0,enoS1(1_parsed).csv
36.076358032634,-79.0084973729604,9,0.64,134.3,9.32,1212603,9.32,9.32423,-0.1334,0.16989,0.27077,0.29734,0.08644,78.73429,-9.55861,-0.89155,0,enoS1(1_parsed).csv
36.0763563403263,-79.0084971864802,9,0.47,134.3,9.88,1213403,9.88,9.88236,0.17587,0.32542,0.26924,0.48304,0.04688,77.88658,-7.95089,-8.78398,0,enoS1(1_parsed).csv
36.076355062937,-79.0084972797203,9,0.47,134.2,9.03,1213603,9.03,9.0347,-0.21476,0.10708,0.33323,-0.12156,-0.16509,78.73429,-6.06548,-6.59164,0,enoS1(1_parsed).csv
36.0763533240093,-79.0084974405595,9,0.71,134.2,9.58,1214403,9.58,9.57727,-0.21894,0.13519,0.23808,0.25885,-0.06475,78.66121,-2.22157,-13.50482,0,enoS1(1_parsed).csv
36.0763519533799,-79.0084977296037,9,0.71,134.3,9.51,1214603,9.51,9.51027,-0.05982,0.5683,0.27687,-0.18372,0.04307,78.58813,-0.62847,-14.92254,0,enoS1(1_parsed).csv
36.0763502867133,-79.0084981235431,9,0.69,134.3,9.54,1215403,9.54,9.54078,-0.23031,0.38524,0.22739,-0.21029,0.21884,78.80737,3.08389,-17.34873,0,enoS1(1_parsed).csv
36.076349009324,-79.0084986829837,9,0.69,134.4,9.59,1215603,9.59,9.59283,0.25065,0.35234,0.24603,0.20372,-0.05284,78.2812,3.15697,-17.90412,0,enoS1(1_parsed).csv
36.0763474568765,-79.008498983683,9,0.62,134.4,9.71,1216403,9.71,9.70828,0.0335,0.50907,0.27718,-0.28879,-0.12843,78.77814,9.69015,-20.08185,0,enoS1(1_parsed).csv
36.0763462913753,-79.0084993379953,9,0.62,134.3,9.53,1216603,9.53,9.52942,0.02453,0.31944,0.22098,0.24984,0.03299,79.1143,10.53785,-18.03566,0,enoS1(1_parsed).csv
36.0763448018648,-79.0084991561772,9,0.59,134.3,9.89,1217403,9.89,9.89073,0.08435,0.32901,0.26481,-0.26588,-0.13622,78.5589,15.9164,-18.66413,0,enoS1(1_parsed).csv
36.0763438321678,-79.0084984848485,9,0.59,134.6,9.21,1217603,9.21,9.21297,-0.1681,0.07298,0.22358,0.11393,0.0423,78.96814,17.49488,-17.55335,0,enoS1(1_parsed).csv
36.0763426480186,-79.0084977948718,9,0.69,134.6,9.81,1218403,9.81,9.81117,-0.00419,0.39063,0.27245,0.11591,0.17975,78.39812,22.96112,-17.94797,0,enoS1(1_parsed).csv
36.076342032634,-79.0084971794872,9,0.69,134.5,9.23,1218603,9.23,9.22972,0.07059,0.29133,0.28344,-0.12385,-0.07117,79.18737,23.60421,-16.61795,0,enoS1(1_parsed).csv
36.0763408741259,-79.0084963543123,9,0.67,134.5,9.58,1219403,9.58,9.57967,-0.01854,0.48335,0.27535,0.23579,-0.09957,78.45659,27.28734,-14.58638,0,enoS1(1_parsed).csv
36.076339979021,-79.0084957109557,9,0.67,134.5,9.44,1219603,9.44,9.43909,-0.08016,0.12682,0.25,-0.09591,0.04322,78.64659,29.24584,-11.54633,0,enoS1(1_parsed).csv
36.0763384475524,-79.0084948228438,9,0.64,134.5,9.39,1220403,9.39,9.39003,0.00419,0.3673,0.27092,-0.23381,-0.00275,78.2812,32.27127,-8.18474,0,enoS1(1_parsed).csv
36.076337002331,-79.008493983683,9,0.64,134.4,9.67,1220603,9.67,9.67239,-0.01137,0.37328,0.24358,0.18754,0.00122,78.29582,32.47588,-7.48319,0,enoS1(1_parsed).csv
36.0763351445221,-79.008493002331,9,0.87,134.4,9.41,1221403,9.41,9.41037,-0.08195,0.56172,0.22694,0.06261,0.04414,78.45659,33.93745,-3.53698,0,enoS1(1_parsed).csv
36.0763335128205,-79.0084920885781,9,0.87,134.9,9.52,1221603,9.52,9.51685,0.04546,0.2991,0.25611,0.04276,-0.17333,78.04736,34.02514,-0.19,0,enoS1(1_parsed).csv
36.0763318205128,-79.008491004662,9,0.66,134.9,9.63,1222403,9.63,9.63051,-0.26381,0.41037,0.21014,0.31857,0.03879,78.04736,34.79977,2.96697,0,enoS1(1_parsed).csv
36.0763307296037,-79.0084902867133,9,0.66,135.2,9.46,1222603,9.46,9.45644,-0.03769,0.19561,0.23381,0.01924,0.08186,78.20812,34.22976,6.12394,0,enoS1(1_parsed).csv
36.0763293636364,-79.0084896736597,9,0.36,135.2,9.5,1223403,9.5,9.49652,-0.0347,-0.02393,0.18631,-0.01588,0.24129,77.9012,32.69512,11.40018,0,enoS1(1_parsed).csv
36.0763286363636,-79.0084894125874,9,0.36,135.9,9.77,1223603,9.77,9.7681,0.28355,0.32363,0.20174,-0.10996,-0.2222,78.64659,31.86203,10.23093,0,enoS1(1_parsed).csv
36.0763272703963,-79.008489053613,9,0.56,135.9,9.49,1224403,9.49,9.49472,-0.09511,0.24706,0.15088,-0.07468,-0.04917,78.14967,30.7074,14.16253,0,enoS1(1_parsed).csv
36.0763264312354,-79.008488988345,9,0.56,135.7,9.51,1224603,9.51,9.51386,-0.01974,0.45284,0.15302,-0.19135,0.03207,78.66121,30.6197,13.89944,0,enoS1(1_parsed).csv
36.0763246759907,-79.0084885314685,9,0.91,135.7,9.71,1225403,9.71,9.71366,-0.05085,0.77348,0.17685,0.03528,0.05177,78.66121,28.6466,15.84332,0,enoS1(1_parsed).csv
36.0763230722611,-79.008488027972,9,0.91,135.6,9.3,1225603,9.3,9.29851,0.01256,0.10528,0.15348,0.19777,0.08949,77.93044,26.99503,20.12569,0,enoS1(1_parsed).csv
36.0763206480187,-79.0084873589744,9,0.92,135.6,9.51,1226403,9.51,9.50668,-0.0317,0.0658,0.16997,-0.12462,-0.02367,77.44811,24.51038,21.79187,0,enoS1(1_parsed).csv
36.0763186247086,-79.0084866783217,9,0.92,135.8,9.64,1226603,9.64,9.64188,0.05982,0.07896,0.16157,0.16005,-0.10385,77.19965,23.28267,21.89418,0,enoS1(1_parsed).csv
36.0763157226107,-79.0084862680653,9,1.06,135.8,9.82,1227403,9.82,9.82074,-0.11964,0.1322,0.14478,-0.39951,-0.04551,77.82812,21.41187,23.67729,0,enoS1(1_parsed).csv
36.0763132797203,-79.0084863053613,9,1.06,135.8,9.46,1227603,9.46,9.46122,-0.12861,0.26321,0.17379,-0.05818,-0.02413,78.19351,20.02338,22.82958,0,enoS1(1_parsed).csv
36.0763099207459,-79.0084860815851,9,1.24,135.8,9.31,1228403,9.31,9.30748,-0.06341,0.36072,0.21212,-0.33643,-0.02306,77.84274,17.48027,23.47267,0,enoS1(1_parsed).csv
36.0763068251748,-79.0084859417249,9,1.24,135.7,9.69,1228603,9.69,9.68854,-0.05324,0.59222,0.2022,0.18418,0.03131,78.60275,16.01871,24.42268,0,enoS1(1_parsed).csv
36.0763032540792,-79.0084855780886,9,1.21,135.7,9.57,1229403,9.57,9.56591,-0.01675,0.55992,0.25168,0.10125,0.1237,77.69658,10.71324,25.51886,0,enoS1(1_parsed).csv
36.0763004475524,-79.008485,9,1.21,135.6,9.53,1229603,9.53,9.52643,0.25304,0.1681,0.2697,0.21854,-0.10415,77.14119,8.46244,26.89272,0,enoS1(1_parsed).csv
36.0762972191142,-79.0084844662005,9,1.08,135.6,9.4,1230403,9.4,9.40499,0.12682,0.12921,0.37736,0.22342,-0.24496,76.70272,2.76235,25.82578,0,enoS1(1_parsed).csv
36.076294990676,-79.0084841678322,9,1.08,135.6,9.63,1230603,9.63,9.62513,-0.28175,0.26082,0.37889,-0.31521,-0.02581,78.12044,1.75387,23.80883,0,enoS1(1_parsed).csv
36.0762925291375,-79.0084839393939,9,0.75,135.6,9.42,1231403,9.42,9.42353,-0.12084,0.0006,0.4047,0.23976,-0.00611,78.07658,-5.3347,20.95878,0,enoS1(1_parsed).csv
36.0762911491841,-79.0084840792541,9,0.75,135.5,9.51,1231603,9.51,9.51147,-0.02572,0.34098,0.42944,-0.43936,0.02245,78.23736,-7.24934,17.55335,0,enoS1(1_parsed).csv
36.0762891701632,-79.0084840675991,9,0.7,135.5,9.66,1232403,9.66,9.65923,0.17767,0.29791,0.41279,-0.10797,0.05055,78.2812,-11.38556,10.90324,0,enoS1(1_parsed).csv
36.076288004662,-79.0084841888112,9,0.7,135.5,9.47,1232603,9.47,9.4666,-0.13699,0.49352,0.42623,0.21884,-0.15409,79.15814,-11.25402,9.35399,0,enoS1(1_parsed).csv
36.0762859020979,-79.0084837575757,9,0.44,135.5,9.67,1233403,9.67,9.67299,-0.20818,0.54078,0.34957,0.15653,-0.0449,78.92429,-10.37708,0.08769,0,enoS1(1_parsed).csv
36.0762842051282,-79.0084831421911,9,0.44,135.9,9.58,1233603,9.58,9.57787,-0.05085,0.18365,0.35598,-0.0223,0.23931,78.82198,-11.02017,-0.89155,0,enoS1(1_parsed).csv
36.0762819417249,-79.008482058275,9,0.75,135.9,9.44,1234403,9.44,9.44268,0.23809,0.22672,0.33521,-0.04016,0.27306,78.42736,-8.82783,-5.58316,0,enoS1(1_parsed).csv
36.0762801421911,-79.0084807902098,9,0.75,135.7,9.6,1234603,9.6,9.60479,0.15135,0.35474,0.35445,-0.08415,-0.43646,78.66121,-6.60626,-8.56475,0,enoS1(1_parsed).csv
36.0762778578089,-79.0084796899767,9,0.97,135.7,9.66,1235403,9.66,9.66222,-0.10887,0.37089,0.3963,-0.41279,-0.14554,78.83659,-0.6577,-13.7679,0,enoS1(1_parsed).csv
36.0762760582751,-79.0084788601398,9,0.97,135.6,9.5,1235603,9.5,9.5025,-0.36969,0.32542,0.36789,0.29108,0.08796,79.39199,2.92312,-15.15639,0,enoS1(1_parsed).csv
36.0762737948718,-79.0084780862471,9,1.17,135.6,9.91,1236403,9.91,9.90569,-0.04666,0.27996,0.51511,-0.12156,0.54107,77.49197,9.2663,-20.34493,0,enoS1(1_parsed).csv
36.0762721818182,-79.0084774708624,9,1.17,135.2,9.11,1236603,9.11,9.10649,0.55573,0.43011,0.58139,0.42654,-0.44166,78.90968,11.2394,-17.15873,0,enoS1(1_parsed).csv
36.0762700582751,-79.0084769417249,9,0.85,135.2,9.59,1237403,9.59,9.59163,0.00359,0.62692,0.64278,0.69593,-0.39584,78.10582,24.80269,-16.41333,0,enoS1(1_parsed).csv
36.0762684545455,-79.0084768205128,9,0.85,134.9,9.48,1237603,9.48,9.47976,-0.4654,-0.4672,0.65928,-0.16906,0.04047,78.61736,28.85121,-10.62555,0,enoS1(1_parsed).csv
36.0762663986014,-79.0084767529138,9,0.69,134.9,9.58,1238403,9.58,9.58266,-0.31705,-0.15972,0.6579,0.28848,-0.03772,77.98889,34.81438,-0.57001,0,enoS1(1_parsed).csv
36.076264981352,-79.0084769300699,9,0.69,134.7,9.49,1238603,9.49,9.48754,0.03709,0.06221,0.66096,-0.35293,0.21044,78.85121,33.87898,1.60772,0,enoS1(1_parsed).csv
36.076263018648,-79.0084771631702,9,0.72,134.7,9.25,1239403,9.25,9.25424,0.03709,-0.23868,0.65011,-0.36484,0.02321,77.93044,31.51125,13.75329,0,enoS1(1_parsed).csv
36.0762614335664,-79.0084775361305,9,0.72,134.8,9.7,1239603,9.7,9.70349,-0.00718,0.6,0.59452,0.15577,-0.0646,78.66121,30.73663,12.90558,0,enoS1(1_parsed).csv
36.0762594195804,-79.0084778368298,9,0.83,134.8,9.36,1240403,9.36,9.36431,-0.15553,0.21954,0.59193,0.30803,-0.12782,77.79889,22.02572,22.77112,0,enoS1(1_parsed).csv
36.0762583566434,-79.0084777062937,9,0.83,135,9.75,1240603,9.75,9.75315,-0.25484,0.41216,0.62354,-0.23579,0.07651,78.12044,19.78954,22.93189,0,enoS1(1_parsed).csv
36.0762564708625,-79.0084778531468,9,0.76,135,9.27,1241403,9.27,9.2692,-0.19023,0.02094,0.63774,-0.56642,0.01069,77.63812,7.51242,27.21426,0,enoS1(1_parsed).csv
36.076255006993,-79.0084781981352,9,0.76,135.1,9.8,1241603,9.8,9.79562,0.14177,0.51087,0.57818,0.40256,0.03283,78.52967,3.68313,24.29114,0,enoS1(1_parsed).csv
36.0762524731935,-79.008479002331,9,0.93,135.1,9.23,1242403,9.23,9.22672,0.21296,0.12562,0.65103,-0.04246,-0.48503,77.33119,-6.2701,20.02338,0,enoS1(1_parsed).csv
36.0762500769231,-79.008479981352,9,0.93,135.1,9.79,1242603,9.79,9.79263,-0.48215,0.73759,0.54413,-0.16249,0.12309,79.46507,-5.07162,15.7264,0,enoS1(1_parsed).csv
36.076246962704,-79.008481018648,9,0.84,135.1,9.41,1243403,9.41,9.41456,-0.14118,0.02034,0.54825,-0.301,0.37522,78.90968,-11.19556,8.28705,0,enoS1(1_parsed).csv
36.0762442773893,-79.0084820815851,9,0.84,135.2,9.53,1243603,9.53,9.5342,0.3673,0.42592,0.56429,0.30635,-0.2193,78.23736,-12.21865,5.56855,0,enoS1(1_parsed).csv
36.07624097669,-79.0084828648018,9,0.78,135.2,9.58,1244403,9.58,9.57787,-0.04068,0.42173,0.53848,-0.06399,-0.07285,78.50043,-8.9886,-7.05934,0,enoS1(1_parsed).csv
36.0762381235431,-79.0084833589743,9,0.78,135.3,9.47,1244603,9.47,9.47019,-0.1675,0.39182,0.54214,0.0817,-0.04994,78.99737,-5.97778,-8.95937,0,enoS1(1_parsed).csv
36.0762354755245,-79.0084832820513,9,0.96,135.3,9.25,1245403,9.25,9.24706,-0.35234,0.26321,0.50274,-0.06796,-0.05589,79.47968,2.32388,-15.09793,0,enoS1(1_parsed).csv
36.076234011655,-79.0084828997669,9,0.96,135.1,9.81,1245603,9.81,9.81237,-0.0347,0.43729,0.48228,-0.01924,0.22907,78.47121,4.13622,-16.83718,0,enoS1(1_parsed).csv
36.076232027972,-79.0084824475525,9,0.86,135.1,9.33,1246403,9.33,9.32662,0.09751,0.10409,0.54413,0.04749,0.02428,79.61122,12.77404,-17.39258,0,enoS1(1_parsed).csv
36.0762308904429,-79.0084816456877,9,0.86,135,9.73,1246603,9.73,9.72563,0.01316,0.4672,0.56536,-0.14707,-0.2532,79.01199,16.51564,-19.35107,0,enoS1(1_parsed).csv
36.0762292027972,-79.0084806340326,9,0.83,135,9.51,1247403,9.51,9.51147,-0.13041,0.19801,0.56872,-0.04078,-0.22495,78.95352,26.61502,-13.47559,0,enoS1(1_parsed).csv
36.0762282610723,-79.0084794685314,9,0.83,134.8,9.6,1247603,9.6,9.60479,-0.16211,0.24646,0.51328,-0.34178,0.21319,79.04122,28.35428,-13.21251,0,enoS1(1_parsed).csv
36.0762266456876,-79.0084784778555,9,1.05,134.8,9.43,1248403,9.43,9.42653,0.10828,0.2674,0.48075,-0.03039,-0.06582,78.90968,33.95206,-4.41391,0,enoS1(1_parsed).csv
36.0762254242424,-79.0084778624709,9,1.05,134.5,9.38,1248603,9.38,9.38465,-0.18066,0.33559,0.41814,-0.24893,0.2361,78.29582,33.8059,-2.68927,0,enoS1(1_parsed).csv
36.0762233892774,-79.0084773379953,9,0.96,134.5,9.58,1249403,9.58,9.57907,0.01854,0.56471,0.35659,0.1211,0.10476,78.58813,33.84975,4.54545,0,enoS1(1_parsed).csv
36.0762215244755,-79.0084772727273,9,0.96,134.2,9.44,1249603,9.44,9.43729,0.02453,0.08614,0.3485,0.22113,-0.12492,78.48582,33.54282,7.81935,0,enoS1(1_parsed).csv
36.0762192354312,-79.0084771934732,9,1.3,134.2,9.39,1250403,9.39,9.38585,0.00419,0.0664,0.26741,0.5142,-0.23411,77.47735,31.73049,14.39638,0,enoS1(1_parsed).csv
36.0762174452214,-79.0084774918415,9,1.3,134.1,9.68,1250603,9.68,9.68375,-0.29492,0.1657,0.28359,-0.44517,-0.00535,77.91581,31.48202,14.26484,0,enoS1(1_parsed).csv
36.0762151818182,-79.0084770815851,9,0.87,134.1,9.23,1251403,9.23,9.22672,-0.18903,-0.09392,0.20571,-0.05421,0.31276,76.89272,27.91582,20.53493,0,enoS1(1_parsed).csv
36.0762134755245,-79.0084764755245,9,0.87,134,9.91,1251603,9.91,9.90688,0.0664,0.15912,0.25779,-0.17211,-0.07086,78.03274,25.78193,18.83952,0,enoS1(1_parsed).csv
36.0762113776224,-79.0084755780886,9,1.1,134,9.44,1252403,9.44,9.4355,0.2656,0.19083,0.27657,-0.15577,-0.26084,77.52119,21.47033,23.48729,0,enoS1(1_parsed).csv
36.0762098578088,-79.0084744219114,9,1.1,134,9.69,1252603,9.69,9.68794,-0.32423,0.47139,0.23045,-0.04673,-0.03879,78.29582,22.17188,21.30956,0,enoS1(1_parsed).csv
36.0762077552447,-79.0084735244755,9,1.12,134,9.84,1253403,9.84,9.83689,-0.24467,0.64845,0.21594,-0.11362,0.16799,78.50043,17.05642,23.10728,0,enoS1(1_parsed).csv
36.0762063286713,-79.0084729184149,9,1.12,133.7,9.33,1253603,9.33,9.3344,0.05145,0.201,0.23121,0.3065,0.04215,78.10582,15.33177,24.65653,0,enoS1(1_parsed).csv
36.0762042051282,-79.0084725081585,9,1.01,133.7,9.89,1254403,9.89,9.88595,-0.04187,0.50189,0.22694,-0.11377,0.0339,78.67583,10.47939,23.58959,0,enoS1(1_parsed).csv
36.0762024988345,-79.0084725547785,9,1.01,133.7,9.28,1254603,9.28,9.28056,-0.06042,0.26082,0.25183,0.36988,-0.06032,77.56504,8.81321,25.89886,0,enoS1(1_parsed).csv
36.0762002610723,-79.0084725384615,9,0.99,133.7,9.58,1255403,9.58,9.58325,0.24706,0.4002,0.21487,0.44379,-0.03955,78.31043,3.14236,24.6273,0,enoS1(1_parsed).csv
36.0761987132867,-79.0084727808858,9,0.99,133.2,9.52,1255603,9.52,9.52463,-0.16989,0.1651,0.25213,-0.21258,-0.2642,77.74043,3.68313,24.05729,0,enoS1(1_parsed).csv
36.0761963403263,-79.0084727389277,9,1.14,133.2,9.33,1256403,9.33,9.3344,-0.10947,0.08495,0.24572,-0.12889,-0.06399,78.22274,-1.60772,23.15112,0,enoS1(1_parsed).csv
36.0761944102564,-79.0084727109557,9,1.14,132.8,9.58,1256603,9.58,9.58086,-0.10469,0.54736,0.2135,0.03009,0.09865,79.37738,-2.70389,20.56416,0,enoS1(1_parsed).csv
36.0761916433566,-79.0084723426573,9,1.28,132.8,9.87,1257403,9.87,9.87219,-0.11545,0.7669,0.21823,-0.01863,0.06475,79.37738,-6.16779,16.80795,0,enoS1(1_parsed).csv
36.0761892470862,-79.008472016317,9,1.28,132.5,9.26,1257603,9.26,9.25663,-0.03709,-0.17647,0.24465,0.34621,-0.09026,77.49197,-7.07396,19.11722,0,enoS1(1_parsed).csv
36.0761863659674,-79.0084714242424,9,1.09,132.5,9.71,1258403,9.71,9.71426,-0.18963,0.54497,0.23839,0.03818,0.06506,78.98275,-8.94475,12.43788,0,enoS1(1_parsed).csv
36.0761841468531,-79.0084708741259,9,1.09,132.3,9.4,1258603,9.4,9.39542,0.11426,0.19322,0.21166,0.3291,-0.03421,78.61736,-9.57322,13.3002,0,enoS1(1_parsed).csv
36.0761813333333,-79.0084699393939,9,1.24,132.3,9.83,1259403,9.83,9.82852,-0.13101,0.32722,0.20464,0.24404,-0.03451,79.09968,-10.90324,7.35165,0,enoS1(1_parsed).csv
36.0761793006993,-79.0084690815851,9,1.24,132.3,9.38,1259603,9.38,9.37867,-0.01137,0.02034,0.20113,-0.07437,-0.00519,78.79275,-10.96171,9.04706,0,enoS1(1_parsed).csv
36.0761767925408,-79.0084677319347,9,1.04,132.3,9.5,1260403,9.5,9.5001,0.00538,0.20818,0.20388,-0.18265,-0.26985,78.99737,-11.03479,2.23619,0,enoS1(1_parsed).csv
36.076175039627,-79.0084664825175,8,1.04,132.2,9.48,1260603,9.48,9.47797,-0.37926,0.51206,0.14981,0.18937,0.15379,79.42122,-10.17246,1.06694,0,enoS1(1_parsed).csv
36.0761725734266,-79.0084648111888,8,1.06,132.2,9.82,1261403,9.82,9.81656,-0.18544,0.60359,0.1237,0.26328,0.24755,78.85121,-9.70477,-2.66004,0,enoS1(1_parsed).csv
36.0761708298368,-79.0084634405594,8,1.06,132.4,9.32,1261603,9.32,9.32184,0.03589,0.1005,0.17944,0.03864,-0.04154,78.50043,-10.84478,-0.89155,0,enoS1(1_parsed).csv
36.0761683170163,-79.0084617062937,8,1.24,132.4,9.4,1262403,9.4,9.39781,0.19083,0.2321,0.1828,0.09927,-0.04734,78.77814,-9.86554,-5.81701,0,enoS1(1_parsed).csv
36.0761663869464,-79.0084601491841,8,1.24,132.5,9.7,1262603,9.7,9.7005,0.00778,0.43549,0.15699,-0.02474,-0.20143,79.07045,-8.34551,-7.22011,0,enoS1(1_parsed).csv
36.0761637599068,-79.0084583170163,8,0.92,132.5,9.55,1263403,9.55,9.55095,-0.14776,0.1651,0.18922,-0.14539,-0.0788,78.85121,-6.31394,-9.1786,0,enoS1(1_parsed).csv
36.0761616433566,-79.0084569557109,8,0.92,132.3,9.56,1263603,9.56,9.56411,-0.14118,0.38764,0.17944,0.06185,0,78.85121,-5.07162,-10.80094,0,enoS1(1_parsed).csv
36.076158969697,-79.0084553776224,8,0.96,132.3,9.76,1264403,9.76,9.76272,0.02572,0.4684,0.13424,-0.22892,0.18662,78.17889,-3.05466,-14.30868,0,enoS1(1_parsed).csv
36.0761569463869,-79.0084543892774,9,0.96,132.4,9.42,1264603,9.42,9.41815,0.20518,0.3003,0.13836,0.41875,-0.24007,78.85121,-2.29465,-12.9202,0,enoS1(1_parsed).csv
36.0761542937063,-79.0084530909091,9,0.82,132.4,9.65,1265403,9.65,9.65085,-0.12383,0.2668,0.12996,0.25137,-0.11713,78.69044,1.47618,-15.22947,0,enoS1(1_parsed).csv
36.0761525314685,-79.0084519533799,9,0.82,132.6,9.28,1265603,9.28,9.27877,-0.28475,0.26142,0.14569,-0.23717,0.12843,79.36276,2.07542,-14.7033,0,enoS1(1_parsed).csv
36.076150002331,-79.0084508321678,9,0.77,132.6,9.5,1266403,9.5,9.49831,-0.01735,0.36849,0.11102,-0.09835,0.21961,79.12891,4.04852,-17.11488,0,enoS1(1_parsed).csv
36.0761477925408,-79.0084503566434,9,0.77,132.6,9.39,1266603,9.39,9.39362,0.24467,0.31944,0.1182,0.354,-0.08216,79.05583,2.9962,-17.45104,0,enoS1(1_parsed).csv
36.07614504662,-79.0084495104895,9,0.87,132.6,9.85,1267403,9.85,9.84706,0.03888,0.42652,0.12538,0.3065,-0.08338,78.25198,7.17626,-18.88337,0,enoS1(1_parsed).csv
36.0761427808858,-79.0084487925408,9,0.87,132.7,9.21,1267603,9.21,9.21476,-0.12443,-0.01914,0.14294,0.11393,-0.14096,79.83046,8.91552,-15.68255,0,enoS1(1_parsed).csv
36.0761402587413,-79.0084481538462,9,0.75,132.7,9.64,1268403,9.64,9.63709,-0.00179,-0.11366,0.15073,0.52886,0.01756,78.60275,12.23327,-17.3195,0,enoS1(1_parsed).csv
36.0761383193473,-79.0084478181818,9,0.75,132.9,8.95,1268603,8.95,8.95215,-0.15673,-0.57906,-2.93139,0.10736,0.21609,80.61971,8.63783,-13.31482,0,enoS1(1_parsed).csv
36.0761365337995,-79.0084475011655,9,0.28,132.9,9.6,1269403,9.6,9.59941,-0.11605,-0.24646,-1.25304,-0.02138,0.44593,78.42736,-11.16633,13.18328,0,enoS1(1_parsed).csv
36.0761356480186,-79.0084474638695,9,0.28,133,9.44,1269603,9.44,9.43849,0.13998,-0.74178,-1.48578,0.03696,-0.04597,76.60041,-10.08477,19.67261,0,enoS1(1_parsed).csv
36.0761349510489,-79.0084471631702,9,0.15,133,9.25,1270403,9.25,9.25125,-0.04666,-0.75374,-0.0058,0.39981,-0.19609,75.21192,9.41245,30.41508,0,enoS1(1_parsed).csv
36.0761351188811,-79.0084467902098,9,0.15,133,9.44,1270603,9.44,9.44028,-0.75972,-2.17448,0.22327,0.60048,-0.04933,72.08419,9.93861,35.47208,0,enoS1(1_parsed).csv
36.0761347342657,-79.0084467692308,9,0.03,133,9.37,1271403,9.37,9.37089,-0.32303,-1.45962,-0.06552,-0.0617,-0.04811,73.45805,7.84858,32.54896,0,enoS1(1_parsed).csv
36.0761345011655,-79.008447039627,9,0.03,133.1,9.42,1271603,9.42,9.42473,-0.48574,-1.31306,-0.02673,-0.05345,-0.02886,73.89652,8.03858,32.43204,0,enoS1(1_parsed).csv
36.0761341118881,-79.0084472004662,9,0.01,133.1,9.32,1272403,9.32,9.31705,-0.4666,-1.73181,0.00657,0.21732,0.00993,72.56651,7.41011,34.75592,0,enoS1(1_parsed).csv
36.0761338041958,-79.0084473962704,9,0.01,133.2,9.28,1272603,9.28,9.27877,-0.15553,-2.01416,0.02382,0.08125,0.05253,72.08419,7.76089,35.58901,0,enoS1(1_parsed).csv
36.0761334358974,-79.0084476037296,9,0.03,133.2,9.26,1273403,9.26,9.26202,-0.12921,-1.97587,0.00458,0.13683,0.08308,71.60188,5.90471,35.16515,0,enoS1(1_parsed).csv
36.0761331375291,-79.0084478834499,9,0.03,133.4,9.24,1273603,9.24,9.23929,0.10469,-2.03809,0.01313,-0.04184,-0.00305,71.26571,5.15931,35.44285,0,enoS1(1_parsed).csv
36.0761329557109,-79.00844802331,9,0.05,133.4,9.27,1274403,9.27,9.27338,0.15075,-1.59123,0.11851,0.0785,0.10156,72.99035,5.20316,34.34668,0,enoS1(1_parsed).csv
36.0761329370629,-79.0084481072261,9,0.05,133.4,9.44,1274603,9.44,9.44208,0.16092,-1.87298,-0.14752,-0.02184,-0.06353,72.66881,4.06314,34.52207,0,enoS1(1_parsed).csv
36.0761329160839,-79.0084479463869,9,0.02,133.4,9.24,1275403,9.24,9.2357,0.31346,-1.54517,0.01573,0.20204,-0.01069,73.18035,4.26776,33.95206,0,enoS1(1_parsed).csv
36.076133,-79.0084476480187,9,0.02,133.5,9.45,1275603,9.45,9.45045,0.22612,-1.89332,-0.07743,-0.01894,-0.02978,72.2888,3.30313,34.639,0,enoS1(1_parsed).csv
36.076133,-79.0084472587413,9,0.01,133.5,9.33,1276403,9.33,9.33261,0.01256,-1.54696,0.02886,0.03222,0.02596,72.75651,3.25928,33.32359,0,enoS1(1_parsed).csv
36.0761329160839,-79.0084468484848,9,0.01,133.4,9.35,1276603,9.35,9.34517,0.38405,-1.65165,-0.04108,-0.13592,-0.13592,72.30342,4.22391,32.94358,0,enoS1(1_parsed).csv
36.0761329370629,-79.0084462983683,9,0.03,133.4,9.27,1277403,9.27,9.27159,0.28953,-1.7019,-0.13744,0.16585,0.03161,72.52265,4.57469,34.03975,0,enoS1(1_parsed).csv
36.076133039627,-79.0084458694639,8,0.03,133.3,9.28,1277603,9.28,9.27578,-0.01675,-1.96211,-0.08964,0.10033,-0.02398,71.68957,4.82315,34.50745,0,enoS1(1_parsed).csv
36.0761332004662,-79.0084452773893,8,0.05,133.3,9.32,1278403,9.32,9.31526,0.01795,-1.8,0.08537,0.1153,0.1237,72.24496,4.82315,35.06285,0,enoS1(1_parsed).csv
36.0761333123543,-79.0084448298368,9,0.05,133.2,9.2,1278603,9.2,9.2004,0.15613,-1.9998,-0.18906,0.16157,-0.08323,71.58725,4.677,36.07132,0,enoS1(1_parsed).csv
36.0761335407925,-79.0084440769231,9,0.02,133.2,9.11,1279403,9.11,9.10529,0.13639,-2.31326,-0.02734,0.12355,-0.00809,70.79801,6.08009,36.27594,0,enoS1(1_parsed).csv
36.0761339230769,-79.0084434335664,7,0.02,133,9.21,1279603,9.21,9.20579,0.07836,-2.38684,-0.08949,-0.05635,0.03619,70.43262,5.58316,36.15902,0,enoS1(1_parsed).csv
36.0761342237762,-79.0084424731935,7,0.03,133,9.2,1280403,9.2,9.2022,0.01854,-1.97528,-0.09896,-0.22144,0.011,71.23648,5.77317,35.58901,0,enoS1(1_parsed).csv
36.0761344195804,-79.0084415501165,7,0.03,133,9.17,1280603,9.17,9.16631,-0.0335,-2.05185,0.02123,0.22923,0.01695,71.57264,6.40164,34.09822,0,enoS1(1_parsed).csv
36.0761344871795,-79.0084404498834,7,0.02,133,9.08,1281403,9.08,9.08196,0.08734,-2.4329,0.05498,-0.04475,-0.08262,70.40339,5.14469,36.86057,0,enoS1(1_parsed).csv
36.0761344032634,-79.0084395268065,8,0.02,132.9,9.1,1281603,9.1,9.09691,0.02692,-2.51426,-0.07621,0.14218,0.00092,69.96492,5.43701,36.46595,0,enoS1(1_parsed).csv
36.0761343566434,-79.0084385664336,8,0.06,132.9,8.93,1282403,8.93,8.93301,0.17767,-3.35653,-0.00901,-0.13195,-0.02886,67.08565,5.75855,38.78983,0,enoS1(1_parsed).csv
36.0761343473193,-79.0084379230769,8,0.06,132.9,8.94,1282603,8.94,8.93719,0.15434,-2.8337,-0.01206,-0.19594,-0.03344,69.1026,6.02163,37.43058,0,enoS1(1_parsed).csv
36.0761341864802,-79.0084371701632,8,0.03,132.9,9.09,1283403,9.09,9.09153,-0.03589,-2.39821,0.07315,0.05024,0.00351,69.84799,5.86086,36.99211,0,enoS1(1_parsed).csv
36.076133981352,-79.0084366386946,8,0.03,132.7,9.03,1283603,9.03,9.02932,0.19143,-2.69851,-0.0901,0.23259,0.00489,69.45338,6.28471,38.0152,0,enoS1(1_parsed).csv
36.0761337785548,-79.0084360675991,8,0.06,132.7,9.18,1284403,9.18,9.17767,-0.05503,-1.86221,-0.02382,-0.11958,-0.05788,72.42035,6.82549,34.639,0,enoS1(1_parsed).csv
36.0761335641026,-79.0084358251748,8,0.06,132.5,9.15,1284603,9.15,9.15494,-0.08495,-2.13799,-0.05253,0.34972,0.03543,71.86495,6.31394,35.28208,0,enoS1(1_parsed).csv
36.0761331958042,-79.0084354149184,8,0,132.5,8.8,1285403,8.8,8.79721,0.07597,-3.4343,-0.03848,-0.03467,-0.01405,66.80795,7.32242,39.34522,0,enoS1(1_parsed).csv
36.0761328881119,-79.0084350979021,9,0,132.4,8.94,1285603,8.94,8.93899,0.00837,-3.16929,-0.00015,-0.21777,-0.02947,67.46565,6.51856,39.09676,0,enoS1(1_parsed).csv
36.0761324988345,-79.0084347552447,9,0.12,132.4,8.94,1286403,8.94,8.94497,-0.02752,-3.41875,-0.07819,0.05971,0.03299,66.58871,6.79626,39.37445,0,enoS1(1_parsed).csv
36.0761321818182,-79.0084344568764,9,0.12,132.3,8.9,1286603,8.9,8.89711,0.04008,-3.14955,0.02657,-0.28986,-0.07559,67.90412,7.14703,38.30751,0,enoS1(1_parsed).csv
36.0761318181818,-79.0084342494172,9,0.05,132.3,9.02,1287403,9.02,9.01556,0.05503,-2.57348,-0.02107,-0.16448,-0.00932,69.93569,7.26396,37.37211,0,enoS1(1_parsed).csv
36.0761315011655,-79.0084341561771,8,0.05,132.2,9.15,1287603,9.15,9.15255,-0.16391,-2.41735,0.05284,-0.04093,0.05223,70.56416,7.42473,36.15902,0,enoS1(1_parsed).csv
36.0761311118881,-79.0084341771562,8,0,132.2,9.03,1288403,9.03,9.03051,0.04606,-2.84387,-0.04459,0.09529,-0.0055,69.07337,6.67933,38.08828,0,enoS1(1_parsed).csv
36.0761308881119,-79.0084342890443,8,0,132.1,8.97,1288603,8.97,8.97428,0.07956,-3.01137,-0.00015,0.09865,-0.00519,68.34259,6.6501,37.21134,0,enoS1(1_parsed).csv
36.0761304988345,-79.0084346573426,8,0.02,132.1,9.03,1289403,9.03,9.03051,0.00179,-3.02931,-0.06888,-0.09591,0.02489,67.94797,6.53318,38.17597,0,enoS1(1_parsed).csv
36.0761300979021,-79.0084351515151,8,0.02,132.2,8.98,1289603,8.98,8.98146,0.0323,-2.69432,-0.00794,-0.08262,-0.03238,69.05875,6.25548,36.93365,0,enoS1(1_parsed).csv
36.0761297552448,-79.0084357016317,8,0.05,132.2,9.06,1290403,9.06,9.06102,-0.21655,-2.24327,0.00473,0.08903,-0.00275,70.76878,7.5855,35.57439,0,enoS1(1_parsed).csv
36.0761296247086,-79.0084362144522,8,0.05,132.2,9.22,1290603,9.22,9.21955,0.02931,-2.40479,-0.04673,0.0055,0.02031,70.43262,7.01549,36.18825,0,enoS1(1_parsed).csv
36.0761293752914,-79.0084367855478,8,0.06,132.2,9.07,1291403,9.07,9.06581,0.03529,-2.08714,-0.04337,0.15394,-0.03894,72.17188,6.9278,35.70593,0,enoS1(1_parsed).csv
36.0761291608392,-79.0084372983683,8,0.06,132.3,9.2,1291603,9.2,9.20459,0.02931,-2.76371,-0.04979,0.32651,0.07086,69.51183,6.60626,37.12365,0,enoS1(1_parsed).csv
36.0761288391608,-79.0084378484848,8,0.13,132.3,9.18,1292403,9.18,9.17767,-0.14237,-1.86162,0.09743,0.4467,0.0898,72.75651,6.40164,34.31745,0,enoS1(1_parsed).csv
36.0761286247086,-79.0084381748252,8,0.13,132.5,9.14,1292603,9.14,9.13879,0.16989,-2.48554,-0.11469,0.31689,0.0649,70.00877,5.65624,37.00673,0,enoS1(1_parsed).csv
36.0761283752914,-79.0084385850816,8,0.01,132.5,9.07,1293403,9.07,9.0664,0.17049,-2.78345,-0.06216,0.10064,0.01772,69.14645,6.15317,37.1675,0,enoS1(1_parsed).csv
36.0761281608392,-79.0084388181818,8,0.01,132.6,9.07,1293603,9.07,9.067,-0.0317,-2.8678,-0.02138,0.04184,-0.04383,69.2926,6.09471,37.34288,0,enoS1(1_parsed).csv
36.0761278391608,-79.0084391818182,8,0.02,132.6,9.27,1294403,9.27,9.27338,-0.04666,-1.92981,-0.16234,0.07911,0.00565,72.25957,6.25548,34.47822,0,enoS1(1_parsed).csv
36.0761276247086,-79.0084394149184,8,0.02,132.7,9.33,1294603,9.33,9.32603,-0.11306,-2.02911,0.02016,0.0449,0.0588,71.48495,6.7378,35.77901,0,enoS1(1_parsed).csv
36.0761273752914,-79.0084398251748,8,0.03,132.7,9.21,1295403,9.21,9.20938,-0.07059,-2.24806,-0.00076,0.26985,0.02627,70.06723,6.50395,36.11517,0,enoS1(1_parsed).csv
36.0761271608392,-79.0084401515151,9,0.03,133,9.22,1295603,9.22,9.22373,0.10648,-2.50768,-0.02795,-0.04994,-0.01695,69.67261,6.08009,37.37211,0,enoS1(1_parsed).csv
36.0761268391608,-79.0084407016317,9,0.02,133,9.22,1296403,9.22,9.21775,0.10169,-2.46999,-0.00825,-0.06307,0.01924,69.46799,6.35779,36.69979,0,enoS1(1_parsed).csv
36.0761265407925,-79.0084412983683,9,0.02,133.2,9.18,1296603,9.18,9.18365,0.07537,-1.94895,0.06521,-0.33628,-0.05696,71.48495,5.75855,35.09208,0,enoS1(1_parsed).csv
36.0761263123543,-79.0084418484848,9,0.06,133.2,9.31,1297403,9.31,9.30987,-0.02931,-2.16431,-0.02596,-0.27458,-0.03329,71.11955,5.43701,35.209,0,enoS1(1_parsed).csv
36.0761262004662,-79.0084421748252,9,0.06,133.4,9.16,1297603,9.16,9.16092,0.00778,-1.78385,0.01985,0.0617,-0.00229,72.81496,6.10932,33.52821,0,enoS1(1_parsed).csv
36.076126039627,-79.0084425850816,9,0.02,133.4,9.13,1298403,9.13,9.12623,-0.04487,-2.07757,-0.0562,-0.1179,-0.05238,71.48495,5.72932,34.90208,0,enoS1(1_parsed).csv
36.0761259370629,-79.0084429020979,9,0.02,133.5,9.17,1298603,9.17,9.16631,-0.13639,-2.22233,-0.02107,0.35109,0.00443,70.53493,5.72932,35.77901,0,enoS1(1_parsed).csv
36.0761259160839,-79.0084432447552,9,0.02,133.5,9.2,1299403,9.2,9.20399,-0.06461,-2.05962,0.00046,-0.01206,0.01924,70.95878,5.94855,35.13593,0,enoS1(1_parsed).csv
36.076126,-79.0084435431235,9,0.02,133.7,9.16,1299603,9.16,9.16391,0.10169,-2.1685,-0.0026,0.05574,-0.07819,71.32417,5.87547,34.56592,0,enoS1(1_parsed).csv
36.076126,-79.0084437505827,9,0.06,133.7,9.21,1300403,9.21,9.20639,-0.14716,-2.09073,0.0113,0.19334,0,71.61649,5.70009,35.32593,0,enoS1(1_parsed).csv
36.076126,-79.0084437599067,9,0.06,133.9,9.17,1300603,9.17,9.16511,0.23509,-2.49093,-0.05666,0.13271,0.02657,70.52032,6.15317,36.65595,0,enoS1(1_parsed).csv
36.076126,-79.0084437599067,9,0.01,133.9,9.2,1301403,9.2,9.20339,0.06999,-2.29831,-0.02886,0.13408,0.0588,70.81263,6.54779,35.58901,0,enoS1(1_parsed).csv
36.076126,-79.0084436666667,9,0.01,134.1,9.13,1301603,9.13,9.12682,0.24706,-2.2684,-0.11454,0.2642,0.03329,70.3157,5.5247,37.19672,0,enoS1(1_parsed).csv
36.076126,-79.0084434801865,9,0.05,134.1,9.12,1302403,9.12,9.12323,0.05563,-2.88993,0.05986,-0.15669,0.03711,68.69337,5.70009,37.78135,0,enoS1(1_parsed).csv
36.076126,-79.0084432004662,9,0.05,134.2,9.11,1302603,9.11,9.11007,-0.02871,-2.17986,-0.02398,-0.40684,-0.08491,70.87109,5.94855,36.12979,0,enoS1(1_parsed).csv
36.076126,-79.008443039627,9,0.08,134.2,8.97,1303403,8.97,8.9677,0.12921,-2.87498,-0.02413,0.07239,-0.02825,68.22566,6.03625,38.65829,0,enoS1(1_parsed).csv
36.076126,-79.0084428531468,9,0.08,134.2,8.96,1303603,8.96,8.95933,0.00778,-2.95095,-0.04627,-0.02917,-0.01695,68.16721,5.64162,38.4829,0,enoS1(1_parsed).csv
36.076126,-79.0084428531468,9,0.03,134.2,8.96,1304403,8.96,8.95693,0.04427,-3.12144,-0.03848,-0.0336,-0.01038,67.93335,5.83163,38.84829,0,enoS1(1_parsed).csv
36.076126,-79.0084431235431,9,0.03,134.5,9.07,1304603,9.07,9.0682,0.04307,-2.78046,0.03238,-0.24587,-0.03253,68.57644,5.55393,37.86905,0,enoS1(1_parsed).csv
36.076126,-79.0084432634033,9,0.02,134.5,9,1305403,9,8.99522,0.13041,-3.20459,-0.0452,0.104,0.04337,67.64104,5.96317,38.97983,0,enoS1(1_parsed).csv
36.076126,-79.0084433566433,9,0.02,134.7,8.9,1305603,8.9,8.89532,0.11486,-2.90429,-0.01665,-0.1854,-0.02886,68.19643,5.5247,38.97983,0,enoS1(1_parsed).csv
36.076126,-79.0084434032634,9,0.12,134.7,9.02,1306403,9.02,9.02034,-0.00957,-2.54895,-0.02902,0.25412,0.01558,69.52645,5.62701,36.77287,0,enoS1(1_parsed).csv
36.0761259160839,-79.0084434032634,9,0.12,135,8.97,1306603,8.97,8.96651,0.07238,-3.04307,-0.03131,0.177,0.02474,68.28413,5.87547,39.21368,0,enoS1(1_parsed).csv
36.0761259370629,-79.0084433566434,9,0.07,135,9.01,1307403,9.01,9.01496,0.12682,-2.69013,-0.02138,-0.03161,-0.03451,69.70184,5.97778,36.77287,0,enoS1(1_parsed).csv
36.076126039627,-79.0084432634033,9,0.07,135.3,9.15,1307603,9.15,9.15314,0.04008,-2.64407,0.01497,-0.01588,-0.01542,69.52645,5.87547,37.12365,0,enoS1(1_parsed).csv
36.0761262004662,-79.0084431235431,9,0.12,135.3,9.11,1308403,9.11,9.10589,0.14237,-2.72602,-0.09041,0.11148,-0.01955,69.14645,5.59778,37.43058,0,enoS1(1_parsed).csv
36.0761263123543,-79.0084429370629,9,0.12,135.4,9.13,1308603,9.13,9.12982,-0.00419,-2.68594,0.01527,-0.09667,-0.04337,69.80415,4.83777,37.48904,0,enoS1(1_parsed).csv
36.0761265407925,-79.0084429160839,9,0,135.4,9.01,1309403,9.01,9.00958,0.12981,-3.13759,-0.08002,0.25412,0.04078,68.4449,6.13856,37.76674,0,enoS1(1_parsed).csv
36.0761267552448,-79.008443,9,0,135.7,8.87,1309603,8.87,8.8666,0.17946,-3.26919,0.01497,-0.01588,-0.04841,67.72874,5.64162,38.6729,0,enoS1(1_parsed).csv
36.0761270979021,-79.008443,9,0.07,135.7,9.13,1310403,9.13,9.13221,-0.15075,-2.18764,-0.03497,-0.06567,-0.03131,70.78339,6.03625,35.47208,0,enoS1(1_parsed).csv
36.0761274149184,-79.0084430839161,9,0.07,135.9,9.25,1310603,9.25,9.25484,-0.1675,-2.22413,0.00916,-0.02673,0.04414,71.47033,5.89009,36.20287,0,enoS1(1_parsed).csv
36.0761278251748,-79.008443062937,9,0.07,135.9,9.17,1311403,9.17,9.17289,0.0335,-2.13739,-0.01863,-0.10537,-0.01527,71.35341,5.77317,36.05671,0,enoS1(1_parsed).csv
36.0761282354312,-79.008443044289,9,0.07,136.1,9.34,1311603,9.34,9.3356,-0.20219,-2.00459,-0.08277,-0.19059,-0.04841,71.92342,5.43701,34.46361,0,enoS1(1_parsed).csv
36.0761287645688,-79.0084428624709,9,0.18,136.1,9.21,1312403,9.21,9.20818,-0.08195,-2.6339,-0.03161,0.01833,0.04062,70.57878,5.3347,35.50132,0,enoS1(1_parsed).csv
36.0761290909091,-79.0084427319347,9,0.18,136.2,9.17,1312603,9.17,9.1675,0.11904,-2.17268,-0.04246,-0.32956,-0.11912,70.87109,6.08009,35.12131,0,enoS1(1_parsed).csv
36.0761295221445,-79.0084423216783,9,0.15,136.2,8.91,1313403,8.91,8.91087,0.04546,-2.70269,-0.0113,-0.08384,-0.00321,69.24876,5.74393,37.31365,0,enoS1(1_parsed).csv
36.0761299417249,-79.0084417249417,9,0.15,136.4,9.07,1313603,9.07,9.07418,-0.00359,-2.71765,-0.03711,0.02321,-0.01191,69.54107,5.65624,37.2698,0,enoS1(1_parsed).csv
36.0761304452214,-79.008441034965,9,0.1,136.4,8.94,1314403,8.94,8.93719,0.33081,-2.85344,-0.00122,0.12171,-0.05223,68.95644,5.10085,37.21134,0,enoS1(1_parsed).csv
36.0761307715618,-79.0084403449883,9,0.1,136.6,8.98,1314603,8.98,8.97727,0.29312,-3.21416,-0.08537,0.16463,0.06979,67.48026,5.15931,38.74598,0,enoS1(1_parsed).csv
36.0761312284382,-79.0084397482517,9,0.28,136.6,8.8,1315403,8.8,8.79841,0.3679,-3.46481,-0.02077,-0.27306,-0.01512,66.25256,5.15931,39.59369,0,enoS1(1_parsed).csv
36.0761315547785,-79.0084393379953,9,0.28,136.6,8.8,1315603,8.8,8.802,0.22851,-3.11426,-0.00718,-0.00733,-0.03757,68.24028,5.86086,38.00058,0,enoS1(1_parsed).csv
36.0761320582751,-79.008438995338,9,0.05,136.6,8.85,1316403,8.85,8.85344,0.27338,-3.07657,-0.02153,-0.06918,-0.0391,67.96259,5.64162,38.92137,0,enoS1(1_parsed).csv
36.0761325617716,-79.0084389580419,9,0.05,136.6,9,1316603,9,9.00479,-0.05384,-2.95095,-0.01833,-0.0449,0.02046,68.60567,5.94855,38.16135,0,enoS1(1_parsed).csv
36.076132972028,-79.0084388951049,9,0.21,136.6,8.95,1317403,8.95,8.95454,0.15075,-2.88395,0.00489,0.02138,0.06109,69.07337,6.51856,38.64367,0,enoS1(1_parsed).csv
36.0761331118881,-79.008438960373,9,0.21,136.6,8.96,1317603,8.96,8.95873,0.07896,-2.88754,-0.04673,0.12217,-0.0255,68.57644,6.03625,38.68752,0,enoS1(1_parsed).csv
36.0761335011655,-79.0084387995338,9,0.02,136.6,8.95,1318403,8.95,8.95275,0.10289,-3.16989,-0.04979,0.00336,-0.01405,67.65565,6.29933,38.83368,0,enoS1(1_parsed).csv
36.0761337342657,-79.0084385198135,9,0.02,136.5,8.91,1318603,8.91,8.90609,0.02333,-2.97667,-0.00809,-0.05986,-0.02001,68.38644,5.62701,38.2052,0,enoS1(1_parsed).csv
36.0761341188811,-79.0084383333333,9,0.29,136.5,9.04,1319403,9.04,9.04427,0.11067,-2.78644,-0.07178,0.18769,0.01497,69.54107,5.64162,37.69366,0,enoS1(1_parsed).csv
36.0761344545455,-79.0084381561771,9,0.29,136.7,9.05,1319603,9.05,9.04547,0.04187,-2.84507,-0.0504,-0.08705,-0.02825,69.23415,6.08009,38.26367,0,enoS1(1_parsed).csv
36.076135025641,-79.0084381771562,9,0.07,136.7,8.99,1320403,8.99,8.99163,0.24108,-2.82891,-0.09545,0.11255,0.06765,68.7226,5.58316,38.42444,0,enoS1(1_parsed).csv
36.0761355477855,-79.0084383729604,9,0.07,136.4,8.94,1320603,8.94,8.94258,0.29551,-3.03649,0.07055,0.00825,-0.13363,68.34259,5.91932,37.38673,0,enoS1(1_parsed).csv
36.0761363053613,-79.0084387202797,9,0.24,136.4,8.96,1321403,8.96,8.96052,0.14955,-2.53161,0.00428,0.14875,-0.07941,69.80415,5.67086,36.48056,0,enoS1(1_parsed).csv
36.0761369300699,-79.0084392797202,9,0.24,135.9,9.14,1321603,9.14,9.13879,0.16451,-2.9994,-0.07223,0.16341,0.0168,68.43028,5.86086,37.79597,0,enoS1(1_parsed).csv
36.0761376829837,-79.0084396270396,9,0.22,135.9,9.07,1322403,9.07,9.06999,0.15374,-2.22413,0.00565,-0.24679,-0.07834,70.3157,5.61239,35.32593,0,enoS1(1_parsed).csv
36.0761382331002,-79.0084399067599,9,0.22,135.7,9.19,1322603,9.19,9.19143,0.03529,-2.13021,0.02779,0.12889,-0.00092,71.35341,4.83777,35.88132,0,enoS1(1_parsed).csv
36.076139006993,-79.0084399067599,9,0.07,135.7,9,1323403,9,9.00479,0.20937,-2.88455,-0.05696,0.0588,0.01344,68.62029,5.75855,37.51827,0,enoS1(1_parsed).csv
36.0761396503496,-79.0084396270396,9,0.07,135.6,8.93,1323603,8.93,8.92822,0.24227,-2.84267,0.00214,-0.03146,-0.04643,68.62029,6.37241,37.92751,0,enoS1(1_parsed).csv
36.0761405897436,-79.0084392797203,9,0.15,135.6,8.93,1324403,8.93,8.92523,0.05862,-2.79601,-0.02214,-0.07269,-0.13363,68.94183,6.37241,38.11751,0,enoS1(1_parsed).csv
36.0761412424242,-79.0084386363636,9,0.15,135.3,8.96,1324603,8.96,8.96052,0.11007,-3.00897,-0.05589,0.24038,0.00947,68.34259,6.03625,38.9506,0,enoS1(1_parsed).csv
36.0761422237762,-79.0084383100233,9,0.08,135.3,9.12,1325403,9.12,9.11845,-0.00299,-2.48734,-0.0307,0.22602,0.00504,69.86262,6.86934,36.55364,0,enoS1(1_parsed).csv
36.0761434918415,-79.008438048951,9,0.08,134.9,9.04,1325603,9.04,9.03829,-0.02931,-2.78704,-0.01313,0.12324,-0.01726,68.7226,6.91318,37.89827,0,enoS1(1_parsed).csv
36.0761444825175,-79.0084382307692,9,0.06,134.9,8.97,1326403,8.97,8.96651,0.14118,-2.62014,-0.02352,-0.04643,-0.00641,69.2926,6.28471,36.74364,0,enoS1(1_parsed).csv
36.0761453310023,-79.008439060606,9,0.06,134.6,9.14,1326603,9.14,9.14238,-0.07298,-2.47418,0.07361,-0.07727,0.05818,69.93569,5.84624,35.83747,0,enoS1(1_parsed).csv
36.0761455897436,-79.0084397132867,9,0.15,134.6,9.16,1327403,9.16,9.15793,0.04487,-2.3659,-0.04673,0.21121,-0.01955,70.41801,6.43087,37.22596,0,enoS1(1_parsed).csv
36.0761462051282,-79.0084411958042,9,0.15,133.9,9.13,1327603,9.13,9.1346,0.12562,-2.56152,-0.03161,0.02779,0.00855,69.5703,6.35779,36.46595,0,enoS1(1_parsed).csv
36.0761451701632,-79.0084412191142,9,1.23,133.9,8.14,1328403,8.14,8.14337,-1.52722,4.68993,0.582,0.91263,-0.53894,83.38205,15.75563,3.53698,0,enoS1(1_parsed).csv
36.0761426060606,-79.0084402680653,9,1.23,133.8,11.19,1328603,11.19,11.18645,0.54855,-0.932,0.17074,3.47262,1.1837,74.74422,8.60859,31.48202,0,enoS1(1_parsed).csv
36.0761392867133,-79.0084381981352,9,0.92,133.8,9.69,1329403,9.69,9.69452,-1.37946,-0.04905,-0.86728,-1.62796,-0.27687,71.41187,14.26484,34.05437,0,enoS1(1_parsed).csv
36.0761354172494,-79.0084351212121,9,0.92,133.4,8.13,1329603,8.13,8.12902,-0.04666,0.91047,-1.23089,-0.01939,1.05558,79.47968,14.08945,21.38264,0,enoS1(1_parsed).csv
36.0761321958042,-79.0084321188811,9,3.28,133.4,9.58,1330403,9.58,9.57967,-0.09452,1.18146,-0.73533,-0.63347,0.67928,79.05583,28.3689,13.12482,0,enoS1(1_parsed).csv
36.0761295384615,-79.0084295547785,9,3.28,135,9.21,1330603,9.21,9.20579,0.59342,0.68435,-0.62324,0.66401,-0.41478,79.97662,26.13271,13.35867,0,enoS1(1_parsed).csv
36.0761277948718,-79.0084275664336,9,0.38,135,9.35,1331403,9.35,9.34995,0.52463,0.36491,-0.52641,0.33262,0.1069,79.93277,30.16662,6.63549,0,enoS1(1_parsed).csv
36.0761275804196,-79.0084262144522,9,0.38,134.9,9.58,1331603,9.58,9.58206,-0.00359,0.13579,-0.4748,-0.11377,-0.69852,78.19351,34.18591,5.15931,0,enoS1(1_parsed).csv
36.0761281375291,-79.0084256363637,9,0.24,134.9,9.62,1332403,9.62,9.62154,-1.20838,0.02692,0.15485,0.46899,0.21838,75.75271,38.90675,2.86466,0,enoS1(1_parsed).csv
36.0761300955711,-79.0084261118881,8,0.24,134.7,9.15,1332603,9.15,9.15075,-0.65623,-0.91167,0.26053,0.06399,0.14325,75.70885,37.59135,7.79012,0,enoS1(1_parsed).csv
36.0761307179487,-79.0084261538461,8,0.13,134.7,9.59,1333403,9.59,9.58983,-0.75194,-0.37149,-0.18723,0.0869,0.03955,76.64426,36.93365,4.98392,0,enoS1(1_parsed).csv
36.0761311095571,-79.0084265547786,8,0.13,134.6,9.48,1333603,9.48,9.47677,-0.35055,-0.45284,-0.22633,-0.06872,0.1854,77.36042,35.23823,4.44315,0,enoS1(1_parsed).csv
36.0761312237762,-79.008427032634,8,0.03,134.6,9.49,1334403,9.49,9.48874,-0.27936,0.12323,0.00504,-0.0223,-0.03864,77.93044,35.17977,0.71616,0,enoS1(1_parsed).csv
36.0761311212121,-79.0084275547786,8,0.03,134.5,9.58,1334603,9.58,9.57727,-0.38166,0.00837,0.12355,0.09362,0.09468,77.84274,34.69746,1.92926,0,enoS1(1_parsed).csv
36.0761306130536,-79.0084286177156,8,0.03,134.5,9.51,1335403,9.51,9.50728,-0.38405,-0.34636,0.00718,0.22037,0.02367,77.21426,35.53055,4.25314,0,enoS1(1_parsed).csv
36.0761297459207,-79.008429960373,9,0.03,134.3,9.47,1335603,9.47,9.46601,-0.19621,-0.47916,-0.0785,-0.16005,0.03222,78.2812,35.00438,4.7793,0,enoS1(1_parsed).csv
36.076129013986,-79.0084308531468,9,0.13,134.3,9.53,1336403,9.53,9.53301,-0.39721,-0.28654,-0.21701,-0.19334,0.00916,77.69658,35.57439,2.48465,0,enoS1(1_parsed).csv
36.0761283053613,-79.0084313846154,9,0.13,134.3,9.62,1336603,9.62,9.62393,-0.18903,0.07956,-0.14844,0.22907,0.14981,78.29582,34.60976,1.84157,0,enoS1(1_parsed).csv
36.0761275477855,-79.0084318158508,9,0.16,134.3,9.62,1337403,9.62,9.61855,-0.335,0.13699,0.05727,-0.02001,0.07147,77.55042,35.03362,0.23385,0,enoS1(1_parsed).csv
36.076126941725,-79.0084317785548,9,0.16,134.3,9.52,1337603,9.52,9.51925,-0.35414,-0.11545,-0.00733,-0.0026,0.02337,78.14967,35.34055,2.20696,0,enoS1(1_parsed).csv
36.0761263916084,-79.008431981352,9,0.05,134.3,9.61,1338403,9.61,9.61316,-0.35354,-0.51326,-0.06078,0.18769,0.03757,77.63812,35.69132,5.61239,0,enoS1(1_parsed).csv
36.0761260745921,-79.0084321864802,9,0.05,134.1,9.43,1338603,9.43,9.42892,0.14955,-0.6993,-0.10079,-0.17333,0.03039,77.82812,34.0836,6.28471,0,enoS1(1_parsed).csv
36.0761258717949,-79.0084323473193,9,0,134.1,9.63,1339403,9.63,9.62872,-0.34337,0.01735,-0.19166,0.11347,0.16203,78.06197,34.79977,-1.16925,0,enoS1(1_parsed).csv
36.0761257692308,-79.0084321888112,9,0,133.9,9.34,1339603,9.34,9.34457,0.03948,-0.23091,-0.00962,0.05727,-0.10293,78.95352,33.83514,0.54078,0,enoS1(1_parsed).csv
36.0761257902098,-79.0084322773893,9,0.13,133.9,9.65,1340403,9.65,9.65265,-0.38584,0.31346,-0.32132,0.22129,-0.00443,77.94505,34.12745,-6.1824,0,enoS1(1_parsed).csv
36.0761257435897,-79.0084323986014,9,0.13,133.4,9.3,1340603,9.3,9.30329,-0.42712,-0.1346,-0.4273,0.16799,-0.07773,78.92429,33.3382,-4.88161,0,enoS1(1_parsed).csv
36.0761261491841,-79.0084326946387,9,0.28,133.4,9.35,1341403,9.35,9.35354,-0.20459,-0.29432,-0.49144,0.20785,-0.10629,79.59661,25.89886,-12.20403,0,enoS1(1_parsed).csv
36.0761266993007,-79.008433011655,9,0.28,133.2,9.54,1341603,9.54,9.54018,-1.3328,-0.92243,-0.15211,0.15516,-0.34987,79.50891,28.01812,-11.60479,0,enoS1(1_parsed).csv
36.0761278205128,-79.0084334685315,9,0.1,133.2,9.42,1342403,9.42,9.41576,-0.35174,-0.58564,-0.32635,0.05406,-0.58551,80.76585,21.14879,-13.18328,0,enoS1(1_parsed).csv
36.076129051282,-79.0084338881119,9,0.1,132.9,9.49,1342603,9.49,9.48874,-0.89312,-0.91585,-0.0814,0.17898,-0.13118,81.14587,22.53727,-11.50249,0,enoS1(1_parsed).csv
36.0761307482517,-79.0084345780886,9,0.03,132.9,9.54,1343403,9.54,9.54497,-0.96909,-0.74716,-0.11851,-0.551,0.60292,80.25431,21.33879,-13.50482,0,enoS1(1_parsed).csv
36.0761323799534,-79.0084353613053,9,0.03,132.3,9.44,1343603,9.44,9.44148,0.35713,0.16032,-0.04383,-0.17914,0.33399,79.71353,15.24408,-17.6995,0,enoS1(1_parsed).csv
36.0761342331002,-79.0084359324009,9,0.06,132.3,9.26,1344403,9.26,9.26022,-1.53559,-1.24606,-0.09392,0.16936,-0.04627,80.78048,21.47033,-11.82403,0,enoS1(1_parsed).csv
36.0761357902098,-79.0084360909091,9,0.06,132.6,9.36,1344603,9.36,9.36132,-1.21077,-1.13659,0.04887,-0.04688,0.20113,81.20432,20.46185,-12.80327,0,enoS1(1_parsed).csv
36.0761375034965,-79.0084365221445,9,0.01,132.6,9.29,1345403,9.29,9.28654,-0.68435,-0.90568,0.19319,0.44715,-0.25229,80.26893,22.52265,-12.07249,0,enoS1(1_parsed).csv
36.0761387715618,-79.0084368578089,9,0.01,132.4,9.35,1345603,9.35,9.34577,-1.05045,-1.21914,0.35827,0.16112,-0.12309,80.06431,24.4373,-10.53785,0,enoS1(1_parsed).csv
36.0761402820513,-79.0084373822844,9,0.08,132.4,9.51,1346403,9.51,9.50728,0.65444,0.10229,-0.29841,-0.0843,0.07376,80.26893,26.62964,-10.15785,0,enoS1(1_parsed).csv
36.0761413356643,-79.0084377272727,9,0.08,132.3,9.47,1346603,9.47,9.46601,0.33081,-0.30748,-0.28543,0.21548,-0.15562,80.02046,26.55656,-9.80707,0,enoS1(1_parsed).csv
36.0761424778555,-79.0084383659674,9,0.06,132.3,9.46,1347403,9.46,9.46062,0.12084,-0.83091,-0.12584,0.06872,-0.0087,80.22508,27.4335,-7.2055,0,enoS1(1_parsed).csv
36.0761432237762,-79.0084388228438,9,0.06,132.3,9.45,1347603,9.45,9.45165,-0.2339,-0.84168,-0.06903,0.09285,-0.10385,79.75738,27.84274,-7.19088,0,enoS1(1_parsed).csv
36.07614397669,-79.0084397365967,9,0.03,132.3,9.48,1348403,9.48,9.48276,-0.15015,-0.4343,-0.09163,0.18922,-0.14493,80.37124,28.17889,-9.2663,0,enoS1(1_parsed).csv
36.0761443216783,-79.0084405850816,9,0.03,132.2,9.42,1348603,9.42,9.42294,-0.38584,-0.99003,-0.1912,0.01222,-0.02886,80.61971,27.87197,-8.75475,0,enoS1(1_parsed).csv
36.0761447319347,-79.0084417482517,9,0.03,132.2,9.48,1349403,9.48,9.47558,-0.52463,-0.66042,-0.1266,0.10599,-0.12248,79.37738,28.70506,-8.55013,0,enoS1(1_parsed).csv
36.0761448624709,-79.0084426340326,9,0.03,132,9.51,1349603,9.51,9.51326,-0.41755,-0.57368,0.08125,-0.22388,0.23075,79.772,28.52967,-9.35399,0,enoS1(1_parsed).csv
36.076145044289,-79.0084441655012,9,0.05,132,9.51,1350403,9.51,9.51446,-0.19143,-0.05085,-0.05208,0.06032,-0.03085,79.36276,28.06197,-11.18094,0,enoS1(1_parsed).csv
36.076144979021,-79.0084457039627,9,0.05,131.6,9.53,1350603,9.53,9.53181,-0.20339,-0.08973,-0.03803,-0.16173,0.01145,79.58199,27.82812,-11.64864,0,enoS1(1_parsed).csv
36.076145020979,-79.0084475361305,9,0.1,131.6,9.5,1351403,9.5,9.49891,-0.19023,0.08136,0.04734,-0.08812,0.08399,78.9389,27.71119,-12.02865,0,enoS1(1_parsed).csv
36.076145039627,-79.0084490839161,9,0.1,131.4,9.55,1351603,9.55,9.55454,-0.15972,-0.0317,0.01329,-0.02382,-0.01909,79.34814,27.4335,-11.78018,0,enoS1(1_parsed).csv
36.0761452004662,-79.0084508228438,9,0.1,131.4,9.52,1352403,9.52,9.52403,-0.19801,0.1657,-0.02749,0.06368,-0.02566,79.42122,27.97428,-12.20403,0,enoS1(1_parsed).csv
36.0761453962704,-79.0084520909091,9,0.1,131,9.44,1352603,9.44,9.4361,-0.23928,-0.268,-0.13943,-0.0504,0.0142,79.84508,27.18504,-11.3271,0,enoS1(1_parsed).csv
36.0761456037296,-79.0084535757576,9,0.07,131,9.5,1353403,9.5,9.5001,-0.10229,0.11844,0.06933,-0.16585,0.10156,79.09968,26.0304,-14.16253,0,enoS1(1_parsed).csv
36.0761457156177,-79.0084545547786,9,0.07,130.8,9.54,1353603,9.54,9.54018,0.11246,0.3015,0.04658,-0.13653,0.11973,79.34814,24.99269,-14.96638,0,enoS1(1_parsed).csv
36.0761458974359,-79.0084557389277,9,0.12,130.8,9.42,1354403,9.42,9.42413,-0.43908,0.19741,-0.14111,0.00183,-0.22068,79.05583,27.66735,-13.54867,0,enoS1(1_parsed).csv
36.0761461025641,-79.0084565967366,9,0.12,130.6,9.5,1354603,9.5,9.50369,-0.86082,-0.10409,-0.07529,0.14981,-0.01206,78.60275,29.23122,-12.71558,0,enoS1(1_parsed).csv
36.0761462843823,-79.0084576969697,9,0,130.6,9.46,1355403,9.46,9.46242,-0.64726,0.0006,-0.1408,0.18845,-0.16157,79.27506,26.24964,-14.93715,0,enoS1(1_parsed).csv
36.0761463123543,-79.0084584335664,9,0,130.4,9.52,1355603,9.52,9.52343,-0.71785,-0.24945,-0.03253,0.0339,-0.02825,78.79275,26.60041,-13.68021,0,enoS1(1_parsed).csv
36.0761465407925,-79.0084592331002,9,0.21,130.4,9.47,1356403,9.47,9.4696,-0.3003,0.44028,0.05651,-0.06811,0.15317,79.42122,25.095,-16.2964,0,enoS1(1_parsed).csv
36.0761468391608,-79.0084596806527,9,0.21,130,9.57,1356603,9.57,9.57009,-0.14177,0.41037,-0.04184,-0.00489,-0.09529,79.20199,24.18883,-15.94563,0,enoS1(1_parsed).csv
36.0761471608392,-79.0084602261072,9,0.03,130,9.53,1357403,9.53,9.52942,-0.4014,0.31525,-0.07346,0.10553,-0.08354,78.88045,24.94884,-16.93949,0,enoS1(1_parsed).csv
36.0761474592075,-79.0084606456876,9,0.03,130.1,9.53,1357603,9.53,9.52942,-0.40857,0.32961,-0.05162,0.07972,-0.02077,79.07045,24.89038,-15.47793,0,enoS1(1_parsed).csv
36.0761476876457,-79.008461034965,9,0.15,130.1,9.58,1358403,9.58,9.57907,-0.42712,0.18784,-0.00916,-0.04276,0.05528,79.07045,25.12423,-15.66793,0,enoS1(1_parsed).csv
36.0761477995338,-79.0084614079254,9,0.15,129.9,9.53,1358603,9.53,9.52583,-0.32183,0.36969,-0.03879,0.04184,-0.05147,78.79275,23.89652,-17.08565,0,enoS1(1_parsed).csv
36.076147960373,-79.0084615524475,9,0.01,129.9,9.54,1359403,9.54,9.53779,-0.92483,-0.11486,-0.08552,0.12584,-0.18479,79.08507,26.27887,-14.68869,0,enoS1(1_parsed).csv
36.0761480629371,-79.0084615990676,9,0.01,129.9,9.49,1359603,9.49,9.48515,-1.07139,-0.35773,-0.1127,0.08109,-0.05681,79.08507,26.38117,-15.15639,0,enoS1(1_parsed).csv
36.0761480839161,-79.008461027972,9,0.12,129.9,9.42,1360403,9.42,9.42114,-0.94217,-0.11067,-0.0087,-0.04719,0.11225,78.88045,27.02426,-14.36714,0,enoS1(1_parsed).csv
36.076148,-79.0084601235431,9,0.12,130,9.43,1360603,9.43,9.42892,-0.98644,0.00419,-0.03665,0.00168,0.09239,78.76352,26.38117,-14.68869,0,enoS1(1_parsed).csv
36.076148,-79.0084588368298,9,0.01,130,9.28,1361403,9.28,9.27997,-1.04746,-0.14297,-0.04123,0.01817,0.0704,78.41275,26.86349,-15.01023,0,enoS1(1_parsed).csv
36.0761479160839,-79.0084572703963,9,0.01,130.2,9.6,1361603,9.6,9.59821,-1.24367,-0.24586,-0.04749,-0.06781,-0.02779,78.64659,26.6881,-14.13329,0,enoS1(1_parsed).csv
36.0761479370629,-79.0084558228438,9,0.02,130.2,9.74,1362403,9.74,9.73639,-0.82493,0.36909,-0.08063,-0.05788,-0.21441,78.61736,24.56884,-16.47179,0,enoS1(1_parsed).csv
36.076148039627,-79.0084547878788,9,0.02,130.3,9.44,1362603,9.44,9.43849,-0.9685,0.31466,-0.03986,0.13027,0.06903,78.12044,25.19731,-16.86641,0,enoS1(1_parsed).csv
36.0761482004662,-79.0084537855478,9,0.07,130.3,9.45,1363403,9.45,9.45105,-1.14497,0.11725,-0.11087,0.11423,-0.16677,78.17889,25.03654,-16.31102,0,enoS1(1_parsed).csv
36.0761484801865,-79.0084533006993,9,0.07,130.5,9.47,1363603,9.47,9.4666,-1.47876,-0.0329,-0.11942,0.11423,-0.15776,78.2812,26.67349,-16.32564,0,enoS1(1_parsed).csv
36.0761486666667,-79.0084525524476,9,0.08,130.5,9.45,1364403,9.45,9.45045,-1.17966,-0.13819,-0.01833,0.01374,-0.00733,78.03274,25.31424,-16.48641,0,enoS1(1_parsed).csv
36.0761487599068,-79.0084520862471,9,0.08,130.4,9.43,1364603,9.43,9.43311,-1.45424,-0.14237,-0.09468,0.12462,-0.14768,78.42736,25.72347,-15.75563,0,enoS1(1_parsed).csv
36.0761487599068,-79.0084512867133,9,0.02,130.4,9.45,1365403,9.45,9.44686,-1.05823,-0.07059,-0.52076,0.04398,0.15577,78.76352,22.31804,-17.34873,0,enoS1(1_parsed).csv
36.0761486666667,-79.0084508205128,9,0.02,130.4,9.41,1365603,9.41,9.41456,-0.49591,0.36909,0.00519,-0.0026,0.05712,78.54428,18.40105,-18.81029,0,enoS1(1_parsed).csv
36.0761484801865,-79.0084498601399,9,0.06,130.4,9.48,1366403,9.48,9.47558,-0.667,-0.03888,-0.02734,0.04841,0.00962,79.34814,16.82257,-17.75797,0,enoS1(1_parsed).csv
36.0761482843823,-79.0084489277389,9,0.06,130.4,9.36,1366603,9.36,9.36491,-0.66042,-0.02333,-0.04016,-0.02001,-0.0029,79.33353,16.06256,-17.45104,0,enoS1(1_parsed).csv
36.0761481025641,-79.0084478321678,9,0.13,130.4,9.54,1367403,9.54,9.54377,-0.69153,0.1334,-0.02505,0.01466,-0.04337,79.12891,17.07103,-17.94797,0,enoS1(1_parsed).csv
36.0761478974359,-79.0084469743589,9,0.13,130.3,9.48,1367603,9.48,9.48156,-0.61077,0.09212,-0.01649,0.04704,-0.0055,79.4943,17.01257,-17.39258,0,enoS1(1_parsed).csv
36.0761477156177,-79.0084457855478,9,0.23,130.3,9.79,1368403,9.79,9.79382,-0.50429,0.11426,-0.02856,-0.11698,0.06048,79.04122,16.07717,-17.72873,0,enoS1(1_parsed).csv
36.0761476037296,-79.0084447505827,9,0.23,130.5,9.47,1368603,9.47,9.4678,-0.58983,0.0987,-0.0168,0.12294,0.00275,79.6843,16.82257,-17.53873,0,enoS1(1_parsed).csv
36.0761473962704,-79.0084434895105,9,0.05,130.5,9.47,1369403,9.47,9.47079,-0.45583,0.27577,-0.02428,0.04841,0.0142,79.39199,15.15639,-19.01491,0,enoS1(1_parsed).csv
36.0761472004662,-79.0084424638694,9,0.05,130.5,9.52,1369603,9.52,9.52284,-0.30808,0.35653,-0.03222,-0.02138,0.07697,79.0266,14.39638,-18.92721,0,enoS1(1_parsed).csv
36.076147039627,-79.0084414825175,9,0.17,130.5,9.63,1370403,9.63,9.62812,-0.32124,0.21775,-0.07346,0.05864,-0.16799,79.23122,15.15639,-18.9126,0,enoS1(1_parsed).csv
36.076147020979,-79.008441006993,9,0.17,130.6,9.6,1370603,9.6,9.59761,-0.22851,0.23629,-0.02535,-0.01573,0.07117,79.12891,14.71792,-18.73721,0,enoS1(1_parsed).csv
36.076146979021,-79.0084402331002,9,0.09,130.6,9.45,1371403,9.45,9.45344,-0.34217,0.51565,-0.01588,0.25748,0.02993,79.31891,15.50716,-18.32797,0,enoS1(1_parsed).csv
36.076146960373,-79.0084398508158,9,0.09,130.6,9.42,1371603,9.42,9.41875,-0.38046,0.01555,-0.08476,-0.17364,-0.05818,79.83046,15.71178,-17.62642,0,enoS1(1_parsed).csv
36.0761467995338,-79.0084390559441,9,0.09,130.6,9.43,1372403,9.43,9.42593,-0.41097,-0.03888,-0.04994,0.1182,-0.05437,80.04969,15.71178,-16.86641,0,enoS1(1_parsed).csv
36.0761466037296,-79.0084383939394,9,0.09,130.4,9.32,1372603,9.32,9.32064,-0.28714,0.35174,-0.03665,0.00886,-0.09911,79.40661,15.40485,-17.88951,0,enoS1(1_parsed).csv
36.0761463962704,-79.0084372727273,9,0.25,130.4,9.53,1373403,9.53,9.52762,-0.28774,0.3661,-0.0391,0.01145,0.01176,79.64046,15.09793,-18.32797,0,enoS1(1_parsed).csv
36.0761462843823,-79.0084363216783,9,0.25,130.6,9.54,1373603,9.54,9.53719,-0.28714,0.40857,-0.02367,0.00168,-0.02535,79.46507,14.74715,-18.13797,0,enoS1(1_parsed).csv
36.0761461025641,-79.008434972028,9,0.1,130.6,9.55,1374403,9.55,9.55095,-0.29312,0.36371,-0.02902,0.01512,0.00122,79.20199,15.12716,-19.02952,0,enoS1(1_parsed).csv
36.0761458974359,-79.0084337319347,9,0.1,130.5,9.55,1374603,9.55,9.54916,-0.27637,0.4014,-0.03497,0.01848,-0.05925,79.1143,14.07483,-18.85414,0,enoS1(1_parsed).csv
36.0761457156177,-79.0084322680653,9,0.14,130.5,9.47,1375403,9.47,9.46601,-0.25244,0.34337,-0.04872,-0.01527,-0.03696,78.79275,14.90792,-18.10874,0,enoS1(1_parsed).csv
36.0761456037296,-79.0084311958042,9,0.14,130.4,9.54,1375603,9.54,9.54258,-0.26441,0.41396,-0.01772,0.00153,0.02092,79.27506,15.15639,-18.83952,0,enoS1(1_parsed).csv
36.0761453962704,-79.0084298041958,9,0.21,130.4,9.57,1376403,9.57,9.56651,-0.25902,0.28953,-0.05635,0.0029,-0.00993,79.15814,15.22947,-18.56182,0,enoS1(1_parsed).csv
36.0761452004662,-79.0084286480187,9,0.21,130.7,9.52,1376603,9.52,9.52343,-0.25184,0.35773,-0.02734,0.02703,0.04184,79.09968,15.14177,-18.64952,0,enoS1(1_parsed).csv
36.076145039627,-79.0084272051282,9,0.23,130.7,9.46,1377403,9.46,9.46002,-0.25184,0.41755,0.03574,0.13225,-0.07651,78.92429,14.64484,-18.12336,0,enoS1(1_parsed).csv
36.0761448531468,-79.0084260675991,9,0.23,130.5,9.64,1377603,9.64,9.64367,-0.25783,0.5342,-0.03818,0.03146,-0.00367,79.3043,14.52792,-19.07337,0,enoS1(1_parsed).csv
36.0761448531468,-79.0084248787879,9,0.08,130.5,9.55,1378403,9.55,9.55215,-0.28475,0.40379,-0.02337,0.03619,0.0365,78.9389,14.60099,-19.24876,0,enoS1(1_parsed).csv
36.076144955711,-79.008424039627,9,0.08,130.6,9.54,1378603,9.54,9.54198,-0.2662,0.40499,-0.02993,0.00519,0.01023,79.04122,15.08331,-19.2926,0,enoS1(1_parsed).csv
36.0761451375291,-79.0084231468531,9,0.07,130.6,9.51,1379403,9.51,9.50908,-0.26082,0.42293,-0.02978,0.06735,-0.02886,79.24583,14.90792,-18.54721,0,enoS1(1_parsed).csv
36.0761454358974,-79.0084226993007,9,0.07,130.4,9.53,1379603,9.53,9.5336,-0.25723,0.36012,-0.03207,0.01924,-0.00183,79.47968,14.54253,-18.98568,0,enoS1(1_parsed).csv
36.0761458041958,-79.0084222470862,9,0.21,130.4,9.55,1380403,9.55,9.54736,-0.23868,0.34457,-0.08277,-0.2642,0.05116,79.12891,15.171,-18.75183,0,enoS1(1_parsed).csv
36.0761461118881,-79.0084221818182,9,0.21,129.9,9.53,1380603,9.53,9.53001,-0.23689,0.44148,-0.03009,0.01604,0.00428,79.23122,14.58638,-18.76644,0,enoS1(1_parsed).csv
36.0761465011655,-79.0084218181818,9,0.02,129.9,9.53,1381403,9.53,9.52882,-0.25723,0.38166,-0.01252,0.04032,-0.04597,78.88045,14.54253,-19.2926,0,enoS1(1_parsed).csv
36.0761469020979,-79.0084215011655,9,0.02,129.4,9.54,1381603,9.54,9.54018,-0.22074,0.42532,-0.08491,-0.0336,0.07911,78.57352,13.81175,-19.54107,0,enoS1(1_parsed).csv
36.0761472447552,-79.0084211118881,9,0.05,129.4,9.76,1382403,9.76,9.75913,-0.20877,0.46062,-0.05696,-0.07101,0.01695,79.3043,14.17714,-18.83952,0,enoS1(1_parsed).csv
36.0761476270396,-79.008421055944,9,0.05,129.1,9.52,1382603,9.52,9.52224,-0.17408,0.4672,-0.00947,0.12538,-0.01023,78.96814,13.82637,-19.24876,0,enoS1(1_parsed).csv
36.0761478135198,-79.0084206247086,9,0.13,129.1,9.46,1383403,9.46,9.45703,-0.16271,0.51386,-0.04658,-0.0785,-0.00168,79.72815,14.16253,-19.55569,0,enoS1(1_parsed).csv
36.0761477202797,-79.0084201025641,8,0.13,128.7,9.54,1383603,9.54,9.54377,-0.22971,0.54377,-0.05055,0.18738,-0.02825,79.24583,13.94329,-20.18416,0,enoS1(1_parsed).csv
36.0761475594406,-79.0084194172494,8,0.09,128.7,9.54,1384403,9.54,9.54078,-0.08435,0.55813,-0.0226,0.06399,-0.0058,79.24583,13.79714,-19.5703,0,enoS1(1_parsed).csv
36.0761472703963,-79.0084187086247,8,0.09,128.4,9.58,1384603,9.58,9.58385,-0.12742,0.51386,-0.03574,0.01451,0.00932,78.9389,13.49021,-19.89184,0,enoS1(1_parsed).csv
36.0761468764569,-79.0084179044289,8,0.22,128.4,9.52,1385403,9.52,9.51685,-0.14836,0.99541,-0.02734,-0.11316,-0.02764,78.04736,13.8556,-21.89418,0,enoS1(1_parsed).csv
36.0761464009324,-79.0084172890443,9,0.22,129.6,9.67,1385603,9.67,9.67239,-0.19442,0.75254,-0.02459,0.78695,-0.00626,78.41275,14.82023,-20.84186,0,enoS1(1_parsed).csv
36.0761460792541,-79.0084165780886,9,0.1,129.6,9.56,1386403,9.56,9.56112,-0.32423,-0.0676,-0.18112,-0.2335,0.04917,80.15201,15.55101,-16.53025,0,enoS1(1_parsed).csv
36.0761458741259,-79.008415972028,9,0.1,129.5,9.45,1386603,9.45,9.45165,-0.2668,0.61555,-0.07483,-0.06261,0.00351,79.3043,14.38176,-19.24876,0,enoS1(1_parsed).csv
36.0761458321678,-79.0084155874126,9,0.18,129.5,9.39,1387403,9.39,9.38525,-0.41097,0.44506,0.05498,0.19258,-0.04337,79.45045,15.27331,-18.54721,0,enoS1(1_parsed).csv
36.0761459160839,-79.0084155407925,9,0.18,129.6,9.69,1387603,9.69,9.68555,-0.35952,0.53001,0.0562,0.31796,-0.19991,79.81584,16.31102,-17.75797,0,enoS1(1_parsed).csv
36.0761459370629,-79.0084153123543,9,0.23,129.6,9.7,1388403,9.7,9.69691,-0.39482,-0.48036,-0.08109,-0.31612,-0.02795,80.37124,16.34025,-15.55101,0,enoS1(1_parsed).csv
36.076146039627,-79.0084152843823,9,0.23,129.8,9.35,1388603,9.35,9.35474,-0.59282,0.32901,-0.07743,-0.07178,-0.11301,79.33353,16.98334,-16.91026,0,enoS1(1_parsed).csv
36.0761462004662,-79.0084151025641,9,0.15,129.8,9.58,1389403,9.58,9.57548,-0.53958,-0.18604,0.00473,0.20021,0.1124,79.78661,17.10026,-16.34025,0,enoS1(1_parsed).csv
36.0761463123543,-79.0084148974359,9,0.15,129.9,9.55,1389603,9.55,9.54796,-0.30449,-0.27697,0.02947,0.02443,-0.03451,80.63432,16.64718,-16.36948,0,enoS1(1_parsed).csv
36.0761465407925,-79.0084147156177,9,0.06,129.9,9.45,1390403,9.45,9.45344,-0.73101,0.49053,-0.05085,0.2416,-0.08812,79.04122,17.52412,-19.40953,0,enoS1(1_parsed).csv
36.0761469230769,-79.0084146876457,8,0.06,129.8,9.59,1390603,9.59,9.58744,-0.60179,0.18066,0.03131,-0.01161,0.15684,79.65507,17.30488,-17.71412,0,enoS1(1_parsed).csv
36.0761472237762,-79.0084144592075,8,0.16,129.8,9.46,1391403,9.46,9.45703,-0.58624,-0.30748,-0.04704,0.01772,-0.00718,80.56124,17.14411,-15.53639,0,enoS1(1_parsed).csv
36.0761474195804,-79.0084141608392,8,0.16,130,9.62,1391603,9.62,9.61735,-0.50847,-0.18724,-0.0562,-0.0055,0.031,80.38585,16.55949,-15.81409,0,enoS1(1_parsed).csv
36.0761474871795,-79.0084138391608,8,0.14,130,9.48,1392403,9.48,9.48216,-0.8668,0.78365,-0.07712,0.19761,-0.09148,78.61736,17.7872,-19.55569,0,enoS1(1_parsed).csv
36.0761474032634,-79.0084135407925,8,0.14,129.9,9.39,1392603,9.39,9.39003,-0.84347,0.13579,-0.03864,0.03207,-0.03436,79.05583,18.37182,-17.65565,0,enoS1(1_parsed).csv
36.0761473566434,-79.0084133123543,8,0.16,129.9,9.53,1393403,9.53,9.52822,-0.58863,-0.08554,-0.05788,-0.08186,0.15165,80.50278,16.23794,-16.2964,0,enoS1(1_parsed).csv
36.0761470955711,-79.0084132004662,8,0.16,130.4,9.61,1393603,9.61,9.60838,-0.38943,0.07537,0.03054,-0.07346,-0.05757,80.23969,15.79947,-16.99795,0,enoS1(1_parsed).csv
36.076146997669,-79.008413039627,8,0.16,130.4,9.61,1394403,9.61,9.61137,-0.45284,0.94038,-0.1014,-0.31765,0.12065,78.5589,15.8287,-20.33031,0,enoS1(1_parsed).csv
36.0761469324009,-79.0084129370629,8,0.16,130.5,9.73,1394603,9.73,9.7334,-0.38824,0.12502,0.23915,0.40012,-0.01604,79.45045,16.89565,-18.19643,0,enoS1(1_parsed).csv
36.0761472540792,-79.0084129160839,8,0.22,130.5,9.71,1395403,9.71,9.70649,-0.45344,0.0652,-0.00855,-0.11102,0.09453,79.88892,16.88103,-17.12949,0,enoS1(1_parsed).csv
36.0761476643357,-79.0084128321678,8,0.22,130.6,9.4,1395603,9.4,9.39721,-0.70947,0.04247,-0.03299,0.21105,-0.16997,79.47968,17.3195,-17.15873,0,enoS1(1_parsed).csv
36.0761482820513,-79.0084128741259,8,0.15,130.6,9.48,1396403,9.48,9.48096,-0.44028,0.81236,-0.07055,-0.14035,-0.0223,78.64659,15.47793,-20.5057,0,enoS1(1_parsed).csv
36.0761490745921,-79.0084131631701,9,0.15,130.3,9.58,1396603,9.58,9.58086,-0.48694,0.82014,-0.07437,0.02184,-0.09621,77.34581,15.94563,-20.98802,0,enoS1(1_parsed).csv
36.0761499254079,-79.0084134638695,9,0.01,130.3,9.28,1397403,9.28,9.27997,-0.62632,-0.74237,0.10339,0.36927,0.22571,80.54662,18.40105,-13.28559,0,enoS1(1_parsed).csv
36.0761506340326,-79.0084138368298,9,0.01,130,9.42,1397603,9.42,9.41695,-0.08435,-0.09392,0.06414,-0.50076,0.31475,81.04356,15.53639,-13.79714,0,enoS1(1_parsed).csv
36.0761512727273,-79.0084140699301,9,0.13,130,9.45,1398403,9.45,9.44567,-0.59402,1.48594,-0.05528,-0.02321,-0.00199,77.05349,17.21719,-22.61035,0,enoS1(1_parsed).csv
36.0761517016317,-79.0084144988345,9,0.13,129.3,9.4,1398603,9.4,9.39542,-0.85364,0.98225,0.06903,0.28665,-0.06582,76.83426,18.95645,-20.7834,0,enoS1(1_parsed).csv
36.0761522051282,-79.0084143682984,9,0.26,129.3,9.43,1399403,9.43,9.43011,-0.72861,0.87757,0.02077,0.02841,-0.09209,77.9012,18.32797,-19.64338,0,enoS1(1_parsed).csv
36.0761524382284,-79.0084141072261,8,0.26,129.4,9.61,1399603,9.61,9.61197,-0.55573,1.02413,0.01756,-0.31276,-0.0252,77.19965,17.72873,-21.22186,0,enoS1(1_parsed).csv
36.0761527086247,-79.008413053613,8,0.09,129.4,9.59,1400403,9.59,9.58565,-0.57129,0.73519,0.04108,0.1098,-0.00657,77.78428,18.83952,-20.7834,0,enoS1(1_parsed).csv
36.0761527552448,-79.0084118135198,8,0.09,129,9.42,1400603,9.42,9.42054,-0.68136,0.87517,-0.03955,-0.12614,0.05513,78.12044,18.32797,-20.47647,0,enoS1(1_parsed).csv
36.0761530979021,-79.0084100536131,8,0.05,129,9.4,1401403,9.4,9.40499,-0.55334,0.89372,-0.06063,-0.24969,0.04826,78.04736,18.22567,-21.13417,0,enoS1(1_parsed).csv
36.0761534988345,-79.0084082074592,8,0.05,129.2,9.25,1401603,9.25,9.25364,-0.76929,1.32144,-0.04093,0.20953,-0.13821,76.62964,18.40105,-22.66881,0,enoS1(1_parsed).csv
36.0761538881119,-79.0084058461538,8,0.03,129.2,9.48,1402403,9.48,9.47797,-0.60778,1.12522,-0.01573,0.06078,-0.03375,78.03274,18.09412,-21.36802,0,enoS1(1_parsed).csv
36.0761541958042,-79.0084037855478,9,0.03,129.3,9.42,1402603,9.42,9.42353,-0.47976,1.20538,-0.03696,-0.00764,0.00183,77.82812,17.86028,-21.58726,0,enoS1(1_parsed).csv
36.0761545641026,-79.0084014545454,9,0.21,129.3,9.48,1403403,9.48,9.47737,-0.63769,0.94995,-0.04566,-0.00412,0.011,78.22274,18.79567,-21.54341,0,enoS1(1_parsed).csv
36.0761547785548,-79.0083994871795,9,0.21,129.7,9.57,1403603,9.57,9.57368,-0.56112,1.0678,0.01054,0.15821,-0.05101,77.94505,18.29874,-21.67495,0,enoS1(1_parsed).csv
36.076154981352,-79.0083973123543,9,0.14,129.7,9.43,1404403,9.43,9.4349,-0.70588,0.68973,0.00092,0.12065,0.00428,78.10582,18.79567,-20.73955,0,enoS1(1_parsed).csv
36.0761551864802,-79.0083957459207,9,0.14,129.7,9.35,1404603,9.35,9.35235,-0.40558,1.11625,-0.05727,-0.0281,0.02856,77.69658,17.83104,-22.27419,0,enoS1(1_parsed).csv
36.0761553473193,-79.0083941468531,9,0,129.7,9.52,1405403,9.52,9.51985,-0.51984,1.09591,-0.02443,0.11591,-0.06445,77.36042,18.37182,-22.15726,0,enoS1(1_parsed).csv
36.0761555244755,-79.0083929254079,9,0,129.9,9.64,1405603,9.64,9.6359,-0.5994,0.91167,-0.01558,0.25107,-0.06918,78.42736,18.75183,-20.62263,0,enoS1(1_parsed).csv
36.0761555291375,-79.0083919137529,9,0.06,129.9,9.52,1406403,9.52,9.52403,-0.67657,0.18544,-0.02062,0.04719,-0.07621,78.88045,19.27799,-18.81029,0,enoS1(1_parsed).csv
36.0761550722611,-79.0083925944056,9,0.06,129.7,9.56,1406603,9.56,9.55634,-0.65623,0.09033,-0.03604,-0.03161,0.04902,79.28968,19.40953,-18.54721,0,enoS1(1_parsed).csv
36.0761547668998,-79.0083923939394,9,0.18,129.7,9.6,1407403,9.6,9.59881,-0.74536,0.93021,-0.47327,-0.51725,0.12431,77.41888,15.96025,-22.33265,0,enoS1(1_parsed).csv
36.0761545897436,-79.0083920582751,9,0.18,130,10.23,1407603,10.23,10.23051,-0.09153,2.06321,-1.38895,-1.28266,1.78709,71.45572,5.64162,-29.59661,0,enoS1(1_parsed).csv
36.0761545174825,-79.0083906876457,9,0.29,130,11.08,1408403,11.08,11.08116,5.55913,0.87996,-1.63132,1.07558,-0.75579,74.17422,-15.85794,-9.51476,0,enoS1(1_parsed).csv
36.0761546107226,-79.0083888974359,9,0.29,130.4,9.33,1408603,9.33,9.33141,-0.36849,-2.62194,0.69914,0.39141,-0.95051,79.27506,-9.70477,-0.33616,0,enoS1(1_parsed).csv
36.0761548694639,-79.0083867552447,9,0.84,130.4,7.15,1409403,7.15,7.15035,3.12204,5.01237,-0.1799,0.52198,-0.47098,64.42561,-17.94797,-21.83572,0,enoS1(1_parsed).csv
36.0761552331002,-79.0083844335664,9,0.84,130.9,9.01,1409603,9.01,9.00958,1.29272,3.00239,0.26389,1.51052,-1.02793,74.64192,-7.48319,-18.3572,0,enoS1(1_parsed).csv
36.0761555128205,-79.0083823543123,9,0.38,130.9,8.02,1410403,8.02,8.02014,2.78584,-2.5675,1.69821,0.47892,-0.29123,78.07658,-2.48465,-16.72026,0,enoS1(1_parsed).csv
36.0761557925408,-79.0083809557109,9,0.38,131.1,9.22,1410603,9.22,9.22134,-0.88355,0.35593,1.09879,1.54106,-0.84987,80.38585,15.49255,-15.66793,0,enoS1(1_parsed).csv
36.0761556480186,-79.0083806829837,9,0.14,131.1,9.25,1411403,9.25,9.24587,-1.1001,-1.01695,-0.02367,0.87232,0.37034,80.44431,24.21807,-10.84478,0,enoS1(1_parsed).csv
36.0761554522145,-79.0083818391608,9,0.14,131.3,9.65,1411603,9.65,9.64607,0.33619,-1.24965,-0.14523,-0.19334,0.47235,82.35896,19.05876,-9.03245,0,enoS1(1_parsed).csv
36.0761552284382,-79.0083818275058,9,0.17,131.3,9.73,1412403,9.73,9.72623,0.13699,-0.5324,-0.30803,-0.11973,0.05574,80.25431,15.77024,-14.99562,0,enoS1(1_parsed).csv
36.0761549020979,-79.0083816876457,9,0.17,130.7,9.27,1412603,9.27,9.26501,0.04845,-0.19322,-0.35247,-0.25336,0.02214,80.29816,13.92868,-15.75563,0,enoS1(1_parsed).csv
36.0761543776224,-79.0083811118881,9,0.14,130.7,9.47,1413403,9.47,9.46601,0.25902,0.42712,-1.00044,0.35354,0.21426,78.35428,-0.7454,-16.42794,0,enoS1(1_parsed).csv
36.0761538554779,-79.0083803379953,9,0.14,131,9.65,1413603,9.65,9.65085,0.39362,0.02273,-0.64675,-0.01329,-0.36896,79.17275,-3.88775,-12.54019,0,enoS1(1_parsed).csv
36.076153051282,-79.0083794358974,9,0.25,131,9.42,1414403,9.42,9.42114,0.19561,0.08554,0.33888,0.20204,-0.37583,79.37738,-3.75621,-11.54633,0,enoS1(1_parsed).csv
36.076151997669,-79.0083787272727,9,0.25,131.6,9.91,1414603,9.91,9.90748,-2.48913,-1.00977,0.54672,0.25137,-0.63744,81.62818,2.66004,-12.67173,0,enoS1(1_parsed).csv
36.0761511888112,-79.0083781398601,9,0.14,131.6,9.23,1415403,9.23,9.23211,0.30329,2.01835,0.30329,0.61438,-0.1938,74.93423,8.40398,-25.67963,0,enoS1(1_parsed).csv
36.0761506107226,-79.0083781958042,9,0.14,131.4,9.14,1415603,9.14,9.13998,0.28774,1.35793,0.06399,0.821,-0.08079,76.61502,8.85706,-22.68343,0,enoS1(1_parsed).csv
36.0761505221445,-79.0083775244755,9,0.02,131.4,9.42,1416403,9.42,9.41516,-0.26501,-0.72443,0.56826,-0.83017,0.44853,81.13125,17.74335,-14.7033,0,enoS1(1_parsed).csv
36.0761510536131,-79.0083766573427,9,0.02,131.2,9.36,1416603,9.36,9.36371,0.51266,0.68495,0.35675,0.13668,0.19991,79.31891,15.90178,-18.57644,0,enoS1(1_parsed).csv
36.0761514265734,-79.008375048951,9,0.3,131.2,9.01,1417403,9.01,9.00718,-0.18963,0.55334,-0.11332,-0.03467,0.0478,79.55276,21.47033,-17.11488,0,enoS1(1_parsed).csv
36.0761518927739,-79.008373016317,9,0.3,131.3,9.85,1417603,9.85,9.85125,-0.06281,-0.01795,-0.20907,0.33781,0.19334,79.65507,19.86261,-17.59719,0,enoS1(1_parsed).csv
36.0761522400932,-79.0083711701632,9,0.24,131.3,9.42,1418403,9.42,9.41576,0.29551,-0.07657,0.01619,0.11011,0.25336,80.26893,22.33265,-12.46711,0,enoS1(1_parsed).csv
36.0761526130536,-79.0083696130536,9,0.24,131.5,9.39,1418603,9.39,9.39183,0.41874,-0.57368,0.51985,-0.07498,-0.29596,81.52587,22.78574,-10.83017,0,enoS1(1_parsed).csv
36.0761525874126,-79.0083687202797,9,0.15,131.5,9.61,1419403,9.61,9.60958,0.38285,0.34935,0.03574,-0.10217,-0.37293,79.94738,27.88658,-12.78866,0,enoS1(1_parsed).csv
36.0761522237762,-79.0083687389277,9,0.15,131.9,9.45,1419603,9.45,9.45045,-0.49651,0.02453,-0.04505,0.32009,-0.18143,79.21661,30.63432,-11.37094,0,enoS1(1_parsed).csv
36.0761519230769,-79.008369006993,9,0.12,131.9,9.04,1420403,9.04,9.03949,-0.29551,-1.50987,-0.00412,0.9641,0.25351,81.2774,26.48348,-7.33704,0,enoS1(1_parsed).csv
36.0761517086247,-79.0083698088578,9,0.12,131.8,9.66,1420603,9.66,9.65803,-0.3667,-0.91047,-0.42134,-0.3488,-0.14065,80.98509,26.99503,-6.70856,0,enoS1(1_parsed).csv
36.0761514382284,-79.0083701771562,9,0.09,131.8,9.14,1421403,9.14,9.13759,-0.47198,-0.49472,-0.4948,0.42165,0.12126,80.80971,20.66647,-12.02865,0,enoS1(1_parsed).csv
36.0761512051282,-79.0083708205128,9,0.09,131.4,10.09,1421603,10.09,10.09233,0.38106,-0.12024,-0.50137,-0.75259,0.20846,80.60509,17.14411,-18.1672,0,enoS1(1_parsed).csv
36.0761507016317,-79.0083709137529,9,0.32,131.4,9.29,1422403,9.29,9.28654,-0.07717,-0.06939,-0.57895,-0.74556,-0.38026,81.04356,8.88629,-15.88717,0,enoS1(1_parsed).csv
36.0761501048951,-79.0083707086247,9,0.32,131.4,9.69,1422603,9.69,9.68854,-0.69033,0.54197,-0.61468,0.16784,0.0788,79.39199,8.22859,-18.98568,0,enoS1(1_parsed).csv
36.0761495081585,-79.0083702517482,9,0.38,131.4,9.78,1423403,9.78,9.78485,-0.35533,0.51326,-0.48762,-0.35003,0.17333,79.53815,-2.39696,-13.53405,0,enoS1(1_parsed).csv
36.076149004662,-79.0083697202797,8,0.38,131.2,9.52,1423603,9.52,9.52343,-0.00419,0.30568,-0.45662,0.33445,-0.03574,79.40661,-4.92546,-10.49401,0,enoS1(1_parsed).csv
36.0761484755245,-79.0083688531468,8,0.81,131.2,9.33,1424403,9.33,9.3344,0.06281,0.41037,-0.37553,0.11393,-0.0588,79.08507,-10.37708,-4.13622,0,enoS1(1_parsed).csv
36.0761480745921,-79.0083677529138,8,0.81,131.2,9.58,1424603,9.58,9.58445,-0.2662,0.27398,-0.36423,0.11102,-0.10293,80.22508,-9.00321,-3.69775,0,enoS1(1_parsed).csv
36.0761478717949,-79.0083663939394,8,0.18,131.2,9.14,1425403,9.14,9.14178,0.86919,-1.07019,-0.51313,0.2645,0.80497,76.70272,-15.94563,13.03712,0,enoS1(1_parsed).csv
36.0761478531469,-79.0083651072261,9,0.18,131.2,9.42,1425603,9.42,9.41994,1.66421,-0.82433,-0.489,-0.14142,0.34025,73.72114,-18.13797,14.07483,0,enoS1(1_parsed).csv
36.0761478531468,-79.0083640792541,9,0.09,131.2,9.39,1426403,9.39,9.38645,0.74716,-0.6682,0.07743,0.16921,-0.09667,76.45425,-13.84098,17.05642,0,enoS1(1_parsed).csv
36.076147955711,-79.0083633519814,9,0.09,131.4,9.46,1426603,9.46,9.46421,0.60479,-0.99661,0.00733,0.1886,-0.10201,76.52734,-13.37328,17.55335,0,enoS1(1_parsed).csv
36.0761481375291,-79.0083626876457,9,0.01,131.4,9.51,1427403,9.51,9.51267,0.59402,-0.93559,-0.04765,0.32254,-0.05101,76.39579,-13.72406,16.20871,0,enoS1(1_parsed).csv
36.0761483519813,-79.0083623706294,9,0.01,131.6,9.43,1427603,9.43,9.4349,0.46301,-1.28734,-0.23488,-0.00305,-0.01298,76.76118,-13.15405,18.40105,0,enoS1(1_parsed).csv
36.0761487412587,-79.0083622820513,9,0.02,131.6,9.32,1428403,9.32,9.31765,-0.00239,-1.11864,-0.15608,-0.0562,-0.19991,76.51272,-6.48933,23.86729,0,enoS1(1_parsed).csv
36.0761492354312,-79.0083626363636,9,0.02,131.5,9.42,1428603,9.42,9.42234,-0.0999,-1.28016,0.20128,0.17425,0.1576,76.83426,-7.52704,23.61882,0,enoS1(1_parsed).csv
36.0761497645688,-79.0083628438229,9,0.22,131.5,9.32,1429403,9.32,9.31705,1.39202,-1.05165,0.23793,0.1573,-0.26344,74.77346,-16.3841,17.17334,0,enoS1(1_parsed).csv
36.0761503426573,-79.0083630489511,9,0.22,131.5,9.24,1429603,9.24,9.2351,1.07976,-1.17966,0.17883,0.12996,0.0536,75.57732,-15.18562,16.54487,0,enoS1(1_parsed).csv
36.0761507109557,-79.0083634172494,9,0.15,131.5,9.65,1430403,9.65,9.64786,0.39781,0.05145,1.03251,0.48869,-0.15012,78.42736,-12.67173,0.21923,0,enoS1(1_parsed).csv
36.076150990676,-79.0083639020979,9,0.15,131.6,9.26,1430603,9.26,9.25903,0.34397,-0.49591,0.99861,0.08048,-0.04322,79.0266,-10.97632,-1.5931,0,enoS1(1_parsed).csv
36.076150969697,-79.0083642447552,9,0.06,131.6,9.78,1431403,9.78,9.77588,-0.00957,0.24227,0.66035,0.3404,0.09438,79.56738,1.65156,-15.84332,0,enoS1(1_parsed).csv
36.0761508391608,-79.0083646270396,9,0.06,131.6,9.52,1431603,9.52,9.52343,0.11246,-0.5348,0.10369,0.00321,-0.21365,81.23356,3.42005,-13.66559,0,enoS1(1_parsed).csv
36.0761502680653,-79.0083648135198,9,0.17,131.6,9.68,1432403,9.68,9.68016,-0.37747,0.30269,-0.21915,-0.18815,0.29001,80.09354,2.63081,-15.171,0,enoS1(1_parsed).csv
36.0761494568765,-79.0083648041958,9,0.17,132,9.53,1432603,9.53,9.52882,0.23689,-0.0658,-0.20907,0.24603,-0.00367,80.02046,0.76001,-13.40251,0,enoS1(1_parsed).csv
36.0761483566433,-79.0083646223776,9,0.16,132,9.42,1433403,9.42,9.42473,-0.00718,-0.01496,0.93921,-0.00733,-0.06292,79.962,5.10085,-16.32564,0,enoS1(1_parsed).csv
36.0761472377622,-79.0083641468532,9,0.16,132.4,9.57,1433603,9.57,9.5671,0.09811,0.34337,1.13117,0.0197,0.02275,79.75738,10.26016,-19.3803,0,enoS1(1_parsed).csv
36.0761459090909,-79.0083636130536,9,0.13,132.4,9.41,1434403,9.41,9.40738,-0.04606,0.06102,0.75686,-0.1544,0.10339,80.12277,26.83426,-12.02865,0,enoS1(1_parsed).csv
36.0761446876457,-79.0083628764569,9,0.13,133.3,9.62,1434603,9.62,9.61975,0.01017,0.35833,0.78878,0.28894,-0.03421,79.772,29.01199,-9.16399,0,enoS1(1_parsed).csv
36.0761434055944,-79.0083625501165,9,0.43,133.3,9.46,1435403,9.46,9.46002,0.14596,0.04307,0.78069,0.05238,-0.06338,79.47968,32.46127,4.89623,0,enoS1(1_parsed).csv
36.0761423799534,-79.0083625501165,9,0.43,133.4,9.57,1435603,9.57,9.57428,-0.62034,0.06042,0.49724,0.08109,0.1657,77.59427,35.51593,8.50628,0,enoS1(1_parsed).csv
36.0761414195804,-79.0083628764569,9,0.39,133.4,9.39,1436403,9.39,9.38884,-0.43071,-0.15673,0.24236,0.2106,-0.12049,76.45425,33.19205,16.1064,0,enoS1(1_parsed).csv
36.076140962704,-79.0083635291375,9,0.39,133.2,9.7,1436603,9.7,9.69691,-0.81117,-0.4337,-0.28466,0.07086,0.14661,76.38118,32.6805,18.29874,0,enoS1(1_parsed).csv
36.0761403706294,-79.0083640839161,9,0.1,133.2,9.48,1437403,9.48,9.48036,-0.38764,-0.04068,0.70815,-0.21808,-0.3656,77.52119,28.54429,19.23414,0,enoS1(1_parsed).csv
36.0761402027972,-79.0083645780886,9,0.1,133.1,9.66,1437603,9.66,9.65923,-0.54317,0.17767,0.64645,0.12843,0.25809,78.26659,26.6881,21.41187,0,enoS1(1_parsed).csv
36.0761397972028,-79.0083649417249,9,0.35,133.1,9.44,1438403,9.44,9.4355,-0.07418,-0.0682,0.69486,-0.0591,0.10858,77.22888,12.42327,27.41888,0,enoS1(1_parsed).csv
36.0761395454545,-79.0083652494172,9,0.35,132.7,9.63,1438603,9.63,9.62991,0.00837,-0.09212,0.69593,0.11851,-0.0591,77.84274,7.84858,26.01579,0,enoS1(1_parsed).csv
36.076138974359,-79.0083654312354,9,0.28,132.7,9.49,1439403,9.49,9.48934,-0.24706,-0.43669,0.50198,-0.23121,-0.10705,77.24349,2.96697,26.74656,0,enoS1(1_parsed).csv
36.0761384522145,-79.0083653566434,9,0.28,132.9,9.52,1439603,9.52,9.51566,-0.16869,-0.26919,0.66294,0.14294,0.17196,76.99503,-0.70155,24.75884,0,enoS1(1_parsed).csv
36.0761376946387,-79.0083654032634,9,0.36,132.9,9.37,1440403,9.37,9.3685,0.02692,0.19442,1.15102,-0.20769,0.09087,78.70506,-11.45864,9.14937,0,enoS1(1_parsed).csv
36.0761370699301,-79.0083653193473,9,0.36,133,9.72,1440603,9.72,9.72383,0.1998,0.15912,1.21639,0.22755,-0.10263,78.63198,-12.86174,3.68313,0,enoS1(1_parsed).csv
36.0761363170163,-79.0083652937063,9,0.49,133,9.45,1441403,9.45,9.44926,-0.00957,0.0999,1.10475,0.18173,-0.14294,80.00585,-1.06694,-13.92868,0,enoS1(1_parsed).csv
36.0761356829837,-79.0083653869464,9,0.49,133.3,9.64,1441603,9.64,9.64307,-0.13819,-0.07178,1.08383,0.00076,-0.14401,79.93277,5.26162,-16.39871,0,enoS1(1_parsed).csv
36.0761349300699,-79.0083653869464,9,0.44,133.3,9.42,1442403,9.42,9.41576,-0.20518,-0.00957,0.92348,-0.11087,-0.05009,79.39199,24.34961,-15.34639,0,enoS1(1_parsed).csv
36.0761344731935,-79.0083652937063,9,0.44,132.7,9.6,1442603,9.6,9.59701,-0.01914,0.27218,0.88117,-0.08751,0.09499,79.15814,26.33733,-13.84098,0,enoS1(1_parsed).csv
36.0761336736597,-79.0083653193473,9,0.48,132.7,9.5,1443403,9.5,9.49891,0.0012,0.12802,0.81169,0.12065,-0.04169,78.99737,33.96667,0.7454,0,enoS1(1_parsed).csv
36.0761331142191,-79.0083653193473,9,0.48,132.6,9.5,1443603,9.5,9.50309,-0.13579,0.20818,0.79794,-0.00122,-0.05513,78.80737,34.33207,3.71236,0,enoS1(1_parsed).csv
36.0761321794872,-79.0083652937063,9,0.37,132.6,9.56,1444403,9.56,9.56052,-0.067,0.11844,0.7503,0.02841,0.03222,78.41275,27.57966,17.7872,0,enoS1(1_parsed).csv
36.0761313310023,-79.0083653869464,9,0.37,132.6,9.54,1444603,9.54,9.53899,-0.00658,0.18425,0.7419,0.10324,-0.09759,78.2812,24.89038,20.47647,0,enoS1(1_parsed).csv
36.0761301888112,-79.0083653869464,9,0.48,132.6,9.58,1445403,9.58,9.57548,-0.04965,0.06162,0.69333,0.15272,-0.06628,77.95966,11.61941,25.91348,0,enoS1(1_parsed).csv
36.0761294055944,-79.0083654615384,9,0.48,132.6,9.53,1445603,9.53,9.5342,-0.05563,0.02752,0.68402,-0.07468,-0.06979,77.37504,8.46244,26.4981,0,enoS1(1_parsed).csv
36.076128034965,-79.0083654452214,9,0.49,132.6,9.51,1446403,9.51,9.50788,-0.13819,0.10648,0.64538,-0.16264,-0.05162,78.17889,-3.39082,22.01111,0,enoS1(1_parsed).csv
36.0761267762238,-79.0083654918415,9,0.49,132.8,9.46,1446603,9.46,9.46481,-0.05324,0.31167,0.62232,-0.02107,0.05024,78.66121,-5.49547,20.16954,0,enoS1(1_parsed).csv
36.0761251305361,-79.0083650815851,9,0.69,132.8,9.54,1447403,9.54,9.54437,-0.0317,0.2997,0.58231,-0.00641,0.07239,79.18737,-11.13709,9.38322,0,enoS1(1_parsed).csv
36.0761235920746,-79.0083646433566,9,0.69,132.8,9.52,1447603,9.52,9.51985,-0.0335,0.18066,0.58185,0.16493,-0.01222,79.14352,-11.95557,7.62935,0,enoS1(1_parsed).csv
36.0761218741259,-79.0083637039627,9,0.56,132.8,9.49,1448403,9.49,9.48934,0.04008,0.08973,0.57528,0.10018,-0.1463,79.09968,-9.98246,-3.53698,0,enoS1(1_parsed).csv
36.0761206153846,-79.0083620909091,9,0.56,133,9.79,1448603,9.79,9.78664,-0.13938,0.01735,0.57162,-0.0452,-0.1011,80.41508,-8.11166,-5.23239,0,enoS1(1_parsed).csv
36.0761191048951,-79.0083609347319,9,0.61,133,9.38,1449403,9.38,9.37867,-0.26261,0.05982,0.55787,-0.21121,-0.05803,80.60509,-0.42385,-13.13943,0,enoS1(1_parsed).csv
36.076117958042,-79.0083602447552,9,0.61,133.1,9.69,1449603,9.69,9.69392,-0.01376,0.33679,0.53695,-0.08873,0.19181,79.3043,1.54925,-17.21719,0,enoS1(1_parsed).csv
36.0761168414918,-79.0083599020979,9,0.68,133.1,9.25,1450403,9.25,9.24587,-0.00479,0.17527,0.51267,0.08842,-0.0084,79.962,11.48787,-19.07337,0,enoS1(1_parsed).csv
36.0761162634033,-79.00835997669,9,0.68,133,9.68,1450603,9.68,9.68375,0.03769,0.2997,0.51526,-0.04398,-0.09514,78.95352,14.11868,-20.18416,0,enoS1(1_parsed).csv
36.0761154428904,-79.0083603030303,9,0.53,133,9.45,1451403,9.45,9.44746,-0.134,0.07836,0.489,0.17471,-0.14661,79.04122,23.9696,-15.41947,0,enoS1(1_parsed).csv
36.0761151538462,-79.0083610489511,9,0.53,132.8,9.67,1451603,9.67,9.66641,-0.07537,0.07956,0.47617,-0.11362,0.07453,79.27506,25.66501,-14.36714,0,enoS1(1_parsed).csv
36.0761143799534,-79.0083617902098,9,0.44,132.8,9.48,1452403,9.48,9.48036,-0.07896,0.21595,0.45983,-0.19227,0.06322,79.09968,31.45279,-7.16165,0,enoS1(1_parsed).csv
36.0761138111888,-79.0083627319347,9,0.44,132.5,9.62,1452603,9.62,9.62274,0.02154,0.02871,0.45418,0.27871,-0.07468,79.47968,32.34435,-5.3347,0,enoS1(1_parsed).csv
36.0761128554779,-79.008363002331,9,0.59,132.5,9.48,1453403,9.48,9.48216,-0.10169,0.1322,0.43509,0.21548,-0.05498,79.08507,34.12745,3.06928,0,enoS1(1_parsed).csv
36.076111997669,-79.008363011655,9,0.59,132.2,9.61,1453603,9.61,9.60539,-0.08375,0.2333,0.45555,-0.23091,-0.00168,78.45659,34.21514,4.95469,0,enoS1(1_parsed).csv
36.0761106689977,-79.008362948718,9,0.74,132.2,9.33,1454403,9.33,9.335,-0.04367,0.04487,0.43967,-0.03497,-0.00993,78.54428,30.37124,14.49868,0,enoS1(1_parsed).csv
36.0761095221445,-79.0083625477856,9,0.74,132.3,9.69,1454603,9.69,9.69452,-0.02931,0.23509,0.43738,-0.0087,-0.04872,79.15814,29.01199,14.77638,0,enoS1(1_parsed).csv
36.076108011655,-79.0083618787879,9,0.6,132.3,9.38,1455403,9.38,9.37508,-0.16929,-0.02333,0.42577,-0.10385,0.02673,77.59427,23.95498,22.11342,0,enoS1(1_parsed).csv
36.0761066689977,-79.0083610955711,9,0.6,132.4,9.62,1455603,9.62,9.62453,0.01077,0.30927,0.41172,0.04261,0.09988,78.86583,20.72493,21.49956,0,enoS1(1_parsed).csv
36.0761051841492,-79.0083602913753,9,0.64,132.4,9.43,1456403,9.43,9.42832,0.04905,0.25065,0.41676,0.01451,-0.06811,78.39812,12.49635,25.59193,0,enoS1(1_parsed).csv
36.0761042797203,-79.0083597505828,9,0.64,132.6,9.6,1456603,9.6,9.6018,-0.09033,0.2004,0.41218,0.03589,-0.06811,78.58813,11.13709,25.43116,0,enoS1(1_parsed).csv
36.0761028671329,-79.00835902331,9,0.61,132.6,9.45,1457403,9.45,9.44567,-0.05563,0.09811,0.42608,-0.04765,-0.14722,78.63198,3.30313,24.72961,0,enoS1(1_parsed).csv
36.0761019440559,-79.0083581282051,9,0.61,132.6,9.7,1457603,9.7,9.7029,-0.23689,0.17647,0.4218,0.08308,0.06643,78.95352,1.02309,24.30576,0,enoS1(1_parsed).csv
36.0761002564103,-79.0083574172494,9,0.69,132.6,9.47,1458403,9.47,9.46601,-0.01555,0.10588,0.42516,-0.03864,0.03115,78.63198,-6.16779,20.40339,0,enoS1(1_parsed).csv
36.0760985967366,-79.0083570909091,9,0.69,132.6,9.52,1458603,9.52,9.51566,0.00419,0.18126,0.42593,-0.09529,-0.10782,79.43584,-7.41011,17.5095,0,enoS1(1_parsed).csv
36.0760965361305,-79.0083566293706,9,0.64,132.6,9.46,1459403,9.46,9.45943,-0.11725,0.332,0.40577,-0.01161,-0.0307,79.59661,-11.18094,10.93248,0,enoS1(1_parsed).csv
36.0760947832168,-79.0083565827506,9,0.64,132.5,9.58,1459603,9.58,9.58266,-0.03709,0.15553,0.40332,0.03207,0.01161,79.62584,-11.21017,9.31014,0,enoS1(1_parsed).csv
36.0760926969697,-79.0083564312354,9,0.78,132.5,9.48,1460403,9.48,9.48036,-0.06162,0.01914,0.39324,-0.00214,-0.04994,79.93277,-11.57556,1.00848,0,enoS1(1_parsed).csv
36.0760911305361,-79.0083567948718,9,0.78,133,9.43,1460603,9.43,9.42832,-0.09511,0.24227,0.38836,-0.04001,-0.00657,80.19585,-10.65478,-1.06694,0,enoS1(1_parsed).csv
36.0760894428904,-79.0083564452214,9,0.49,133,9.61,1461403,9.61,9.60718,-0.01496,0.25962,0.3543,0.2164,0.00428,79.58199,-8.14089,-8.38936,0,enoS1(1_parsed).csv
36.0760882587413,-79.0083558671328,9,0.49,133.4,9.45,1461603,9.45,9.44686,0.02154,0.14536,0.35339,-0.04841,-0.08308,80.47355,-6.98626,-8.18474,0,enoS1(1_parsed).csv
36.0760869137529,-79.0083542797203,9,0.43,133.4,9.44,1462403,9.44,9.44148,-0.05563,0.09691,0.32391,0.07865,-0.08613,80.10815,-1.85618,-13.37328,0,enoS1(1_parsed).csv
36.0760861305361,-79.0083523962704,9,0.43,133.5,9.67,1462603,9.67,9.67119,-0.15254,0.11366,0.33078,-0.04108,0.03589,80.67816,0.26308,-15.47793,0,enoS1(1_parsed).csv
36.076084962704,-79.0083502843823,9,0.69,133.5,9.5,1463403,9.5,9.50429,-0.07597,0.08614,0.31857,-0.19166,-0.0223,80.21046,6.69395,-16.80795,0,enoS1(1_parsed).csv
36.0760842074592,-79.0083483543123,9,0.69,133.4,9.57,1463603,9.57,9.5695,-0.00479,0.27517,0.29016,0.1095,-0.01909,79.72815,7.27857,-18.02105,0,enoS1(1_parsed).csv
36.0760832727273,-79.0083463659674,9,0.77,133.4,9.51,1464403,9.51,9.51326,-0.16929,0.1328,0.27932,-0.16356,0.00535,79.91815,14.16253,-19.27799,0,enoS1(1_parsed).csv
36.0760827878788,-79.0083448834499,9,0.77,133.1,9.6,1464603,9.6,9.6024,-0.02692,0.24048,0.27184,0.16585,0.06154,80.00585,14.89331,-18.79567,0,enoS1(1_parsed).csv
36.076081972028,-79.0083432890443,9,0.77,133.1,9.58,1465403,9.58,9.57847,0.10469,0.19681,0.25809,-0.04643,0.02535,79.69892,20.40339,-16.99795,0,enoS1(1_parsed).csv
36.0760813100233,-79.0083424592075,9,0.77,132.7,9.54,1465603,9.54,9.54018,-0.01795,0.2345,0.24374,0.17181,-0.14142,79.91815,21.19263,-16.06256,0,enoS1(1_parsed).csv
36.0760802097902,-79.0083409277389,9,0.75,132.7,9.6,1466403,9.6,9.6006,-0.05922,0.13101,0.23885,-0.08628,-0.07376,80.02046,26.14733,-13.68021,0,enoS1(1_parsed).csv
36.0760792773893,-79.0083398368298,9,0.75,132.8,9.52,1466603,9.52,9.52224,-0.11306,0.05264,0.22739,0.16341,-0.02795,79.772,26.80503,-13.16866,0,enoS1(1_parsed).csv
36.0760781095571,-79.0083383100233,9,0.66,132.8,9.54,1467403,9.54,9.53779,-0.16331,0.06939,0.21426,0.0701,0.03512,79.53815,30.83894,-9.25168,0,enoS1(1_parsed).csv
36.0760770839161,-79.0083371165501,9,0.66,133.1,9.46,1467603,9.46,9.45644,0.01496,0.12263,0.22648,-0.14768,0.06888,79.87431,30.8097,-7.87781,0,enoS1(1_parsed).csv
36.076076009324,-79.0083354032634,9,0.68,133.1,9.54,1468403,9.54,9.54078,0.14596,0.19741,0.20189,0.14416,-0.1011,79.99123,32.24203,-5.08623,0,enoS1(1_parsed).csv
36.0760752634033,-79.0083341072261,9,0.68,133.3,9.41,1468603,9.41,9.41157,-0.12622,0.14357,0.19792,-0.0307,-0.10705,79.14352,33.35282,-3.69775,0,enoS1(1_parsed).csv
36.0760744428904,-79.0083321864802,9,0.81,133.3,9.63,1469403,9.63,9.62752,-0.17109,0.16331,0.19288,-0.02718,-0.06017,79.08507,34.28822,-0.30693,0,enoS1(1_parsed).csv
36.076073986014,-79.0083304335664,9,0.81,133.5,9.5,1469603,9.5,9.49951,-0.09691,0.12622,0.18387,0.11286,0.09331,79.08507,33.63052,1.65156,0,enoS1(1_parsed).csv
36.0760732540792,-79.0083284195804,9,0.4,133.5,9.52,1470403,9.52,9.52403,0.01077,0.17169,0.16784,0.22495,0.10095,79.46507,32.92897,5.81701,0,enoS1(1_parsed).csv
36.0760728904429,-79.0083267692308,9,0.4,134.2,9.44,1470603,9.44,9.43909,0.06341,-0.1328,0.19914,-0.28802,-0.13897,78.98275,33.1482,6.48933,0,enoS1(1_parsed).csv
36.0760722564103,-79.008325030303,9,0.67,134.2,9.31,1471403,9.31,9.30569,-0.05563,0.05264,0.19456,0.11545,-0.1127,78.44198,32.70973,11.28325,0,enoS1(1_parsed).csv
36.0760716223776,-79.0083238648019,9,0.67,134.3,9.59,1471603,9.59,9.58804,-0.04845,0.06879,0.18754,-0.19166,0.02856,78.58813,32.47588,10.99094,0,enoS1(1_parsed).csv
36.0760707505828,-79.0083225617716,9,0.87,134.3,9.46,1472403,9.46,9.46481,-0.10528,0.22074,0.17242,0.08262,0.0588,77.38965,30.82432,14.27945,0,enoS1(1_parsed).csv
36.0760699487179,-79.0083217972028,9,0.87,133.9,9.52,1472603,9.52,9.51506,0.02213,0.067,0.18677,-0.06139,-0.04001,78.99737,30.21046,15.11254,0,enoS1(1_parsed).csv
36.0760691445221,-79.008321002331,9,0.74,133.9,9.49,1473403,9.49,9.48814,-0.0664,0.16211,0.18112,0.00428,-0.05085,78.57352,27.40427,18.15259,0,enoS1(1_parsed).csv
36.0760687902098,-79.0083208065268,9,0.74,133.7,9.55,1473603,9.55,9.55275,-0.06461,0.01555,0.16784,0.09514,0.04933,78.83659,25.98655,18.64952,0,enoS1(1_parsed).csv
36.0760682237762,-79.0083201934732,9,0.81,133.7,9.48,1474403,9.48,9.47857,0.1005,0.10229,0.18158,0.011,-0.14951,78.35428,22.96112,21.76264,0,enoS1(1_parsed).csv
36.0760677762238,-79.0083198298368,9,0.81,133.1,9.63,1474603,9.63,9.6347,-0.22672,0.16092,0.17272,0.04261,-0.04627,78.17889,23.3119,22.21573,0,enoS1(1_parsed).csv
36.0760672097902,-79.008319076923,9,0.69,133.1,9.52,1475403,9.52,9.52343,-0.02692,-0.01795,0.16707,-0.03894,0.03757,78.19351,19.02952,24.10114,0,enoS1(1_parsed).csv
36.0760669393939,-79.0083185174825,9,0.69,132.8,9.51,1475603,9.51,9.50668,-0.01077,0.18544,0.1628,-0.00565,-0.00076,78.19351,18.64952,23.45805,0,enoS1(1_parsed).csv
36.0760661142191,-79.0083175361305,9,0.79,132.8,9.38,1476403,9.38,9.37628,-0.14776,0.12203,0.16661,0.18051,0.01649,77.59427,14.42561,25.92809,0,enoS1(1_parsed).csv
36.0760652937063,-79.0083166783217,9,0.79,132.7,9.64,1476603,9.64,9.63889,0.05563,0.17169,0.17226,-0.22571,-0.01206,78.13505,13.47559,24.52499,0,enoS1(1_parsed).csv
36.0760642400932,-79.0083153752914,9,0.89,132.7,9.64,1477403,9.64,9.63829,-0.07777,0.23569,0.16814,-0.04276,-0.11164,78.25198,10.27477,25.22654,0,enoS1(1_parsed).csv
36.0760633916084,-79.0083141351981,9,0.89,132.7,9.58,1477603,9.58,9.58385,-0.14477,0.13161,0.15882,0.19487,0.03696,78.12044,9.22245,25.73809,0,enoS1(1_parsed).csv
36.0760623682984,-79.0083126247086,9,0.87,132.7,9.48,1478403,9.48,9.47857,-0.15673,-0.02871,0.15333,0.05681,0.06643,78.13505,5.90471,26.16194,0,enoS1(1_parsed).csv
36.0760614265734,-79.0083115431235,9,0.87,132.8,9.59,1478603,9.59,9.59223,0.11426,0.21595,0.16203,-0.1066,-0.02474,77.87196,4.07775,24.51038,0,enoS1(1_parsed).csv
36.0760601864802,-79.008309990676,9,0.86,132.8,9.6,1479403,9.6,9.6018,0.01496,0.23988,0.15348,-0.18234,0.01161,78.5589,1.72464,24.84654,0,enoS1(1_parsed).csv
36.0760591701632,-79.0083087972028,9,0.86,132.6,9.42,1479603,9.42,9.42114,-0.07597,0.09212,0.13974,0.28115,-0.05956,78.42736,1.18386,24.48115,0,enoS1(1_parsed).csv
36.0760581631702,-79.0083071095571,9,0.83,132.6,9.66,1480403,9.66,9.66042,-0.12802,0.28714,0.1492,0.10782,-0.01436,78.9389,-2.85004,20.60801,0,enoS1(1_parsed).csv
36.0760576037296,-79.0083058041958,9,0.83,132.6,9.41,1480603,9.41,9.40619,-0.05503,0.05264,0.14294,0.11118,0.03726,78.14967,-3.30313,22.25957,0,enoS1(1_parsed).csv
36.0760568764569,-79.0083038624709,9,0.91,132.6,9.52,1481403,9.52,9.52463,-0.1005,0.01615,0.14294,0.12004,0.01283,78.52967,-6.10932,19.78954,0,enoS1(1_parsed).csv
36.0760564195804,-79.0083022680653,9,0.91,132.4,9.49,1481603,9.49,9.49233,0.02752,0.1657,0.14478,-0.08949,-0.02398,78.2812,-7.16165,19.14645,0,enoS1(1_parsed).csv
36.0760558065268,-79.008300025641,9,0.91,132.4,9.6,1482403,9.6,9.6018,-0.0006,0.14297,0.14997,0.05559,-0.0956,78.60275,-8.40398,16.69103,0,enoS1(1_parsed).csv
36.0760555361305,-79.0082981421912,9,0.91,132.4,9.4,1482603,9.4,9.40439,-0.08734,0.11605,0.12431,-0.10537,0.06872,78.70506,-8.63783,16.63256,0,enoS1(1_parsed).csv
36.0760547575758,-79.0082958578089,9,0.85,132.4,9.48,1483403,9.48,9.48276,-0.0335,0.21176,0.12828,0.16112,-0.04047,79.55276,-10.2017,13.7679,0,enoS1(1_parsed).csv
36.076054030303,-79.0082939743589,9,0.85,132.3,9.49,1483603,9.49,9.49113,-0.02632,0.17587,0.13103,-0.02337,0.01329,78.92429,-9.82169,13.50482,0,enoS1(1_parsed).csv
36.0760531165501,-79.0082917319347,9,0.89,132.3,9.46,1484403,9.46,9.45763,-0.03709,0.00837,0.12278,0.28863,-0.03451,79.42122,-11.37094,11.7948,0,enoS1(1_parsed).csv
36.0760523706294,-79.0082901375291,9,0.89,132.3,9.6,1484603,9.6,9.59821,-0.067,0.07597,0.14768,-0.19792,-0.04078,79.39199,-11.56095,10.43554,0,enoS1(1_parsed).csv
36.0760513892774,-79.0082881958042,9,0.79,132.3,9.51,1485403,9.51,9.51446,-0.03589,-0.02034,0.13317,0.02275,-0.02337,79.05583,-12.39404,7.62935,0,enoS1(1_parsed).csv
36.0760507179487,-79.0082868065268,9,0.79,132.4,9.53,1485603,9.53,9.52762,-0.10349,0.22732,0.12248,-0.07773,0.04887,79.0266,-12.23327,5.62701,0,enoS1(1_parsed).csv
36.0760495757576,-79.0082851398601,9,0.71,132.4,9.62,1486403,9.62,9.61556,0.09811,0.3003,0.115,0.06414,0.0307,78.80737,-12.94943,2.47004,0,enoS1(1_parsed).csv
36.0760485314685,-79.0082840489511,9,0.71,132.2,9.43,1486603,9.43,9.42653,-0.00718,0.03051,0.1208,0.05452,-0.07605,79.3043,-12.56942,4.01929,0,enoS1(1_parsed).csv
36.0760472284382,-79.0082826573426,9,0.75,132.2,9.58,1487403,9.58,9.58445,-0.09571,0.16869,0.11438,-0.02627,-0.07453,79.55276,-11.5171,-0.80386,0,enoS1(1_parsed).csv
36.0760463426573,-79.0082818554779,9,0.75,132.4,9.42,1487603,9.42,9.41994,-0.08435,0.07238,0.10797,0.07498,0.04276,79.80122,-11.16633,-0.7454,0,enoS1(1_parsed).csv
36.0760449510489,-79.0082805314685,9,0.82,132.4,9.63,1488403,9.63,9.62513,-0.07657,0.20518,0.08964,-0.0391,0.08002,79.80122,-10.43554,-3.53698,0,enoS1(1_parsed).csv
36.0760437762238,-79.0082795524475,9,0.82,132.6,9.46,1488603,9.46,9.46242,0.05862,0.11486,0.09865,0.11683,-0.06078,79.31891,-10.8594,-3.80006,0,enoS1(1_parsed).csv
36.0760421305361,-79.0082782074592,9,0.74,132.6,9.56,1489403,9.56,9.55514,-0.07178,0.20937,0.08583,-0.01527,-0.04902,80.06431,-9.77784,-6.41625,0,enoS1(1_parsed).csv
36.0760407599068,-79.0082772191142,9,0.74,132.9,9.49,1489603,9.49,9.48993,-0.01675,0.13639,0.08125,0.08262,-0.01558,79.80122,-8.90091,-6.60626,0,enoS1(1_parsed).csv
36.076039,-79.0082756876457,9,0.85,132.9,9.63,1490403,9.63,9.63291,-0.04128,0.15613,0.07147,-0.05773,0.00046,79.84508,-7.71704,-8.95937,0,enoS1(1_parsed).csv
36.0760376200466,-79.0082742517482,9,0.85,133.4,9.5,1490603,9.5,9.50369,-0.00538,0.19262,0.07132,0.15592,-0.01222,79.88892,-7.68781,-8.47705,0,enoS1(1_parsed).csv
36.0760357668998,-79.0082726013986,9,0.84,133.4,9.66,1491403,9.66,9.66102,-0.04666,0.17408,0.05238,0.11438,-0.00886,79.39199,-6.21163,-10.15785,0,enoS1(1_parsed).csv
36.0760342937063,-79.0082711841492,9,0.84,133.7,9.42,1491603,9.42,9.41695,-0.0317,0.11007,0.06185,0.03344,-0.03222,80.02046,-6.12394,-9.20783,0,enoS1(1_parsed).csv
36.0760325594406,-79.0082698554778,9,0.71,133.7,9.54,1492403,9.54,9.54078,0.00658,0.12144,0.06078,0.12217,-0.05452,79.55276,-5.057,-10.61093,0,enoS1(1_parsed).csv
36.0760313566434,-79.0082691002331,9,0.71,134,9.49,1492603,9.49,9.49412,-0.10648,0.08913,0.06002,-0.05024,-0.05437,79.94738,-4.42853,-10.91786,0,enoS1(1_parsed).csv
36.0760296433566,-79.0082683263403,9,0.75,134,9.44,1493403,9.44,9.44327,-0.11306,0.11366,0.05818,0.03879,-0.00825,79.8597,-3.36159,-12.49635,0,enoS1(1_parsed).csv
36.0760283566433,-79.0082683076923,9,0.75,134.3,9.55,1493603,9.55,9.54736,0.01795,0.19143,0.04994,-0.00748,0.0733,79.94738,-4.03391,-13.3879,0,enoS1(1_parsed).csv
36.0760266433566,-79.0082678391608,9,0.69,134.3,9.57,1494403,9.57,9.57428,0.08255,0.15553,0.04154,0.08018,0.06704,79.99123,-2.2508,-13.49021,0,enoS1(1_parsed).csv
36.0760252727273,-79.0082676340326,9,0.69,134.2,9.51,1494603,9.51,9.51446,-0.02512,0.07358,0.05681,0.01665,-0.12828,80.23969,-2.07542,-14.03099,0,enoS1(1_parsed).csv
36.0760235804196,-79.0082666993007,9,0.78,134.2,9.49,1495403,9.49,9.49472,-0.06341,0.11306,0.05895,0.09682,-0.01909,80.41508,0.04385,-14.64484,0,enoS1(1_parsed).csv
36.0760222284382,-79.0082657482517,9,0.78,134.2,9.58,1495603,9.58,9.57548,-0.03111,0.11964,0.05483,-0.0846,0.05376,80.23969,-0.14616,-15.14177,0,enoS1(1_parsed).csv
36.0760207179487,-79.0082642121212,9,0.89,134.2,9.53,1496403,9.53,9.53301,0.0006,0.15434,0.05773,-0.02688,0.0394,79.69892,2.64543,-16.23794,0,enoS1(1_parsed).csv
36.0760198321678,-79.0082625990676,9,0.89,134.4,9.57,1496603,9.57,9.57249,-0.0012,0.11964,0.07361,0.03619,-0.05177,79.87431,2.7185,-16.20871,0,enoS1(1_parsed).csv
36.0760186480186,-79.0082607878788,9,0.7,134.4,9.53,1497403,9.53,9.52942,-0.02632,0.15673,0.18219,0.01008,-0.06078,80.15201,5.40778,-16.77872,0,enoS1(1_parsed).csv
36.0760178648019,-79.0082594172494,9,0.7,134.3,9.36,1497603,9.36,9.36371,-0.0006,0.18604,0.16967,0.01359,-0.0226,79.75738,6.32856,-16.86641,0,enoS1(1_parsed).csv
36.0760167482517,-79.0082578228438,9,0.79,134.3,9.48,1498403,9.48,9.47618,-0.03649,0.20339,0.18402,-0.05284,-0.06811,80.32739,10.52324,-18.00643,0,enoS1(1_parsed).csv
36.076015974359,-79.0082567132867,9,0.79,134.1,9.57,1498603,9.57,9.5671,-0.02692,0.22552,0.15944,0.08842,0.01054,79.99123,11.3271,-17.99182,0,enoS1(1_parsed).csv
36.0760147855478,-79.00825504662,9,0.85,134.1,9.53,1499403,9.53,9.52882,0.00538,0.1657,0.25519,0.02107,-0.01008,80.26893,15.31716,-17.67027,0,enoS1(1_parsed).csv
36.0760137505828,-79.0082537599068,9,0.85,134.1,9.59,1499603,9.59,9.58565,-0.01914,0.08315,0.28191,0.0649,-0.06002,80.09354,17.11488,-17.93335,0,enoS1(1_parsed).csv
36.0760124895105,-79.008252,9,0.94,134.1,9.59,1500403,9.59,9.58505,-0.09332,0.0317,0.28451,-0.05101,-0.09774,79.56738,22.49342,-15.361,0,enoS1(1_parsed).csv
36.0760116317016,-79.0082507039627,9,0.94,134.1,9.49,1500603,9.49,9.48814,-0.15434,0.12622,0.27428,-0.00809,0.06643,79.69892,23.80883,-15.33177,0,enoS1(1_parsed).csv
36.0760106083916,-79.0082488298368,9,0.83,134.1,9.54,1501403,9.54,9.5354,0.02453,0.2345,0.28726,-0.12065,0.07391,79.58199,27.55042,-11.2394,0,enoS1(1_parsed).csv
36.076010011655,-79.0082473379953,9,0.83,134,9.51,1501603,9.51,9.51446,0.0323,0.17468,0.29398,0.1405,-0.09087,79.59661,28.50044,-10.46478,0,enoS1(1_parsed).csv
36.0760088951049,-79.0082454219114,9,0.92,134,9.47,1502403,9.47,9.47319,-0.08016,0.12323,0.33094,0.0252,-0.01833,79.46507,32.28588,-5.17393,0,enoS1(1_parsed).csv
36.076008018648,-79.008244004662,9,0.92,133.9,9.56,1502603,9.56,9.55574,-0.0335,0.07836,0.33796,-0.01054,0.00962,80.31277,32.72435,-3.20082,0,enoS1(1_parsed).csv
36.0760066480186,-79.0082419020979,9,1.02,133.9,9.47,1503403,9.47,9.4666,-0.02991,0.07657,0.32009,0.09209,-0.07193,78.76352,33.3382,3.43467,0,enoS1(1_parsed).csv
36.0760053986014,-79.0082401212121,9,1.02,133.9,9.55,1503603,9.55,9.54557,-0.03888,0.08375,0.32574,-0.12126,-0.02092,79.1143,34.1713,4.48699,0,enoS1(1_parsed).csv
36.0760037482518,-79.0082378787879,9,1.06,133.9,9.44,1504403,9.44,9.44268,-0.12263,0.04128,0.30223,-0.08583,-0.01008,78.73429,32.06665,11.45864,0,enoS1(1_parsed).csv
36.0760023962704,-79.0082360979021,9,1.06,134.1,9.64,1504603,9.64,9.63649,-0.00479,0.19083,0.28558,0.02199,0.05727,79.23122,30.97047,11.41479,0,enoS1(1_parsed).csv
36.0760008438228,-79.008233995338,9,0.97,134.1,9.6,1505403,9.6,9.6018,-0.00179,0.29611,0.26435,-0.04062,0.07223,78.64659,28.39813,16.3841,0,enoS1(1_parsed).csv
36.0759995011655,-79.0082322424242,9,0.97,134.2,9.49,1505603,9.49,9.48515,0.04965,0.12502,0.27672,0.21732,-0.07682,78.77814,27.56504,19.08799,0,enoS1(1_parsed).csv
36.0759980582751,-79.0082304102564,9,0.75,134.2,9.62,1506403,9.62,9.61556,0.05623,0.22433,0.2532,0.17501,-0.08048,78.67583,21.98188,22.06957,0,enoS1(1_parsed).csv
36.0759973589744,-79.0082293286713,9,0.75,134,9.45,1506603,9.45,9.45105,-0.09811,-0.00359,0.25656,-0.05147,-0.06216,78.54428,21.80649,23.7796,0,enoS1(1_parsed).csv
36.0759962680653,-79.0082280979021,9,1.02,134,9.46,1507403,9.46,9.46002,-0.10708,-0.01017,0.25656,-0.07422,-0.01252,78.26659,17.34873,25.62116,0,enoS1(1_parsed).csv
36.0759954009324,-79.0082276689977,9,1.02,134,9.58,1507603,9.58,9.57548,-0.00538,0.20997,0.24862,-0.00397,0.03558,78.52967,15.171,24.70038,0,enoS1(1_parsed).csv
36.0759942121212,-79.0082267179487,9,0.83,134,9.54,1508403,9.54,9.53779,-0.06341,0.23031,0.2503,-0.16952,-0.01268,78.82198,9.80707,26.16194,0,enoS1(1_parsed).csv
36.0759933543124,-79.008226027972,9,0.83,134,9.55,1508603,9.55,9.54676,-0.02632,0.28953,0.23854,0.24251,-0.00305,78.29582,8.34551,25.47501,0,enoS1(1_parsed).csv
36.0759922587412,-79.0082248648019,9,0.79,134,9.5,1509403,9.5,9.5001,0.0682,0.19143,0.2387,0.1376,0,79.1143,3.58082,25.66501,0,enoS1(1_parsed).csv
36.0759914941725,-79.0082239044289,9,0.79,133.9,9.54,1509603,9.54,9.53719,-0.02333,0.08674,0.24496,-0.0084,-0.13164,78.69044,2.89389,25.88424,0,enoS1(1_parsed).csv
36.0759902797203,-79.0082223892774,9,0.87,133.9,9.47,1510403,9.47,9.47438,-0.07418,0.08614,0.23411,0.03818,-0.13149,78.67583,-2.2508,23.19497,0,enoS1(1_parsed).csv
36.0759893286713,-79.008220972028,9,0.87,133.7,9.58,1510603,9.58,9.57907,-0.12742,0.12742,0.23946,-0.06521,0.02688,78.60275,-2.93774,22.15726,0,enoS1(1_parsed).csv
36.0759882843823,-79.0082195081585,9,0.84,133.7,9.56,1511403,9.56,9.56232,-0.13699,0.07657,0.23075,0.01161,0.08369,79.01199,-6.29933,18.73721,0,enoS1(1_parsed).csv
36.0759876783217,-79.0082184452214,9,0.84,133.8,9.54,1511603,9.54,9.54198,0.07238,0.14058,0.23579,0.02627,0.03283,77.79889,-8.17013,18.2549,0,enoS1(1_parsed).csv
36.0759863752914,-79.0082172610723,9,1.02,133.8,9.51,1512403,9.51,9.51027,0.12263,0.10528,0.2387,-0.18265,-0.11851,78.48582,-10.49401,14.5133,0,enoS1(1_parsed).csv
36.075985051282,-79.0082169067599,9,1.02,133.9,9.59,1512603,9.59,9.58505,-0.21416,0.22373,0.23121,0.10446,-0.07697,79.1143,-9.924,12.99328,0,enoS1(1_parsed).csv
36.0759835617716,-79.0082156806527,9,0.87,133.9,9.55,1513403,9.55,9.55334,-0.10947,0.19561,0.22403,-0.12798,0.01451,79.18737,-11.47325,8.87168,0,enoS1(1_parsed).csv
36.0759824988345,-79.0082145804196,9,0.87,134,9.6,1513603,9.6,9.6018,-0.0317,0.15972,0.20342,0.29566,0.02856,79.05583,-11.67787,8.18474,0,enoS1(1_parsed).csv
36.0759811282051,-79.0082127529137,9,0.92,134,9.52,1514403,9.52,9.52343,0.09332,0.08614,0.20113,0.06109,0.03024,79.31891,-12.51096,3.88775,0,enoS1(1_parsed).csv
36.075979981352,-79.008210990676,9,0.92,133.9,9.6,1514603,9.6,9.6012,-0.04427,0.11785,0.21044,-0.06567,-0.13363,79.69892,-11.56095,2.73312,0,enoS1(1_parsed).csv
36.0759789067599,-79.0082087365967,9,0.94,133.9,9.52,1515403,9.52,9.52164,-0.07777,0.14177,0.19517,-0.03833,-0.05101,79.75738,-10.59632,-2.00234,0,enoS1(1_parsed).csv
36.0759778787879,-79.0082064079254,9,0.94,134,9.53,1515603,9.53,9.52583,-0.10708,0.1322,0.18448,0.07391,0.04108,79.83046,-10.46478,-2.79158,0,enoS1(1_parsed).csv
36.0759768857809,-79.0082041282051,9,1,134,9.51,1516403,9.51,9.50908,-0.03589,0.0323,0.17761,0.12095,0.02795,79.59661,-8.81321,-5.91932,0,enoS1(1_parsed).csv
36.0759759160839,-79.008202020979,9,1,134.1,9.53,1516603,9.53,9.52882,-0.05803,0.16869,0.18876,-0.10599,-0.01206,79.72815,-7.76089,-6.32856,0,enoS1(1_parsed).csv
36.075974958042,-79.0082002097902,9,0.49,134.1,9.4,1517403,9.4,9.4014,-1.73181,-1.31845,1.17851,-0.34407,0.64019,82.12511,16.99795,-11.73633,1,enoS1(1_parsed).csv
36.078962,-79.008242,9,0.87,143.5,-6.97,1185003,-6.97,-6.9673,5.29292,-4.36212,-0.03604,0.11102,-0.13943,17.39258,0.64309,48.27536,0,enoS1(2_parsed).csv
36.078958,-79.008244,9,1.16,143.5,-7.06,1185803,-7.06,-7.05943,5.34856,-4.40698,-0.05437,0.13897,-0.09942,15.60947,2.29465,48.72844,0,enoS1(2_parsed).csv
36.078958,-79.008244,9,1.16,143.6,-6.86,1186003,-6.86,-6.86262,5.19183,-4.3675,-0.19792,-0.07926,-0.05437,16.06256,3.17159,49.26922,0,enoS1(2_parsed).csv
36.078956,-79.008245,9,1.05,143.6,-6.75,1186803,-6.75,-6.74597,5.36411,-4.37468,-0.21182,-0.20342,-0.22113,15.34639,3.37621,48.07074,0,enoS1(2_parsed).csv
36.078956,-79.008245,9,1.05,143.3,-6.71,1187003,-6.71,-6.70648,5.37249,-4.50688,-0.03253,0.24786,0.14645,15.55101,4.57469,48.77229,0,enoS1(2_parsed).csv
36.078953,-79.008248,9,1.2,143.3,-6.68,1187803,-6.68,-6.68315,5.06022,-4.38784,-0.2022,-0.06124,0.0223,14.58638,5.83163,48.8746,0,enoS1(2_parsed).csv
36.078953,-79.008248,10,1.2,143,-7.16,1188003,-7.16,-7.15574,5.32702,-4.5338,0.07162,0.19929,-0.0843,13.3002,5.40778,48.15844,0,enoS1(2_parsed).csv
36.078951,-79.00825,10,0.89,143,-6.83,1188803,-6.83,-6.82792,5.17568,-4.42433,-0.031,0.09407,0.02382,13.89944,6.62087,48.14382,0,enoS1(2_parsed).csv
36.078951,-79.00825,10,0.89,143.3,-6.85,1189003,-6.85,-6.85424,5.30249,-4.45783,-0.04811,0.07101,-0.04169,12.75943,6.05086,47.39842,0,enoS1(2_parsed).csv
36.078949,-79.008252,10,0.87,143.3,-6.88,1189803,-6.88,-6.88236,5.05304,-4.31785,-0.16952,-0.04154,0.10522,12.24788,6.9278,46.28764,0,enoS1(2_parsed).csv
36.078949,-79.008252,10,0.87,143.3,-7.13,1190003,-7.13,-7.12762,5.27558,-4.28674,0.09942,0.1715,-0.15592,11.54633,7.03011,46.95995,0,enoS1(2_parsed).csv
36.078948,-79.008255,10,0.92,143.3,-6.99,1190803,-6.99,-6.98644,4.97288,-4.28315,-0.11683,-0.14966,-0.14035,11.86788,8.19936,46.98919,0,enoS1(2_parsed).csv
36.078948,-79.008255,10,0.92,142.9,-6.9,1191003,-6.9,-6.9015,5.4999,-4.50927,0.11423,0.17883,-0.10476,12.14557,6.56241,47.09149,0,enoS1(2_parsed).csv
36.078944,-79.008258,10,0.97,142.9,-6.75,1191803,-6.75,-6.74776,5.01655,-4.47398,-0.02321,0.02184,-0.04933,11.92634,8.53552,47.57381,0,enoS1(2_parsed).csv
36.078944,-79.008258,9,0.97,143,-7,1192003,-7,-6.99721,5.43948,-4.5344,-0.00641,0.0058,-0.14279,11.44402,7.22011,46.5361,0,enoS1(2_parsed).csv
36.078941,-79.008261,9,1.2,143,-6.74,1192803,-6.74,-6.74357,5.43709,-4.37049,0.01313,0.02413,-0.09972,11.64864,7.45396,46.17071,0,enoS1(2_parsed).csv
36.078941,-79.008261,10,1.2,143.1,-6.86,1193003,-6.86,-6.85962,5.24866,-4.30888,-0.08583,0.06322,0.16295,11.40018,7.99474,45.93686,0,enoS1(2_parsed).csv
36.078938,-79.008262,10,1.04,143.1,-6.85,1193803,-6.85,-6.85304,5.22951,-4.42313,-0.11255,0.02978,0.15149,10.99094,8.59398,46.41918,0,enoS1(2_parsed).csv
36.078938,-79.008262,9,1.04,143.1,-7.27,1194003,-7.27,-7.2694,5.21456,-4.35434,0.02275,0.05864,-0.04933,10.08477,9.09091,45.84917,0,enoS1(2_parsed).csv
36.078935,-79.008266,9,1.02,143.1,-7.04,1194803,-7.04,-7.04208,5.21755,-4.33938,-0.00305,-0.03436,-0.21136,10.69863,8.19936,45.92225,0,enoS1(2_parsed).csv
36.078935,-79.008266,8,1.02,143.2,-6.81,1195003,-6.81,-6.80818,5.3659,-4.39801,-0.00137,0.03925,0.01115,10.8594,7.52704,45.27916,0,enoS1(2_parsed).csv
36.078931,-79.008269,8,1.1,143.2,-6.91,1195803,-6.91,-6.91167,5.24267,-4.38963,-0.01802,-0.05696,-0.13897,11.09325,7.81935,46.71149,0,enoS1(2_parsed).csv
36.078931,-79.008269,8,1.1,143.6,-6.66,1196003,-6.66,-6.65803,5.38804,-4.34776,-0.03329,0.10919,0.08735,11.35633,7.08857,45.89301,0,enoS1(2_parsed).csv
36.078928,-79.008273,8,1.02,143.6,-6.9,1196803,-6.9,-6.90449,5.38445,-4.37767,-0.06949,0.06857,0.15959,10.81555,7.67319,46.22917,0,enoS1(2_parsed).csv
36.078928,-79.008273,8,1.02,143.5,-7.02,1197003,-7.02,-7.01815,5.19003,-4.25085,-0.03085,0.09255,0.07514,10.36247,8.75475,45.26454,0,enoS1(2_parsed).csv
36.078925,-79.008275,8,1.08,143.5,-7.14,1197803,-7.14,-7.1354,4.99262,-4.35793,-0.09774,0.01038,0.06552,9.96785,9.19322,44.98685,0,enoS1(2_parsed).csv
36.078925,-79.008275,8,1.08,143.6,-6.94,1198003,-6.94,-6.93739,5.16431,-4.40997,0.08674,0.01787,-0.24618,10.24554,8.41859,45.38147,0,enoS1(2_parsed).csv
36.078922,-79.00828,8,1.31,143.6,-7.07,1198803,-7.07,-7.0684,5.28515,-4.22752,0.07529,0.1069,-0.11912,9.60246,9.10552,44.943,0,enoS1(2_parsed).csv
36.078922,-79.00828,9,1.31,143.5,-6.79,1199003,-6.79,-6.79203,5.45025,-4.41536,-0.11179,-0.09453,-0.09545,10.50862,7.73166,44.81146,0,enoS1(2_parsed).csv
36.078919,-79.008285,9,1.46,143.5,-7.09,1199803,-7.09,-7.09352,5.35693,-4.4004,-0.0536,-0.06307,-0.17074,9.8363,8.12628,44.51915,0,enoS1(2_parsed).csv
36.078919,-79.008285,9,1.46,143.5,-6.51,1200003,-6.51,-6.50668,5.29053,-4.43869,-0.09865,0.00687,0.01222,10.27477,8.95937,45.61532,0,enoS1(2_parsed).csv
36.078915,-79.008287,9,1.2,143.5,-7,1200803,-7,-7.0014,5.40479,-4.40638,-0.12828,0.01191,0.12706,9.06168,8.87168,43.46682,0,enoS1(2_parsed).csv
36.078915,-79.008287,9,1.2,143.5,-6.94,1201003,-6.94,-6.94397,5.07039,-4.41416,-0.04566,0.02611,-0.06032,9.12014,9.924,44.27068,0,enoS1(2_parsed).csv
36.078912,-79.008292,9,1.02,143.5,-7.06,1201803,-7.06,-7.06062,5.2684,-4.33161,-0.00473,0.13286,-0.03665,8.17013,10.31862,43.58375,0,enoS1(2_parsed).csv
36.078912,-79.008292,10,1.02,144,-6.76,1202003,-6.76,-6.75613,5.1338,-4.58644,-0.15287,-0.18387,-0.13638,9.00321,9.99708,45.64455,0,enoS1(2_parsed).csv
36.078909,-79.008297,10,0.99,144,-7.17,1202803,-7.17,-7.17488,5.41556,-4.50868,-0.00794,0.08338,-0.11026,7.42473,9.74861,43.32067,0,enoS1(2_parsed).csv
36.078909,-79.008297,11,0.99,144.4,-6.76,1203003,-6.76,-6.76391,5.19901,-4.45723,-0.12569,-0.03161,-0.02489,7.8632,11.00555,43.0722,0,enoS1(2_parsed).csv
36.078902,-79.008301,11,2.08,144.4,-6.89,1203803,-6.89,-6.89253,5.5023,-4.52782,-0.1066,0.01298,-0.01054,7.26396,10.18708,42.29757,0,enoS1(2_parsed).csv
36.078902,-79.008301,11,2.08,143.5,-6.85,1204003,-6.85,-6.84646,5.19661,-4.44886,-0.00168,0.09545,-0.05437,7.74627,10.49401,42.9845,0,enoS1(2_parsed).csv
36.078897,-79.008304,11,1.52,143.5,-7.02,1204803,-7.02,-7.02473,5.1003,-4.51526,-0.15806,-0.04887,-0.02001,6.31394,11.34171,42.35603,0,enoS1(2_parsed).csv
36.078897,-79.008304,10,1.52,143.9,-6.79,1205003,-6.79,-6.79263,5.266,-4.42014,0.02688,0.13164,-0.05223,6.1824,11.86788,42.07834,0,enoS1(2_parsed).csv
36.078891,-79.008306,10,1.43,143.9,-6.89,1205803,-6.89,-6.89133,5.1356,-4.31127,-0.19975,-0.15226,-0.06139,5.7147,11.72172,41.88834,0,enoS1(2_parsed).csv
36.078891,-79.008306,9,1.43,144.1,-6.77,1206003,-6.77,-6.7669,5.26241,-4.49193,0.10415,0.24939,-0.02779,5.89009,11.5171,42.4145,0,enoS1(2_parsed).csv
36.078888,-79.008309,9,1.35,144.1,-6.72,1206803,-6.72,-6.72024,5.05424,-4.46261,-0.09178,-0.04505,-0.05192,5.01315,12.43788,42.19526,0,enoS1(2_parsed).csv
36.078888,-79.008309,9,1.35,144.4,-6.89,1207003,-6.89,-6.88595,5.35693,-4.34836,0.05788,0.16142,-0.04169,4.45776,11.76557,40.96755,0,enoS1(2_parsed).csv
36.078885,-79.008312,9,1.09,144.4,-6.6,1207803,-6.6,-6.59761,5.08535,-4.5661,-0.08399,-0.01772,0.01787,5.56855,12.36481,41.49371,0,enoS1(2_parsed).csv
36.078885,-79.008312,10,1.09,144.3,-7.08,1208003,-7.08,-7.07677,5.45504,-4.50748,0.05299,0.18189,0.0026,4.18006,12.01403,40.99678,0,enoS1(2_parsed).csv
36.078882,-79.008314,10,1.09,144.3,-6.83,1208803,-6.83,-6.83091,5.07996,-4.37528,-0.06063,-0.00351,-0.01115,4.07775,12.55481,40.68986,0,enoS1(2_parsed).csv
36.078882,-79.008314,10,1.09,144.5,-6.89,1209003,-6.89,-6.89133,5.29352,-4.50568,0.01512,0.09774,-0.0084,4.18006,11.83864,40.19292,0,enoS1(2_parsed).csv
36.078877,-79.008314,10,1.2,144.5,-6.66,1209803,-6.66,-6.65623,5.05005,-4.60259,-0.00825,0.09331,0.05605,4.98392,12.86174,40.80678,0,enoS1(2_parsed).csv
36.078877,-79.008314,10,1.2,144.5,-7.1,1210003,-7.1,-7.0995,5.333,-4.49432,0.01206,0.04643,0.00367,3.49313,12.67173,40.11985,0,enoS1(2_parsed).csv
36.078874,-79.008319,10,1.33,144.5,-6.97,1210803,-6.97,-6.9661,5.22293,-4.39562,0.04887,0.07025,-0.07071,3.52236,12.07249,41.05525,0,enoS1(2_parsed).csv
36.078874,-79.008319,10,1.33,144.2,-6.85,1211003,-6.85,-6.85424,5.266,-4.55833,-0.05834,-0.1069,-0.04475,4.45776,12.05788,40.98217,0,enoS1(2_parsed).csv
36.078871,-79.008322,10,1.15,144.2,-6.78,1211803,-6.78,-6.77767,5.24028,-4.45185,-0.03283,-0.07117,-0.05162,4.83777,11.45864,41.2891,0,enoS1(2_parsed).csv
36.078871,-79.008322,10,1.15,144.3,-6.9,1212003,-6.9,-6.89851,5.3677,-4.49552,0.01955,0.06185,0.093,4.96931,11.67787,41.2891,0,enoS1(2_parsed).csv
36.078869,-79.008325,10,1.14,144.3,-6.77,1212803,-6.77,-6.7669,5.21396,-4.5326,0.01649,0.05085,0.07101,5.75855,11.94095,42.06372,0,enoS1(2_parsed).csv
36.078869,-79.008325,11,1.14,144.4,-7.02,1213003,-7.02,-7.01516,5.24028,-4.43928,-0.01665,-0.0171,0.07025,5.51008,11.73633,42.64835,0,enoS1(2_parsed).csv
36.078866,-79.008328,11,0.99,144.4,-6.98,1213803,-6.98,-6.97986,5.28216,-4.45424,-0.01405,0.00962,0.11179,6.15317,11.16633,42.67758,0,enoS1(2_parsed).csv
36.078866,-79.008328,10,0.99,144.4,-7,1214003,-7,-6.99841,5.17268,-4.46082,0.04047,-0.00718,-0.00367,5.70009,11.92634,42.79451,0,enoS1(2_parsed).csv
36.078863,-79.008331,10,1.08,144.4,-7.01,1214803,-7.01,-7.00918,5.21516,-4.37946,0.06613,-0.02474,-0.08873,7.32242,11.16633,43.8176,0,enoS1(2_parsed).csv
36.078863,-79.008331,10,1.08,144.4,-6.78,1215003,-6.78,-6.77946,5.42991,-4.40698,-0.00657,-0.09835,-0.03085,7.3078,9.89477,43.70067,0,enoS1(2_parsed).csv
36.07886,-79.008335,10,0.78,144.4,-6.66,1215803,-6.66,-6.65803,5.37308,-4.40997,0.03574,-0.05284,-0.04551,8.53552,9.32476,44.82608,0,enoS1(2_parsed).csv
36.07886,-79.008335,10,0.78,144.9,-6.87,1216003,-6.87,-6.868,5.31326,-4.54038,0.03085,0.06979,0.15226,8.2432,9.86554,44.67992,0,enoS1(2_parsed).csv
36.078855,-79.008338,10,1.13,144.9,-6.7,1216803,-6.7,-6.69871,5.32523,-4.41835,-0.08048,-0.0733,0.08323,9.22245,8.81321,45.73224,0,enoS1(2_parsed).csv
36.078855,-79.008338,10,1.13,145.2,-6.96,1217003,-6.96,-6.95893,5.10868,-4.54636,0.0785,0.13882,0.11652,9.28091,9.96785,45.54224,0,enoS1(2_parsed).csv
36.078851,-79.008343,10,1.28,145.2,-6.93,1217803,-6.93,-6.92543,5.13619,-4.44586,-0.07285,-0.093,0.03253,10.08477,9.01783,46.22917,0,enoS1(2_parsed).csv
36.078851,-79.008343,8,1.28,145.4,-6.9,1218003,-6.9,-6.9015,5.19542,-4.49791,0.05253,0.00031,-0.02046,10.68401,7.93628,46.63841,0,enoS1(2_parsed).csv
36.078847,-79.008347,8,1.16,145.4,-6.98,1218803,-6.98,-6.97747,5.24985,-4.41296,-0.04948,-0.10965,-0.04765,10.80094,8.81321,46.68225,0,enoS1(2_parsed).csv
36.078847,-79.008347,9,1.16,145.6,-6.75,1219003,-6.75,-6.75374,5.21516,-4.41356,0.0449,-0.00229,-0.01985,11.80941,7.42473,47.3838,0,enoS1(2_parsed).csv
36.078841,-79.008351,9,1.5,145.6,-6.85,1219803,-6.85,-6.85125,5.27199,-4.45544,0.01329,-0.03665,-0.0449,12.02865,7.14703,46.98919,0,enoS1(2_parsed).csv
36.078841,-79.008351,9,1.5,145.6,-6.75,1220003,-6.75,-6.74836,5.3354,-4.46441,0.00321,0.03222,0.04704,12.24788,6.40164,47.4715,0,enoS1(2_parsed).csv
36.078835,-79.008357,9,1.52,145.6,-6.95,1220803,-6.95,-6.95294,5.22951,-4.34955,-0.0423,-0.08369,-0.01252,12.58404,6.76703,47.01841,0,enoS1(2_parsed).csv
36.078835,-79.008357,11,1.52,145.5,-6.81,1221003,-6.81,-6.81237,5.29472,-4.52124,0.02932,0.02505,-0.02184,12.75943,6.51856,47.64688,0,enoS1(2_parsed).csv
36.078831,-79.008363,11,1.52,145.5,-6.65,1221803,-6.65,-6.64846,5.17986,-4.55893,-0.00336,-0.01909,0.03024,14.01637,6.12394,48.23151,0,enoS1(2_parsed).csv
36.078831,-79.008363,10,1.52,145.6,-6.93,1222003,-6.93,-6.93021,5.25284,-4.47458,0.03482,0.09881,0.10018,13.41713,5.91932,47.13534,0,enoS1(2_parsed).csv
36.078826,-79.008369,10,1.48,145.6,-7.01,1222803,-7.01,-7.01217,4.97827,-4.42014,0.09071,0.08858,0.05498,14.39638,5.89009,49.22537,0,enoS1(2_parsed).csv
36.078826,-79.008369,9,1.48,145.8,-6.97,1223003,-6.97,-6.9667,5.4,-4.45185,0.03192,-0.0872,-0.18952,14.01637,4.867,48.24613,0,enoS1(2_parsed).csv
36.078819,-79.008377,9,2.78,145.8,-6.75,1223803,-6.75,-6.75255,5.37428,-4.57687,-0.12217,-0.18341,-0.18433,14.48407,3.53698,48.43613,0,enoS1(2_parsed).csv
36.078819,-79.008377,10,2.78,144.8,-6.72,1224003,-6.72,-6.72443,5.25284,-4.3992,0.06658,0.10492,0.15608,16.23794,4.10699,48.71383,0,enoS1(2_parsed).csv
36.078813,-79.008385,10,2.34,144.8,-6.89,1224803,-6.89,-6.89193,4.93221,-4.37408,-0.02917,-0.06613,-0.03772,15.65332,3.99006,49.15229,0,enoS1(2_parsed).csv
36.078813,-79.008385,8,2.34,144.1,-6.96,1225003,-6.96,-6.95833,5.67159,-4.53859,0.14768,0.16478,0.01985,15.08331,2.77697,44.97223,0,enoS1(2_parsed).csv
36.078808,-79.008391,8,1.93,144.1,-6.57,1225803,-6.57,-6.57488,5.07877,-4.62054,0.21304,0.36988,0.17975,17.74335,4.60392,50.39462,0,enoS1(2_parsed).csv
36.078808,-79.008391,8,1.93,143.8,-7.02,1226003,-7.02,-7.02054,5.39103,-4.99741,-0.28191,-0.18234,-0.05773,15.39024,3.91698,48.11459,0,enoS1(2_parsed).csv
36.078805,-79.008399,8,1.65,143.8,-6.71,1226803,-6.71,-6.70828,5.10628,-4.71924,0.02596,0.20021,0.02978,15.02485,3.90237,49.54692,0,enoS1(2_parsed).csv
36.078805,-79.008399,8,1.65,143.9,-7.16,1227003,-7.16,-7.16291,5.14277,-4.34776,0.05452,0.15516,-0.03543,14.33791,3.91698,48.69921,0,enoS1(2_parsed).csv
36.078801,-79.008408,8,1.84,143.9,-6.8,1227803,-6.8,-6.80459,5.17986,-4.4662,-0.05559,0.11179,0.07498,15.4487,4.61853,48.99152,0,enoS1(2_parsed).csv
36.078801,-79.008408,8,1.84,143.9,-6.95,1228003,-6.95,-6.95055,5.31386,-4.61815,-0.12981,0.03558,-0.04337,14.17714,5.10085,48.47998,0,enoS1(2_parsed).csv
36.078795,-79.008415,8,2.07,143.9,-6.85,1228803,-6.85,-6.84706,5.29711,-4.5326,-0.00122,0.17287,-0.0733,12.71558,6.31394,47.90997,0,enoS1(2_parsed).csv
36.078795,-79.008415,9,2.07,143.7,-6.9,1229003,-6.9,-6.89851,5.33181,-4.54576,-0.16203,0.00794,0.02062,12.07249,6.48933,46.59456,0,enoS1(2_parsed).csv
36.078791,-79.008423,9,1.77,143.7,-6.82,1229803,-6.82,-6.82194,5.17089,-4.65344,0.05376,0.25412,-0.09881,10.91786,8.38936,47.60304,0,enoS1(2_parsed).csv
36.078791,-79.008423,9,1.77,143.5,-7.02,1230003,-7.02,-7.01516,5.42393,-4.65045,-0.22587,-0.07055,0.01772,10.61093,7.46858,46.5361,0,enoS1(2_parsed).csv
36.07879,-79.008427,9,0.92,143.5,-6.58,1230803,-6.58,-6.57907,4.76471,-4.89811,-0.01451,0.20998,-0.02871,11.72172,10.12862,47.32534,0,enoS1(2_parsed).csv
36.07879,-79.008427,9,0.92,143.4,-7.04,1231003,-7.04,-7.04088,5.48614,-4.76232,-0.09529,0.04811,-0.03757,9.924,9.09091,46.30225,0,enoS1(2_parsed).csv
36.078793,-79.008426,9,0.77,143.4,-6.51,1231803,-6.51,-6.51087,4.64507,-5.05125,0.01649,0.18891,-0.1883,9.88015,11.38556,46.52148,0,enoS1(2_parsed).csv
36.078793,-79.008426,10,0.77,143.6,-6.93,1232003,-6.93,-6.93021,5.4018,-4.81197,-0.1518,-0.01542,-0.02749,9.01783,10.49401,45.93686,0,enoS1(2_parsed).csv
36.078787,-79.008437,10,1.69,143.6,-6.56,1232803,-6.56,-6.55992,4.87059,-4.49552,-0.37095,-0.15776,-0.06368,7.43935,11.7071,43.20374,0,enoS1(2_parsed).csv
36.078787,-79.008437,9,1.69,143.6,-7.01,1233003,-7.01,-7.01157,5.28156,-4.81436,0.177,0.43066,-0.14508,6.29933,11.85326,43.05759,0,enoS1(2_parsed).csv
36.078784,-79.008444,9,1.68,143.6,-6.29,1233803,-6.29,-6.28894,4.57747,-4.82034,-0.2726,-0.08094,-0.04215,6.13856,13.63636,42.29757,0,enoS1(2_parsed).csv
36.078784,-79.008444,9,1.68,143.6,-6.85,1234003,-6.85,-6.84886,5.18405,-5.14696,0.12859,0.35155,-0.14737,4.82315,13.51944,40.57293,0,enoS1(2_parsed).csv
36.078778,-79.008453,9,2.23,143.6,-6.4,1234803,-6.4,-6.39661,4.73779,-4.88315,-0.28222,-0.05666,-0.01649,3.6539,13.3879,39.12599,0,enoS1(2_parsed).csv
36.078778,-79.008453,11,2.23,143.4,-6.84,1235003,-6.84,-6.84108,5.08295,-5.07458,-0.02046,0.19914,-0.1098,3.37621,14.0456,39.05291,0,enoS1(2_parsed).csv
36.078777,-79.008459,11,1.51,143.4,-6.77,1235803,-6.77,-6.77049,5.0327,-4.55833,-0.16875,-0.13271,-0.26832,0.78924,13.1979,35.88132,0,enoS1(2_parsed).csv
36.078777,-79.008459,10,1.51,143.3,-6.64,1236003,-6.64,-6.64487,5.30489,-4.86102,-0.10705,0.07178,-0.05528,1.00848,12.48173,35.41362,0,enoS1(2_parsed).csv
36.078769,-79.008464,10,1.57,143.3,-6.6,1236803,-6.6,-6.59582,5.13799,-4.89272,-0.26603,-0.14035,-0.11744,0.23385,13.09559,34.60976,0,enoS1(2_parsed).csv
36.078769,-79.008464,11,1.57,143.5,-6.42,1237003,-6.42,-6.42473,4.93579,-5.21934,-0.20204,-0.00458,0.11164,0.52616,13.91406,35.32593,0,enoS1(2_parsed).csv
36.078766,-79.008469,11,1.43,143.5,-6.54,1237803,-6.54,-6.54258,5.57887,-4.41236,-0.08018,0.26756,-0.19945,-1.08156,9.41245,32.46127,0,enoS1(2_parsed).csv
36.078766,-79.008469,10,1.43,143.3,-6.87,1238003,-6.87,-6.86979,5.46999,-4.21197,-0.30146,0.2613,0.02214,-2.3385,9.47091,31.02894,0,enoS1(2_parsed).csv
36.078762,-79.008475,10,1.55,143.3,-6.18,1238803,-6.18,-6.18126,4.84247,-5.57528,-0.27306,0.47373,-0.44227,-2.49927,8.75475,29.0266,0,enoS1(2_parsed).csv
36.078762,-79.008475,10,1.55,143.3,-6.64,1239003,-6.64,-6.63889,4.9663,-5.1996,-0.13882,0.67562,-0.33277,-4.3116,5.91932,24.59807,0,enoS1(2_parsed).csv
36.078759,-79.008484,10,1.57,143.3,-6.67,1239803,-6.67,-6.66521,5.15653,-4.88973,-0.57773,0.12798,-0.2025,-2.3385,-2.76235,18.9126,0,enoS1(2_parsed).csv
36.078759,-79.008484,10,1.57,143.3,-6.66,1240003,-6.66,-6.66461,4.8688,-5.36411,-0.42822,0.19273,-0.27122,-1.7831,-4.06314,19.89184,0,enoS1(2_parsed).csv
36.078751,-79.008487,10,1.39,143.3,-6.9,1240803,-6.9,-6.89671,5.24806,-4.33041,-0.29658,0.19731,-0.08583,1.75387,-10.04092,12.77404,0,enoS1(2_parsed).csv
36.078751,-79.008487,9,1.39,143,-6.86,1241003,-6.86,-6.85783,5.05962,-4.45364,-0.26725,0.18677,-0.08125,2.28004,-11.31248,13.63636,0,enoS1(2_parsed).csv
36.078745,-79.008492,9,1.38,143,-6.74,1241803,-6.74,-6.74417,5.17687,-4.33221,-0.18021,0.26313,0.17501,4.01929,-13.81175,13.08097,0,enoS1(2_parsed).csv
36.078745,-79.008492,9,1.38,142.9,-6.88,1242003,-6.88,-6.88176,5.05903,-4.31546,-0.29917,0.00015,0.07025,2.93774,-12.2625,12.81789,0,enoS1(2_parsed).csv
36.07874,-79.008496,9,1.42,142.9,-4.29,1242803,-4.29,-4.29033,6.59941,-8.82294,0.54123,1.38743,0.51435,18.31336,-20.98802,32.50512,0,enoS1(2_parsed).csv
36.07874,-79.008496,9,1.42,142.8,-6.09,1243003,-6.09,-6.08794,3.3673,-7.08096,-0.19441,0.46777,0.78099,10.37708,-17.15873,27.44811,0,enoS1(2_parsed).csv
36.078734,-79.0085,9,1.39,142.8,-4.96,1243803,-4.96,-4.95733,4.78385,-7.40878,0.26893,0.01206,0.21136,11.7071,-18.50336,28.48582,0,enoS1(2_parsed).csv
36.078734,-79.0085,9,1.39,142.8,-6.08,1244003,-6.08,-6.08196,3.93619,-7.4339,-0.14462,-0.47327,0.38469,9.50015,-16.28179,28.07659,0,enoS1(2_parsed).csv
36.078725,-79.008506,9,1.8,142.8,-6.22,1244803,-6.22,-6.21715,5.21516,-3.70947,0.63606,0.35827,-0.15256,5.02777,-15.361,12.78866,0,enoS1(2_parsed).csv
36.078725,-79.008506,9,1.8,142.8,-7.19,1245003,-7.19,-7.18565,6.29552,-3.12323,-0.10797,-0.1547,0.39187,3.88775,-12.8325,8.36013,0,enoS1(2_parsed).csv
36.078717,-79.008515,9,2.13,142.8,-6.1,1245803,-6.1,-6.09631,4.61037,-5.6351,0.1321,-0.04826,-0.062,3.08389,-10.27477,20.52032,0,enoS1(2_parsed).csv
36.078717,-79.008515,9,2.13,142.8,-6.63,1246003,-6.63,-6.6341,5.2337,-4.64507,0.66523,0.70143,-0.20159,2.60158,-11.76557,14.981,0,enoS1(2_parsed).csv
36.078709,-79.008523,9,2.17,142.8,-5.92,1246803,-5.92,-5.91865,4.91246,-5.09731,-0.42226,-0.48014,-0.33109,1.35925,-9.99708,17.55335,0,enoS1(2_parsed).csv
36.078709,-79.008523,9,2.17,142.9,-6.84,1247003,-6.84,-6.83988,5.55853,-4.35075,0.60247,0.80695,-0.29703,3.52236,-12.81789,16.54487,0,enoS1(2_parsed).csv
36.0787,-79.00853,9,2.26,142.9,-7.41,1247803,-7.41,-7.41117,4.68335,-5.46042,0.4247,0.29963,-0.62278,1.8708,-11.31248,13.24174,0,enoS1(2_parsed).csv
36.0787,-79.00853,8,2.26,143,-6.22,1248003,-6.22,-6.21715,5.89771,-3.80399,-0.40378,-0.64523,0.04414,5.14469,-14.10406,16.63256,0,enoS1(2_parsed).csv
36.078693,-79.008534,8,1.71,143,-7.05,1248803,-7.05,-7.05464,5.78704,-6.81057,-0.00076,-0.88743,-0.11286,0.97925,-8.02397,18.94183,0,enoS1(2_parsed).csv
36.078693,-79.008534,8,1.71,143.3,-4.25,1249003,-4.25,-4.25205,4.22752,-5.11406,-0.07071,-0.35781,0.28726,1.88541,-6.44548,27.14119,0,enoS1(2_parsed).csv
36.078686,-79.00854,8,1.76,143.3,-6.53,1249803,-6.53,-6.52882,5.1009,-7.01396,0.04184,-0.115,-0.41921,-1.54925,-0.86232,25.85501,0,enoS1(2_parsed).csv
36.078686,-79.00854,8,1.76,143.3,-4.91,1250003,-4.91,-4.91366,4.27179,-6.00957,-0.07193,0.08903,-0.21579,1.2131,-3.30313,27.98889,0,enoS1(2_parsed).csv
36.078679,-79.008546,8,1.66,143.3,-6.74,1250803,-6.74,-6.74238,4.70309,-4.63729,-0.11851,0.177,-0.49862,-3.14236,-3.69775,16.88103,0,enoS1(2_parsed).csv
36.078679,-79.008546,8,1.66,143.3,-6.84,1251003,-6.84,-6.83629,5.41436,-4.88196,-0.13073,0.09652,-0.54993,0.70155,-8.30167,15.62409,0,enoS1(2_parsed).csv
36.078674,-79.008549,8,1.29,143.3,-6.57,1251803,-6.57,-6.56531,4.49851,-4.87119,-0.44578,0.05162,-0.42761,3.11312,-12.20403,19.40953,0,enoS1(2_parsed).csv
36.078674,-79.008549,8,1.29,143.4,-6.71,1252003,-6.71,-6.71426,5.14995,-5.36291,-0.18967,0.3427,-0.46624,6.53318,-15.77024,18.94183,0,enoS1(2_parsed).csv
36.07867,-79.008546,8,0.82,143.4,-7.46,1252803,-7.46,-7.46082,4.46022,-5.1667,-0.57467,-0.4922,-0.57879,10.14323,-19.42414,21.48495,0,enoS1(2_parsed).csv
36.07867,-79.008546,8,0.82,143.6,-5.05,1253003,-5.05,-5.05065,4.334,-5.71466,-0.1799,0.166,-0.25992,14.17714,-20.72493,26.62964,0,enoS1(2_parsed).csv
36.078665,-79.008552,8,1.15,143.6,-7.7,1253803,-7.7,-7.69532,5.31506,-4.73719,-0.52198,-0.09071,-0.30925,15.78486,-23.35574,23.45805,0,enoS1(2_parsed).csv
36.078665,-79.008552,8,1.15,143.5,-6.2,1254003,-6.2,-6.2004,4.51645,-5.08116,-0.21029,0.13042,-0.36744,19.27799,-24.04268,27.75504,0,enoS1(2_parsed).csv
36.078661,-79.008559,8,1.29,143.5,-7.59,1254803,-7.59,-7.59243,4.09591,-5.40718,-0.30238,-0.39767,-0.74541,21.09032,-24.26191,30.72201,0,enoS1(2_parsed).csv
36.078661,-79.008559,8,1.29,143.4,-5.09,1255003,-5.09,-5.08894,5.25225,-5.14098,-0.59727,-0.63576,-0.32697,28.10582,-24.45191,36.64133,0,enoS1(2_parsed).csv
36.078656,-79.008565,8,1.68,143.4,-7.89,1255803,-7.89,-7.89033,4.74257,-4.63968,0.3091,0.81215,0.29551,18.51798,-22.52265,30.59047,0,enoS1(2_parsed).csv
36.078656,-79.008565,8,1.68,143.5,-7.41,1256003,-7.41,-7.40638,4.9023,-3.59701,-0.13653,-0.48136,-0.82879,19.55569,-23.67729,30.72201,0,enoS1(2_parsed).csv
36.07865,-79.008569,8,1.75,143.5,-5.33,1256803,-5.33,-5.333,4.38066,-5.75952,-0.24557,-0.08674,0.4609,27.91582,-20.66647,40.89447,0,enoS1(2_parsed).csv
36.07865,-79.008569,8,1.75,143.2,-6.56,1257003,-6.56,-6.55753,3.94098,-6.35055,0.26527,0.41264,0.36133,22.43496,-19.01491,40.70448,0,enoS1(2_parsed).csv
36.078644,-79.008576,8,1.62,143.2,-8.35,1257803,-8.35,-8.35334,5.01655,-4.87896,-0.52931,-0.34117,1.54014,20.09646,-24.55422,28.26659,0,enoS1(2_parsed).csv
36.078644,-79.008576,8,1.62,143.2,-6.85,1258003,-6.85,-6.85304,2.9007,-4.24427,-0.24694,-0.80833,0.61056,14.03099,-16.13563,35.12131,0,enoS1(2_parsed).csv
36.078641,-79.00858,8,1.85,143.2,-6.17,1258803,-6.17,-6.17049,5.08475,-6.55873,1.0933,1.18279,1.22066,20.038,-24.01345,28.26659,0,enoS1(2_parsed).csv
36.078641,-79.00858,8,1.85,143.3,-7.7,1259003,-7.7,-7.7007,4.04626,-5.95932,-0.1938,-0.97509,1.03587,10.3917,-18.53259,21.89418,0,enoS1(2_parsed).csv
36.078631,-79.008589,8,2.17,143.3,-2.24,1259803,-2.24,-2.23609,3.64128,-5.73679,0.59239,-0.10873,1.13316,12.13096,-11.95557,36.91903,0,enoS1(2_parsed).csv
36.078631,-79.008589,8,2.17,143.2,-6.49,1260003,-6.49,-6.48515,5.33241,-8.89293,0.34468,0.666,1.21516,2.89389,-5.58316,29.01199,0,enoS1(2_parsed).csv
36.078623,-79.008599,8,2.57,143.2,-4.26,1260803,-4.26,-4.26281,4.5679,-6.06581,0.15363,-0.66874,0.38026,-1.28617,0.21923,26.41041,0,enoS1(2_parsed).csv
36.078623,-79.008599,8,2.57,142.8,-6.11,1261003,-6.11,-6.11366,5.07817,-5.50888,0.34865,0.09545,0.24771,-1.90003,2.29465,27.09734,0,enoS1(2_parsed).csv
36.078616,-79.008607,8,2.52,142.8,-6.53,1261803,-6.53,-6.5348,5.64587,-4.87358,0.08781,-0.14248,-0.12798,-3.34697,3.09851,25.25577,0,enoS1(2_parsed).csv
36.078616,-79.008607,8,2.52,142.7,-6.1,1262003,-6.1,-6.09751,5.31924,-5.43111,-0.17715,0.14248,0.33246,-4.09237,5.39316,24.29114,0,enoS1(2_parsed).csv
36.078607,-79.008618,8,2.51,142.7,-7.05,1262803,-7.05,-7.05344,5.36052,-3.72622,-0.04749,0.15012,0.2645,-5.32008,8.47705,22.62496,0,enoS1(2_parsed).csv
36.078607,-79.008618,8,2.51,142.6,-7.16,1263003,-7.16,-7.15633,3.75853,-6.5665,-0.67943,-1.08566,-0.3233,-5.247,8.50628,23.42882,0,enoS1(2_parsed).csv
36.078599,-79.008622,8,2.04,142.6,-6.01,1263803,-6.01,-6.01496,4.08694,-6.51566,0.70326,0.94883,-0.06536,0.64309,13.75329,35.39901,0,enoS1(2_parsed).csv
36.078599,-79.008622,8,2.04,142.5,-7.63,1264003,-7.63,-7.6343,4.53799,-7.42613,0.29688,0.38744,-0.44303,-3.56621,6.43087,25.78193,0,enoS1(2_parsed).csv
36.078595,-79.008638,8,2.74,142.5,-7.72,1264803,-7.72,-7.71865,4.04866,-5.19542,0.8436,0.87384,-0.24419,-4.54545,6.09471,22.93189,0,enoS1(2_parsed).csv
36.078595,-79.008638,8,2.74,142.3,-6.1,1265003,-6.1,-6.10409,5.5358,-4.07258,-0.52244,-1.05664,-0.22144,-3.91698,2.70389,21.82111,0,enoS1(2_parsed).csv
36.078587,-79.008651,8,2.81,142.3,-5.19,1265803,-5.19,-5.18704,2.9354,-1.35254,0.56826,0.02474,-1.19714,-4.867,3.55159,17.94797,0,enoS1(2_parsed).csv
36.078587,-79.008651,8,2.81,142.7,-9.68,1266003,-9.68,-9.68136,9.76989,-10.60021,-1.77808,-1.31428,1.34238,-3.50775,7.14703,25.10962,0,enoS1(2_parsed).csv
36.078572,-79.008674,8,5.12,142.7,-3.17,1266803,-3.17,-3.1675,3.39123,-6.30569,-0.98716,-0.98456,-0.26939,1.44695,-4.29699,30.152,0,enoS1(2_parsed).csv
36.078572,-79.008674,8,5.12,143.8,-5.66,1267003,-5.66,-5.65903,3.31346,-6.12264,0.50335,0.95799,0.43662,0.6577,-2.8062,30.94124,0,enoS1(2_parsed).csv
36.078563,-79.008687,8,3.39,143.8,-8.05,1267803,-8.05,-8.05005,7.21376,-3.59462,1.24525,0.83215,1.39186,-6.10932,3.34697,14.38176,0,enoS1(2_parsed).csv
36.078563,-79.008687,8,3.39,144.3,-8.01,1268003,-8.01,-8.01416,3.29013,-4.49312,0.01008,-1.73043,0.54535,-7.23473,11.7948,16.01871,0,enoS1(2_parsed).csv
36.078557,-79.008702,8,2.44,144.3,-5.1,1268803,-5.1,-5.1003,2.74576,-4.82752,0.65378,0.15745,0.41768,8.74013,21.86495,45.76147,0,enoS1(2_parsed).csv
36.078557,-79.008702,8,2.44,144.2,-8.17,1269003,-8.17,-8.1691,6.45584,-6.37209,1.01419,0.60048,0.51435,3.4639,13.82637,40.33908,0,enoS1(2_parsed).csv
36.07855,-79.008717,8,2.7,144.2,-3.15,1269803,-3.15,-3.15314,1.79522,-6.58505,-0.52595,-0.32895,0.27504,19.89184,24.87577,51.69541,0,enoS1(2_parsed).csv
36.07855,-79.008717,7,2.7,143.9,-6.58,1270003,-6.58,-6.58325,3.2662,-7.87957,0.38011,0.64202,0.51496,17.37796,25.22654,50.70155,0,enoS1(2_parsed).csv
36.07854,-79.008728,7,3.79,143.9,-5.9,1270803,-5.9,-5.89592,5.39821,-5.05005,0.45158,0.59865,0.15424,12.65712,6.94241,47.71996,0,enoS1(2_parsed).csv
36.07854,-79.008728,9,3.79,143.6,-7.46,1271003,-7.46,-7.46202,5.73859,-4.78744,-0.35232,-0.26084,0.4299,10.33324,9.07629,46.68225,0,enoS1(2_parsed).csv
36.078528,-79.00874,9,2.66,143.6,-6.11,1271803,-6.11,-6.11127,7.15514,-6.02991,-0.53374,-0.10247,0.09331,12.04326,7.62935,47.26688,0,enoS1(2_parsed).csv
36.078528,-79.00874,7,2.66,144,-5.32,1272003,-5.32,-5.31625,2.83669,-4.45244,-0.48228,-0.13164,-0.28894,16.16487,14.19176,50.6577,0,enoS1(2_parsed).csv
36.078519,-79.00875,7,2.61,144,-5.38,1272803,-5.38,-5.37607,4.36929,-7.68156,-0.2584,0.22266,-0.4806,13.54867,20.14031,49.04998,0,enoS1(2_parsed).csv
36.078519,-79.00875,7,2.61,144.1,-4.6,1273003,-4.6,-4.6014,3.50369,-7.4345,-0.33934,0.38439,-0.24893,11.25402,21.19263,47.48611,0,enoS1(2_parsed).csv
36.078507,-79.008756,7,2.19,144.1,-6.43,1273803,-6.43,-6.42712,5.4676,-4.24726,-1.27197,-0.47556,-0.07101,-2.44081,9.2663,31.30664,0,enoS1(2_parsed).csv
36.078507,-79.008756,8,2.19,146.7,-5.57,1274003,-5.57,-5.57049,3.62632,-5.15235,-0.28772,0.68447,-0.35293,-2.20696,12.21865,32.24203,0,enoS1(2_parsed).csv
36.078497,-79.008764,8,2.24,146.7,-6.76,1274803,-6.76,-6.76391,5.87617,-7.17966,-0.39752,0.46624,-0.58567,-2.89389,1.46156,24.97808,0,enoS1(2_parsed).csv
36.078497,-79.008764,9,2.24,147.1,-5.49,1275003,-5.49,-5.48973,4.31187,-4.42612,-0.33582,0.73869,-0.41707,-1.16925,-2.61619,24.39345,0,enoS1(2_parsed).csv
36.078486,-79.008771,9,2.75,147.1,-7.01,1275803,-7.01,-7.01456,5.09492,-4.90588,-0.40684,0.27,-0.33537,3.09851,-12.33558,18.53259,0,enoS1(2_parsed).csv
36.078486,-79.008771,9,2.75,147.4,-5.91,1276003,-5.91,-5.91326,4.79701,-5.18285,-0.39752,0.33995,-0.2839,4.38468,-14.55715,18.22567,0,enoS1(2_parsed).csv
36.078479,-79.008778,9,2.03,147.4,-6.75,1276803,-6.75,-6.75494,5.31865,-5.47837,-0.18983,0.36346,-0.47831,11.12248,-20.94417,20.95878,0,enoS1(2_parsed).csv
36.078479,-79.008778,8,2.03,147.5,-6.23,1277003,-6.23,-6.23031,4.91007,-5.1015,-0.46914,0.13928,-0.00886,12.39404,-22.04034,22.71266,0,enoS1(2_parsed).csv
36.078472,-79.008788,8,2.39,147.5,-7.77,1277803,-7.77,-7.77368,5.64048,-4.32562,-0.21319,0.03115,-0.11469,15.09793,-24.97808,15.46332,0,enoS1(2_parsed).csv
36.078472,-79.008788,7,2.39,147.6,-6.07,1278003,-6.07,-6.0664,4.74257,-4.39442,-0.91874,-0.73502,-0.24939,16.98334,-25.03654,23.66267,0,enoS1(2_parsed).csv
36.078463,-79.008795,7,2.43,147.6,-6.47,1278803,-6.47,-6.47438,4.14616,-6.28056,0.54306,1.39827,-0.60369,23.64806,-24.56884,34.40514,0,enoS1(2_parsed).csv
36.078463,-79.008795,7,2.43,148.5,-6.31,1279003,-6.31,-6.31286,5.95215,-3.78006,-0.35904,0.27138,-0.81932,25.28501,-27.44811,30.34201,0,enoS1(2_parsed).csv
36.078457,-79.008801,7,1.91,148.5,-7.47,1279803,-7.47,-7.47159,4.33221,-6.99123,-0.37324,0.354,-0.75763,30.60509,-11.37094,50.68693,0,enoS1(2_parsed).csv
36.078457,-79.008801,7,1.91,148.6,-4.75,1280003,-4.75,-4.75274,2.84866,-6.71366,-0.73701,-0.24068,-0.59529,33.82052,-5.247,53.71236,0,enoS1(2_parsed).csv
36.078451,-79.008804,7,1.71,148.6,-6.29,1280803,-6.29,-6.28654,5.60578,-6.81356,-0.64355,0.27474,-0.12691,28.79275,-2.44081,53.81467,0,enoS1(2_parsed).csv
36.078451,-79.008804,7,1.71,149,-5.56,1281003,-5.56,-5.56331,4.53918,-5.02912,-0.20357,0.87262,-0.25794,26.61502,2.42619,52.87927,0,enoS1(2_parsed).csv
36.078443,-79.008812,7,2.15,149,-6.98,1281803,-6.98,-6.97687,5.03629,-4.73659,-0.9276,-0.60018,-0.11118,13.66559,4.96931,48.18766,0,enoS1(2_parsed).csv
36.078443,-79.008812,7,2.15,148.9,-6.15,1282003,-6.15,-6.14597,3.91765,-4.99681,-0.34743,-0.00489,-0.32651,17.68489,11.67787,50.51154,0,enoS1(2_parsed).csv
36.078428,-79.008822,7,2.74,148.9,-6.33,1282803,-6.33,-6.33021,4.53021,-5.50708,-0.36896,0.15409,-0.66584,9.96785,11.59018,45.20608,0,enoS1(2_parsed).csv
36.078428,-79.008822,8,2.74,150.3,-7.17,1283003,-7.17,-7.17308,5.57109,-3.84527,0.54657,1.14125,-0.2697,7.35165,8.53552,42.03449,0,enoS1(2_parsed).csv
36.078416,-79.008829,8,2.32,150.3,-7,1283803,-7,-6.99721,5.21037,-6.4002,-0.3204,-0.06567,-0.72006,5.14469,15.60947,41.81526,0,enoS1(2_parsed).csv
36.078416,-79.008829,8,2.32,151.2,-5.05,1284003,-5.05,-5.04886,4.22034,-4.92323,-0.27519,0.23564,-0.2364,5.83163,14.92254,41.69833,0,enoS1(2_parsed).csv
36.078411,-79.008834,8,1.93,151.2,-7.15,1284803,-7.15,-7.15155,4.92742,-5.9683,-0.19884,0.03589,-0.02474,0.45308,14.38176,36.15902,0,enoS1(2_parsed).csv
36.078411,-79.008834,8,1.93,150.1,-5.96,1285003,-5.96,-5.96112,4.00977,-5.74277,-0.22312,0.12584,-0.4328,0.17539,15.33177,36.07132,0,enoS1(2_parsed).csv
36.078403,-79.008842,8,2.14,150.1,-7.86,1285803,-7.86,-7.85982,4.38485,-4.15633,-0.45601,-0.32788,-0.29337,-5.77317,11.61941,20.81263,0,enoS1(2_parsed).csv
36.078403,-79.008842,8,2.14,150.3,-6.71,1286003,-6.71,-6.71127,5.08355,-4.55713,-0.07621,-0.06658,-0.4328,-4.51622,8.91552,25.50424,0,enoS1(2_parsed).csv
36.078399,-79.00885,8,2.11,150.3,-6.55,1286803,-6.55,-6.54916,4.00259,-7.2329,-0.05941,-0.47128,0.15073,-2.2508,16.01871,31.94972,0,enoS1(2_parsed).csv
36.078399,-79.00885,8,2.11,149.7,-5.02,1287003,-5.02,-5.01595,2.57767,-5.94916,0.18372,-0.30543,0.29383,0.6577,17.65565,35.88132,0,enoS1(2_parsed).csv
36.078393,-79.008856,8,2.22,149.7,-7.71,1287803,-7.71,-7.70668,4.87358,-5.40718,0.77931,0.1182,0.51206,1.52002,15.31716,36.26133,0,enoS1(2_parsed).csv
36.078393,-79.008856,7,2.22,149.2,-6.11,1288003,-6.11,-6.10768,4.63131,-5.4341,0.33445,-0.71548,-0.04276,4.03391,14.00175,40.17831,0,enoS1(2_parsed).csv
36.07839,-79.008858,7,0.84,149.2,-5.86,1288803,-5.86,-5.86122,5.01476,-6.02453,-0.11866,-0.63622,0.5226,14.76177,12.67173,49.50307,0,enoS1(2_parsed).csv
36.07839,-79.008858,9,0.84,149.3,-5.73,1289003,-5.73,-5.7338,3.48754,-5.64646,0.45036,-0.03161,0.21136,18.2549,13.88483,51.88541,0,enoS1(2_parsed).csv
36.078388,-79.008853,9,0.41,149.3,-7.01,1289803,-7.01,-7.00738,4.45244,-5.28335,-0.08262,-0.73151,0.11652,20.27185,2.96697,51.63695,0,enoS1(2_parsed).csv
36.078388,-79.008853,8,0.41,150,-5.61,1290003,-5.61,-5.60519,4.95314,-5.81576,0.39599,-0.05162,0.36194,25.43116,2.32388,53.09851,0,enoS1(2_parsed).csv
36.078384,-79.008851,8,1.4,150,-6.1,1290803,-6.1,-6.09871,3.74896,-6.83031,-0.06353,-0.64553,0.26145,31.8328,0.68693,55.21777,0,enoS1(2_parsed).csv
36.078384,-79.008851,8,1.4,149.1,-5,1291003,-5,-4.99681,3.68136,-5.6997,0.87873,0.58704,0.2167,32.53435,-2.82081,53.44928,0,enoS1(2_parsed).csv
36.078373,-79.008851,8,1.86,149.1,-6.45,1291803,-6.45,-6.44746,4.62233,-5.14636,-0.17364,-0.43631,0.24603,27.55042,-12.11634,47.71996,0,enoS1(2_parsed).csv
36.078373,-79.008851,7,1.86,148.6,-6.43,1292003,-6.43,-6.42951,4.78385,-5.09073,0.32269,0.17685,-0.03253,27.71119,-12.93481,47.96843,0,enoS1(2_parsed).csv
36.078364,-79.008854,7,1.69,148.6,-6.63,1292803,-6.63,-6.6335,4.53619,-5.88933,-0.00199,-0.07972,0.05651,28.58813,-13.3002,46.79918,0,enoS1(2_parsed).csv
36.078364,-79.008854,7,1.69,147.9,-6.47,1293003,-6.47,-6.46959,4.40818,-5.19781,0.37095,0.27657,0.02734,28.04736,-14.981,45.90763,0,enoS1(2_parsed).csv
36.078366,-79.008851,7,0.63,147.9,-6.41,1293803,-6.41,-6.41157,4.37827,-5.9671,0.22526,0.16356,0.38943,27.84274,-16.58872,44.4753,0,enoS1(2_parsed).csv
36.078366,-79.008851,8,0.63,145.5,-7.05,1294003,-7.05,-7.04626,4.65045,-5.52084,-0.15913,-0.74403,-0.19868,27.94505,-16.89565,43.61298,0,enoS1(2_parsed).csv
36.078368,-79.008852,8,1.75,145.5,-7.07,1294803,-7.07,-7.06541,4.9663,-5.94616,0.64294,0.62293,0.2981,25.54809,-20.06723,39.82753,0,enoS1(2_parsed).csv
36.078368,-79.008852,9,1.75,142.5,-6.2,1295003,-6.2,-6.20339,4.48295,-6.04786,-0.19196,-0.63331,0.2051,24.99269,-20.7834,39.03829,0,enoS1(2_parsed).csv
36.078369,-79.00885,9,0.94,142.5,-5.3,1295803,-5.3,-5.29771,4.45843,-5.76491,0.08109,-0.43936,0.03589,28.20813,-23.95498,36.02748,0,enoS1(2_parsed).csv
36.078369,-79.00885,9,0.94,140.8,-5.37,1296003,-5.37,-5.37249,5.21875,-6.61675,0.19609,0.17303,0.4302,27.59427,-24.20345,35.51593,0,enoS1(2_parsed).csv
36.078369,-79.00885,9,1.38,140.8,-4.22,1296803,-4.22,-4.22034,2.84028,-8.20858,0.38866,-1.15957,-0.35369,30.34201,-19.74569,42.4145,0,enoS1(2_parsed).csv
36.078369,-79.00885,8,1.38,139.2,-0.58,1297003,-0.58,-0.57547,3.77827,-7.72463,0.05818,-0.57299,0.73182,35.96902,-21.82111,42.07834,0,enoS1(2_parsed).csv
36.078364,-79.008848,8,1.17,139.2,-7.62,1297803,-7.62,-7.62473,3.65384,-5.52622,1.13926,0.8068,0.31047,0.96463,-7.27857,21.4411,0,enoS1(2_parsed).csv
36.078364,-79.008848,8,1.17,136.4,-8.43,1298003,-8.43,-8.42692,4.75095,-4.81556,0.97632,-0.41692,-1.11773,2.48465,-11.41479,10.87401,0,enoS1(2_parsed).csv
36.078359,-79.008851,8,1.74,136.4,-5.44,1298803,-5.44,-5.44427,3.31286,-5.90608,1.45294,-0.312,-0.02978,-1.85618,7.89243,29.99123,0,enoS1(2_parsed).csv
36.078359,-79.008851,8,1.74,135.4,-6.43,1299003,-6.43,-6.43011,6.08914,-7.19701,0.86453,-0.66294,-0.00305,-1.28617,1.65156,27.36042,0,enoS1(2_parsed).csv
36.078348,-79.008853,8,1.97,135.4,-6.04,1299803,-6.04,-6.04248,3.45224,-5.64407,0.85933,-0.832,-0.09865,3.12774,18.40105,38.68752,0,enoS1(2_parsed).csv
36.078348,-79.008853,8,1.97,136.2,-5.95,1300003,-5.95,-5.95215,5.76072,-6.5354,0.74709,-0.63133,0.11576,7.67319,11.37094,43.36451,0,enoS1(2_parsed).csv
36.078346,-79.008854,8,1.27,136.2,-6.36,1300803,-6.36,-6.36311,4.00559,-4.51944,0.54611,-0.7564,-0.19334,13.34405,11.38556,48.69921,0,enoS1(2_parsed).csv
36.078346,-79.008854,8,1.27,134.9,-6.44,1301003,-6.44,-6.44268,6.09332,-5.47119,0.78847,-0.29322,0.07498,17.11488,2.16311,50.11693,0,enoS1(2_parsed).csv
36.078339,-79.008862,8,2.05,134.9,-5.87,1301803,-5.87,-5.8666,4.05284,-5.49751,0.21182,-0.65637,0.25076,25.15346,2.90851,53.59544,0,enoS1(2_parsed).csv
36.078339,-79.008862,8,2.05,133.9,-6.32,1302003,-6.32,-6.32064,4.78684,-5.84447,0.83169,0.0788,0.12294,26.04502,-2.82081,52.16311,0,enoS1(2_parsed).csv
36.07833,-79.008863,8,2.16,133.9,-6.18,1302803,-6.18,-6.18006,4.05045,-5.26002,0.12233,-0.666,0.17333,28.13505,-11.57556,48.90383,0,enoS1(2_parsed).csv
36.07833,-79.008863,8,2.16,133.7,-6.39,1303003,-6.39,-6.38764,5.1661,-6.14597,0.30207,-0.48304,-0.0785,32.00819,-13.98714,47.92458,0,enoS1(2_parsed).csv
36.078325,-79.008865,8,1.74,133.7,-6.95,1303803,-6.95,-6.94756,4.49671,-5.81994,-0.31857,-1.03267,-0.03451,27.44811,-16.34025,45.39608,0,enoS1(2_parsed).csv
36.078325,-79.008865,8,1.74,132.5,-5.04,1304003,-5.04,-5.04228,3.24945,-6.44806,0.30895,-0.31108,0.06384,32.44665,-16.51564,47.09149,0,enoS1(2_parsed).csv
36.07832,-79.00887,8,1.89,132.5,-7.44,1304803,-7.44,-7.43689,5.11286,-4.28973,0.16722,0.0646,0.02062,22.44958,-24.13037,33.32359,0,enoS1(2_parsed).csv
36.07832,-79.00887,8,1.89,132,-6.59,1305003,-6.59,-6.58505,4.73839,-4.47697,0.08964,-0.26573,-0.0365,23.44344,-24.08652,35.42824,0,enoS1(2_parsed).csv
36.078317,-79.008875,8,1.4,132,-6.56,1305803,-6.56,-6.56291,4.19701,-6.49891,0.13775,0.08522,0.35766,24.58345,-21.11956,39.09676,0,enoS1(2_parsed).csv
36.078317,-79.008875,8,1.4,131,-5.96,1306003,-5.96,-5.96411,3.85304,-5.82892,0.25473,0.08247,0.10599,23.15112,-21.2511,38.21982,0,enoS1(2_parsed).csv
36.078316,-79.008883,8,1.69,131,-6.28,1306803,-6.28,-6.28176,4.5332,-6.37687,0.04536,-0.40149,0.6185,21.1634,-23.76498,33.45513,0,enoS1(2_parsed).csv
36.078316,-79.008883,9,1.69,129.7,-5.87,1307003,-5.87,-5.8672,3.78245,-5.76371,0.26145,-0.19487,0.3233,18.24028,-21.93803,33.70359,0,enoS1(2_parsed).csv
36.078311,-79.008888,9,1.22,129.7,-6.4,1307803,-6.4,-6.39841,5.09492,-5.49033,0.53863,0.08522,0.24832,12.2625,-21.89418,21.83572,0,enoS1(2_parsed).csv
36.078311,-79.008888,9,1.22,129.5,-6.77,1308003,-6.77,-6.77288,4.95075,-5.05125,0.1799,-0.23992,0.42257,9.31014,-19.45338,18.78106,0,enoS1(2_parsed).csv
36.078306,-79.008889,9,0.71,129.5,-6.28,1308803,-6.28,-6.28056,4.72702,-5.25045,0.22648,-0.0368,0.23579,5.02777,-14.45484,21.95265,0,enoS1(2_parsed).csv
36.078306,-79.008889,8,0.71,129.5,-6.63,1309003,-6.63,-6.63231,5.10808,-6.02932,0.11026,-0.14875,0.09132,3.96083,-13.49021,19.17568,0,enoS1(2_parsed).csv
36.0783,-79.008891,8,1.31,129.5,-6.2,1309803,-6.2,-6.20459,4.63789,-4.95434,0.208,0.09606,0.14218,1.38848,-10.304,20.72493,0,enoS1(2_parsed).csv
36.0783,-79.008891,8,1.31,130.2,-6.96,1310003,-6.96,-6.95653,5.12722,-5.70808,0.04429,-0.21105,0.24404,0.61386,-9.44168,17.74335,0,enoS1(2_parsed).csv
36.078296,-79.008891,8,1.23,130.2,-5.99,1310803,-5.99,-5.99402,4.17189,-5.64467,0.39401,-0.21182,0.31383,-2.23619,0,25.67963,0,enoS1(2_parsed).csv
36.078296,-79.008891,8,1.23,130.8,-6.54,1311003,-6.54,-6.54198,4.934,-5.81336,0.58597,0.02871,0.26817,-3.42005,1.14002,24.23268,0,enoS1(2_parsed).csv
36.078289,-79.008895,8,1.85,130.8,-6.53,1311803,-6.53,-6.52642,4.88076,-5.19841,0.24939,-0.4076,0.1095,-3.55159,6.50395,26.87811,0,enoS1(2_parsed).csv
36.078289,-79.008895,8,1.85,130.8,-6.37,1312003,-6.37,-6.3661,5.269,-5.04407,0.26191,-0.26557,0.20525,-3.33236,6.94241,28.66121,0,enoS1(2_parsed).csv
36.078282,-79.008904,8,1.74,130.8,-6.48,1312803,-6.48,-6.47917,4.90289,-5.61595,0.03176,-0.41401,0.08842,-0.81847,12.13096,34.56592,0,enoS1(2_parsed).csv
36.078282,-79.008904,8,1.74,131.3,-5.97,1313003,-5.97,-5.97308,4.73121,-5.0327,0.28711,0.02352,0.21228,-0.19,12.81789,36.8898,0,enoS1(2_parsed).csv
36.078281,-79.00891,8,1.17,131.3,-7.02,1313803,-7.02,-7.01755,5.35155,-4.47398,0.11729,-0.34774,-0.21166,-0.45308,11.37094,35.64747,0,enoS1(2_parsed).csv
36.078281,-79.00891,8,1.17,131.3,-6.24,1314003,-6.24,-6.23749,5.31027,-4.48714,0.09026,-0.14523,0.12065,2.04619,10.09939,38.2052,0,enoS1(2_parsed).csv
36.078276,-79.008915,8,1.68,131.3,-5.79,1314803,-5.79,-5.79183,4.17189,-7.04268,0.13897,-0.31414,0.0672,9.61707,17.46565,47.23765,0,enoS1(2_parsed).csv
36.078276,-79.008915,8,1.68,131.6,-5.41,1315003,-5.41,-5.41256,4.09591,-6.1005,0.38805,-0.01359,0.22526,10.88863,16.23794,48.55305,0,enoS1(2_parsed).csv
36.078276,-79.00892,8,1.02,131.6,-5.2,1315803,-5.2,-5.19841,5.02612,-6.49233,-0.19334,0.01038,-0.04811,13.32944,13.88483,49.42999,0,enoS1(2_parsed).csv
36.078276,-79.00892,8,1.02,131.2,-5.41,1316003,-5.41,-5.41137,4.79282,-6.41336,0.05818,0.10766,0.66157,13.25636,16.04794,49.10845,0,enoS1(2_parsed).csv
36.078274,-79.008924,8,0.69,131.2,-6.9,1316803,-6.9,-6.89731,4.91905,-5.02852,0.51038,-0.20113,0.46395,12.65712,9.734,49.15229,0,enoS1(2_parsed).csv
36.078274,-79.008924,8,0.69,131,-7.02,1317003,-7.02,-7.02234,4.74915,-4.69591,0.58551,-0.34285,0.38775,14.77638,7.13242,49.94154,0,enoS1(2_parsed).csv
36.078274,-79.008928,8,0.7,131,-6.33,1317803,-6.33,-6.3344,5.00878,-4.98604,0.44578,-0.36637,0.70051,27.09734,-7.51242,52.6162,0,enoS1(2_parsed).csv
36.078274,-79.008928,8,0.7,129.8,-6.88,1318003,-6.88,-6.88056,4.72941,-5.12722,0.69715,-0.1938,0.67791,25.66501,-10.33324,49.02076,0,enoS1(2_parsed).csv
36.078271,-79.008931,8,0.37,129.8,-6.77,1318803,-6.77,-6.77288,4.94118,-5.22473,0.47205,-0.51603,0.58933,26.70272,-22.93189,38.71675,0,enoS1(2_parsed).csv
36.078271,-79.008931,8,0.37,129.6,-6.54,1319003,-6.54,-6.54377,4.78265,-5.29532,0.41615,-0.59284,0.4948,25.40193,-23.51652,36.77287,0,enoS1(2_parsed).csv
36.078272,-79.008931,8,0.37,129.6,-6.38,1319803,-6.38,-6.38226,4.63011,-5.4676,0.40546,-0.30345,0.63179,17.0418,-24.05729,27.40427,0,enoS1(2_parsed).csv
36.078272,-79.008931,8,0.37,128.7,-6.57,1320003,-6.57,-6.5683,4.50808,-5.78465,0.3656,-0.46212,0.48075,13.63636,-22.55189,25.66501,0,enoS1(2_parsed).csv
36.07827,-79.008936,8,0.76,128.7,-5.91,1320803,-5.91,-5.90549,4.71865,-6.05264,0.30665,-0.16631,0.4638,6.7378,-16.54487,23.79421,0,enoS1(2_parsed).csv
36.07827,-79.008936,8,0.76,128.2,-6.28,1321003,-6.28,-6.27637,4.56012,-5.8014,0.2978,-0.0391,0.36881,3.99006,-13.97252,22.08418,0,enoS1(2_parsed).csv
36.07827,-79.00894,8,0.54,128.2,-6.62,1321803,-6.62,-6.61855,5.25165,-4.81496,-0.13439,0.11377,0.0898,2.57235,-12.67173,16.16487,0,enoS1(2_parsed).csv
36.07827,-79.00894,8,0.54,127.3,-6.67,1322003,-6.67,-6.66521,4.97408,-5.08774,-0.30253,-0.07071,-0.14661,2.87928,-12.24788,16.82257,0,enoS1(2_parsed).csv
36.07826,-79.008942,8,0.83,127.3,-6.26,1322803,-6.26,-6.26262,4.85145,-5.5334,-0.38546,0.2729,-0.31734,7.90704,-18.57644,21.51418,0,enoS1(2_parsed).csv
36.07826,-79.008942,8,0.83,128,-6.3,1323003,-6.3,-6.3015,4.76052,-5.50469,-0.31536,0.30314,-0.34819,9.82169,-20.3157,22.20111,0,enoS1(2_parsed).csv
36.078261,-79.00894,8,0.93,128,-6.23,1323803,-6.23,-6.22792,4.80299,-5.48555,-0.29154,0.42302,-0.39187,17.53873,-24.52499,26.86349,0,enoS1(2_parsed).csv
36.078261,-79.00894,9,0.93,128.5,-6.46,1324003,-6.46,-6.46301,5.05962,-5.29651,-0.29291,0.50488,-0.36117,19.02952,-25.51886,27.14119,0,enoS1(2_parsed).csv
36.078259,-79.00894,9,0.61,128.5,-6.2,1324803,-6.2,-6.20399,4.82154,-5.70868,-0.48182,0.24312,-0.37018,26.84887,-23.45805,36.8898,0,enoS1(2_parsed).csv
36.078259,-79.00894,9,0.61,128.6,-6.18,1325003,-6.18,-6.18006,4.49432,-5.735,-0.40607,0.41035,-0.28023,27.82812,-22.5665,39.66676,0,enoS1(2_parsed).csv
36.078257,-79.008943,9,1,128.6,-6.48,1325803,-6.48,-6.48335,4.97827,-5.34676,-0.37522,0.25733,-0.33231,29.64046,-18.60567,45.43993,0,enoS1(2_parsed).csv
36.078257,-79.008943,8,1,128.6,-6.55,1326003,-6.55,-6.54856,4.80239,-5.26062,-0.38378,0.29031,-0.19548,28.98275,-16.00409,47.73458,0,enoS1(2_parsed).csv
36.078252,-79.008946,8,0.94,128.6,-6.55,1326803,-6.55,-6.55394,4.7683,-5.26959,-0.30284,0.40012,-0.24236,27.47734,-8.81321,50.54078,0,enoS1(2_parsed).csv
36.078252,-79.008946,8,0.94,128.8,-6.7,1327003,-6.7,-6.69631,4.96511,-5.12184,-0.37813,0.24587,-0.30268,26.46887,-7.01549,50.80386,0,enoS1(2_parsed).csv
36.078247,-79.008952,8,1.47,128.8,-6.57,1327803,-6.57,-6.5671,4.74257,-5.24028,-0.26328,0.33537,-0.29016,21.89418,2.11926,52.68927,0,enoS1(2_parsed).csv
36.078247,-79.008952,8,1.47,128.5,-6.86,1328003,-6.86,-6.85544,4.96511,-5.12423,-0.30177,0.20693,-0.31475,19.58492,3.2739,51.62233,0,enoS1(2_parsed).csv
36.078242,-79.008957,8,1.12,128.5,-6.47,1328803,-6.47,-6.47019,4.62114,-5.33779,-0.34102,0.20403,-0.2613,15.46332,10.28939,50.45308,0,enoS1(2_parsed).csv
36.078242,-79.008957,8,1.12,128.5,-6.55,1329003,-6.55,-6.54975,4.93221,-5.52263,-0.28955,0.22465,-0.33521,14.60099,11.09325,49.97077,0,enoS1(2_parsed).csv
36.078237,-79.008962,8,1.31,128.5,-6.42,1329803,-6.42,-6.42353,5.02014,-5.07159,-0.31353,0.32391,-0.3963,6.40164,13.53405,43.02835,0,enoS1(2_parsed).csv
36.078237,-79.008962,9,1.31,128.7,-6.49,1330003,-6.49,-6.48934,5.14935,-5.2026,-0.48304,0.21625,-0.39951,4.98392,13.18328,41.50833,0,enoS1(2_parsed).csv
36.078233,-79.008965,9,1.01,128.7,-5.69,1330803,-5.69,-5.68654,3.9021,-6.55633,-0.41478,0.39859,-0.48182,2.36773,17.88951,38.33675,0,enoS1(2_parsed).csv
36.078233,-79.008965,8,1.01,128.7,-6.05,1331003,-6.05,-6.04786,4.16531,-6.44866,-0.11866,0.61804,-0.6101,0.01462,15.71178,34.90208,0,enoS1(2_parsed).csv
36.078229,-79.008968,8,1.15,128.7,-6.55,1331803,-6.55,-6.55275,4.41177,-5.63689,-0.32208,0.0759,-0.1237,-4.25314,9.8363,25.95732,0,enoS1(2_parsed).csv
36.078229,-79.008968,8,1.15,128.5,-6.43,1332003,-6.43,-6.43071,4.34237,-5.71586,-0.1431,0.0452,-0.21029,-3.59544,7.99474,25.91348,0,enoS1(2_parsed).csv
36.078224,-79.008971,8,1.14,128.5,-6.52,1332803,-6.52,-6.51685,4.72642,-5.47119,0.04383,0.05925,-0.10049,-4.32622,5.8024,24.26191,0,enoS1(2_parsed).csv
36.078224,-79.008971,8,1.14,128.9,-6.44,1333003,-6.44,-6.44387,4.82513,-5.35693,0.02001,0.05559,-0.02841,-4.04852,5.49547,23.38498,0,enoS1(2_parsed).csv
36.078221,-79.008976,8,0.99,128.9,-6.62,1333803,-6.62,-6.62154,4.91905,-4.96032,0.04612,-0.0562,-0.04169,-4.16545,6.35779,23.54575,0,enoS1(2_parsed).csv
36.078221,-79.008976,8,0.99,128.6,-6.62,1334003,-6.62,-6.62333,5.10569,-5.02852,0.04749,-0.00626,0.05559,-3.82929,5.91932,23.00497,0,enoS1(2_parsed).csv
36.078216,-79.00898,8,1.14,128.6,-6.58,1334803,-6.58,-6.58385,4.92622,-5.35753,0.07957,-0.10461,-0.01939,-3.4639,7.71704,24.75884,0,enoS1(2_parsed).csv
36.078216,-79.00898,8,1.14,129.1,-6.35,1335003,-6.35,-6.34935,4.98604,-5.05304,0.06185,-0.08338,0.12569,-3.69775,7.71704,26.92195,0,enoS1(2_parsed).csv
36.078212,-79.008983,8,1.1,129.1,-6.66,1335803,-6.66,-6.65923,4.92144,-5.29292,0.11561,-0.07132,0.08292,-2.83543,10.72786,27.97428,0,enoS1(2_parsed).csv
36.078212,-79.008983,8,1.1,129.2,-6.49,1336003,-6.49,-6.49053,4.94537,-5.1673,0.09423,-0.09942,0.09102,-2.57235,11.29787,29.28968,0,enoS1(2_parsed).csv
36.078207,-79.008991,8,2.7,129.2,-6.48,1336803,-6.48,-6.48275,4.75095,-5.61356,0.08354,-0.1489,0.09392,-1.34464,13.21251,31.87664,0,enoS1(2_parsed).csv
36.078207,-79.008991,9,2.7,127.6,-6.45,1337003,-6.45,-6.44507,4.80539,-5.21037,0.17303,-0.01023,0.14386,-0.20462,13.97252,33.16282,0,enoS1(2_parsed).csv
36.078202,-79.008995,9,1.3,127.6,-6.45,1337803,-6.45,-6.44866,4.79522,-5.32104,0.15913,-0.04291,0.14279,1.54925,14.64484,36.74364,0,enoS1(2_parsed).csv
36.078202,-79.008995,8,1.3,128.1,-6.54,1338003,-6.54,-6.53779,4.94716,-5.33061,0.14798,-0.05483,0.16967,1.60772,14.48407,36.65595,0,enoS1(2_parsed).csv
36.078199,-79.008999,8,0.98,128.1,-6.42,1338803,-6.42,-6.42413,4.86401,-5.25165,0.10934,-0.05941,0.17853,4.89623,15.14177,39.94446,0,enoS1(2_parsed).csv
36.078199,-79.008999,8,0.98,127.9,-6.63,1339003,-6.63,-6.62513,4.74975,-5.22832,0.14829,-0.05849,0.1489,5.43701,15.4487,40.90909,0,enoS1(2_parsed).csv
36.078196,-79.009002,8,0.77,127.9,-6.61,1339803,-6.61,-6.60898,4.78744,-5.29771,0.07025,-0.11805,0.12798,7.90704,14.45484,42.47296,0,enoS1(2_parsed).csv
36.078196,-79.009002,8,0.77,127.7,-6.55,1340003,-6.55,-6.55394,4.77548,-5.21635,0.1886,-0.05712,0.07575,8.66706,14.38176,43.20374,0,enoS1(2_parsed).csv
36.078194,-79.009004,8,0.63,127.7,-6.84,1340803,-6.84,-6.83929,4.94716,-5.28275,0.00351,-0.18357,0.15317,10.88863,12.39404,45.20608,0,enoS1(2_parsed).csv
36.078194,-79.009004,8,0.63,128,-6.4,1341003,-6.4,-6.39542,4.74317,-5.32762,0.11622,-0.16509,-0.03696,12.55481,11.78018,47.25227,0,enoS1(2_parsed).csv
36.078194,-79.009009,8,0.71,128,-6.63,1341803,-6.63,-6.63231,4.85264,-5.14995,0.15806,-0.01084,-0.00107,13.87021,9.58784,47.76381,0,enoS1(2_parsed).csv
36.078194,-79.009009,8,0.71,127.7,-6.63,1342003,-6.63,-6.6341,5.12483,-5.14397,-0.03696,-0.26405,0.03085,15.30254,8.65244,47.13534,0,enoS1(2_parsed).csv
36.078191,-79.009013,8,1.02,127.7,-6.44,1342803,-6.44,-6.43909,4.90708,-5.18046,0.19517,0.07315,0.02611,17.62642,8.25782,48.04151,0,enoS1(2_parsed).csv
36.078191,-79.009013,8,1.02,127.6,-6.69,1343003,-6.69,-6.69153,5.06082,-5.07936,-0.02764,-0.16509,0.09148,17.08565,7.48319,49.51768,0,enoS1(2_parsed).csv
36.078187,-79.009017,8,1.25,127.6,-6.45,1343803,-6.45,-6.45165,5.01835,-5.15235,0.04581,-0.06918,0.13256,19.32183,6.03625,49.18153,0,enoS1(2_parsed).csv
36.078187,-79.009017,8,1.25,127.6,-6.66,1344003,-6.66,-6.65803,4.92263,-5.25524,0.15455,0.03222,0.03451,18.78106,4.25314,50,0,enoS1(2_parsed).csv
36.078185,-79.00902,8,0.67,127.6,-6.63,1344803,-6.63,-6.62573,4.71147,-5.12004,0.13576,-0.01833,0.04184,20.73955,3.84391,50.76001,0,enoS1(2_parsed).csv
36.078185,-79.00902,8,0.67,127.5,-6.69,1345003,-6.69,-6.68674,5.12782,-5.03809,0.11683,-0.06826,0.00351,20.53493,2.66004,50.7454,0,enoS1(2_parsed).csv
36.078181,-79.009023,8,0.6,127.5,-6.63,1345803,-6.63,-6.62513,4.97109,-4.80778,0.24786,0.02779,-0.25717,24.17422,-1.92926,49.09383,0,enoS1(2_parsed).csv
36.078181,-79.009023,8,0.6,127.8,-6.35,1346003,-6.35,-6.34636,6.18425,-5.02014,-0.37293,-0.38927,0.30299,26.26425,-3.99006,48.74306,0,enoS1(2_parsed).csv
36.078178,-79.009026,8,1.16,127.8,-5.64,1346803,-5.64,-5.64168,4.12104,-6.16989,0.3963,0.41661,-0.05651,28.01812,3.24467,52.76235,0,enoS1(2_parsed).csv
36.078178,-79.009026,8,1.16,127.9,-6.53,1347003,-6.53,-6.52523,5.16551,-5.4012,0.35644,0.44257,-0.01023,24.14499,-0.90617,50.2777,0,enoS1(2_parsed).csv
36.078175,-79.00903,8,0.92,127.9,-6.31,1347803,-6.31,-6.30928,4.57149,-5.70688,-0.06918,0.04276,-0.15669,25.51886,2.0608,52.17773,0,enoS1(2_parsed).csv
36.078175,-79.00903,8,0.92,127.9,-6.39,1348003,-6.39,-6.38824,4.75753,-5.83968,-0.02993,0.10186,-0.12798,25.19731,1.43233,52.64543,0,enoS1(2_parsed).csv
36.078172,-79.009032,8,0.41,127.9,-6.53,1348803,-6.53,-6.52822,5.13799,-4.80299,-0.21869,0.23427,-0.2697,21.00263,1.46156,51.2131,0,enoS1(2_parsed).csv
36.078172,-79.009032,8,0.41,127.9,-6.63,1349003,-6.63,-6.62752,5.05544,-5.24746,-0.41065,-0.00748,-0.20128,20.90032,2.73312,50.40924,0,enoS1(2_parsed).csv
36.078169,-79.009033,8,0.29,127.9,-6.33,1349803,-6.33,-6.32782,4.535,-5.91326,0.19258,0.34407,-0.18021,20.76878,7.71704,50.97924,0,enoS1(2_parsed).csv
36.078169,-79.009033,8,0.29,127.8,-6.43,1350003,-6.43,-6.42593,5.02194,-5.2678,0.12171,0.26603,-0.17807,18.70798,5.27624,50.92078,0,enoS1(2_parsed).csv
36.078167,-79.009035,8,0.32,127.8,-5.66,1350803,-5.66,-5.65903,3.90987,-6.91167,-0.63438,-0.12492,-0.27351,21.4411,14.73253,53.31775,0,enoS1(2_parsed).csv
36.078167,-79.009035,8,0.32,127.8,-5.4,1351003,-5.4,-5.3994,3.06341,-7.41057,-0.40332,0.08063,-0.16554,21.42648,18.40105,52.47004,0,enoS1(2_parsed).csv
36.078166,-79.009038,8,0.77,127.8,-6.22,1351803,-6.22,-6.22373,5.1661,-5.46102,0.22633,0.37293,-0.10263,12.42327,10.49401,47.52996,0,enoS1(2_parsed).csv
36.078166,-79.009038,8,0.77,128.1,-6.35,1352003,-6.35,-6.35055,5.09851,-4.92204,-0.13561,0.17379,0.12355,10.28939,9.71938,46.24379,0,enoS1(2_parsed).csv
36.078165,-79.009041,8,0.47,128.1,-6.42,1352803,-6.42,-6.42473,4.51167,-5.76371,-0.07071,0.29154,0.03787,10.45016,14.03099,47.61766,0,enoS1(2_parsed).csv
36.078165,-79.009041,8,0.47,128,-6.68,1353003,-6.68,-6.67538,4.53141,-5.38206,0.02306,0.32422,-0.1799,8.28705,14.08945,45.133,0,enoS1(2_parsed).csv
36.078162,-79.009046,8,0.82,128,-6.56,1353803,-6.56,-6.56172,4.80898,-5.45444,-0.29505,0.08705,-0.10766,5.61239,13.06635,43.14528,0,enoS1(2_parsed).csv
36.078162,-79.009046,8,0.82,128.1,-6.42,1354003,-6.42,-6.41635,4.68096,-5.50768,-0.16493,0.20265,-0.32452,5.40778,13.13943,42.09296,0,enoS1(2_parsed).csv
36.078159,-79.009051,8,1.13,128.1,-7.09,1354803,-7.09,-7.09352,4.68874,-4.62114,-0.45616,-0.06597,-0.10965,-2.16311,14.61561,32.6805,0,enoS1(2_parsed).csv
36.078159,-79.009051,8,1.13,127.8,-6.73,1355003,-6.73,-6.73221,4.73899,-5.14277,-0.29596,-0.15653,-0.4218,-0.96463,13.73867,33.96667,0,enoS1(2_parsed).csv
36.078156,-79.009054,8,1.01,127.8,-6.8,1355803,-6.8,-6.79801,4.83709,-5.02253,-0.18586,0.19838,-0.14478,-2.93774,11.95557,30.78047,0,enoS1(2_parsed).csv
36.078156,-79.009054,8,1.01,128.1,-6.67,1356003,-6.67,-6.67119,4.92742,-4.85444,-0.08323,0.19594,-0.34208,-3.55159,10.50862,29.53815,0,enoS1(2_parsed).csv
36.078153,-79.009056,8,1.16,128.1,-6.63,1356803,-6.63,-6.63231,4.61695,-5.33181,-0.19135,0.13958,-0.239,-3.96083,9.12014,27.28734,0,enoS1(2_parsed).csv
36.078153,-79.009056,8,1.16,128.3,-6.46,1357003,-6.46,-6.45823,4.91665,-5.24088,-0.09942,0.18143,-0.25794,-3.4639,7.01549,26.61502,0,enoS1(2_parsed).csv
36.078151,-79.009057,8,0.75,128.3,-6.74,1357803,-6.74,-6.74417,4.9693,-5.07996,-0.29062,0.03986,-0.20311,-3.88775,3.1862,22.40573,0,enoS1(2_parsed).csv
36.078151,-79.009057,8,0.75,128.2,-6.39,1358003,-6.39,-6.39123,4.83769,-5.22473,-0.23411,0.08644,-0.24496,-3.31774,2.64543,22.69804,0,enoS1(2_parsed).csv
36.078146,-79.00906,8,1.24,128.2,-6.76,1358803,-6.76,-6.76331,4.94596,-5.09253,-0.17944,0.14019,-0.24083,-2.8062,-2.3385,19.11722,0,enoS1(2_parsed).csv
36.078146,-79.00906,8,1.24,128.5,-6.52,1359003,-6.52,-6.52283,5.05962,-5.00758,-0.18662,0.13164,-0.21808,-1.69541,-4.32622,19.24876,0,enoS1(2_parsed).csv
36.078142,-79.009063,8,0.77,128.5,-6.5,1359803,-6.5,-6.50309,4.95673,-5.1679,-0.18555,0.10217,-0.22862,0.13154,-7.92166,18.28413,0,enoS1(2_parsed).csv
36.078142,-79.009063,8,0.77,128.1,-6.6,1360003,-6.6,-6.6006,4.97707,-5.14576,-0.0956,0.24435,-0.20097,0.33616,-9.80707,17.24642,0,enoS1(2_parsed).csv
36.078139,-79.009066,8,1.07,128.1,-6.58,1360803,-6.58,-6.58086,5.0333,-5.10269,-0.15211,0.13928,-0.23961,3.04005,-12.6425,17.53873,0,enoS1(2_parsed).csv
36.078139,-79.009066,8,1.07,128.4,-6.56,1361003,-6.56,-6.56112,5.0339,-5.09432,-0.2051,0.11759,-0.1095,3.4639,-13.73867,17.45104,0,enoS1(2_parsed).csv
36.078134,-79.009067,8,0.97,128.4,-6.58,1361803,-6.58,-6.57607,5.00339,-5.17149,-0.18173,0.09942,-0.19364,6.34317,-16.79334,19.11722,0,enoS1(2_parsed).csv
36.078134,-79.009067,8,0.97,128.7,-6.52,1362003,-6.52,-6.52104,4.96391,-5.16311,-0.15165,0.15531,-0.1828,7.22011,-18.03566,18.64952,0,enoS1(2_parsed).csv
36.078129,-79.009068,8,1.35,128.7,-6.56,1362803,-6.56,-6.55873,5.00399,-5.12184,-0.16264,0.11423,-0.14783,9.8363,-20.53493,19.74569,0,enoS1(2_parsed).csv
36.078129,-79.009068,8,1.35,128.9,-6.56,1363003,-6.56,-6.56291,5.00459,-5.16431,-0.17822,0.11774,-0.15287,10.71324,-21.07571,19.48261,0,enoS1(2_parsed).csv
36.078122,-79.009072,8,1.46,128.9,-6.47,1363803,-6.47,-6.4684,5.18226,-5.05304,-0.12859,0.15959,-0.166,13.75329,-23.2242,22.50804,0,enoS1(2_parsed).csv
36.078122,-79.009072,8,1.46,129.3,-6.61,1364003,-6.61,-6.61257,4.94596,-5.19183,-0.17654,0.12141,-0.10125,14.3233,-23.73575,23.04882,0,enoS1(2_parsed).csv
36.078114,-79.009074,8,1.6,129.3,-6.59,1364803,-6.59,-6.58744,4.97707,-5.10569,-0.13851,0.11057,-0.15989,16.83718,-24.67115,25.50424,0,enoS1(2_parsed).csv
36.078114,-79.009074,8,1.6,130.5,-6.47,1365003,-6.47,-6.4666,4.9681,-5.20858,-0.15898,0.11836,-0.10201,17.52412,-25.03654,25.91348,0,enoS1(2_parsed).csv
36.078108,-79.009075,8,1.39,130.5,-6.67,1365803,-6.67,-6.67478,5.03031,-5.08714,-0.10553,0.15989,-0.15256,19.71646,-25.44578,27.88658,0,enoS1(2_parsed).csv
36.078108,-79.009075,8,1.39,131,-6.51,1366003,-6.51,-6.51266,4.98664,-5.23609,-0.23137,0.03161,-0.07376,20.72493,-26.14733,28.82198,0,enoS1(2_parsed).csv
36.078106,-79.009076,8,0.58,131,-6.78,1366803,-6.78,-6.77827,5.10569,-5.02253,-0.1295,0.14508,-0.14508,21.82111,-25.8404,30.64893,0,enoS1(2_parsed).csv
36.078106,-79.009076,8,0.58,130.9,-6.54,1367003,-6.54,-6.54437,4.934,-5.17986,-0.22587,0.01848,-0.08094,22.72727,-25.51886,32.05203,0,enoS1(2_parsed).csv
36.078101,-79.009078,8,1.12,130.9,-6.65,1367803,-6.65,-6.64666,5.00519,-5.1685,-0.04536,0.24633,-0.11332,24.715,-24.97808,33.86437,0,enoS1(2_parsed).csv
36.078101,-79.009078,8,1.12,131.4,-6.63,1368003,-6.63,-6.62991,5.02612,-5.11406,-0.24725,-0.07666,-0.12523,25.27039,-24.70038,35.7644,0,enoS1(2_parsed).csv
36.078098,-79.009079,8,1,131.4,-6.58,1368803,-6.58,-6.58086,4.98604,-5.18884,-0.02337,0.27046,-0.09071,26.17656,-23.9696,37.86905,0,enoS1(2_parsed).csv
36.078098,-79.009079,8,1,131.5,-6.73,1369003,-6.73,-6.73101,5.02612,-5.15893,-0.25443,-0.04856,-0.13729,26.10348,-23.75036,37.4598,0,enoS1(2_parsed).csv
36.078094,-79.009082,8,0.97,131.5,-6.71,1369803,-6.71,-6.71007,4.95434,-5.19063,-0.09743,0.19227,-0.08858,26.26425,-22.18649,40.29523,0,enoS1(2_parsed).csv
36.078094,-79.009082,8,0.97,130.6,-6.49,1370003,-6.49,-6.48814,4.91366,-5.0333,-0.14584,0.07911,-0.15348,27.28734,-21.79187,40.19292,0,enoS1(2_parsed).csv
36.078093,-79.009084,8,0.97,130.6,-6.64,1370803,-6.64,-6.64248,4.97408,-5.3354,-0.29612,-0.093,-0.12202,27.88658,-19.76031,44.09529,0,enoS1(2_parsed).csv
36.078093,-79.009084,8,0.97,130,-6.28,1371003,-6.28,-6.27578,4.69532,-5.35215,-0.07727,0.19502,-0.18769,28.58813,-18.97106,44.943,0,enoS1(2_parsed).csv
36.078091,-79.009089,8,0.84,130,-6.56,1371803,-6.56,-6.55574,5.08056,-5.09013,-0.23839,0.01588,-0.13149,27.9012,-17.55335,46.18533,0,enoS1(2_parsed).csv
36.078091,-79.009089,8,0.84,129.7,-6.49,1372003,-6.49,-6.48814,4.89033,-5.23909,-0.25168,0.04429,-0.06399,28.03274,-16.01871,47.12073,0,enoS1(2_parsed).csv
36.078092,-79.00909,8,0.86,129.7,-6.71,1372803,-6.71,-6.70888,5.07039,-5.10927,-0.1686,0.08583,-0.13622,26.76118,-13.22713,48.18766,0,enoS1(2_parsed).csv
36.078092,-79.00909,8,0.86,129.4,-6.51,1373003,-6.51,-6.51446,4.8682,-5.18943,-0.18784,0.08186,0.01145,27.63812,-12.84712,49.0646,0,enoS1(2_parsed).csv
36.078088,-79.00909,8,1,129.4,-6.64,1373803,-6.64,-6.63889,5.02493,-5.31147,-0.19655,0.01374,-0.05284,27.09734,-9.77784,50.97924,0,enoS1(2_parsed).csv
36.078088,-79.00909,8,1,129.8,-6.42,1374003,-6.42,-6.42353,4.82931,-5.17986,-0.04673,0.20372,-0.13561,26.83426,-8.63783,51.38848,0,enoS1(2_parsed).csv
36.078084,-79.009092,8,1.05,129.8,-6.42,1374803,-6.42,-6.42054,4.9023,-5.28216,-0.1124,0.14707,-0.14722,25.78193,-6.43087,51.5931,0,enoS1(2_parsed).csv
36.078084,-79.009092,8,1.05,129.7,-6.53,1375003,-6.53,-6.52583,5.08056,-5.19003,-0.18616,0.11194,-0.04368,24.70038,-5.36393,52.1485,0,enoS1(2_parsed).csv
36.07808,-79.009093,8,0.85,129.7,-6.39,1375803,-6.39,-6.38943,5.0662,-5.32224,-0.1938,0.22022,0.04337,23.94037,-2.16311,52.19234,0,enoS1(2_parsed).csv
36.07808,-79.009093,8,0.85,129.8,-6.72,1376003,-6.72,-6.71785,4.92024,-5.17209,-0.15531,0.13836,-0.14187,22.81497,-1.02309,51.38848,0,enoS1(2_parsed).csv
36.078077,-79.009093,8,0.82,129.8,-6.43,1376803,-6.43,-6.42712,4.76232,-5.21934,-0.14981,0.05941,-0.09865,21.52879,2.16311,51.65156,0,enoS1(2_parsed).csv
36.078077,-79.009093,8,0.82,130.1,-6.51,1377003,-6.51,-6.51087,5.08953,-5.32104,-0.0927,0.19395,0.04566,20.5057,2.9962,51.79772,0,enoS1(2_parsed).csv
36.078073,-79.009095,8,0.75,130.1,-6.5,1377803,-6.5,-6.5025,4.93101,-5.24746,-0.18097,0.03528,0.06216,19.77492,3.40544,51.08155,0,enoS1(2_parsed).csv
36.078073,-79.009095,8,0.75,130.2,-6.6,1378003,-6.6,-6.59582,4.70907,-5.19183,-0.02902,0.12294,-0.0084,19.46799,5.057,51.92926,0,enoS1(2_parsed).csv
36.07807,-79.009098,8,1.06,130.2,-6.51,1378803,-6.51,-6.50728,4.8688,-5.16192,-0.0168,0.15623,0.01497,18.98568,4.69161,51.62233,0,enoS1(2_parsed).csv
36.07807,-79.009098,8,1.06,130.2,-6.76,1379003,-6.76,-6.76271,5.10868,-5.16012,-0.13256,0.00947,0.05055,17.99182,5.04239,50.87694,0,enoS1(2_parsed).csv
36.078065,-79.009101,8,1.5,130.2,-6.71,1379803,-6.71,-6.71306,4.86222,-5.18226,-0.04062,0.18784,0.0058,17.5095,5.78778,51.22771,0,enoS1(2_parsed).csv
36.078065,-79.009101,8,1.5,130.5,-6.84,1380003,-6.84,-6.83988,4.94477,-4.94776,-0.05651,-0.01313,-0.14462,17.29027,6.13856,51.16925,0,enoS1(2_parsed).csv
36.07806,-79.009105,8,1.01,130.5,-6.52,1380803,-6.52,-6.52224,4.65464,-5.23071,-0.03604,0.03894,-0.16585,16.42794,7.68781,51.37387,0,enoS1(2_parsed).csv
36.07806,-79.009105,8,1.01,130.6,-6.59,1381003,-6.59,-6.58744,5.04826,-5.22712,-0.06872,0.03589,-0.05589,16.88103,7.10319,50.96463,0,enoS1(2_parsed).csv
36.078055,-79.009106,8,1.14,130.6,-6.72,1381803,-6.72,-6.72024,4.99143,-5.12961,-0.09285,0.02718,-0.10507,14.89331,8.11166,49.75153,0,enoS1(2_parsed).csv
36.078055,-79.009106,8,1.14,131.2,-6.48,1382003,-6.48,-6.48335,4.95733,-5.10449,-0.05238,0.06139,-0.17868,14.84946,7.93628,49.85384,0,enoS1(2_parsed).csv
36.078052,-79.009105,8,1.2,131.2,-6.5,1382803,-6.5,-6.4995,5.09851,-5.24686,-0.02505,0.10889,-0.11209,13.68021,9.32476,50.38,0,enoS1(2_parsed).csv
36.078052,-79.009105,8,1.2,131,-6.56,1383003,-6.56,-6.55514,4.91785,-5.1021,-0.14142,0.0026,-0.03879,13.06635,9.8363,49.75153,0,enoS1(2_parsed).csv
36.078046,-79.009105,8,1.25,131,-6.55,1383803,-6.55,-6.55394,5.09372,-5.18345,-0.04841,0.06597,-0.07773,12.21865,10.40631,48.02689,0,enoS1(2_parsed).csv
36.078046,-79.009105,8,1.25,131.7,-6.66,1384003,-6.66,-6.65863,5.06441,-4.96391,-0.15516,0.01145,0.03131,11.69249,10.65478,48.47998,0,enoS1(2_parsed).csv
36.078045,-79.009104,8,0.12,131.7,-6.46,1384803,-6.46,-6.46062,4.99203,-5.18106,0.01313,0.13347,-0.02657,11.69249,10.96171,48.88921,0,enoS1(2_parsed).csv
36.078045,-79.009104,8,0.12,131.9,-6.53,1385003,-6.53,-6.5342,4.99143,-5.27019,-0.08277,0.07758,0.02062,10.42093,11.37094,47.54458,0,enoS1(2_parsed).csv
36.078042,-79.009107,8,0.53,131.9,-6.49,1385803,-6.49,-6.49173,5.05424,-5.17029,-0.14661,-0.03757,0.01222,10.31862,11.2394,46.97457,0,enoS1(2_parsed).csv
36.078042,-79.009107,8,0.53,132.3,-6.61,1386003,-6.61,-6.60539,4.73181,-5.16551,-0.00657,0.10522,0.00092,10.21631,12.21865,47.13534,0,enoS1(2_parsed).csv
36.078037,-79.009108,8,0.99,132.3,-6.51,1386803,-6.51,-6.51446,4.84008,-5.17328,-0.08628,-0.03344,0.01145,10.24554,11.60479,47.4715,0,enoS1(2_parsed).csv
36.078037,-79.009108,8,0.99,132.6,-6.67,1387003,-6.67,-6.667,4.99382,-5.05185,0.08018,0.15516,-0.02749,9.70477,11.31248,46.56533,0,enoS1(2_parsed).csv
36.078035,-79.00911,8,0.6,132.6,-6.48,1387803,-6.48,-6.47677,4.88913,-5.17627,-0.0368,-0.01665,-0.01237,10.01169,11.7948,47.51535,0,enoS1(2_parsed).csv
36.078035,-79.00911,8,0.6,132.7,-6.67,1388003,-6.67,-6.66521,4.99322,-4.96092,0.04627,0.07498,-0.01527,10.05554,11.26863,46.49226,0,enoS1(2_parsed).csv
36.078031,-79.00911,8,1.08,132.7,-6.6,1388803,-6.6,-6.6018,5.03809,-5.12483,-0.02443,-0.00489,-0.0139,10.59632,11.35633,46.38994,0,enoS1(2_parsed).csv
36.078031,-79.00911,8,1.08,133.2,-6.54,1389003,-6.54,-6.54018,4.97169,-5.11765,-0.0281,0.03512,0.07269,10.12862,11.57556,47.17919,0,enoS1(2_parsed).csv
36.078029,-79.009111,8,0.63,133.2,-6.55,1389803,-6.55,-6.54616,4.94178,-5.12363,-0.05925,-0.00046,0.01619,10.55247,11.61941,47.4715,0,enoS1(2_parsed).csv
36.078029,-79.009111,8,0.63,133,-6.67,1390003,-6.67,-6.67119,4.92144,-5.10569,0.01512,0.06536,0.03238,10.05554,11.88249,47.19381,0,enoS1(2_parsed).csv
36.078026,-79.009111,8,0.83,133,-6.64,1390803,-6.64,-6.64008,4.89153,-5.15593,-0.0368,0.02214,0.00031,10.5817,11.0494,47.14996,0,enoS1(2_parsed).csv
36.078026,-79.009111,8,0.83,133.1,-6.66,1391003,-6.66,-6.65623,4.92503,-5.0991,-0.03848,-0.02245,-0.02291,11.50249,11.38556,47.35458,0,enoS1(2_parsed).csv
36.078024,-79.009111,8,0.76,133.1,-6.67,1391803,-6.67,-6.67239,4.98963,-5.0991,-0.01619,0.01756,-0.01038,10.84478,11.34171,47.4715,0,enoS1(2_parsed).csv
36.078024,-79.009111,8,0.76,133,-6.54,1392003,-6.54,-6.53659,4.93879,-5.07877,-0.04704,-0.01222,-0.00733,11.59018,10.94709,47.76381,0,enoS1(2_parsed).csv
36.07802,-79.009114,8,1.06,133,-6.8,1392803,-6.8,-6.79621,5.02852,-5.31625,-0.00397,0.03497,0.0087,11.02017,11.64864,47.98305,0,enoS1(2_parsed).csv
36.07802,-79.009114,8,1.06,133.3,-6.46,1393003,-6.46,-6.45703,4.7354,-5.2343,-0.01588,-0.03329,-0.03054,11.95557,12.07249,48.2169,0,enoS1(2_parsed).csv
36.078019,-79.009112,8,0.16,133.3,-6.64,1393803,-6.64,-6.63709,4.99023,-5.17328,-0.10736,-0.12049,0.00504,11.2394,10.64016,48.23151,0,enoS1(2_parsed).csv
36.078019,-79.009112,8,0.16,133.4,-6.49,1394003,-6.49,-6.49292,4.80299,-5.24447,0.00962,0.01298,0.01894,12.30634,11.15171,47.95382,0,enoS1(2_parsed).csv
36.078015,-79.009113,8,0.83,133.4,-6.58,1394803,-6.58,-6.57847,4.99322,-5.02014,-0.01588,-0.05208,-0.07514,12.05788,10.36247,47.41304,0,enoS1(2_parsed).csv
36.078015,-79.009113,8,0.83,133.9,-6.58,1395003,-6.58,-6.57847,5.08535,-5.02313,-0.05223,-0.02107,0.04902,12.75943,10.24554,47.85151,0,enoS1(2_parsed).csv
36.078012,-79.009115,8,0.63,133.9,-6.73,1395803,-6.73,-6.734,5.00578,-5.00878,-0.03925,-0.07636,-0.06765,12.39404,10.07016,47.63227,0,enoS1(2_parsed).csv
36.078012,-79.009115,8,0.63,133.6,-6.43,1396003,-6.43,-6.4343,4.98963,-5.1021,-0.00458,0.00153,0.05177,12.96405,9.74861,48.62613,0,enoS1(2_parsed).csv
36.078008,-79.009117,8,0.92,133.6,-6.55,1396803,-6.55,-6.55454,5.05424,-5.19901,0.02611,0.00412,0.04963,14.11868,8.9886,48.49459,0,enoS1(2_parsed).csv
36.078008,-79.009117,8,0.92,133.6,-6.56,1397003,-6.56,-6.55813,4.95613,-5.11825,0.02153,-0.00031,0.06261,13.47559,9.57322,48.15844,0,enoS1(2_parsed).csv
36.078008,-79.009118,8,0.49,133.6,-6.7,1397803,-6.7,-6.69572,4.97229,-5.22174,0.04261,-0.00412,0.12156,16.00409,8.90091,49.21076,0,enoS1(2_parsed).csv
36.078008,-79.009118,8,0.49,132.4,-6.59,1398003,-6.59,-6.59103,4.86042,-5.11585,0.06032,-0.04795,0.04612,15.6387,8.25782,49.67846,0,enoS1(2_parsed).csv
36.078004,-79.00912,8,0.62,132.4,-6.66,1398803,-6.66,-6.66162,5.00519,-5.10808,0.05131,-0.08705,0.07911,16.83718,5.96317,50.67232,0,enoS1(2_parsed).csv
36.078004,-79.00912,8,0.62,132.2,-6.58,1399003,-6.58,-6.57548,4.95015,-5.12124,0.0649,-0.0704,0.0898,17.84566,5.77317,51.02309,0,enoS1(2_parsed).csv
36.078001,-79.009121,8,0.7,132.2,-6.56,1399803,-6.56,-6.55813,5.05065,-5.12244,0.01008,-0.14203,0.12599,20.44724,2.61619,51.06694,0,enoS1(2_parsed).csv
36.078001,-79.009121,8,0.7,132.3,-6.62,1400003,-6.62,-6.61915,4.88854,-5.06979,0.07636,-0.01374,0.16936,20.21339,3.33236,51.7831,0,enoS1(2_parsed).csv
36.077997,-79.009123,8,0.59,132.3,-6.63,1400803,-6.63,-6.6329,5.06082,-4.97348,0.06903,-0.02779,0.19502,22.25957,-0.76001,50.61386,0,enoS1(2_parsed).csv
36.077997,-79.009123,8,0.59,132,-6.8,1401003,-6.8,-6.80399,4.92204,-5.08355,0.04062,-0.12263,0.10049,22.3765,-1.34464,51.2131,0,enoS1(2_parsed).csv
36.077996,-79.009122,8,0.52,132,-6.64,1401803,-6.64,-6.63709,4.89691,-5.0662,0.14248,0.01741,0.08949,24.58345,-3.7416,51.8708,0,enoS1(2_parsed).csv
36.077996,-79.009122,8,0.52,131.7,-6.67,1402003,-6.67,-6.67478,5.06321,-5.0004,0.03436,-0.12523,0.09606,24.23268,-4.42853,51.19848,0,enoS1(2_parsed).csv
36.077993,-79.009126,8,0.66,131.7,-6.56,1402803,-6.56,-6.56052,4.94836,-5.0668,0.04963,-0.06903,0.16722,25.51886,-7.05934,50.49693,0,enoS1(2_parsed).csv
36.077993,-79.009126,8,0.66,131.7,-6.8,1403003,-6.8,-6.79861,4.95494,-5.01057,0.12538,-0.04459,0.04856,25.98655,-8.0532,50.11693,0,enoS1(2_parsed).csv
36.07799,-79.009128,8,0.72,131.7,-6.7,1403803,-6.7,-6.7005,4.95314,-5.05304,0.08186,-0.07315,0.10858,26.92195,-10.81555,50.05846,0,enoS1(2_parsed).csv
36.07799,-79.009128,8,0.72,131.9,-6.59,1404003,-6.59,-6.58864,4.90947,-5.12423,0.11179,-0.10049,0.04658,27.44811,-11.83864,48.68459,0,enoS1(2_parsed).csv
36.077987,-79.00913,8,0.76,131.9,-6.56,1404803,-6.56,-6.56471,4.84128,-5.16252,0.06048,-0.18418,0.02779,28.32505,-13.98714,46.87226,0,enoS1(2_parsed).csv
36.077987,-79.00913,8,0.76,131.9,-6.5,1405003,-6.5,-6.49592,5.01715,-5.04646,0.17654,0.00382,0.06658,28.26659,-14.86407,46.0684,0,enoS1(2_parsed).csv
36.077987,-79.009137,8,1.13,131.9,-6.45,1405803,-6.45,-6.44746,4.97767,-5.12782,0.06689,-0.15409,0.0139,28.6466,-17.75797,44.57761,0,enoS1(2_parsed).csv
36.077987,-79.009137,8,1.13,131.5,-6.59,1406003,-6.59,-6.58565,5.00399,-5.13739,0.11637,-0.00504,0.13103,29.01199,-18.28413,44.59222,0,enoS1(2_parsed).csv
36.077986,-79.009142,8,0.66,131.5,-6.59,1406803,-6.59,-6.58624,5.01775,-5.24866,0.07804,-0.09331,0.08613,28.7489,-20.5934,42.92604,0,enoS1(2_parsed).csv
36.077986,-79.009142,8,0.66,131.1,-6.48,1407003,-6.48,-6.47917,4.92204,-5.12602,0.07193,-0.042,0.14111,28.50044,-20.06723,42.61912,0,enoS1(2_parsed).csv
36.077984,-79.009144,8,0.68,131.1,-6.54,1407803,-6.54,-6.54018,5.0327,-5.12543,0.01191,-0.11316,0.13744,27.91582,-23.0342,39.68138,0,enoS1(2_parsed).csv
36.077984,-79.009144,8,0.68,131.2,-6.62,1408003,-6.62,-6.62453,4.90768,-5.1003,0.08125,-0.00122,0.1098,27.9012,-22.58112,38.58521,0,enoS1(2_parsed).csv
36.077982,-79.009144,8,0.7,131.2,-6.65,1408803,-6.65,-6.64606,4.91306,-5.04467,0.08384,0.00061,0.12446,26.80503,-23.6919,36.20287,0,enoS1(2_parsed).csv
36.077982,-79.009144,8,0.7,131.3,-6.67,1409003,-6.67,-6.6682,4.94537,-5.14457,0.01741,-0.13744,0.04856,25.67963,-23.39959,36.34902,0,enoS1(2_parsed).csv
36.077979,-79.009145,8,0.68,131.3,-6.63,1409803,-6.63,-6.6341,4.93639,-5.09731,0.11026,0.02734,0.11545,24.93423,-24.29114,33.95206,0,enoS1(2_parsed).csv
36.077979,-79.009145,8,0.68,131,-6.69,1410003,-6.69,-6.69452,4.92323,-4.92443,0.03283,-0.13271,0.0391,24.65653,-25.02192,33.11897,0,enoS1(2_parsed).csv
36.077978,-79.009142,8,0.62,131,-6.82,1410803,-6.82,-6.81954,4.98126,-5.06082,0.05574,-0.08919,0.05192,23.26805,-25.06577,31.58433,0,enoS1(2_parsed).csv
36.077978,-79.009142,8,0.62,131,-6.51,1411003,-6.51,-6.51326,4.92921,-4.88136,0.10858,-0.0533,0.02535,23.47267,-25.06577,30.8097,0,enoS1(2_parsed).csv
36.077975,-79.009144,8,0.64,131,-6.77,1411803,-6.77,-6.77169,4.97587,-5.07637,0.09163,-0.07223,0.03528,21.41187,-25.50424,27.78427,0,enoS1(2_parsed).csv
36.077975,-79.009144,8,0.64,131.2,-6.53,1412003,-6.53,-6.52583,5.07877,-5.04347,0.10919,-0.05498,0.04398,21.03186,-25.92809,27.08272,0,enoS1(2_parsed).csv
36.077971,-79.009143,8,0.71,131.2,-6.61,1412803,-6.61,-6.60539,4.98066,-5.2337,0.05498,-0.11041,0.05605,19.76031,-25.24116,26.2204,0,enoS1(2_parsed).csv
36.077971,-79.009143,8,0.71,131.4,-6.51,1413003,-6.51,-6.50848,4.87896,-5.09492,0.07514,-0.03161,0.11545,18.43028,-25.10962,26.52733,0,enoS1(2_parsed).csv
36.077967,-79.009139,8,0.66,131.4,-6.71,1413803,-6.71,-6.71187,5.02074,-5.11944,0.07941,-0.07834,0.09652,16.25256,-24.56884,23.37036,0,enoS1(2_parsed).csv
36.077967,-79.009139,8,0.66,131.8,-6.55,1414003,-6.55,-6.55035,4.9346,-5.11466,0.04123,-0.11836,0.04627,16.04794,-24.14499,23.3119,0,enoS1(2_parsed).csv
36.077962,-79.009138,8,0.67,131.8,-6.71,1414803,-6.71,-6.71426,5.135,-5.0991,0.01206,-0.15348,0.0817,13.8556,-23.20959,20.53493,0,enoS1(2_parsed).csv
36.077962,-79.009138,8,0.67,131.9,-6.45,1415003,-6.45,-6.45225,4.79881,-5.15055,0.04246,-0.10263,0.1266,12.9202,-23.18036,20.62263,0,enoS1(2_parsed).csv
36.077958,-79.009136,8,0.75,131.9,-6.73,1415803,-6.73,-6.72742,5.06321,-5.07398,0.03574,-0.10705,0.14798,11.09325,-21.47033,18.85414,0,enoS1(2_parsed).csv
36.077958,-79.009136,8,0.75,132.3,-6.56,1416003,-6.56,-6.55574,4.82931,-5.04287,0.06735,-0.07957,0.0675,10.5817,-20.16954,19.07337,0,enoS1(2_parsed).csv
36.077955,-79.009134,8,0.79,132.3,-6.64,1416803,-6.64,-6.6353,5.01057,-5.03031,0.05818,-0.11591,0.06399,8.06782,-18.34259,17.59719,0,enoS1(2_parsed).csv
36.077955,-79.009134,8,0.79,132.9,-6.65,1417003,-6.65,-6.65384,4.98245,-5.02014,0.11057,-0.04169,0.05009,7.2055,-18.00643,17.08565,0,enoS1(2_parsed).csv
36.077952,-79.009133,8,0.63,132.9,-6.55,1417803,-6.55,-6.55334,4.8999,-5.17867,0.09224,-0.04658,0.06949,5.56855,-15.74101,18.07951,0,enoS1(2_parsed).csv
36.077952,-79.009133,8,0.63,133.2,-6.66,1418003,-6.66,-6.66162,5.0339,-5.01237,0.09346,-0.0452,0.03451,5.27624,-15.24408,16.51564,0,enoS1(2_parsed).csv
36.077948,-79.009134,8,0.75,133.2,-6.64,1418803,-6.64,-6.64367,5.0016,-5.13201,0.03696,-0.1095,0.02673,4.00468,-13.22713,16.15025,0,enoS1(2_parsed).csv
36.077948,-79.009134,8,0.75,133.4,-6.59,1419003,-6.59,-6.58624,4.94776,-5.13021,0.07346,-0.03329,0.06994,3.56621,-12.1748,16.98334,0,enoS1(2_parsed).csv
36.077944,-79.009134,8,0.82,133.4,-6.61,1419803,-6.61,-6.61137,5.07518,-5.06919,0.04597,-0.02016,-0.00702,2.42619,-11.25402,16.35487,0,enoS1(2_parsed).csv
36.077944,-79.009134,8,0.82,133.5,-6.55,1420003,-6.55,-6.54796,5.01296,-5.01476,-0.05757,-0.06139,0.09774,2.28004,-11.06402,16.69103,0,enoS1(2_parsed).csv
36.077942,-79.009137,8,0.67,133.5,-6.63,1420803,-6.63,-6.62632,4.92862,-5.07757,-0.03024,0.03283,0.01772,1.1254,-9.55861,15.6387,0,enoS1(2_parsed).csv
36.077942,-79.009137,8,0.67,133.1,-6.72,1421003,-6.72,-6.72084,5.02194,-5.04587,-0.00535,0.02749,-0.00107,1.41771,-9.71938,15.60947,0,enoS1(2_parsed).csv
36.077939,-79.009139,8,0.84,133.1,-6.59,1421803,-6.59,-6.58744,4.90828,-5.01416,-0.0672,0.00046,0.00748,1.19848,-9.70477,16.70564,0,enoS1(2_parsed).csv
36.077939,-79.009139,8,0.84,132.9,-6.67,1422003,-6.67,-6.67358,5.0004,-4.95494,0.01863,0.07682,-0.03986,1.3154,-9.52938,16.15025,0,enoS1(2_parsed).csv
36.077936,-79.009141,8,0.71,132.9,-6.61,1422803,-6.61,-6.60718,4.92263,-5.17867,-0.08033,-0.07666,-0.06857,1.50541,-9.69015,17.48027,0,enoS1(2_parsed).csv
36.077936,-79.009141,8,0.71,132.6,-6.51,1423003,-6.51,-6.50609,4.85025,-5.34018,-0.0533,-0.04093,-0.0226,1.94388,-9.80707,17.34873,0,enoS1(2_parsed).csv
36.077934,-79.009145,8,0.83,132.6,-6.86,1423803,-6.86,-6.86022,5.14816,-4.81914,-0.07819,-0.04765,-0.03421,1.3154,-10.65478,14.60099,0,enoS1(2_parsed).csv
36.077934,-79.009145,8,0.83,132.3,-6.52,1424003,-6.52,-6.51984,5.02912,-5.04766,-0.1605,-0.13806,-0.01023,1.44695,-10.26016,16.70564,0,enoS1(2_parsed).csv
36.077928,-79.009148,8,0.67,132.3,-6.69,1424803,-6.69,-6.68674,5.1673,-4.89452,-0.03467,0.05208,0.00733,2.07542,-10.24554,16.26717,0,enoS1(2_parsed).csv
36.077928,-79.009148,8,0.67,132.4,-6.6,1425003,-6.6,-6.59821,4.98305,-4.98784,-0.1014,-0.0139,0.00428,1.91464,-10.69863,17.30488,0,enoS1(2_parsed).csv
36.077925,-79.009151,8,0.85,132.4,-6.5,1425803,-6.5,-6.50309,4.97827,-5.14337,-0.10721,0.01023,-0.01084,2.07542,-11.0494,16.22333,0,enoS1(2_parsed).csv
36.077925,-79.009151,8,0.85,132.6,-6.62,1426003,-6.62,-6.62094,4.87239,-4.9005,0.00519,0.1518,0.01252,2.41158,-11.45864,16.06256,0,enoS1(2_parsed).csv
36.077923,-79.009153,8,0.75,132.6,-6.65,1426803,-6.65,-6.65025,4.85264,-5.01775,-0.11102,0.04719,0.0423,2.55773,-10.80094,16.64718,0,enoS1(2_parsed).csv
36.077923,-79.009153,8,0.75,132.7,-6.75,1427003,-6.75,-6.75434,4.85264,-5.06381,0.03497,0.11133,-0.14645,2.79158,-11.72172,16.20871,0,enoS1(2_parsed).csv
36.077921,-79.009152,8,0.63,132.7,-6.63,1427803,-6.63,-6.6329,4.87478,-5.02074,-0.1182,0.00535,-0.07239,3.63929,-12.99328,16.83718,0,enoS1(2_parsed).csv
36.077921,-79.009152,8,0.63,132.4,-6.66,1428003,-6.66,-6.66282,4.9693,-5.01715,0.01206,0.13225,-0.08873,4.22391,-13.32944,16.16487,0,enoS1(2_parsed).csv
36.077918,-79.009153,8,0.66,132.4,-6.67,1428803,-6.67,-6.66581,4.9017,-5.0662,-0.09102,0.03406,-0.0817,4.44315,-14.10406,16.42794,0,enoS1(2_parsed).csv
36.077918,-79.009153,8,0.66,132.6,-6.7,1429003,-6.7,-6.7011,4.93819,-5.07996,-0.00657,0.07895,-0.11209,4.54545,-15.11254,17.07103,0,enoS1(2_parsed).csv
36.077914,-79.009155,8,0.91,132.6,-6.69,1429803,-6.69,-6.69392,4.94357,-5.0022,-0.06216,0.01833,-0.1208,6.22625,-15.52178,16.67641,0,enoS1(2_parsed).csv
36.077914,-79.009155,9,0.91,132.6,-6.55,1430003,-6.55,-6.54676,5.01715,-5.07936,-0.07285,0.01527,-0.08858,6.24087,-15.98948,17.61181,0,enoS1(2_parsed).csv
36.077912,-79.009157,9,0.69,132.6,-6.68,1430803,-6.68,-6.67538,4.98186,-5.08834,-0.03497,0.03406,-0.11011,7.1178,-16.83718,17.42181,0,enoS1(2_parsed).csv
36.077912,-79.009157,9,0.69,132.7,-6.55,1431003,-6.55,-6.54676,5.03869,-5.10927,-0.08262,0.00504,-0.04001,7.8632,-17.39258,16.72026,0,enoS1(2_parsed).csv
36.07791,-79.009158,9,0.55,132.7,-6.7,1431803,-6.7,-6.7005,5.09492,-5.07219,-0.02535,0.04566,-0.06032,7.55627,-17.42181,17.08565,0,enoS1(2_parsed).csv
36.07791,-79.009158,9,0.55,132.8,-6.59,1432003,-6.59,-6.58804,4.99023,-5.07398,-0.10858,0.00519,0.00626,8.08243,-17.6995,17.56796,0,enoS1(2_parsed).csv
36.077907,-79.009161,9,0.68,132.8,-6.64,1432803,-6.64,-6.63769,5.01954,-5.05364,-0.06826,0.01833,-0.03955,8.84244,-18.54721,17.14411,0,enoS1(2_parsed).csv
36.077907,-79.009161,9,0.68,133,-6.58,1433003,-6.58,-6.58325,4.91845,-5.07637,-0.08873,-0.01283,-0.05421,8.44782,-19.04414,17.62642,0,enoS1(2_parsed).csv
36.077906,-79.009165,9,0.72,133,-6.68,1433803,-6.68,-6.68375,5.0022,-5.01416,-0.14401,-0.02046,-0.02993,9.31014,-19.5703,16.63256,0,enoS1(2_parsed).csv
36.077906,-79.009165,9,0.72,132.5,-6.58,1434003,-6.58,-6.58385,4.88674,-5.1003,-0.07636,0.06704,-0.0901,9.42707,-19.13183,17.86028,0,enoS1(2_parsed).csv
36.077904,-79.009167,9,0.7,132.5,-6.64,1434803,-6.64,-6.64367,4.94357,-5.1332,-0.05101,0.10339,-0.12156,10.84478,-20.08185,18.56182,0,enoS1(2_parsed).csv
36.077904,-79.009167,9,0.7,132.4,-6.63,1435003,-6.63,-6.63171,5.07697,-4.95793,-0.10934,0.0704,-0.05376,11.00555,-20.87109,18.60567,0,enoS1(2_parsed).csv
36.077901,-79.009167,9,0.71,132.4,-6.64,1435803,-6.64,-6.6359,4.88495,-5.04826,-0.05299,0.05941,-0.14157,12.56942,-22.11342,20.82724,0,enoS1(2_parsed).csv
36.077901,-79.009167,9,0.71,132.6,-6.64,1436003,-6.64,-6.64427,5.10748,-5.09731,-0.0449,0.10049,-0.05452,12.9202,-22.96112,19.70184,0,enoS1(2_parsed).csv
36.077899,-79.009168,9,0.56,132.6,-6.57,1436803,-6.57,-6.5671,4.99562,-5.0339,0.01069,0.1857,-0.11026,14.14791,-22.87343,21.64572,0,enoS1(2_parsed).csv
36.077899,-79.009168,9,0.56,132.9,-6.78,1437003,-6.78,-6.77707,5.10927,-5.03091,-0.15241,0.01329,-0.02123,14.33791,-23.67729,20.90032,0,enoS1(2_parsed).csv
36.077896,-79.009169,9,0.61,132.9,-6.47,1437803,-6.47,-6.47498,5.00638,-5.2002,-0.08934,0.08674,-0.12675,16.32564,-24.20345,22.42035,0,enoS1(2_parsed).csv
36.077896,-79.009169,9,0.61,133.5,-6.49,1438003,-6.49,-6.49113,4.98066,-5.10269,-0.11683,0.11438,-0.09499,16.79334,-24.42268,23.12189,0,enoS1(2_parsed).csv
36.077892,-79.009171,9,0.69,133.5,-6.75,1438803,-6.75,-6.75015,4.98724,-5.09073,-0.15898,0.1263,-0.11774,19.01491,-25.62116,24.91961,0,enoS1(2_parsed).csv
36.077892,-79.009171,9,0.69,133.9,-6.64,1439003,-6.64,-6.63649,4.96391,-5.11406,-0.16906,0.09056,-0.08491,19.04414,-25.21193,25.25577,0,enoS1(2_parsed).csv
36.077891,-79.009172,9,0.45,133.9,-6.72,1439803,-6.72,-6.71785,5.15294,-5.03629,-0.15348,0.03207,-0.0846,21.38264,-26.13271,26.62964,0,enoS1(2_parsed).csv
36.077891,-79.009172,9,0.45,133.7,-6.55,1440003,-6.55,-6.55215,4.87896,-5.05723,-0.23106,0.00672,0.04841,20.7834,-24.99269,28.52967,0,enoS1(2_parsed).csv
36.07789,-79.009174,9,0.36,133.7,-6.7,1440803,-6.7,-6.69811,5.04945,-4.98066,-0.00183,0.13286,0.05544,21.76264,-25.65039,27.37504,0,enoS1(2_parsed).csv
36.07789,-79.009174,9,0.36,133.3,-6.8,1441003,-6.8,-6.8022,5.02134,-5.04527,-0.18204,-0.11133,0.07651,20.88571,-25.43116,27.44811,0,enoS1(2_parsed).csv
36.077891,-79.009175,9,0.21,133.3,-6.67,1441803,-6.67,-6.6676,5.17807,-4.79522,0.05452,0.0843,0.03925,20.71032,-25.73809,27.37504,0,enoS1(2_parsed).csv
36.077891,-79.009175,9,0.21,132.8,-6.79,1442003,-6.79,-6.79083,4.9346,-4.77667,-0.07895,-0.08308,0.09071,20.62263,-25.70886,27.08272,0,enoS1(2_parsed).csv
36.07789,-79.009176,9,0.44,132.8,-6.73,1442803,-6.73,-6.73221,5.10329,-5.19362,-0.02199,0.02474,0.00397,21.03186,-25.43116,27.21426,0,enoS1(2_parsed).csv
36.07789,-79.009176,9,0.44,132.8,-6.61,1443003,-6.61,-6.60838,4.91366,-4.88375,0.00458,0.07132,0.02153,20.54955,-24.8173,26.55656,0,enoS1(2_parsed).csv
36.077888,-79.009178,9,0.37,132.8,-6.71,1443803,-6.71,-6.70529,4.99322,-5.2678,-0.05162,0.08858,-0.01054,20.87109,-25.06577,27.71119,0,enoS1(2_parsed).csv
36.077888,-79.009178,9,0.37,132.9,-6.65,1444003,-6.65,-6.65444,4.7689,-5.00339,-0.05498,0.06643,-0.06353,21.11956,-24.89038,28.95352,0,enoS1(2_parsed).csv
36.077888,-79.009179,9,0.4,132.9,-6.75,1444803,-6.75,-6.74836,4.98305,-5.333,-0.06246,-0.02214,-0.08354,21.26571,-25.34347,28.82198,0,enoS1(2_parsed).csv
36.077888,-79.009179,9,0.4,132.7,-6.48,1445003,-6.48,-6.47558,4.82931,-5.08834,-0.0055,0.06765,-0.05253,22.18649,-25.66501,29.20199,0,enoS1(2_parsed).csv
36.077886,-79.00918,9,0.35,132.7,-6.72,1445803,-6.72,-6.72383,4.94238,-5.07757,-0.03757,-0.01023,-0.02718,21.33879,-25.95732,29.27507,0,enoS1(2_parsed).csv
36.077886,-79.00918,9,0.35,132.9,-6.61,1446003,-6.61,-6.60539,4.94058,-5.14816,0.0223,0.05681,-0.05238,21.58726,-25.60655,29.33353,0,enoS1(2_parsed).csv
36.077885,-79.00918,9,0.59,132.9,-6.61,1446803,-6.61,-6.60539,4.89213,-5.11047,-0.0672,-0.12202,0.02169,21.66033,-25.35808,28.54429,0,enoS1(2_parsed).csv
36.077885,-79.00918,9,0.59,133.1,-6.44,1447003,-6.44,-6.44327,4.87418,-5.1356,0.06536,0.00519,0.0197,21.36802,-25.59193,28.99737,0,enoS1(2_parsed).csv
36.077882,-79.009177,9,1.04,133.1,-6.64,1447803,-6.64,-6.6353,4.84606,-5.04646,0.00061,-0.10415,-0.01206,19.848,-25.5627,27.21426,0,enoS1(2_parsed).csv
36.077882,-79.009177,9,1.04,133.2,-6.72,1448003,-6.72,-6.71546,5.00399,-5.02792,0.09957,-0.03192,0.07162,19.2926,-25.50424,26.42502,0,enoS1(2_parsed).csv
36.077882,-79.009177,9,0.41,133.2,-6.75,1448803,-6.75,-6.75075,5.02313,-4.97109,0.1376,-0.042,0.03344,17.86028,-25.40193,24.01345,0,enoS1(2_parsed).csv
36.077882,-79.009177,8,0.41,133.2,-6.64,1449003,-6.64,-6.64427,5.06561,-4.98904,-0.04902,-0.19074,0.07575,17.87489,-25.46039,23.29728,0,enoS1(2_parsed).csv
36.077881,-79.009178,8,0.58,133.2,-6.67,1449803,-6.67,-6.67358,5.09372,-5.04287,0.08506,-0.04307,0.08674,15.59486,-24.32037,22.50804,0,enoS1(2_parsed).csv
36.077881,-79.009178,8,0.58,133,-6.68,1450003,-6.68,-6.67956,5.06022,-4.93879,0.02123,-0.10186,0.12385,14.89331,-23.83806,21.54341,0,enoS1(2_parsed).csv
36.07788,-79.009179,8,0.62,133,-6.64,1450803,-6.64,-6.64128,4.94596,-5.10688,0.0759,-0.00428,0.05238,12.89097,-22.66881,21.01725,0,enoS1(2_parsed).csv
36.07788,-79.009179,8,0.62,132.6,-6.67,1451003,-6.67,-6.66939,4.90888,-4.97468,0.02413,-0.04475,0.08842,12.23327,-22.36188,19.90646,0,enoS1(2_parsed).csv
36.077879,-79.009183,8,0.56,132.6,-6.66,1451803,-6.66,-6.65923,4.98245,-5.0016,-0.00565,-0.00977,-0.00733,11.76557,-21.68956,19.42414,0,enoS1(2_parsed).csv
36.077879,-79.009183,8,0.56,132.2,-6.67,1452003,-6.67,-6.6664,5.06261,-4.97887,-0.00489,0.00855,0.01527,11.35633,-21.64572,18.7226,0,enoS1(2_parsed).csv
36.077877,-79.009185,8,0.64,132.2,-6.62,1452803,-6.62,-6.62393,5.12662,-5.0674,-0.05223,0.00641,-0.00962,11.53172,-21.79187,18.59105,0,enoS1(2_parsed).csv
36.077877,-79.009185,8,0.64,132.2,-6.59,1453003,-6.59,-6.58684,4.93041,-5.03629,-0.0733,0.01955,-0.03283,11.7948,-21.36802,19.07337,0,enoS1(2_parsed).csv
36.077874,-79.009185,8,0.68,132.2,-6.45,1453803,-6.45,-6.44567,5.11406,-5.05903,-0.10996,0.16417,-0.0956,13.91406,-23.09266,20.9734,0,enoS1(2_parsed).csv
36.077874,-79.009185,7,0.68,132.1,-6.59,1454003,-6.59,-6.59402,5.02792,-4.96451,-0.09774,0.24694,-0.03772,13.65098,-23.72113,21.06109,0,enoS1(2_parsed).csv
36.077872,-79.009184,7,0.7,132.1,-6.48,1454803,-6.48,-6.48156,4.97169,-5.18285,-0.19349,0.19227,-0.16157,16.80795,-24.29114,24.10114,0,enoS1(2_parsed).csv
36.077872,-79.009184,9,0.7,132.5,-6.64,1455003,-6.64,-6.64248,5.07637,-5.12543,-0.15501,0.30009,-0.14539,17.49488,-25.46039,23.58959,0,enoS1(2_parsed).csv
36.077871,-79.009185,9,0.36,132.5,-6.54,1455803,-6.54,-6.54258,4.89452,-5.18704,-0.22724,0.23213,-0.17959,20.85647,-25.86963,29.12891,0,enoS1(2_parsed).csv
36.077871,-79.009185,9,0.36,132.3,-6.62,1456003,-6.62,-6.62154,4.9352,-5.22293,-0.2364,0.19441,-0.18158,22.11342,-25.70886,29.80123,0,enoS1(2_parsed).csv
36.077872,-79.009185,9,0.51,132.3,-6.79,1456803,-6.79,-6.79322,5.02014,-5.11406,-0.25443,0.15134,-0.16524,25.15346,-25.02192,34.44899,0,enoS1(2_parsed).csv
36.077872,-79.009185,9,0.51,131.7,-6.43,1457003,-6.43,-6.42712,4.88913,-5.18525,-0.30253,0.07651,-0.20907,26.64426,-24.08652,36.12979,0,enoS1(2_parsed).csv
36.077869,-79.009185,9,0.71,131.7,-6.81,1457803,-6.81,-6.80698,5.0662,-5.09671,-0.20495,0.16341,-0.12889,27.17042,-23.12189,38.99445,0,enoS1(2_parsed).csv
36.077869,-79.009185,9,0.71,131.6,-6.5,1458003,-6.5,-6.5001,4.82931,-5.13859,-0.23534,0.06613,-0.15272,28.54429,-21.1634,40.74832,0,enoS1(2_parsed).csv
36.077866,-79.009185,9,0.56,131.6,-6.73,1458803,-6.73,-6.72503,5.09791,-4.99861,-0.22907,0.02428,-0.12171,28.52967,-21.04648,41.78603,0,enoS1(2_parsed).csv
36.077866,-79.009185,9,0.56,131.8,-6.54,1459003,-6.54,-6.54497,4.97767,-5.06561,-0.16753,0.13775,-0.10583,29.3043,-19.61415,43.55452,0,enoS1(2_parsed).csv
36.077864,-79.009185,9,0.54,131.8,-6.8,1459803,-6.8,-6.8022,5.00937,-4.99143,-0.16997,0.10858,-0.09529,28.33967,-17.08565,45.29377,0,enoS1(2_parsed).csv
36.077864,-79.009185,9,0.54,131.9,-6.54,1460003,-6.54,-6.54437,4.96331,-5.00339,-0.1799,0.09988,-0.14157,29.12891,-15.6387,46.76995,0,enoS1(2_parsed).csv
36.07786,-79.009183,9,0.81,131.9,-6.58,1460803,-6.58,-6.57847,5.04527,-4.86939,-0.09759,0.15211,-0.10599,28.14966,-13.35867,47.69073,0,enoS1(2_parsed).csv
36.07786,-79.009183,9,0.81,132,-6.79,1461003,-6.79,-6.78784,5.15055,-4.91306,-0.14248,0.11316,-0.07147,27.46273,-12.99328,47.77843,0,enoS1(2_parsed).csv
36.077858,-79.009182,9,0.69,132,-6.53,1461803,-6.53,-6.53241,5.00519,-4.98664,-0.08751,0.11011,-0.06002,27.71119,-9.88015,49.56153,0,enoS1(2_parsed).csv
36.077858,-79.009182,9,0.69,132,-6.79,1462003,-6.79,-6.79023,5.04706,-4.90828,-0.06765,0.16066,-0.07727,26.20579,-9.90938,48.94768,0,enoS1(2_parsed).csv
36.077854,-79.009184,9,0.83,132,-6.6,1462803,-6.6,-6.60479,4.99442,-5.06082,-0.1266,0.05208,-0.03558,26.35194,-8.15551,50.19,0,enoS1(2_parsed).csv
36.077854,-79.009184,8,0.83,132.1,-6.65,1463003,-6.65,-6.64666,4.9352,-4.9663,-0.0226,0.16402,-0.08033,25.73809,-7.74627,49.75153,0,enoS1(2_parsed).csv
36.077852,-79.009186,8,0.84,132.1,-6.66,1463803,-6.66,-6.66162,4.96092,-5.21037,-0.14645,0.05162,0.00748,25.60655,-5.74393,50.20462,0,enoS1(2_parsed).csv
36.077852,-79.009186,8,0.84,132.3,-6.7,1464003,-6.7,-6.7023,4.91785,-4.97169,-0.01817,0.16432,-0.12462,25.41654,-5.90471,51.25694,0,enoS1(2_parsed).csv
36.077848,-79.009188,8,0.84,132.3,-6.49,1464803,-6.49,-6.48575,4.86401,-5.09611,-0.06048,0.13256,-0.07941,24.51038,-2.7185,51.53464,0,enoS1(2_parsed).csv
36.077848,-79.009188,8,0.84,132.7,-6.78,1465003,-6.78,-6.77946,5.01835,-5.09552,-0.09774,0.06842,-0.08812,23.41421,-3.84391,50.70155,0,enoS1(2_parsed).csv
36.077845,-79.009189,8,0.74,132.7,-6.7,1465803,-6.7,-6.70469,4.94058,-5.00698,-0.08262,0.07101,-0.09957,22.49342,-1.88541,52.11926,0,enoS1(2_parsed).csv
36.077845,-79.009189,8,0.74,132.9,-6.63,1466003,-6.63,-6.62872,4.99801,-5.06561,-0.11301,0.03253,-0.07529,22.49342,-1.2131,51.81233,0,enoS1(2_parsed).csv
36.077841,-79.00919,8,0.93,132.9,-6.52,1466803,-6.52,-6.51865,5.02373,-5.02852,-0.06002,0.10492,-0.0449,21.14879,0.59924,52.04618,0,enoS1(2_parsed).csv
36.077841,-79.00919,8,0.93,133.1,-6.83,1467003,-6.83,-6.82912,5.09312,-5.02672,-0.14691,0.01634,-0.04276,20.82724,0.64309,51.88541,0,enoS1(2_parsed).csv
36.077838,-79.009194,8,1.05,133.1,-6.71,1467803,-6.71,-6.71426,5.02134,-4.87657,-0.07666,0.0704,-0.05085,20.00877,1.53464,50.77463,0,enoS1(2_parsed).csv
36.077838,-79.009194,8,1.05,132.9,-6.65,1468003,-6.65,-6.64906,5.01476,-4.97229,-0.11332,0.00367,-0.05498,19.78954,1.65156,50.99386,0,enoS1(2_parsed).csv
36.077835,-79.009197,8,0.94,132.9,-6.64,1468803,-6.64,-6.6353,4.96092,-5.04826,-0.12935,-0.01558,-0.06445,18.62029,3.44928,50.87694,0,enoS1(2_parsed).csv
36.077835,-79.009197,8,0.94,132.7,-6.67,1469003,-6.67,-6.67119,4.99023,-4.94118,-0.01695,0.1292,-0.05345,19.26337,3.72698,50.90617,0,enoS1(2_parsed).csv
36.077832,-79.009198,8,0.86,132.7,-6.62,1469803,-6.62,-6.61795,4.92981,-5.00698,-0.1576,-0.02795,-0.062,18.31336,5.02777,50.51154,0,enoS1(2_parsed).csv
36.077832,-79.009198,9,0.86,132.9,-6.67,1470003,-6.67,-6.66939,4.94477,-5.07877,-0.02886,0.12553,-0.05437,17.80181,4.82315,50.81847,0,enoS1(2_parsed).csv
36.07783,-79.009199,9,0.87,132.9,-6.68,1470803,-6.68,-6.67956,4.9669,-5.04287,-0.06842,0.05849,-0.12095,16.34025,5.9924,50.36539,0,enoS1(2_parsed).csv
36.07783,-79.009199,9,0.87,132.5,-6.63,1471003,-6.63,-6.62632,5.04287,-5.0333,-0.11668,0.02886,-0.03146,16.7641,6.28471,50.48232,0,enoS1(2_parsed).csv
36.077827,-79.009204,9,0.85,132.5,-6.63,1471803,-6.63,-6.62812,4.89751,-4.99861,-0.04673,0.05299,-0.10476,15.81409,6.85472,49.73692,0,enoS1(2_parsed).csv
36.077827,-79.009204,9,0.85,132,-6.69,1472003,-6.69,-6.69093,5.13201,-5.01775,-0.0452,0.11393,-0.01558,14.61561,6.81087,49.91231,0,enoS1(2_parsed).csv
36.077825,-79.009206,9,0.71,132,-6.6,1472803,-6.6,-6.59881,5.08714,-4.96212,-0.05788,0.06154,-0.01466,14.10406,7.96551,49.23999,0,enoS1(2_parsed).csv
36.077825,-79.009206,9,0.71,132.1,-6.73,1473003,-6.73,-6.73161,5.01237,-4.96331,-0.0649,0.06093,-0.02795,13.54867,8.7986,48.81614,0,enoS1(2_parsed).csv
36.077822,-79.009208,9,0.79,132.1,-6.54,1473803,-6.54,-6.54198,4.92563,-4.99442,-0.03604,0.03176,-0.03192,13.91406,9.09091,48.81614,0,enoS1(2_parsed).csv
36.077822,-79.009208,9,0.79,132.3,-6.69,1474003,-6.69,-6.68914,5.08116,-5.12423,-0.01115,0.06613,-0.02337,13.08097,8.7986,49.29845,0,enoS1(2_parsed).csv
36.077819,-79.009209,9,0.84,132.3,-6.6,1474803,-6.6,-6.59701,4.92263,-5.03629,0.01145,0.01451,0.02153,13.75329,8.7109,48.47998,0,enoS1(2_parsed).csv
36.077819,-79.009209,9,0.84,132.4,-6.67,1475003,-6.67,-6.6664,4.97587,-5.07578,0.01176,0.02337,0.04688,13.95791,9.01783,48.83075,0,enoS1(2_parsed).csv
36.077816,-79.009211,9,0.78,132.4,-6.57,1475803,-6.57,-6.57189,4.92323,-5.02792,0.02031,0.01619,0.07559,14.73253,7.67319,49.07922,0,enoS1(2_parsed).csv
36.077816,-79.009211,9,0.78,132.2,-6.83,1476003,-6.83,-6.83031,5.02373,-5.00878,0.02749,0.00153,0.07376,14.17714,7.80474,48.91845,0,enoS1(2_parsed).csv
36.077815,-79.009212,9,0.59,132.2,-6.7,1476803,-6.7,-6.69751,4.99322,-4.87478,0.06597,0.05941,0.10858,15.03946,6.88395,48.66998,0,enoS1(2_parsed).csv
36.077815,-79.009212,9,0.59,131.9,-6.9,1477003,-6.9,-6.89671,5.02134,-4.91605,-0.0055,-0.13027,-0.04704,15.59486,6.08009,49.56153,0,enoS1(2_parsed).csv
36.077813,-79.009213,9,0.76,131.9,-6.67,1477803,-6.67,-6.6664,4.92443,-4.91246,0.06979,0.03085,0.02367,17.14411,5.89009,49.81,0,enoS1(2_parsed).csv
36.077813,-79.009213,9,0.76,131.7,-6.8,1478003,-6.8,-6.80279,5.068,-4.93819,0.0536,-0.03558,-0.02611,17.27565,4.73546,49.10845,0,enoS1(2_parsed).csv
36.07781,-79.009212,9,0.87,131.7,-6.72,1478803,-6.72,-6.71605,4.8993,-5.01356,0.09759,-0.02275,-0.03589,18.83952,4.5893,50.17539,0,enoS1(2_parsed).csv
36.07781,-79.009212,9,0.87,131.7,-6.6,1479003,-6.6,-6.60359,5.07996,-4.98784,0.09529,-0.01955,0.0252,19.13183,3.34697,49.59076,0,enoS1(2_parsed).csv
36.077808,-79.009212,9,0.83,131.7,-6.65,1479803,-6.65,-6.64965,4.94178,-5.1356,0.07239,-0.05116,0.02474,21.26571,2.00234,51.52003,0,enoS1(2_parsed).csv
36.077808,-79.009212,9,0.83,131.8,-6.57,1480003,-6.57,-6.56531,5.02373,-4.96152,0.09927,-0.00137,0.05925,21.10494,0.90617,51.03771,0,enoS1(2_parsed).csv
36.077804,-79.009212,9,0.86,131.8,-6.58,1480803,-6.58,-6.57966,4.95195,-5.10688,0.03192,-0.06628,0.0675,22.87343,-0.83309,51.91464,0,enoS1(2_parsed).csv
36.077804,-79.009212,9,0.86,132,-6.71,1481003,-6.71,-6.71247,4.91007,-5.02672,0.12248,0.03176,0.08628,22.71266,-1.44695,51.95849,0,enoS1(2_parsed).csv
36.0778,-79.00921,9,0.77,132,-6.57,1481803,-6.57,-6.56949,4.83829,-5.05783,0.01329,-0.12843,0.09484,24.51038,-3.28851,51.76849,0,enoS1(2_parsed).csv
36.0778,-79.00921,9,0.77,132.4,-6.71,1482003,-6.71,-6.70828,4.92144,-5.09013,0.14707,-0.00596,0.05223,24.77346,-3.91698,52.0608,0,enoS1(2_parsed).csv
36.077797,-79.009209,9,0.74,132.4,-6.61,1482803,-6.61,-6.61316,4.87358,-5.11526,0.07239,-0.09697,0.08277,26.67349,-6.44548,51.28617,0,enoS1(2_parsed).csv
36.077797,-79.009209,9,0.74,132.6,-6.64,1483003,-6.64,-6.64307,4.99801,-5.08355,0.10766,-0.0901,0.03665,26.90734,-7.76089,50.8477,0,enoS1(2_parsed).csv
36.077794,-79.009212,9,0.85,132.6,-6.57,1483803,-6.57,-6.57368,4.99083,-4.9693,0.08583,-0.05483,-0.01405,27.55042,-10.84478,50.20462,0,enoS1(2_parsed).csv
36.077794,-79.009212,9,0.85,132.5,-6.66,1484003,-6.66,-6.65743,5.08355,-5.04467,0.02902,-0.05574,0.08705,28.31044,-11.63402,50.19,0,enoS1(2_parsed).csv
36.077792,-79.009214,9,0.59,132.5,-6.67,1484803,-6.67,-6.6688,5.06441,-4.98545,0.01451,-0.06002,-0.03574,28.67583,-12.58404,46.90149,0,enoS1(2_parsed).csv
36.077792,-79.009214,9,0.59,132.4,-6.56,1485003,-6.56,-6.56291,5.06919,-5.00578,0.01787,0.02153,0.08018,28.20813,-13.15405,47.99766,0,enoS1(2_parsed).csv
36.07779,-79.00922,9,1.05,132.4,-6.5,1485803,-6.5,-6.5025,5.0022,-5.09611,-0.03406,-0.04872,-0.03833,29.42122,-13.88483,48.23151,0,enoS1(2_parsed).csv
36.07779,-79.00922,9,1.05,131.9,-6.67,1486003,-6.67,-6.67119,5.05603,-5.05843,-0.0026,0.08506,0.06368,28.01812,-13.54867,48.56767,0,enoS1(2_parsed).csv
36.077785,-79.009222,9,0.86,131.9,-6.53,1486803,-6.53,-6.533,4.88913,-5.04766,-0.04963,0.00977,0.01436,29.26045,-13.27097,48.68459,0,enoS1(2_parsed).csv
36.077785,-79.009222,9,0.86,132.2,-6.69,1487003,-6.69,-6.68973,4.98126,-5.09253,-0.01145,0.06384,0.03421,28.22274,-13.43175,48.1292,0,enoS1(2_parsed).csv
36.077782,-79.009224,9,0.99,132.2,-6.62,1487803,-6.62,-6.61556,4.8993,-5.09552,-0.03406,0.01802,0.0394,29.39199,-13.78252,48.18766,0,enoS1(2_parsed).csv
36.077782,-79.009224,9,0.99,132.2,-6.69,1488003,-6.69,-6.69093,4.96152,-5.04886,-0.01069,0.02443,0.00305,28.50044,-13.1979,48.24613,0,enoS1(2_parsed).csv
36.077779,-79.009227,9,0.92,132.2,-6.69,1488803,-6.69,-6.69452,4.92204,-4.9992,-0.0197,0.02581,0.02657,29.07045,-13.89944,46.68225,0,enoS1(2_parsed).csv
36.077779,-79.009227,9,0.92,132.1,-6.65,1489003,-6.65,-6.64906,4.94178,-5.04407,0.01558,0.00321,-0.03757,28.88044,-13.78252,46.78456,0,enoS1(2_parsed).csv
36.077774,-79.009227,9,0.87,132.1,-6.65,1489803,-6.65,-6.65384,4.89631,-5.01536,0.02016,-0.0449,0.00137,28.31044,-14.46945,46.93072,0,enoS1(2_parsed).csv
36.077774,-79.009227,9,0.87,132.3,-6.65,1490003,-6.65,-6.65085,5.03091,-4.98724,0.04414,-0.00932,0.0055,29.05583,-15.11254,46.88688,0,enoS1(2_parsed).csv
36.077771,-79.009228,9,0.83,132.3,-6.66,1490803,-6.66,-6.66222,4.95254,-5.02253,0.031,-0.04795,0.01542,28.80737,-16.61795,46.5361,0,enoS1(2_parsed).csv
36.077771,-79.009228,9,0.83,132.1,-6.67,1491003,-6.67,-6.66939,5.01117,-4.98904,0.06628,-0.01542,0.03283,29.05583,-16.96872,46.18533,0,enoS1(2_parsed).csv
36.077768,-79.009229,9,1.09,132.1,-6.63,1491803,-6.63,-6.62872,4.98245,-4.98186,0.0562,-0.02611,0.04414,29.09968,-17.74335,44.35838,0,enoS1(2_parsed).csv
36.077768,-79.009229,9,1.09,131.8,-6.67,1492003,-6.67,-6.67478,5.02912,-4.98485,0.07086,-0.01206,0.05895,28.80737,-17.94797,43.24759,0,enoS1(2_parsed).csv
36.077764,-79.00923,9,1.07,131.8,-6.61,1492803,-6.61,-6.61257,4.95494,-4.99442,0.10018,-0.01283,0.08262,28.85121,-19.90646,41.72756,0,enoS1(2_parsed).csv
36.077764,-79.00923,9,1.07,131.7,-6.76,1493003,-6.76,-6.76152,5.01835,-5.03151,0.07789,-0.07575,0.05131,28.14966,-20.71032,41.63987,0,enoS1(2_parsed).csv
36.07776,-79.009231,9,0.91,131.7,-6.64,1493803,-6.64,-6.64128,4.96571,-4.99083,0.13027,0.01283,0.05009,28.76352,-21.48495,39.21368,0,enoS1(2_parsed).csv
36.07776,-79.009231,9,0.91,131.4,-6.59,1494003,-6.59,-6.58565,5.10688,-4.88854,0.05208,-0.09041,0.03009,28.13505,-22.68343,39.16983,0,enoS1(2_parsed).csv
36.077757,-79.009231,9,0.96,131.4,-6.71,1494803,-6.71,-6.71067,5.01536,-5.02852,0.07605,-0.04139,0.06154,27.17042,-23.86729,38.04443,0,enoS1(2_parsed).csv
36.077757,-79.009231,9,0.96,131.3,-6.63,1495003,-6.63,-6.62812,5.00578,-4.98844,0.06521,-0.0504,0.03161,26.76118,-23.85267,37.78135,0,enoS1(2_parsed).csv
36.077753,-79.009231,9,0.85,131.3,-6.67,1495803,-6.67,-6.67239,4.99262,-5.01775,0.05009,-0.02138,0.05315,26.07425,-24.27653,36.10056,0,enoS1(2_parsed).csv
36.077753,-79.009231,9,0.85,131.3,-6.67,1496003,-6.67,-6.67059,5.04527,-4.97109,0.05635,-0.02718,0.03085,26.10348,-25.06577,34.53669,0,enoS1(2_parsed).csv
36.07775,-79.009231,9,0.97,131.3,-6.69,1496803,-6.69,-6.69392,4.96451,-5.07697,0.05498,-0.00962,0.05192,25.05116,-25.54809,33.77667,0,enoS1(2_parsed).csv
36.07775,-79.009231,9,0.97,131.3,-6.61,1497003,-6.61,-6.61197,4.98844,-5.03689,0.02902,-0.07636,0.02291,24.97808,-25.95732,33.36744,0,enoS1(2_parsed).csv
36.077745,-79.009231,9,1.05,131.3,-6.63,1497803,-6.63,-6.62872,4.99382,-5.09611,-0.00855,-0.13592,-0.00183,24.13037,-26.04502,31.92049,0,enoS1(2_parsed).csv
36.077745,-79.009231,9,1.05,131.2,-6.6,1498003,-6.6,-6.59522,5.01655,-5.04766,0.0872,0.00993,0.03864,24.48115,-25.92809,32.11049,0,enoS1(2_parsed).csv
36.077741,-79.009231,9,1.09,131.2,-6.64,1498803,-6.64,-6.64427,5.03928,-4.99562,-0.04811,-0.16982,-0.01955,23.56036,-25.53347,29.97662,0,enoS1(2_parsed).csv
36.077741,-79.009231,9,1.09,131.4,-6.53,1499003,-6.53,-6.52702,5.01296,-5.0991,0.05192,0.02917,0.04322,23.15112,-25.81116,30.04969,0,enoS1(2_parsed).csv
36.077735,-79.00923,9,1.17,131.4,-6.56,1499803,-6.56,-6.55574,4.94477,-4.94955,-0.00702,-0.04307,0.04016,22.14265,-25.94271,28.79275,0,enoS1(2_parsed).csv
36.077735,-79.00923,9,1.17,132,-6.71,1500003,-6.71,-6.70768,5.05484,-5.04527,0.02886,0.00565,0.04047,21.73341,-26.05963,28.90967,0,enoS1(2_parsed).csv
36.07773,-79.00923,9,1.13,132,-6.59,1500803,-6.59,-6.58684,4.98963,-4.99262,-0.02611,-0.0391,0.05177,21.68956,-26.14733,27.00965,0,enoS1(2_parsed).csv
36.07773,-79.00923,9,1.13,132.1,-6.71,1501003,-6.71,-6.71067,4.96571,-4.97827,0.02718,0.00397,0.02627,20.62263,-25.72347,26.99503,0,enoS1(2_parsed).csv
36.077725,-79.00923,9,1.21,132.1,-6.72,1501803,-6.72,-6.72264,4.95853,-5.0339,-0.00275,-0.06322,0.03467,19.42414,-25.25577,26.87811,0,enoS1(2_parsed).csv
36.077725,-79.00923,9,1.21,132.3,-6.6,1502003,-6.6,-6.60359,4.94955,-4.99502,0.0394,-0.03528,0.01466,19.2926,-25.05116,26.90734,0,enoS1(2_parsed).csv
36.07772,-79.009228,9,1.31,132.3,-6.72,1502803,-6.72,-6.71964,5.01237,-5.06202,0.05299,-0.05269,0.04749,18.2549,-25.25577,25.63578,0,enoS1(2_parsed).csv
36.07772,-79.009228,9,1.31,132.9,-6.61,1503003,-6.61,-6.61137,4.93998,-4.97468,0.05162,-0.05162,0.04444,18.02105,-25.50424,24.52499,0,enoS1(2_parsed).csv
36.077714,-79.009228,9,1.19,132.9,-6.68,1503803,-6.68,-6.68136,5.01655,-4.99023,0.06781,-0.0365,0.0759,15.88717,-24.61269,22.88804,0,enoS1(2_parsed).csv
36.077714,-79.009228,9,1.19,133.3,-6.71,1504003,-6.71,-6.71187,5.0351,-4.92682,0.07086,-0.06032,0.03726,15.37562,-24.23268,21.80649,0,enoS1(2_parsed).csv
36.07771,-79.009229,9,1.3,133.3,-6.69,1504803,-6.69,-6.68914,4.98485,-4.96271,0.05605,-0.05421,0.0814,13.41713,-22.80035,21.26571,0,enoS1(2_parsed).csv
36.07771,-79.009229,9,1.3,133.1,-6.67,1505003,-6.67,-6.6676,4.95015,-4.93998,0.07697,-0.06521,0.04551,13.1979,-22.53727,20.91494,0,enoS1(2_parsed).csv
36.077705,-79.009231,9,1.37,133.1,-6.72,1505803,-6.72,-6.71725,4.90289,-5.01416,0.1405,-0.02123,0.07468,10.93248,-20.62263,18.7226,0,enoS1(2_parsed).csv
36.077705,-79.009231,9,1.37,133.3,-6.75,1506003,-6.75,-6.74836,5.04587,-4.90469,0.12874,-0.07651,0.03726,10.91786,-20.38877,18.43028,0,enoS1(2_parsed).csv
36.077698,-79.009233,9,1.55,133.3,-6.63,1506803,-6.63,-6.62991,4.85444,-5.11944,0.12507,-0.08491,0.04307,7.92166,-17.84566,17.96258,0,enoS1(2_parsed).csv
36.077698,-79.009233,9,1.55,133.5,-6.65,1507003,-6.65,-6.64666,5.01715,-5.07458,0.16264,-0.0423,0.0533,7.17626,-17.59719,17.07103,0,enoS1(2_parsed).csv
36.077692,-79.009236,9,1.5,133.5,-6.58,1507803,-6.58,-6.57727,4.97169,-5.00818,0.10889,-0.0814,0.07193,5.29085,-14.95177,17.18796,0,enoS1(2_parsed).csv
36.077692,-79.009236,9,1.5,134,-6.67,1508003,-6.67,-6.66999,5.05783,-4.99801,0.11683,-0.03589,0.1179,4.82315,-13.95791,16.98334,0,enoS1(2_parsed).csv
36.077686,-79.00924,9,1.5,134,-6.52,1508803,-6.52,-6.51805,4.92503,-5.12842,0.13164,-0.0449,0.08567,2.92312,-11.85326,17.53873,0,enoS1(2_parsed).csv
36.077686,-79.00924,9,1.5,134.1,-6.75,1509003,-6.75,-6.74716,5.02971,-5.09133,0.1237,-0.03665,0.12782,2.00234,-10.99094,17.3195,0,enoS1(2_parsed).csv
36.07768,-79.009242,9,1.6,134.1,-6.59,1509803,-6.59,-6.59103,4.97348,-5.12722,0.11026,-0.0956,0.12477,1.34464,-8.00935,17.86028,0,enoS1(2_parsed).csv
36.07768,-79.009242,9,1.6,134.4,-6.71,1510003,-6.71,-6.71007,4.95374,-5.06441,0.14737,-0.04948,0.12859,0.35077,-6.78164,17.2318,0,enoS1(2_parsed).csv
36.077675,-79.009245,9,1.6,134.4,-6.39,1510803,-6.39,-6.38884,4.74676,-6.09093,-0.23702,-0.22098,0.36927,-2.44081,-2.09003,21.82111,0,enoS1(2_parsed).csv
36.077675,-79.009245,9,1.6,134.2,-6.33,1511003,-6.33,-6.335,3.82553,-5.32403,0.07483,-0.06872,0.25443,-2.9962,1.66618,23.5019,0,enoS1(2_parsed).csv
36.077669,-79.00925,9,1.94,134.2,-7.56,1511803,-7.56,-7.55893,5.20918,-5.49392,-0.13073,-0.3427,0.40164,-4.09237,2.04619,13.50482,0,enoS1(2_parsed).csv
36.077669,-79.00925,9,1.94,133.9,-6.38,1512003,-6.38,-6.37508,4.4345,-4.02951,-0.18524,-0.86132,0.18784,-3.80006,6.02163,25.35808,0,enoS1(2_parsed).csv
36.077663,-79.009254,9,1.69,133.9,-6.93,1512803,-6.93,-6.93021,5.62792,-5.22413,-0.50351,-0.99434,0.1941,-3.44928,7.70243,25.98655,0,enoS1(2_parsed).csv
36.077663,-79.009254,9,1.69,134,-5.88,1513003,-5.88,-5.87797,3.72084,-5.32941,0.05773,-0.36774,0.14371,-0.70155,11.41479,34.03975,0,enoS1(2_parsed).csv
36.077658,-79.009258,9,1.31,134,-6.92,1513803,-6.92,-6.91885,4.81914,-5.13679,-0.18586,-0.57116,0.17165,-1.88541,12.59865,31.73049,0,enoS1(2_parsed).csv
36.077658,-79.009258,9,1.31,133.7,-6.25,1514003,-6.25,-6.25364,4.49013,-5.22353,0.30253,-0.10812,0.0704,0.2777,13.15405,34.37592,0,enoS1(2_parsed).csv
36.077655,-79.00926,9,0.89,133.7,-6.46,1514803,-6.46,-6.46242,4.65942,-5.92463,0.48014,-0.10705,0.312,5.40778,17.02718,41.80064,0,enoS1(2_parsed).csv
36.077655,-79.00926,9,0.89,133.6,-6.56,1515003,-6.56,-6.55813,4.59422,-5.11825,0.53115,-0.03558,0.29673,6.00702,16.01871,41.81526,0,enoS1(2_parsed).csv
36.077644,-79.009264,9,1.57,133.6,-6.63,1515803,-6.63,-6.6329,5.20918,-5.28814,0.36957,-0.19013,0.23702,12.9202,10.80094,47.73458,0,enoS1(2_parsed).csv
36.077644,-79.009264,9,1.57,134.5,-6.37,1516003,-6.37,-6.3679,4.91246,-5.33779,0.13607,-0.37843,0.44104,14.981,10.07016,49.50307,0,enoS1(2_parsed).csv
36.077638,-79.009266,9,1.37,134.5,-6.74,1516803,-6.74,-6.74118,4.93041,-4.83889,0.38485,-0.30757,0.28604,20.038,0.16077,50.29231,0,enoS1(2_parsed).csv
36.077638,-79.009266,9,1.37,134.5,-6.9,1517003,-6.9,-6.89612,5.09372,-5.04287,0.15959,-0.56169,0.47159,22.06957,-1.5931,51.34464,0,enoS1(2_parsed).csv
36.077632,-79.009267,9,1.08,134.5,-6.7,1517803,-6.7,-6.70349,4.46561,-5.39402,0.68554,-0.0982,0.37645,28.69044,-10.26016,49.50307,0,enoS1(2_parsed).csv
36.077632,-79.009267,9,1.08,134.9,-6.45,1518003,-6.45,-6.45105,5.0004,-5.03211,0.63499,-0.20235,0.35812,27.69658,-15.2587,46.41918,0,enoS1(2_parsed).csv
36.077627,-79.009267,9,1.14,134.9,-6.32,1518803,-6.32,-6.32064,4.40758,-5.94198,0.01772,-0.22098,0.4047,30.22508,-19.33645,43.61298,0,enoS1(2_parsed).csv
36.077627,-79.009267,9,1.14,135.4,-6.6,1519003,-6.6,-6.60479,4.4016,-5.66441,0.41936,0.17944,0.14126,27.94505,-19.21953,42.16603,0,enoS1(2_parsed).csv
36.077621,-79.009267,9,1.14,135.4,-6.1,1519803,-6.1,-6.1017,4.32802,-5.18405,-0.0843,-0.40897,0.41753,26.90734,-22.96112,37.83981,0,enoS1(2_parsed).csv
36.077621,-79.009267,9,1.14,135.9,-6.65,1520003,-6.65,-6.65205,4.29213,-6.65803,0.20235,-0.22281,0.20632,25.94271,-22.78574,38.02982,0,enoS1(2_parsed).csv
36.077614,-79.009265,9,1.24,135.9,-6.68,1520803,-6.68,-6.68136,4.91546,-4.42014,0.49388,0.4725,0.27382,20.52032,-25.76732,26.6881,0,enoS1(2_parsed).csv
36.077614,-79.009265,9,1.24,136.5,-7.41,1521003,-7.41,-7.40878,5.13799,-4.27179,-0.00764,-0.34758,-0.01848,18.81029,-25.92809,23.57498,0,enoS1(2_parsed).csv
36.077609,-79.009265,9,1.29,136.5,-6.41,1521803,-6.41,-6.41157,4.62951,-5.54537,0.33063,0.19273,0.26924,17.34873,-23.56036,26.60041,0,enoS1(2_parsed).csv
36.077609,-79.009265,9,1.29,136.8,-7.26,1522003,-7.26,-7.25623,4.52483,-4.94836,0.37217,-0.05223,0.22235,14.65946,-23.73575,23.37036,0,enoS1(2_parsed).csv
36.077606,-79.009264,9,1.25,136.8,-7.38,1522803,-7.38,-7.38186,4.34537,-5.01177,3.09449,-1.2199,2.43201,-2.68927,-1.95849,16.17948,0,enoS1(2_parsed).csv
36.077606,-79.009264,9,1.25,136.1,-7.63,1523003,-7.63,-7.63011,4.45005,-4.24427,2.57877,-1.71577,1.02625,-5.45162,11.09325,20.46185,0,enoS1(2_parsed).csv
36.077601,-79.009265,9,1.51,136.1,-6.68,1523803,-6.68,-6.68076,4.2341,-6.22732,1.32955,-1.24571,1.69775,26.9658,-2.36773,53.53698,0,enoS1(2_parsed).csv
36.077601,-79.009265,9,1.51,136.3,-6.13,1524003,-6.13,-6.134,4.19701,-6.12323,1.35047,-1.27594,1.35047,31.11663,-10.50862,50.86232,0,enoS1(2_parsed).csv
36.077598,-79.009263,9,1.16,136.3,-7.35,1524803,-7.35,-7.34656,5.09552,-4.21256,1.08566,-0.936,0.8798,13.22713,-22.80035,16.51564,0,enoS1(2_parsed).csv
36.077598,-79.009263,9,1.16,136.2,-6.84,1525003,-6.84,-6.83988,5.01655,-4.74736,0.93921,-1.28419,0.55955,8.90091,-19.71646,17.48027,0,enoS1(2_parsed).csv
36.077594,-79.009262,9,1.15,136.2,-6.77,1525803,-6.77,-6.77468,4.21974,-4.96212,1.20218,-0.69058,0.76709,-4.15083,7.79012,22.06957,0,enoS1(2_parsed).csv
36.077594,-79.009262,8,1.15,135.9,-7,1526003,-7,-6.99661,5.14576,-5.14756,1.06031,-1.04733,0.52473,-3.71236,9.48553,27.78427,0,enoS1(2_parsed).csv
36.077593,-79.009261,8,0.64,135.9,-6.36,1526803,-6.36,-6.36491,4.14915,-5.47119,1.00915,-0.70799,0.79489,14.83484,12.2625,49.38614,0,enoS1(2_parsed).csv
36.077593,-79.009261,8,0.64,135.8,-6.68,1527003,-6.68,-6.68315,4.98305,-5.43589,1.11345,-0.5623,0.73166,18.67875,5.5247,50.78924,0,enoS1(2_parsed).csv
36.077587,-79.009261,8,1.24,135.8,-6.47,1527803,-6.47,-6.47199,4.67438,-5.14756,0.66936,-0.69074,0.67959,28.33967,-14.11868,47.19381,0,enoS1(2_parsed).csv
36.077587,-79.009261,8,1.24,136.2,-6.65,1528003,-6.65,-6.64965,4.92981,-5.29771,0.77519,-0.52931,0.54703,29.09968,-18.38644,43.87606,0,enoS1(2_parsed).csv
36.077581,-79.009259,8,1.28,136.2,-6.96,1528803,-6.96,-6.95952,4.8347,-4.80658,0.57208,-0.71593,0.52183,20.00877,-25.34347,27.57966,0,enoS1(2_parsed).csv
36.077581,-79.009259,8,1.28,136.4,-6.62,1529003,-6.62,-6.62154,4.84726,-5.11825,0.66218,-0.66752,0.42822,18.6349,-25.15346,25.51886,0,enoS1(2_parsed).csv
36.077579,-79.009259,8,1.23,136.4,-6.72,1529803,-6.72,-6.71605,4.75454,-5.266,0.71456,-0.52229,0.48564,5.11546,-14.92254,18.07951,0,enoS1(2_parsed).csv
36.077579,-79.009259,9,1.23,135.6,-6.52,1530003,-6.52,-6.52403,4.99861,-5.13978,0.63225,-0.57773,0.47067,2.70389,-12.62789,17.56796,0,enoS1(2_parsed).csv
36.077573,-79.009261,9,1.31,135.6,-6.68,1530803,-6.68,-6.67657,4.97587,-5.23071,0.6046,-0.44654,0.41065,-3.68313,4.10699,22.87343,0,enoS1(2_parsed).csv
36.077573,-79.009261,9,1.31,135.5,-6.64,1531003,-6.64,-6.63829,4.99442,-4.9992,0.55299,-0.43753,0.46441,-3.30313,5.8024,24.99269,0,enoS1(2_parsed).csv
36.07757,-79.009263,9,0.97,135.5,-6.66,1531803,-6.66,-6.66282,5.11466,-5.19841,0.4302,-0.52733,0.40791,1.1254,13.08097,37.2698,0,enoS1(2_parsed).csv
36.07757,-79.009263,9,0.97,135.5,-6.48,1532003,-6.48,-6.47797,4.77787,-5.12004,0.48182,-0.39844,0.47571,3.94621,13.34405,40.61678,0,enoS1(2_parsed).csv
36.077568,-79.009265,9,0.93,135.5,-6.8,1532803,-6.8,-6.79502,5.17687,-4.99861,0.46166,-0.42577,0.44166,12.4525,8.38936,47.50073,0,enoS1(2_parsed).csv
36.077568,-79.009265,9,0.93,134.9,-6.65,1533003,-6.65,-6.65085,5.08176,-4.94537,0.2926,-0.53267,0.52061,16.12102,7.22011,49.60538,0,enoS1(2_parsed).csv
36.077562,-79.009265,9,1.01,134.9,-6.68,1533803,-6.68,-6.68256,5.08834,-4.99681,0.58887,-0.15195,0.42241,24.4373,-4.56007,51.16925,0,enoS1(2_parsed).csv
36.077562,-79.009265,9,1.01,134.9,-6.77,1534003,-6.77,-6.77468,5.08894,-4.90768,0.26313,-0.49511,0.39538,25.28501,-6.7378,51.46156,0,enoS1(2_parsed).csv
36.077556,-79.009266,9,1.06,134.9,-6.71,1534803,-6.71,-6.71366,5.08714,-4.93759,0.31597,-0.33918,0.35262,28.3689,-16.51564,46.33148,0,enoS1(2_parsed).csv
36.077556,-79.009266,9,1.06,135.8,-6.68,1535003,-6.68,-6.68196,4.89153,-4.85145,0.40684,-0.18127,0.37248,27.98889,-18.45951,44.51915,0,enoS1(2_parsed).csv
36.077551,-79.009265,9,1.33,135.8,-6.77,1535803,-6.77,-6.76571,5.0991,-4.83589,0.36163,-0.1886,0.35064,26.86349,-23.92575,37.00673,0,enoS1(2_parsed).csv
36.077551,-79.009265,9,1.33,135.8,-6.93,1536003,-6.93,-6.93201,4.94238,-4.91964,0.2587,-0.33811,0.32712,24.55422,-24.99269,34.50745,0,enoS1(2_parsed).csv
36.077547,-79.009265,9,0.87,135.8,-6.72,1536803,-6.72,-6.72204,4.84666,-4.81376,0.29932,-0.2164,0.27565,20.54955,-25.65039,28.07659,0,enoS1(2_parsed).csv
36.077547,-79.009265,9,0.87,135.7,-6.83,1537003,-6.83,-6.82852,5.07398,-4.98724,0.34163,-0.18601,0.21533,19.14645,-25.65039,25.24116,0,enoS1(2_parsed).csv
36.077543,-79.00926,9,1,135.7,-6.51,1537803,-6.51,-6.50549,4.86162,-4.95254,0.24404,-0.24832,0.25336,13.24174,-22.77112,22.91727,0,enoS1(2_parsed).csv
36.077543,-79.00926,9,1,135.8,-6.82,1538003,-6.82,-6.81655,4.96511,-4.91486,0.38194,-0.07804,0.20097,12.04326,-21.80649,19.99415,0,enoS1(2_parsed).csv
36.077537,-79.009258,9,1.25,135.8,-6.59,1538803,-6.59,-6.58924,4.84367,-5.01835,0.22862,-0.24328,0.20632,5.67086,-16.17948,18.26951,0,enoS1(2_parsed).csv
36.077537,-79.009258,9,1.25,136.2,-6.75,1539003,-6.75,-6.75195,4.92682,-5.07578,0.33613,-0.08506,0.22113,4.47238,-14.03099,16.70564,0,enoS1(2_parsed).csv
36.077532,-79.009257,9,1.09,136.2,-6.63,1539803,-6.63,-6.62513,4.83889,-4.94596,0.20189,-0.16768,0.14813,0.48232,-9.01783,17.65565,0,enoS1(2_parsed).csv
36.077532,-79.009257,9,1.09,136.3,-6.84,1540003,-6.84,-6.84168,5.07338,-5.02373,0.20922,-0.1237,0.17471,-0.55539,-7.65858,16.3841,0,enoS1(2_parsed).csv
36.077526,-79.009258,9,1.23,136.3,-6.7,1540803,-6.7,-6.69512,4.85324,-4.94118,0.20006,-0.11057,0.12004,-2.28004,-1.84157,18.32797,0,enoS1(2_parsed).csv
36.077526,-79.009258,9,1.23,136.7,-6.82,1541003,-6.82,-6.81835,5.01954,-4.98724,0.16814,-0.15745,0.13622,-2.86466,-1.41771,19.02952,0,enoS1(2_parsed).csv
36.07752,-79.009256,9,1.32,136.7,-6.74,1541803,-6.74,-6.74118,4.71805,-4.92084,0.19639,-0.12416,0.01313,-3.77083,3.08389,21.96726,0,enoS1(2_parsed).csv
36.07752,-79.009256,9,1.32,137.2,-6.79,1542003,-6.79,-6.78605,5.23131,-4.98604,0.12813,-0.15409,0.18647,-3.63929,3.7416,22.0988,0,enoS1(2_parsed).csv
36.077516,-79.009255,9,1.07,137.2,-6.72,1542803,-6.72,-6.72264,5.04228,-4.93041,0.17715,-0.07773,0.23625,-3.58082,7.27857,26.45425,0,enoS1(2_parsed).csv
36.077516,-79.009255,9,1.07,137.3,-6.73,1543003,-6.73,-6.734,4.92443,-5.03869,0.12171,-0.17028,0.07712,-2.66004,8.3309,27.85735,0,enoS1(2_parsed).csv
36.07751,-79.009253,9,1.77,137.3,-6.65,1543803,-6.65,-6.65085,4.82991,-4.96391,0.1208,-0.1631,0.15913,-1.05232,10.68401,30.8974,0,enoS1(2_parsed).csv
36.07751,-79.009253,9,1.77,137.6,-6.72,1544003,-6.72,-6.72323,5.01895,-5.16012,0.13699,-0.13958,0.12889,-1.56387,11.83864,32.22742,0,enoS1(2_parsed).csv
36.077506,-79.009253,9,1.22,137.6,-5.7,1544803,-5.7,-5.69671,5.4329,-6.4355,0.49205,-0.48778,-1.11773,6.51856,10.17246,42.53143,0,enoS1(2_parsed).csv
36.077506,-79.009253,9,1.22,137.2,-5.69,1545003,-5.69,-5.69252,4.48953,-9.83211,-0.12966,-0.37599,1.44424,8.95937,6.34317,43.59836,0,enoS1(2_parsed).csv
36.077509,-79.00925,9,0.45,137.2,-6.36,1545803,-6.36,-6.36012,4.48894,-6.29552,0.65149,-0.06796,-0.50885,8.0532,15.74101,44.03683,0,enoS1(2_parsed).csv
36.077509,-79.00925,9,0.45,136.8,-5.66,1546003,-5.66,-5.66321,5.3994,-5.26122,0.62369,0.22052,0.05712,8.59398,8.84244,45.05993,0,enoS1(2_parsed).csv
36.077505,-79.009247,9,0.99,136.8,-5.92,1546803,-5.92,-5.92224,4.90588,-5.68295,-0.11332,-0.54214,-0.09881,11.76557,11.67787,47.61766,0,enoS1(2_parsed).csv
36.077505,-79.009247,9,0.99,137.7,-5.74,1547003,-5.74,-5.74098,4.92024,-6.10828,0.05315,-0.08125,0.11026,13.5779,11.59018,49.56153,0,enoS1(2_parsed).csv
36.077502,-79.009243,9,1.37,137.7,-6.81,1547803,-6.81,-6.80698,5.18943,-4.77727,0.27275,-0.04154,-0.21961,9.71938,8.36013,47.44227,0,enoS1(2_parsed).csv
36.077502,-79.009243,9,1.37,137.6,-6.4,1548003,-6.4,-6.40379,5.4993,-4.6349,0.0646,-0.1434,0.02489,11.56095,5.9924,46.93072,0,enoS1(2_parsed).csv
36.077495,-79.009243,9,1.17,137.6,-6.43,1548803,-6.43,-6.43071,4.80539,-5.65603,0.15027,-0.18158,-0.04276,15.40485,9.14937,50.42385,0,enoS1(2_parsed).csv
36.077495,-79.009243,9,1.17,138.2,-6.19,1549003,-6.19,-6.18545,5.03749,-5.46999,0.19028,-0.06414,0.09453,16.69103,7.23473,50.14616,0,enoS1(2_parsed).csv
36.077489,-79.009239,9,1.16,138.2,-6.64,1549803,-6.64,-6.64248,5.135,-4.98126,0.11377,-0.24587,0.09667,17.9772,2.68927,50.61386,0,enoS1(2_parsed).csv
36.077489,-79.009239,9,1.16,138.6,-6.43,1550003,-6.43,-6.42951,5.07697,-5.07877,0.06307,-0.29215,0.12996,19.658,2.63081,51.52003,0,enoS1(2_parsed).csv
36.077481,-79.009237,9,1.55,138.6,-6.62,1550803,-6.62,-6.61855,4.96331,-5.23669,0.28283,-0.0646,0.13974,23.44344,-1.62233,51.49079,0,enoS1(2_parsed).csv
36.077481,-79.009237,9,1.55,139.2,-6.57,1551003,-6.57,-6.57069,4.8993,-5.25344,0.19792,-0.2416,0.13851,24.52499,-4.06314,51.91464,0,enoS1(2_parsed).csv
36.077475,-79.009237,9,1.5,139.2,-6.51,1551803,-6.51,-6.51027,4.98904,-5.23071,0.27978,-0.1376,0.12981,27.47734,-9.51476,51.25694,0,enoS1(2_parsed).csv
36.077475,-79.009237,9,1.5,139.2,-6.49,1552003,-6.49,-6.48754,5.06082,-5.44786,0.11958,-0.31704,0.17898,28.25197,-10.97632,50.33616,0,enoS1(2_parsed).csv
36.07747,-79.009237,9,1.36,139.2,-6.7,1552803,-6.7,-6.69811,5.08116,-4.95075,0.27107,-0.09957,0.15287,26.90734,-16.34025,46.60918,0,enoS1(2_parsed).csv
36.07747,-79.009237,9,1.36,138.9,-6.56,1553003,-6.56,-6.56471,5.16012,-5.06142,0.12996,-0.26389,0.09697,28.17889,-17.6995,46.52148,0,enoS1(2_parsed).csv
36.077463,-79.009238,9,1.38,138.9,-6.51,1553803,-6.51,-6.51386,4.85145,-5.12543,0.18799,-0.14676,0.13974,29.24584,-21.89418,41.71295,0,enoS1(2_parsed).csv
36.077463,-79.009238,9,1.38,139.1,-6.55,1554003,-6.55,-6.55334,5.20499,-4.96511,0.24312,-0.07575,0.08644,28.99737,-23.28267,40.77755,0,enoS1(2_parsed).csv
36.077455,-79.009238,9,1.53,139.1,-6.35,1554803,-6.35,-6.34876,4.88913,-5.30608,0.06353,-0.26634,0.11897,27.71119,-23.9696,37.88366,0,enoS1(2_parsed).csv
36.077455,-79.009238,9,1.53,139.5,-6.29,1555003,-6.29,-6.28774,4.93938,-5.40299,0.16707,-0.13744,0.07193,27.85735,-24.55422,36.84595,0,enoS1(2_parsed).csv
36.077448,-79.009234,9,1.98,139.5,-6.82,1555803,-6.82,-6.81895,4.98305,-4.99502,0.1098,-0.12095,0.21579,20.228,-25.47501,31.29202,0,enoS1(2_parsed).csv
36.077448,-79.009234,9,1.98,139.6,-6.77,1556003,-6.77,-6.77049,4.85564,-4.8676,0.21258,-0.19868,-0.15012,20.19877,-26.67349,31.05817,0,enoS1(2_parsed).csv
36.077441,-79.009231,9,1.68,139.6,-6.42,1556803,-6.42,-6.41576,4.83231,-5.65603,-0.13928,0.21441,0.43891,22.61035,-25.73809,31.7451,0,enoS1(2_parsed).csv
36.077441,-79.009231,10,1.68,139.8,-6.91,1557003,-6.91,-6.91107,4.19342,-5.51785,0.12278,0.13989,0.15119,19.16106,-23.95498,30.69278,0,enoS1(2_parsed).csv
36.077438,-79.009228,10,1.47,139.8,-5.75,1557803,-5.75,-5.75055,4.89871,-5.84447,0.23671,0.11469,0.45861,21.32417,-26.93657,28.17889,0,enoS1(2_parsed).csv
36.077438,-79.009228,9,1.47,139.5,-6.65,1558003,-6.65,-6.64965,4.79223,-5.65484,0.23992,0.12171,0.44303,17.49488,-25.27039,24.91961,0,enoS1(2_parsed).csv
36.077434,-79.009228,9,1.2,139.5,-6.38,1558803,-6.38,-6.38166,5.11047,-4.96451,0.14783,-0.21304,0.42226,14.58638,-24.27653,20.28647,0,enoS1(2_parsed).csv
36.077434,-79.009228,9,1.2,138.9,-6.71,1559003,-6.71,-6.71247,5.12782,-5.15593,0.16203,-0.24007,0.52076,11.03479,-21.48495,19.35107,0,enoS1(2_parsed).csv
36.07743,-79.009225,9,1.54,138.9,-6.17,1559803,-6.17,-6.1681,5.14038,-5.31805,0.25366,-0.12584,0.53084,5.53932,-15.79947,18.2549,0,enoS1(2_parsed).csv
36.07743,-79.009225,9,1.54,138.5,-6.56,1560003,-6.56,-6.55873,4.95793,-5.27438,0.26206,-0.15226,0.35232,2.36773,-12.58404,17.39258,0,enoS1(2_parsed).csv
36.077424,-79.009223,9,1.33,138.5,-2.89,1560803,-2.89,-2.89412,4.06002,-6.26022,0.9586,0.06445,1.27564,0.08769,-7.64396,30.18123,0,enoS1(2_parsed).csv
36.077424,-79.009223,9,1.33,138.8,-11.69,1561003,-11.69,-11.68595,2.37009,-3.01137,-0.79596,1.3717,0.41936,-6.05086,7.74627,14.25022,0,enoS1(2_parsed).csv
36.077415,-79.009219,9,2.2,138.8,3.72,1561803,3.72,3.71904,-9.9009,-5.79482,3.26752,-0.40684,3.00943,66.2964,39.00906,35.98363,0,enoS1(2_parsed).csv
36.077415,-79.009219,9,2.2,139.1,3.85,1562003,3.85,3.85484,-1.56431,-10.6014,4.38342,1.14049,1.08245,70.75417,1.44695,40.86525,0,enoS1(2_parsed).csv
36.077411,-79.009216,9,1.04,139.1,-8.31,1562803,-8.31,-8.30728,1.67438,-5.21516,1.98974,0.06842,-0.89446,1.49079,-7.92166,23.7796,0,enoS1(2_parsed).csv
36.077411,-79.009216,9,1.04,139.2,-8.48,1563003,-8.48,-8.47657,4.67378,-2.96112,3.84219,-2.43598,-0.2193,8.03858,-18.78106,10.88863,0,enoS1(2_parsed).csv
36.077402,-79.009218,9,1.57,139.2,-4.7,1563803,-4.7,-4.69891,0.36191,-10.83709,0.93523,-4.32432,4.10379,39.90061,6.00702,56.13856,0,enoS1(2_parsed).csv
36.077402,-79.009218,9,1.57,139.9,0.86,1564003,0.86,0.85843,1.3998,-6.8692,1.50731,-1.88544,3.72857,55.15931,-16.16487,46.37533,0,enoS1(2_parsed).csv
36.077395,-79.009225,9,1.77,139.9,-9.5,1564803,-9.5,-9.50309,2.34018,-4.09711,1.48349,-1.456,0.67302,-6.38702,24.02806,15.41947,0,enoS1(2_parsed).csv
36.077395,-79.009225,9,1.77,140.6,-6.2,1565003,-6.2,-6.19621,3.54257,-5.46999,1.79304,-2.10962,-0.43326,0.54078,18.13797,36.08594,0,enoS1(2_parsed).csv
36.077394,-79.00923,9,0.83,140.6,-7.6,1565803,-7.6,-7.59721,2.27199,-6.35474,1.18172,-0.45464,0.92958,18.51798,11.53172,52.63081,0,enoS1(2_parsed).csv
36.077394,-79.00923,9,0.83,140.5,-7.13,1566003,-7.13,-7.1336,3.54377,-5.48255,1.75364,-0.75335,0.03818,23.12189,-0.96463,52.51389,0,enoS1(2_parsed).csv
36.077393,-79.009235,9,1.14,140.5,-6.97,1566803,-6.97,-6.97089,3.67478,-6.25783,0.29092,-1.26663,0.67775,24.72961,-19.08799,42.73604,0,enoS1(2_parsed).csv
36.077393,-79.009235,9,1.14,140.4,-5.35,1567003,-5.35,-5.34856,3.49651,-6.87518,0.66477,-0.84941,0.44944,28.12043,-20.18416,42.70681,0,enoS1(2_parsed).csv
36.077397,-79.009231,9,1.17,140.4,-7.56,1567803,-7.56,-7.55773,4.17787,-4.20718,0.13256,-0.67042,0.32605,10.05554,-21.73341,20.68109,0,enoS1(2_parsed).csv
36.077397,-79.009231,9,1.17,140,-6.95,1568003,-6.95,-6.95055,4.45783,-5.45384,0.21564,-0.95891,-0.17654,11.00555,-21.39725,24.04268,0,enoS1(2_parsed).csv
36.077392,-79.009228,9,1.38,140,-6.05,1568803,-6.05,-6.04965,2.99462,-6.54078,0.32406,-0.03406,0.56368,3.31774,-8.7986,28.3689,0,enoS1(2_parsed).csv
36.077392,-79.009228,9,1.38,140.2,-6.42,1569003,-6.42,-6.41635,3.46959,-6.67777,0.61789,-0.05147,0.0869,1.57849,-7.71704,24.48115,0,enoS1(2_parsed).csv
36.077391,-79.009229,9,1.12,140.2,-7.23,1569803,-7.23,-7.2329,4.52842,-4.27478,0.01161,-0.45907,0.32941,-2.66004,-3.56621,14.82023,0,enoS1(2_parsed).csv
36.077391,-79.009229,9,1.12,140.2,-7.04,1570003,-7.04,-7.03729,4.6014,-5.52263,0.05986,-0.60323,0.03085,-2.98158,-2.86466,20.05262,0,enoS1(2_parsed).csv
36.077387,-79.009229,9,1,140.2,-6.5,1570803,-6.5,-6.49891,3.62752,-5.56511,0.28191,0.25794,0.24099,-4.26776,6.19702,25.27039,0,enoS1(2_parsed).csv
36.077387,-79.009229,9,1,140,-7.04,1571003,-7.04,-7.04148,4.71745,-5.3665,0.49556,0.23747,-0.16295,-4.66238,5.29085,20.5057,0,enoS1(2_parsed).csv
36.077383,-79.009226,9,1.04,140,-6.67,1571803,-6.67,-6.67418,4.32682,-5.19003,-0.12843,-0.08292,0.22571,-4.5893,7.17626,24.78807,0,enoS1(2_parsed).csv
36.077383,-79.009226,9,1.04,139.8,-7.27,1572003,-7.27,-7.2664,1.91845,-6.32603,-2.73347,0.53771,-1.01816,-5.34931,11.28325,23.64806,0,enoS1(2_parsed).csv
36.07738,-79.009226,9,0.43,139.8,-6.32,1572803,-6.32,-6.31526,4.26102,-5.81097,-1.88482,2.02257,-0.30788,29.46507,-16.12102,47.12073,0,enoS1(2_parsed).csv
36.07738,-79.009226,9,0.43,140,-7.81,1573003,-7.81,-7.81197,3.71725,-4.46441,-1.50334,1.41812,-1.38453,19.55569,-4.7793,49.12306,0,enoS1(2_parsed).csv
36.077379,-79.009227,9,0.39,140,-5.88,1573803,-5.88,-5.88275,2.12602,-6.98884,-1.45737,1.60062,-2.23592,1.43233,22.91727,35.51593,0,enoS1(2_parsed).csv
36.077379,-79.009227,9,0.39,140,-7.06,1574003,-7.06,-7.06002,3.56949,-6.12024,-0.95066,1.29335,-2.19728,-4.2093,7.33704,22.81497,0,enoS1(2_parsed).csv
36.07738,-79.00923,9,0.33,140,-6.76,1574803,-6.76,-6.76032,4.91964,-4.73779,-1.62811,1.02305,-1.07283,19.45338,-26.13271,26.58579,0,enoS1(2_parsed).csv
36.07738,-79.00923,9,0.33,140,-6.72,1575003,-6.72,-6.72323,4.72343,-5.29412,-1.55435,0.87613,-1.09513,24.36422,-25.22654,35.31131,0,enoS1(2_parsed).csv
36.077378,-79.009233,9,0.66,140,-6.78,1575803,-6.78,-6.77588,4.58764,-5.0997,-1.02427,0.78909,-0.87644,23.45805,-2.0608,52.17773,0,enoS1(2_parsed).csv
36.077378,-79.009233,9,0.66,139.7,-6.8,1576003,-6.8,-6.79502,4.76052,-5.04646,-0.85567,0.76709,-0.91248,20.24262,2.95235,52.00234,0,enoS1(2_parsed).csv
36.077378,-79.009238,9,0.59,139.7,-6.87,1576803,-6.87,-6.8662,4.8018,-5.12662,-0.75075,0.56276,-0.66325,4.18006,13.91406,40.30985,0,enoS1(2_parsed).csv
36.077378,-79.009238,9,0.59,139,-6.72,1577003,-6.72,-6.71546,4.68515,-5.05185,-0.67226,0.55665,-0.58597,0.84771,13.63636,37.02134,0,enoS1(2_parsed).csv
36.077372,-79.00924,9,0.82,139,-6.71,1577803,-6.71,-6.71366,4.80359,-5.14636,-0.61331,0.36774,-0.48594,-3.99006,6.00702,24.61269,0,enoS1(2_parsed).csv
36.077372,-79.00924,9,0.82,140.4,-6.72,1578003,-6.72,-6.72383,4.65464,-5.21994,-0.51725,0.45952,-0.51542,-3.43467,2.79158,23.9696,0,enoS1(2_parsed).csv
36.077367,-79.009245,9,1.62,140.4,-7.19,1578803,-7.19,-7.18924,5.58963,-5.46281,-0.90515,2.37184,-1.69805,3.90237,-13.44636,13.3879,0,enoS1(2_parsed).csv
36.077367,-79.009245,9,1.62,141.1,-6.94,1579003,-6.94,-6.94457,7.50987,-1.82572,-2.34297,3.77072,-2.50409,21.28033,-28.26659,7.10319,0,enoS1(2_parsed).csv
36.077362,-79.009245,9,1.22,141.1,-4.68,1579803,-4.68,-4.67797,3.92184,-5.3348,-3.68352,0.59422,-3.14183,6.51856,32.19819,38.55598,0,enoS1(2_parsed).csv
36.077362,-79.009245,9,1.22,141.3,-5.65,1580003,-5.65,-5.65304,1.48714,-3.46959,-2.34526,2.51982,-1.53724,-4.73546,24.52499,23.56036,0,enoS1(2_parsed).csv
36.077368,-79.009244,9,1.24,141.3,5.2,1580803,5.2,5.19542,0.14477,3.95414,0.02505,4.58424,-1.60749,83.63052,4.10699,6.86934,0,enoS1(2_parsed).csv
36.077368,-79.009244,9,1.24,141.5,6.65,1581003,6.65,6.64786,-4.42134,-5.33719,1.15545,5.00344,-3.13496,54.07775,27.81351,47.7492,0,enoS1(2_parsed).csv
36.077368,-79.009239,9,0.69,141.5,-6.59,1581803,-6.59,-6.59223,5.53699,-4.69412,-1.85932,-2.25822,1.12888,15.24408,-26.62964,18.60567,0,enoS1(2_parsed).csv
36.077368,-79.009239,9,0.69,142.3,-5.5,1582003,-5.5,-5.49631,1.60379,-8.52802,-1.37582,-1.34482,1.34268,12.18942,-12.02865,39.49137,0,enoS1(2_parsed).csv
36.077364,-79.009243,9,1.16,142.3,-5.28,1582803,-5.28,-5.27737,-2.49871,-7.39861,1.41644,-2.08962,-0.73334,-1.92926,21.73341,32.35896,0,enoS1(2_parsed).csv
36.077364,-79.009243,9,1.16,143,-3.1,1583003,-3.1,-3.09811,1.64566,-9.69691,1.60734,-1.17637,-1.1411,10.91786,2.2508,45.86378,0,enoS1(2_parsed).csv
36.077363,-79.009243,9,0.48,143,-8.14,1583803,-8.14,-8.13978,1.28734,-4.11027,-0.14294,-0.39935,-0.57727,-7.96551,18.57644,12.71558,0,enoS1(2_parsed).csv
36.077363,-79.009243,9,0.48,143.2,-7.55,1584003,-7.55,-7.54876,4.37946,-4.97229,0.25702,-0.56352,-1.00503,-5.93394,6.94241,17.39258,0,enoS1(2_parsed).csv
36.077363,-79.00924,9,0.76,143.2,-5.26,1584803,-5.26,-5.26062,2.55015,-7.08575,0.21182,0.73258,0.08308,-1.53464,12.13096,33.03128,0,enoS1(2_parsed).csv
36.077363,-79.00924,9,0.76,143.1,-6.96,1585003,-6.96,-6.95594,3.52822,-5.85045,0.54413,1.14003,-0.00229,-5.247,10.83017,23.45805,0,enoS1(2_parsed).csv
36.077365,-79.009226,9,2.69,143.1,-6.64,1585803,-6.64,-6.63769,4.69352,-5.1003,-0.39004,-0.62904,0.13485,-4.48699,3.63929,22.5665,0,enoS1(2_parsed).csv
36.077365,-79.009226,10,2.69,143.3,-6.45,1586003,-6.45,-6.45105,3.87039,-5.94257,-0.2642,-0.15715,0.49954,-4.35545,8.11166,26.11809,0,enoS1(2_parsed).csv
36.077367,-79.009225,10,1.05,143.3,-6.8,1586803,-6.8,-6.79502,3.8662,-5.73918,0.38194,0.10415,-0.08338,-5.29085,12.37942,26.26425,0,enoS1(2_parsed).csv
36.077367,-79.009225,10,1.05,143.4,-7.05,1587003,-7.05,-7.05165,4.22991,-4.85803,0.40546,0.31673,0.09163,-5.46624,11.16633,23.39959,0,enoS1(2_parsed).csv
36.07737,-79.009222,10,1.1,143.4,-7.09,1587803,-7.09,-7.08874,4.20838,-5.16252,0.11591,-0.24572,-0.03894,-4.09237,14.60099,26.98042,0,enoS1(2_parsed).csv
36.07737,-79.009222,10,1.1,144.2,-6.91,1588003,-6.91,-6.91047,4.27418,-5.24028,0.11576,-0.05971,0.09713,-3.58082,13.13943,28.86583,0,enoS1(2_parsed).csv
36.077367,-79.009219,10,1.2,144.2,-7.31,1588803,-7.31,-7.31306,4.21556,-4.86102,0.13638,-0.09682,0.02581,-3.53698,15.94563,29.18737,0,enoS1(2_parsed).csv
36.077367,-79.009219,10,1.2,144.5,-7.27,1589003,-7.27,-7.27059,4.41476,-4.94537,-0.01955,-0.26756,0.03955,-2.9962,15.69716,31.2774,0,enoS1(2_parsed).csv
36.077363,-79.009222,10,0.81,144.5,-7.3,1589803,-7.3,-7.30469,3.89791,-5.37488,0.28818,0.17242,0.073,-0.92078,19.13183,34.27361,0,enoS1(2_parsed).csv
36.077363,-79.009222,10,0.81,144.7,-7.24,1590003,-7.24,-7.2359,3.90808,-5.22652,0.18922,-0.15119,-0.05895,-0.57001,17.75797,34.09822,0,enoS1(2_parsed).csv
36.077366,-79.009218,10,0.77,144.7,-6.71,1590803,-6.71,-6.71127,3.16511,-6.27937,-0.09774,0.11408,0.66874,5.48085,20.76878,40.98217,0,enoS1(2_parsed).csv
36.077366,-79.009218,10,0.77,143.5,-7.21,1591003,-7.21,-7.21257,2.66082,-6.04906,0.21441,0.10797,0.45647,5.81701,24.86115,39.75446,0,enoS1(2_parsed).csv
36.077363,-79.009221,10,0.97,143.5,-7.21,1591803,-7.21,-7.21137,4.72582,-4.18146,0.0672,-0.43402,0.60109,7.07396,10.90324,43.29144,0,enoS1(2_parsed).csv
36.077363,-79.009221,9,0.97,142.7,-7.57,1592003,-7.57,-7.56611,4.03191,-4.79641,0.15959,-0.23702,0.56978,8.62321,13.75329,45.74686,0,enoS1(2_parsed).csv
36.07736,-79.009226,9,1.12,142.7,-6.88,1592803,-6.88,-6.87637,4.25803,-5.32463,0.20953,-0.23717,0.43081,17.6995,7.01549,50.05846,0,enoS1(2_parsed).csv
36.07736,-79.009226,9,1.12,142.8,-6.96,1593003,-6.96,-6.95594,3.88893,-5.52263,0.16616,-0.21472,0.43433,17.83104,7.13242,50.89156,0,enoS1(2_parsed).csv
36.077362,-79.009228,9,0.32,142.8,-6.56,1593803,-6.56,-6.55873,3.36132,-6.07418,0.3821,-0.14462,0.53741,25.29962,1.44695,53.2739,0,enoS1(2_parsed).csv
36.077362,-79.009228,9,0.32,142.5,-7.19,1594003,-7.19,-7.19163,3.32303,-5.95873,0.49969,-0.05635,0.62049,23.72113,-1.82695,51.94387,0,enoS1(2_parsed).csv
36.07736,-79.009229,9,0.54,142.5,-6.85,1594803,-6.85,-6.84706,3.98884,-5.47657,0.5733,-0.26298,0.58842,25.27039,-17.11488,44.60684,0,enoS1(2_parsed).csv
36.07736,-79.009229,9,0.54,143.2,-7.1,1595003,-7.1,-7.10429,3.93918,-5.13978,0.77091,0.11301,0.51664,22.14265,-20.75417,39.6083,0,enoS1(2_parsed).csv
36.077356,-79.009232,9,0.99,143.2,-7.37,1595803,-7.37,-7.36571,4.36271,-4.85324,0.31612,-0.55253,0.50656,16.7641,-24.49576,28.44198,0,enoS1(2_parsed).csv
36.077356,-79.009232,9,0.99,144,-7.2,1596003,-7.2,-7.19881,4.05643,-4.82453,0.4638,-0.2868,0.54764,13.92868,-22.87343,26.46887,0,enoS1(2_parsed).csv
36.07735,-79.009229,9,1.2,144,-6.6,1596803,-6.6,-6.60419,3.8997,-6.02333,0.41264,-0.42119,0.40027,6.79626,-16.92488,22.71266,0,enoS1(2_parsed).csv
36.07735,-79.009229,9,1.2,144.7,-6.82,1597003,-6.82,-6.82313,3.8674,-5.34018,0.59941,-0.03574,0.56444,4.18006,-14.14791,20.38877,0,enoS1(2_parsed).csv
36.077345,-79.009227,9,1.14,144.7,-7.31,1597803,-7.31,-7.30708,4.28435,-5.18465,0.4609,-0.33567,0.46502,-3.44928,-3.24467,15.71178,0,enoS1(2_parsed).csv
36.077345,-79.009227,9,1.14,144.8,-7.18,1598003,-7.18,-7.17727,3.82433,-5.23789,0.40974,-0.3514,0.37385,-4.16545,-0.13154,17.43642,0,enoS1(2_parsed).csv
36.077343,-79.00922,9,1.15,144.8,-6.97,1598803,-6.97,-6.9685,4.05344,-5.19003,0.49144,-0.06781,0.34987,-5.14469,9.44168,23.75036,0,enoS1(2_parsed).csv
36.077343,-79.00922,10,1.15,145.5,-7.45,1599003,-7.45,-7.44826,4.14676,-5.45564,0.24282,-0.40775,0.3569,-5.3347,12.08711,24.33499,0,enoS1(2_parsed).csv
36.077338,-79.009216,10,1.24,145.5,-6.98,1599803,-6.98,-6.98345,3.83988,-5.26361,0.37629,0.07055,0.4189,-2.23619,16.3841,32.50512,0,enoS1(2_parsed).csv
36.077338,-79.009216,10,1.24,146.9,-7.6,1600003,-7.6,-7.6026,3.99482,-5.06441,0.28986,-0.21732,0.20357,-1.65156,17.26103,33.32359,0,enoS1(2_parsed).csv
36.077337,-79.009209,10,2.03,146.9,-7.53,1600803,-7.53,-7.5338,4.83171,-5.16072,-0.00916,-0.38897,0.55192,2.83543,15.361,40.57293,0,enoS1(2_parsed).csv
36.077337,-79.009209,9,2.03,145.5,-6.55,1601003,-6.55,-6.54856,3.77528,-5.99163,-0.38805,-0.7141,0.5649,7.07396,20.60801,43.08682,0,enoS1(2_parsed).csv
36.077334,-79.009208,9,1.9,145.5,-7.31,1601803,-7.31,-7.30708,5.87797,-4.67916,0.49954,0.8488,0.13195,4.38468,11.80941,41.12833,0,enoS1(2_parsed).csv
36.077334,-79.009208,9,1.9,144.6,-7.31,1602003,-7.31,-7.31247,3.68555,-4.86341,-0.81642,-0.81474,-0.13179,7.01549,14.71792,43.40836,0,enoS1(2_parsed).csv
36.07733,-79.00921,9,1.75,144.6,-7.66,1602803,-7.66,-7.66122,4.95912,-3.94397,0.09056,0.35048,-0.4806,-0.33616,9.54399,34.96054,0,enoS1(2_parsed).csv
36.07733,-79.00921,9,1.75,143.6,-7.2,1603003,-7.2,-7.19881,5.58904,-4.18086,-0.52351,0.05024,0.42196,-1.11079,9.82169,34.53669,0,enoS1(2_parsed).csv
36.077324,-79.009212,9,1.8,143.6,-5.59,1603803,-5.59,-5.59083,5.75773,-5.33659,-1.11208,-0.85002,-0.56688,-0.38001,8.65244,35.69132,0,enoS1(2_parsed).csv
36.077324,-79.009212,8,1.8,143,-4.33,1604003,-4.33,-4.32862,3.47617,-6.92602,-1.00945,-0.01222,-0.49892,3.14236,11.07863,39.43291,0,enoS1(2_parsed).csv
36.077319,-79.009213,8,1.68,143,-8.61,1604803,-8.61,-8.61416,4.26401,-5.03629,0.13546,0.15531,-0.71777,-7.38088,7.84858,15.14177,0,enoS1(2_parsed).csv
36.077319,-79.009213,8,1.68,142.4,-6.08,1605003,-6.08,-6.07717,4.32503,-4.37049,-0.06674,-0.1127,-0.56795,-5.94855,3.11312,17.18796,0,enoS1(2_parsed).csv
36.077311,-79.009217,8,1.88,142.4,-7.12,1605803,-7.12,-7.11865,4.3346,-8.06621,0.15669,0.06048,-0.29276,-3.44928,4.3116,28.29582,0,enoS1(2_parsed).csv
36.077311,-79.009217,8,1.88,142.6,-5.15,1606003,-5.15,-5.14935,3.25185,-7.87298,-0.37492,-0.35613,-0.08766,-2.30927,3.24467,30.45893,0,enoS1(2_parsed).csv
36.077306,-79.009222,8,1.91,142.6,-7.31,1606803,-7.31,-7.31366,4.59183,-4.11266,0.60873,0.21838,0.03283,-5.58316,1.88541,14.08945,0,enoS1(2_parsed).csv
36.077306,-79.009222,8,1.91,141.8,-7.6,1607003,-7.6,-7.60319,5.13739,-4.2993,-0.39126,-0.82207,0.1347,-5.74393,3.55159,15.50716,0,enoS1(2_parsed).csv
36.077295,-79.009218,8,1.91,141.8,-7.73,1607803,-7.73,-7.73181,4.47936,-4.35793,0.34804,-0.42883,0.02275,-6.81087,12.43788,19.99415,0,enoS1(2_parsed).csv
36.077295,-79.009218,8,1.91,142.3,-6.77,1608003,-6.77,-6.77109,3.98884,-4.76471,0.3149,-0.36728,0.07773,-6.06548,12.39404,24.905,0,enoS1(2_parsed).csv
36.077291,-79.009214,8,0.89,142.3,-7.9,1608803,-7.9,-7.9017,4.17607,-4.40638,0.25611,-0.208,0.10904,-3.6539,15.22947,30.10816,0,enoS1(2_parsed).csv
36.077291,-79.009214,8,0.89,142.2,-7.59,1609003,-7.59,-7.59183,4.75873,-4.21675,0.58215,0.38469,0.41905,-4.22391,18.37182,27.59427,0,enoS1(2_parsed).csv
36.077284,-79.009207,8,1.55,142.2,-6.17,1609803,-6.17,-6.17408,3.52164,-5.89592,0.05452,-0.31124,0.43463,6.89857,20.06723,42.86758,0,enoS1(2_parsed).csv
36.077284,-79.009207,8,1.55,142.1,-7.22,1610003,-7.22,-7.21795,3.88893,-6.14238,0.19761,-0.08079,0.13744,7.74627,20.24262,43.2622,0,enoS1(2_parsed).csv
36.077278,-79.009199,8,1.16,142.1,-7.26,1610803,-7.26,-7.25803,5.09671,-4.00678,-0.35843,-0.47312,0.21716,4.61853,10.27477,40.58755,0,enoS1(2_parsed).csv
36.077278,-79.009199,8,1.16,141.5,-6.8,1611003,-6.8,-6.8016,3.66042,-5.78704,-0.81184,-0.87552,0.48045,10.91786,19.00029,47.17919,0,enoS1(2_parsed).csv
36.07727,-79.009195,8,1.25,141.5,-6.3,1611803,-6.3,-6.29911,3.86321,-6.0993,0.45907,0.71334,-0.21243,11.63402,18.34259,46.94534,0,enoS1(2_parsed).csv
36.07727,-79.009195,8,1.25,141.7,-7.05,1612003,-7.05,-7.04985,4.42971,-4.63849,0.29215,0.73258,-0.07972,5.97778,13.60713,43.08682,0,enoS1(2_parsed).csv
36.077264,-79.009194,8,1.01,141.7,-6.68,1612803,-6.68,-6.67956,3.77707,-6.51805,-0.17959,-0.21991,0.11866,11.12248,19.81877,46.5361,0,enoS1(2_parsed).csv
36.077264,-79.009194,8,1.01,142.2,-6.24,1613003,-6.24,-6.23869,3.0353,-6.50489,-0.06246,-0.03512,0.16554,11.54633,22.24496,47.10611,0,enoS1(2_parsed).csv
36.077261,-79.009197,8,0.68,142.2,-7.8,1613803,-7.8,-7.79881,4.3687,-4.2688,0.104,0.15409,-0.09423,4.45776,15.30254,41.18679,0,enoS1(2_parsed).csv
36.077261,-79.009197,8,0.68,141.5,-7.4,1614003,-7.4,-7.4022,4.19103,-4.30349,-0.18311,-0.35507,0.06643,5.8024,14.63023,41.78603,0,enoS1(2_parsed).csv
36.077253,-79.009196,8,0.9,141.5,-7.19,1614803,-7.19,-7.19043,3.67896,-5.42632,0.25534,0.00519,0.1518,10.56709,17.0418,46.3461,0,enoS1(2_parsed).csv
36.077253,-79.009196,9,0.9,141.7,-7.28,1615003,-7.28,-7.28136,4.00379,-5.18704,0.20571,-0.19838,-0.06475,11.12248,14.7033,46.97457,0,enoS1(2_parsed).csv
36.07725,-79.009191,9,1.14,141.7,-6.98,1615803,-6.98,-6.98166,3.75853,-5.59023,0.20388,-0.21701,0.02993,17.07103,13.05174,50.4677,0,enoS1(2_parsed).csv
36.07725,-79.009191,9,1.14,141.5,-6.66,1616003,-6.66,-6.66162,4.25922,-6.0999,0.09423,-0.38576,-0.02184,19.67261,10.68401,51.43233,0,enoS1(2_parsed).csv
36.077244,-79.009187,9,1.3,141.5,-6.54,1616803,-6.54,-6.53958,3.4331,-5.70688,0.1576,0.05055,-0.06643,20.98802,9.58784,52.20696,0,enoS1(2_parsed).csv
36.077244,-79.009187,9,1.3,141.6,-7.05,1617003,-7.05,-7.05105,4.06301,-5.55314,0.24358,0.19196,-0.07162,20.00877,7.04472,51.84157,0,enoS1(2_parsed).csv
36.077239,-79.009182,9,1.47,141.6,-7.01,1617803,-7.01,-7.01097,4.07019,-5.24327,-0.14172,0.0956,-0.12905,18.50336,6.67933,50.36539,0,enoS1(2_parsed).csv
36.077239,-79.009182,9,1.47,141.2,-7.16,1618003,-7.16,-7.16291,4.27239,-5.40299,-0.24557,0.02199,-0.22801,18.34259,7.54165,50.43847,0,enoS1(2_parsed).csv
36.077219,-79.009192,9,1.88,141.2,-7.01,1618803,-7.01,-7.00918,4.38604,-4.8676,-0.24893,0.30406,-0.14676,12.74481,10.21631,47.70535,0,enoS1(2_parsed).csv
36.077219,-79.009192,9,1.88,144.3,-7.52,1619003,-7.52,-7.52483,4.49851,-4.59721,-0.11102,0.45784,-0.0029,10.05554,11.80941,45.55685,0,enoS1(2_parsed).csv
36.077216,-79.009192,9,1.45,144.3,-6.85,1619803,-6.85,-6.85005,3.98525,-5.34497,-0.21197,-0.24099,0.15149,11.83864,14.791,47.42765,0,enoS1(2_parsed).csv
36.077216,-79.009192,9,1.45,143.9,-6.88,1620003,-6.88,-6.87637,3.70409,-5.56331,0.10629,0.14248,0.20372,12.93481,16.58872,48.15844,0,enoS1(2_parsed).csv
36.077214,-79.009192,9,0.94,143.9,-7.21,1620803,-7.21,-7.20718,4.44287,-4.82034,0.12935,-0.18845,0.17119,12.86174,9.20783,47.95382,0,enoS1(2_parsed).csv
36.077214,-79.009192,9,0.94,143.6,-7.31,1621003,-7.31,-7.31426,4.22931,-4.72762,0.19166,0.00137,0.25244,13.88483,9.00321,47.7492,0,enoS1(2_parsed).csv
36.07721,-79.009191,9,0.87,143.6,-7.33,1621803,-7.33,-7.32503,4.27597,-4.91366,0.08399,-0.10919,0.04826,17.29027,4.88161,50.20462,0,enoS1(2_parsed).csv
36.07721,-79.009191,9,0.87,143.8,-7.3,1622003,-7.3,-7.30349,4.35673,-4.75873,0.10705,-0.03375,0.04047,17.56796,4.1216,49.86846,0,enoS1(2_parsed).csv
36.077214,-79.009184,9,0.86,143.8,-7.37,1622803,-7.37,-7.36511,4.25444,-4.91187,0.05589,-0.03115,-0.06872,19.00029,2.68927,50.71617,0,enoS1(2_parsed).csv
36.077214,-79.009184,9,0.86,142.9,-7.15,1623003,-7.15,-7.14557,4.44646,-4.89392,-0.04505,-0.08888,0.04658,19.76031,2.22157,50.89156,0,enoS1(2_parsed).csv
36.077218,-79.009183,9,0.32,142.9,-7.15,1623803,-7.15,-7.14975,4.41177,-4.91187,0.09102,0.12217,-0.00092,20.00877,1.54925,50.70155,0,enoS1(2_parsed).csv
36.077218,-79.009183,8,0.32,142.1,-7.44,1624003,-7.44,-7.43809,4.4022,-4.96571,-0.13607,-0.13088,0.11729,19.20491,1.85618,50.70155,0,enoS1(2_parsed).csv
36.077218,-79.009182,8,0.33,142.1,-7.47,1624803,-7.47,-7.47338,4.3687,-4.82752,0.04627,0.08796,0.07957,19.26337,0.36539,50.80386,0,enoS1(2_parsed).csv
36.077218,-79.009182,9,0.33,142,-7.26,1625003,-7.26,-7.25923,4.15215,-4.73241,-0.06185,-0.10492,0.06261,19.40953,1.35925,50.7454,0,enoS1(2_parsed).csv
36.077217,-79.00918,9,0.49,142,-7.34,1625803,-7.34,-7.3352,4.25205,-5.24267,-0.011,-0.02153,0.06506,21.49956,-0.4677,50.8477,0,enoS1(2_parsed).csv
36.077217,-79.00918,9,0.49,141.2,-7.04,1626003,-7.04,-7.04327,3.96132,-5.27558,-0.03635,-0.10889,0.07575,22.55189,0.84771,51.95849,0,enoS1(2_parsed).csv
36.077219,-79.009176,9,0.53,141.2,-7.52,1626803,-7.52,-7.52184,4.24726,-4.96511,0.00947,-0.11194,0.08781,20.95878,-2.66004,50.02923,0,enoS1(2_parsed).csv
36.077219,-79.009176,9,0.53,140.4,-6.94,1627003,-6.94,-6.93739,4.14497,-4.88854,-0.00229,-0.14294,-0.06063,22.7565,-2.61619,50.78924,0,enoS1(2_parsed).csv
36.07722,-79.009175,9,0.49,140.4,-7.16,1627803,-7.16,-7.16291,4.1677,-5.09731,0.15715,0.11836,0.01787,23.76498,-4.07775,50.07307,0,enoS1(2_parsed).csv
36.07722,-79.009175,9,0.49,140,-7.44,1628003,-7.44,-7.43689,4.38664,-4.8676,0.05849,-0.02596,0.08858,22.8442,-5.27624,49.50307,0,enoS1(2_parsed).csv
36.077217,-79.009171,9,0.74,140,-7.24,1628803,-7.24,-7.24008,4.32802,-5.05424,-0.01787,-0.14905,0.12706,24.46653,-7.60012,48.68459,0,enoS1(2_parsed).csv
36.077217,-79.009171,9,0.74,139.6,-7.14,1629003,-7.14,-7.14138,3.84586,-5.13918,0.06796,-0.06002,0.00825,24.96346,-7.08857,49.45922,0,enoS1(2_parsed).csv
36.077215,-79.009165,9,0.89,139.6,-7.63,1629803,-7.63,-7.62712,4.401,-4.87478,-0.03176,-0.17349,-0.04566,23.25344,-10.2017,47.22303,0,enoS1(2_parsed).csv
36.077215,-79.009165,9,0.89,139.5,-6.9,1630003,-6.9,-6.9015,3.95593,-5.06082,-0.04032,-0.16157,0.09896,25.34347,-9.23707,48.88921,0,enoS1(2_parsed).csv
36.077212,-79.009164,9,0.72,139.5,-7.42,1630803,-7.42,-7.42014,4.26939,-4.80838,0.13729,0.177,0.0646,24.40807,-11.25402,47.67612,0,enoS1(2_parsed).csv
36.077212,-79.009164,9,0.72,139.5,-7.44,1631003,-7.44,-7.4351,4.35494,-4.98963,0.04581,-0.05605,-0.04123,24.13037,-12.05788,46.05378,0,enoS1(2_parsed).csv
36.077204,-79.009165,9,0.98,139.5,-6.86,1631803,-6.86,-6.85843,4.0684,-5.0327,-0.05452,-0.09743,0.03528,26.07425,-12.33558,46.57995,0,enoS1(2_parsed).csv
36.077204,-79.009165,9,0.98,139.3,-7.4,1632003,-7.4,-7.3998,4.16172,-5.36052,0.04872,0.07926,0.04276,25.40193,-12.74481,47.16457,0,enoS1(2_parsed).csv
36.077202,-79.009162,9,0.85,139.3,-7.32,1632803,-7.32,-7.32323,4.30529,-4.6672,-0.08598,-0.16692,-0.00153,23.39959,-14.82023,45.65916,0,enoS1(2_parsed).csv
36.077202,-79.009162,9,0.85,139.2,-7.28,1633003,-7.28,-7.27717,4.27597,-4.92383,0.00626,0.04856,0.05055,24.61269,-14.65946,45.77609,0,enoS1(2_parsed).csv
36.077201,-79.009161,9,0.63,139.2,-7.09,1633803,-7.09,-7.09053,4.21974,-4.92921,-0.031,-0.03772,0.00397,24.45191,-14.84946,45.71763,0,enoS1(2_parsed).csv
36.077201,-79.009161,9,0.63,139,-7.34,1634003,-7.34,-7.33879,4.20479,-4.69532,0.08033,0.17807,0.08216,23.67729,-14.76177,44.6653,0,enoS1(2_parsed).csv
36.077204,-79.009158,9,0.41,139,-7.1,1634803,-7.1,-7.1025,4.1007,-5.22413,0.05024,0.10873,0.10919,25.67963,-15.14177,45.74686,0,enoS1(2_parsed).csv
36.077204,-79.009158,9,0.41,138.8,-7.31,1635003,-7.31,-7.30589,4.23769,-4.87298,0.14798,0.2726,0.10553,24.42268,-15.49255,44.0076,0,enoS1(2_parsed).csv
36.077201,-79.009155,9,0.78,138.8,-6.85,1635803,-6.85,-6.84527,4.19223,-5.37308,-0.17547,-0.29123,0.08659,26.41041,-16.34025,45.4107,0,enoS1(2_parsed).csv
36.077201,-79.009155,9,0.78,138.6,-6.82,1636003,-6.82,-6.82074,3.8016,-5.59382,-0.03009,-0.031,0.13317,26.74656,-15.361,46.63841,0,enoS1(2_parsed).csv
36.077194,-79.009151,9,1.01,138.6,-8.23,1636803,-8.23,-8.23071,4.64447,-3.96072,0.02062,-0.09239,-0.27733,20.12569,-18.12336,38.30751,0,enoS1(2_parsed).csv
36.077194,-79.009151,9,1.01,139.2,-7.5,1637003,-7.5,-7.4997,4.5003,-4.17009,-0.04398,-0.1886,-0.14676,23.67729,-19.78954,40.1637,0,enoS1(2_parsed).csv
36.077185,-79.009142,9,1.9,139.2,-6.07,1637803,-6.07,-6.0664,5.00698,-4.31067,0.90347,-0.51313,-0.58658,28.76352,-24.86115,35.54516,0,enoS1(2_parsed).csv
36.077185,-79.009142,9,1.9,138.9,-6.6,1638003,-6.6,-6.6,6.49352,-4.2006,0.42929,-0.15333,0.28405,29.3043,-30.38585,25.65039,0,enoS1(2_parsed).csv
36.077167,-79.009142,9,1.94,138.9,-7.74,1638803,-7.74,-7.74138,3.18186,-4.35434,1.01007,0.61804,-0.77336,14.36714,-20.24262,28.3689,0,enoS1(2_parsed).csv
36.077167,-79.009142,9,1.94,142.6,-7.41,1639003,-7.41,-7.40519,5.53998,-3.09512,0.53038,-0.1347,-0.63774,19.78954,-27.34581,19.86261,0,enoS1(2_parsed).csv
36.077161,-79.009138,9,1.74,142.6,-7.28,1639803,-7.28,-7.27538,3.47079,-5.99761,0.14416,-0.47052,-0.24129,14.87869,-19.5703,32.50512,0,enoS1(2_parsed).csv
36.077161,-79.009138,9,1.74,142.9,-5.9,1640003,-5.9,-5.89532,3.99781,-6.15195,0.16952,-0.1602,-0.20052,17.68489,-20.57878,33.26513,0,enoS1(2_parsed).csv
36.077152,-79.009133,9,1.76,142.9,-7.43,1640803,-7.43,-7.4333,4.11326,-5.28335,0.25305,0.34468,-0.51267,11.38556,-23.19497,24.67115,0,enoS1(2_parsed).csv
36.077152,-79.009133,9,1.76,143.3,-7.23,1641003,-7.23,-7.23051,4.87179,-4.73779,0.01558,0.13454,-0.25198,14.82023,-25.41654,24.13037,0,enoS1(2_parsed).csv
36.077143,-79.00913,9,1.89,143.3,-7.36,1641803,-7.36,-7.35613,3.72981,-5.08774,-0.15745,-0.01145,-0.41462,15.05408,-23.47267,33.04589,0,enoS1(2_parsed).csv
36.077143,-79.00913,9,1.89,143.8,-6.93,1642003,-6.93,-6.93081,4.52902,-5.67458,-0.29245,-0.16188,-0.19502,17.26103,-24.59807,35.69132,0,enoS1(2_parsed).csv
36.077138,-79.009126,9,1.53,143.8,-6.53,1642803,-6.53,-6.53001,3.93739,-4.88614,-0.11729,0.02871,-0.3404,16.20871,-25.62116,35.03362,0,enoS1(2_parsed).csv
36.077138,-79.009126,9,1.53,143.7,-7.58,1643003,-7.58,-7.57807,4.34537,-5.08894,0.01481,0.2784,-0.02062,17.6995,-27.66735,31.94972,0,enoS1(2_parsed).csv
36.077133,-79.009118,9,1.66,143.7,-7.28,1643803,-7.28,-7.27717,4.48475,-4.65464,0.04643,0.09713,0.04734,20.18416,-27.82812,29.42122,0,enoS1(2_parsed).csv
36.077133,-79.009118,9,1.66,143.8,-7.51,1644003,-7.51,-7.50688,4.44048,-4.21914,-0.14569,-0.14584,-0.15699,20.00877,-27.76966,28.25197,0,enoS1(2_parsed).csv
36.077126,-79.009116,9,1.68,143.8,-7.69,1644803,-7.69,-7.69113,4.57508,-4.72882,0.16188,0.05177,0.1408,18.88337,-25.98655,27.38965,0,enoS1(2_parsed).csv
36.077126,-79.009116,9,1.68,144,-7.2,1645003,-7.2,-7.19582,4.3992,-4.67677,-0.09636,-0.35476,0.06826,18.92721,-25.34347,28.80737,0,enoS1(2_parsed).csv
36.077124,-79.009111,9,1.35,144,-7.25,1645803,-7.25,-7.25265,4.27657,-4.9992,0.33185,-0.07315,0.07911,16.77872,-25.12423,26.52733,0,enoS1(2_parsed).csv
36.077124,-79.009111,9,1.35,143.6,-7.25,1646003,-7.25,-7.24547,4.47577,-4.93579,0.18463,-0.2361,0.14386,16.32564,-25.3727,24.51038,0,enoS1(2_parsed).csv
36.077119,-79.009104,9,1.38,143.6,-7.18,1646803,-7.18,-7.18086,4.37229,-4.99262,0.28741,-0.37171,0.07147,10.53785,-21.92341,21.14879,0,enoS1(2_parsed).csv
36.077119,-79.009104,9,1.38,143.7,-6.79,1647003,-6.79,-6.78963,4.32024,-5.39043,0.2164,-0.33292,0.30009,9.39784,-21.00263,20.72493,0,enoS1(2_parsed).csv
36.077117,-79.0091,9,1.01,143.7,-6.67,1647803,-6.67,-6.67239,3.74896,-5.95633,0.3627,-0.18295,0.26985,2.95235,-12.86174,20.85647,0,enoS1(2_parsed).csv
36.077117,-79.0091,9,1.01,143.5,-6.84,1648003,-6.84,-6.83689,4.0337,-5.62971,0.52794,0.05452,0.27993,2.16311,-11.50249,19.02952,0,enoS1(2_parsed).csv
36.077114,-79.009096,9,1.17,143.5,-6.75,1648803,-6.75,-6.75075,3.2333,-5.4676,0.239,0.18937,0.85048,-3.23005,2.23619,23.13651,0,enoS1(2_parsed).csv
36.077114,-79.009096,9,1.17,143.6,-4.75,1649003,-4.75,-4.74856,5.98206,-5.17388,1.99417,-3.05478,-4.04469,-1.50541,-5.45162,20.09646,0,enoS1(2_parsed).csv
36.077117,-79.009095,9,1.16,143.6,3.01,1649803,3.01,3.01376,6.6,3.98285,-2.37871,0.81657,1.26052,39.54984,-34.24437,1.85618,0,enoS1(2_parsed).csv
36.077117,-79.009095,9,1.16,143,1.54,1650003,1.54,1.53799,9.91227,-5.75713,-5.00329,1.87001,0.96837,24.33499,-23.2242,36.81672,0,enoS1(2_parsed).csv
36.077115,-79.009088,9,0.98,143,-1.46,1650803,-1.46,-1.46381,-9.57428,-2.8002,-1.53526,-0.13225,2.443,33.2359,63.00789,-3.61006,0,enoS1(2_parsed).csv
36.077115,-79.009088,9,0.98,143.1,4.71,1651003,4.71,4.71266,-7.00259,-1.68574,0.3879,-0.05299,4.24353,61.16633,54.09237,-7.16165,0,enoS1(2_parsed).csv
36.077101,-79.009091,9,0.69,143.1,-8.15,1651803,-8.15,-8.14816,-1.81735,-5.49811,-0.13958,1.18569,2.2744,11.97018,2.83543,45.23531,0,enoS1(2_parsed).csv
36.077101,-79.009091,9,0.69,146.2,-7.19,1652003,-7.19,-7.18804,-2.61117,-5.10509,1.31122,-0.73029,0.12187,8.88629,6.41625,42.80912,0,enoS1(2_parsed).csv
36.077088,-79.009091,9,1.17,146.2,-2.97,1652803,-2.97,-2.96949,6.34517,-6.49472,-0.23106,0.52718,-0.79733,29.80123,-30.82432,25.12423,0,enoS1(2_parsed).csv
36.077088,-79.009091,9,1.17,148.1,-3.11,1653003,-3.11,-3.11426,6.09871,-6.54018,-0.21212,0.22037,-0.09041,30.85355,-29.84507,27.4335,0,enoS1(2_parsed).csv
36.077077,-79.009094,9,1.22,148.1,-3.74,1653803,-3.74,-3.74237,6.14058,-6.32004,-0.00672,0.16661,0.00122,29.56738,-29.72815,26.57118,0,enoS1(2_parsed).csv
36.077077,-79.009094,8,1.22,149.6,-3.87,1654003,-3.87,-3.87099,6.08076,-6.29671,-0.17975,0.28253,0.02703,28.42736,-29.80123,25.66501,0,enoS1(2_parsed).csv
36.077067,-79.009095,8,1.52,149.6,-4.47,1654803,-4.47,-4.4668,5.66321,-6.3661,-0.23442,0.19609,-0.23381,29.37737,-29.33353,29.59661,0,enoS1(2_parsed).csv
36.077067,-79.009095,8,1.52,150.5,-4.5,1655003,-4.5,-4.4997,5.5675,-6.39362,-0.31047,0.2364,-0.26084,31.10202,-28.80737,31.16048,0,enoS1(2_parsed).csv
36.077056,-79.009093,8,2.05,150.5,-6.22,1655803,-6.22,-6.22433,4.46082,-6.07657,-0.41417,0.5058,0.478,25.91348,-24.77346,35.32593,0,enoS1(2_parsed).csv
36.077056,-79.009093,8,2.05,150.7,-7.07,1656003,-7.07,-7.07378,3.59701,-5.52323,-0.208,0.38546,0.26985,20.5057,-21.14879,35.36977,0,enoS1(2_parsed).csv
36.077048,-79.009091,8,1.8,150.7,-6.75,1656803,-6.75,-6.75255,4.43629,-5.56989,-0.11209,-0.06811,0.37828,23.6919,-24.61269,33.99591,0,enoS1(2_parsed).csv
36.077048,-79.009091,8,1.8,151.6,-6.93,1657003,-6.93,-6.93201,3.75494,-5.65663,-0.02337,-0.12431,0.34147,20.84186,-23.37036,34.43438,0,enoS1(2_parsed).csv
36.077033,-79.009096,8,2.05,151.6,-7.03,1657803,-7.03,-7.02892,4.11147,-5.74577,-0.35155,-0.31398,0.29077,18.22567,-24.04268,28.6466,0,enoS1(2_parsed).csv
36.077033,-79.009096,7,2.05,153.3,-6.69,1658003,-6.69,-6.69392,3.64068,-5.67637,-0.05024,-0.16249,0.04322,18.37182,-22.06957,32.12511,0,enoS1(2_parsed).csv
36.077031,-79.00909,7,1.09,153.3,-6.73,1658803,-6.73,-6.7346,4.42493,-5.4353,0.09423,0.18601,0.06078,18.76644,-25.59193,27.06811,0,enoS1(2_parsed).csv
36.077031,-79.00909,9,1.09,153.9,-6.97,1659003,-6.97,-6.96969,4.42732,-5.1685,0.01054,0.04276,0.0617,17.77258,-24.91961,25.60655,0,enoS1(2_parsed).csv
36.07703,-79.00908,9,0.83,153.9,-6.86,1659803,-6.86,-6.86022,4.31964,-5.4012,0.08537,-0.02596,0.01145,16.95411,-24.45191,27.34581,0,enoS1(2_parsed).csv
36.07703,-79.00908,9,0.83,155,-6.86,1660003,-6.86,-6.86441,4.40878,-5.28096,0.11713,0.12187,0.16234,16.35487,-24.32037,25.35808,0,enoS1(2_parsed).csv
36.077028,-79.009075,9,0.58,155,-6.85,1660803,-6.85,-6.85484,4.3992,-5.53879,0.10232,0.02673,0.15333,14.14791,-23.19497,24.34961,0,enoS1(2_parsed).csv
36.077028,-79.009075,8,0.58,155.6,-6.99,1661003,-6.99,-6.99362,4.27179,-5.0327,0.24435,0.09804,0.11683,13.27097,-22.66881,22.58112,0,enoS1(2_parsed).csv
36.077023,-79.009076,8,0.2,155.6,-6.78,1661803,-6.78,-6.78425,4.31187,-5.62074,0.0701,-0.22541,0.22113,10.09939,-19.92108,22.33265,0,enoS1(2_parsed).csv
36.077023,-79.009076,7,0.2,156.9,-7.2,1662003,-7.2,-7.20479,3.51865,-4.5338,0.22297,-0.03192,0.1744,9.23707,-18.94183,21.52879,0,enoS1(2_parsed).csv
36.077012,-79.00908,7,0.52,156.9,-6.96,1662803,-6.96,-6.95893,4.71745,-5.0004,0.19242,-0.24068,0.34178,6.09471,-16.39871,14.74715,0,enoS1(2_parsed).csv
36.077012,-79.00908,6,0.52,158.1,-6.94,1663003,-6.94,-6.9356,4.20598,-5.35514,0.04032,-0.07605,0.23472,4.10699,-14.61561,16.15025,0,enoS1(2_parsed).csv
36.077004,-79.009083,6,0.31,158.1,-7.19,1663803,-7.19,-7.19163,4.57926,-5.11885,-0.02337,0.04505,0.1069,5.68547,-15.85794,17.53873,0,enoS1(2_parsed).csv
36.077004,-79.009083,6,0.31,159.9,-7.13,1664003,-7.13,-7.12642,4.334,-4.8688,0.0029,0.1208,0.09316,3.6539,-14.96638,15.30254,0,enoS1(2_parsed).csv
36.076993,-79.009086,6,0.62,159.9,-6.96,1664803,-6.96,-6.96072,4.41117,-5.28993,0.06842,-0.11881,-0.02443,4.23853,-14.84946,16.7641,0,enoS1(2_parsed).csv
36.076993,-79.009086,6,0.62,161.5,-6.91,1665003,-6.91,-6.90569,4.36092,-5.202,-0.02764,-0.02031,-0.00244,4.06314,-15.171,17.2318,0,enoS1(2_parsed).csv
36.076985,-79.009094,6,0.84,161.5,-6.86,1665803,-6.86,-6.85544,4.38604,-5.50349,-0.12019,-0.02749,0.01451,4.35545,-14.39638,17.81643,0,enoS1(2_parsed).csv
36.076985,-79.009094,6,0.84,163.1,-6.86,1666003,-6.86,-6.85723,4.1336,-5.37249,0.03558,0.04581,0.03589,3.96083,-13.8556,17.7872,0,enoS1(2_parsed).csv
36.07698,-79.009099,6,0.81,163.1,-7.04,1666803,-7.04,-7.04088,4.35015,-5.16192,0.02092,0.03696,0.13073,3.84391,-13.46098,16.22333,0,enoS1(2_parsed).csv
36.07698,-79.009099,6,0.81,164.3,-6.93,1667003,-6.93,-6.92722,4.15454,-5.16431,0.01084,-0.02031,0.0223,2.9962,-12.97866,16.25256,0,enoS1(2_parsed).csv
36.076972,-79.009098,6,0.43,164.3,-7.01,1667803,-7.01,-7.01396,4.21675,-5.27079,-0.11316,0.09667,-0.0223,3.43467,-13.50482,16.5741,0,enoS1(2_parsed).csv
36.076972,-79.009098,7,0.43,166.3,-7.06,1668003,-7.06,-7.06481,4.26461,-5.17807,-0.09056,0.04246,-0.12798,4.06314,-14.3233,16.26717,0,enoS1(2_parsed).csv
36.076965,-79.009095,7,0.37,166.3,-6.97,1668803,-6.97,-6.96969,4.33998,-5.14158,0.03528,-0.0087,0.05162,4.94008,-14.981,15.66793,0,enoS1(2_parsed).csv
36.076965,-79.009095,7,0.37,167.9,-7.02,1669003,-7.02,-7.02174,4.45902,-5.18285,-0.042,-0.05864,0.06154,4.35545,-13.87021,16.06256,0,enoS1(2_parsed).csv
36.07696,-79.009097,7,0.56,167.9,-7.02,1669803,-7.02,-7.01635,4.38126,-5.28754,-0.11362,0.02779,-0.04994,5.04239,-14.981,16.16487,0,enoS1(2_parsed).csv
36.07696,-79.009097,7,0.56,169.5,-6.87,1670003,-6.87,-6.87159,4.40578,-5.27917,-0.09545,0.00687,-0.10553,4.56007,-15.90178,16.93949,0,enoS1(2_parsed).csv
36.076954,-79.009096,7,0.66,169.5,-6.81,1670803,-6.81,-6.81416,4.36331,-5.31087,0.03192,0.02062,0.01069,5.08623,-16.03332,17.64104,0,enoS1(2_parsed).csv
36.076954,-79.009096,7,0.66,171.2,-7,1671003,-7,-7.0008,4.56431,-5.1015,-0.03589,0.02184,-0.01985,4.85238,-16.20871,16.2964,0,enoS1(2_parsed).csv
36.076949,-79.009094,7,0.47,171.2,-6.97,1671803,-6.97,-6.9673,4.4674,-5.31027,-0.07666,-0.06353,0.00031,4.60392,-15.28793,17.83104,0,enoS1(2_parsed).csv
36.076949,-79.009094,7,0.47,172.7,-6.92,1672003,-6.92,-6.91586,4.28674,-5.24507,-0.05391,0.02367,0.01512,4.82315,-15.49255,17.17334,0,enoS1(2_parsed).csv
36.076944,-79.00909,7,0.44,172.7,-7.09,1672803,-7.09,-7.08874,4.52004,-5.00578,-0.02718,-0.02581,-0.05956,4.63315,-15.88717,14.5133,0,enoS1(2_parsed).csv
36.076944,-79.00909,7,0.44,174.1,-7,1673003,-7,-6.99721,4.51167,-4.98126,-0.04322,-0.04643,0.00733,4.7793,-15.97486,15.4487,0,enoS1(2_parsed).csv
36.076939,-79.009087,7,0.44,174.1,-6.9,1673803,-6.9,-6.9009,4.60379,-4.97288,-0.00519,-0.02398,-0.0843,4.66238,-15.58024,14.74715,0,enoS1(2_parsed).csv
36.076939,-79.009087,7,0.44,175.4,-6.89,1674003,-6.89,-6.89073,4.62772,-4.98066,0.00733,-0.16722,0.01695,4.61853,-16.12102,15.06869,0,enoS1(2_parsed).csv
36.076935,-79.009098,7,1.05,175.4,-6.94,1674803,-6.94,-6.94337,4.14557,-4.35554,-0.02489,-0.05437,-0.10614,3.02543,-13.94329,14.76177,0,enoS1(2_parsed).csv
36.076935,-79.009098,7,1.05,176.9,-7.19,1675003,-7.19,-7.18624,4.42493,-5.13021,-0.00565,0.02443,0.13347,3.02543,-13.47559,15.81409,0,enoS1(2_parsed).csv
36.07693,-79.009096,7,0.85,176.9,-6.91,1675803,-6.91,-6.90628,4.50868,-5.21157,0.00061,-0.16096,0.04078,2.19234,-12.54019,17.05642,0,enoS1(2_parsed).csv
36.07693,-79.009096,7,0.85,178.4,-6.83,1676003,-6.83,-6.83091,4.35673,-5.36471,0.03344,-0.00168,0.10614,2.3385,-12.11634,16.82257,0,enoS1(2_parsed).csv
36.076924,-79.0091,7,1.12,178.4,-6.58,1676803,-6.58,-6.58445,4.1342,-5.78644,-0.19319,0.04368,-0.12599,2.47004,-11.92634,19.48261,0,enoS1(2_parsed).csv
36.076924,-79.0091,7,1.12,179.6,-6.64,1677003,-6.64,-6.64307,4.10309,-5.85464,-0.09697,0.14951,-0.05376,3.2739,-12.14557,19.77492,0,enoS1(2_parsed).csv
36.076919,-79.009118,7,1.74,179.6,-6.91,1677803,-6.91,-6.90748,4.34118,-5.0686,-0.11133,0.30574,0.22297,4.53084,-13.87021,15.56562,0,enoS1(2_parsed).csv
36.076919,-79.009118,7,1.74,181.1,-7.37,1678003,-7.37,-7.36511,4.08515,-5.00878,-0.08735,-0.01527,-0.12935,3.14236,-13.81175,15.71178,0,enoS1(2_parsed).csv
36.076919,-79.009116,7,1.2,181.1,-7.08,1678803,-7.08,-7.08275,4.48415,-5.22473,-0.03375,-0.02214,0.00764,4.66238,-15.81409,14.981,0,enoS1(2_parsed).csv
36.076919,-79.009116,6,1.2,181.5,-7.19,1679003,-7.19,-7.19163,4.09472,-4.75514,0.02031,-0.01802,0.02306,4.83777,-15.33177,16.16487,0,enoS1(2_parsed).csv
36.076919,-79.009108,6,0.71,181.5,-7,1679803,-7,-7.00439,4.21735,-5.37847,-0.10934,0.02398,0.03589,3.28851,-13.62175,17.02718,0,enoS1(2_parsed).csv
36.076919,-79.009108,6,0.71,181.7,-7.01,1680003,-7.01,-7.00559,4.22872,-5.31685,0.00733,0.07621,-0.11286,3.69775,-14.0456,17.46565,0,enoS1(2_parsed).csv
36.076918,-79.009101,6,0.62,181.7,-6.77,1680803,-6.77,-6.77229,4.4327,-5.35514,-0.09178,-0.03146,0.04566,5.62701,-15.56562,18.05028,0,enoS1(2_parsed).csv
36.076918,-79.009101,6,0.62,181.9,-6.57,1681003,-6.57,-6.57488,4.35613,-5.55793,-0.09285,-0.09911,-0.1773,6.08009,-16.06256,18.48874,0,enoS1(2_parsed).csv
36.076919,-79.009108,6,0.44,181.9,-7.04,1681803,-7.04,-7.04148,4.58704,-5.01416,0.00947,0.05528,-0.1912,5.86086,-16.36948,16.35487,0,enoS1(2_parsed).csv
36.076919,-79.009108,7,0.44,181.7,-6.9,1682003,-6.9,-6.90449,4.6355,-5.02313,-0.21961,-0.10095,-0.01313,6.19702,-16.73487,17.11488,0,enoS1(2_parsed).csv
36.076919,-79.009109,7,0.46,181.7,-6.89,1682803,-6.89,-6.88953,4.24666,-5.3348,0.00458,-0.04887,-0.05162,3.50775,-13.98714,17.11488,0,enoS1(2_parsed).csv
36.076919,-79.009109,7,0.46,181.8,-6.91,1683003,-6.91,-6.90569,4.45902,-5.3348,-0.05391,0.04948,-0.06979,4.2093,-14.99562,17.7872,0,enoS1(2_parsed).csv
36.07692,-79.009117,7,0.53,181.8,-6.89,1683803,-6.89,-6.89312,4.52722,-5.12004,-0.07086,0.04902,-0.05391,4.2093,-15.71178,16.1064,0,enoS1(2_parsed).csv
36.07692,-79.009117,7,0.53,181.9,-6.94,1684003,-6.94,-6.93919,4.55713,-5.17807,-0.08369,-0.07376,-0.09545,4.83777,-15.09793,17.56796,0,enoS1(2_parsed).csv
36.076913,-79.009118,7,0.69,181.9,-6.64,1684803,-6.64,-6.63769,4.58226,-5.41436,0.02107,0.01741,-0.05635,5.86086,-16.26717,18.28413,0,enoS1(2_parsed).csv
36.076913,-79.009118,8,0.69,184.1,-6.74,1685003,-6.74,-6.7352,4.54218,-5.38864,-0.03146,0.02703,0.09804,5.90471,-16.13563,17.10026,0,enoS1(2_parsed).csv
36.076907,-79.009118,8,0.69,184.1,-6.59,1685803,-6.59,-6.58744,4.69591,-5.17627,0.04856,-0.05055,0.07407,5.86086,-16.42794,16.93949,0,enoS1(2_parsed).csv
36.076907,-79.009118,8,0.69,186.3,-6.81,1686003,-6.81,-6.80758,4.58824,-5.24806,-0.13317,-0.00794,0.11301,4.98392,-15.77024,16.89565,0,enoS1(2_parsed).csv
36.0769,-79.00912,8,0.72,186.3,-6.81,1686803,-6.81,-6.81237,4.38903,-5.266,-0.05284,0.03451,0.06521,4.72084,-15.4487,17.18796,0,enoS1(2_parsed).csv
36.0769,-79.00912,8,0.72,188.6,-6.89,1687003,-6.89,-6.88595,4.33221,-5.39462,-0.0252,-0.0533,0.03054,4.66238,-15.361,18.47413,0,enoS1(2_parsed).csv
36.076905,-79.009123,8,0.92,188.6,-6.89,1687803,-6.89,-6.89492,4.39801,-5.22353,-0.12569,-0.03497,-0.0449,3.84391,-13.34405,16.06256,0,enoS1(2_parsed).csv
36.076905,-79.009123,7,0.92,188.2,-6.99,1688003,-6.99,-6.99183,4.41296,-5.12782,0.00504,0.0339,-0.16799,4.00468,-13.81175,16.63256,0,enoS1(2_parsed).csv
36.076906,-79.009117,7,0.96,188.2,-6.58,1688803,-6.58,-6.58206,4.3992,-5.79841,-0.06353,-0.12569,0.04536,5.27624,-15.14177,19.78954,0,enoS1(2_parsed).csv
36.076906,-79.009117,8,0.96,187.9,-6.54,1689003,-6.54,-6.53899,4.25085,-5.74995,0.08552,0,0.09789,4.61853,-14.33791,19.93569,0,enoS1(2_parsed).csv
36.076907,-79.009111,8,0.82,187.9,-6.58,1689803,-6.58,-6.58086,4.27478,-5.69312,0.02214,0.05651,-0.04032,4.18006,-14.14791,19.14645,0,enoS1(2_parsed).csv
36.076907,-79.009111,8,0.82,187.6,-6.67,1690003,-6.67,-6.67059,4.26222,-5.64527,-0.10522,0.04536,-0.07178,5.01315,-14.90792,18.97106,0,enoS1(2_parsed).csv
36.077339,-79.009063,8,0.14,159.9,-7.34,2085003,-7.34,-7.34178,4.91067,-0.12682,0.35354,0.49862,0.15104,17.87489,-25.46039,-3.30313,0,enoS1(2_parsed).csv
36.077331,-79.009057,8,0.39,159.9,-7.81,2085803,-7.81,-7.80539,6.01556,-1.43928,-0.38087,0.46304,0.04933,9.86554,-16.48641,-8.38936,0,enoS1(2_parsed).csv
36.077331,-79.009057,9,0.39,160.2,-8.12,2086003,-8.12,-8.11705,0.33799,0.54975,-0.65439,0.35904,0.54275,9.09091,-15.50716,-8.84244,0,enoS1(2_parsed).csv
36.077328,-79.009047,9,0.84,160.2,-8.71,2086803,-8.71,-8.70808,0.9685,1.57029,0.58292,-0.37767,-0.17211,10.50862,-14.87869,-9.57322,0,enoS1(2_parsed).csv
36.077328,-79.009047,9,0.84,160.4,-12.15,2087003,-12.15,-12.14716,3.7681,2.43589,-0.22846,-0.26588,-0.45693,10.114,-17.30488,-7.45396,0,enoS1(2_parsed).csv
36.077325,-79.009043,9,0.52,160.4,-10.03,2087803,-10.03,-10.03251,7.60499,1.30588,1.35902,1.13148,0.30024,14.74715,-18.43028,-11.66326,0,enoS1(2_parsed).csv
36.077325,-79.009043,9,0.52,160.1,-8.36,2088003,-8.36,-8.36172,3.26142,2.85823,1.45126,0.82268,0.07865,20.11108,-10.3917,-25.69424,0,enoS1(2_parsed).csv
36.077319,-79.009037,9,0.6,160.1,-9.36,2088803,-9.36,-9.35773,4.69891,4.89572,-0.19777,-2.15269,-0.19074,16.95411,0.57001,-28.25197,0,enoS1(2_parsed).csv
36.077319,-79.009037,9,0.6,159.1,-10.04,2089003,-10.04,-10.03789,2.50947,0.53001,-0.24343,-1.13819,0.13943,4.48699,1.90003,-17.18796,0,enoS1(2_parsed).csv
36.077306,-79.009032,9,0.3,159.1,-10.73,2089803,-10.73,-10.72822,1.44407,1.4004,-0.78237,0.38561,0.20021,2.90851,5.83163,-16.48641,0,enoS1(2_parsed).csv
36.077306,-79.009032,9,0.3,158.4,-9.07,2090003,-9.07,-9.07478,1.99801,1.88255,-0.22266,0.27535,-0.02214,4.80854,1.16925,-17.87489,0,enoS1(2_parsed).csv
36.077299,-79.009032,9,0.12,158.4,-9.68,2090803,-9.68,-9.67837,2.96531,3.87338,0.61621,0.38118,0.00779,12.99328,-7.14703,-22.15726,0,enoS1(2_parsed).csv
36.077299,-79.009032,9,0.12,157.6,-10.3,2091003,-10.3,-10.29632,3.23151,2.70927,-0.08048,0.10064,0.29719,14.49868,-5.65624,-23.53113,0,enoS1(2_parsed).csv
36.0773,-79.00903,9,0.64,157.6,-10.75,2091803,-10.75,-10.75454,1.95853,2.87258,0.2022,0.80023,0.92012,16.72026,-5.81701,-25.95732,0,enoS1(2_parsed).csv
36.0773,-79.00903,9,0.64,156.6,-7.03,2092003,-7.03,-7.02772,1.11745,4.67318,-0.26557,0.52489,0.74755,20.18416,-9.38322,-25.88424,0,enoS1(2_parsed).csv
36.077295,-79.009026,9,0.53,156.6,-6.61,2092803,-6.61,-6.60778,2.98744,8.31087,-0.11591,-0.4974,0.09377,20.95878,-19.49722,-16.22333,0,enoS1(2_parsed).csv
36.077295,-79.009026,9,0.53,156.4,-8.18,2093003,-8.18,-8.18106,1.91845,5.13679,1.23028,-0.8491,0.64156,16.45718,-14.39638,-18.85414,0,enoS1(2_parsed).csv
36.077292,-79.00902,9,0.54,156.4,-9.45,2093803,-9.45,-9.44627,1.78923,1.80299,-0.01252,0.0339,-0.32009,15.2587,-9.48553,-21.52879,0,enoS1(2_parsed).csv
36.077292,-79.00902,9,0.54,155.5,-10.87,2094003,-10.87,-10.86581,-0.04128,2.57288,-0.15226,-0.48625,0.83261,12.49635,-7.80474,-20.65186,0,enoS1(2_parsed).csv
36.077288,-79.009015,9,0.25,155.5,-9.23,2094803,-9.23,-9.22972,0.1675,4.58166,-0.14111,-0.06216,-0.00443,12.18942,-8.68167,-17.58258,0,enoS1(2_parsed).csv
36.077288,-79.009015,9,0.25,155.9,-9.38,2095003,-9.38,-9.37867,0.36311,3.64307,-0.46655,-0.06231,-0.0142,12.78866,-12.29173,-16.36948,0,enoS1(2_parsed).csv
36.077283,-79.009007,9,0.64,155.9,-8.45,2095803,-8.45,-8.44666,6.07478,-0.45523,-1.92636,0.01206,-0.55589,12.77404,-24.40807,11.47325,0,enoS1(2_parsed).csv
36.077283,-79.009007,9,0.64,156.6,-8.24,2096003,-8.24,-8.2355,5.29532,-0.03111,-1.30771,0.44181,-0.34621,12.67173,-23.76498,17.21719,0,enoS1(2_parsed).csv
36.077271,-79.009004,9,1.15,156.6,-9.96,2096803,-9.96,-9.95594,3.34277,-2.52682,0.25,-0.12019,-0.54306,15.97486,-26.76118,13.63636,0,enoS1(2_parsed).csv
36.077271,-79.009004,9,1.15,156.4,-9.49,2097003,-9.49,-9.48874,1.89033,0.81835,0.44334,-0.20113,-0.08781,18.7226,-29.11429,10.17246,0,enoS1(2_parsed).csv
36.077269,-79.008998,9,1.57,156.4,-9.03,2097803,-9.03,-9.0341,7.73001,-0.05444,0.31826,-0.22358,0.38744,13.97252,-24.27653,22.11342,0,enoS1(2_parsed).csv
36.077269,-79.008998,9,1.57,156.5,-9.97,2098003,-9.97,-9.9691,6.12862,-2.12423,-0.87873,-0.19166,-0.58857,13.3002,-22.62496,24.58345,0,enoS1(2_parsed).csv
36.077258,-79.008994,9,0.7,156.5,-9.67,2098803,-9.67,-9.66521,3.95354,-1.12582,-0.33246,-0.44104,-0.15776,15.9164,-26.55656,18.13797,0,enoS1(2_parsed).csv
36.077258,-79.008994,9,0.7,156.7,-9.55,2099003,-9.55,-9.55334,2.55254,0.09511,0.37293,-0.32009,0.24572,14.27945,-24.86115,19.1026,0,enoS1(2_parsed).csv
36.077258,-79.008999,9,0.29,156.7,-9.04,2099803,-9.04,-9.04487,4.0684,-2.74517,-1.32863,-0.32498,0.31551,12.54019,-24.48115,13.25636,0,enoS1(2_parsed).csv
36.077258,-79.008999,9,0.29,155.6,-9.26,2100003,-9.26,-9.26082,8.05783,0.62991,-0.69822,-0.52595,-0.31597,10.07016,-20.72493,22.27419,0,enoS1(2_parsed).csv
36.077252,-79.008999,9,0.22,155.6,-6.59,2100803,-6.59,-6.58565,7.37647,1.9992,0.40088,0.06154,-0.15149,23.35574,-31.30664,4.61853,0,enoS1(2_parsed).csv
36.077252,-79.008999,9,0.22,155.6,-8.04,2101003,-8.04,-8.0351,5.97368,0.33918,0.39752,-0.68707,-0.2164,24.93423,-31.71587,1.79772,0,enoS1(2_parsed).csv
36.07725,-79.008999,9,0.36,155.6,-6.75,2101803,-6.75,-6.75494,7.5344,-1.02054,0.01145,0.12935,0.39767,24.59807,-32.88512,18.59105,0,enoS1(2_parsed).csv
36.07725,-79.008999,9,0.36,156,-8.23,2102003,-8.23,-8.23191,7.08455,-1.07617,0.32223,-0.85811,-0.02947,23.26805,-32.03741,17.20257,0,enoS1(2_parsed).csv
36.07725,-79.008991,9,0.36,156,-10.35,2102803,-10.35,-10.35374,5.98924,0.95414,0.10079,0.28207,-0.48274,30.04969,-35.39901,10.08477,0,enoS1(2_parsed).csv
36.07725,-79.008991,9,0.36,155.5,-5.81,2103003,-5.81,-5.80858,9.1029,-3.18425,-0.46517,0.82268,0.49648,29.84507,-35.13593,11.41479,0,enoS1(2_parsed).csv
36.077248,-79.008987,9,0.51,155.5,-7.84,2103803,-7.84,-7.83709,6.26501,-0.27936,-0.01115,0.49052,0.04704,21.41187,-32.12511,16.53025,0,enoS1(2_parsed).csv
36.077248,-79.008987,9,0.51,154.9,-8.61,2104003,-8.61,-8.60698,7.3023,-2.07099,0.3401,-0.53756,-0.13027,22.12803,-32.92897,14.67407,0,enoS1(2_parsed).csv
36.07725,-79.008987,9,0.09,154.9,-6.1,2104803,-6.1,-6.1023,6.10708,-0.76451,-0.31185,-0.39416,0.68127,28.07659,-34.52207,7.83397,0,enoS1(2_parsed).csv
36.07725,-79.008987,9,0.09,154.3,-6.27,2105003,-6.27,-6.2662,7.78206,-0.65384,-0.35048,-0.3514,-0.12645,24.93423,-33.26513,13.46098,0,enoS1(2_parsed).csv
36.077249,-79.00898,9,1.02,154.3,-7.61,2105803,-7.61,-7.60858,9.90688,-1.92263,0.33384,-0.72708,-0.47556,28.06197,-33.86437,11.47325,0,enoS1(2_parsed).csv
36.077249,-79.00898,9,1.02,154,-6.68,2106003,-6.68,-6.67717,5.2666,-0.47617,-0.08186,0.22174,0.10125,28.69044,-34.25899,9.82169,0,enoS1(2_parsed).csv
36.077252,-79.008976,9,0.44,154,-7.69,2106803,-7.69,-7.69053,5.2337,-0.50548,-0.99739,0.22526,0.57452,21.93803,-29.53815,16.50102,0,enoS1(2_parsed).csv
36.077252,-79.008976,9,0.44,153.8,-6.56,2107003,-6.56,-6.56172,9.65803,-3.11067,-0.10064,-0.21915,0.41401,21.04648,-28.3689,23.63344,0,enoS1(2_parsed).csv
36.077255,-79.008972,9,0.94,153.8,-6.7,2107803,-6.7,-6.69871,9.30987,-0.81894,0.66355,-0.78282,-0.89141,29.78661,-33.79129,11.38556,0,enoS1(2_parsed).csv
36.077255,-79.008972,9,0.94,153.4,-8.49,2108003,-8.49,-8.48615,6.41037,0.01196,0.75106,-0.09789,-0.36224,34.81438,-34.69746,5.62701,0,enoS1(2_parsed).csv
36.077254,-79.008971,9,0.17,153.4,-11.94,2108803,-11.94,-11.9354,5.88036,2.35753,-0.49663,-0.5452,0.5284,24.02806,-30.04969,1.79772,0,enoS1(2_parsed).csv
36.077254,-79.008971,9,0.17,153.4,-8.37,2109003,-8.37,-8.37189,7.27059,-1.28554,-0.66386,0.52901,0.55085,20.44724,-29.50891,6.75241,0,enoS1(2_parsed).csv
36.077255,-79.008968,9,0.59,153.4,-7.64,2109803,-7.64,-7.63909,4.27059,3.54856,0.16616,-0.17761,0.87552,19.77492,-29.01199,8.87168,0,enoS1(2_parsed).csv
36.077255,-79.008968,9,0.59,153.2,-8.27,2110003,-8.27,-8.2672,6.78425,-0.61316,0.80176,-0.45784,-0.31078,17.21719,-27.11196,5.26162,0,enoS1(2_parsed).csv
36.077258,-79.008966,9,0.77,153.2,-8.1,2110803,-8.1,-8.0997,7.17548,1.08814,-0.56642,0.55665,-0.4444,24.6273,-32.2128,8.7986,0,enoS1(2_parsed).csv
36.077258,-79.008966,9,0.77,153.3,-4.76,2111003,-4.76,-4.75932,9.98226,-1.19282,0.25748,0.27168,0.17242,29.94739,-34.82899,10.21631,0,enoS1(2_parsed).csv
36.077257,-79.008963,9,0.43,153.3,-8.03,2111803,-8.03,-8.03091,7.20898,-1.12822,-0.20372,0.16066,-0.23839,23.76498,-31.16048,11.07863,0,enoS1(2_parsed).csv
36.077257,-79.008963,9,0.43,153.2,-7.57,2112003,-7.57,-7.5691,4.67797,0.60419,0.27642,0.17883,-0.24755,23.79421,-31.30664,11.64864,0,enoS1(2_parsed).csv
36.077257,-79.00896,9,0.43,153.2,-11.03,2112803,-11.03,-11.03032,7.43091,-2.75115,-0.84528,-0.02688,-0.64248,41.44987,-33.3382,27.75504,0,enoS1(2_parsed).csv
36.077257,-79.00896,9,0.43,153,-2.22,2113003,-2.22,-2.22293,10.92084,-5.73918,0.81077,1.31458,0.61117,41.97603,-32.65127,28.3689,0,enoS1(2_parsed).csv
36.077253,-79.008958,9,0.7,153,-2.98,2113803,-2.98,-2.97906,6.42652,-4.58943,-0.32926,-1.02885,-0.51129,30.13739,-34.43438,20.00877,0,enoS1(2_parsed).csv
36.077253,-79.008958,9,0.7,152.8,-5.61,2114003,-5.61,-5.61476,5.70987,-4.24965,-0.37919,-1.17546,-0.35904,41.06986,-34.41976,22.93189,0,enoS1(2_parsed).csv
36.077243,-79.008952,9,1.4,152.8,-0.07,2114803,-0.07,-0.0652,-0.24646,0.14058,-1.9621,-3.05204,0.66035,35.17977,9.2663,56.35779,0,enoS1(2_parsed).csv
36.077243,-79.008952,10,1.4,153.1,0.01,2115003,0.01,0.00538,-0.2991,0.15673,-1.97951,-3.08808,0.3404,62.8325,25.48962,44.56299,0,enoS1(2_parsed).csv
36.077244,-79.008942,10,1.22,153.1,-4.66,2115803,-4.66,-4.66002,-1.17428,-11.25464,1.93201,-1.27778,-2.59037,31.35048,-4.22391,53.99006,0,enoS1(2_parsed).csv
36.077244,-79.008942,9,1.22,153.4,-2.16,2116003,-2.16,-2.15653,4.14377,-8.8666,1.79197,0.613,-1.89338,48.45074,-21.60187,46.82841,0,enoS1(2_parsed).csv
36.077241,-79.008938,9,1.22,153.4,-6.58,2116803,-6.58,-6.58445,0.58744,-2.73559,0.48319,-1.94194,-0.70769,12.80327,-5.90471,44.753,0,enoS1(2_parsed).csv
36.077241,-79.008938,8,1.22,153.1,-7.84,2117003,-7.84,-7.84367,4.14377,-6.85903,1.72279,-0.56032,-2.15666,28.89506,-25.10962,41.77141,0,enoS1(2_parsed).csv
36.077235,-79.008928,8,1.97,153.1,-7.83,2117803,-7.83,-7.82573,1.14915,-2.65843,1.13957,0.05269,-0.19059,2.73312,-11.89711,21.95265,0,enoS1(2_parsed).csv
36.077235,-79.008928,8,1.97,152.9,-9.29,2118003,-9.29,-9.28654,5.95873,-3.73759,1.35933,-0.4215,-1.17729,9.8363,-23.13651,12.37942,0,enoS1(2_parsed).csv
36.077222,-79.008921,8,2.64,152.9,-6.78,2118803,-6.78,-6.77767,1.60678,-3.935,0.64996,-0.03894,-0.86651,0.11692,-8.9886,20.63724,0,enoS1(2_parsed).csv
36.077222,-79.008921,8,2.64,152.4,-8.95,2119003,-8.95,-8.95394,6.80878,-3.91107,0.54352,0.22907,-0.49648,4.15083,-16.3841,10.53785,0,enoS1(2_parsed).csv
36.077203,-79.008912,8,3.77,152.4,-7.77,2119803,-7.77,-7.77129,3.58923,-7.93639,0.51679,-0.37064,-0.63851,3.59544,-13.89944,21.64572,0,enoS1(2_parsed).csv
36.077203,-79.008912,8,3.77,151.9,-5.15,2120003,-5.15,-5.14935,6.94636,-4.36032,0.21197,0.63774,0.8291,4.09237,-15.34639,16.95411,0,enoS1(2_parsed).csv
36.07719,-79.008901,8,3.76,151.9,-10.9,2120803,-10.9,-10.9005,9.34577,-5.40658,1.85566,1.788,2.01692,2.73312,-11.59018,19.23414,0,enoS1(2_parsed).csv
36.07719,-79.008901,8,3.76,151.7,-7.65,2121003,-7.65,-7.65344,5.1691,-3.99302,0.35919,-0.21869,1.37567,-4.41391,11.12248,1.82695,0,enoS1(2_parsed).csv
36.077172,-79.008885,8,4.43,151.7,2.06,2121803,2.06,2.06261,-1.75693,-12.24647,0.1295,-1.85306,-0.99785,29.4943,26.6881,51.27156,0,enoS1(2_parsed).csv
36.077172,-79.008885,8,4.43,151.6,2.61,2122003,2.61,2.61177,-1.67737,-5.29173,0.31994,-1.02961,-1.3859,38.36597,20.15493,55.10085,0,enoS1(2_parsed).csv
36.077163,-79.008876,8,4.49,151.6,-3.61,2122803,-3.61,-3.60539,0.54018,-10.59901,1.28511,1.26128,-1.07619,13.89944,-6.16779,43.99298,0,enoS1(2_parsed).csv
36.077163,-79.008876,8,4.49,150.6,-3.37,2123003,-3.37,-3.3685,4.06002,-6.59163,1.24952,2.12337,-1.15392,12.86174,-21.38264,29.2166,0,enoS1(2_parsed).csv
36.077153,-79.008867,8,3.81,150.6,-7.9,2123803,-7.9,-7.90349,2.1673,-5.04527,-0.50305,-0.77351,-0.93447,10.52324,-20.9734,25.88424,0,enoS1(2_parsed).csv
36.077153,-79.008867,8,3.81,150,-5.25,2124003,-5.25,-5.24567,4.12343,-3.98405,-0.1153,0.11881,-0.63377,18.24028,-25.88424,30.152,0,enoS1(2_parsed).csv
36.077138,-79.00886,8,3.77,150,-4.9,2124803,-4.9,-4.90289,5.71466,-3.20997,-0.69058,-0.81474,0.08186,30.66355,-35.51593,18.21105,0,enoS1(2_parsed).csv
36.077138,-79.00886,8,3.77,149.7,-5.78,2125003,-5.78,-5.78465,4.84188,-3.95234,-1.25075,-0.21441,1.45004,24.6273,-30.37124,30.95586,0,enoS1(2_parsed).csv
36.077124,-79.008852,8,3.79,149.7,-6.7,2125803,-6.7,-6.69691,5.82234,-4.59661,0.67775,0.64019,-0.65805,25.92809,-31.42356,29.75738,0,enoS1(2_parsed).csv
36.077124,-79.008852,8,3.79,149.3,-6.44,2126003,-6.44,-6.43669,5.6339,-4.07258,-0.5142,0.44746,1.03374,24.29114,-29.93277,29.56738,0,enoS1(2_parsed).csv
36.077111,-79.00884,8,3.92,149.3,-3.47,2126803,-3.47,-3.4678,5.25284,-5.02553,-0.46151,-0.47327,0.06689,36.81672,-32.75358,32.63666,0,enoS1(2_parsed).csv
36.077111,-79.00884,8,3.92,148.9,-6.42,2127003,-6.42,-6.41635,4.91785,-4.86102,-0.54504,0.99983,1.7399,26.80503,-27.88658,37.72289,0,enoS1(2_parsed).csv
36.077103,-79.008834,8,3.06,148.9,-7.74,2127803,-7.74,-7.74258,6.14656,-2.65543,-0.89522,-0.08201,0.8995,27.41888,-30.8097,30.79509,0,enoS1(2_parsed).csv
36.077103,-79.008834,8,3.06,148.5,-6.96,2128003,-6.96,-6.95713,4.51645,-4.45723,-1.13285,0.34438,1.00869,18.19643,-20.91494,38.87752,0,enoS1(2_parsed).csv
36.07709,-79.008826,8,3.22,148.5,-5.21,2128803,-5.21,-5.20738,4.83769,-6.08315,0.20693,1.77731,0.92012,28.67583,-14.93715,49.98539,0,enoS1(2_parsed).csv
36.07709,-79.008826,8,3.22,148.1,-10.66,2129003,-10.66,-10.66481,4.59601,-4.77248,-1.07894,-0.24435,0.65607,14.27945,-7.70243,45.55685,0,enoS1(2_parsed).csv
36.077082,-79.008814,8,3.14,148.1,-5.16,2129803,-5.16,-5.15593,6.69332,-9.72682,-0.07407,2.30311,0.43234,41.36217,-7.80474,54.47237,0,enoS1(2_parsed).csv
36.077082,-79.008814,8,3.14,147.7,-3.43,2130003,-3.43,-3.4337,1.32024,-1.91785,-0.46655,2.20538,1.06565,21.09032,-1.57849,50.68693,0,enoS1(2_parsed).csv
36.077064,-79.008811,8,3.27,147.7,12.5,2130803,12.5,12.49592,-11.49991,-2.99402,-2.15025,-3.51522,-1.87612,58.62321,56.81087,7.8632,0,enoS1(2_parsed).csv
36.077064,-79.008811,8,3.27,147.3,4.77,2131003,4.77,4.7677,-11.25883,-0.36431,0.50702,-0.65668,-1.74112,39.00906,59.8363,-8.81321,0,enoS1(2_parsed).csv
36.077048,-79.00881,8,3.28,147.3,0.89,2131803,0.89,0.88654,2.37368,-5.20678,1.67698,3.38206,0.53497,42.32681,12.20403,56.16779,0,enoS1(2_parsed).csv
36.077048,-79.00881,8,3.28,146.8,-2.38,2132003,-2.38,-2.38026,5.1661,-5.6022,1.06825,3.74812,2.53524,11.31248,1.90003,45.55685,0,enoS1(2_parsed).csv
36.077028,-79.008809,8,3.75,146.8,-6.91,2132803,-6.91,-6.91346,3.6353,-4.69472,-1.67744,-1.10047,-1.10276,-4.37007,5.26162,18.88337,0,enoS1(2_parsed).csv
36.077028,-79.008809,8,3.75,146.5,-5.95,2133003,-5.95,-5.94736,4.74497,-5.6351,-1.27732,0.20052,-0.55726,-1.02309,1.25694,27.21426,0,enoS1(2_parsed).csv
36.077018,-79.008807,8,2.65,146.5,-8.51,2133803,-8.51,-8.50828,4.2335,-2.64347,-0.55482,-0.41707,-0.04032,2.32388,-10.52324,-2.87928,0,enoS1(2_parsed).csv
36.077018,-79.008807,8,2.65,146.1,-6.98,2134003,-6.98,-6.98106,4.17069,-2.36172,-0.6634,-0.76205,-0.24099,2.04619,-12.96405,13.27097,0,enoS1(2_parsed).csv
36.077012,-79.008796,8,2.28,146.1,-5.82,2134803,-5.82,-5.81994,7.3681,-3.77229,-0.96975,0.12752,0.13912,13.75329,-26.39579,9.58784,0,enoS1(2_parsed).csv
36.077012,-79.008796,8,2.28,145.9,-7.87,2135003,-7.87,-7.8682,3.5683,-3.9338,-1.07711,0.43799,0.6718,9.09091,-22.15726,14.5133,0,enoS1(2_parsed).csv
36.077002,-79.00879,8,2.23,145.9,-9.6,2135803,-9.6,-9.6024,5.12303,-3.75075,0.94699,2.46591,1.37704,11.48787,-24.72961,17.96258,0,enoS1(2_parsed).csv
36.077002,-79.00879,8,2.23,145.8,-9.89,2136003,-9.89,-9.89492,2.56391,-3.77468,-0.61377,-1.57695,0.53833,5.17393,-18.48874,11.88249,0,enoS1(2_parsed).csv
36.076992,-79.008793,8,1.91,145.8,-6.9,2136803,-6.9,-6.90449,3.28355,-4.91785,0.25855,0.34941,0.53542,8.40398,-19.90646,24.6273,0,enoS1(2_parsed).csv
36.076992,-79.008793,8,1.91,145.6,-8.64,2137003,-8.64,-8.64407,3.76152,-5.4341,0.2503,-0.29215,0.31734,6.28471,-18.38644,17.61181,0,enoS1(2_parsed).csv
36.076982,-79.008796,8,1.99,145.6,-7.14,2137803,-7.14,-7.13659,3.12981,-4.73659,0.22862,0.09468,0.55467,3.12774,-13.44636,16.04794,0,enoS1(2_parsed).csv
36.076982,-79.008796,8,1.99,145.2,-8.53,2138003,-8.53,-8.5334,3.89372,-5.01177,0.2813,-0.37889,-0.10599,1.69541,-12.52558,13.60713,0,enoS1(2_parsed).csv
36.076971,-79.008798,8,1.97,145.2,-7.97,2138803,-7.97,-7.9693,3.5354,-3.38824,0.48335,-0.14218,-0.17547,-1.71003,-4.76469,10.3917,0,enoS1(2_parsed).csv
36.076971,-79.008798,8,1.97,144.9,-7.88,2139003,-7.88,-7.88136,5.12423,-4.29751,0.14539,-0.79092,-0.37217,-0.64309,-9.2663,10.84478,0,enoS1(2_parsed).csv
36.076961,-79.008798,8,1.73,144.9,-7.46,2139803,-7.46,-7.46202,4.77847,-4.51825,0.68356,0.33552,-0.12691,-3.87314,-0.17539,16.45718,0,enoS1(2_parsed).csv
36.076961,-79.008798,8,1.73,144.8,-7.12,2140003,-7.12,-7.12343,4.73001,-3.93141,0.07361,-0.37186,0.06124,-4.04852,0.05846,15.2587,0,enoS1(2_parsed).csv
36.076951,-79.008798,8,1.54,144.8,-6.99,2140803,-6.99,-6.98884,3.47258,-5.1996,-0.02917,-0.65622,-0.17975,-4.45776,7.19088,22.30342,0,enoS1(2_parsed).csv
36.076951,-79.008798,8,1.54,144.9,-7.1,2141003,-7.1,-7.10489,4.24128,-4.8335,0.58231,0.4751,-0.07483,-3.84391,4.80854,23.92575,0,enoS1(2_parsed).csv
36.076945,-79.008802,8,1.28,144.9,-6.9,2141803,-6.9,-6.9003,3.99721,-4.60559,0.19945,-0.07895,-0.19945,-3.99006,9.22245,24.01345,0,enoS1(2_parsed).csv
36.076945,-79.008802,8,1.28,144.8,-8,2142003,-8,-8.00339,5.3689,-3.92842,0.27336,0.28237,0.02978,-4.38468,7.48319,19.97954,0,enoS1(2_parsed).csv
36.076937,-79.008805,8,1.27,144.8,-7.13,2142803,-7.13,-7.13181,3.30868,-4.17667,-0.19013,-0.43234,0.08552,-3.91698,12.24788,24.04268,0,enoS1(2_parsed).csv
36.076937,-79.008805,8,1.27,144.8,-8.13,2143003,-8.13,-8.13141,4.43689,-4.35135,0.46731,0.52046,-0.30879,-3.90237,10.40631,22.46419,0,enoS1(2_parsed).csv
36.07693,-79.008809,8,1.51,144.8,-6.4,2143803,-6.4,-6.39721,2.62612,-5.00279,-0.01634,-0.5733,-0.11561,-2.58696,14.86407,28.88044,0,enoS1(2_parsed).csv
36.07693,-79.008809,8,1.51,144.6,-7.7,2144003,-7.7,-7.69592,5.00997,-4.67019,0.80161,1.17149,0.08231,-3.12774,11.7071,26.0304,0,enoS1(2_parsed).csv
36.076921,-79.008811,8,1.73,144.6,-7.95,2144803,-7.95,-7.95314,4.56251,-4.03908,0.2926,0.56291,0.21121,-3.15697,11.07863,25.19731,0,enoS1(2_parsed).csv
36.076921,-79.008811,8,1.73,144.7,-8.04,2145003,-8.04,-8.04467,4.72164,-2.98086,0.05849,0.19349,0.13912,-4.32622,13.16866,21.03186,0,enoS1(2_parsed).csv
36.076913,-79.00881,8,1.75,144.7,-6.24,2145803,-6.24,-6.24228,2.88395,-5.80499,0.26832,0.81138,0.23778,2.95235,17.56796,37.56212,0,enoS1(2_parsed).csv
36.076913,-79.00881,8,1.75,144.8,-8.71,2146003,-8.71,-8.70748,4.07916,-5.52921,0.29978,0.17074,0.02428,-1.25694,16.72026,30.37124,0,enoS1(2_parsed).csv
36.076907,-79.008811,8,1.29,144.8,-8.4,2146803,-8.4,-8.40479,4.867,-4.45603,-0.00993,-0.1182,0.06139,-2.28004,13.60713,28.5589,0,enoS1(2_parsed).csv
36.076907,-79.008811,8,1.29,145,-7.3,2147003,-7.3,-7.2999,4.00798,-4.1007,-0.34957,-0.71196,-0.11744,0.80386,13.41713,34.87284,0,enoS1(2_parsed).csv
36.076901,-79.008813,8,1.55,145,-8.3,2147803,-8.3,-8.29532,4.97109,-3.80758,0.2897,0.61988,0.34697,-2.19234,12.7302,28.7489,0,enoS1(2_parsed).csv
36.076901,-79.008813,8,1.55,144.5,-7.54,2148003,-7.54,-7.53739,4.12104,-4.51765,-0.59239,-0.87949,-0.14661,-1.3154,15.06869,30.76586,0,enoS1(2_parsed).csv
36.076894,-79.008814,8,1.63,144.5,-8.79,2148803,-8.79,-8.79362,5.53879,-3.89252,0.05651,0.75808,0.24358,-3.30313,9.99708,24.72961,0,enoS1(2_parsed).csv
36.076894,-79.008814,8,1.63,144.7,-7.12,2149003,-7.12,-7.12283,3.55932,-4.72941,-1.21165,-1.43706,-0.18662,-1.47618,14.13329,30.51739,0,enoS1(2_parsed).csv
36.07689,-79.008812,8,1.25,144.7,-8.57,2149803,-8.57,-8.57229,5.4676,-4.78864,0.30329,0.95723,-0.48518,-4.3993,9.93861,21.23648,0,enoS1(2_parsed).csv
36.07689,-79.008812,8,1.25,144.7,-6.29,2150003,-6.29,-6.28654,3.91167,-4.74616,-0.76465,-0.53619,-0.26069,-2.67466,7.27857,25.41654,0,enoS1(2_parsed).csv
36.076884,-79.008812,8,1.08,144.7,-9.45,2150803,-9.45,-9.45105,5.49811,-4.80419,0.07621,0.43692,-0.32422,-4.867,4.94008,13.98714,0,enoS1(2_parsed).csv
36.076884,-79.008812,8,1.08,144.6,-6.21,2151003,-6.21,-6.20878,3.47019,-4.42493,-0.69883,-0.7955,-0.28879,-3.52236,3.87314,22.44958,0,enoS1(2_parsed).csv
36.076878,-79.008813,8,0.99,144.6,-9.01,2151803,-9.01,-9.00718,5.52563,-4.669,0.22541,0.99938,-0.07055,-2.89389,-1.54925,8.91552,0,enoS1(2_parsed).csv
36.076878,-79.008813,8,0.99,144.4,-7.34,2152003,-7.34,-7.33879,3.67538,-4.669,-0.88407,-1.11269,-0.23213,-3.01082,-2.86466,15.43408,0,enoS1(2_parsed).csv
36.076871,-79.00881,8,1.37,144.4,-8.11,2152803,-8.11,-8.11047,5.39522,-3.75135,0.08903,0.7732,0.05223,-1.46156,-6.62087,8.3309,0,enoS1(2_parsed).csv
36.076871,-79.00881,8,1.37,144.4,-8.14,2153003,-8.14,-8.13919,3.76511,-4.12582,-0.55115,-0.59911,-0.09377,-1.98772,-6.1824,10.84478,0,enoS1(2_parsed).csv
36.076863,-79.008807,8,1.62,144.4,-7.39,2153803,-7.39,-7.39203,4.68694,-3.32842,-0.18234,0.05803,-0.36881,0.67232,-10.87401,11.54633,0,enoS1(2_parsed).csv
36.076863,-79.008807,8,1.62,144.5,-8.44,2154003,-8.44,-8.43829,4.75035,-3.88535,0.07162,0.45677,0.28436,1.14002,-10.3917,5.17393,0,enoS1(2_parsed).csv
36.076856,-79.008806,8,1.61,144.5,-7.72,2154803,-7.72,-7.72403,4.4327,-3.79562,0.0704,0.46288,0.30925,1.79772,-11.5171,11.34171,0,enoS1(2_parsed).csv
36.076856,-79.008806,8,1.61,144.5,-7.89,2155003,-7.89,-7.88615,4.07976,-3.89133,-0.12492,-0.15195,-0.12385,1.09617,-10.8594,10.21631,0,enoS1(2_parsed).csv
36.076846,-79.008808,8,1.61,144.5,-8.06,2155803,-8.06,-8.06381,3.90628,-4.85922,-0.44639,-0.40867,0.03176,1.4031,-12.08711,12.37942,0,enoS1(2_parsed).csv
36.076846,-79.008808,8,1.61,144.6,-6.96,2156003,-6.96,-6.96012,3.76032,-4.62592,0.0423,0.0956,-0.19578,2.55773,-13.34405,16.20871,0,enoS1(2_parsed).csv
36.076838,-79.008807,8,1.76,144.6,-9.69,2156803,-9.69,-9.69153,4.63908,-3.8997,-0.04322,0.12401,0.06139,3.40544,-12.93481,3.40544,0,enoS1(2_parsed).csv
36.076838,-79.008807,8,1.76,144.5,-7.03,2157003,-7.03,-7.02892,3.90389,-4.13958,-0.79535,-1.6078,0.1066,1.57849,-11.2394,19.77492,0,enoS1(2_parsed).csv
36.076829,-79.008808,8,1.54,144.5,-8.12,2157803,-8.12,-8.11705,4.53918,-2.75055,0.53909,1.03297,-0.04139,2.61619,-13.09559,4.5893,0,enoS1(2_parsed).csv
36.076829,-79.008808,8,1.54,144.4,-8.41,2158003,-8.41,-8.41376,5.31147,-3.40738,-0.57818,-0.74296,-0.16585,3.39082,-13.68021,2.0608,0,enoS1(2_parsed).csv
36.076822,-79.008802,8,1.73,144.4,-7.4,2158803,-7.4,-7.39562,4.56311,-3.16152,0.6941,1.03236,0.21777,0.32154,-11.7948,10.12862,0,enoS1(2_parsed).csv
36.076822,-79.008802,8,1.73,144.3,-8.4,2159003,-8.4,-8.4018,4.36451,-3.29372,-0.17272,-0.63484,-0.01924,1.6808,-12.40865,3.30313,0,enoS1(2_parsed).csv
36.076813,-79.008799,8,1.69,144.3,-8.31,2159803,-8.31,-8.31386,4.71805,-3.69332,0.22648,0.34804,0.09316,-1.08156,-8.41859,8.81321,0,enoS1(2_parsed).csv
36.076813,-79.008799,8,1.69,144.2,-7.76,2160003,-7.76,-7.75753,4.12642,-3.74178,-0.1014,-0.32361,-0.32147,-0.51155,-9.71938,9.80707,0,enoS1(2_parsed).csv
36.076807,-79.008792,8,1.73,144.2,-8.02,2160803,-8.02,-8.01775,4.57268,-4.78385,0.12065,0.385,-0.09499,-0.30693,-9.95323,12.07249,0,enoS1(2_parsed).csv
36.076807,-79.008792,8,1.73,144.6,-7.77,2161003,-7.77,-7.7671,4.31246,-4.09831,-0.29062,-0.4806,-0.21121,1.19848,-11.28325,14.86407,0,enoS1(2_parsed).csv
36.076798,-79.008792,8,1.66,144.6,-6.69,2161803,-6.69,-6.69332,5.28754,-4.67857,0.07208,0.42501,-0.09041,2.79158,-14.65946,13.02251,0,enoS1(2_parsed).csv
36.076798,-79.008792,8,1.66,144.8,-8.04,2162003,-8.04,-8.03929,4.58345,-4.49432,-0.49801,-0.26282,-0.00199,3.09851,-14.82023,14.20637,0,enoS1(2_parsed).csv
36.076792,-79.00879,8,1.55,144.8,-6.98,2162803,-6.98,-6.98285,4.09412,-3.44925,-0.21793,-0.0504,-0.12004,5.56855,-17.14411,12.67173,0,enoS1(2_parsed).csv
36.076792,-79.00879,8,1.55,144.8,-8.91,2163003,-8.91,-8.91446,5.26541,-3.57368,0.17562,0.73563,-0.05406,4.54545,-17.56796,9.04706,0,enoS1(2_parsed).csv
36.076787,-79.008787,8,1.13,144.8,-7.34,2163803,-7.34,-7.34238,4.6014,-3.74477,-0.57773,-0.86987,-0.03009,5.59778,-19.42414,13.21251,0,enoS1(2_parsed).csv
36.076787,-79.008787,8,1.13,145.1,-7.6,2164003,-7.6,-7.6014,3.6341,-4.06481,0.36835,0.84452,0.06384,5.02777,-17.52412,14.87869,0,enoS1(2_parsed).csv
36.076781,-79.008785,8,1.36,145.1,-7.83,2164803,-7.83,-7.82752,5.29412,-2.98804,-0.05788,-0.13867,0.0168,6.08009,-18.7226,11.3271,0,enoS1(2_parsed).csv
36.076781,-79.008785,8,1.36,144.8,-8.27,2165003,-8.27,-8.27019,3.95833,-4.57627,0.07117,0.1434,0.31902,4.00468,-16.79334,11.48787,0,enoS1(2_parsed).csv
36.076774,-79.008783,8,1.35,144.8,-6.37,2165803,-6.37,-6.3661,4.02234,-4.61695,0.24282,0.11897,-0.00855,4.32622,-16.83718,17.7872,0,enoS1(2_parsed).csv
36.076774,-79.008783,8,1.35,144.7,-8.83,2166003,-8.83,-8.8349,4.96391,-5.04168,-0.34315,-0.60277,0.15989,3.36159,-15.15639,13.25636,0,enoS1(2_parsed).csv
36.076768,-79.00878,8,1.36,144.7,-6.37,2166803,-6.37,-6.37029,3.92662,-4.11087,0.60109,0.91767,-0.04627,2.47004,-13.25636,15.171,0,enoS1(2_parsed).csv
36.076768,-79.00878,8,1.36,144.8,-8.94,2167003,-8.94,-8.94198,5.57827,-3.08315,-0.04169,0.04872,0.30299,3.02543,-12.71558,4.5893,0,enoS1(2_parsed).csv
36.076763,-79.008775,8,1.32,144.8,-6.34,2167803,-6.34,-6.33919,3.50249,-4.07976,0.12446,0.49175,0.00779,2.76235,-12.86174,17.80181,0,enoS1(2_parsed).csv
36.076763,-79.008775,8,1.32,144.7,-9.06,2168003,-9.06,-9.06282,5.3354,-3.84347,0.1211,0.44059,0.06903,2.32388,-13.1102,7.61473,0,enoS1(2_parsed).csv
36.076759,-79.008769,8,1.45,144.7,-8.16,2168803,-8.16,-8.15713,4.42792,-3.30808,-0.33582,0.02077,-0.08888,3.77083,-16.99795,11.42941,0,enoS1(2_parsed).csv
36.076759,-79.008769,8,1.45,144.2,-7.13,2169003,-7.13,-7.12762,4.32263,-3.52283,-0.07758,0.38057,-0.24053,5.78778,-19.32183,12.27711,0,enoS1(2_parsed).csv
36.076757,-79.008766,8,1.04,144.2,-7.47,2169803,-7.47,-7.47219,4.80239,-4.31785,-0.06842,0.65393,-0.04643,9.93861,-22.91727,19.71646,0,enoS1(2_parsed).csv
36.076757,-79.008766,8,1.04,143.7,-8.23,2170003,-8.23,-8.2349,4.35075,-4.32562,-0.27168,0.23625,-0.12737,9.54399,-23.94037,13.65098,0,enoS1(2_parsed).csv
36.076754,-79.008762,8,1.12,143.7,-6.96,2170803,-6.96,-6.95833,3.9021,-4.86042,-0.03528,0.22541,-0.22755,13.50482,-24.45191,22.8442,0,enoS1(2_parsed).csv
36.076754,-79.008762,8,1.12,143.5,-7.85,2171003,-7.85,-7.84966,5.21875,-5.06082,-0.17883,0.13302,-0.06597,15.33177,-26.90734,21.6311,0,enoS1(2_parsed).csv
36.076748,-79.008756,8,1.27,143.5,-7.05,2171803,-7.05,-7.04806,3.82433,-4.0343,-0.54779,-0.23656,-0.10751,15.9164,-27.59427,22.5665,0,enoS1(2_parsed).csv
36.076748,-79.008756,8,1.27,143.3,-8.08,2172003,-8.08,-8.08056,4.57149,-3.76212,0.0759,0.61942,-0.06475,15.8287,-27.60889,23.76498,0,enoS1(2_parsed).csv
36.076744,-79.008751,8,1.53,143.3,-8,2172803,-8,-8.0028,4.16531,-4.04746,-0.52855,-0.29123,0.07269,18.53259,-28.17889,27.36042,0,enoS1(2_parsed).csv
36.076744,-79.008751,8,1.53,142.6,-7.38,2173003,-7.38,-7.37887,4.23889,-4.002,0.06078,0.52,-0.33063,18.6349,-27.59427,28.22274,0,enoS1(2_parsed).csv
36.076741,-79.008746,8,1.59,142.6,-7.81,2173803,-7.81,-7.81077,4.59482,-3.96551,-0.04597,0.33872,-0.19196,20.75417,-27.00965,32.25665,0,enoS1(2_parsed).csv
36.076741,-79.008746,8,1.59,142,-7.77,2174003,-7.77,-7.77428,4.64507,-3.97807,-0.31124,-0.10522,-0.38683,22.6542,-28.90967,32.11049,0,enoS1(2_parsed).csv
36.076736,-79.008742,8,1.52,142,-8.25,2174803,-8.25,-8.24746,4.84427,-3.72383,-0.18066,0.19563,-0.45326,21.77726,-26.43964,35.82286,0,enoS1(2_parsed).csv
36.076736,-79.008742,9,1.52,142,-7.16,2175003,-7.16,-7.16172,4.44886,-4.1665,-0.45586,-0.09759,-0.02016,24.97808,-25.98655,39.18445,0,enoS1(2_parsed).csv
36.076731,-79.008738,9,1.45,142,-8,2175803,-8,-8.00399,4.67079,-3.65982,-0.27199,0.18876,-0.20357,23.53113,-22.33265,41.09909,0,enoS1(2_parsed).csv
36.076731,-79.008738,9,1.45,141.9,-7.51,2176003,-7.51,-7.50987,4.39203,-4.19641,-0.30696,0.09056,0.0788,23.39959,-20.57878,44.19761,0,enoS1(2_parsed).csv
36.076728,-79.008735,9,1.15,141.9,-7.68,2176803,-7.68,-7.68276,4.5338,-3.43849,-0.15012,0.21594,-0.23518,23.28267,-17.99182,45.27916,0,enoS1(2_parsed).csv
36.076728,-79.008735,9,1.15,141.8,-8.04,2177003,-8.04,-8.03749,4.64208,-4.22572,-0.22907,0.00061,-0.08628,22.97574,-18.40105,44.08068,0,enoS1(2_parsed).csv
36.076723,-79.008732,9,1.47,141.8,-8.05,2177803,-8.05,-8.04527,4.60559,-4.24905,0.01145,0.19624,-0.16432,23.13651,-15.6387,47.39842,0,enoS1(2_parsed).csv
36.076723,-79.008732,9,1.47,141.7,-7.59,2178003,-7.59,-7.58585,4.65105,-3.67717,-0.05651,0.01038,0.01023,22.81497,-15.84332,46.76995,0,enoS1(2_parsed).csv
36.076718,-79.008729,9,1.22,141.7,-7.23,2178803,-7.23,-7.23231,4.89751,-4.75274,0.0391,0.19975,0.14355,25.54809,-15.34639,47.82227,0,enoS1(2_parsed).csv
36.076718,-79.008729,9,1.22,141.8,-7.88,2179003,-7.88,-7.88495,4.2329,-4.19821,-0.01726,0.08277,0.18845,23.00497,-14.7033,47.61766,0,enoS1(2_parsed).csv
36.076715,-79.008726,9,0.82,141.8,-7.58,2179803,-7.58,-7.58345,4.5326,-4.63011,-0.12126,-0.18234,0.16203,25.44578,-16.45718,48.14382,0,enoS1(2_parsed).csv
36.076715,-79.008726,9,0.82,141.6,-7.33,2180003,-7.33,-7.32922,3.96192,-4.42313,0.13882,0.19548,0.19578,25.03654,-15.06869,48.74306,0,enoS1(2_parsed).csv
36.076714,-79.008722,9,0.64,141.6,-7.98,2180803,-7.98,-7.98305,5.02612,-3.75793,0.01283,0.01038,0.23381,23.51652,-19.59953,44.40222,0,enoS1(2_parsed).csv
36.076714,-79.008722,9,0.64,141.5,-7.77,2181003,-7.77,-7.77249,4.12882,-4.46501,-0.16371,-0.41188,0.21457,23.88191,-18.66413,45.14762,0,enoS1(2_parsed).csv
36.076712,-79.008715,9,1.16,141.5,-7.44,2181803,-7.44,-7.43809,4.12702,-3.57248,-0.05986,-0.18463,0.08552,25.25577,-21.10494,43.27682,0,enoS1(2_parsed).csv
36.076712,-79.008715,9,1.16,141.6,-8.14,2182003,-8.14,-8.14038,4.82393,-4.04387,0.24725,0.35873,0.22969,22.6542,-21.2511,41.74218,0,enoS1(2_parsed).csv
36.076705,-79.008713,9,1.43,141.6,-7.52,2182803,-7.52,-7.52184,4.32622,-3.68734,0.04872,-0.09255,-0.05773,23.28267,-23.73575,41.33294,0,enoS1(2_parsed).csv
36.076705,-79.008713,8,1.43,142.1,-7.88,2183003,-7.88,-7.88435,4.57568,-3.58804,0.27626,0.30497,0.12324,22.52265,-23.95498,39.92985,0,enoS1(2_parsed).csv
36.076698,-79.008714,8,1.47,142.1,-7.78,2183803,-7.78,-7.78146,4.60678,-4.1342,0.1237,0.01573,-0.08964,23.75036,-25.35808,38.61444,0,enoS1(2_parsed).csv
36.076698,-79.008714,8,1.47,142.1,-7.81,2184003,-7.81,-7.81017,4.74018,-3.42652,0.08842,0.0171,0.17211,23.35574,-25.95732,36.75826,0,enoS1(2_parsed).csv
36.076691,-79.00871,8,1.71,142.1,-7.18,2184803,-7.18,-7.17727,4.61755,-4.06959,-0.10614,-0.20113,0.18021,24.78807,-26.46887,36.91903,0,enoS1(2_parsed).csv
36.076691,-79.00871,8,1.71,142.4,-8.08,2185003,-8.08,-8.08116,4.42732,-3.92602,0.22205,0.44853,0.15592,22.63958,-25.76732,35.54516,0,enoS1(2_parsed).csv
36.076687,-79.008709,8,1.2,142.4,-7.1,2185803,-7.1,-7.1025,4.0684,-3.9021,-0.01191,-0.17959,0.10721,23.57498,-26.14733,37.09442,0,enoS1(2_parsed).csv
36.076687,-79.008709,8,1.2,142.4,-8.14,2186003,-8.14,-8.13859,4.71865,-4.07139,0.37141,0.53084,-0.06216,21.80649,-26.99503,33.22128,0,enoS1(2_parsed).csv
36.076686,-79.008705,8,0.75,142.4,-7.15,2186803,-7.15,-7.14856,4.31785,-4.23051,0.02352,-0.36117,-0.09972,22.24496,-27.21426,34.02514,0,enoS1(2_parsed).csv
36.076686,-79.008705,8,0.75,142.8,-7.9,2187003,-7.9,-7.90469,4.69292,-3.80878,0.51572,0.60216,0.20281,21.23648,-28.79275,31.51125,0,enoS1(2_parsed).csv
36.076686,-79.008698,8,1.09,142.8,-7.4,2187803,-7.4,-7.39921,4.23889,-3.76212,0.11912,0.08231,0.26145,20.81263,-28.60275,29.81584,0,enoS1(2_parsed).csv
36.076686,-79.008698,8,1.09,142.9,-8.18,2188003,-8.18,-8.17508,4.79522,-3.89611,0.17211,0.1576,-0.0985,18.70798,-28.16428,25.31424,0,enoS1(2_parsed).csv
36.076687,-79.008694,8,0.89,142.9,-7.69,2188803,-7.69,-7.68694,4.76052,-3.60539,0.22342,0.08949,0.22724,17.9772,-28.06197,23.15112,0,enoS1(2_parsed).csv
36.076687,-79.008694,9,0.89,141.5,-7.91,2189003,-7.91,-7.91486,4.2012,-3.87159,0.02321,-0.25519,0.09255,16.88103,-27.59427,22.62496,0,enoS1(2_parsed).csv
36.076684,-79.008688,9,1.31,141.5,-7.69,2189803,-7.69,-7.68694,4.58106,-4.19163,0.00855,-0.30055,0.20174,14.46945,-26.36656,19.02952,0,enoS1(2_parsed).csv
36.076684,-79.008688,9,1.31,141,-7.64,2190003,-7.64,-7.64208,3.79083,-3.79143,0.28069,-0.08751,0.01695,13.82637,-25.94271,21.48495,0,enoS1(2_parsed).csv
36.076685,-79.008681,9,1.12,141,-8.01,2190803,-8.01,-8.00519,4.84427,-4.34118,0.03375,-0.3569,0.18998,10.45016,-23.72113,15.34639,0,enoS1(2_parsed).csv
36.076685,-79.008681,9,1.12,139.9,-7.02,2191003,-7.02,-7.02293,4.0349,-4.24367,0.16585,-0.17547,0.01466,9.95323,-22.80035,18.81029,0,enoS1(2_parsed).csv
36.076681,-79.008676,9,1.61,139.9,-8.12,2191803,-8.12,-8.12064,4.88016,-3.89671,0.281,0.04459,0.12202,6.41625,-19.51184,11.26863,0,enoS1(2_parsed).csv
36.076681,-79.008676,9,1.61,138.4,-7.63,2192003,-7.63,-7.63251,4.39681,-3.87996,0.02077,-0.32208,0.16738,5.08623,-17.67027,11.34171,0,enoS1(2_parsed).csv
36.076676,-79.008674,9,1.21,138.4,-7.48,2192803,-7.48,-7.48056,4.23231,-3.98824,0.12981,-0.10018,0.25015,2.44081,-12.75943,13.34405,0,enoS1(2_parsed).csv
36.076676,-79.008674,8,1.21,138.1,-7.7,2193003,-7.7,-7.69532,4.1013,-4.36451,0.37981,0.0846,-0.09514,2.09003,-12.42327,11.60479,0,enoS1(2_parsed).csv
36.076668,-79.008671,8,1.36,138.1,-7.09,2193803,-7.09,-7.08814,4.10249,-5.07518,-0.312,-0.65576,0.14661,-0.54078,-8.56475,17.52412,0,enoS1(2_parsed).csv
36.076668,-79.008671,8,1.36,138.4,-7.37,2194003,-7.37,-7.3669,4.38066,-4.93041,0.50793,0.71746,0.06521,-0.42385,-7.98012,17.08565,0,enoS1(2_parsed).csv
36.076661,-79.008671,8,1.32,138.4,-7.3,2194803,-7.3,-7.3005,3.95952,-4.06002,-0.03207,-0.02046,0.00779,-2.03157,-5.247,13.97252,0,enoS1(2_parsed).csv
36.076661,-79.008671,8,1.32,138,-8.2,2195003,-8.2,-8.20499,4.64746,-3.92961,0.29795,0.28344,-0.28619,-0.68693,-6.84011,10.83017,0,enoS1(2_parsed).csv
36.076657,-79.008665,8,1.43,138,-6.88,2195803,-6.88,-6.87518,3.94517,-4.02832,-0.22785,-0.45509,-0.10095,-1.43233,-5.86086,16.35487,0,enoS1(2_parsed).csv
36.076657,-79.008665,8,1.43,137.9,-7.75,2196003,-7.75,-7.75454,4.44168,-4.51107,0.44685,0.69883,0.05773,-1.72464,-5.15931,12.90558,0,enoS1(2_parsed).csv
36.076649,-79.008665,8,1.69,137.9,-6.62,2196803,-6.62,-6.62333,3.63829,-4.45304,-0.27214,-0.20815,0.06674,-1.63695,-5.15931,17.88951,0,enoS1(2_parsed).csv
36.076649,-79.008665,8,1.69,137.6,-8.24,2197003,-8.24,-8.24088,4.67258,-4.41057,0.39966,0.92806,-0.04719,-2.07542,-4.80854,11.59018,0,enoS1(2_parsed).csv
36.076637,-79.008659,8,2.39,137.6,-7.06,2197803,-7.06,-7.06002,3.85783,-4.21795,-0.13882,0.17028,0.00443,-1.57849,-6.84011,15.11254,0,enoS1(2_parsed).csv
36.076637,-79.008659,9,2.39,139.6,-8.2,2198003,-8.2,-8.20379,4.98724,-4.27837,-0.02978,0.24496,-0.24923,-0.7454,-8.56475,10.66939,0,enoS1(2_parsed).csv
36.076624,-79.008652,9,2.07,139.6,-6.72,2198803,-6.72,-6.71905,3.94876,-4.401,-0.13485,0.06674,-0.09789,0.86232,-10.17246,16.92488,0,enoS1(2_parsed).csv
36.076624,-79.008652,9,2.07,143,-8.01,2199003,-8.01,-8.01476,4.29571,-4.63908,0.17868,0.46655,-0.22755,0.7454,-10.80094,12.30634,0,enoS1(2_parsed).csv
36.076617,-79.008652,9,1.4,143,-7.4,2199803,-7.4,-7.39861,4.19581,-4.07318,-0.53054,-0.50289,-0.17455,2.93774,-13.49021,13.16866,0,enoS1(2_parsed).csv
36.076617,-79.008652,8,1.4,143.1,-7.3,2200003,-7.3,-7.29572,4.86042,-4.90708,-0.10705,0.37507,0.10461,3.14236,-13.24174,14.65946,0,enoS1(2_parsed).csv
36.076608,-79.008649,8,1.76,143.1,-7.41,2200803,-7.41,-7.40818,4.40818,-3.87398,-0.09407,0.42883,-0.24557,4.92546,-17.62642,11.7071,0,enoS1(2_parsed).csv
36.076608,-79.008649,8,1.76,143.9,-8.22,2201003,-8.22,-8.21935,4.77847,-3.72443,-0.41065,-0.05024,0.10385,5.72932,-18.2549,10.28939,0,enoS1(2_parsed).csv
36.0766,-79.008646,8,1.67,143.9,-7.64,2201803,-7.64,-7.64148,4.36032,-3.95893,-0.27596,-0.00397,-0.36606,9.32476,-22.46419,13.65098,0,enoS1(2_parsed).csv
36.0766,-79.008646,8,1.67,144.2,-7.71,2202003,-7.71,-7.71267,4.99621,-3.56112,-0.08751,0.38851,0.03864,9.22245,-22.96112,13.1102,0,enoS1(2_parsed).csv
36.07659,-79.008649,8,1.13,144.2,-8.08,2202803,-8.08,-8.08176,4.49013,-3.65982,-0.19364,0.27,-0.17119,12.96405,-26.05963,17.49488,0,enoS1(2_parsed).csv
36.07659,-79.008649,8,1.13,145,-7.66,2203003,-7.66,-7.65584,4.53081,-4.01336,-0.13393,0.25122,-0.10629,12.8325,-25.98655,17.75797,0,enoS1(2_parsed).csv
36.076585,-79.008646,8,1.44,145,-7.81,2203803,-7.81,-7.81077,4.77189,-3.99721,-0.07162,0.28466,-0.31215,16.53025,-28.03274,20.11108,0,enoS1(2_parsed).csv
36.076585,-79.008646,8,1.44,145.9,-7.6,2204003,-7.6,-7.60319,4.70369,-3.74955,-0.4163,0.02505,0.12156,17.39258,-28.71967,23.04882,0,enoS1(2_parsed).csv
36.076577,-79.008646,8,1.36,145.9,-7.24,2204803,-7.24,-7.23769,4.95494,-4.04387,-0.29077,0.01787,-0.04414,20.16954,-29.24584,26.64426,0,enoS1(2_parsed).csv
36.076577,-79.008646,8,1.36,146.6,-7.95,2205003,-7.95,-7.94955,4.32503,-3.91406,-0.06246,0.50687,-0.15623,19.70184,-28.54429,27.59427,0,enoS1(2_parsed).csv
36.076573,-79.008642,8,0.98,146.6,-7.68,2205803,-7.68,-7.68096,4.24547,-4.25623,-0.02153,0.47037,-0.26267,21.45571,-26.93657,33.13359,0,enoS1(2_parsed).csv
36.076573,-79.008642,8,0.98,147.3,-7.84,2206003,-7.84,-7.84188,4.54337,-3.84168,-0.49251,-0.33689,-0.09957,22.78574,-26.98042,33.38205,0,enoS1(2_parsed).csv
36.076562,-79.008642,8,1.71,147.3,-7.78,2206803,-7.78,-7.77966,4.75334,-4.15155,-0.56398,-0.31841,-0.15287,22.91727,-25.41654,36.8021,0,enoS1(2_parsed).csv
36.076562,-79.008642,8,1.71,149,-7.41,2207003,-7.41,-7.40758,4.01157,-3.74955,-0.12935,0.44242,-0.27321,24.87577,-23.53113,41.46449,0,enoS1(2_parsed).csv
36.076555,-79.008643,8,1.67,149,-7.97,2207803,-7.97,-7.96989,4.67019,-3.6682,-0.40103,-0.00122,-0.24847,23.53113,-20.19877,43.8176,0,enoS1(2_parsed).csv
36.076555,-79.008643,8,1.67,149.6,-7.75,2208003,-7.75,-7.74856,4.52842,-3.80279,-0.25992,0.30635,-0.18372,23.15112,-19.35107,44.56299,0,enoS1(2_parsed).csv
36.076552,-79.008638,8,1.27,149.6,-8.35,2208803,-8.35,-8.35155,4.2658,-3.84527,-0.4583,-0.34957,-0.29428,21.67495,-12.87635,46.82841,0,enoS1(2_parsed).csv
36.076552,-79.008638,8,1.27,149.8,-6.9,2209003,-6.9,-6.89552,4.2664,-4.48116,-0.12141,0.28008,0.0029,23.41421,-11.21017,49.51768,0,enoS1(2_parsed).csv
36.076547,-79.008632,8,1.73,149.8,-8.49,2209803,-8.49,-8.49093,4.91785,-3.62752,-0.29322,-0.02917,0.00916,18.13797,-10.83017,46.56533,0,enoS1(2_parsed).csv
36.076547,-79.008632,8,1.73,149.3,-6.96,2210003,-6.96,-6.95773,4.0684,-3.92901,-0.55375,-0.51175,-0.07269,21.87957,-6.56241,50.70155,0,enoS1(2_parsed).csv
36.076541,-79.008626,8,1.51,149.3,-7.73,2210803,-7.73,-7.7336,4.48355,-4.08156,-0.38576,-0.22083,-0.08033,18.7226,-5.04239,50.5554,0,enoS1(2_parsed).csv
36.076541,-79.008626,9,1.51,150.4,-7.95,2211003,-7.95,-7.94776,4.32443,-3.58923,0.20372,0.67409,-0.10156,18.66413,-4.07775,49.56153,0,enoS1(2_parsed).csv
36.076531,-79.008625,9,1.01,150.4,-7.46,2211803,-7.46,-7.46082,4.11924,-4.41655,-0.12095,0.0869,0.00687,18.50336,-0.68693,50.78924,0,enoS1(2_parsed).csv
36.076531,-79.008625,9,1.01,152.6,-8.13,2212003,-8.13,-8.13261,4.44168,-3.64905,0.06689,0.35598,-0.23579,15.65332,-1.2131,48.42151,0,enoS1(2_parsed).csv
36.07653,-79.008621,9,1.15,152.6,-8.08,2212803,-8.08,-8.07817,4.61576,-3.95593,-0.03925,0.11316,-0.01145,16.41333,-0.71616,49.31306,0,enoS1(2_parsed).csv
36.07653,-79.008621,8,1.15,152.4,-7.02,2213003,-7.02,-7.01935,4.47757,-4.25444,-0.06781,0.00687,0.07926,16.86641,0.17539,50.04385,0,enoS1(2_parsed).csv
36.076526,-79.008617,8,0.86,152.4,-7.94,2213803,-7.94,-7.93759,4.69771,-4.16351,0.26374,0.18234,0.17837,15.62409,-3.50775,48.52382,0,enoS1(2_parsed).csv
36.076526,-79.008617,8,0.86,152.6,-7.57,2214003,-7.57,-7.57209,4.77787,-3.50788,-0.36331,-0.68707,0.06338,17.53873,-2.77697,50.6577,0,enoS1(2_parsed).csv
36.076523,-79.008612,8,1.3,152.6,-7.79,2214803,-7.79,-7.78624,4.98425,-4.54397,0.02123,-0.04123,0.26069,19.27799,-4.35545,51.41771,0,enoS1(2_parsed).csv
36.076523,-79.008612,8,1.3,152.5,-7.47,2215003,-7.47,-7.4692,4.16291,-4.10309,0.00214,-0.00168,-0.05864,19.61415,-3.84391,50.2777,0,enoS1(2_parsed).csv
36.076517,-79.008608,8,1.45,152.5,-7.73,2215803,-7.73,-7.7348,4.73719,-3.95773,-0.09285,-0.05971,-0.06292,18.97106,-4.5893,50.05846,0,enoS1(2_parsed).csv
36.076517,-79.008608,8,1.45,152.6,-7.65,2216003,-7.65,-7.64507,4.15334,-3.9996,0.20097,0.42073,0.16463,19.49722,-3.90237,50.49693,0,enoS1(2_parsed).csv
36.07651,-79.008604,8,1.42,152.6,-7.23,2216803,-7.23,-7.22692,4.4339,-4.53141,-0.23885,-0.27214,0.05315,20.76878,-4.7793,51.60772,0,enoS1(2_parsed).csv
36.07651,-79.008604,8,1.42,152.8,-7.7,2217003,-7.7,-7.70489,4.37229,-3.91705,0.44242,0.76893,-0.01955,19.59953,-4.94008,50.33616,0,enoS1(2_parsed).csv
36.076503,-79.008606,8,1.47,152.8,-7.41,2217803,-7.41,-7.41356,4.05942,-4.2682,-0.17914,-0.10339,-0.04047,21.28033,-4.867,51.37387,0,enoS1(2_parsed).csv
36.076503,-79.008606,8,1.47,153.1,-7.88,2218003,-7.88,-7.88196,4.74497,-3.83689,0.08399,0.27519,0.25519,18.88337,-4.63315,49.26922,0,enoS1(2_parsed).csv
36.076498,-79.008604,8,1.08,153.1,-8.02,2218803,-8.02,-8.02493,4.52602,-3.72742,-0.3543,-0.58994,-0.10904,18.12336,-5.72932,49.73692,0,enoS1(2_parsed).csv
36.076498,-79.008604,8,1.08,153.8,-6.99,2219003,-6.99,-6.99482,4.19641,-4.70907,0.04123,0.12538,0.03574,21.77726,-4.15083,51.62233,0,enoS1(2_parsed).csv
36.076492,-79.008605,8,1.13,153.8,-7.94,2219803,-7.94,-7.93819,4.8012,-3.26261,0.18463,0.25443,-0.00504,17.93335,-7.22011,48.90383,0,enoS1(2_parsed).csv
36.076492,-79.008605,8,1.13,154.7,-7.7,2220003,-7.7,-7.70429,4.41296,-3.67418,-0.07254,-0.16829,-0.12278,18.43028,-7.73166,47.95382,0,enoS1(2_parsed).csv
36.076485,-79.008606,8,1.37,154.7,-7.41,2220803,-7.41,-7.41117,4.34716,-4.59242,-0.34483,-0.58399,-0.16493,22.15726,-5.51008,52.89389,0,enoS1(2_parsed).csv
36.076485,-79.008606,8,1.37,155.4,-7.33,2221003,-7.33,-7.3346,4.4339,-4.31905,0.47235,0.8659,0.0394,22.44958,-7.08857,51.65156,0,enoS1(2_parsed).csv
36.076476,-79.008606,8,1.44,155.4,-7.26,2221803,-7.26,-7.25504,4.4686,-4.53739,-0.05803,-0.03696,-0.02734,21.95265,-6.34317,51.25694,0,enoS1(2_parsed).csv
36.076476,-79.008606,8,1.44,156.3,-7.42,2222003,-7.42,-7.42373,4.51406,-3.97687,0.08491,0.31444,-0.12767,20.71032,-7.3078,50.36539,0,enoS1(2_parsed).csv
36.07647,-79.008606,8,1.46,156.3,-7.05,2222803,-7.05,-7.04926,4.55175,-4.48236,-0.27779,-0.33628,-0.23763,21.39725,-5.9924,51.27156,0,enoS1(2_parsed).csv
36.07647,-79.008606,8,1.46,156.8,-7.62,2223003,-7.62,-7.61635,4.35254,-3.91585,0.24618,0.63561,0.26985,21.42648,-5.75855,51.16925,0,enoS1(2_parsed).csv
36.07646,-79.008605,8,1.6,156.8,-7.84,2223803,-7.84,-7.84307,4.90588,-3.9673,0.0617,0.19074,-0.05345,19.68723,-6.76703,49.37153,0,enoS1(2_parsed).csv
36.07646,-79.008605,8,1.6,157.8,-7.49,2224003,-7.49,-7.48894,4.267,-3.91885,-0.15027,-0.15149,0.02978,18.51798,-5.15931,50.07307,0,enoS1(2_parsed).csv
36.076453,-79.008603,8,1.28,157.8,-8.1,2224803,-8.1,-8.1015,4.66122,-4.21256,0.07559,0.15104,-0.20464,19.73107,-6.24087,49.92692,0,enoS1(2_parsed).csv
36.076453,-79.008603,8,1.28,158.8,-7.51,2225003,-7.51,-7.51107,4.68634,-4.06361,-0.12767,-0.08796,0.32483,19.97954,-5.65624,50.36539,0,enoS1(2_parsed).csv
36.076451,-79.008602,8,1.17,158.8,-7.84,2225803,-7.84,-7.84068,4.66959,-4.21137,0.11286,0.33139,0.20815,19.87723,-5.65624,49.63461,0,enoS1(2_parsed).csv
36.076451,-79.008602,8,1.17,158.1,-7.7,2226003,-7.7,-7.70309,4.26042,-4.37229,-0.21228,-0.41676,-0.09652,18.83952,-4.95469,50.07307,0,enoS1(2_parsed).csv
36.076446,-79.008601,8,1.16,158.1,-7.9,2226803,-7.9,-7.89632,4.83171,-4.08754,0.22541,0.35736,-0.02321,17.93335,-7.62935,49.32768,0,enoS1(2_parsed).csv
36.076446,-79.008601,8,1.16,158.5,-7.61,2227003,-7.61,-7.61396,4.47697,-3.83211,-0.35507,-0.53313,0.14844,19.58492,-7.22011,49.44461,0,enoS1(2_parsed).csv
36.076444,-79.008596,8,1.39,158.5,-8.19,2227803,-8.19,-8.18525,4.37288,-4.00977,0.24312,0.33857,0.08186,19.90646,-7.70243,49.85384,0,enoS1(2_parsed).csv
36.076444,-79.008596,8,1.39,158,-7.77,2228003,-7.77,-7.77249,4.72523,-4.0678,-0.02963,-0.19914,-0.20189,20.3157,-8.90091,49.32768,0,enoS1(2_parsed).csv
36.076437,-79.008596,8,1.38,158,-7.85,2228803,-7.85,-7.85444,3.81775,-4.3663,0.20907,0.06109,-0.23702,22.47881,-8.2432,51.00848,0,enoS1(2_parsed).csv
36.076437,-79.008596,8,1.38,158.4,-7.52,2229003,-7.52,-7.52423,4.87059,-4.49252,0.21533,0.07773,0.07086,22.68343,-10.59632,49.92692,0,enoS1(2_parsed).csv
36.076431,-79.008595,8,1.37,158.4,-7.66,2229803,-7.66,-7.66301,4.19761,-4.1659,-0.1098,-0.58872,-0.10934,22.80035,-12.80327,49.2546,0,enoS1(2_parsed).csv
36.076431,-79.008595,8,1.37,158.8,-7.18,2230003,-7.18,-7.18206,4.4686,-4.5338,0.25534,0.07453,0.00596,25.02192,-13.3002,49.83923,0,enoS1(2_parsed).csv
36.076424,-79.008596,8,1.59,158.8,-7.52,2230803,-7.52,-7.52423,4.01755,-4.20598,0.11897,-0.10354,-0.00977,22.53727,-16.42794,47.13534,0,enoS1(2_parsed).csv
36.076424,-79.008596,8,1.59,159.4,-7.85,2231003,-7.85,-7.84726,4.53978,-3.91227,0.21701,-0.06979,-0.04826,23.72113,-18.07951,45.05993,0,enoS1(2_parsed).csv
36.076418,-79.008597,8,1.35,159.4,-7.76,2231803,-7.76,-7.76052,4.54576,-3.77348,0.00275,-0.22144,0.16341,23.39959,-21.01725,42.91143,0,enoS1(2_parsed).csv
36.076418,-79.008597,8,1.35,159.8,-7.62,2232003,-7.62,-7.62234,4.35613,-3.95354,0.15913,-0.00321,-0.02245,24.04268,-21.10494,43.91991,0,enoS1(2_parsed).csv
36.076411,-79.008597,8,1.36,159.8,-7.84,2232803,-7.84,-7.8359,4.42672,-3.91047,0.25381,0.06322,-0.06567,23.23882,-23.5019,39.62292,0,enoS1(2_parsed).csv
36.076411,-79.008597,8,1.36,160.6,-7.77,2233003,-7.77,-7.77129,4.69113,-3.94038,0.05223,-0.21533,0.11332,23.80883,-25.19731,39.22829,0,enoS1(2_parsed).csv
36.076407,-79.008595,8,1.02,160.6,-7.91,2233803,-7.91,-7.91007,4.64507,-3.87338,0.36942,0.23854,0.08827,22.80035,-26.11809,35.9544,0,enoS1(2_parsed).csv
36.076407,-79.008595,8,1.02,161.1,-7.63,2234003,-7.63,-7.62533,4.71147,-4.18624,-0.11759,-0.44181,-0.07437,22.55189,-26.93657,35.85209,0,enoS1(2_parsed).csv
36.0764,-79.008595,8,1.21,161.1,-7.74,2234803,-7.74,-7.7354,4.49851,-3.96251,0.3401,0.26481,0.08842,22.04034,-28.16428,32.6805,0,enoS1(2_parsed).csv
36.0764,-79.008595,8,1.21,162,-7.96,2235003,-7.96,-7.96391,5.05244,-3.80818,-0.04749,-0.26405,-0.02581,22.05495,-28.92429,31.18971,0,enoS1(2_parsed).csv
36.076391,-79.008596,8,1.57,162,-7.52,2235803,-7.52,-7.51586,4.64925,-3.79203,0.01008,-0.21945,0.04597,21.83572,-29.34814,30.4297,0,enoS1(2_parsed).csv
36.076391,-79.008596,8,1.57,162.7,-7.62,2236003,-7.62,-7.61576,4.62413,-3.88415,0.11423,0.11393,0.22373,20.38877,-28.39813,28.98275,0,enoS1(2_parsed).csv
36.076385,-79.008596,8,1.51,162.7,-7.49,2236803,-7.49,-7.48954,4.15813,-4.28495,0.28894,0.21121,0.11484,19.39491,-27.59427,27.65273,0,enoS1(2_parsed).csv
36.076385,-79.008596,7,1.51,162.6,-8.03,2237003,-8.03,-8.02792,4.83111,-3.98943,0.00825,-0.30497,0.08598,19.00029,-28.71967,24.65653,0,enoS1(2_parsed).csv
36.076382,-79.008596,7,1.3,162.6,-7.85,2237803,-7.85,-7.84666,4.42433,-3.91705,0.29703,0.15669,0.12126,17.20257,-28.03274,22.47881,0,enoS1(2_parsed).csv
36.076382,-79.008596,7,1.3,162.2,-7.73,2238003,-7.73,-7.72882,4.9992,-3.71845,-0.13561,-0.46731,-0.10553,18.09412,-28.95352,21.93803,0,enoS1(2_parsed).csv
36.076375,-79.008598,7,1.17,162.2,-7.91,2238803,-7.91,-7.91007,4.91785,-3.61077,0.25687,0.15501,-0.07957,15.37562,-27.56504,18.29874,0,enoS1(2_parsed).csv
36.076375,-79.008598,8,1.17,163.1,-7.54,2239003,-7.54,-7.53739,4.78505,-3.69093,-0.15134,-0.21441,0.33704,14.95177,-27.36042,18.88337,0,enoS1(2_parsed).csv
36.076365,-79.0086,8,1.05,163.1,-7.56,2239803,-7.56,-7.56132,4.88016,-3.79861,0.26099,0.35736,-0.10247,14.08945,-27.12657,17.90412,0,enoS1(2_parsed).csv
36.076365,-79.0086,8,1.05,164.8,-8.16,2240003,-8.16,-8.16192,4.54098,-3.85962,-0.22266,-0.29642,0.29505,12.59865,-26.48348,16.50102,0,enoS1(2_parsed).csv
36.076363,-79.0086,8,1.07,164.8,-7.66,2240803,-7.66,-7.66421,4.54876,-3.88295,0.33216,0.4444,0.1967,11.37094,-24.96346,15.4487,0,enoS1(2_parsed).csv
36.076363,-79.0086,7,1.07,164.3,-8,2241003,-8,-7.99622,4.65105,-3.81356,-0.166,-0.4525,0.10064,10.90324,-24.21807,14.74715,0,enoS1(2_parsed).csv
36.07636,-79.008598,7,1.15,164.3,-8,2241803,-8,-7.99562,4.83171,-3.71904,0.03207,-0.11316,0.17883,10.02631,-22.88804,13.24174,0,enoS1(2_parsed).csv
36.07636,-79.008598,8,1.15,163.6,-7.47,2242003,-7.47,-7.46979,4.25982,-3.81536,-0.02718,-0.19013,0.04016,8.85706,-22.01111,15.7264,0,enoS1(2_parsed).csv
36.076354,-79.0086,8,1.25,163.6,-7.82,2242803,-7.82,-7.81974,4.77607,-3.9661,-0.02825,-0.27962,0.042,7.57089,-20.12569,12.68635,0,enoS1(2_parsed).csv
36.076354,-79.0086,9,1.25,163.4,-7.45,2243003,-7.45,-7.44766,4.30588,-4.0008,0.13011,0.06475,0.12385,6.24087,-19.49722,13.8556,0,enoS1(2_parsed).csv
36.076352,-79.008598,9,1.01,163.4,-7.35,2243803,-7.35,-7.35434,4.64567,-4.18206,0.05208,-0.08659,-0.00199,5.53932,-16.95411,13.65098,0,enoS1(2_parsed).csv
36.076352,-79.008598,9,1.01,162.5,-7.86,2244003,-7.86,-7.86341,4.39502,-3.82971,0.22739,0.19364,0.14233,4.48699,-16.55949,11.94095,0,enoS1(2_parsed).csv
36.076348,-79.008599,9,1.02,162.5,-7.3,2244803,-7.3,-7.29871,4.39801,-4.28375,-0.12645,-0.13699,0.07239,3.91698,-15.12716,12.37942,0,enoS1(2_parsed).csv
36.076348,-79.008599,8,1.02,162.4,-7.99,2245003,-7.99,-7.99442,4.70848,-3.55334,0.08292,0.20388,0.30864,3.15697,-14.35253,10.75709,0,enoS1(2_parsed).csv
36.076342,-79.0086,8,1.05,162.4,-7.28,2245803,-7.28,-7.27837,4.41296,-3.98046,-0.27764,-0.37156,0.06613,2.41158,-13.75329,14.00175,0,enoS1(2_parsed).csv
36.076342,-79.0086,8,1.05,163,-7.79,2246003,-7.79,-7.79103,4.1001,-4.60379,0.20693,0.37889,0.18189,1.88541,-11.80941,12.58404,0,enoS1(2_parsed).csv
36.076335,-79.008601,8,1.13,163,-7.51,2246803,-7.51,-7.51167,4.38186,-4.05045,-0.15287,-0.19716,0.2897,0.81847,-11.47325,11.73633,0,enoS1(2_parsed).csv
36.076335,-79.008601,8,1.13,164,-8.05,2247003,-8.05,-8.05304,4.38485,-3.99123,-0.05788,-0.16967,0.02718,0.02923,-10.114,11.37094,0,enoS1(2_parsed).csv
36.076327,-79.008602,8,1.25,164,-7.59,2247803,-7.59,-7.59243,4.37468,-3.84467,-0.20189,-0.38775,0.19823,0.32154,-9.12014,11.40018,0,enoS1(2_parsed).csv
36.076327,-79.008602,8,1.25,164.7,-7.78,2248003,-7.78,-7.78385,4.37169,-4.17966,0.1379,0.12874,-0.01054,-0.99386,-7.73166,12.27711,0,enoS1(2_parsed).csv
36.076323,-79.008601,8,1.21,164.7,-7.57,2248803,-7.57,-7.5673,4.32622,-3.93918,-0.1098,-0.33262,0.23305,-1.41771,-6.32856,11.86788,0,enoS1(2_parsed).csv
36.076323,-79.008601,8,1.21,165.2,-8.02,2249003,-8.02,-8.01715,4.5015,-3.80878,0.16035,0.08033,-0.07483,-1.76849,-6.08009,10.83017,0,enoS1(2_parsed).csv
36.076316,-79.008603,8,1.13,165.2,-7.71,2249803,-7.71,-7.71326,4.31785,-3.83869,0.24435,0.29978,0.12859,-2.64543,-3.30313,12.13096,0,enoS1(2_parsed).csv
36.076316,-79.008603,8,1.13,165.9,-8.11,2250003,-8.11,-8.10509,4.68395,-3.70768,-0.04459,-0.30375,-0.01176,-2.66004,-2.60158,10.3917,0,enoS1(2_parsed).csv
36.076312,-79.008604,8,1.37,165.9,-7.98,2250803,-7.98,-7.97947,4.55833,-3.73579,0.18219,0.21075,0.12217,-3.42005,-0.38001,11.35633,0,enoS1(2_parsed).csv
36.076312,-79.008604,8,1.37,165.6,-7.87,2251003,-7.87,-7.8694,4.47039,-3.58684,-0.0504,-0.30665,-0.13806,-3.59544,-1.16925,11.26863,0,enoS1(2_parsed).csv
36.076305,-79.008605,8,1.32,165.6,-7.97,2251803,-7.97,-7.97169,4.27418,-4.10788,0.04261,-0.15165,-0.0171,-3.97545,2.47004,14.7033,0,enoS1(2_parsed).csv
36.076305,-79.008605,8,1.32,166.2,-7.79,2252003,-7.79,-7.78505,4.68874,-3.78006,0.22953,0.1379,0.07178,-3.81467,2.29465,14.76177,0,enoS1(2_parsed).csv
36.076298,-79.008606,8,1.37,166.2,-7.57,2252803,-7.57,-7.56551,4.29631,-4.24846,0.17058,0.05788,-0.09927,-4.3116,4.76469,17.81643,0,enoS1(2_parsed).csv
36.076298,-79.008606,8,1.37,166.8,-7.67,2253003,-7.67,-7.67259,4.78983,-4.05165,0.01268,-0.14691,-0.04658,-4.26776,3.85852,18.6349,0,enoS1(2_parsed).csv
36.076287,-79.008607,8,1.16,166.8,-7.72,2253803,-7.72,-7.72104,4.37229,-3.96371,0.05696,-0.15592,-0.19441,-4.06314,5.89009,18.97106,0,enoS1(2_parsed).csv
36.076287,-79.008607,9,1.16,168.9,-7.47,2254003,-7.47,-7.46501,4.93759,-4.16949,0.12049,0.10843,0.20204,-3.91698,5.74393,19.36568,0,enoS1(2_parsed).csv
36.076279,-79.00861,9,1.37,168.9,-7.76,2254803,-7.76,-7.76112,4.77488,-3.86082,-0.13302,-0.38546,0.0701,-4.34084,7.33704,20.27185,0,enoS1(2_parsed).csv
36.076279,-79.00861,10,1.37,169.5,-7.24,2255003,-7.24,-7.23709,4.28734,-4.20539,0.06414,0.00672,-0.03604,-3.77083,7.43935,23.3119,0,enoS1(2_parsed).csv
36.076274,-79.008614,10,1.39,169.5,-8.01,2255803,-8.01,-8.00997,4.84965,-3.74058,0.00061,-0.16234,0.10828,-4.32622,8.12628,20.63724,0,enoS1(2_parsed).csv
36.076274,-79.008614,10,1.39,168.9,-7.38,2256003,-7.38,-7.37588,4.32742,-3.935,-0.13011,-0.32009,-0.05986,-4.10699,9.57322,24.23268,0,enoS1(2_parsed).csv
36.076268,-79.008615,10,1.35,168.9,-7.93,2256803,-7.93,-7.92981,4.90648,-3.93918,0.0255,-0.0898,0.16677,-3.99006,10.31862,24.84654,0,enoS1(2_parsed).csv
36.076268,-79.008615,8,1.35,169,-7.54,2257003,-7.54,-7.54278,4.27358,-4.19163,0.03024,-0.07712,-0.01573,-2.83543,10.75709,27.18504,0,enoS1(2_parsed).csv
36.076262,-79.008618,8,1.43,169,-7.96,2257803,-7.96,-7.96331,4.80598,-3.87757,0.06261,-0.00046,0.17349,-2.67466,11.09325,26.74656,0,enoS1(2_parsed).csv
36.076262,-79.008618,10,1.43,169.5,-7.6,2258003,-7.6,-7.59841,4.19043,-4.22333,-0.08842,-0.30268,0.04352,-2.47004,12.8325,29.31891,0,enoS1(2_parsed).csv
36.076257,-79.008619,10,1.22,169.5,-7.82,2258803,-7.82,-7.82154,4.39143,-3.88953,-0.03894,-0.35079,0.00977,-1.71003,13.44636,30.76586,0,enoS1(2_parsed).csv
36.076257,-79.008619,9,1.22,170,-7.49,2259003,-7.49,-7.48595,4.65225,-3.91705,0.20174,0.06506,-0.02062,-1.14002,12.4525,31.75972,0,enoS1(2_parsed).csv
36.076249,-79.00862,9,0.9,170,-7.65,2259803,-7.65,-7.64985,4.57448,-3.71486,0.13302,0.00031,0.09377,0.04385,13.1979,33.84975,0,enoS1(2_parsed).csv
36.076249,-79.00862,9,0.9,171.8,-7.78,2260003,-7.78,-7.77667,4.62174,-3.87458,0.04322,-0.06765,0.06292,-0.45308,13.25636,33.07512,0,enoS1(2_parsed).csv
36.076242,-79.008623,9,1.24,171.8,-7.71,2260803,-7.71,-7.71207,4.63071,-3.79382,0.07086,0.00916,0.15959,1.85618,12.61327,36.40748,0,enoS1(2_parsed).csv
36.076242,-79.008623,9,1.24,172.1,-7.99,2261003,-7.99,-7.98545,4.54158,-3.80878,0.07666,-0.00336,0.0588,2.47004,12.67173,36.26133,0,enoS1(2_parsed).csv
36.076236,-79.008625,9,1.54,172.1,-7.58,2261803,-7.58,-7.58286,4.25982,-4.07498,0.0336,-0.1014,0.01726,4.07775,12.8325,38.84829,0,enoS1(2_parsed).csv
36.076236,-79.008625,8,1.54,171.9,-7.64,2262003,-7.64,-7.64447,4.63011,-3.98405,0.05253,-0.04368,0.13454,3.69775,12.04326,39.08214,0,enoS1(2_parsed).csv
36.076228,-79.008629,8,1.7,171.9,-7.84,2262803,-7.84,-7.84008,4.46381,-3.87159,-0.08063,-0.3091,0.05177,5.26162,10.8594,40.076,0,enoS1(2_parsed).csv
36.076228,-79.008629,9,1.7,172.3,-7.59,2263003,-7.59,-7.58644,4.37109,-4.00977,0.19135,0.11164,0.05269,5.96317,10.96171,40.86525,0,enoS1(2_parsed).csv
36.076221,-79.008631,9,1.7,172.3,-7.48,2263803,-7.48,-7.48116,4.42971,-4.00559,0.07941,0.0223,0.03024,7.43935,9.734,42.76527,0,enoS1(2_parsed).csv
36.076221,-79.008631,8,1.7,172.8,-8.09,2264003,-8.09,-8.08654,4.62712,-3.77887,0.08628,-0.00932,0.02902,6.50395,9.33937,41.82988,0,enoS1(2_parsed).csv
36.076215,-79.008634,8,1.66,172.8,-7.53,2264803,-7.53,-7.53081,4.39382,-4.0349,0.12446,0.06628,-0.01145,9.28091,8.27244,45.79071,0,enoS1(2_parsed).csv
36.076215,-79.008634,9,1.66,172.8,-7.91,2265003,-7.91,-7.91187,4.67438,-3.84945,0.06429,-0.04505,-0.06093,8.19936,7.68781,44.97223,0,enoS1(2_parsed).csv
36.076208,-79.008635,9,1.83,172.8,-7.86,2265803,-7.86,-7.85504,4.62533,-3.83211,0.13912,0.07621,0.10828,10.65478,6.21163,45.89301,0,enoS1(2_parsed).csv
36.076208,-79.008635,9,1.83,173.3,-7.72,2266003,-7.72,-7.72463,4.52363,-4.0684,0.0139,-0.11179,-0.05101,10.88863,6.1824,46.00994,0,enoS1(2_parsed).csv
36.076206,-79.008632,9,1.58,173.3,-7.71,2266803,-7.71,-7.71147,4.32383,-3.9673,-0.06154,-0.25061,-0.031,12.18942,5.62701,46.69687,0,enoS1(2_parsed).csv
36.076206,-79.008632,9,1.58,172.9,-7.67,2267003,-7.67,-7.6684,4.53799,-3.92064,0.18448,0.17119,0.0788,12.89097,5.17393,47.92458,0,enoS1(2_parsed).csv
36.0762,-79.008633,9,1.38,172.9,-7.63,2267803,-7.63,-7.63251,4.44646,-4.14257,0.11438,0.0226,0.06124,13.8556,3.15697,47.98305,0,enoS1(2_parsed).csv
36.0762,-79.008633,9,1.38,173.5,-7.62,2268003,-7.62,-7.61935,4.59183,-3.69631,0.05559,-0.04872,-0.0168,14.90792,2.51388,47.96843,0,enoS1(2_parsed).csv
36.076197,-79.008632,9,1.24,173.5,-7.83,2268803,-7.83,-7.82752,4.59661,-4.10309,-0.00764,-0.21396,0.0617,15.88717,1.02309,48.99152,0,enoS1(2_parsed).csv
36.076197,-79.008632,8,1.24,173.3,-7.57,2269003,-7.57,-7.57269,4.40638,-4.00917,0.1883,0.1405,-0.0087,16.34025,0.4677,49.40076,0,enoS1(2_parsed).csv
36.076196,-79.00863,8,1.05,173.3,-7.74,2269803,-7.74,-7.74138,4.44048,-4.03669,0.02337,-0.13393,-0.03024,17.55335,-1.71003,49.15229,0,enoS1(2_parsed).csv
36.076196,-79.00863,8,1.05,172.9,-7.54,2270003,-7.54,-7.5356,4.57687,-3.9996,0.13027,0.07697,0.09865,17.94797,-2.11926,49.60538,0,enoS1(2_parsed).csv
36.076192,-79.008627,8,1.39,172.9,-7.81,2270803,-7.81,-7.80838,4.62174,-3.84168,-0.02001,-0.20342,0.03299,18.62029,-4.48699,48.66998,0,enoS1(2_parsed).csv
36.076192,-79.008627,6,1.39,172.6,-7.53,2271003,-7.53,-7.52722,4.54816,-4.05105,0.11393,0.07651,0.04826,19.61415,-5.07162,49.21076,0,enoS1(2_parsed).csv
36.07619,-79.008623,6,1.17,172.6,-7.58,2271803,-7.58,-7.58166,4.42553,-4.09053,-0.11683,-0.32544,0.03787,20.71032,-7.03011,50.0877,0,enoS1(2_parsed).csv
36.07619,-79.008623,7,1.17,172.2,-7.68,2272003,-7.68,-7.68455,4.50389,-3.95534,0.1967,0.22602,0.06979,20.90032,-7.05934,50.14616,0,enoS1(2_parsed).csv
36.076189,-79.008617,7,1.01,172.2,-7.36,2272803,-7.36,-7.36391,4.49432,-4.1994,-0.06414,-0.24816,-0.02749,21.86495,-9.60246,49.22537,0,enoS1(2_parsed).csv
36.076189,-79.008617,7,1.01,171.6,-7.69,2273003,-7.69,-7.69113,4.58764,-3.78664,0.14661,0.15119,0.11347,21.61649,-9.95323,49.15229,0,enoS1(2_parsed).csv
36.076185,-79.008613,7,1.24,171.6,-7.6,2273803,-7.6,-7.59602,4.51885,-3.94038,0.05834,-0.03818,0.05574,22.39111,-11.22479,48.91845,0,enoS1(2_parsed).csv
36.076185,-79.008613,6,1.24,171.5,-7.83,2274003,-7.83,-7.8347,4.55773,-3.91944,0.09759,0.0055,-0.01802,21.85034,-12.48173,48.66998,0,enoS1(2_parsed).csv
36.076184,-79.00861,6,1.04,171.5,-7.94,2274803,-7.94,-7.9358,4.58525,-3.9332,-0.09728,-0.29383,-0.05452,22.27419,-14.80561,47.13534,0,enoS1(2_parsed).csv
36.076184,-79.00861,6,1.04,171.1,-7.34,2275003,-7.34,-7.33819,4.30588,-4.07378,0.08827,0.03864,0.15012,23.7796,-13.98714,49.28384,0,enoS1(2_parsed).csv
36.076182,-79.008604,6,1.15,171.1,-7.89,2275803,-7.89,-7.89213,4.60917,-3.6999,-0.09988,-0.31292,0.01604,22.52265,-16.5741,46.02456,0,enoS1(2_parsed).csv
36.076182,-79.008604,7,1.15,170.7,-7.59,2276003,-7.59,-7.59482,4.49492,-3.90568,0.16707,0.14325,0.02703,24.05729,-16.8518,47.03303,0,enoS1(2_parsed).csv
36.076178,-79.0086,7,1.29,170.7,-7.83,2276803,-7.83,-7.8341,4.55713,-3.83988,0.08644,-0.05299,-0.00764,24.13037,-19.59953,45.90763,0,enoS1(2_parsed).csv
36.076178,-79.0086,7,1.29,170.4,-7.62,2277003,-7.62,-7.62353,4.68515,-3.79382,0.01772,-0.07834,0.05864,24.40807,-19.3803,45.10377,0,enoS1(2_parsed).csv
36.076177,-79.008593,7,1.21,170.4,-7.81,2277803,-7.81,-7.81316,4.45962,-3.89552,0.02657,-0.1179,-0.0536,24.26191,-20.98802,43.52528,0,enoS1(2_parsed).csv
36.076177,-79.008593,7,1.21,169.1,-7.63,2278003,-7.63,-7.62652,4.52662,-3.85603,0.11225,0.09194,0.21426,24.36422,-20.98802,43.24759,0,enoS1(2_parsed).csv
36.076176,-79.008586,7,1.09,169.1,-7.49,2278803,-7.49,-7.48774,4.47458,-3.98644,-0.00809,-0.17333,0.05192,25.5627,-22.59573,42.63373,0,enoS1(2_parsed).csv
36.076176,-79.008586,7,1.09,168.5,-7.92,2279003,-7.92,-7.91546,4.52602,-3.83749,0.23091,0.2361,0.13546,23.73575,-23.34113,41.18679,0,enoS1(2_parsed).csv
36.076175,-79.00858,7,1.13,168.5,-7.8,2279803,-7.8,-7.8024,4.54158,-3.89073,0.02947,-0.13653,0.06307,24.1596,-24.45191,38.73137,0,enoS1(2_parsed).csv
36.076175,-79.00858,8,1.13,167.7,-7.76,2280003,-7.76,-7.75574,4.52004,-3.86919,0.14401,0.06338,0.09178,23.73575,-24.68576,38.00058,0,enoS1(2_parsed).csv
36.076176,-79.008571,8,0.93,167.7,-7.69,2280803,-7.69,-7.68634,4.55294,-3.95833,-0.01222,-0.20006,0.10843,24.14499,-26.23502,35.66209,0,enoS1(2_parsed).csv
36.076176,-79.008571,8,0.93,167,-7.85,2281003,-7.85,-7.85205,4.43928,-3.87458,0.16768,0.115,0.06826,22.78574,-26.16194,34.56592,0,enoS1(2_parsed).csv
36.076175,-79.008566,8,1.12,167,-7.74,2281803,-7.74,-7.736,4.4345,-3.88953,0.20556,0.15104,0.11668,22.43496,-27.11196,34.3613,0,enoS1(2_parsed).csv
36.076175,-79.008566,7,1.12,166.5,-7.86,2282003,-7.86,-7.85923,4.70249,-3.94098,-0.00886,-0.22969,-0.0365,22.04034,-27.47734,32.35896,0,enoS1(2_parsed).csv
36.076172,-79.008562,7,1.1,166.5,-7.81,2282803,-7.81,-7.81017,4.51167,-4.00499,0.14645,0.05101,-0.00443,21.79187,-27.9012,30.40047,0,enoS1(2_parsed).csv
36.076172,-79.008562,7,1.1,165.8,-7.74,2283003,-7.74,-7.74437,4.58166,-3.90568,0.03253,-0.1657,0.08186,21.60187,-28.42736,29.61122,0,enoS1(2_parsed).csv
36.07617,-79.008557,7,1.07,165.8,-7.81,2283803,-7.81,-7.80838,4.48176,-3.97448,0.11713,-0.05574,0.07376,20.02338,-28.17889,26.55656,0,enoS1(2_parsed).csv
36.07617,-79.008557,7,1.07,165.2,-7.71,2284003,-7.71,-7.71207,4.50329,-3.95354,0.14661,0.0113,-0.0168,20.08185,-28.85121,26.4981,0,enoS1(2_parsed).csv
36.076167,-79.008552,7,1.1,165.2,-7.58,2284803,-7.58,-7.58046,4.42792,-3.95055,0.1295,0.01436,0.11362,18.85414,-27.94505,23.85267,0,enoS1(2_parsed).csv
36.076167,-79.008552,7,1.1,164.8,-7.96,2285003,-7.96,-7.96331,4.57508,-4.04925,0.07391,-0.0588,-0.04734,17.83104,-28.26659,22.59573,0,enoS1(2_parsed).csv
36.076164,-79.008549,7,1.17,164.8,-7.74,2285803,-7.74,-7.74018,4.44168,-3.92602,0.2419,0.12477,0.06781,16.44256,-27.2435,20.52032,0,enoS1(2_parsed).csv
36.076164,-79.008549,7,1.17,164.2,-7.87,2286003,-7.87,-7.87418,4.64925,-3.97508,0.01069,-0.24725,-0.00733,15.93102,-27.46273,19.3803,0,enoS1(2_parsed).csv
36.076165,-79.008549,7,1.31,164.2,-7.75,2286803,-7.75,-7.75035,4.61276,-3.84945,0.11759,-0.0704,0.01069,13.40251,-25.5627,16.47179,0,enoS1(2_parsed).csv
36.076165,-79.008549,9,1.31,161.5,-7.79,2287003,-7.79,-7.78864,4.52064,-3.82792,0.04902,-0.12339,0.14966,12.96405,-25.38731,17.48027,0,enoS1(2_parsed).csv
36.076163,-79.008549,9,1.38,161.5,-7.86,2287803,-7.86,-7.86341,4.47637,-3.89731,0.22144,0.12477,0.02856,10.23093,-23.09266,14.55715,0,enoS1(2_parsed).csv
36.076163,-79.008549,9,1.38,159.6,-7.75,2288003,-7.75,-7.75454,4.65284,-3.81775,0.03238,-0.22434,0.08567,10.45016,-23.26805,14.08945,0,enoS1(2_parsed).csv
36.076163,-79.008553,9,1.06,159.6,-7.84,2288803,-7.84,-7.83709,4.61456,-3.94218,0.18723,0.09392,0.07727,8.65244,-20.79801,12.68635,0,enoS1(2_parsed).csv
36.076163,-79.008553,9,1.06,157.5,-7.82,2289003,-7.82,-7.82333,4.47936,-3.76989,0.03619,-0.14813,0.04887,8.00935,-19.39491,12.78866,0,enoS1(2_parsed).csv
36.076158,-79.008554,9,1.16,157.5,-7.72,2289803,-7.72,-7.72044,4.66122,-4.0355,0.17425,-0.00596,0.13347,6.10932,-17.08565,11.83864,0,enoS1(2_parsed).csv
36.076158,-79.008554,8,1.16,157.5,-7.6,2290003,-7.6,-7.59781,4.56072,-4.04925,0.0142,-0.13378,0.05284,5.72932,-16.72026,11.16633,0,enoS1(2_parsed).csv
36.076155,-79.00855,8,0.82,157.5,-7.66,2290803,-7.66,-7.65524,4.50449,-3.93679,-0.05742,-0.11026,-0.10996,4.50161,-14.95177,10.81555,0,enoS1(2_parsed).csv
36.076155,-79.00855,8,0.82,157.1,-7.66,2291003,-7.66,-7.65943,4.71266,-3.84048,0.11057,0.17685,0.1379,4.57469,-14.86407,10.3917,0,enoS1(2_parsed).csv
36.076154,-79.008547,8,0.52,157.1,-7.52,2291803,-7.52,-7.52184,4.5015,-3.8333,-0.11347,-0.09789,0.04536,4.00468,-14.13329,11.09325,0,enoS1(2_parsed).csv
36.076154,-79.008547,8,0.52,157.2,-7.61,2292003,-7.61,-7.61336,4.3998,-4.06301,0.0365,0.10904,-0.08125,3.88775,-13.68021,12.13096,0,enoS1(2_parsed).csv
36.076151,-79.008544,8,0.53,157.2,-7.78,2292803,-7.78,-7.78445,4.29332,-4.04387,-0.06933,-0.04551,-0.06643,3.43467,-14.11868,10.84478,0,enoS1(2_parsed).csv
36.076151,-79.008544,8,0.53,157.1,-7.77,2293003,-7.77,-7.76531,4.65045,-3.88355,0.04001,0.09682,-0.05727,3.90237,-14.39638,11.25402,0,enoS1(2_parsed).csv
36.076149,-79.008543,8,0.49,157.1,-7.63,2293803,-7.63,-7.6349,4.39083,-4.0995,0.00397,0.15333,-0.08995,3.33236,-14.36714,12.16019,0,enoS1(2_parsed).csv
36.076149,-79.008543,7,0.49,156.5,-7.81,2294003,-7.81,-7.81316,4.6666,-3.9021,-0.07621,0.04016,0.02993,3.88775,-14.82023,9.924,0,enoS1(2_parsed).csv
36.076146,-79.00854,7,0.67,156.5,-7.93,2294803,-7.93,-7.934,4.58405,-4.01097,0.0368,0.21884,-0.07941,4.70623,-16.26717,11.02017,0,enoS1(2_parsed).csv
36.076146,-79.00854,8,0.67,156.5,-7.6,2295003,-7.6,-7.5996,4.58345,-3.91107,-0.26817,-0.20937,-0.01939,5.10085,-16.70564,13.3879,0,enoS1(2_parsed).csv
36.076144,-79.008537,8,0.87,156.5,-7.78,2295803,-7.78,-7.78086,4.50987,-4.15095,0.01909,0.20128,-0.11897,5.247,-17.68489,11.88249,0,enoS1(2_parsed).csv
36.076144,-79.008537,8,0.87,156.6,-7.81,2296003,-7.81,-7.80718,4.67438,-3.84108,-0.16646,-0.06735,0.03085,6.02163,-18.05028,11.59018,0,enoS1(2_parsed).csv
36.076143,-79.008534,8,0.62,156.6,-7.84,2296803,-7.84,-7.84487,4.19282,-4.05763,-0.02413,0.15653,-0.01848,5.97778,-18.26951,13.02251,0,enoS1(2_parsed).csv
36.076143,-79.008534,8,0.62,157,-7.83,2297003,-7.83,-7.82991,4.52961,-4.01217,-0.0901,-0.02917,-0.10003,6.21163,-18.05028,11.92634,0,enoS1(2_parsed).csv
36.076141,-79.008529,8,0.61,157,-7.93,2297803,-7.93,-7.93221,4.62652,-3.87338,-0.08537,0.15348,-0.05376,7.24934,-19.848,12.89097,0,enoS1(2_parsed).csv
36.076141,-79.008529,8,0.61,156.4,-7.7,2298003,-7.7,-7.7025,4.4327,-4.16172,-0.19441,-0.02749,-0.11805,8.38936,-20.40339,13.84098,0,enoS1(2_parsed).csv
36.076138,-79.008526,8,0.81,156.4,-7.96,2298803,-7.96,-7.95913,4.401,-3.90628,-0.16753,0.10033,-0.22694,9.2663,-21.83572,14.73253,0,enoS1(2_parsed).csv
36.076138,-79.008526,8,0.81,156.6,-7.57,2299003,-7.57,-7.57388,4.64208,-4.43928,-0.20998,0.02718,-0.10766,10.114,-23.35574,15.85794,0,enoS1(2_parsed).csv
36.076136,-79.008524,8,0.55,156.6,-7.75,2299803,-7.75,-7.75095,4.53799,-3.8662,-0.23396,0.208,-0.1909,13.8556,-26.08886,18.78106,0,enoS1(2_parsed).csv
36.076136,-79.008524,7,0.55,157,-7.63,2300003,-7.63,-7.6337,4.50927,-4.12523,-0.39172,0.0139,-0.24236,14.44022,-26.38117,20.91494,0,enoS1(2_parsed).csv
36.076135,-79.00852,7,0.78,157,-7.86,2300803,-7.86,-7.86042,4.57388,-3.88714,-0.36957,0.18051,-0.2277,18.41567,-27.30196,25.72347,0,enoS1(2_parsed).csv
36.076135,-79.00852,7,0.78,156.9,-7.71,2301003,-7.71,-7.71087,4.41117,-3.96012,-0.31643,0.21548,-0.33384,20.19877,-28.20813,27.71119,0,enoS1(2_parsed).csv
36.076135,-79.008516,7,0.64,156.9,-8.05,2301803,-8.05,-8.05125,4.60917,-3.81895,-0.2755,0.24939,-0.23564,22.8442,-27.08272,33.19205,0,enoS1(2_parsed).csv
36.076135,-79.008516,7,0.64,157,-7.61,2302003,-7.61,-7.60738,4.50927,-3.88056,-0.4218,0.03238,-0.23396,23.37036,-26.70272,34.88746,0,enoS1(2_parsed).csv
36.076136,-79.008511,7,0.56,157,-7.86,2302803,-7.86,-7.85504,4.62174,-3.78545,-0.19792,0.23198,-0.12859,24.45191,-24.18883,39.30138,0,enoS1(2_parsed).csv
36.076136,-79.008511,8,0.56,156.4,-7.74,2303003,-7.74,-7.74258,4.67258,-3.8674,-0.34819,0.06231,-0.13332,23.66267,-23.34113,39.28676,0,enoS1(2_parsed).csv
36.076138,-79.008507,8,0.43,156.4,-7.56,2303803,-7.56,-7.55833,4.55055,-4.01575,-0.10996,0.36499,-0.0759,24.75884,-19.23414,44.72376,0,enoS1(2_parsed).csv
36.076138,-79.008507,8,0.43,156.5,-7.92,2304003,-7.92,-7.92443,4.56371,-3.78724,-0.29459,0.09636,-0.19227,23.3119,-18.82491,44.86992,0,enoS1(2_parsed).csv
36.076141,-79.008501,8,1.09,156.5,-7.56,2304803,-7.56,-7.56371,4.49851,-3.935,-0.13149,0.33827,-0.08216,23.54575,-14.26484,48.66998,0,enoS1(2_parsed).csv
36.076141,-79.008501,8,1.09,156,-8.01,2305003,-8.01,-8.01356,4.57209,-3.84287,-0.25565,0.11851,-0.19319,21.92341,-13.5779,47.36919,0,enoS1(2_parsed).csv
36.076143,-79.008494,8,1.09,156,-7.63,2305803,-7.63,-7.63011,4.47877,-4.00618,-0.31521,0.05849,-0.0507,21.11956,-7.98012,49.51768,0,enoS1(2_parsed).csv
36.076143,-79.008494,8,1.09,156.3,-7.76,2306003,-7.76,-7.76471,4.30708,-4.01516,-0.21075,0.20907,-0.14859,20.40339,-6.6501,50.02923,0,enoS1(2_parsed).csv
36.07614,-79.008488,8,0.9,156.3,-7.71,2306803,-7.71,-7.70848,4.29213,-4.21496,-0.21258,0.1095,-0.11881,18.59105,-3.30313,49.51768,0,enoS1(2_parsed).csv
36.07614,-79.008488,8,0.9,156.6,-7.66,2307003,-7.66,-7.65823,4.49013,-4.0002,-0.20174,0.11958,-0.15424,18.4449,-2.04619,49.0646,0,enoS1(2_parsed).csv
36.07614,-79.008484,8,0.82,156.6,-7.86,2307803,-7.86,-7.85683,4.44407,-4.1007,-0.26954,-0.05452,-0.10232,14.83484,1.75387,48.09997,0,enoS1(2_parsed).csv
36.07614,-79.008484,8,0.82,156.5,-7.55,2308003,-7.55,-7.54696,4.51047,-4.17667,-0.12584,0.16463,-0.11515,15.05408,2.28004,49.13768,0,enoS1(2_parsed).csv
36.076139,-79.008483,8,0.72,156.5,-7.8,2308803,-7.8,-7.79821,4.49671,-3.94816,-0.13729,0.08018,-0.09636,12.68635,4.61853,47.16457,0,enoS1(2_parsed).csv
36.076139,-79.008483,8,0.72,156.2,-7.62,2309003,-7.62,-7.62413,4.58046,-4.11207,-0.16554,0.0449,-0.07926,13.15405,4.88161,47.10611,0,enoS1(2_parsed).csv
36.076139,-79.008482,8,0.46,156.2,-7.75,2309803,-7.75,-7.74676,4.50808,-3.93918,-0.1431,0.04551,-0.12523,10.59632,7.05934,45.29377,0,enoS1(2_parsed).csv
36.076139,-79.008482,7,0.46,156.3,-7.66,2310003,-7.66,-7.65763,4.50509,-4.07916,-0.12721,0.08384,-0.1069,10.74247,7.61473,45.89301,0,enoS1(2_parsed).csv
36.076138,-79.008482,7,0.72,156.3,-7.74,2310803,-7.74,-7.73779,4.52124,-3.9679,-0.17517,0.01955,-0.09285,8.69629,9.06168,43.43759,0,enoS1(2_parsed).csv
36.076138,-79.008482,8,0.72,156.4,-7.78,2311003,-7.78,-7.77847,4.3675,-3.99781,-0.13699,0.00657,-0.02856,8.49167,9.52938,43.86144,0,enoS1(2_parsed).csv
36.076144,-79.008479,8,0.62,156.4,-7.77,2311803,-7.77,-7.77308,4.58644,-3.85783,-0.11118,0.05971,-0.01405,7.29319,9.79246,42.66296,0,enoS1(2_parsed).csv
36.076144,-79.008479,7,0.62,156,-7.69,2312003,-7.69,-7.68934,4.47219,-4.07258,-0.11301,0.04856,-0.11805,7.29319,10.34785,42.42912,0,enoS1(2_parsed).csv
36.076143,-79.008477,7,0.64,156,-7.67,2312803,-7.67,-7.6666,4.58226,-3.79502,-0.19563,-0.07025,0.00458,5.81701,10.71324,40.38293,0,enoS1(2_parsed).csv
36.076143,-79.008477,7,0.64,155.2,-7.75,2313003,-7.75,-7.75215,4.46501,-3.97867,-0.02856,0.21793,-0.09865,5.3347,10.99094,40.42678,0,enoS1(2_parsed).csv
36.076139,-79.008475,7,0.67,155.2,-7.6,2313803,-7.6,-7.60379,4.48953,-3.95952,-0.11942,0.06781,-0.03742,4.1216,11.73633,39.66676,0,enoS1(2_parsed).csv
36.076139,-79.008475,7,0.67,155.1,-7.85,2314003,-7.85,-7.85384,4.54995,-3.87577,-0.07559,0.13225,-0.07941,3.81467,11.7948,37.72289,0,enoS1(2_parsed).csv
36.076138,-79.008471,7,0.79,155.1,-7.69,2314803,-7.69,-7.69472,4.49073,-3.94995,-0.10522,0.16417,-0.08949,2.96697,12.86174,37.18211,0,enoS1(2_parsed).csv
36.076138,-79.008471,7,0.79,154.7,-7.7,2315003,-7.7,-7.70309,4.669,-3.95234,-0.15531,0.09896,-0.08369,2.35311,12.23327,35.88132,0,enoS1(2_parsed).csv
36.076136,-79.008466,7,0.96,154.7,-7.73,2315803,-7.73,-7.73241,4.56132,-4.01755,-0.19319,0.07605,-0.12385,0.95001,12.43788,33.8059,0,enoS1(2_parsed).csv
36.076136,-79.008466,7,0.96,154.4,-7.65,2316003,-7.65,-7.65225,4.66002,-3.95175,-0.11744,0.24282,-0.12874,0.05846,12.86174,32.44665,0,enoS1(2_parsed).csv
36.076135,-79.008463,7,0.91,154.4,-7.59,2316803,-7.59,-7.58884,4.52064,-4.01934,-0.15592,0.13851,-0.14493,-1.50541,12.21865,29.01199,0,enoS1(2_parsed).csv
36.076135,-79.008463,7,0.91,154.2,-7.81,2317003,-7.81,-7.80898,4.65763,-3.86142,-0.17547,0.15699,-0.0785,-1.63695,11.92634,28.0912,0,enoS1(2_parsed).csv
36.076131,-79.00846,7,1.04,154.2,-7.47,2317803,-7.47,-7.47398,4.36391,-4.08814,-0.1886,0.10095,-0.13943,-2.55773,11.28325,25.22654,0,enoS1(2_parsed).csv
36.076131,-79.00846,7,1.04,154,-7.79,2318003,-7.79,-7.78565,4.70728,-3.90568,-0.18967,0.18891,-0.02795,-3.05466,10.3917,23.91114,0,enoS1(2_parsed).csv
36.076128,-79.008455,7,1.14,154,-7.64,2318803,-7.64,-7.63968,4.40459,-3.95593,-0.26573,0.01985,-0.0985,-4.22391,8.44782,20.88571,0,enoS1(2_parsed).csv
36.076128,-79.008455,6,1.14,153.6,-7.81,2319003,-7.81,-7.81077,4.54816,-4.04148,-0.12691,0.24374,-0.05467,-3.88775,7.99474,19.848,0,enoS1(2_parsed).csv
36.076127,-79.008452,6,0.9,153.6,-7.73,2319803,-7.73,-7.73181,4.4351,-3.91645,-0.22633,0.12569,-0.02428,-4.00468,6.02163,17.67027,0,enoS1(2_parsed).csv
36.076127,-79.008452,7,0.9,154.5,-7.82,2320003,-7.82,-7.81675,4.49791,-4.00738,-0.25183,0.03054,-0.16295,-3.44928,4.75007,16.34025,0,enoS1(2_parsed).csv
36.076123,-79.008452,7,1.07,154.5,-7.8,2320803,-7.8,-7.79582,4.44586,-4.04088,-0.03314,0.41661,0.0029,-3.84391,2.04619,14.17714,0,enoS1(2_parsed).csv
36.076123,-79.008452,8,1.07,155.2,-7.85,2321003,-7.85,-7.84786,4.55653,-3.96431,-0.34804,-0.22571,-0.28176,-3.63929,0.59924,13.98714,0,enoS1(2_parsed).csv
36.07612,-79.008452,8,1.05,155.2,-7.95,2321803,-7.95,-7.94656,4.5332,-3.8339,-0.13851,0.17562,-0.12782,-2.61619,-2.58696,12.32096,0,enoS1(2_parsed).csv
36.07612,-79.008452,8,1.05,155.9,-7.7,2322003,-7.7,-7.70309,4.52842,-3.91885,-0.25137,-0.05788,-0.12767,-2.10465,-3.61006,11.95557,0,enoS1(2_parsed).csv
36.076118,-79.008448,8,0.79,155.9,-7.69,2322803,-7.69,-7.68874,4.59482,-3.90987,-0.11561,0.21961,-0.03283,-0.81847,-6.85472,11.29787,0,enoS1(2_parsed).csv
36.076118,-79.008448,7,0.79,155.5,-7.97,2323003,-7.97,-7.96571,4.59661,-3.76152,-0.18082,0.06246,-0.16829,-0.42385,-7.81935,10.43554,0,enoS1(2_parsed).csv
36.076117,-79.008446,7,0.71,155.5,-7.66,2323803,-7.66,-7.65584,4.48894,-3.96311,-0.16952,0.07315,-0.14844,1.22771,-11.31248,10.43554,0,enoS1(2_parsed).csv
36.076117,-79.008446,7,0.71,155.3,-7.81,2324003,-7.81,-7.80718,4.62832,-3.86321,-0.1295,0.15852,0.00214,1.88541,-10.97632,10.61093,0,enoS1(2_parsed).csv
36.076111,-79.008443,7,1.02,155.3,-7.56,2324803,-7.56,-7.55594,4.53859,-3.90389,-0.18066,0.06536,-0.0223,3.58082,-14.20637,12.01403,0,enoS1(2_parsed).csv
36.076111,-79.008443,7,1.02,155.1,-7.75,2325003,-7.75,-7.74856,4.55294,-3.94517,-0.09468,0.23014,-0.09545,3.80006,-14.61561,9.63169,0,enoS1(2_parsed).csv
36.076108,-79.008441,7,0.7,155.1,-7.66,2325803,-7.66,-7.65763,4.4339,-4.02592,-0.19899,0.05666,-0.07422,5.45162,-17.27565,13.24174,0,enoS1(2_parsed).csv
36.076108,-79.008441,7,0.7,155.4,-7.73,2326003,-7.73,-7.72762,4.61336,-3.83151,-0.09499,0.22846,-0.1011,5.58316,-17.90412,12.62789,0,enoS1(2_parsed).csv
36.076105,-79.008437,7,0.64,155.4,-7.75,2326803,-7.75,-7.75454,4.51765,-3.95115,-0.13607,0.1434,-0.11026,8.25782,-20.71032,12.59865,0,enoS1(2_parsed).csv
36.076105,-79.008437,7,0.64,155.3,-7.73,2327003,-7.73,-7.73061,4.67199,-3.89252,-0.19456,0.08094,-0.03665,8.5209,-21.1634,13.82637,0,enoS1(2_parsed).csv
36.076098,-79.008429,7,1.1,155.3,-7.74,2327803,-7.74,-7.73659,4.6014,-3.99242,-0.07178,0.25076,-0.06597,11.12248,-23.47267,15.78486,0,enoS1(2_parsed).csv
36.076098,-79.008429,7,1.1,154.8,-7.77,2328003,-7.77,-7.77428,4.52602,-4.04566,-0.18937,0.02627,-0.14035,10.91786,-24.27653,16.60333,0,enoS1(2_parsed).csv
36.076095,-79.008424,7,1.25,154.8,-7.61,2328803,-7.61,-7.60678,4.40758,-4.02712,-0.16845,0.0649,-0.03772,12.62789,-25.62116,17.61181,0,enoS1(2_parsed).csv
36.076095,-79.008424,8,1.25,154.2,-7.81,2329003,-7.81,-7.80778,4.61276,-4.0995,-0.1153,0.13943,-0.08598,13.12482,-25.46039,17.88951,0,enoS1(2_parsed).csv
36.076094,-79.008417,8,1.09,154.2,-7.61,2329803,-7.61,-7.60918,4.46501,-3.97747,-0.22083,-0.00764,-0.0252,15.18562,-27.1558,20.81263,0,enoS1(2_parsed).csv
36.076094,-79.008417,8,1.09,153.8,-7.75,2330003,-7.75,-7.75155,4.51167,-4.06301,-0.09407,0.19105,-0.14737,15.39024,-27.09734,21.10494,0,enoS1(2_parsed).csv
36.076095,-79.008412,8,1.12,153.8,-7.75,2330803,-7.75,-7.75454,4.59721,-3.99482,-0.16112,0.12843,-0.06277,17.46565,-27.98889,23.0342,0,enoS1(2_parsed).csv
36.076095,-79.008412,8,1.12,153.1,-7.65,2331003,-7.65,-7.64985,4.40578,-4.0008,-0.20571,0.00733,-0.0759,17.88951,-28.35428,25.34347,0,enoS1(2_parsed).csv
36.076096,-79.008404,8,1.62,153.1,-7.89,2331803,-7.89,-7.88734,4.5996,-3.9673,-0.17318,0.04429,-0.07926,19.33645,-28.76352,25.76732,0,enoS1(2_parsed).csv
36.076096,-79.008404,8,1.62,152.8,-7.64,2332003,-7.64,-7.64148,4.41595,-4.06361,-0.17074,0.00672,-0.12813,20.09646,-28.25197,27.55042,0,enoS1(2_parsed).csv
36.076095,-79.008397,8,1.25,152.8,-7.75,2332803,-7.75,-7.75155,4.43629,-3.89133,-0.17318,0.00626,-0.07422,21.07571,-28.51505,29.6843,0,enoS1(2_parsed).csv
36.076095,-79.008397,8,1.25,152.5,-7.69,2333003,-7.69,-7.69352,4.57568,-4.02114,-0.10629,0.10385,-0.12996,20.98802,-28.96814,30.152,0,enoS1(2_parsed).csv
36.076097,-79.008392,8,0.86,152.5,-7.67,2333803,-7.67,-7.66959,4.51167,-4.00917,-0.15424,0.02932,-0.14004,22.34727,-28.33967,32.63666,0,enoS1(2_parsed).csv
36.076097,-79.008392,8,0.86,152.2,-7.62,2334003,-7.62,-7.61875,4.6684,-4.02832,-0.13088,0.13439,-0.08094,22.8442,-28.41274,32.54896,0,enoS1(2_parsed).csv
36.076096,-79.008387,8,0.9,152.2,-7.7,2334803,-7.7,-7.7025,4.51466,-3.88594,-0.19426,0.00962,-0.11209,22.77112,-27.63812,34.93131,0,enoS1(2_parsed).csv
36.076096,-79.008387,8,0.9,151.9,-7.7,2335003,-7.7,-7.7019,4.55713,-3.96012,-0.12034,0.14844,-0.00916,22.66881,-26.89272,35.07746,0,enoS1(2_parsed).csv
36.076093,-79.008383,8,1,151.9,-7.67,2335803,-7.67,-7.6678,4.45962,-3.99302,-0.17975,0.02764,-0.05345,24.11576,-25.91348,38.19059,0,enoS1(2_parsed).csv
36.076093,-79.008383,8,1,151.8,-7.75,2336003,-7.75,-7.75394,4.57627,-3.89671,-0.11133,0.12523,-0.04612,24.08652,-25.81116,38.71675,0,enoS1(2_parsed).csv
36.076094,-79.008375,8,1.17,151.8,-7.66,2336803,-7.66,-7.65524,4.53021,-3.9356,-0.12782,0.10308,0.0026,24.26191,-24.11576,40.03215,0,enoS1(2_parsed).csv
36.076094,-79.008375,8,1.17,151.7,-7.88,2337003,-7.88,-7.88016,4.45065,-3.95354,-0.11729,0.04368,-0.09453,23.54575,-23.57498,40.45601,0,enoS1(2_parsed).csv
36.076094,-79.00837,8,0.97,151.7,-7.77,2337803,-7.77,-7.76591,4.41296,-3.97687,-0.08415,0.10568,-0.05437,24.67115,-22.50804,42.23911,0,enoS1(2_parsed).csv
36.076094,-79.00837,8,0.97,151.4,-7.76,2338003,-7.76,-7.75933,4.52602,-4.03131,-0.09148,0.0307,-0.10629,24.34961,-21.60187,42.15142,0,enoS1(2_parsed).csv
36.07609,-79.008364,8,1.17,151.4,-7.69,2338803,-7.69,-7.69472,4.46142,-4.06301,-0.08201,0.07071,-0.06582,25.12423,-20.81263,42.86758,0,enoS1(2_parsed).csv
36.07609,-79.008364,8,1.17,151.4,-7.62,2339003,-7.62,-7.62114,4.5344,-4.03609,-0.11836,0.02749,-0.09682,25.5627,-21.19263,43.77375,0,enoS1(2_parsed).csv
36.07609,-79.00836,8,0.79,151.4,-7.79,2339803,-7.79,-7.79402,4.54397,-4.00499,-0.11072,0.02642,-0.12462,25.10962,-19.87723,44.63607,0,enoS1(2_parsed).csv
36.07609,-79.00836,8,0.79,151.5,-7.62,2340003,-7.62,-7.62234,4.52842,-4.04566,-0.11362,0.08674,-0.02306,25.08039,-19.5703,44.97223,0,enoS1(2_parsed).csv
36.076091,-79.008354,8,0.91,151.5,-7.7,2340803,-7.7,-7.69711,4.56551,-3.98285,-0.06903,0.1208,-0.10736,24.53961,-18.00643,45.8784,0,enoS1(2_parsed).csv
36.076091,-79.008354,8,0.91,151.5,-7.72,2341003,-7.72,-7.72044,4.6349,-3.95175,-0.16325,0.05956,-0.05437,23.64806,-17.36334,45.83455,0,enoS1(2_parsed).csv
36.076093,-79.008348,8,1.06,151.5,-7.68,2341803,-7.68,-7.67857,4.57388,-3.98704,-0.09636,0.12507,-0.07758,23.70652,-15.58024,47.06226,0,enoS1(2_parsed).csv
36.076093,-79.008348,8,1.06,151.4,-7.71,2342003,-7.71,-7.71386,4.56132,-3.98046,-0.14645,0.06781,-0.03009,23.09266,-14.80561,47.89535,0,enoS1(2_parsed).csv
36.076093,-79.008342,8,0.81,151.4,-7.81,2342803,-7.81,-7.81017,4.54457,-3.99183,-0.12126,0.13454,-0.0843,22.99035,-12.7302,48.62613,0,enoS1(2_parsed).csv
36.076093,-79.008342,8,0.81,151.2,-7.8,2343003,-7.8,-7.79941,4.55534,-3.94038,-0.18295,0.0368,-0.05238,21.89418,-12.43788,49.15229,0,enoS1(2_parsed).csv
36.076086,-79.008338,8,0.94,151.2,-7.77,2343803,-7.77,-7.77069,4.57448,-3.99422,-0.14142,0.1211,-0.12156,20.81263,-9.96785,49.45922,0,enoS1(2_parsed).csv
36.076086,-79.008338,8,0.94,151.2,-7.64,2344003,-7.64,-7.6361,4.52184,-3.98704,-0.20128,0.03375,-0.07117,20.84186,-8.75475,49.78077,0,enoS1(2_parsed).csv
36.076079,-79.008336,8,1.36,151.2,-7.72,2344803,-7.72,-7.71506,4.47697,-3.98584,-0.13286,0.19471,-0.07636,19.48261,-5.83163,50.10231,0,enoS1(2_parsed).csv
36.076079,-79.008336,8,1.36,150.9,-7.83,2345003,-7.83,-7.8335,4.60678,-3.87757,-0.17013,0.09759,-0.12019,19.01491,-5.21777,49.28384,0,enoS1(2_parsed).csv
36.076078,-79.008332,8,1.19,150.9,-7.64,2345803,-7.64,-7.64387,4.47936,-4.0672,-0.17104,0.10247,-0.12233,17.12949,-1.16925,49.48846,0,enoS1(2_parsed).csv
36.076078,-79.008332,8,1.19,150.2,-7.75,2346003,-7.75,-7.74557,4.65105,-3.87219,-0.16753,0.16677,-0.05406,16.42794,-1.50541,48.80152,0,enoS1(2_parsed).csv
36.076073,-79.008328,8,1.25,150.2,-7.77,2346803,-7.77,-7.7671,4.62832,-3.94158,-0.15882,0.19456,-0.08369,14.35253,2.19234,48.2169,0,enoS1(2_parsed).csv
36.076073,-79.008328,8,1.25,149.9,-7.75,2347003,-7.75,-7.74557,4.5003,-3.85544,-0.27245,0.00458,-0.11194,13.56329,2.64543,47.79304,0,enoS1(2_parsed).csv
36.076073,-79.008322,8,1.31,149.9,-7.76,2347803,-7.76,-7.76351,4.57926,-3.92662,-0.21548,0.09499,-0.11057,11.18094,5.3347,45.61532,0,enoS1(2_parsed).csv
36.076073,-79.008322,8,1.31,149.4,-7.66,2348003,-7.66,-7.66481,4.48056,-3.93201,-0.19731,0.15134,-0.07422,10.50862,6.37241,45.32301,0,enoS1(2_parsed).csv
36.076073,-79.008317,8,1.17,149.4,-7.64,2348803,-7.64,-7.63968,4.52782,-3.96491,-0.24221,0.06078,-0.0759,8.11166,8.66706,43.24759,0,enoS1(2_parsed).csv
36.076073,-79.008317,8,1.17,148.9,-7.7,2349003,-7.7,-7.69651,4.54756,-3.93021,-0.1463,0.2251,-0.12202,7.10319,9.12014,42.32681,0,enoS1(2_parsed).csv
36.07607,-79.008314,8,0.97,148.9,-7.72,2349803,-7.72,-7.71805,4.56072,-3.96072,-0.21716,0.07208,-0.12416,4.867,10.84478,40.6314,0,enoS1(2_parsed).csv
36.07607,-79.008314,8,0.97,148.3,-7.66,2350003,-7.66,-7.65943,4.50688,-3.83629,-0.17119,0.15928,-0.10446,4.69161,11.7071,40.076,0,enoS1(2_parsed).csv
36.076064,-79.008313,8,0.99,148.3,-7.71,2350803,-7.71,-7.70609,4.53619,-4.01456,-0.2025,0.08201,-0.1379,2.73312,12.1748,35.89594,0,enoS1(2_parsed).csv
36.076064,-79.008313,8,0.99,148.5,-7.69,2351003,-7.69,-7.69352,4.55713,-3.94816,-0.16478,0.14844,-0.10919,1.62233,12.2625,36.30518,0,enoS1(2_parsed).csv
36.076062,-79.008308,8,1,148.5,-7.7,2351803,-7.7,-7.7001,4.55354,-3.97089,-0.13118,0.17043,-0.11484,-0.04385,12.33558,33.00204,0,enoS1(2_parsed).csv
36.076062,-79.008308,8,1,148.5,-7.74,2352003,-7.74,-7.73659,4.54277,-3.90808,-0.20067,0.10232,-0.0898,-0.61386,12.04326,32.2128,0,enoS1(2_parsed).csv
36.076057,-79.008306,8,1.16,148.5,-7.71,2352803,-7.71,-7.70967,4.54098,-4.06062,-0.17379,0.11744,-0.0336,-1.90003,11.73633,29.6843,0,enoS1(2_parsed).csv
36.076057,-79.008306,8,1.16,149,-7.74,2353003,-7.74,-7.74317,4.48953,-3.96251,-0.1605,0.09575,-0.17165,-2.10465,11.26863,28.04736,0,enoS1(2_parsed).csv
36.076052,-79.008304,8,1.23,149,-7.85,2353803,-7.85,-7.85384,4.57388,-4.02712,-0.1544,0.09835,-0.12645,-3.05466,10.69863,25.12423,0,enoS1(2_parsed).csv
36.076052,-79.008304,8,1.23,148.7,-7.62,2354003,-7.62,-7.61695,4.46142,-4.01456,-0.17135,0.06506,-0.12706,-3.37621,9.88015,24.94884,0,enoS1(2_parsed).csv
36.076051,-79.008302,8,0.67,148.7,-7.76,2354803,-7.76,-7.76112,4.61097,-3.90927,-0.166,0.06552,-0.14416,-3.82929,8.63783,22.05495,0,enoS1(2_parsed).csv
36.076051,-79.008302,8,0.67,149.3,-7.64,2355003,-7.64,-7.64148,4.52064,-4.01875,-0.15302,0.11316,-0.10797,-3.80006,7.80474,21.87957,0,enoS1(2_parsed).csv
36.076049,-79.0083,8,0.74,149.3,-7.74,2355803,-7.74,-7.73719,4.5332,-3.96371,-0.18708,-0.00932,-0.10599,-4.22391,6.29933,19.19029,0,enoS1(2_parsed).csv
36.076049,-79.0083,8,0.74,149.5,-7.58,2356003,-7.58,-7.57627,4.58345,-3.99242,-0.13515,0.13546,-0.08842,-4.10699,5.55393,18.83952,0,enoS1(2_parsed).csv
36.076046,-79.008298,8,0.79,149.5,-7.68,2356803,-7.68,-7.68455,4.5661,-3.88295,-0.19731,-0.01329,-0.09163,-4.18006,4.18006,17.33411,0,enoS1(2_parsed).csv
36.076046,-79.008298,8,0.79,149.5,-7.7,2357003,-7.7,-7.69532,4.48654,-3.93799,-0.12767,0.1153,-0.09621,-3.58082,2.79158,16.88103,0,enoS1(2_parsed).csv
36.07604,-79.008295,8,1.21,149.5,-7.73,2357803,-7.73,-7.72583,4.52303,-3.9344,-0.20724,0.00825,-0.07819,-3.34697,1.88541,15.87255,0,enoS1(2_parsed).csv
36.07604,-79.008295,8,1.21,149.6,-7.69,2358003,-7.69,-7.69352,4.39621,-4.08634,-0.12202,0.07117,-0.15531,-3.62467,0.67232,16.23794,0,enoS1(2_parsed).csv
36.076034,-79.008291,8,1.15,149.6,-7.6,2358803,-7.6,-7.602,4.35434,-4.14616,-0.11469,0.09132,-0.14264,-2.79158,-0.58462,15.24408,0,enoS1(2_parsed).csv
36.076034,-79.008291,8,1.15,149.8,-7.69,2359003,-7.69,-7.68934,4.57926,-4.06421,-0.06888,0.14569,-0.19777,-2.0608,-2.63081,14.25022,0,enoS1(2_parsed).csv
36.076027,-79.008289,8,1.19,149.8,-7.72,2359803,-7.72,-7.72343,4.35434,-3.97867,-0.07162,0.17486,-0.21243,-1.69541,-4.48699,12.54019,0,enoS1(2_parsed).csv
36.076027,-79.008289,8,1.19,149.6,-7.71,2360003,-7.71,-7.71207,4.70907,-3.92064,-0.12294,0.11744,-0.15882,-0.67232,-5.90471,10.93248,0,enoS1(2_parsed).csv
36.076023,-79.008285,8,0.99,149.6,-7.69,2360803,-7.69,-7.69412,4.49671,-3.94935,-0.10507,0.10431,-0.22571,0.30693,-8.19936,11.91172,0,enoS1(2_parsed).csv
36.076023,-79.008285,8,0.99,149.6,-7.66,2361003,-7.66,-7.65524,4.68156,-3.83809,-0.13317,0.12263,-0.0846,1.6808,-9.88015,11.89711,0,enoS1(2_parsed).csv
36.076019,-79.00828,8,1.21,149.6,-7.73,2361803,-7.73,-7.73241,4.67857,-3.91645,-0.11973,0.09774,-0.16631,2.89389,-12.59865,12.07249,0,enoS1(2_parsed).csv
36.076019,-79.00828,8,1.21,149.9,-7.65,2362003,-7.65,-7.64985,4.64028,-3.90389,-0.20067,0.05391,-0.02046,3.58082,-13.56329,11.53172,0,enoS1(2_parsed).csv
36.076014,-79.008278,8,1.2,149.9,-7.72,2362803,-7.72,-7.71984,4.78983,-3.94816,-0.1066,0.1689,-0.06231,4.75007,-16.00409,11.21017,0,enoS1(2_parsed).csv
36.076014,-79.008278,8,1.2,150.1,-7.76,2363003,-7.76,-7.75574,4.5009,-3.95713,-0.25916,-0.04948,0.04872,4.99854,-16.88103,11.92634,0,enoS1(2_parsed).csv
36.076007,-79.008274,8,1.21,150.1,-7.69,2363803,-7.69,-7.68814,4.67199,-3.91645,-0.19838,0.03467,0.01069,6.95703,-18.82491,12.6425,0,enoS1(2_parsed).csv
36.076007,-79.008274,8,1.21,150.6,-7.68,2364003,-7.68,-7.67618,4.4351,-4.00379,-0.16661,0.09209,-0.02382,6.91318,-18.53259,13.87021,0,enoS1(2_parsed).csv
36.076002,-79.00827,8,1.04,150.6,-7.79,2364803,-7.79,-7.78804,4.57029,-3.89671,-0.15485,0.10079,-0.0449,8.82783,-20.79801,13.68021,0,enoS1(2_parsed).csv
36.076002,-79.00827,8,1.04,150.8,-7.78,2365003,-7.78,-7.78026,4.57029,-3.97627,-0.18952,0.02627,-0.07346,9.28091,-21.57264,14.39638,0,enoS1(2_parsed).csv
36.075998,-79.008266,8,1.1,150.8,-7.73,2365803,-7.73,-7.72583,4.52124,-3.98644,-0.24328,-0.03024,-0.07605,11.22479,-22.94651,15.55101,0,enoS1(2_parsed).csv
36.075998,-79.008266,8,1.1,150.6,-7.65,2366003,-7.65,-7.65344,4.54756,-4.05524,-0.1237,0.16295,-0.10385,11.56095,-23.79421,16.03332,0,enoS1(2_parsed).csv
36.075995,-79.008262,8,1.1,150.6,-7.61,2366803,-7.61,-7.61456,4.48714,-4.1354,-0.22907,0.02001,-0.0869,12.9202,-25.57732,18.32797,0,enoS1(2_parsed).csv
36.075995,-79.008262,8,1.1,150.5,-7.68,2367003,-7.68,-7.67558,4.50329,-4.0331,-0.11286,0.20785,-0.07117,13.53405,-25.16808,19.54107,0,enoS1(2_parsed).csv
36.075992,-79.008257,8,0.84,150.5,-7.51,2367803,-7.51,-7.50808,4.34716,-4.37109,-0.21594,0.04933,-0.03329,16.12102,-26.74656,23.12189,0,enoS1(2_parsed).csv
36.075992,-79.008257,8,0.84,150.9,-7.67,2368003,-7.67,-7.66959,4.45484,-4.04447,-0.03344,0.28558,-0.14248,15.9164,-27.19965,21.93803,0,enoS1(2_parsed).csv
36.07599,-79.008255,8,0.72,150.9,-7.71,2368803,-7.71,-7.71027,4.28973,-3.88355,-0.0646,0.34315,-0.03971,18.28413,-27.94505,25.81116,0,enoS1(2_parsed).csv
36.07599,-79.008255,8,0.72,150.8,-10.53,2369003,-10.53,-10.53321,5.42273,-5.26062,0.87277,1.01251,0.75488,15.49255,-27.25811,20.18416,0,enoS1(2_parsed).csv
36.075999,-79.008248,8,1.28,150.8,-9.27,2369803,-9.27,-9.26979,3.40559,0.47318,2.58274,-1.97936,1.19409,-1.54925,2.85004,28.03274,0,enoS1(2_parsed).csv
36.075999,-79.008248,8,1.28,149.6,-8.71,2370003,-8.71,-8.71227,4.55055,1.5332,3.51431,-1.55679,0.61636,4.64776,-0.84771,36.21748,1,enoS1(2_parsed).csv
