Lat,Lon,Sats,Speed,GPS_Alt,Dist,Time,Alt,AX,AY,AZ,GX,GY,GZ,MX,MY,MZ,Endpoint,source_file
36.0789631328671,-79.0079965454545,10,0.07,130.0,-8.28,527603,-8.28,-8.27797,-1.42253,-4.05105,-0.10339,0.48426,-1.15652,-4.26776,5.42239,23.56036,0,enoS1(1_parsed).csv
36.0789624195804,-79.0079995804196,11,0.75,130.4,-9.11,528403,-9.11,-9.10948,-3.067,-2.65005,-1.23639,-0.78802,0.20433,-2.77697,11.22479,28.80737,0,enoS1(1_parsed).csv
36.0789623356643,-79.0080025034965,11,0.29,130.4,-7.85,529403,-7.85,-7.84786,-4.41476,-3.74537,0.21487,-0.15043,-0.60735,1.43233,20.90032,34.56592,0,enoS1(1_parsed).csv
36.0789627960373,-79.0080052132867,11,0.29,131.2,-7.97,529603,-7.97,-7.9681,-4.33101,-3.48096,-0.58979,0.45433,-0.1773,0.35077,18.21105,33.70359,0,enoS1(1_parsed).csv
36.0789637156177,-79.0080076083916,11,0.03,131.5,-8.55,530403,-8.55,-8.55015,-2.90429,-4.77009,0.48762,-0.10079,-0.45616,4.83777,10.97632,38.68752,0,enoS1(1_parsed).csv
36.078965009324,-79.0080095874126,11,0.25,131.5,-5.55,531403,-5.55,-5.55255,-7.02593,-2.17867,-0.79229,0.9754,-1.29595,0.62847,35.88132,26.41041,0,enoS1(1_parsed).csv
36.0789666363636,-79.0080104335664,11,0.25,131.4,-6.82,531603,-6.82,-6.82493,-7.14018,-1.68215,0.14508,-0.19594,0.04979,-2.03157,31.8328,26.46887,0,enoS1(1_parsed).csv
36.0789683846154,-79.0080108391608,11,0.07,131.4,-3.25,532403,-3.25,-3.24646,-7.88136,-5.45623,0.27306,0.1379,-0.1405,12.67173,37.56212,37.8252,0,enoS1(1_parsed).csv
36.0789703286713,-79.0080115804196,11,0.07,131.4,-4.58,532603,-4.58,-4.57568,-6.70469,-5.25404,0.96196,0.38882,-0.92393,6.60626,30.03508,38.26367,0,enoS1(1_parsed).csv
36.0789727668998,-79.0080122097902,11,0.31,133.0,-10.47,533403,-10.47,-10.4686,1.17009,0.94457,0.19807,1.3914,-0.76083,-2.29465,-6.86934,15.21485,0,enoS1(1_parsed).csv
36.0789744289044,-79.0080127062937,11,0.2,133.3,-10.24,534403,-10.24,-10.24128,3.93141,0.15553,-0.29413,0.52779,-0.87125,7.1178,-18.31336,13.46098,0,enoS1(1_parsed).csv
36.0789748205128,-79.008013039627,11,0.39,133.2,-7.86,535403,-7.86,-7.85923,3.80818,-2.96231,-0.31597,0.04963,0.10064,14.61561,-12.18942,36.78749,0,enoS1(1_parsed).csv
36.078974979021,-79.0080134312354,11,0.26,133.2,-10.63,536403,-10.63,-10.63131,-0.35414,-0.30927,0.02398,-0.20647,-0.20159,-3.62467,10.69863,26.79041,0,enoS1(1_parsed).csv
36.0789740862471,-79.0080127599067,11,0.26,132.8,-10.49,536603,-10.49,-10.48834,1.63549,-1.02951,-1.20249,-1.12644,0.49724,-2.8062,15.06869,30.12277,0,enoS1(1_parsed).csv
36.0789743240093,-79.0080142680653,11,1.13,132.8,-9.07,537403,-9.07,-9.07478,0.12263,-3.70409,1.80724,0.31353,-1.94393,2.17773,14.83484,36.2321,0,enoS1(1_parsed).csv
36.0789748298368,-79.0080157762238,11,1.13,132.5,-8.32,537603,-8.32,-8.31626,2.31984,-5.66979,0.51023,-0.63209,-0.27611,8.37474,2.92312,40.266,0,enoS1(1_parsed).csv
36.0789776806527,-79.0080191958042,11,1.05,132.5,-19.6,538403,-19.6,-19.59961,-1.08933,-7.1001,-1.89826,2.90711,2.66688,25.38731,-7.38088,45.51301,0,enoS1(1_parsed).csv
36.0789827622378,-79.0080243613054,11,1.05,131.9,-0.63,538603,-0.63,-0.62991,-0.37986,0.55394,-0.20968,-1.95538,-0.1408,8.08243,11.13709,42.10757,0,enoS1(1_parsed).csv
36.0789889393939,-79.0080298135198,11,5.47,131.9,0.74,539403,0.74,0.73819,-0.0676,0.57368,0.30299,-3.1539,-1.77349,79.78661,29.28968,2.23619,0,enoS1(1_parsed).csv
36.0789950699301,-79.0080364662005,11,5.47,130.6,9.74,539603,9.74,9.74118,1.78923,-7.61456,0.09972,2.10031,-0.35171,81.67203,21.1634,6.25548,0,enoS1(1_parsed).csv
36.0790003776224,-79.0080426037296,11,4.64,130.6,11.19,540403,11.19,11.19482,0.55274,-0.27218,-0.72693,-1.77533,1.04412,79.4943,13.5779,-12.67173,0,enoS1(1_parsed).csv
36.0790021771562,-79.0080481468531,11,4.64,129.7,7.88,540603,7.88,7.87777,0.17827,2.43829,-0.28543,-2.38176,-1.22585,68.47413,12.04326,-29.34814,0,enoS1(1_parsed).csv
36.0790020699301,-79.0080528881119,11,1.04,129.3,8.72,541403,8.72,8.72423,0.29432,1.20419,-0.5733,-2.35259,-0.08766,75.89886,-0.35077,-16.64718,0,enoS1(1_parsed).csv
36.0789983846154,-79.008054983683,11,0.97,129.3,9.18,542403,9.18,9.18186,-0.23509,1.32921,-0.79748,0.58567,-0.84116,77.00965,-8.34551,-5.58316,0,enoS1(1_parsed).csv
36.0789945710956,-79.0080570885781,11,0.97,129.4,9.92,542603,9.92,9.92304,-1.07019,0.73938,-0.93905,0.10537,-0.11988,79.64046,-5.26162,2.04619,0,enoS1(1_parsed).csv
36.0789886247086,-79.008058039627,11,0.62,129.4,9.5,543403,9.5,9.49891,-0.61735,1.32084,-1.16171,-0.29123,0.55635,79.64046,-1.34464,16.51564,0,enoS1(1_parsed).csv
36.0789843776224,-79.0080597529137,11,0.62,128.2,9.36,543603,9.36,9.35953,0.27697,1.51645,-1.02259,-0.0869,-0.29917,78.67583,-1.24233,17.27565,0,enoS1(1_parsed).csv
36.0789804801865,-79.0080608717949,11,0.55,128.2,9.49,544403,9.49,9.48694,-0.37029,1.1994,-1.00701,0.06811,-0.59743,78.22274,22.5665,20.95878,0,enoS1(1_parsed).csv
36.0789767972028,-79.0080606666667,11,0.55,126.5,9.56,544603,9.56,9.55514,-0.65803,1.2347,-1.12781,0.06154,0.21197,77.56504,27.78427,18.60567,0,enoS1(1_parsed).csv
36.0789735874126,-79.0080613473193,11,0.72,126.5,9.35,545403,9.35,9.34517,-0.28415,1.07677,-1.2338,0.15348,0.23824,76.55656,37.1675,3.37621,0,enoS1(1_parsed).csv
36.0789709487179,-79.0080603776224,11,0.72,127.0,9.74,545603,9.74,9.73699,-0.23689,1.14497,-1.15301,-0.14111,-0.54336,76.41041,37.72289,-3.2739,0,enoS1(1_parsed).csv
36.0789685687646,-79.0080618181818,11,0.69,127.0,9.46,546403,9.46,9.46481,-0.35533,1.34895,-1.33505,0.29398,0.00596,74.93423,25.25577,-20.33031,0,enoS1(1_parsed).csv
36.0789688391608,-79.0080650722611,11,0.69,127.4,9.34,546603,9.34,9.33679,-0.30748,1.08275,-1.31977,-0.21502,-0.05421,75.89886,17.84566,-20.98802,0,enoS1(1_parsed).csv
36.0789686433566,-79.0080681724942,11,0.62,127.4,9.51,547403,9.51,9.51087,-0.14417,1.31904,-1.33612,0.41569,-0.43967,77.00965,-4.57469,-10.15785,0,enoS1(1_parsed).csv
36.0789687738928,-79.0080714242424,11,0.62,127.4,9.51,547603,9.51,9.51147,-0.73878,1.15753,-1.37826,-0.07101,-0.19777,78.74891,-4.75007,-5.15931,0,enoS1(1_parsed).csv
36.0789683310023,-79.0080753053613,11,0.63,127.4,9.41,548403,9.41,9.40978,-0.66162,1.27478,-1.38895,-0.02489,0.66569,78.58813,-2.00234,16.39871,0,enoS1(1_parsed).csv
36.0789682191142,-79.0080789300699,11,0.63,126.3,9.59,548603,9.59,9.58505,0.30389,1.15813,-1.18493,-0.11576,-0.48869,78.01812,-0.71616,19.52645,0,enoS1(1_parsed).csv
36.0789674009324,-79.0080814125874,10,0.84,125.9,9.51,549403,9.51,9.51267,-0.16211,1.07079,-1.07634,-0.16417,-0.69394,78.04736,23.60421,19.59953,0,enoS1(1_parsed).csv
36.0789660815851,-79.0080832307692,10,0.97,125.9,9.42,550403,9.42,9.42114,-0.22313,1.3986,-1.26388,0.30788,0.02566,75.95732,36.21748,-2.01695,0,enoS1(1_parsed).csv
36.0789639184149,-79.0080835547785,10,0.97,125.6,9.56,550603,9.56,9.56232,-0.13579,1.02772,-1.26006,-0.06353,-0.16188,76.65887,34.639,-5.46624,0,enoS1(1_parsed).csv
36.0789611142191,-79.0080831911422,9,0.67,125.7,9.58,551403,9.58,9.57727,-0.63948,1.5679,-1.16355,0.09362,-0.17257,74.34961,21.19263,-20.91494,0,enoS1(1_parsed).csv
36.078960037296,-79.0080848158508,10,0.7,126.1,9.56,552403,9.56,9.56112,-0.25005,1.63908,-0.9557,0.40577,-0.3007,75.50423,-3.09851,-13.13943,0,enoS1(1_parsed).csv
36.0789600559441,-79.0080875594406,10,0.51,126.1,9.32,553403,9.32,9.32423,-0.50369,1.04925,-0.86697,-0.07132,0.01008,78.85121,-7.49781,7.35165,0,enoS1(1_parsed).csv
36.0789591282051,-79.0080902820513,10,0.51,126.4,9.65,553603,9.65,9.64846,-0.06939,1.67617,-0.85139,-0.06445,0.07422,77.49197,-8.85706,8.47705,0,enoS1(1_parsed).csv
36.0789582121212,-79.0080935710955,10,0.72,126.4,9.66,554403,9.66,9.65863,-0.10169,1.51167,-0.7561,-0.0562,-0.08583,78.86583,-0.17539,19.1026,0,enoS1(1_parsed).csv
36.0789574708625,-79.0080964801865,11,0.72,126.1,9.47,554603,9.47,9.47139,-0.39661,1.13001,-0.72754,0.12324,-0.27718,79.04122,4.63315,20.53493,0,enoS1(1_parsed).csv
36.0789570675991,-79.0080991328671,11,0.61,126.1,9.28,555403,9.28,9.27518,-0.59163,1.2993,-0.69776,-0.17318,-0.09453,79.37738,18.48874,20.76878,0,enoS1(1_parsed).csv
36.0789571608392,-79.0081011841492,11,0.61,126.4,9.57,555603,9.57,9.57069,-0.26321,1.45603,-0.72097,0.18448,0.20632,78.77814,19.93569,20.72493,0,enoS1(1_parsed).csv
36.0789566666667,-79.0081028041958,11,0.63,126.4,9.46,556403,9.46,9.45883,-0.18664,1.29033,-0.62827,-0.11484,-0.0982,78.12044,28.82198,14.981,0,enoS1(1_parsed).csv
36.0789562750583,-79.0081033916084,10,0.63,126.9,9.53,556603,9.53,9.52882,-0.31825,1.29272,-0.58185,0.09239,-0.27764,78.23736,32.65127,11.53172,0,enoS1(1_parsed).csv
36.0789552051282,-79.0081039160839,10,0.53,126.9,9.51,557403,9.51,9.50848,-0.47438,1.34297,-0.57986,0.30681,0.11377,76.65887,36.4221,2.39696,0,enoS1(1_parsed).csv
36.0789541328671,-79.0081037575758,10,0.53,127.0,9.52,557603,9.52,9.52224,-0.11426,1.20838,-0.54978,-0.09102,0.0087,77.05349,34.98977,0.81847,0,enoS1(1_parsed).csv
36.0789523473193,-79.0081034825175,10,0.63,127.0,9.28,558403,9.28,9.28056,-0.30927,1.36271,-0.51023,0.01359,-0.13958,76.07425,34.88746,-7.26396,0,enoS1(1_parsed).csv
36.0789505104895,-79.0081027179487,10,0.63,127.4,9.53,558603,9.53,9.52822,-0.34756,1.35015,-0.5058,-0.01863,-0.08354,75.86963,34.52207,-10.304,0,enoS1(1_parsed).csv
36.0789481701632,-79.0081017226107,10,0.99,127.4,9.4,559403,9.4,9.4002,-0.00299,0.87876,-0.49648,0.11561,0.04001,77.08273,27.50658,-14.65946,0,enoS1(1_parsed).csv
36.0789465384615,-79.0081007342657,10,0.99,127.4,9.43,559603,9.43,9.43011,-0.3009,1.49073,-0.43891,-0.38546,-0.33017,75.22654,27.6235,-18.67875,0,enoS1(1_parsed).csv
36.0789442890443,-79.0080998927739,10,0.83,127.4,9.48,560403,9.48,9.48156,-0.72024,1.45005,-0.49969,0.25672,0.01069,74.26191,21.58726,-20.68109,0,enoS1(1_parsed).csv
36.078942004662,-79.0080986526806,10,0.83,127.8,9.65,560603,9.65,9.65025,-0.17647,1.07737,-0.53481,0.0339,0.28085,75.9427,16.35487,-19.45338,0,enoS1(1_parsed).csv
36.0789392074592,-79.0080979324009,10,0.63,127.8,9.42,561403,9.42,9.42294,-0.11246,1.00199,-0.43326,-0.34911,-0.19945,76.81965,7.99474,-18.45951,0,enoS1(1_parsed).csv
36.078937034965,-79.0080975034965,10,0.63,127.9,9.38,561603,9.38,9.38465,-0.44686,1.62832,-0.44578,0.02443,-0.16799,75.48962,7.24934,-20.16954,0,enoS1(1_parsed).csv
36.0789345384615,-79.0080979090909,10,0.67,127.9,9.56,562403,9.56,9.56172,-0.35174,1.42253,-0.48151,0.51465,0.031,76.67349,-0.6577,-15.37562,0,enoS1(1_parsed).csv
36.0789326643357,-79.0080989254079,11,0.67,127.7,9.52,562603,9.52,9.51805,-0.21954,0.88774,-0.45097,-0.06689,-0.12691,77.74043,-2.64543,-11.31248,0,enoS1(1_parsed).csv
36.0789306293706,-79.0081005547785,11,0.85,127.7,9.44,563403,9.44,9.44268,-0.49472,1.33579,-0.45983,-0.34865,-0.04352,77.60889,-6.06548,-7.74627,0,enoS1(1_parsed).csv
36.0789295011655,-79.0081025407925,11,0.85,127.2,9.43,563603,9.43,9.43011,-0.18126,1.56251,-0.50763,0.29993,0.17181,76.83426,-8.49167,-5.37854,0,enoS1(1_parsed).csv
36.0789282843823,-79.008105004662,11,0.92,127.2,9.47,564403,9.47,9.47378,-0.21894,1.14556,-0.45204,-0.09697,-0.07437,77.74043,-9.93861,3.50775,0,enoS1(1_parsed).csv
36.0789279020979,-79.0081073916084,11,0.92,127.2,9.68,564603,9.68,9.68316,-0.38405,1.44945,-0.43066,0.15241,-0.21212,78.20812,-8.14089,4.5893,0,enoS1(1_parsed).csv
36.0789262983683,-79.0081093286713,11,0.91,127.2,9.66,565403,9.66,9.65863,-0.50728,1.11087,-0.4499,-0.27443,0.07071,78.57352,-5.057,13.18328,0,enoS1(1_parsed).csv
36.0789249277389,-79.0081105407925,11,0.91,127.1,9.24,565603,9.24,9.24347,-0.11964,1.45244,-0.42623,0.05131,-0.02581,78.76352,-5.61239,13.81175,0,enoS1(1_parsed).csv
36.0789231258741,-79.00811204662,11,0.86,127.1,9.61,566403,9.61,9.61376,-0.06102,1.5338,-0.41157,0.14462,-0.0504,78.52967,-1.91464,19.01491,0,enoS1(1_parsed).csv
36.0789215407925,-79.0081127645688,10,0.86,127.2,9.44,566603,9.44,9.44268,-0.39422,1.2006,-0.38759,0.00367,-0.26313,78.70506,1.28617,21.17802,0,enoS1(1_parsed).csv
36.0789193659674,-79.008113995338,10,0.83,127.2,9.59,567403,9.59,9.59103,-0.54317,1.32443,-0.39645,0.02871,-0.19884,78.73429,9.42707,22.18649,0,enoS1(1_parsed).csv
36.0789175850816,-79.0081147039627,10,0.83,127.3,9.37,567603,9.37,9.36551,-0.29312,1.28734,-0.46701,0.03024,0.28879,78.44198,9.8363,22.5665,0,enoS1(1_parsed).csv
36.0789154149184,-79.008116002331,10,0.94,127.3,9.54,568403,9.54,9.5366,-0.13878,1.36511,-0.39676,0.17486,-0.23182,79.0266,16.09179,21.98188,0,enoS1(1_parsed).csv
36.0789136340326,-79.008117,10,0.94,127.2,9.47,568603,9.47,9.4666,-0.55155,1.20479,-0.38988,-0.08705,-0.26176,78.85121,21.13417,21.29494,0,enoS1(1_parsed).csv
36.0789114592075,-79.0081185734266,10,0.99,127.2,9.41,569403,9.41,9.40619,-0.46899,1.5344,-0.47113,0.21304,0.31307,77.78428,26.60041,17.05642,0,enoS1(1_parsed).csv
36.0789097902098,-79.008120037296,9,0.99,127.2,9.58,569603,9.58,9.57787,-0.02034,1.0684,-0.42898,-0.02978,0.01649,78.25198,25.94271,18.19643,0,enoS1(1_parsed).csv
36.078908009324,-79.008122055944,9,0.98,127.2,9.16,570403,9.16,9.16451,-0.49292,1.17547,-0.40042,-0.08476,-0.32101,76.41041,33.58667,13.02251,0,enoS1(1_parsed).csv
36.0789069090909,-79.0081239673659,10,0.98,127.3,9.66,570603,9.66,9.65624,-0.31705,1.67857,-0.47312,-0.01359,0.24954,77.79889,34.05437,8.78398,0,enoS1(1_parsed).csv
36.0789054242424,-79.0081258461538,10,0.94,127.3,9.64,571403,9.64,9.63769,-0.31884,1.00678,-0.41203,-0.0084,-0.12065,76.84888,35.99825,4.54545,0,enoS1(1_parsed).csv
36.0789043613054,-79.008127030303,10,0.94,127.3,9.56,571603,9.56,9.56471,-0.41994,1.31007,-0.41554,-0.15867,-0.05925,76.61502,36.45133,1.30079,0,enoS1(1_parsed).csv
36.0789031981352,-79.0081283962704,10,0.99,127.3,9.47,572403,9.47,9.47199,-0.11964,1.61037,-0.43539,-0.02841,0.0733,76.51272,35.13593,-6.38702,0,enoS1(1_parsed).csv
36.0789026946387,-79.0081291981352,10,0.99,126.9,9.54,572603,9.54,9.54198,-0.32602,1.14138,-0.39554,0.31628,-0.22571,76.87811,34.97515,-5.68547,0,enoS1(1_parsed).csv
36.0789016923077,-79.0081303356643,10,0.97,126.9,9.69,573403,9.69,9.69452,-0.50189,1.21615,-0.42761,0.16738,0.08002,75.48962,33.17743,-12.36481,0,enoS1(1_parsed).csv
36.078901011655,-79.0081309417249,11,0.97,126.7,9.3,573603,9.3,9.29971,-0.16271,1.19641,-0.41325,-0.21808,0.04887,76.17655,30.38585,-14.26484,0,enoS1(1_parsed).csv
36.0788998951049,-79.0081321515151,11,0.72,126.7,9.24,574403,9.24,9.2351,-0.21595,1.34776,-0.35323,0.00504,-0.37858,75.72347,25.18269,-18.03566,0,enoS1(1_parsed).csv
36.078899018648,-79.0081329533799,10,0.72,126.8,9.71,574603,9.71,9.70768,-0.5994,1.27179,-0.39981,0.18952,-0.00947,75.48962,25.10962,-18.82491,0,enoS1(1_parsed).csv
36.0788976480186,-79.0081344592074,10,1.0,126.8,9.72,575403,9.72,9.72443,-0.3673,1.22213,-0.40882,-0.04933,0.13974,75.88425,18.56182,-19.36568,0,enoS1(1_parsed).csv
36.0788964825175,-79.0081356713287,11,1.0,127.1,9.26,575603,9.26,9.26082,-0.17468,1.20658,-0.37034,-0.1266,-0.1321,75.91348,15.46332,-20.71032,0,enoS1(1_parsed).csv
36.0788948111888,-79.0081376083916,11,1.1,127.1,9.55,576403,9.55,9.54976,-0.35833,1.73181,-0.36744,0.75885,-0.21273,74.37884,10.23093,-20.90032,0,enoS1(1_parsed).csv
36.0788933566433,-79.0081393240093,11,1.1,127.1,9.4,576603,9.4,9.4032,-0.39302,0.59282,-0.40607,0.00687,0.14401,77.57965,8.28705,-16.82257,0,enoS1(1_parsed).csv
36.0788916433566,-79.0081419557109,11,1.14,127.1,9.51,577403,9.51,9.51326,-0.28116,1.08574,-0.38775,-0.53909,0.14172,76.43964,1.50541,-16.00409,0,enoS1(1_parsed).csv
36.0788903566433,-79.0081444265734,11,1.14,126.9,9.28,577603,9.28,9.27518,-0.27338,1.59362,-0.33628,0.06933,-0.25244,75.48962,0.92078,-17.34873,0,enoS1(1_parsed).csv
36.0788886433566,-79.0081474265734,11,1.16,126.9,9.49,578403,9.49,9.48993,-0.21176,1.52842,-0.36866,0.4864,-0.03803,76.46886,-3.72698,-11.97018,0,enoS1(1_parsed).csv
36.0788872727273,-79.0081499160839,11,1.16,126.7,9.64,578603,9.64,9.63709,-0.37747,0.93858,-0.33628,0.02459,-0.15562,77.69658,-4.04852,-7.74627,0,enoS1(1_parsed).csv
36.0788855804196,-79.0081527505828,11,1.13,126.7,9.4,579403,9.4,9.39841,-0.61854,1.23709,-0.35048,-0.38622,0.06918,77.63812,-6.02163,-4.76469,0,enoS1(1_parsed).csv
36.0788843962704,-79.0081547832168,11,1.13,126.7,9.51,579603,9.51,9.51087,0.01077,1.61037,-0.36606,0.22068,0.17898,76.13271,-8.63783,-4.29699,0,enoS1(1_parsed).csv
36.0788828438228,-79.0081572703963,11,1.12,126.7,9.57,580403,9.57,9.57069,-0.26501,1.22692,-0.26206,0.17898,-0.49602,78.12044,-8.62321,2.38234,0,enoS1(1_parsed).csv
36.0788817529138,-79.0081588368298,11,1.12,126.4,9.53,580603,9.53,9.52702,-0.70409,1.07976,-0.34453,-0.12706,0.19807,78.73429,-6.31394,4.13622,0,enoS1(1_parsed).csv
36.0788802470862,-79.0081611631701,11,1.0,126.4,9.45,581403,9.45,9.45285,-0.09751,1.39561,-0.30513,-0.10095,0.03207,77.93044,-9.55861,8.43321,0,enoS1(1_parsed).csv
36.0788791561772,-79.008162981352,10,1.0,126.5,9.38,581603,9.38,9.37927,-0.37567,1.334,-0.28176,0.18372,-0.18051,78.44198,-7.48319,9.924,0,enoS1(1_parsed).csv
36.0788776037296,-79.0081654055944,10,1.08,126.5,9.54,582403,9.54,9.54138,-0.40618,1.13181,-0.26817,0.17394,-0.10599,78.71967,-3.50775,14.44022,0,enoS1(1_parsed).csv
36.0788764195804,-79.0081672983683,10,1.08,126.5,9.43,582603,9.43,9.4343,-0.34217,1.22752,-0.29963,-0.29535,0.15653,78.70506,-4.72084,14.13329,0,enoS1(1_parsed).csv
36.0788747272727,-79.0081696083916,10,1.17,126.5,9.27,583403,9.27,9.27039,-0.10708,1.31486,-0.23885,0.03696,-0.16005,78.80737,-2.70389,17.52412,0,enoS1(1_parsed).csv
36.0788734405594,-79.0081713053613,10,1.17,126.6,9.64,583603,9.64,9.64008,-0.52104,1.31366,-0.23075,0.14035,-0.1605,78.90968,0.32154,17.20257,0,enoS1(1_parsed).csv
36.0788717062937,-79.0081733613054,10,0.89,126.6,9.68,584403,9.68,9.68016,-0.42233,1.0666,-0.28894,-0.01344,0.18524,78.22274,3.90237,21.09032,0,enoS1(1_parsed).csv
36.0788704009324,-79.0081746853147,10,0.89,126.7,9.43,584603,9.43,9.43131,-0.15613,1.31486,-0.24267,-0.23167,-0.06002,78.92429,3.02543,19.848,0,enoS1(1_parsed).csv
36.0788685058275,-79.0081764615385,10,1.01,126.7,9.41,585403,9.41,9.41037,-0.21894,1.54875,-0.23656,0.04658,-0.10843,78.98275,7.23473,20.98802,0,enoS1(1_parsed).csv
36.0788669207459,-79.0081775990676,11,1.01,126.8,9.57,585603,9.57,9.57189,-0.51984,1.04686,-0.24465,0.28115,-0.05589,77.81351,8.82783,22.11342,0,enoS1(1_parsed).csv
36.0788648391608,-79.0081794941725,11,1.17,126.8,9.63,586403,9.63,9.6347,-0.27039,1.05882,-0.22923,-0.06597,0.03482,77.52119,12.29173,23.7796,0,enoS1(1_parsed).csv
36.0788635804196,-79.0081808275058,11,1.17,127.0,9.33,586603,9.33,9.32962,-0.33619,1.468,-0.20617,-0.16386,-0.10033,78.69044,13.59252,21.93803,0,enoS1(1_parsed).csv
36.0788613939394,-79.008182972028,11,0.99,127.0,9.35,587403,9.35,9.35354,-0.37089,1.39621,-0.16066,0.23534,-0.27489,78.83659,17.01257,20.7834,0,enoS1(1_parsed).csv
36.0788592121212,-79.0081851258741,11,0.99,127.1,9.44,587603,9.44,9.44387,-0.44985,1.19402,-0.20143,0.01833,0.15379,77.56504,18.50336,22.52265,0,enoS1(1_parsed).csv
36.0788565337995,-79.0081876480186,11,1.04,127.1,9.52,588403,9.52,9.51745,-0.21236,1.01874,-0.16493,-0.01573,0.01191,77.6235,19.83338,22.33265,0,enoS1(1_parsed).csv
36.0788541841492,-79.0081897832168,11,1.04,127.2,9.54,588603,9.54,9.54497,-0.45344,1.44885,-0.13347,-0.22022,-0.15745,78.50043,21.30956,20.02338,0,enoS1(1_parsed).csv
36.0788516153846,-79.0081919370629,11,1.04,127.2,9.47,589403,9.47,9.47498,-0.55513,1.14197,-0.15852,0.16203,0.08919,77.11195,24.1596,19.68723,0,enoS1(1_parsed).csv
36.0788499184149,-79.0081933170163,11,1.04,128.2,9.49,589603,9.49,9.48515,-0.12502,1.2341,-0.15653,-0.18005,0.09407,78.17889,22.66881,20.18416,0,enoS1(1_parsed).csv
36.0788479090909,-79.0081947762238,11,0.99,128.2,9.28,590403,9.28,9.27638,-0.268,1.39801,-0.11637,0.05666,-0.19258,77.95966,25.43116,17.55335,0,enoS1(1_parsed).csv
36.0788465944056,-79.0081955687645,11,0.99,127.6,9.71,590603,9.71,9.70649,-0.50189,1.2347,-0.14707,0.2222,0.05849,77.12657,25.7527,19.07337,0,enoS1(1_parsed).csv
36.0788451911422,-79.0081964055944,11,0.91,127.6,9.62,591403,9.62,9.61975,-0.23809,1.08395,-0.12691,-0.28665,-0.04215,77.14119,27.1558,17.99182,0,enoS1(1_parsed).csv
36.0788447902098,-79.0081966107226,11,0.91,126.9,9.33,591603,9.33,9.33201,-0.40499,1.55115,-0.13561,-0.02459,-0.02734,77.88658,28.16428,18.59105,0,enoS1(1_parsed).csv
36.0788431701632,-79.0081973892774,11,1.09,126.9,9.67,592403,9.67,9.667,-0.30927,1.34776,-0.1263,0.29612,-0.10431,77.56504,29.34814,14.83484,0,enoS1(1_parsed).csv
36.0788416876457,-79.008198013986,11,1.09,127.2,9.5,592603,9.5,9.49652,-0.39781,1.12941,-0.13546,-0.15592,-0.00809,77.12657,29.81584,15.90178,0,enoS1(1_parsed).csv
36.0788395128205,-79.0081987459207,11,0.97,127.2,9.44,593403,9.44,9.43789,-0.25364,1.2347,-0.13699,-0.25916,0.15424,77.41888,31.2774,13.3002,0,enoS1(1_parsed).csv
36.0788375454545,-79.0081991934732,11,0.97,127.2,9.51,593603,9.51,9.51207,-0.33679,1.37946,-0.10751,0.208,-0.13561,77.28734,30.99971,12.39404,0,enoS1(1_parsed).csv
36.0788352144522,-79.0081998065268,11,1.21,127.2,9.63,594403,9.63,9.6347,-0.34277,1.22453,-0.12523,0.25962,-0.03574,76.81965,32.44665,12.02865,0,enoS1(1_parsed).csv
36.0788334055944,-79.0082000862471,11,1.21,127.0,9.55,594603,9.55,9.55275,-0.35773,1.05823,-0.12217,-0.16814,-0.07162,76.46886,33.00204,11.88249,0,enoS1(1_parsed).csv
36.078830981352,-79.0082008601399,11,1.17,127.0,9.44,595403,9.44,9.44088,-0.4014,1.50568,-0.13989,-0.17333,0.07101,76.65887,34.21514,9.14937,0,enoS1(1_parsed).csv
36.0788290792541,-79.0082016060606,11,1.17,126.8,9.41,595603,9.41,9.40679,-0.15972,1.38664,-0.13836,0.16386,0.02184,76.87811,33.2359,9.57322,0,enoS1(1_parsed).csv
36.0788267738928,-79.0082027272727,11,1.2,126.8,9.54,596403,9.54,9.54258,-0.49053,0.98524,-0.12019,0.13653,-0.08964,76.3081,35.38439,9.04706,0,enoS1(1_parsed).csv
36.0788250582751,-79.0082036783217,11,1.2,126.5,9.4,596603,9.4,9.39841,-0.25184,1.33878,-0.1489,-0.25122,0.07086,76.87811,34.49284,7.93628,0,enoS1(1_parsed).csv
36.0788227948718,-79.008205027972,11,1.17,126.5,9.32,597403,9.32,9.32304,-0.3338,1.46142,-0.14065,0.12492,-0.00733,76.54195,35.16515,5.07162,0,enoS1(1_parsed).csv
36.0788212657343,-79.0082062680653,11,1.17,126.3,9.66,597603,9.66,9.65983,-0.35115,1.10907,-0.13836,0.19746,-0.02566,75.69424,35.63285,6.21163,0,enoS1(1_parsed).csv
36.0788191212121,-79.0082077319347,11,1.13,126.3,9.54,598403,9.54,9.54317,-0.22792,1.16112,-0.12706,-0.16432,-0.09545,76.10348,35.63285,4.00468,0,enoS1(1_parsed).csv
36.0788174988345,-79.0082088041958,10,1.13,125.9,9.48,598603,9.48,9.47677,-0.42233,1.41117,-0.13622,0.00137,-0.03146,75.86963,36.40748,2.03157,0,enoS1(1_parsed).csv
36.0788152610723,-79.0082101958042,10,1.23,125.9,9.67,599403,9.67,9.66521,-0.49771,1.05823,-0.16906,0.21991,0.05757,75.51885,37.2698,0.92078,0,enoS1(1_parsed).csv
36.0788131258741,-79.0082108484849,10,1.23,125.7,9.4,599603,9.4,9.39661,-0.19502,1.21974,-0.17242,-0.17944,0.0536,75.9427,35.57439,-0.07308,0,enoS1(1_parsed).csv
36.0788108997669,-79.0082124172494,10,1.29,125.7,9.31,600403,9.31,9.30509,-0.12084,1.49851,-0.17089,0.10873,-0.02062,75.67963,35.42824,-7.48319,0,enoS1(1_parsed).csv
36.0788093519813,-79.0082137505827,10,1.29,125.5,9.58,600603,9.58,9.58086,-0.38644,1.23529,-0.13531,0.07132,-0.28558,75.48962,36.75826,-3.04005,0,enoS1(1_parsed).csv
36.0788077948718,-79.008216009324,10,1.23,125.5,9.5,601403,9.5,9.5001,-0.49173,1.05344,-0.17471,-0.04581,-0.00092,75.19731,36.77287,-6.1824,0,enoS1(1_parsed).csv
36.0788071794872,-79.0082182004662,11,1.23,125.3,9.62,601603,9.62,9.62034,-0.24526,1.25803,-0.18983,-0.10797,0.11897,75.88425,35.4867,-7.49781,0,enoS1(1_parsed).csv
36.0788063939394,-79.0082212261072,11,1.28,125.3,9.52,602403,9.52,9.51685,-0.2668,1.52602,-0.17425,-0.04169,-0.06903,75.4604,34.31745,-9.71938,0,enoS1(1_parsed).csv
36.0788062447552,-79.008223986014,11,1.28,125.2,9.51,602603,9.51,9.50609,-0.39182,1.15334,-0.18143,0.2697,-0.03589,75.73809,34.639,-8.63783,0,enoS1(1_parsed).csv
36.0788054079254,-79.0082271468531,11,1.22,125.2,9.46,603403,9.46,9.46421,-0.48514,1.04746,-0.19991,-0.05177,0.04352,75.75271,32.70973,-9.88015,0,enoS1(1_parsed).csv
36.0788048951049,-79.0082296456876,11,1.22,125.0,9.52,603603,9.52,9.51506,-0.18724,1.52842,-0.19303,-0.21014,-0.01726,75.35808,31.93511,-13.06635,0,enoS1(1_parsed).csv
36.0788033589744,-79.0082323146853,11,1.17,125.0,9.43,604403,9.43,9.42533,-0.47378,1.4333,-0.1886,-0.05223,-0.09255,74.51038,30.23969,-15.52178,0,enoS1(1_parsed).csv
36.0788018111888,-79.0082340675991,11,1.17,125.1,9.59,604603,9.59,9.59342,-0.26859,1.18205,-0.22297,0.36591,0.09743,75.29962,28.38351,-15.12716,0,enoS1(1_parsed).csv
36.0787997762238,-79.0082363729604,11,1.17,125.1,9.59,605403,9.59,9.59283,-0.35952,1.1665,-0.18433,-0.07926,-0.12798,75.35808,26.80503,-15.81409,0,enoS1(1_parsed).csv
36.0787975664336,-79.0082376503496,10,1.17,125.2,9.46,605603,9.46,9.46242,-0.47198,1.34955,-0.20281,-0.04826,0.04475,74.18884,26.64426,-18.18182,0,enoS1(1_parsed).csv
36.0787953659674,-79.0082398158508,10,1.46,125.2,9.42,606403,9.42,9.41576,-0.15314,1.2018,-0.20525,0.07957,0.11316,76.33733,22.71266,-17.56796,0,enoS1(1_parsed).csv
36.0787936317016,-79.0082412051282,9,1.46,125.2,9.52,606603,9.52,9.52164,-0.35174,1.1336,-0.13011,-0.09499,-0.37813,75.27039,23.26805,-18.6349,0,enoS1(1_parsed).csv
36.0787918881119,-79.0082436876457,9,1.33,125.2,9.44,607403,9.44,9.44148,-0.51027,1.27238,-0.20082,-0.11973,0.1602,74.68576,21.57264,-20.06723,0,enoS1(1_parsed).csv
36.078791002331,-79.008246009324,10,1.33,125.4,9.61,607603,9.61,9.60539,-0.17886,1.21675,-0.19563,0.24679,0.01634,75.38731,19.32183,-19.96492,0,enoS1(1_parsed).csv
36.0787900512821,-79.0082491911422,10,1.19,125.4,9.5,608403,9.5,9.49532,-0.31047,1.18146,-0.1686,-0.17272,-0.21029,75.19731,17.18796,-20.75417,0,enoS1(1_parsed).csv
36.078789986014,-79.008252062937,10,1.19,125.9,9.49,608603,9.49,9.49113,-0.50369,1.40818,-0.21487,0.06826,0.10537,74.5396,17.30488,-21.20725,0,enoS1(1_parsed).csv
36.0787892937063,-79.0082554568764,10,1.37,125.9,9.43,609403,9.43,9.4349,-0.10828,1.08335,-0.22571,0.13867,0.02489,75.4604,11.42941,-19.55569,0,enoS1(1_parsed).csv
36.078789032634,-79.0082578904429,11,1.37,126.0,9.57,609603,9.57,9.57129,-0.37747,1.28913,-0.19334,-0.22419,-0.2645,75.13885,12.37942,-19.99415,0,enoS1(1_parsed).csv
36.0787875011655,-79.0082607622378,11,1.31,126.0,9.42,610403,9.42,9.42353,-0.43609,1.25384,-0.30223,0.16295,0.1686,75.72347,7.92166,-19.3803,0,enoS1(1_parsed).csv
36.0787855897436,-79.0082624125874,11,1.31,125.9,9.61,610603,9.61,9.60658,-0.16989,0.98285,-0.27703,-0.04459,-0.01023,75.78194,5.78778,-17.74335,0,enoS1(1_parsed).csv
36.0787832237762,-79.0082651608392,11,1.4,125.9,9.47,611403,9.47,9.4684,-0.38644,1.3011,-0.29612,-0.17165,-0.18723,75.31424,2.95235,-16.92488,0,enoS1(1_parsed).csv
36.0787812564103,-79.0082675291375,11,1.4,126.0,9.42,611603,9.42,9.41815,-0.40379,1.21854,-0.34789,0.25412,0.10644,75.91348,1.62233,-14.84946,0,enoS1(1_parsed).csv
36.0787789044289,-79.0082710582751,11,1.42,126.0,9.62,612403,9.62,9.62034,-0.12861,1.26341,-0.38057,-0.09484,0.00932,75.41655,-4.50161,-11.12248,0,enoS1(1_parsed).csv
36.0787767412587,-79.0082737995338,11,1.42,125.5,9.39,612603,9.39,9.39063,-0.40319,1.25264,-0.36713,0.11469,-0.24175,75.9427,-3.99006,-10.33324,0,enoS1(1_parsed).csv
36.0787744312354,-79.0082775058275,11,1.55,125.5,9.59,613403,9.59,9.58864,-0.32483,1.07498,-0.42516,0.16997,-0.04902,77.03888,-7.35165,-2.73312,0,enoS1(1_parsed).csv
36.0787730885781,-79.0082807226107,11,1.55,125.8,9.5,613603,9.5,9.49532,-0.33559,1.13599,-0.43784,-0.18922,-0.00901,77.03888,-7.98012,-0.89155,0,enoS1(1_parsed).csv
36.0787711515151,-79.0082843310023,11,1.43,125.8,9.46,614403,9.46,9.46421,-0.22792,1.39681,-0.4554,-0.03803,0.03543,77.75504,-8.5209,5.58316,0,enoS1(1_parsed).csv
36.0787699020979,-79.008286997669,11,1.43,125.9,9.48,614603,9.48,9.48156,-0.28834,1.23769,-0.46823,0.1547,-0.18204,77.49197,-8.25782,7.96551,0,enoS1(1_parsed).csv
36.0787677785548,-79.0082902167832,11,1.38,125.9,9.47,615403,9.47,9.46541,-0.52522,1.18684,-0.48442,-0.03421,0.11851,78.58813,-3.97545,15.88717,0,enoS1(1_parsed).csv
36.0787660629371,-79.0082922214452,11,1.38,125.9,9.72,615603,9.72,9.71725,-0.14058,1.2682,-0.45769,0.02138,-0.07743,78.25198,-4.3116,15.93102,0,enoS1(1_parsed).csv
36.0787638298368,-79.0082953776224,11,1.33,125.9,9.61,616403,9.61,9.61376,-0.39541,1.27717,-0.41508,-0.09927,-0.32315,79.08507,3.6539,19.23414,0,enoS1(1_parsed).csv
36.0787622634033,-79.0082979044289,11,1.33,125.8,9.31,616603,9.31,9.30629,-0.53839,1.28255,-0.50717,0.13699,0.27458,78.9389,5.26162,20.72493,0,enoS1(1_parsed).csv
36.0787594708625,-79.0083007762238,11,1.48,125.8,9.55,617403,9.55,9.54617,-0.11964,1.14975,-0.47678,0.09484,0.04322,78.33967,11.66326,23.44344,0,enoS1(1_parsed).csv
36.078756972028,-79.0083026689977,11,1.48,125.7,9.54,617603,9.54,9.54018,-0.32722,1.24187,-0.42822,-0.07101,-0.32437,78.0912,14.99562,22.58112,0,enoS1(1_parsed).csv
36.0787539347319,-79.0083055710956,11,1.39,125.7,9.37,618403,9.37,9.3691,-0.69033,1.31486,-0.47785,-0.00947,0.01497,77.78428,24.01345,19.1026,0,enoS1(1_parsed).csv
36.0787514918415,-79.0083076410256,11,1.39,125.8,9.62,618603,9.62,9.61556,-0.12562,1.24965,-0.50412,0.10156,0.24144,78.10582,23.20959,19.00029,0,enoS1(1_parsed).csv
36.0787482680653,-79.0083106783217,11,1.67,125.8,9.44,619403,9.44,9.4355,-0.16391,1.24068,-0.41447,-0.15165,-0.34102,77.33119,30.19585,13.97252,0,enoS1(1_parsed).csv
36.0787458158508,-79.0083132144522,11,1.67,125.8,9.65,619603,9.65,9.64846,-0.58505,1.30768,-0.44425,0.2306,-0.08338,77.00965,33.5136,12.52558,0,enoS1(1_parsed).csv
36.0787425710956,-79.0083164125874,11,1.61,125.8,9.58,620403,9.58,9.58026,-0.37328,1.09651,-0.49862,-0.08552,0.34163,76.57118,35.23823,5.87547,0,enoS1(1_parsed).csv
36.0787401095571,-79.0083188648019,11,1.61,125.7,9.38,620603,9.38,9.38465,-0.01675,1.29392,-0.40729,-0.17043,-0.26817,76.73195,34.50745,2.74773,0,enoS1(1_parsed).csv
36.0787368904429,-79.0083221351981,11,1.84,125.7,9.4,621403,9.4,9.39961,-0.5007,1.38126,-0.43142,0.32101,-0.12737,75.38731,37.2698,-5.59778,0,enoS1(1_parsed).csv
36.0787344289044,-79.0083245034965,11,1.84,125.5,9.45,621603,9.45,9.45344,-0.32602,0.96909,-0.48319,-0.05391,0.26344,76.62964,35.019,-4.92546,0,enoS1(1_parsed).csv
36.0787311841492,-79.0083277226107,11,1.92,125.5,9.5,622403,9.5,9.50429,0.05204,1.23589,-0.37797,0.63866,-0.85063,75.41655,32.25665,-11.64864,0,enoS1(1_parsed).csv
36.0787288158508,-79.0083301934732,11,1.92,125.3,9.13,622603,9.13,9.12802,-1.16172,0.81954,-0.5652,-0.44227,0.49129,74.68576,34.28822,-12.14557,0,enoS1(1_parsed).csv
36.0787255710956,-79.0083334335664,11,1.62,125.3,9.2,623403,9.2,9.19502,-0.0012,1.46919,-0.45815,0.48487,-0.20189,75.51885,23.75036,-18.89798,0,enoS1(1_parsed).csv
36.0787231934732,-79.0083356526807,11,1.62,125.5,9.57,623603,9.57,9.56651,-0.42891,1.07737,-0.47785,-0.16218,-0.02138,76.10348,22.50804,-18.29874,0,enoS1(1_parsed).csv
36.0787199533799,-79.0083391468532,11,1.97,125.5,9.74,624403,9.74,9.74477,0.27757,1.08036,-0.45509,-0.07498,-0.06521,75.38731,12.70096,-19.19029,0,enoS1(1_parsed).csv
36.0787175571096,-79.008342018648,11,1.97,125.5,9.25,624603,9.25,9.25125,-0.69631,1.08634,-0.42455,-0.13118,-0.40424,75.19731,13.97252,-20.11108,0,enoS1(1_parsed).csv
36.0787141095571,-79.0083459277389,11,2.22,125.5,9.47,625403,9.47,9.47498,-0.51266,0.24885,-0.5258,-0.19135,0.01756,75.98655,8.09705,-17.61181,0,enoS1(1_parsed).csv
36.0787112564102,-79.008349013986,10,2.22,126.0,8.37,625603,8.37,8.3677,-0.13699,1.867,-0.58597,0.05498,0.71624,74.77346,2.36773,-18.82491,0,enoS1(1_parsed).csv
36.0787075034965,-79.0083530792541,10,2.15,126.0,9.88,626403,9.88,9.88116,0.26919,0.33978,-0.48411,0.61453,-0.41753,75.48962,-5.61239,-10.94709,0,enoS1(1_parsed).csv
36.0787044731935,-79.0083561934732,11,2.15,125.5,8.31,626603,8.31,8.30848,-0.60538,1.20658,-0.5652,-0.25152,-0.135,77.82812,-3.04005,-7.13242,0,enoS1(1_parsed).csv
36.0787008601399,-79.0083605128205,11,2.01,125.5,9.57,627403,9.57,9.5683,-0.30867,0.41934,-0.64095,0.76267,-0.41814,77.02426,-8.25782,2.77697,0,enoS1(1_parsed).csv
36.0786983706294,-79.008364,11,2.01,125.4,9.19,627603,9.19,9.19322,-0.44925,1.3663,-0.69394,-0.74739,-0.00076,78.17889,-5.58316,5.45162,0,enoS1(1_parsed).csv
36.0786951095571,-79.0083683869464,11,2.13,125.4,8.87,628403,8.87,8.869,-0.30209,0.999,-0.56536,-0.07514,-0.25992,77.78428,-4.04852,13.87021,0,enoS1(1_parsed).csv
36.0786928065268,-79.0083716969697,11,2.13,125.4,9.79,628603,9.79,9.78904,-0.48275,1.52782,-0.62782,0.1799,0.13699,77.9012,-3.37621,13.44636,0,enoS1(1_parsed).csv
36.0786895664336,-79.0083760629371,11,1.85,125.4,9.7,629403,9.7,9.69572,-1.39442,0.34816,-0.59284,0.34071,0.43356,77.25811,7.07396,22.80035,0,enoS1(1_parsed).csv
36.0786872634033,-79.0083795314685,11,1.85,125.2,9.17,629603,9.17,9.1693,0.23749,0.86142,-0.41188,-0.76328,-0.11377,77.15581,6.37241,23.57498,0,enoS1(1_parsed).csv
36.0786837902098,-79.0083836689977,11,1.97,125.2,9.14,630403,9.14,9.14477,-0.37986,1.20299,0.04062,-0.74648,-1.39552,78.33967,14.55715,22.05495,0,enoS1(1_parsed).csv
36.0786809370629,-79.0083864848485,11,1.97,125.3,9.69,630603,9.69,9.69093,-2.37906,2.24985,-0.12004,0.34346,0.3375,79.59661,18.64952,16.1064,0,enoS1(1_parsed).csv
36.0786772097902,-79.0083901818182,11,1.8,125.3,10.13,631403,10.13,10.13061,-0.79621,1.44108,-0.05376,-1.2845,0.20143,78.88045,14.981,18.66413,0,enoS1(1_parsed).csv
36.0786744219114,-79.0083928764569,11,1.8,125.4,9.34,631603,9.34,9.34098,-0.55872,2.15055,-0.09636,0.98777,0.2726,79.53815,11.76557,17.9772,0,enoS1(1_parsed).csv
36.0786707249417,-79.0083964172494,11,1.81,125.4,10.2,632403,10.2,10.2024,-0.10588,1.72523,-0.09026,-1.00518,-0.18922,79.46507,12.71558,19.27799,0,enoS1(1_parsed).csv
36.0786677505828,-79.0083988228438,11,1.81,125.6,9.15,632603,9.15,9.15314,-0.72084,1.79163,-0.12233,1.00991,-0.20754,79.18737,15.41947,20.30108,0,enoS1(1_parsed).csv
36.0786638624709,-79.0084021771562,11,1.86,125.6,10.09,633403,10.09,10.09472,-0.35474,1.99023,-0.14676,0.47052,0.27,80.15201,14.45484,19.46799,0,enoS1(1_parsed).csv
36.0786608135198,-79.0084046666667,11,1.86,125.7,9.09,633603,9.09,9.08674,-0.27817,0.6329,-0.05727,0.35339,-0.17333,77.21426,15.171,25.66501,0,enoS1(1_parsed).csv
36.0786571328671,-79.0084081864802,11,1.84,125.7,9.3,634403,9.3,9.29552,-0.09392,0.72742,-0.15715,-0.28818,-0.28451,78.00351,16.31102,24.91961,0,enoS1(1_parsed).csv
36.0786545501165,-79.0084107785548,11,1.84,125.8,9.76,634603,9.76,9.76391,-0.3661,1.56132,-0.19609,-0.19196,-0.05941,79.75738,18.12336,19.27799,0,enoS1(1_parsed).csv
36.0786511701632,-79.0084143146853,11,1.66,125.8,9.67,635403,9.67,9.6688,0.31466,0.78245,-0.36285,-0.68936,-0.57116,78.54428,21.73341,22.21573,0,enoS1(1_parsed).csv
36.0786486993007,-79.0084171025641,11,1.66,125.8,9.58,635603,9.58,9.58206,-1.07677,1.27358,-0.55741,0.35843,0.12248,77.59427,27.14119,17.43642,0,enoS1(1_parsed).csv
36.0786456200466,-79.008420990676,11,1.66,125.8,9.51,636403,9.51,9.51386,-0.12802,1.57448,-0.61682,0.01695,0.54443,79.07045,30.95586,10.72786,0,enoS1(1_parsed).csv
36.0786434475525,-79.0084242261072,11,1.66,125.8,9.32,636603,9.32,9.31885,0.04845,0.76032,-0.5032,0.02398,-0.42699,77.84274,32.27127,12.75943,0,enoS1(1_parsed).csv
36.0786404055944,-79.0084280675991,11,1.84,125.8,9.82,637403,9.82,9.82194,-0.71067,1.733,-0.50793,0.10721,-0.19395,75.66501,38.02982,0.54078,0,enoS1(1_parsed).csv
36.0786379160839,-79.0084306783217,11,1.84,126.2,9.16,637603,9.16,9.16391,-0.41934,0.734,-0.58246,-0.05101,0.33567,76.71734,36.90441,0.67232,0,enoS1(1_parsed).csv
36.0786351235431,-79.0084343076923,11,1.44,126.2,9.33,638403,9.33,9.3338,-1.80479,-3.35773,5.00344,-2.09114,-0.62889,69.16106,35.39901,27.40427,0,enoS1(1_parsed).csv
36.0786333799534,-79.0084370955711,11,1.44,126.3,11.21,638603,11.21,11.20858,-1.09591,-0.78485,4.13724,-0.94501,2.24936,77.65273,3.09851,22.01111,0,enoS1(1_parsed).csv
36.0786311934732,-79.0084406783217,11,1.66,126.3,8.39,639403,8.39,8.39103,0.02393,-0.59761,2.53387,-1.71439,1.2509,79.37738,16.23794,-13.41713,0,enoS1(1_parsed).csv
36.0786297482517,-79.008443027972,11,1.66,126.2,9.37,639603,9.37,9.37029,0.20459,3.65504,2.49981,0.11454,-0.33094,73.34113,27.4335,-22.39111,0,enoS1(1_parsed).csv
36.0786277179487,-79.0084467715618,11,1.8,126.2,9.22,640403,9.22,9.22194,-2.43111,2.20858,1.91888,0.35262,0.45693,78.44198,29.37737,14.10406,0,enoS1(1_parsed).csv
36.0786265524475,-79.0084498578089,11,1.8,126.5,9.53,640603,9.53,9.53181,3.4008,-3.27099,1.2651,3.5363,2.91154,69.62876,4.79392,38.27828,0,enoS1(1_parsed).csv
36.0786245011655,-79.0084540885781,11,2.17,126.5,8.09,641403,8.09,8.09133,-2.26481,2.30668,0.19196,0.22205,1.98852,81.87664,14.86407,9.13476,0,enoS1(1_parsed).csv
36.0786231212121,-79.0084575571095,11,2.17,126.2,10.68,641603,10.68,10.68336,1.03131,0.44865,0.32758,1.43843,1.79549,74.81731,-10.87401,22.46419,0,enoS1(1_parsed).csv
36.0786205198135,-79.0084618298368,11,1.5,126.2,10.04,642403,10.04,10.04088,-1.55175,0.55214,5.00344,0.49495,0.99449,76.83426,36.94826,7.57089,0,enoS1(1_parsed).csv
36.0786179277389,-79.0084652051282,11,1.5,126.4,9.0,642603,9.0,9.00359,0.69212,-0.9661,5.00344,0.41875,0.72174,75.54808,1.44695,27.68196,0,enoS1(1_parsed).csv
36.0786147249417,-79.0084694615385,11,1.62,126.4,9.36,643403,9.36,9.35953,0.28235,2.31805,4.12181,0.80985,0.05024,77.24349,32.32973,-10.21631,0,enoS1(1_parsed).csv
36.0786123566433,-79.0084730512821,11,1.62,127.0,9.74,643603,9.74,9.7358,-0.99781,0.19083,3.8683,0.58322,0.0956,76.3081,34.44899,17.07103,0,enoS1(1_parsed).csv
36.0786088578089,-79.0084766433566,11,1.78,127.0,9.31,644403,9.31,9.31466,-0.21655,1.33998,2.86923,-0.70234,-0.47189,78.03274,-8.95937,-2.79158,0,enoS1(1_parsed).csv
36.0786056596737,-79.0084786386946,11,1.78,128.1,9.82,644603,9.82,9.81656,-0.67777,1.46022,2.49538,0.0617,0.50824,76.70272,0.13154,-16.91026,0,enoS1(1_parsed).csv
36.07860204662,-79.0084812144522,11,1.82,128.1,9.66,645403,9.66,9.66461,-0.18006,1.37408,2.00578,0.72678,0.28283,76.51272,33.92283,-9.80707,0,enoS1(1_parsed).csv
36.0785994731935,-79.0084826969697,11,1.82,128.0,9.22,645603,9.22,9.21715,-0.34038,0.85065,1.93079,-0.37431,0.26878,77.27273,35.13593,1.66618,0,enoS1(1_parsed).csv
36.0785962331002,-79.0084847435897,11,1.75,128.0,9.08,646403,9.08,9.08495,-0.34217,0.52223,1.5884,0.18219,-0.40149,77.63812,15.97486,25.12423,0,enoS1(1_parsed).csv
36.0785937808858,-79.0084856666666,11,1.75,127.5,9.84,646603,9.84,9.83689,-0.63888,1.5338,1.40988,-0.2558,0.40012,79.36276,10.12862,20.6957,0,enoS1(1_parsed).csv
36.0785905524475,-79.0084877599068,11,1.09,127.5,9.46,647403,9.46,9.46301,0.22851,0.9003,1.2315,-0.60308,0.52015,77.06811,-10.94709,7.43935,0,enoS1(1_parsed).csv
36.0785883892774,-79.0084896713287,11,1.09,126.1,9.41,647603,9.41,9.40679,-0.13101,1.60558,1.27564,0.22006,-0.49266,77.44811,-9.1786,-2.01695,0,enoS1(1_parsed).csv
36.0785857039627,-79.0084925151515,11,1.58,126.1,9.2,648403,9.2,9.19861,-0.33918,0.91944,1.11208,0.72494,-0.19655,77.15581,4.15083,-16.34025,0,enoS1(1_parsed).csv
36.0785843240093,-79.0084949020979,11,1.58,126.2,9.66,648603,9.66,9.65564,-0.27099,1.0331,1.01953,-0.71777,0.5481,76.67349,7.68781,-17.94797,0,enoS1(1_parsed).csv
36.0785813170163,-79.0084977109557,11,1.76,126.2,8.03,649403,8.03,8.0345,-0.72861,0.02273,0.79962,-0.53099,0.20159,77.57965,26.55656,-13.12482,0,enoS1(1_parsed).csv
36.0785785571096,-79.0085007785548,11,1.76,126.1,10.36,649603,10.36,10.36152,0.01974,2.46162,0.73945,-0.52962,0.37965,73.73575,26.00117,-22.42035,0,enoS1(1_parsed).csv
36.0785747622378,-79.0085034498834,11,1.71,126.1,9.12,650403,9.12,9.11606,0.38405,0.75194,0.82085,-1.30557,-0.09896,76.36656,34.90208,-6.25548,0,enoS1(1_parsed).csv
36.0785714335664,-79.0085054825175,10,1.71,126.0,9.58,650603,9.58,9.57667,-1.54696,2.6991,0.75396,0.83627,-0.03451,74.6273,38.10289,-6.79626,0,enoS1(1_parsed).csv
36.0785671002331,-79.0085062657343,10,2.8,126.0,6.94,651403,6.94,6.94397,-2.0004,-2.46401,0.57544,0.91309,0.46365,61.88249,33.76206,36.50979,0,enoS1(1_parsed).csv
36.0785631561772,-79.0085057062937,11,2.8,126.3,6.52,651603,6.52,6.52283,7.09891,-6.49113,-1.06657,1.3155,5.001,71.26571,23.83806,32.11049,0,enoS1(1_parsed).csv
36.0785593100233,-79.0085044405594,11,2.43,126.3,8.27,652403,8.27,8.27199,0.96311,6.18545,-2.65665,1.0681,-1.04794,67.56796,-13.12482,-18.19643,0,enoS1(1_parsed).csv
36.0785566806527,-79.0085021282051,10,2.43,126.4,8.04,652603,8.04,8.04048,1.92742,0.7675,-3.42008,1.56611,-2.96972,78.00351,-6.47471,9.48553,0,enoS1(1_parsed).csv
36.0785541048951,-79.0084993799534,10,1.75,126.4,10.78,653403,10.78,10.77966,-0.37926,-0.4995,1.93339,-0.28207,2.42086,72.49342,1.79772,30.75124,0,enoS1(1_parsed).csv
36.078553004662,-79.0084956969697,8,1.75,126.4,7.55,653603,7.55,7.54636,1.0343,-3.44925,3.18581,2.75256,-2.07236,60.52324,-10.40631,38.77521,0,enoS1(1_parsed).csv
36.0785512750583,-79.0084937412587,8,1.28,126.4,8.2,654403,8.2,8.19781,3.58265,0.26142,1.0713,-3.41565,-2.47385,73.42882,-15.171,-3.52236,0,enoS1(1_parsed).csv
36.0785501748252,-79.0084929300699,9,1.28,126.4,11.61,654603,11.61,11.60878,-0.8656,1.95314,1.12353,0.69578,-2.82953,75.81116,11.85326,-20.038,0,enoS1(1_parsed).csv
36.0785488508158,-79.008493002331,9,0.93,126.4,9.65,655403,9.65,9.64846,0.27577,1.71864,3.93351,1.1046,-0.1741,78.61736,28.54429,-6.15317,0,enoS1(1_parsed).csv
36.0785477505827,-79.0084928904429,9,0.93,126.6,8.06,655603,8.06,8.06381,-2.28993,-0.90209,4.38189,1.31825,-0.20052,74.40807,29.3043,22.78574,0,enoS1(1_parsed).csv
36.0785468484848,-79.0084949324009,9,0.7,126.6,10.53,656403,10.53,10.53021,-1.57747,1.76889,1.34039,-2.53662,0.11011,78.39812,-8.0532,-0.23385,0,enoS1(1_parsed).csv
36.0785467179487,-79.008498988345,11,0.7,127.4,9.65,656603,9.65,9.64966,0.53001,1.867,0.65851,0.48304,0.75259,74.905,-9.70477,-9.924,0,enoS1(1_parsed).csv
36.0785468158508,-79.0085038391608,11,0.81,127.4,8.46,657403,8.46,8.45863,-1.52303,-4.96032,-0.31734,-1.58458,1.40453,79.37738,-0.70155,16.92488,0,enoS1(1_parsed).csv
36.0785471048951,-79.00850897669,10,0.81,127.9,10.04,657603,10.04,10.04387,0.46899,0.5671,-0.85338,-2.36802,-0.44013,78.33967,-6.22625,-2.74773,0,enoS1(1_parsed).csv
36.0785477738928,-79.0085138904429,10,1.16,127.9,10.54,658403,10.54,10.54098,0.29731,0.54676,-1.83153,-1.41767,0.44318,76.23502,-5.59778,19.658,0,enoS1(1_parsed).csv
36.0785489207459,-79.0085174149184,11,1.16,127.6,8.1,658603,8.1,8.1009,0.32303,1.28136,-1.92942,-0.10431,-1.19959,78.74891,3.4639,20.00877,0,enoS1(1_parsed).csv
36.0785498391608,-79.0085212097902,11,0.47,127.6,10.19,659403,10.19,10.19163,0.28415,1.65165,-2.05892,-0.79962,-1.23838,78.00351,33.46975,-2.32388,0,enoS1(1_parsed).csv
36.0785505571096,-79.0085242773893,11,0.47,127.2,9.75,659603,9.75,9.75255,-1.60499,0.91226,-2.184,1.42591,-0.33124,74.52499,38.57059,-7.29319,0,enoS1(1_parsed).csv
36.0785511235431,-79.0085261538462,11,0.35,127.2,10.12,660403,10.12,10.12164,-0.97807,1.38724,-1.95843,0.61148,-0.0704,76.71734,3.01082,-17.84566,0,enoS1(1_parsed).csv
36.0785511235431,-79.0085262564102,10,0.35,127.0,9.69,660603,9.69,9.68974,-1.40758,-0.42772,-2.18552,0.4131,0.61499,79.78661,-4.28237,-1.47618,0,enoS1(1_parsed).csv
36.0785518088578,-79.0085272773892,10,0.08,127.0,11.11,661403,11.11,11.11406,0.11964,-1.02114,-1.96103,-0.76419,0.29092,76.71734,6.57702,26.14733,0,enoS1(1_parsed).csv
36.0785526200466,-79.0085277435897,10,0.08,126.6,7.05,661603,7.05,7.04985,0.02812,1.91067,-1.59191,0.25885,-0.74571,79.64046,14.45484,20.14031,0,enoS1(1_parsed).csv
36.0785533939394,-79.0085274428904,10,1.92,126.6,9.39,662403,9.39,9.39183,-0.24467,0.36969,-0.86071,-0.45021,0.2109,75.95732,37.06519,8.57936,0,enoS1(1_parsed).csv
36.0785538601398,-79.0085263986014,10,1.92,128.5,9.68,662603,9.68,9.67657,1.16411,0.48156,-0.68692,0.62965,0.84177,78.48582,31.14586,6.00702,0,enoS1(1_parsed).csv
36.0785548461538,-79.0085248694639,10,0.12,128.5,9.57,663403,9.57,9.5695,0.201,0.61555,-0.1408,0.12019,-0.02993,76.79041,35.31131,-0.21923,0,enoS1(1_parsed).csv
36.0785562727273,-79.0085226130536,9,0.12,128.5,9.96,663603,9.96,9.95534,-0.04487,-0.74178,0.99479,-0.01802,-0.65027,77.27273,35.06285,2.66004,0,enoS1(1_parsed).csv
36.0785572214452,-79.0085213729604,9,0.01,128.5,8.79,664403,8.79,8.79243,-3.96551,-1.45484,-1.1075,-1.47814,-2.02792,64.26483,51.25694,8.55013,0,enoS1(1_parsed).csv
36.078557958042,-79.0085202447552,9,0.01,129.0,6.13,664603,6.13,6.12862,-5.52503,2.98804,-1.28541,-1.46165,-0.02642,54.867,56.48933,-11.76557,0,enoS1(1_parsed).csv
36.0785578694639,-79.0085201002331,9,0.38,129.0,10.65,665403,10.65,10.64866,-1.37228,1.19222,-1.72631,-0.7955,-2.28968,74.45192,20.00877,-22.15726,0,enoS1(1_parsed).csv
36.0785571701632,-79.0085208927739,9,0.38,129.1,8.32,665603,8.32,8.31626,-1.93101,1.39143,-2.0522,0.95478,1.10353,75.35808,16.1064,-21.98188,0,enoS1(1_parsed).csv
36.07855597669,-79.0085222937063,9,0.4,129.1,9.57,666403,9.57,9.57488,0.2668,1.60618,-1.33932,1.03343,-0.14584,76.80502,-11.10786,5.58316,0,enoS1(1_parsed).csv
36.0785545594406,-79.0085245967366,11,0.4,128.5,8.82,666603,8.82,8.81994,-0.64128,0.52822,-1.33199,0.53099,0.16295,76.24963,-7.90704,18.66413,0,enoS1(1_parsed).csv
36.0785525617716,-79.0085267902098,11,0.56,128.5,8.83,667403,8.83,8.8343,-0.48694,1.75813,-1.54289,1.16828,-0.1124,79.66969,11.41479,20.54955,0,enoS1(1_parsed).csv
36.0785503706294,-79.0085287482517,11,0.56,127.7,9.86,667603,9.86,9.86441,-0.26919,-0.3003,-1.81778,-0.53084,0.34407,77.17042,18.75183,25.73809,0,enoS1(1_parsed).csv
36.0785483356643,-79.0085302377622,11,0.31,127.7,10.4,668403,10.4,10.39741,-1.08036,-1.91366,-2.53982,0.07315,0.86651,76.6881,36.01286,-0.4677,0,enoS1(1_parsed).csv
36.0785465174825,-79.0085312540793,11,0.31,127.7,9.06,668603,9.06,9.06042,0.44148,-0.98225,-2.41307,-0.51038,0.8656,79.72815,22.04034,-9.8363,0,enoS1(1_parsed).csv
36.0785448414918,-79.0085315874126,11,0.55,127.7,10.0,669403,10.0,10.002,0.27876,-0.28295,-2.22523,-0.63835,0.14325,78.23736,-8.2432,1.84157,0,enoS1(1_parsed).csv
36.0785438997669,-79.008530990676,11,0.55,128.0,8.91,669603,8.91,8.90609,-0.04487,1.07198,-2.32388,-0.17303,-0.64813,79.27506,-7.73166,5.49547,0,enoS1(1_parsed).csv
36.0785431002331,-79.0085305967366,11,0.13,128.0,10.74,670403,10.74,10.74138,-1.15872,0.25065,-2.53188,1.34024,0.37996,76.9658,29.52353,16.99795,0,enoS1(1_parsed).csv
36.0785429417249,-79.0085297575758,10,0.13,128.0,7.89,670603,7.89,7.89033,0.24826,-0.91406,-2.62489,-0.3569,0.55971,74.70038,34.53669,17.46565,0,enoS1(1_parsed).csv
36.078542951049,-79.0085293216783,10,0.41,128.0,9.24,671403,9.24,9.2363,1.31007,1.01515,-2.55998,0.6214,-0.24939,77.33119,1.46156,-16.83718,0,enoS1(1_parsed).csv
36.0785433053613,-79.0085291072261,10,0.41,127.3,8.07,671603,8.07,8.0686,-0.71246,0.58564,-2.45721,-1.34848,-0.40943,79.05583,-1.88541,-10.17246,0,enoS1(1_parsed).csv
36.0785436270396,-79.0085287599067,10,0.24,127.3,8.65,672403,8.65,8.64706,-0.66042,1.71984,-2.4456,1.99753,-0.1857,79.84508,8.43321,18.98568,0,enoS1(1_parsed).csv
36.0785445407925,-79.0085288065268,10,0.24,127.3,10.74,672603,10.74,10.74078,0.0993,-1.55474,-1.97676,1.42576,0.90469,73.89652,14.95177,31.0874,0,enoS1(1_parsed).csv
36.0785448205128,-79.0085287272727,10,0.06,127.3,9.82,673403,9.82,9.81536,-0.74716,-0.15912,-0.7616,0.51542,1.08795,73.77959,36.43671,16.99795,0,enoS1(1_parsed).csv
36.0785447179487,-79.0085285780886,10,0.06,127.3,9.72,673603,9.72,9.71546,0.21296,0.65623,-0.83093,-0.71853,-0.29322,76.67349,35.23823,8.75475,0,enoS1(1_parsed).csv
36.0785444685315,-79.0085280745921,10,0.29,127.3,8.94,674403,8.94,8.94018,0.59641,-0.65563,-1.77258,0.48335,-0.2868,79.31891,29.37737,-2.07542,0,enoS1(1_parsed).csv
36.078543974359,-79.0085275617716,9,0.29,127.1,10.0,674603,10.0,9.99961,-1.26879,-1.74317,-2.36069,0.40882,0.38622,79.84508,26.29348,-3.63929,0,enoS1(1_parsed).csv
36.0785433053613,-79.0085267319347,9,0.6,127.1,8.72,675403,8.72,8.71945,-1.94716,-0.00837,-2.57785,-0.73793,0.30788,78.58813,-7.33704,4.80854,0,enoS1(1_parsed).csv
36.0785425314685,-79.0085257622378,9,0.6,126.9,10.04,675603,10.04,10.04327,0.94636,1.11864,-2.49004,-0.10889,0.14248,76.6881,-10.8594,12.11634,0,enoS1(1_parsed).csv
36.0785417226107,-79.008524958042,9,0.28,126.9,11.5,676403,11.5,11.5023,-1.56072,1.04566,-2.04777,-0.5087,0.02306,78.64659,27.93043,14.67407,0,enoS1(1_parsed).csv
36.0785408648019,-79.0085246876457,9,0.28,126.8,7.93,676603,7.93,7.92981,0.23629,1.42672,-2.04075,0.60552,-0.34361,78.42736,31.52587,9.4563,0,enoS1(1_parsed).csv
36.0785406410256,-79.0085243123543,9,0.29,126.8,9.07,677403,9.07,9.07358,-0.68016,-0.36012,-0.83307,1.82206,-0.01909,76.23502,37.67904,2.9962,0,enoS1(1_parsed).csv
36.0785408927739,-79.0085245454545,9,0.29,126.6,8.84,677603,8.84,8.84268,-2.74816,-2.64108,-1.8752,-0.15394,-0.81657,74.45192,40.00293,1.97311,0,enoS1(1_parsed).csv
36.0785410536131,-79.0085236153846,9,0.08,126.6,9.33,678403,9.33,9.3344,2.96291,0.55334,-3.44528,2.71774,-3.12183,65.97486,-23.79421,-2.60158,0,enoS1(1_parsed).csv
36.0785415198135,-79.0085224498834,9,0.08,126.5,8.47,678603,8.47,8.467,0.23988,-5.95035,-5.00421,1.26342,3.81791,67.78719,-9.1786,33.70359,0,enoS1(1_parsed).csv
36.0785418671329,-79.0085205501165,9,1.62,126.5,8.96,679403,8.96,8.95813,-0.16271,0.67238,-2.98606,1.92484,-1.04107,77.68196,19.76031,-16.67641,0,enoS1(1_parsed).csv
36.0785421561772,-79.0085185174825,9,1.62,126.3,9.29,679603,9.29,9.29372,-2.5328,-2.46042,-2.22095,0.32819,-0.04765,81.43818,18.09412,-6.81087,0,enoS1(1_parsed).csv
36.0785423636364,-79.0085159230769,9,0.25,126.3,8.0,680403,8.0,7.99921,-1.23769,2.57647,0.82146,-0.39584,-1.84833,74.6273,9.93861,-24.13037,0,enoS1(1_parsed).csv
36.0785422983683,-79.0085135827506,9,0.25,127.1,7.94,680603,7.94,7.9352,-3.48156,4.28794,-0.3123,-1.20111,0.20372,69.33645,20.18416,-30.32739,0,enoS1(1_parsed).csv
36.0785423146853,-79.0085111375291,9,0.25,127.1,7.96,681403,7.96,7.96451,0.77468,5.65903,-0.6379,2.86419,-2.36649,61.21017,-10.2017,-28.58813,0,enoS1(1_parsed).csv
36.0785424265734,-79.0085092447552,8,0.25,126.4,9.04,681603,9.04,9.04188,-0.35115,4.80898,-1.30191,-0.03635,0.65195,69.38029,-11.29787,-20.65186,0,enoS1(1_parsed).csv
36.0785425874126,-79.0085071678321,8,0.06,126.4,8.7,682403,8.7,8.7009,2.08176,0.6676,-0.89385,-0.78053,0.76969,73.38498,-17.2318,1.50541,0,enoS1(1_parsed).csv
36.0785426060606,-79.0085054335664,8,0.06,126.5,9.22,682603,9.22,9.21715,1.21316,1.19282,0.1631,-0.41233,-0.86834,71.58725,-18.97106,-1.11079,0,enoS1(1_parsed).csv
36.0785428601399,-79.0085037785548,8,0.33,126.5,8.61,683403,8.61,8.61297,2.31386,-1.14317,-1.13575,1.25869,0.01863,68.09412,-21.74803,17.33411,0,enoS1(1_parsed).csv
36.0785433263403,-79.0085029393939,8,0.33,126.7,9.33,683603,9.33,9.3338,1.58883,-1.28136,-0.45509,-0.5678,-1.0064,69.51183,-17.5095,22.01111,0,enoS1(1_parsed).csv
36.0785435804196,-79.0085023006993,8,0.31,126.7,9.57,684403,9.57,9.57249,1.12164,-2.07099,0.04337,0.39431,0.93676,71.99649,-10.21631,26.74656,0,enoS1(1_parsed).csv
36.0785437668998,-79.0085020862471,8,0.31,127.1,9.78,684603,9.78,9.78066,1.35553,0.05862,0.13531,-1.35841,-1.53724,72.69804,-11.54633,23.29728,0,enoS1(1_parsed).csv
36.0785436736597,-79.0085023659674,8,0.13,127.1,6.67,685403,6.67,6.66521,5.32164,-3.5665,-2.52669,1.10383,1.68186,45.51301,-12.20403,45.89301,0,enoS1(1_parsed).csv
36.0785431328671,-79.008503055944,9,0.13,128.1,4.04,685603,4.04,4.0355,2.19242,-7.8359,-2.84572,-0.57635,0.68463,40.39754,12.07249,52.0608,0,enoS1(1_parsed).csv
36.0785429463869,-79.0085040629371,9,0.12,128.1,4.66,686403,4.66,4.65763,-0.9326,-8.19003,0.06582,0.69547,0.54352,45.61532,29.99123,47.71996,0,enoS1(1_parsed).csv
36.0785429463869,-79.0085053682984,8,0.12,128.3,6.29,686603,6.29,6.28535,-0.0682,-7.18624,-0.37385,1.16049,-0.4134,41.55218,31.02894,47.44227,0,enoS1(1_parsed).csv
36.0785429207459,-79.0085067389277,8,0.61,128.3,5.08,687403,5.08,5.07877,-3.18245,-7.59422,-0.74816,-0.17119,0.10751,44.12453,30.34201,46.60918,0,enoS1(1_parsed).csv
36.0785431818182,-79.0085078951049,8,0.61,128.6,2.65,687603,2.65,2.65065,-3.94098,-10.54936,0.56062,0.61926,-0.39156,38.9506,32.22742,47.36919,0,enoS1(1_parsed).csv
36.0785433519813,-79.0085095710956,8,0.44,128.6,8.67,688403,8.67,8.6698,-4.01815,-4.19043,-0.91599,0.12905,-1.10215,53.99006,39.25753,39.56445,0,enoS1(1_parsed).csv
36.0785434172494,-79.0085115104895,8,0.44,128.9,7.04,688603,7.04,7.04327,-5.84686,-5.45923,-0.68692,1.52548,-0.29978,43.7299,48.69921,35.10669,0,enoS1(1_parsed).csv
36.0785432354312,-79.0085128904429,8,0.32,128.9,6.38,689403,6.38,6.37986,-3.48096,-3.34756,0.15012,-0.0562,0.26618,52.98159,51.82695,26.95119,0,enoS1(1_parsed).csv
36.0785434405594,-79.0085134405594,8,0.32,129.0,9.33,689603,9.33,9.3332,-5.00399,-4.07079,0.69791,-0.59498,0.13378,59.86554,46.50687,26.80503,0,enoS1(1_parsed).csv
36.0785427342657,-79.0085137995338,8,0.44,129.0,7.75,690403,7.75,7.74856,-1.71147,-5.23131,-0.72724,-0.90301,-0.36011,59.47092,40.66063,33.32359,0,enoS1(1_parsed).csv
36.0785412797203,-79.0085136596737,8,0.44,129.2,6.61,690603,6.61,6.60718,-4.3675,-3.68674,-1.06336,-1.25655,-0.80207,59.14937,51.14001,21.54341,0,enoS1(1_parsed).csv
36.0785398531469,-79.0085135407925,8,0.13,129.2,10.96,691403,10.96,10.95973,-2.43649,-4.66122,-0.33903,-1.50868,1.59665,73.04882,42.16603,2.55773,0,enoS1(1_parsed).csv
36.0785384731935,-79.0085131678322,8,0.13,128.9,11.4,691603,11.4,11.4006,-0.51027,0.69751,-0.14554,0.16249,-0.84345,75.43116,36.86057,-4.66238,0,enoS1(1_parsed).csv
36.0785373263403,-79.0085127529137,8,0.1,128.9,10.02,692403,10.02,10.01935,2.7667,1.49432,-0.49755,0.87995,-0.45586,78.58813,20.82724,-13.24174,0,enoS1(1_parsed).csv
36.0785373543124,-79.0085114195804,8,0.1,129.3,8.04,692603,8.04,8.03689,-0.23809,-0.51565,0.63515,-0.12126,-1.85382,76.00117,35.209,-6.95703,0,enoS1(1_parsed).csv
36.0785364079254,-79.0085113379953,8,0.1,129.3,7.91,693403,7.91,7.90589,-4.00798,-4.32921,-0.28161,-0.78878,0.09682,65.60947,48.14382,15.93102,0,enoS1(1_parsed).csv
36.0785353170163,-79.0085124755245,7,0.1,129.1,8.86,693603,8.86,8.85883,-1.82752,-3.47079,1.48837,-1.76616,-0.43402,69.1026,43.10143,19.39491,0,enoS1(1_parsed).csv
36.0785338414918,-79.0085135128205,7,0.32,129.1,2.79,694403,2.79,2.78525,-3.7017,-7.1007,-0.31521,3.11053,-0.31857,28.8366,39.6083,44.10991,0,enoS1(1_parsed).csv
36.0785319580419,-79.0085134941725,7,0.32,129.1,4.02,694603,4.02,4.01695,-1.89691,-8.40419,1.65651,-2.25119,-0.66172,33.45513,32.75358,48.36305,0,enoS1(1_parsed).csv
36.0785297342657,-79.008514969697,7,0.29,129.1,8.63,695403,8.63,8.6339,-3.59462,-1.55773,-0.12065,2.68674,-1.33245,65.62408,33.95206,33.65975,0,enoS1(1_parsed).csv
36.0785282331002,-79.0085165361305,8,0.29,129.3,3.8,695603,3.8,3.7992,-3.5324,-6.3661,-0.00153,3.0302,-0.10522,39.54984,38.70213,44.2853,0,enoS1(1_parsed).csv
36.0785268624709,-79.0085196620047,8,1.07,129.3,8.36,696403,8.36,8.36411,-2.28814,-5.28036,-0.82375,-0.70769,-1.57206,57.32242,41.11371,35.60363,0,enoS1(1_parsed).csv
36.0785259020979,-79.0085234195804,8,1.07,129.7,6.43,696603,6.43,6.43011,-5.69791,-3.85304,0.00672,0.69868,-0.87186,48.88921,49.56153,33.74744,0,enoS1(1_parsed).csv
36.0785254428904,-79.0085276759907,8,0.33,129.7,6.33,697403,6.33,6.33141,0.932,-6.37867,0.45204,0.17746,-0.02764,52.0608,15.05408,48.72844,0,enoS1(1_parsed).csv
36.0785256200466,-79.0085317226107,8,0.33,130.4,6.06,697603,6.06,6.05564,-0.09153,-6.98106,-0.36377,0.17898,-0.70448,50.21923,15.87255,49.2546,0,enoS1(1_parsed).csv
36.0785252051282,-79.0085366759907,8,0.38,130.4,5.72,698403,5.72,5.72124,-6.10289,-5.14337,-1.09391,0.64263,-0.15653,46.0684,49.16691,34.53669,0,enoS1(1_parsed).csv
36.0785250839161,-79.0085412820513,7,0.38,131.9,5.94,698603,5.94,5.93899,-5.57348,-4.48774,-0.70417,0.27993,0.62919,44.41684,53.97544,29.78661,0,enoS1(1_parsed).csv
36.0785244778555,-79.0085441328671,7,0.3,131.9,6.02,699403,6.02,6.01675,-5.49871,-5.0004,-0.56841,-0.23335,0.25931,46.0684,56.15317,25.72347,0,enoS1(1_parsed).csv
36.0785237226107,-79.008545018648,7,0.3,132.1,5.39,699603,5.39,5.39402,-5.53639,-3.94038,-0.27474,0.20922,-0.3375,46.27302,58.21397,21.2511,0,enoS1(1_parsed).csv
36.0785236899767,-79.0085456899767,7,0.45,132.1,5.5,700403,5.5,5.4993,-3.84945,-8.8355,0.81047,-2.12825,-0.25137,40.11985,46.66764,38.57059,0,enoS1(1_parsed).csv
36.078524016317,-79.0085447762238,8,0.45,131.9,6.33,700603,6.33,6.33081,-4.82214,-4.40818,-0.15745,0.37751,-1.09559,42.70681,46.24379,38.4829,0,enoS1(1_parsed).csv
36.078523969697,-79.0085443310023,8,0.12,131.9,8.38,701403,8.38,8.38266,-0.98106,-7.55354,-0.47724,0.53161,0.24755,49.23999,27.75504,46.85764,0,enoS1(1_parsed).csv
36.0785238857809,-79.0085431561772,8,0.12,132.1,6.39,701603,6.39,6.39123,-1.26999,-4.84068,-0.68432,-0.78786,-0.60689,49.15229,33.54282,44.13914,0,enoS1(1_parsed).csv
36.0785237412587,-79.0085426433566,8,0.15,132.1,7.2,702403,7.2,7.2,-6.0353,-4.62174,1.0542,0.53985,0.51603,40.55832,41.44987,43.89067,0,enoS1(1_parsed).csv
36.0785234895105,-79.0085421212121,8,0.15,132.3,5.08,702603,5.08,5.07697,-2.55733,-8.24806,1.15026,-0.19105,-0.64217,38.46828,30.23969,47.98305,0,enoS1(1_parsed).csv
36.0785236969697,-79.0085423449884,8,0.52,132.3,5.42,703403,5.42,5.41855,0.82552,-7.26281,-0.79122,1.91201,-0.21029,40.51447,17.30488,51.88541,0,enoS1(1_parsed).csv
36.0785242564102,-79.0085433053613,8,0.52,132.3,3.01,703603,3.01,3.01436,-3.7017,-7.59542,-1.08215,0.44608,-0.43295,31.6428,26.05963,50.71617,0,enoS1(1_parsed).csv
36.0785247435897,-79.0085445081585,8,0.82,132.3,5.37,704403,5.37,5.37308,-4.54218,-4.41476,-0.40119,0.67562,-0.19563,37.25519,43.02835,42.73604,0,enoS1(1_parsed).csv
36.0785253030303,-79.0085459440559,8,0.82,132.5,4.07,704603,4.07,4.0672,-5.8678,-4.91845,-0.50106,-0.68386,0.71151,38.83368,45.8784,39.78369,0,enoS1(1_parsed).csv
36.0785255104895,-79.0085470955711,8,0.58,132.5,9.69,705403,9.69,9.68674,-3.73579,-1.22213,-0.41508,0.86376,0.77901,60.84478,54.37007,12.56942,0,enoS1(1_parsed).csv
36.0785253426573,-79.0085478228438,8,0.58,132.8,14.5,705603,14.5,14.49632,-6.16571,-1.95075,-1.18111,0.38775,-0.13744,70.62262,44.51915,11.06402,0,enoS1(1_parsed).csv
36.0785251771562,-79.0085483636364,8,0.09,132.8,9.2,706403,9.2,9.20339,-1.63849,-1.56909,-1.01999,-0.59941,-0.39294,78.67583,29.42122,-5.94855,0,enoS1(1_parsed).csv
36.0785244871795,-79.0085492027972,8,0.09,132.8,8.4,706603,8.4,8.4,-1.12283,0.89013,-1.11254,-0.95096,1.24006,75.44578,26.20579,-18.7226,0,enoS1(1_parsed).csv
36.0785244055944,-79.0085492797203,8,0.1,132.8,8.71,707403,8.71,8.70868,1.04507,-0.61137,-1.43355,-0.27031,0.55726,80.66355,2.86466,-6.81087,0,enoS1(1_parsed).csv
36.0785247319347,-79.0085484965035,8,0.1,133.1,9.4,707603,9.4,9.40379,0.73819,-2.52144,-1.85138,0.09102,1.1889,78.0912,-7.71704,2.61619,0,enoS1(1_parsed).csv
36.0785255617716,-79.0085475827506,8,0.15,133.1,5.03,708403,5.03,5.0345,3.23809,-5.52862,0.52489,0.51557,0.06185,65.68255,-19.99415,22.78574,0,enoS1(1_parsed).csv
36.0785268857809,-79.0085463053613,8,0.15,133.3,7.55,708603,7.55,7.55055,3.58445,-6.17827,-0.02993,-1.40285,-0.98685,70.34493,-18.15259,16.17948,0,enoS1(1_parsed).csv
36.078528020979,-79.0085448275058,8,0.24,133.3,9.8,709403,9.8,9.8004,0.23091,0.32363,0.69043,-0.64019,-0.27077,75.66501,-1.1254,-16.34025,0,enoS1(1_parsed).csv
36.0785290652681,-79.0085436247086,8,0.24,131.6,9.41,709603,9.41,9.41217,0.48694,2.01835,-0.32895,-0.1518,-0.99403,74.07191,2.51388,-20.038,0,enoS1(1_parsed).csv
36.0785295477855,-79.0085422703963,8,0.4,131.6,5.91,710403,5.91,5.90788,8.88814,-0.9661,1.64216,-0.5707,0.68463,64.20638,-21.2511,-11.88249,0,enoS1(1_parsed).csv
36.0785293986014,-79.0085412261072,8,0.4,131.9,6.61,710603,6.61,6.61496,5.38265,2.4993,1.56229,0.0733,-3.51385,66.20871,-6.12394,-26.08886,0,enoS1(1_parsed).csv
36.078528948718,-79.0085405594405,8,0.39,131.9,8.32,711403,8.32,8.32343,2.71286,-0.03649,0.80604,-2.05984,0.55741,81.13125,14.46945,-8.57936,0,enoS1(1_parsed).csv
36.0785282960373,-79.0085411002331,7,0.39,132.8,8.98,711603,8.98,8.97608,0.9003,1.94656,0.55237,0.26664,-1.89551,75.79655,26.20579,-18.13797,0,enoS1(1_parsed).csv
36.0785278648019,-79.0085399673659,7,0.54,132.8,8.33,712403,8.33,8.33061,1.18026,1.80419,0.04139,0.60002,-1.31382,77.40427,27.52119,-12.81789,0,enoS1(1_parsed).csv
36.0785271841492,-79.0085384102564,8,0.54,133.1,9.3,712603,9.3,9.3027,-1.55833,0.5324,-0.04368,0.97204,-1.09513,73.15112,41.21602,-5.43701,0,enoS1(1_parsed).csv
36.0785267482517,-79.00853597669,8,0.64,133.1,2.64,713403,2.64,2.64168,-4.03789,8.5029,-0.42959,-1.52487,-0.13317,37.51827,41.43525,-37.47442,0,enoS1(1_parsed).csv
36.078526962704,-79.0085325361305,7,0.64,133.4,6.14,713603,6.14,6.14238,-2.07338,5.22174,-0.52015,4.5792,2.18736,53.09851,35.44285,-35.83747,0,enoS1(1_parsed).csv
36.0785267179487,-79.008529995338,7,1.05,133.4,8.13,714403,8.13,8.12603,-3.77887,-4.7001,-0.50625,-2.68872,0.93798,75.3727,39.02368,1.1254,0,enoS1(1_parsed).csv
36.0785263822844,-79.0085295104895,8,1.05,133.1,9.13,714603,9.13,9.13161,0.03589,0.73878,-0.43326,-2.71942,2.62168,74.96346,18.64952,-22.17188,0,enoS1(1_parsed).csv
36.0785256713287,-79.0085284125874,8,0.31,133.1,10.1,715403,10.1,10.09831,-0.25304,-0.04845,-1.32955,-0.65317,1.72921,78.64659,11.22479,-15.49255,0,enoS1(1_parsed).csv
36.0785247855478,-79.0085273962704,8,0.31,132.4,9.09,715603,9.09,9.09153,0.94935,0.28654,-1.31412,-0.14905,0.00199,77.41888,-1.76849,-12.08711,0,enoS1(1_parsed).csv
36.0785240536131,-79.0085262680653,8,0.02,132.4,8.27,716403,8.27,8.2666,-0.50548,0.75912,-1.41537,-0.32086,0.29444,78.04736,-7.93628,4.85238,0,enoS1(1_parsed).csv
36.0785236153846,-79.0085255687646,9,0.02,130.2,10.6,716603,10.6,10.60319,0.20997,0.26082,-1.42148,0.60934,0.13118,76.52734,-10.59632,10.02631,0,enoS1(1_parsed).csv
36.0785227855478,-79.0085241631702,9,0.36,130.2,9.68,717403,9.68,9.67717,2.31745,0.78245,-2.25455,0.00535,0.18586,78.85121,7.2055,20.6957,0,enoS1(1_parsed).csv
36.0785211538462,-79.0085224662005,9,0.36,130.7,9.49,717603,9.49,9.48814,0.5683,1.01635,-2.00455,0.22739,-2.84678,76.93657,28.06197,19.70184,0,enoS1(1_parsed).csv
36.0785209370629,-79.0085209487179,9,0.38,130.7,9.56,718403,9.56,9.55693,0.44207,0.9332,-2.12825,0.61178,-0.77106,77.97428,25.82578,-14.16253,0,enoS1(1_parsed).csv
36.0785221491842,-79.0085201748252,9,0.38,130.5,9.2,718603,9.2,9.2028,-0.67358,0.01675,-2.22294,0.25977,-0.43555,77.78428,24.52499,-13.54867,0,enoS1(1_parsed).csv
36.0785233053613,-79.0085208508159,9,0.35,130.5,10.13,719403,10.13,10.13061,-0.08076,-0.7669,-2.22859,-2.10107,-0.33979,78.2812,-5.9924,0.64309,0,enoS1(1_parsed).csv
36.0785248158508,-79.0085221188811,9,0.35,131.0,9.82,719603,9.82,9.82134,1.67498,1.98844,-2.38604,-0.20846,-0.18937,76.46886,-10.26016,-0.68693,0,enoS1(1_parsed).csv
36.078525997669,-79.0085227995338,9,0.74,131.0,1.01,720403,1.01,1.00558,-5.4329,-8.4359,-0.05101,-1.13942,-2.90466,20.63724,27.47734,47.35458,0,enoS1(1_parsed).csv
36.078527032634,-79.008524048951,8,0.74,131.0,3.18,720603,3.18,3.17647,-4.52303,-7.02174,0.92561,-3.84463,-1.15728,40.67524,16.79334,51.09617,0,enoS1(1_parsed).csv
36.0785274731935,-79.0085249254079,8,0.35,131.0,10.25,721403,10.25,10.25025,0.83031,-2.12842,1.29412,0.85964,0.09514,74.10114,-13.98714,8.75475,0,enoS1(1_parsed).csv
36.0785273799534,-79.0085252517482,7,0.35,131.1,8.78,721603,8.78,8.77986,0.28893,-1.47338,-1.40178,-2.44025,-0.7138,76.51272,-9.71938,2.60158,0,enoS1(1_parsed).csv
36.0785263286713,-79.0085253356643,7,1.15,131.1,2.63,722403,2.63,2.63031,0.87637,-8.37847,0.07101,0.31032,0.1431,43.84683,-13.70944,43.89067,0,enoS1(1_parsed).csv
36.0785243799534,-79.0085249160839,7,1.15,131.8,4.03,722603,4.03,4.02951,0.92124,-9.28714,-0.21243,-1.75715,0.0733,48.81614,-13.22713,43.02835,0,enoS1(1_parsed).csv
36.0785234195804,-79.0085251491841,7,0.7,131.8,10.19,723403,10.19,10.19223,1.67378,-1.47218,-0.58948,2.77256,-0.14478,72.82958,-14.68869,14.65946,0,enoS1(1_parsed).csv
36.0785231305361,-79.0085253636364,7,0.7,132.1,7.2,723603,7.2,7.19701,-0.39541,-3.56052,-0.84528,0.83215,-1.01831,68.78106,-6.06548,33.79129,0,enoS1(1_parsed).csv
36.0785224965035,-79.0085252773893,7,0.38,132.1,10.55,724403,10.55,10.55115,-0.38883,1.82572,-0.49694,1.23532,-0.94363,78.33967,-2.49927,18.24028,0,enoS1(1_parsed).csv
36.0785218717949,-79.0085255664335,7,0.38,131.2,8.51,724603,8.51,8.50828,-0.99063,-1.38305,-0.80848,0.9302,0.78679,73.37036,1.79772,31.90587,0,enoS1(1_parsed).csv
36.0785212074592,-79.0085262074592,7,0.23,131.2,8.6,725403,8.6,8.60459,-1.78026,-2.57468,-1.52289,2.10657,0.81428,71.52879,18.19643,34.34668,0,enoS1(1_parsed).csv
36.0785207039627,-79.0085267296037,7,0.23,131.2,5.84,725603,5.84,5.84208,-5.4024,-8.00997,-1.81427,2.60015,-2.03479,41.96141,38.4829,44.54838,0,enoS1(1_parsed).csv
36.0785202424242,-79.0085265897436,7,0.83,131.2,8.3,726403,8.3,8.29891,1.32921,0.37807,-1.10719,1.76433,-2.25119,81.01432,24.80269,3.34697,0,enoS1(1_parsed).csv
36.0785201212121,-79.008526039627,9,0.83,131.7,9.84,726603,9.84,9.83929,-1.18863,-0.71785,-1.22601,-0.8827,-1.64445,71.23648,44.97223,0.11692,0,enoS1(1_parsed).csv
36.078519986014,-79.0085254801865,9,0.76,131.7,8.82,727403,8.82,8.82114,-0.99422,0.57966,-1.45478,-1.44073,-1.50319,73.29728,26.46887,-21.13417,0,enoS1(1_parsed).csv
36.0785202191142,-79.0085248275058,9,0.76,130.8,8.89,727603,8.89,8.88515,-0.6682,2.98206,-1.58077,0.69975,0.19777,69.43876,18.03566,-28.35428,0,enoS1(1_parsed).csv
36.0785203006993,-79.0085242937063,9,0.69,130.8,8.92,728403,8.92,8.91805,0.9661,-1.12223,-1.15392,-1.1327,0.76908,75.76732,-11.47325,0.21923,0,enoS1(1_parsed).csv
36.0785205151515,-79.0085238181818,9,0.69,130.8,9.36,728603,9.36,9.36072,0.36251,2.50588,-0.83841,-1.58565,-1.50853,73.95498,-9.66092,-11.76557,0,enoS1(1_parsed).csv
36.078519965035,-79.008524060606,9,0.18,130.8,9.85,729403,9.85,9.84527,0.268,0.7681,0.64187,0.26496,0.16509,75.76732,-11.75095,10.26016,0,enoS1(1_parsed).csv
36.078518995338,-79.0085247785548,9,0.18,131.1,9.7,729603,9.7,9.69512,-0.25484,-0.4343,0.42699,0.20067,-0.63163,76.64426,-9.47091,10.99094,0,enoS1(1_parsed).csv
36.0785179114219,-79.008524981352,9,0.15,131.1,7.97,730403,7.97,7.9681,4.62892,1.15155,-1.37536,0.02795,1.9143,64.10406,-25.78193,4.89623,0,enoS1(1_parsed).csv
36.078516997669,-79.0085245990676,9,0.15,131.9,7.79,730603,7.79,7.78624,5.44008,-2.20558,-2.71514,1.30175,-0.70448,55.13008,-25.89886,25.88424,0,enoS1(1_parsed).csv
36.078516016317,-79.0085249067599,9,0.14,131.9,10.04,731403,10.04,10.03849,-0.48455,0.60299,-4.253,-1.24739,0.821,79.09968,28.23736,6.81087,0,enoS1(1_parsed).csv
36.0785148414918,-79.0085255501165,8,0.14,131.9,9.79,731603,9.79,9.79382,0.6006,-3.91944,-4.42266,0.9108,-0.65607,81.29202,20.63724,1.54925,0,enoS1(1_parsed).csv
36.078514037296,-79.0085267435897,8,0.43,131.9,11.03,732403,11.03,11.03211,0.31047,-2.45683,-1.88437,0.12431,-0.624,74.56884,-10.47939,15.47793,0,enoS1(1_parsed).csv
36.0785137202797,-79.0085283006993,8,0.43,131.6,8.14,732603,8.14,8.14337,-0.94875,-2.72543,-1.82404,1.15087,0.85597,71.38264,-3.97545,29.53815,0,enoS1(1_parsed).csv
36.0785135594405,-79.0085298461538,8,0.37,131.6,8.59,733403,8.59,8.58664,0.54437,0.7346,-1.84466,0.99922,-0.41707,75.10962,24.27653,25.97194,0,enoS1(1_parsed).csv
36.0785135780886,-79.0085314685315,8,0.37,130.5,9.92,733603,9.92,9.92363,-2.09731,-2.48854,-1.68324,0.68081,-0.18891,69.92107,36.21748,26.24964,0,enoS1(1_parsed).csv
36.0785139417249,-79.0085324382284,8,0.75,130.5,8.35,734403,8.35,8.35275,-7.86521,1.27956,-1.69179,-0.50564,-4.42343,56.54779,56.66472,-10.71324,0,enoS1(1_parsed).csv
36.0785148088578,-79.0085321585081,8,0.75,130.1,4.28,734603,4.28,4.27597,-8.79303,3.67298,-1.06367,-0.79412,0.89217,36.8021,58.69629,-21.73341,0,enoS1(1_parsed).csv
36.0785158974359,-79.0085318811189,8,0.89,130.1,8.84,735403,8.84,8.83849,-1.83529,-0.65444,-1.86665,-2.39123,0.093,79.61122,17.62642,-12.74481,0,enoS1(1_parsed).csv
36.0785172214452,-79.0085313962704,8,0.89,130.7,9.2,735603,9.2,9.19681,0.37208,3.86022,-1.76158,-0.77473,0.55665,69.54107,0.84771,-26.70272,0,enoS1(1_parsed).csv
36.0785178857809,-79.0085315780886,8,0.29,130.7,8.84,736403,8.84,8.8355,1.13958,-0.54855,-1.18691,-0.08369,-0.99266,71.87956,-15.88717,14.86407,0,enoS1(1_parsed).csv
36.0785177738928,-79.0085325477855,9,0.29,132.2,9.81,736603,9.81,9.81117,-1.35374,0.46959,-1.21593,-0.95494,-0.72235,78.69044,-4.75007,13.21251,0,enoS1(1_parsed).csv
36.078517972028,-79.0085329603729,9,0.52,132.2,9.22,737403,9.22,9.22433,-0.52762,0.16451,-1.36544,-0.31292,-0.21334,75.89886,9.96785,28.51505,0,enoS1(1_parsed).csv
36.0785181958042,-79.0085328111888,9,0.52,131.1,9.51,737603,9.51,9.50549,-0.05922,0.90867,-1.52411,-0.16845,0.40409,78.82198,15.361,22.30342,0,enoS1(1_parsed).csv
36.0785183519814,-79.0085322400932,9,0.53,131.1,9.2,738403,9.2,9.20399,-0.13639,0.71785,-2.00669,0.19319,0.46487,79.12891,29.87431,7.65858,0,enoS1(1_parsed).csv
36.0785182027972,-79.0085305244755,8,0.53,131.1,10.07,738603,10.07,10.0696,-0.14177,1.12941,-2.14215,0.27138,-0.66966,77.47735,34.69746,-0.40924,0,enoS1(1_parsed).csv
36.0785185034965,-79.0085292214452,8,0.66,131.1,9.5,739403,9.5,9.5013,2.48435,3.5671,-1.7373,1.19928,-0.31292,67.68489,-2.70389,-26.13271,0,enoS1(1_parsed).csv
36.0785188951049,-79.0085283729604,9,0.66,130.1,8.44,739603,8.44,8.43889,0.32483,-0.92004,-1.61375,1.31672,-1.7935,78.67583,-3.43467,-5.49547,0,enoS1(1_parsed).csv
36.0785193310023,-79.008529041958,9,0.61,130.1,9.22,740403,9.22,9.22194,1.42193,0.82373,-1.38941,0.69318,-0.66462,71.14879,-18.98568,3.62467,0,enoS1(1_parsed).csv
36.0785197412587,-79.0085307389277,9,0.61,130.3,9.56,740603,9.56,9.55873,-0.73639,0.41097,-1.28434,-0.30864,-1.65606,77.6235,-5.94855,12.20403,0,enoS1(1_parsed).csv
36.078520032634,-79.008532993007,9,1.06,130.3,9.54,741403,9.54,9.53899,-0.78724,-1.4016,-1.2228,0.42898,-1.03129,74.78808,11.59018,28.45659,0,enoS1(1_parsed).csv
36.0785201724942,-79.0085359020979,9,1.06,130.8,10.48,741603,10.48,10.48116,-0.65504,1.08156,-0.92684,-0.61056,0.52229,75.67963,19.08799,23.80883,0,enoS1(1_parsed).csv
36.0785206806527,-79.0085375104895,9,0.28,130.8,9.38,742403,9.38,9.37508,-0.11306,-0.70768,0.31628,-0.33613,-0.5539,73.5019,13.15405,29.36276,0,enoS1(1_parsed).csv
36.0785212587413,-79.0085387599068,9,0.28,130.7,9.85,742603,9.85,9.85305,-0.63649,1.0331,0.18647,-0.93691,-0.04276,77.68196,14.25022,21.92341,0,enoS1(1_parsed).csv
36.0785216480187,-79.0085384965035,9,0.06,130.7,9.42,743403,9.42,9.42054,-0.22193,0.58744,-0.02871,-0.07407,0.01665,76.9658,9.70477,24.13037,0,enoS1(1_parsed).csv
36.0785216946387,-79.0085368181818,9,0.06,130.6,9.61,743603,9.61,9.60539,-0.07238,0.70828,-0.0197,-0.01038,-0.01466,77.28734,9.39784,24.10114,0,enoS1(1_parsed).csv
36.0785219184149,-79.0085354219114,9,0.2,130.6,9.62,744403,9.62,9.61675,1.32263,-1.25862,-0.42593,-0.17883,-0.96456,71.35341,2.9962,32.82666,0,enoS1(1_parsed).csv
36.078522058275,-79.0085337249417,9,0.2,130.6,9.57,744603,9.57,9.5689,-1.65643,0.14477,-0.43402,-0.95906,-1.04275,75.35808,16.06256,26.99503,0,enoS1(1_parsed).csv
36.0785224219114,-79.0085317948718,9,0.56,130.6,8.63,745403,8.63,8.6339,-4.80838,-3.27099,-1.43019,-0.94669,0.06139,58.2432,47.96843,26.84887,0,enoS1(1_parsed).csv
36.0785228321678,-79.0085300792541,9,0.56,131.8,8.8,745603,8.8,8.8014,-2.1661,0.00837,-1.73944,-1.40148,3.15985,72.18649,42.58989,10.64016,0,enoS1(1_parsed).csv
36.0785234079254,-79.0085282680653,9,0.2,131.8,9.17,746403,9.17,9.16631,-1.64028,0.76989,-2.37138,-0.56154,1.34772,73.06343,27.38965,-22.40573,0,enoS1(1_parsed).csv
36.0785231561771,-79.0085266643356,8,0.2,131.4,9.12,746603,9.12,9.12443,1.48594,0.57428,-2.42727,0.86132,0.78206,75.92809,4.07775,-17.5095,0,enoS1(1_parsed).csv
36.0785238951049,-79.0085255477855,8,0.21,131.4,10.17,747403,10.17,10.17129,1.87238,-0.41037,-2.50348,0.69868,0.12385,74.36422,-14.17714,6.9278,0,enoS1(1_parsed).csv
36.0785251538462,-79.0085253426573,8,0.21,130.4,6.97,747603,6.97,6.96551,3.06939,-3.76331,-4.12746,2.44942,2.8984,58.46244,-15.43408,36.43671,0,enoS1(1_parsed).csv
36.078527006993,-79.0085248438228,8,0.61,130.4,7.71,748403,7.71,7.71207,1.22692,1.18265,-1.61085,-0.20708,2.41399,78.80737,27.69658,-9.01783,0,enoS1(1_parsed).csv
36.0785289370629,-79.0085247785548,8,0.61,130.6,6.79,748603,6.79,6.79203,6.98525,-0.32602,-1.72631,0.6973,0.39706,81.11664,14.58638,-7.23473,0,enoS1(1_parsed).csv
36.0785313962704,-79.0085244615384,8,0.35,130.6,9.04,749403,9.04,9.04188,0.13759,1.72164,0.13867,0.27871,-0.96349,77.25811,27.25811,-14.71792,0,enoS1(1_parsed).csv
36.0785336153846,-79.0085241538461,8,0.35,130.5,7.1,749603,7.1,7.10369,-0.27278,-0.05025,0.97723,-0.08796,-0.49175,74.01345,38.42444,-9.924,0,enoS1(1_parsed).csv
36.07853602331,-79.0085239254079,8,0.14,130.5,6.85,750403,6.85,6.85065,-5.97009,-1.5332,0.14294,-0.34392,-0.02214,56.70856,58.06782,-2.14849,0,enoS1(1_parsed).csv
36.0785381398601,-79.0085237389277,8,0.14,130.9,8.34,750603,8.34,8.33719,-5.18345,-0.50429,0.06063,-0.1379,0.58903,59.57323,56.21163,-2.10465,0,enoS1(1_parsed).csv
36.0785395687646,-79.0085235944056,8,0.02,130.9,7.48,751403,7.48,7.47757,0.14895,-0.34696,-0.24526,1.48792,0.6579,75.78194,33.29436,-11.44402,0,enoS1(1_parsed).csv
36.0785401655012,-79.0085236130536,8,0.02,131.3,9.68,751603,9.68,9.67777,-0.34756,-1.30768,0.11362,-0.60201,-0.01298,77.82812,30.72201,-6.66472,0,enoS1(1_parsed).csv
36.0785410885781,-79.0085239603729,8,0.12,131.3,8.29,752403,8.29,8.28993,-0.89133,0.73161,-1.53174,0.10293,0.24114,75.88425,22.42035,-20.44724,0,enoS1(1_parsed).csv
36.0785416573427,-79.0085244452214,8,0.12,131.3,10.26,752603,10.26,10.26461,0.98644,-1.70249,-1.44867,0.66355,0.13149,79.27506,13.18328,-13.47559,0,enoS1(1_parsed).csv
36.0785416363636,-79.008525020979,8,0.16,131.3,9.01,753403,9.01,9.01017,-0.52403,-2.35334,-1.87856,-0.47602,-0.08277,80.12277,-1.08156,2.2508,0,enoS1(1_parsed).csv
36.078541048951,-79.0085258694639,9,0.16,131.3,9.8,753603,9.8,9.79861,-0.5336,-0.30269,-1.20127,-0.16722,0.97922,77.84274,-7.26396,3.40544,0,enoS1(1_parsed).csv
36.0785399650349,-79.0085263310023,9,0.67,131.3,6.96,754403,6.96,6.96012,-1.47039,-5.89113,-0.39813,0.25412,-0.22892,64.51331,-0.13154,39.66676,0,enoS1(1_parsed).csv
36.0785385011655,-79.0085265268065,9,0.67,131.7,8.53,754603,8.53,8.5346,-3.18365,-4.64447,0.10232,-1.38025,-0.77244,70.15492,4.53084,35.019,0,enoS1(1_parsed).csv
36.078537032634,-79.0085264335664,9,0.2,131.7,9.24,755403,9.24,9.2351,-0.41157,1.58166,0.57528,1.19546,-0.58139,78.83659,-5.5247,4.38468,0,enoS1(1_parsed).csv
36.0785357086247,-79.0085258834499,8,0.2,131.6,8.84,755603,8.84,8.84268,-2.25942,-2.45982,1.08505,1.18065,0.06384,79.43584,-2.83543,7.54165,0,enoS1(1_parsed).csv
36.0785343846154,-79.0085254895105,8,0.72,131.6,7.54,756403,7.54,7.5356,3.04247,-2.8349,0.18066,-1.09085,-2.37764,72.88805,-15.43408,1.94388,0,enoS1(1_parsed).csv
36.0785335081585,-79.00852502331,8,0.72,131.8,9.49,756603,9.49,9.49472,-1.78146,-1.49133,-0.87461,-0.03818,-1.94729,81.49664,9.67553,-4.3116,0,enoS1(1_parsed).csv
36.0785323449883,-79.0085246969697,8,0.25,131.8,9.38,757403,9.38,9.37508,-0.26022,0.29252,-0.12171,-0.13882,-0.57253,77.52119,-4.50161,-8.46244,0,enoS1(1_parsed).csv
36.0785317389277,-79.0085244265734,7,0.25,132.1,7.11,757603,7.11,7.10908,1.37228,-1.16889,0.45571,0.97357,-0.07819,79.65507,-1.19848,-4.91084,0,enoS1(1_parsed).csv
36.0785305547785,-79.0085246130536,7,0.39,132.1,7.96,758403,7.96,7.96032,0.51565,0.82253,0.55299,-1.43156,-1.42805,76.4981,-5.11546,-9.99708,0,enoS1(1_parsed).csv
36.0785294918415,-79.0085250885781,7,0.39,132.4,10.14,758603,10.14,10.13899,-1.35015,-2.63091,-0.62064,1.43691,-0.20388,81.24817,7.89243,-4.70623,0,enoS1(1_parsed).csv
36.078528027972,-79.0085256177156,7,0.61,132.4,10.21,759403,10.21,10.20958,0.48455,-0.92004,-1.20508,1.12735,-0.46472,77.44811,-9.01783,1.06694,0,enoS1(1_parsed).csv
36.0785266946387,-79.0085261305361,7,0.61,132.5,8.88,759603,8.88,8.87677,-1.31904,-0.93858,-0.73899,-0.70524,-0.03864,78.85121,-5.23239,9.03245,0,enoS1(1_parsed).csv
36.0785251585082,-79.0085267226107,7,0.35,132.5,8.48,760403,8.48,8.47956,-0.0664,-2.73739,-0.27901,1.91109,-0.89522,73.19498,-11.66326,21.32417,0,enoS1(1_parsed).csv
36.0785237599068,-79.0085275058275,7,0.35,133.1,8.01,760603,8.01,8.01117,-0.90449,-5.1661,0.31673,-0.01481,-1.03419,73.64806,-4.25314,27.68196,0,enoS1(1_parsed).csv
36.0785225198135,-79.0085281748252,7,0.23,133.1,8.86,761403,8.86,8.86421,1.1665,-0.5659,0.89034,0.47296,0.11927,75.41655,-11.29787,-3.01082,0,enoS1(1_parsed).csv
36.0785223799534,-79.0085285757576,7,0.23,133.3,7.74,761603,7.74,7.74258,3.95115,-4.89093,0.93401,3.6235,2.56991,69.39491,-20.84186,13.44636,0,enoS1(1_parsed).csv
36.0785217808858,-79.0085288508158,7,0.23,133.3,7.44,762403,7.44,7.44108,0.73938,-5.03091,-1.76265,-4.40693,-0.93417,68.09412,-12.02865,29.80123,0,enoS1(1_parsed).csv
36.0785211095571,-79.008529037296,7,0.23,134.1,9.41,762603,9.41,9.41336,-1.44885,2.34856,-1.49662,-2.45598,0.00443,79.40661,-5.11546,2.82081,0,enoS1(1_parsed).csv
36.078520009324,-79.0085289230769,7,0.15,134.1,8.15,763403,8.15,8.14756,-3.21296,-4.0008,-1.16843,-0.03085,0.06322,61.66326,22.49342,43.13066,0,enoS1(1_parsed).csv
36.0785186666667,-79.0085281118881,8,0.15,133.6,9.15,763603,9.15,9.15255,-4.08395,-3.21835,-0.8291,-0.52015,0.61102,63.06636,29.62584,39.46215,0,enoS1(1_parsed).csv
36.0785175990676,-79.0085275944056,8,0.38,133.6,8.65,764403,8.65,8.64706,0.14477,-0.77707,-0.61988,0.87568,-0.59086,71.87956,23.9696,30.48816,0,enoS1(1_parsed).csv
36.0785168531468,-79.0085273240093,8,0.38,133.5,9.94,764603,9.94,9.94098,-1.01097,-1.28794,-0.37675,-0.72815,-0.44929,71.95264,30.59047,26.33733,0,enoS1(1_parsed).csv
36.0785166410256,-79.0085274895105,8,0.58,133.5,8.83,765403,8.83,8.82652,-0.05384,0.92961,-0.19181,0.22297,-0.75869,76.4981,28.79275,18.69337,0,enoS1(1_parsed).csv
36.0785168554779,-79.0085281142191,8,0.58,132.3,9.79,765603,9.79,9.78964,-0.81356,1.14018,-0.33827,-0.16646,-0.25641,74.70038,34.53669,16.48641,0,enoS1(1_parsed).csv
36.0785180629371,-79.0085284195804,8,1.08,132.3,8.78,766403,8.78,8.78046,-0.98106,1.50688,-0.2364,0.75243,-0.66279,78.41275,32.05203,9.22245,0,enoS1(1_parsed).csv
36.0785197972028,-79.0085288484848,9,1.08,131.8,9.45,766603,9.45,9.45165,-1.67857,-0.55334,-0.02627,1.11193,-0.18082,75.27039,36.26133,12.99328,0,enoS1(1_parsed).csv
36.0785212820513,-79.0085288578089,9,0.25,131.8,9.33,767403,9.33,9.3344,0.8004,1.32144,-0.06888,-0.82665,-0.87461,78.60275,27.74043,12.61327,0,enoS1(1_parsed).csv
36.0785226340326,-79.0085284568764,9,0.25,131.6,10.21,767603,10.21,10.21257,-0.18365,0.28175,-0.35232,0.96731,0.13912,76.79041,34.14207,12.10172,0,enoS1(1_parsed).csv
36.0785241398601,-79.0085275034965,9,0.07,131.6,9.34,768403,9.34,9.34158,-0.27876,0.22313,-0.17455,-0.1295,0.77305,77.22888,33.29436,12.11634,0,enoS1(1_parsed).csv
36.0785253892774,-79.0085263566433,9,0.07,131.4,9.78,768603,9.78,9.77767,1.25145,0.3332,-0.33262,0.14065,0.42028,79.28968,27.34581,11.47325,0,enoS1(1_parsed).csv
36.0785269044289,-79.0085255104895,9,0.21,131.4,9.8,769403,9.8,9.79801,0.0682,0.08435,0.25443,0.25595,0.49572,76.81965,35.38439,6.97165,0,enoS1(1_parsed).csv
36.0785279487179,-79.0085252121212,9,0.21,130.8,9.79,769603,9.79,9.79323,1.00618,-0.1675,0.55711,-0.41585,0.23808,78.86583,30.23969,9.42707,0,enoS1(1_parsed).csv
36.0785290909091,-79.0085244685315,9,0.49,130.8,9.63,770403,9.63,9.62573,0.11844,0.73101,-0.18097,-0.32987,0.88805,77.47735,35.23823,1.81234,0,enoS1(1_parsed).csv
36.0785298461538,-79.0085237039627,9,0.49,130.8,9.31,770603,9.31,9.30987,0.52941,0.90628,-0.41997,0.16646,-0.24908,78.20812,31.92049,-0.01462,0,enoS1(1_parsed).csv
36.0785305944056,-79.0085225617715,9,0.77,130.8,9.66,771403,9.66,9.65863,0.24227,0.68195,0.89034,-0.50625,0.72891,77.72581,33.19205,5.51008,0,enoS1(1_parsed).csv
36.078531041958,-79.0085216107226,9,0.77,131.4,9.32,771603,9.32,9.32304,0.91585,1.0331,0.76053,0.5594,-0.1347,79.23122,28.85121,8.95937,0,enoS1(1_parsed).csv
36.0785316386946,-79.00852006993,9,0.76,131.4,8.57,772403,8.57,8.56631,0.75972,1.00499,-0.03344,0.94272,-0.03482,77.41888,27.47734,18.09412,0,enoS1(1_parsed).csv
36.0785323752914,-79.0085186526806,9,0.76,131.6,9.93,772603,9.93,9.93201,0.75852,-0.4325,0.32269,0.54184,0.32971,76.76118,20.68109,24.10114,0,enoS1(1_parsed).csv
36.0785326386946,-79.0085172144522,9,0.22,131.6,9.25,773403,9.25,9.25424,-1.51406,-1.37228,-1.93583,-0.00504,-0.95158,71.49957,37.18211,22.82958,0,enoS1(1_parsed).csv
36.0785324988345,-79.0085156386946,9,0.22,131.8,8.25,773603,8.25,8.24806,-3.89492,-0.28594,-2.68613,0.69532,-0.57986,66.22333,50.8477,6.34317,0,enoS1(1_parsed).csv
36.0785316480186,-79.0085145594405,9,0.75,131.8,9.42,774403,9.42,9.42054,-1.13779,-1.90708,-3.10396,1.50074,-1.79274,82.08126,4.41391,0.29231,0,enoS1(1_parsed).csv
36.0785299510489,-79.0085137202797,9,0.75,131.6,9.05,774603,9.05,9.05384,-2.33121,0.40857,-2.89046,-1.05527,2.57342,81.97895,2.58696,3.77083,0,enoS1(1_parsed).csv
36.0785285151515,-79.0085135454545,9,1.01,131.6,10.26,775403,10.26,10.26102,-0.50548,0.09811,-1.31015,0.80527,1.55328,76.62964,10.84478,25.7527,0,enoS1(1_parsed).csv
36.078527013986,-79.0085143379953,9,1.01,131.8,8.81,775603,8.81,8.81456,1.14497,-0.54078,-1.07253,-0.23396,0.34957,72.88805,8.02397,33.2359,0,enoS1(1_parsed).csv
36.0785263193473,-79.0085157692308,9,0.6,131.8,9.19,776403,9.19,9.19322,-0.41456,-1.70608,-0.75411,0.51633,0.95478,71.03186,31.40895,28.13505,0,enoS1(1_parsed).csv
36.0785264778555,-79.0085177832168,9,0.6,131.1,9.66,776603,9.66,9.66102,0.23749,-0.59462,-0.57742,-1.64109,0.15287,76.81965,28.23736,19.42414,0,enoS1(1_parsed).csv
36.0785271351981,-79.0085198158508,9,0.63,131.1,8.78,777403,8.78,8.77986,-0.45523,-1.40399,-0.73625,-0.81993,0.62736,71.66033,41.31833,15.15639,0,enoS1(1_parsed).csv
36.0785283379953,-79.0085215128205,9,0.63,132.4,9.7,777603,9.7,9.69512,-0.21595,2.62134,-0.93355,-1.60322,0.65928,75.9427,36.07132,-5.53932,0,enoS1(1_parsed).csv
36.0785292610723,-79.0085228065268,9,0.12,132.4,8.12,778403,8.12,8.12004,-0.26022,0.19621,-1.31947,-1.19959,0.68906,77.82812,23.6919,-14.27945,0,enoS1(1_parsed).csv
36.0785293916084,-79.0085229277389,9,0.12,132.3,9.53,778603,9.53,9.53061,1.32802,1.99502,-1.13896,-0.83353,-0.54596,70.21339,16.34025,-28.38351,0,enoS1(1_parsed).csv
36.0785301002331,-79.0085238857809,9,0.28,132.3,9.32,779403,9.32,9.31765,0.50847,0.37208,-1.80037,-0.68982,0.17135,77.15581,-7.01549,-6.7378,0,enoS1(1_parsed).csv
36.078531013986,-79.0085248181818,9,0.28,132.5,8.86,779603,8.86,8.85763,0.83031,1.59123,-1.82145,-0.04291,-0.86178,76.38118,-10.49401,-3.56621,0,enoS1(1_parsed).csv
36.0785327738928,-79.008526955711,9,0.25,132.5,10.18,780403,10.18,10.18266,0.40857,1.31007,-1.84833,0.72235,-1.15912,77.50658,8.2432,23.91114,0,enoS1(1_parsed).csv
36.0785349463869,-79.0085296596737,9,0.25,132.5,9.8,780603,9.8,9.80399,-1.27059,-0.72144,-2.02578,1.0403,-0.08659,72.15726,24.83192,29.33353,0,enoS1(1_parsed).csv
36.0785374405594,-79.0085320606061,9,0.91,132.5,10.86,781403,10.86,10.86042,-1.30229,1.3346,-1.76647,0.0281,0.58903,74.89038,38.64367,-5.32008,0,enoS1(1_parsed).csv
36.0785397715618,-79.0085339254079,8,0.91,132.4,8.79,781603,8.79,8.79422,0.14536,0.66879,-1.63559,-0.08415,0.3905,76.98042,29.46507,-10.01169,0,enoS1(1_parsed).csv
36.0785414941725,-79.008535020979,8,0.1,132.4,4.26,782403,4.26,4.25803,-9.1023,-3.20279,-2.65161,1.8891,1.02595,67.48026,44.67992,18.2549,0,enoS1(1_parsed).csv
36.0785428554778,-79.0085352820513,8,0.1,132.0,8.69,782603,8.69,8.68954,-5.07099,0.58385,-1.9059,2.83655,4.96389,75.54808,24.34961,25.38731,0,enoS1(1_parsed).csv
36.0785428671329,-79.0085349463869,8,0.37,132.0,9.21,783403,9.21,9.21476,-0.95653,0.27278,-1.18325,0.16157,1.25258,75.34347,29.46507,21.66033,0,enoS1(1_parsed).csv
36.0785411608392,-79.0085334172494,8,0.37,131.5,9.44,783603,9.44,9.44268,1.56072,-0.47079,-0.94058,0.0646,0.30207,77.05349,24.29114,22.53727,0,enoS1(1_parsed).csv
36.0785401188811,-79.0085326759907,8,0.36,131.5,6.31,784403,6.31,6.30569,-4.71685,-6.41516,0.82971,0.67959,0.09178,45.20608,41.74218,40.7337,0,enoS1(1_parsed).csv
36.078538972028,-79.0085322657343,8,0.36,131.1,2.45,784603,2.45,2.45264,-0.734,-7.38545,-0.15913,0.40378,0.13057,43.18913,40.14908,43.1599,0,enoS1(1_parsed).csv
36.0785382144522,-79.0085320675991,8,1.06,131.1,9.42,785403,9.42,9.42114,-1.25025,3.00718,-0.82054,1.24723,-0.45418,73.80882,42.09296,-0.77463,0,enoS1(1_parsed).csv
36.0785378787879,-79.0085325337995,9,1.06,131.3,8.87,785603,8.87,8.87079,-6.89133,-1.33041,-0.20097,1.98394,-4.18366,50.78924,60.31862,10.2017,0,enoS1(1_parsed).csv
36.0785374685315,-79.0085322004662,9,0.29,131.3,7.97,786403,7.97,7.96511,0.93021,-0.84646,1.0626,-1.95782,2.51585,74.87576,29.93277,22.06957,0,enoS1(1_parsed).csv
36.0785372447552,-79.0085310629371,8,0.29,131.1,9.45,786603,9.45,9.45105,-1.77069,-3.09691,0.5142,3.35823,-3.27683,73.79421,27.76966,27.31657,0,enoS1(1_parsed).csv
36.0785373006993,-79.0085302284382,8,0.45,131.1,5.78,787403,5.78,5.77807,-0.02154,-4.02712,0.24984,-2.07068,1.16614,54.48699,20.98802,47.26688,0,enoS1(1_parsed).csv
36.0785376456876,-79.0085294918415,8,0.45,131.3,8.78,787603,8.78,8.78226,-0.08375,-5.33779,0.00428,1.49189,-1.60398,65.40485,19.20491,39.87138,0,enoS1(1_parsed).csv
36.0785375011655,-79.008529041958,8,0.99,131.3,7.67,788403,7.67,7.66959,-2.51127,-6.48934,0.51343,-0.44502,0.26954,45.24993,24.48115,50.13154,0,enoS1(1_parsed).csv
36.0785373240093,-79.0085288088578,8,0.99,131.1,4.47,788603,4.47,4.46501,-1.15633,-5.15653,0.30192,-0.67363,-0.60537,52.47004,20.62263,47.77843,0,enoS1(1_parsed).csv
36.0785373030303,-79.0085295244755,8,0.68,131.1,6.99,789403,6.99,6.98764,-1.70848,-5.16491,-0.52061,-0.25168,-0.13836,52.01696,18.13797,48.80152,0,enoS1(1_parsed).csv
36.0785380489511,-79.0085306153846,8,0.68,130.5,9.95,789603,9.95,9.94637,-2.64347,-2.04706,-0.60323,-1.83641,-0.42791,61.29786,24.65653,42.29757,0,enoS1(1_parsed).csv
36.0785378857809,-79.0085323426573,8,0.44,130.5,5.51,790403,5.51,5.51247,-4.63669,-6.36371,-0.06628,-1.18783,0.45754,54.88161,36.27594,40.67524,0,enoS1(1_parsed).csv
36.0785368787879,-79.0085344125874,8,0.44,130.4,9.29,790603,9.29,9.29492,-4.81855,-6.54557,0.17242,1.54442,-0.75793,51.35925,39.66676,41.46449,0,enoS1(1_parsed).csv
36.0785354265734,-79.0085361212121,8,0.29,130.4,1.85,791403,1.85,1.85204,-3.45284,-10.09771,-0.49282,1.28602,2.14001,41.17217,42.72143,41.97603,0,enoS1(1_parsed).csv
36.0785342797203,-79.0085365687646,8,0.29,130.3,4.23,791603,4.23,4.2347,-2.58126,-9.04965,-0.80054,-0.98319,1.85489,46.60918,44.57761,38.2052,0,enoS1(1_parsed).csv
36.0785324685315,-79.0085384965035,8,1.77,130.3,8.45,792403,8.45,8.44786,-2.05484,0.68076,-2.79776,-0.87216,1.25288,74.99269,27.47734,-20.7834,0,enoS1(1_parsed).csv
36.0785302960373,-79.008540025641,8,1.77,130.7,10.02,792603,10.02,10.01994,0.58265,1.89691,-2.34068,0.64141,0.99037,73.04882,0.02923,-20.76878,0,enoS1(1_parsed).csv
36.0785282773893,-79.0085433333333,8,0.7,130.7,8.95,793403,8.95,8.95454,-0.80339,1.59422,-1.28694,0.65347,0.32666,80.13738,-3.42005,7.1178,0,enoS1(1_parsed).csv
36.0785268228438,-79.0085475291375,8,0.7,130.2,10.2,793603,10.2,10.19522,0.46899,0.14716,-1.10948,0.34453,0.33201,77.38965,-6.78164,15.9164,0,enoS1(1_parsed).csv
36.0785256689977,-79.0085521258741,8,0.92,130.2,9.97,794403,9.97,9.97149,-0.37089,-0.76092,-1.01908,0.05101,0.53344,75.76732,9.1786,29.36276,0,enoS1(1_parsed).csv
36.0785252494172,-79.0085567226107,9,0.92,129.6,9.79,794603,9.79,9.78784,0.48514,-0.25663,-1.00487,0.0394,0.32681,73.42882,11.75095,31.42356,0,enoS1(1_parsed).csv
36.078524004662,-79.0085605710956,9,0.61,129.6,9.73,795403,9.73,9.73101,-0.932,-0.41037,-0.90545,0.40164,0.26527,72.99035,30.31277,25.78193,0,enoS1(1_parsed).csv
36.0785224941725,-79.0085636480186,9,0.61,131.8,9.18,795603,9.18,9.17827,-0.78903,-0.17348,-0.74556,-0.66157,0.18738,74.6273,31.16048,21.36802,0,enoS1(1_parsed).csv
36.078522037296,-79.0085644475524,9,0.37,131.8,9.18,796403,9.18,9.18006,1.95314,0.22493,-0.55986,0.54703,0.7645,80.04969,25.63578,9.54399,0,enoS1(1_parsed).csv
36.0785224755245,-79.0085626386946,9,0.37,132.0,9.62,796603,9.62,9.62453,2.65244,-2.37727,-1.07298,1.15881,0.14936,78.89507,22.81497,17.08565,0,enoS1(1_parsed).csv
36.0785228181818,-79.0085602027972,9,0.1,132.0,9.78,797403,9.78,9.77528,-0.91167,0.76511,-1.62505,0.63118,0.43891,76.26425,26.14733,-17.15873,0,enoS1(1_parsed).csv
36.0785236666667,-79.008557004662,8,0.1,131.4,9.5,797603,9.5,9.5013,-0.1675,-1.2652,-1.41415,1.11681,0.47082,80.41508,14.49868,-8.50628,0,enoS1(1_parsed).csv
36.0785245734266,-79.008553983683,8,0.16,131.4,9.7,798403,9.7,9.69572,0.78365,-0.79741,-0.99037,0.47617,-0.08842,77.57965,-6.60626,-5.55393,0,enoS1(1_parsed).csv
36.0785255151515,-79.0085514475524,9,0.16,129.1,9.78,798603,9.78,9.77767,-0.50788,-0.48156,-0.91172,-0.4273,-0.49602,78.82198,-5.23239,-2.55773,0,enoS1(1_parsed).csv
36.078526044289,-79.0085482331002,9,0.14,129.1,9.78,799403,9.78,9.78126,-0.88834,0.09571,-0.75442,-0.00214,0.06445,78.50043,-6.76703,9.07629,0,enoS1(1_parsed).csv
36.0785258391608,-79.0085453146853,8,0.14,128.4,8.32,799603,8.32,8.32343,-0.22792,-2.17029,-0.67378,0.8885,1.07253,75.76732,-11.21017,14.92254,0,enoS1(1_parsed).csv
36.0785257738928,-79.00854197669,8,0.12,128.4,9.42,800403,9.42,9.41636,0.20997,-0.4337,-1.02014,0.04139,0.50793,75.65039,-2.8062,24.6273,0,enoS1(1_parsed).csv
36.0785254941725,-79.0085393752914,8,0.12,128.6,9.49,800603,9.49,9.48934,0.4002,-0.29492,-0.94455,-0.06124,-0.26954,74.87576,0.36539,27.38965,0,enoS1(1_parsed).csv
36.078526039627,-79.0085360652681,8,0.09,128.6,9.34,801403,9.34,9.34218,-0.11366,0.11605,-0.86178,-0.04719,-0.25717,76.46886,18.22567,25.88424,0,enoS1(1_parsed).csv
36.0785269347319,-79.0085333519813,8,0.09,128.0,9.45,801603,9.45,9.45225,-0.10828,1.02532,-0.84559,-0.34117,0.12782,77.97428,21.85034,20.63724,0,enoS1(1_parsed).csv
36.0785282517482,-79.0085313006993,8,0.24,128.0,9.68,802403,9.68,9.68495,-0.03888,1.22213,-0.66752,-0.57589,0.17257,76.86349,32.13972,11.47325,0,enoS1(1_parsed).csv
36.0785297902098,-79.0085306293706,8,0.24,127.1,9.38,802603,9.38,9.38405,0.68016,0.42891,-0.59926,0.84819,-0.20571,77.49197,31.6428,11.10786,0,enoS1(1_parsed).csv
36.078531009324,-79.0085297296037,8,0.02,127.1,9.77,803403,9.77,9.7693,0.37089,0.61854,-0.32361,0.81062,-0.52687,78.51505,32.47588,7.00088,0,enoS1(1_parsed).csv
36.0785320815851,-79.0085299347319,8,0.02,127.1,8.98,803603,8.98,8.97668,-0.39541,-0.38764,-0.35308,-0.32269,-0.21289,76.26425,36.58287,6.85472,0,enoS1(1_parsed).csv
36.0785324662005,-79.0085291188811,8,0.14,127.1,9.93,804403,9.93,9.93201,-0.50788,-0.8339,-0.84696,-0.88239,-0.26756,77.11195,34.69746,-4.47238,0,enoS1(1_parsed).csv
36.078531962704,-79.0085282703963,9,0.14,127.0,9.44,804603,9.44,9.44327,0.08195,0.57069,-0.89202,-0.22678,0.58567,76.73195,31.42356,-10.45016,0,enoS1(1_parsed).csv
36.0785317039627,-79.008527009324,9,0.09,127.0,9.64,805403,9.64,9.64188,0.06042,-0.5001,-0.75625,-0.16677,-0.42593,79.55276,17.45104,-11.88249,0,enoS1(1_parsed).csv
36.0785312470862,-79.0085254615385,9,0.09,127.0,9.33,805603,9.33,9.33261,-0.42891,0.05683,-0.89156,0.09713,0.67149,77.9012,13.50482,-14.14791,0,enoS1(1_parsed).csv
36.078530993007,-79.0085241911422,9,0.37,127.0,9.42,806403,9.42,9.41875,0.74955,0.94516,-0.86636,-0.0869,0.78542,75.12424,-5.40778,-13.44636,0,enoS1(1_parsed).csv
36.078530965035,-79.0085234825175,9,0.37,126.7,9.79,806603,9.79,9.78724,0.8674,-0.01974,-0.84406,0.89919,-0.88148,76.58579,-7.16165,-6.81087,0,enoS1(1_parsed).csv
36.0785308088578,-79.008523051282,9,0.17,126.7,10.1,807403,10.1,10.1013,1.74257,-1.532,-0.63698,1.72096,-1.15881,73.0342,-16.2964,10.96171,0,enoS1(1_parsed).csv
36.0785304265734,-79.008523013986,9,0.17,125.8,9.21,807603,9.21,9.21177,-0.25005,-2.63151,0.47388,-0.30329,-1.21898,77.55042,-6.69395,14.84946,0,enoS1(1_parsed).csv
36.0785302657343,-79.0085232517482,9,0.45,125.8,9.68,808403,9.68,9.67657,0.89312,-1.50389,0.43601,1.3184,-1.14934,79.6843,-3.9316,3.2739,0,enoS1(1_parsed).csv
36.0785304335664,-79.0085238111888,9,0.45,125.8,8.91,808603,8.91,8.90609,-1.49192,-1.82213,0.8291,-1.03465,-1.08367,81.70126,8.90091,0.96463,0,enoS1(1_parsed).csv
36.0785303403263,-79.0085242680653,9,0.58,125.8,9.81,809403,9.81,9.80698,-0.44806,1.72582,1.07344,-0.13118,-0.92225,74.01345,19.01491,-22.33265,0,enoS1(1_parsed).csv
36.0785305734266,-79.0085245291375,9,0.58,125.9,9.75,809603,9.75,9.75315,-1.11446,0.03829,0.9473,0.86254,0.85827,75.79655,25.44578,-17.26103,0,enoS1(1_parsed).csv
36.0785304009324,-79.008525044289,9,0.44,125.9,9.96,810403,9.96,9.95713,-1.08814,0.30628,1.34436,0.40134,0.96135,75.9427,36.0421,-1.06694,0,enoS1(1_parsed).csv
36.0785305501165,-79.0085252680653,9,0.44,125.5,10.02,810603,10.02,10.02413,-0.21655,1.38186,1.61375,-1.20127,-0.02993,78.45659,31.73049,4.57469,0,enoS1(1_parsed).csv
36.0785296503496,-79.0085265710956,9,0.63,125.5,6.58,811403,6.58,6.57847,-4.19761,-3.22134,1.73257,-0.36072,1.42377,62.97866,32.41742,37.0798,0,enoS1(1_parsed).csv
36.0785286153846,-79.0085281934732,9,0.63,125.3,9.87,811603,9.87,9.87099,0.72144,-3.01436,1.66048,-0.84696,1.79808,69.99415,4.23853,35.93978,0,enoS1(1_parsed).csv
36.078526025641,-79.0085302331002,9,1.43,125.3,8.76,812403,8.76,8.76192,0.39003,-1.06899,-0.14325,-0.60292,0.7225,72.75651,-4.677,29.65507,0,enoS1(1_parsed).csv
36.0785229114219,-79.0085324242424,9,1.43,125.3,9.71,812603,9.71,9.70529,1.11685,-0.1986,-0.19151,-0.7729,0.03024,74.94884,-7.65858,21.28033,0,enoS1(1_parsed).csv
36.0785191958042,-79.0085346293706,9,1.86,125.3,8.28,813403,8.28,8.28096,0.56052,0.72084,-0.24267,-1.73959,-1.72631,78.80737,6.91318,20.19877,0,enoS1(1_parsed).csv
36.0785153170163,-79.0085364382284,9,1.86,124.9,11.28,813603,11.28,11.27977,-4.5667,3.84407,-0.47999,1.53098,0.23595,81.10202,17.15873,14.46945,0,enoS1(1_parsed).csv
36.0785116689977,-79.0085379487179,9,1.97,124.9,8.88,814403,8.88,8.87857,-0.04247,0.52702,1.10383,-0.55039,-1.507,77.59427,-2.07542,20.05262,0,enoS1(1_parsed).csv
36.0785095058275,-79.0085384615384,9,1.97,124.9,10.66,814603,10.66,10.65524,-3.54078,0.0012,1.52854,-0.14661,-0.60079,81.48203,2.26542,10.75709,0,enoS1(1_parsed).csv
36.078507027972,-79.0085391118881,9,1.21,124.9,9.01,815403,9.01,9.01257,1.267,-0.08435,1.85001,1.56168,-2.58121,78.01812,-7.00088,-5.11546,0,enoS1(1_parsed).csv
36.0785045291375,-79.0085378811189,9,1.21,124.0,9.95,815603,9.95,9.95295,-1.89153,-2.6674,2.09771,-0.74953,-1.85672,81.17509,20.18416,-3.66852,0,enoS1(1_parsed).csv
36.0785026410256,-79.0085387832168,9,1.71,124.0,9.31,816403,9.31,9.31406,0.11246,-0.25125,2.11436,-0.58643,-1.33306,76.76118,33.76206,13.94329,0,enoS1(1_parsed).csv
36.0785026876457,-79.0085412820513,9,1.71,123.5,9.86,816603,9.86,9.85664,-1.71266,0.67418,1.77151,-0.12309,-0.10186,74.48115,36.40748,16.22333,0,enoS1(1_parsed).csv
36.0785024731935,-79.0085445337995,9,1.36,123.5,10.19,817403,10.19,10.18625,-0.04606,0.68076,1.33779,0.4415,-0.13699,78.19351,4.44315,23.18036,0,enoS1(1_parsed).csv
36.0785032750583,-79.0085478531468,9,1.36,123.9,8.66,817603,8.66,8.65783,-0.38824,0.1651,1.25945,-0.65973,0.59636,77.37504,-2.66004,20.91494,0,enoS1(1_parsed).csv
36.0785030862471,-79.0085510792541,9,1.06,123.9,9.86,818403,9.86,9.85963,-0.37388,0.15733,1.03511,0.22969,0.11652,77.72581,-7.48319,0.01462,0,enoS1(1_parsed).csv
36.0785032074592,-79.0085535874126,9,1.06,123.7,8.74,818603,8.74,8.74457,0.14596,0.63589,0.96929,-0.04016,0.48197,76.67349,-9.76323,-2.70389,0,enoS1(1_parsed).csv
36.0785023379953,-79.0085555710956,9,0.78,123.7,9.52,819403,9.52,9.52044,0.00957,1.22094,0.967,-0.06246,0.07865,75.86963,5.67086,-19.11722,0,enoS1(1_parsed).csv
36.0785012937063,-79.0085562517482,9,0.78,123.0,9.37,819603,9.37,9.3673,-0.0676,0.74895,0.91019,0.26695,0.21289,76.64426,8.94475,-17.58258,0,enoS1(1_parsed).csv
36.078498041958,-79.0085565780886,9,0.6,123.0,9.64,820403,9.64,9.64188,-0.48574,0.67597,0.87858,-0.08048,0.36713,76.76118,26.93657,-14.33791,0,enoS1(1_parsed).csv
36.07849402331,-79.0085555804196,9,0.6,123.5,9.46,820603,9.46,9.46421,0.35952,0.49711,0.94959,0.23121,0.02352,78.10582,27.81351,-11.5171,0,enoS1(1_parsed).csv
36.0784903636364,-79.008556965035,9,0.91,123.5,9.36,821403,9.36,9.35534,-0.05444,0.84646,0.82375,0.64446,-0.04276,77.88658,34.66822,1.92926,0,enoS1(1_parsed).csv
36.0784871748252,-79.0085584941725,9,0.91,124.6,9.85,821603,9.85,9.85005,0.02572,0.07896,0.76358,0.61331,-0.14676,77.02426,34.94592,8.78398,0,enoS1(1_parsed).csv
36.0784837179487,-79.0085604778555,9,1.22,124.6,10.33,822403,10.33,10.32563,-0.68734,1.56371,0.86193,-0.86392,0.24282,77.94505,29.74277,14.99562,0,enoS1(1_parsed).csv
36.078480958042,-79.0085624731935,9,1.22,125.5,9.45,822603,9.45,9.45165,-0.91107,0.57368,0.97387,1.13025,-0.07544,77.33119,24.715,21.54341,0,enoS1(1_parsed).csv
36.0784784405594,-79.0085651934732,9,1.06,125.5,9.39,823403,9.39,9.39183,-0.18245,1.21196,0.93264,0.72189,0.3146,78.51505,4.25314,22.17188,0,enoS1(1_parsed).csv
36.0784773030303,-79.0085675990676,9,1.06,126.1,9.32,823603,9.32,9.31586,0.24287,0.44088,1.09162,-0.22373,-0.45326,76.65887,0.55539,24.83192,0,enoS1(1_parsed).csv
36.0784759370629,-79.0085707342657,9,0.97,126.1,9.78,824403,9.78,9.78246,0.04666,0.37029,0.83597,1.07146,-0.69975,77.08273,-9.41245,8.56475,0,enoS1(1_parsed).csv
36.0784755920746,-79.0085735128205,9,0.97,125.9,9.39,824603,9.39,9.39123,-0.1675,0.20518,0.76847,-0.59116,0.24099,78.35428,-8.46244,7.71704,0,enoS1(1_parsed).csv
36.078474967366,-79.0085767668998,9,1.05,125.9,9.05,825403,9.05,9.04786,0.03888,-0.03111,0.76373,0.4722,-0.01298,79.0266,-3.58082,-5.83163,0,enoS1(1_parsed).csv
36.0784751818182,-79.0085793496503,9,1.05,125.6,9.29,825603,9.29,9.28595,-0.19382,1.17966,0.8239,-0.83246,0.10385,77.22888,-0.77463,-14.19176,0,enoS1(1_parsed).csv
36.0784742983683,-79.0085819044289,9,1.1,125.6,9.47,826403,9.47,9.46601,0.19801,1.03849,0.76297,0.81413,-0.44074,76.79041,12.94943,-19.13183,0,enoS1(1_parsed).csv
36.0784734125874,-79.0085832843823,9,1.1,125.6,9.24,826603,9.24,9.23689,-0.55274,0.08435,0.74067,-0.32391,0.2784,78.14967,16.73487,-17.11488,0,enoS1(1_parsed).csv
36.0784716013986,-79.0085853822844,9,1.06,125.6,9.55,827403,9.55,9.54676,-0.59521,0.24885,0.74235,-0.56474,0.09896,77.31657,29.80123,-11.69249,0,enoS1(1_parsed).csv
36.0784698391608,-79.0085868927739,9,1.06,125.5,9.47,827603,9.47,9.47139,-0.06999,0.68435,0.69287,-0.17089,0.57849,77.09734,29.58199,-13.44636,0,enoS1(1_parsed).csv
36.0784675081585,-79.0085887878788,9,1.36,125.5,9.73,828403,9.73,9.72862,0.02692,1.17966,0.5985,0.13821,0.26848,77.50658,34.69746,-1.41771,0,enoS1(1_parsed).csv
36.0784658298368,-79.0085901678322,9,1.36,125.4,9.17,828603,9.17,9.17169,0.17587,0.94816,0.63851,-0.15882,0.04902,78.88045,32.88512,2.0608,0,enoS1(1_parsed).csv
36.078462958042,-79.0085918857809,9,1.24,125.4,9.82,829403,9.82,9.81596,0.15972,0.95175,0.45739,0.94257,0.0368,78.67583,29.72815,13.44636,0,enoS1(1_parsed).csv
36.0784602167832,-79.0085933030303,9,1.24,125.7,9.0,829603,9.0,8.99582,-0.08794,0.03709,0.57101,-0.29276,-0.14951,76.95118,28.86583,19.21953,0,enoS1(1_parsed).csv
36.0784564895105,-79.0085945641026,9,1.27,125.7,9.48,830403,9.48,9.47558,0.54197,0.54796,0.50687,0.00672,-0.30146,78.26659,19.61415,22.44958,0,enoS1(1_parsed).csv
36.078453002331,-79.0085947878788,9,1.27,124.9,9.83,830603,9.83,9.82972,-0.42054,0.81117,0.47663,-0.1153,-0.30268,78.16428,21.70418,21.11956,0,enoS1(1_parsed).csv
36.0784488508158,-79.0085953449883,9,1.58,124.9,9.42,831403,9.42,9.41875,-0.3996,0.25125,0.42791,-0.31826,0.32361,77.68196,12.54019,24.52499,0,enoS1(1_parsed).csv
36.0784453822844,-79.0085945524475,9,1.58,125.0,9.56,831603,9.56,9.56112,0.25543,1.04447,0.42302,-0.11622,0.26099,78.69044,6.75241,21.33879,0,enoS1(1_parsed).csv
36.0784418578089,-79.0085956456876,9,1.54,125.0,9.39,832403,9.39,9.38884,-0.06102,1.15394,0.2981,0.73258,0.27733,75.89886,-1.4031,24.11576,0,enoS1(1_parsed).csv
36.0784397692308,-79.0085973799534,9,1.54,125.8,9.43,832603,9.43,9.42533,0.38704,0.28594,0.36866,-0.05864,-0.45158,75.27039,-2.49927,26.05963,0,enoS1(1_parsed).csv
36.0784373636364,-79.0086006340326,9,0.86,125.8,8.15,833403,8.15,8.15474,0.30748,-4.29332,-0.71487,0.06353,-0.08659,62.48173,3.02543,41.56679,0,enoS1(1_parsed).csv
36.0784363846154,-79.0086041771562,9,0.86,126.0,8.87,833603,8.87,8.87259,-0.22552,-3.84407,-0.73258,-1.83366,-0.04032,68.19643,7.33704,37.32827,0,enoS1(1_parsed).csv
36.078434041958,-79.0086087948718,9,2.6,126.0,10.11,834403,10.11,10.10908,0.2327,1.50389,-0.30085,2.04716,-0.37141,78.07658,9.734,24.29114,0,enoS1(1_parsed).csv
36.0784322610723,-79.0086132237762,9,2.6,126.6,8.91,834603,8.91,8.90549,-0.92602,-1.69591,-0.18647,-0.13164,0.15287,72.81496,12.11634,32.60743,0,enoS1(1_parsed).csv
36.0784292191142,-79.0086177086247,9,2.17,126.6,10.81,835403,10.81,10.80658,-0.95414,1.29811,-0.06048,-0.12309,-0.70204,79.28968,18.06489,20.65186,0,enoS1(1_parsed).csv
36.0784266736597,-79.0086212424242,9,2.17,127.2,9.52,835603,9.52,9.52403,-1.71147,0.35115,0.09056,1.96867,0.07193,73.01958,19.02952,32.57819,0,enoS1(1_parsed).csv
36.0784230606061,-79.0086246130536,9,2.52,127.2,9.1,836403,9.1,9.10469,0.73161,0.27278,0.04429,0.54886,-0.9279,77.91581,9.29553,24.64192,0,enoS1(1_parsed).csv
36.0784199184149,-79.008626020979,9,2.52,127.0,10.24,836603,10.24,10.24128,-2.3001,-0.27278,-0.05421,0.59941,-0.12675,75.48962,17.64104,27.82812,0,enoS1(1_parsed).csv
36.078415988345,-79.0086289650349,9,1.94,127.0,8.92,837403,8.92,8.91925,0.14596,0.05384,0.10461,0.03467,-1.03313,76.86349,8.93014,27.11196,0,enoS1(1_parsed).csv
36.0784126503496,-79.008630969697,9,1.94,126.7,10.49,837603,10.49,10.49133,-1.09352,1.01216,-0.07697,0.41875,0.19823,77.79889,12.65712,25.79655,0,enoS1(1_parsed).csv
36.0784086689977,-79.00863397669,9,1.6,126.7,9.28,838403,9.28,9.27757,-0.02871,-0.25424,-0.12446,0.13882,0.14493,74.78808,11.67787,30.10816,0,enoS1(1_parsed).csv
36.0784057132867,-79.0086362797203,9,1.6,127.0,9.85,838603,9.85,9.85245,-0.48754,0.55274,-0.0368,-0.81978,-0.24603,77.9012,11.29787,23.58959,0,enoS1(1_parsed).csv
36.0784021002331,-79.0086397738928,9,1.91,127.0,8.92,839403,8.92,8.92403,-1.03789,-0.24467,0.062,0.64278,0.62354,74.80269,12.70096,29.772,0,enoS1(1_parsed).csv
36.0783996200466,-79.0086427296037,9,1.91,127.7,8.99,839603,8.99,8.99103,0.66042,-0.81715,0.39156,-1.19516,-0.7222,75.51885,10.14323,28.47121,0,enoS1(1_parsed).csv
36.0783965664336,-79.0086468298368,9,1.84,127.7,9.31,840403,9.31,9.31287,-1.12044,0.79621,0.72968,1.32756,-0.02046,77.66735,4.89623,23.66267,0,enoS1(1_parsed).csv
36.0783947296037,-79.0086503449883,9,1.84,127.8,9.67,840603,9.67,9.67179,0.00957,-0.12682,0.77519,-1.32558,0.54275,77.00965,-1.28617,23.19497,0,enoS1(1_parsed).csv
36.0783917902098,-79.0086543216783,9,1.66,127.8,8.48,841403,8.48,8.47598,-0.14836,0.96491,0.49969,-0.06429,-0.15669,78.50043,-7.08857,12.35019,0,enoS1(1_parsed).csv
36.0783893473193,-79.0086572960373,9,1.66,127.9,10.41,841603,10.41,10.41117,-0.5653,1.07438,0.37293,0.11133,0.45632,77.82812,-9.29553,7.90704,0,enoS1(1_parsed).csv
36.078386025641,-79.0086609044289,9,2.07,127.9,9.18,842403,9.18,9.18246,-0.29312,0.47677,-0.08964,1.26907,0.55848,75.4604,-12.27711,9.52938,0,enoS1(1_parsed).csv
36.0783830792541,-79.0086636456876,9,2.07,128.0,10.37,842603,10.37,10.37049,1.23529,-0.59701,-0.11332,-0.76099,-0.0646,74.83192,-13.44636,9.19322,0,enoS1(1_parsed).csv
36.0783800536131,-79.0086668484848,9,1.57,128.0,10.17,843403,10.17,10.17129,-0.00419,0.38046,-0.21732,-1.87032,-0.59346,77.68196,-4.83777,13.94329,0,enoS1(1_parsed).csv
36.0783782167832,-79.008668983683,9,1.57,128.6,9.66,843603,9.66,9.65564,-1.7677,1.67677,-0.06292,0.78847,-0.00657,79.80122,-3.43467,8.47705,0,enoS1(1_parsed).csv
36.0783760769231,-79.0086714965035,9,1.04,128.6,10.33,844403,10.33,10.3346,-0.65145,0.41874,0.38362,-0.53115,-0.40042,77.7112,-6.7378,14.01637,0,enoS1(1_parsed).csv
36.0783750699301,-79.0086724475524,9,1.04,128.4,9.17,844603,9.17,9.17408,-0.67059,-0.11246,0.47632,0.22419,-0.05085,78.47121,-4.83777,10.47939,0,enoS1(1_parsed).csv
36.0783733030303,-79.0086744848485,9,0.85,128.4,9.9,845403,9.9,9.90329,-0.51984,1.30588,0.26206,-0.48717,-0.52611,78.06197,-6.15317,0.40924,0,enoS1(1_parsed).csv
36.0783722121212,-79.0086761631702,8,0.85,127.6,9.32,845603,9.32,9.31885,-1.24307,0.71366,0.4583,0.4328,0.01023,79.4943,-2.96697,1.65156,0,enoS1(1_parsed).csv
36.0783698811189,-79.0086789044289,8,1.2,127.6,9.05,846403,9.05,9.05384,-1.26401,1.06899,0.84025,0.50534,0.85124,78.16428,0.16077,-9.98246,0,enoS1(1_parsed).csv
36.0783677832168,-79.0086811421911,8,1.2,128.9,10.03,846603,10.03,10.03251,0.8339,-0.09212,0.93187,-0.12553,0.42455,76.65887,-4.99854,-9.63169,0,enoS1(1_parsed).csv
36.0783648041958,-79.0086845104895,8,1.38,128.9,9.39,847403,9.39,9.38944,0.98824,-0.08495,0.81948,-0.14264,-0.3627,78.0912,9.734,-13.72406,0,enoS1(1_parsed).csv
36.0783622121212,-79.0086877552447,9,1.38,129.8,9.43,847603,9.43,9.4343,-0.77049,0.82493,0.83078,-0.21808,-0.79565,75.89886,20.94417,-17.43642,0,enoS1(1_parsed).csv
36.0783591748252,-79.0086912843823,9,1.5,129.8,9.87,848403,9.87,9.8686,0.06221,0.6006,0.67806,-0.07193,0.05818,77.88658,28.92429,-11.5171,0,enoS1(1_parsed).csv
36.0783569090909,-79.0086938205128,9,1.5,130.0,9.37,848603,9.37,9.37448,0.29551,0.11725,0.6098,0.38958,-0.06536,77.18504,30.57585,-7.35165,0,enoS1(1_parsed).csv
36.0783538508158,-79.0086965268065,9,0.85,130.0,9.59,849403,9.59,9.59342,-0.49053,0.33021,0.52779,-0.67974,0.37996,76.24963,36.67057,2.39696,0,enoS1(1_parsed).csv
36.0783514079254,-79.0086978881119,9,0.85,130.7,9.94,849603,9.94,9.93919,0.4331,0.95892,0.52046,-0.09972,0.28665,77.97428,32.97282,0.16077,0,enoS1(1_parsed).csv
36.0783482051282,-79.0087006713287,9,1.28,130.7,9.47,850403,9.47,9.46541,0.02094,0.97388,0.49541,0.093,0.06506,77.24349,32.13972,11.13709,0,enoS1(1_parsed).csv
36.0783458554778,-79.008703011655,9,1.28,131.6,9.24,850603,9.24,9.24168,0.08913,0.00897,0.52382,-0.23075,0.06048,76.79041,30.31277,14.95177,0,enoS1(1_parsed).csv
36.0783427715618,-79.0087060955711,9,1.31,131.6,10.16,851403,10.16,10.16471,-0.34337,1.57508,0.3821,0.52275,-0.14279,78.60275,25.34347,17.33411,0,enoS1(1_parsed).csv
36.0783400862471,-79.0087092937063,9,1.31,132.2,8.57,851603,8.57,8.57169,-0.11725,0.20339,0.41722,0.20159,-0.04016,75.48962,24.96346,24.32037,0,enoS1(1_parsed).csv
36.0783371794872,-79.0087124941725,9,1.31,132.2,9.84,852403,9.84,9.8363,0.06341,0.6329,0.46701,-0.02077,-0.36973,77.56504,15.81409,22.90266,0,enoS1(1_parsed).csv
36.0783354265734,-79.0087144615384,9,1.31,132.5,9.54,852603,9.54,9.53779,-0.52044,0.74536,0.32834,0.65149,0.28191,76.46886,14.39638,25.8404,0,enoS1(1_parsed).csv
36.0783331468531,-79.0087161911422,9,1.25,132.5,10.02,853403,10.02,10.01695,0.35653,0.78963,0.31108,-0.32727,-0.36087,77.66735,7.29319,23.57498,0,enoS1(1_parsed).csv
36.0783318601399,-79.0087168438228,9,1.25,132.1,9.99,853603,9.99,9.99123,-0.82493,0.53121,0.19487,0.84971,0.08583,77.5358,7.76089,24.32037,0,enoS1(1_parsed).csv
36.0783296736597,-79.0087176503496,9,0.48,132.1,9.72,854403,9.72,9.71965,0.04487,1.06481,0.35445,-0.58429,0.7393,78.03274,0.40924,20.49109,0,enoS1(1_parsed).csv
36.07832802331,-79.0087173613054,9,0.48,130.5,9.6,854603,9.6,9.59522,0.27278,0.27517,0.3514,0.80481,-0.14019,76.39579,-4.41391,21.26571,0,enoS1(1_parsed).csv
36.0783256293706,-79.0087180792541,9,1.05,130.5,9.92,855403,9.92,9.91526,0.5348,0.73699,0.36392,-0.07727,-0.39218,77.55042,-7.43935,14.63023,0,enoS1(1_parsed).csv
36.0783236153846,-79.0087186853147,9,1.05,130.9,9.31,855603,9.31,9.31227,-0.73699,0.52881,0.301,0.50519,-0.03512,77.78428,-4.51622,16.88103,0,enoS1(1_parsed).csv
36.0783206783217,-79.0087205268065,9,0.89,130.9,9.88,856403,9.88,9.88056,-0.20459,0.33679,0.29978,0.37507,-0.27626,77.56504,-8.02397,9.33937,0,enoS1(1_parsed).csv
36.078317955711,-79.0087226993007,9,0.89,130.9,9.2,856603,9.2,9.19981,-0.3338,0.35115,0.29154,-0.13011,0.35965,77.36042,-7.74627,9.63169,0,enoS1(1_parsed).csv
36.0783153240093,-79.0087246876457,9,0.69,130.9,9.61,857403,9.61,9.60599,-0.12981,0.3344,0.27107,-0.36148,0.35736,76.77579,-9.4563,1.95849,0,enoS1(1_parsed).csv
36.0783136923077,-79.0087261794872,9,0.69,131.1,9.73,857603,9.73,9.7346,0.33081,0.9338,0.26786,0.40256,-0.2361,76.43964,-9.76323,-0.97925,0,enoS1(1_parsed).csv
36.0783117342657,-79.0087281934732,9,0.7,131.1,9.69,858403,9.69,9.68734,-0.23509,0.76391,0.25397,-0.66981,0.27351,77.28734,-7.81935,-5.91932,0,enoS1(1_parsed).csv
36.0783104195804,-79.0087296013986,9,0.7,130.9,9.41,858603,9.41,9.41396,0.44148,0.87218,0.19517,0.82268,-0.20739,76.84888,-7.70243,-5.67086,0,enoS1(1_parsed).csv
36.0783087529137,-79.0087313986014,9,0.66,130.9,9.76,859403,9.76,9.76092,-0.20937,0.10947,0.2277,0.17562,0.13531,76.90733,-4.63315,-9.10552,0,enoS1(1_parsed).csv
36.0783079230769,-79.0087327226107,9,0.66,130.5,8.99,859603,8.99,8.99043,0.36849,0.71545,0.21533,-0.073,-0.26848,76.81965,-4.56007,-8.37474,0,enoS1(1_parsed).csv
36.0783064638695,-79.0087347575758,9,0.97,130.5,9.04,860403,9.04,9.03769,0.19681,0.62512,0.20815,0.43219,-0.33414,77.81351,-0.89155,-11.25402,0,enoS1(1_parsed).csv
36.0783053729604,-79.0087364358974,9,0.97,130.7,9.84,860603,9.84,9.8363,-0.64905,0.69691,0.23075,-0.4441,0.06674,77.59427,3.75621,-14.35253,0,enoS1(1_parsed).csv
36.0783037738928,-79.0087385641026,9,0.86,130.7,9.63,861403,9.63,9.63231,-0.33141,0.44327,0.28375,0.21502,-0.30956,77.95966,6.13856,-15.03946,0,enoS1(1_parsed).csv
36.0783026643357,-79.0087401585082,9,0.86,130.7,9.82,861603,9.82,9.82254,-0.1346,0.13699,0.18311,0.21472,0.25198,78.3689,8.03858,-14.44022,0,enoS1(1_parsed).csv
36.078301002331,-79.0087422144522,9,0.99,130.7,9.38,862403,9.38,9.38106,-0.91406,-0.25663,0.19059,-0.42425,0.05223,78.63198,14.44022,-14.95177,0,enoS1(1_parsed).csv
36.0782996876457,-79.0087438088578,9,0.99,130.9,9.71,862603,9.71,9.71127,0.29551,1.08514,0.18219,-0.44563,0.33353,76.4981,11.86788,-19.61415,0,enoS1(1_parsed).csv
36.0782975128205,-79.0087457249417,9,0.9,130.9,9.73,863403,9.73,9.72742,0.18485,1.24786,0.15791,-0.58215,0.13057,76.05963,15.88717,-20.85647,0,enoS1(1_parsed).csv
36.0782956293706,-79.008747039627,9,0.9,130.7,9.3,863603,9.3,9.30389,-0.21655,0.26142,0.06017,1.38376,-0.04307,78.26659,15.4487,-15.81409,0,enoS1(1_parsed).csv
36.0782932773893,-79.0087489603729,9,1.04,130.7,9.78,864403,9.78,9.78485,0.30269,0.97807,-0.03803,0.88896,-0.0927,77.46273,16.53025,-18.40105,0,enoS1(1_parsed).csv
36.0782913659674,-79.0087508624708,9,1.04,131.1,9.27,864603,9.27,9.27159,-0.23689,-0.27996,0.04887,-0.24771,-0.17944,78.63198,18.2549,-13.72406,0,enoS1(1_parsed).csv
36.0782887808858,-79.0087526317016,9,1.15,131.1,9.4,865403,9.4,9.39781,-0.22672,0.57547,-0.14768,0.50457,0.15608,78.06197,17.26103,-15.84332,0,enoS1(1_parsed).csv
36.0782868508158,-79.0087535081585,9,1.15,131.4,9.73,865603,9.73,9.73161,0.00718,0.15673,-0.00061,-0.37507,-0.35904,78.0912,16.93949,-17.40719,0,enoS1(1_parsed).csv
36.0782842960373,-79.0087544382284,9,1.22,131.4,9.69,866403,9.69,9.68854,-0.66042,0.57248,-0.06277,-0.45677,-0.02627,78.04736,18.86875,-17.12949,0,enoS1(1_parsed).csv
36.0782823473193,-79.0087546620047,9,1.22,131.7,9.63,866603,9.63,9.62991,0.07657,0.52343,-0.17119,0.0365,0.46762,76.51272,16.1064,-19.24876,0,enoS1(1_parsed).csv
36.0782795594406,-79.0087553379953,9,1.12,131.7,9.36,867403,9.36,9.36491,0.12203,0.74477,-0.13378,0.18662,-0.16173,77.22888,15.46332,-18.19643,0,enoS1(1_parsed).csv
36.0782773310023,-79.0087555617716,9,1.12,132.3,9.2,867603,9.2,9.19801,-0.2991,0.76391,-0.16341,-0.14936,0.28802,76.42502,14.95177,-19.76031,0,enoS1(1_parsed).csv
36.0782744289044,-79.0087564918415,9,1.3,132.3,9.39,868403,9.39,9.38704,0.49531,0.73819,-0.17883,0.53451,-0.47327,77.50658,12.33558,-18.21105,0,enoS1(1_parsed).csv
36.0782721911422,-79.0087573682984,9,1.3,132.5,9.24,868603,9.24,9.23809,-0.59163,0.33739,-0.17287,-0.15302,-0.03558,77.72581,13.06635,-17.96258,0,enoS1(1_parsed).csv
36.0782691958042,-79.0087591375291,9,1.24,132.5,9.36,869403,9.36,9.35893,0.01795,0.40857,-0.1605,0.59315,-0.39599,78.29582,10.17246,-17.52412,0,enoS1(1_parsed).csv
36.0782668648019,-79.008761039627,9,1.24,133.1,9.42,869603,9.42,9.41875,-0.35234,0.37747,-0.1854,-0.64477,0.42867,78.31043,10.18708,-16.51564,0,enoS1(1_parsed).csv
36.078263988345,-79.0087629603729,9,1.32,133.1,9.09,870403,9.09,9.08555,-0.04965,0.35174,-0.23289,0.67455,0.1263,78.48582,6.94241,-16.2964,0,enoS1(1_parsed).csv
36.0782618438228,-79.0087642750583,9,1.32,133.3,9.8,870603,9.8,9.80339,0.07238,0.7328,-0.13088,-0.75442,0.03497,77.50658,4.73546,-16.20871,0,enoS1(1_parsed).csv
36.078259009324,-79.0087661911422,9,1.31,133.3,8.94,871403,8.94,8.94377,-0.12502,0.20997,-0.05177,-0.18219,-0.14645,79.39199,3.58082,-12.33558,0,enoS1(1_parsed).csv
36.078257051282,-79.0087678694639,9,1.31,133.6,10.06,871603,10.06,10.05763,-0.11785,1.26162,-0.08796,-0.41508,0.21136,76.55656,3.61006,-18.88337,0,enoS1(1_parsed).csv
36.0782543356643,-79.0087699044289,9,1.27,133.6,9.16,872403,9.16,9.16092,-0.23091,0.41815,-0.08827,-0.7645,0.30253,78.44198,3.12774,-15.60947,0,enoS1(1_parsed).csv
36.0782522843823,-79.0087713123543,9,1.27,133.9,10.19,872603,10.19,10.18744,0.38405,1.27837,-0.07941,0.67837,-0.23396,76.80502,0.45308,-17.21719,0,enoS1(1_parsed).csv
36.0782494755245,-79.0087733006993,9,1.29,133.9,9.15,873403,9.15,9.14716,-0.18245,0.57069,-0.07712,-0.16738,-0.21869,78.74891,2.55773,-14.14791,0,enoS1(1_parsed).csv
36.0782474149184,-79.008774969697,9,1.29,134.2,9.85,873603,9.85,9.85484,-0.17707,0.71366,-0.12584,0.40928,-0.04459,78.25198,2.66004,-15.46332,0,enoS1(1_parsed).csv
36.0782444918415,-79.0087769370629,9,1.39,134.2,9.97,874403,9.97,9.97209,-0.27039,0.66162,-0.13683,-0.06674,0.23381,78.39812,0.58462,-14.54253,0,enoS1(1_parsed).csv
36.0782420675991,-79.0087783263403,9,1.39,134.4,9.24,874603,9.24,9.24347,0.0676,0.2997,-0.12004,0.04749,0.00519,78.61736,-1.18386,-12.29173,0,enoS1(1_parsed).csv
36.0782389324009,-79.008779967366,9,1.42,134.4,9.63,875403,9.63,9.62932,0.12144,0.62632,-0.11072,-0.18631,0.03528,77.87196,-2.39696,-12.23327,0,enoS1(1_parsed).csv
36.0782365920746,-79.0087808997669,9,1.42,134.6,9.26,875603,9.26,9.26322,-0.06102,0.83988,-0.11637,0.25198,-0.09652,78.07658,-2.42619,-11.94095,0,enoS1(1_parsed).csv
36.0782336480187,-79.0087825664335,9,1.5,134.6,9.81,876403,9.81,9.81356,0.44925,0.89611,-0.08537,0.55543,-0.29215,76.90733,-4.69161,-12.11634,0,enoS1(1_parsed).csv
36.0782313170163,-79.008784030303,9,1.5,134.4,9.19,876603,9.19,9.18664,-0.46062,0.03111,-0.09606,-0.05681,-0.19059,79.53815,-1.15463,-7.96551,0,enoS1(1_parsed).csv
36.0782283892774,-79.0087857435897,9,1.35,134.4,9.44,877403,9.44,9.44148,-0.64068,0.40499,-0.13103,-0.06246,0.55329,79.1143,-2.35311,-9.50015,0,enoS1(1_parsed).csv
36.0782265151515,-79.0087869370629,9,1.35,134.5,9.48,877603,9.48,9.47857,0.57308,0.76451,-0.06811,-0.33842,0.28054,76.83426,-6.70856,-10.81555,0,enoS1(1_parsed).csv
36.0782238717949,-79.0087886759907,9,1.43,134.5,9.46,878403,9.46,9.45763,0.42353,0.74836,-0.08384,0.46151,-0.19395,76.98042,-7.08857,-10.71324,0,enoS1(1_parsed).csv
36.0782217365967,-79.008789962704,9,1.43,134.9,9.43,878603,9.43,9.43311,-0.05862,0.68255,-0.04047,-0.28634,-0.35262,79.40661,-3.63929,-9.42707,0,enoS1(1_parsed).csv
36.0782188764569,-79.0087916503497,9,0.96,134.9,9.58,879403,9.58,9.57847,-2.95274,-2.0351,4.41029,-0.54474,0.51282,77.5358,29.04122,-15.30254,0,enoS1(1_parsed).csv
36.078217002331,-79.0087927785548,9,0.96,134.5,9.62,879603,9.62,9.62034,0.73161,-0.07298,3.49644,-0.91966,1.7851,79.8597,27.91582,-9.33937,0,enoS1(1_parsed).csv
36.0782142913753,-79.0087945547785,9,1.31,134.5,9.23,880403,9.23,9.23211,0.58564,-0.35952,2.76126,-0.98945,0.08644,76.41041,0.67232,26.36656,0,enoS1(1_parsed).csv
36.0782122121212,-79.0087958041958,9,1.31,134.9,9.53,880603,9.53,9.53301,0.08255,1.58465,2.44896,0.05467,-0.32941,79.88892,-5.42239,11.75095,0,enoS1(1_parsed).csv
36.078208988345,-79.0087980885781,9,1.05,134.9,9.05,881403,9.05,9.04726,-0.4654,0.78903,1.97997,0.23976,0.41294,78.71967,7.45396,-18.22567,0,enoS1(1_parsed).csv
36.0782062564102,-79.0088001864802,9,1.05,135.1,9.82,881603,9.82,9.82074,0.36371,0.53659,1.8888,0.05727,0.42134,77.24349,12.37942,-20.53493,0,enoS1(1_parsed).csv
36.0782028764569,-79.008803,9,1.61,135.1,9.67,882403,9.67,9.67179,0.18604,1.02772,1.41461,-0.18143,0.56642,78.74891,34.639,-2.00234,0,enoS1(1_parsed).csv
36.0782004708625,-79.0088054055944,9,1.61,135.7,9.43,882603,9.43,9.42952,0.30688,0.38166,1.3549,0.71929,-0.10904,79.27506,31.77434,8.00935,0,enoS1(1_parsed).csv
36.0781967435897,-79.0088084475524,9,1.74,135.7,9.82,883403,9.82,9.82433,0.17587,0.55155,1.1973,-0.46701,-0.16799,77.93044,16.88103,24.04268,0,enoS1(1_parsed).csv
36.0781935081585,-79.0088109557109,9,1.74,136.1,9.4,883603,9.4,9.4002,-0.32243,0.29671,1.06947,0.59972,-0.06674,77.65273,13.40251,26.39579,0,enoS1(1_parsed).csv
36.0781897179487,-79.0088139510489,9,1.44,136.1,9.73,884403,9.73,9.72742,-0.20698,0.80219,0.89996,0.59956,0.1208,78.23736,-5.26162,16.35487,0,enoS1(1_parsed).csv
36.078187004662,-79.0088160955711,9,1.44,136.1,9.25,884603,9.25,9.24946,0.19023,0.2339,0.94318,-0.26542,0.03604,77.25811,-8.94475,16.34025,0,enoS1(1_parsed).csv
36.0781831421912,-79.0088188111888,9,1.8,136.1,9.55,885403,9.55,9.54676,0.32961,0.61675,0.79458,-0.03726,-0.19028,77.60889,-10.91786,-0.4677,0,enoS1(1_parsed).csv
36.0781801585082,-79.0088206759907,9,1.8,136.6,9.68,885603,9.68,9.68375,-0.34098,0.57966,0.78038,0.14325,-0.16845,78.99737,-7.45396,-3.94621,0,enoS1(1_parsed).csv
36.0781762284382,-79.0088233240093,9,1.78,136.6,9.31,886403,9.31,9.30868,-0.16152,0.49771,0.70845,0.0197,-0.11011,78.60275,2.58696,-14.71792,0,enoS1(1_parsed).csv
36.0781731515152,-79.0088253566433,9,1.78,136.9,9.61,886603,9.61,9.61017,0.05264,0.33799,0.63118,0.03192,0.23442,77.91581,4.89623,-17.21719,0,enoS1(1_parsed).csv
36.0781693146853,-79.008828030303,9,1.7,136.9,9.19,887403,9.19,9.19203,0.05743,0.3009,0.54474,-0.09453,-0.00641,79.15814,15.78486,-16.20871,0,enoS1(1_parsed).csv
36.0781666853147,-79.008829969697,9,1.7,137.2,9.8,887603,9.8,9.80339,-0.03051,0.51864,0.5649,0.15485,-0.14508,77.72581,18.51798,-18.57644,0,enoS1(1_parsed).csv
36.0781628484849,-79.0088326433566,9,1.71,137.2,9.54,888403,9.54,9.54258,0.00419,0.41575,0.49679,0.0365,-0.00199,78.50043,27.11196,-14.38176,0,enoS1(1_parsed).csv
36.0781598554778,-79.0088348438228,9,1.71,137.8,9.4,888603,9.4,9.39781,-0.04726,0.65623,0.53527,-0.23396,-0.00367,77.49197,29.18737,-13.53405,0,enoS1(1_parsed).csv
36.0781559044289,-79.0088374498834,9,1.85,137.8,9.35,889403,9.35,9.34936,0.04666,0.65025,0.48961,0.50656,-0.07468,77.91581,34.1713,-4.82315,0,enoS1(1_parsed).csv
36.078152986014,-79.0088394452215,9,1.85,137.8,9.69,889603,9.69,9.69033,0.31346,0.61974,0.52916,-0.36744,-0.02382,77.59427,33.38205,-2.64543,0,enoS1(1_parsed).csv
36.0781489207459,-79.0088417552448,9,1.78,137.8,9.63,890403,9.63,9.62872,0.02034,0.67358,0.60873,-0.69333,-0.47189,77.34581,35.04823,6.56241,0,enoS1(1_parsed).csv
36.0781457226107,-79.0088433496503,9,1.78,138.1,9.6,890603,9.6,9.6024,-0.60658,0.72981,0.5058,0.41432,0.28512,76.79041,35.70593,9.00321,0,enoS1(1_parsed).csv
36.0781414242424,-79.0088452237762,9,1.75,138.1,9.57,891403,9.57,9.57189,-0.02213,0.50429,0.55283,-0.43998,0.34193,77.93044,26.99503,18.70798,0,enoS1(1_parsed).csv
36.078138039627,-79.0088460815851,9,1.75,138.6,9.6,891603,9.6,9.6012,0.26321,0.57488,0.52565,0.53191,-0.12889,77.78428,23.15112,19.67261,0,enoS1(1_parsed).csv
36.0781338135198,-79.0088475314685,9,1.81,138.6,9.23,892403,9.23,9.23091,0.05743,0.27876,0.51023,0.34071,-0.15745,76.95118,15.30254,24.86115,0,enoS1(1_parsed).csv
36.0781305314685,-79.0088484825175,9,1.81,138.8,9.95,892603,9.95,9.94936,-0.24287,0.55753,0.49618,-0.27397,0.04047,77.31657,14.41099,24.53961,0,enoS1(1_parsed).csv
36.0781264149184,-79.0088503310023,9,1.78,138.8,9.07,893403,9.07,9.07418,0.15852,0.00479,0.46701,-0.05498,-0.03848,76.73195,3.6539,25.40193,0,enoS1(1_parsed).csv
36.0781233473193,-79.0088520932401,9,1.78,138.8,9.81,893603,9.81,9.80639,-0.20638,0.60239,0.44746,-0.00015,-0.03757,77.68196,1.7831,21.48495,0,enoS1(1_parsed).csv
36.0781196923077,-79.0088543869464,9,1.84,138.8,9.68,894403,9.68,9.68316,-0.15613,0.45464,0.43738,0.06017,-0.00443,77.52119,-4.76469,17.14411,0,enoS1(1_parsed).csv
36.0781171188811,-79.0088563356643,9,1.84,139.2,9.32,894603,9.32,9.32423,0.17647,0.54317,0.43387,-0.10263,0.03665,76.81965,-7.23473,16.3841,0,enoS1(1_parsed).csv
36.0781139207459,-79.0088585571095,9,1.61,139.2,9.81,895403,9.81,9.80938,-0.36311,0.85783,0.43555,-0.17333,-0.1127,78.22274,-9.13476,6.76703,0,enoS1(1_parsed).csv
36.0781118414918,-79.0088601515151,9,1.61,139.3,9.38,895603,9.38,9.38345,0.00778,0.52762,0.41508,0.29825,0.12416,78.12044,-9.47091,5.70009,0,enoS1(1_parsed).csv
36.0781091048951,-79.0088619020979,9,1.57,139.3,9.55,896403,9.55,9.55155,-0.21117,0.61017,0.44792,0.04673,0.07743,77.60889,-8.69629,-2.64543,0,enoS1(1_parsed).csv
36.0781072400932,-79.0088627785548,9,1.57,139.0,9.34,896603,9.34,9.33859,0.0664,0.69691,0.45097,0.02306,0.07285,77.91581,-8.53552,-5.15931,0,enoS1(1_parsed).csv
36.0781046130536,-79.0088645547786,9,1.45,139.0,9.52,897403,9.52,9.52284,0.05324,0.48933,0.41371,0.28466,-0.04459,77.56504,-4.42853,-11.57556,0,enoS1(1_parsed).csv
36.0781027668998,-79.0088660559441,9,1.45,138.8,9.5,897603,9.5,9.5001,0.00359,0.64965,0.4218,-0.07941,-0.13317,77.52119,-2.82081,-12.39404,0,enoS1(1_parsed).csv
36.0781002331002,-79.0088682773893,9,1.36,138.8,9.58,898403,9.58,9.57548,-0.21954,0.12981,0.27336,0.34346,-0.00122,78.41275,3.72698,-15.6387,0,enoS1(1_parsed).csv
36.0780983869464,-79.0088700675991,9,1.36,138.8,9.43,898603,9.43,9.4337,0.34995,0.62094,0.24908,-0.16081,-0.06109,78.04736,4.72084,-16.16487,0,enoS1(1_parsed).csv
36.0780957599068,-79.0088723986014,9,1.4,138.8,9.67,899403,9.67,9.66581,0.23749,0.26022,0.13073,0.30497,0.01436,77.66735,8.3309,-18.43028,0,enoS1(1_parsed).csv
36.0780938111888,-79.0088744685315,9,1.4,138.8,9.09,899603,9.09,9.08615,-0.2656,0.44566,0.16677,-0.35812,0.00596,78.63198,10.37708,-16.96872,0,enoS1(1_parsed).csv
36.0780910955711,-79.0088768251748,9,1.47,138.8,9.37,900403,9.37,9.37388,0.11785,0.81416,0.06872,0.02123,0.02138,77.25811,11.28325,-19.46799,0,enoS1(1_parsed).csv
36.0780891188811,-79.0088786060606,9,1.47,139.0,9.53,900603,9.53,9.52762,-0.02572,0.5994,0.05238,-0.04078,0.04734,77.98889,11.95557,-19.17568,0,enoS1(1_parsed).csv
36.0780860815851,-79.0088805944056,9,1.5,139.0,9.24,901403,9.24,9.24108,-0.16271,0.46241,-0.0394,0.17486,0.00275,78.85121,13.3002,-17.42181,0,enoS1(1_parsed).csv
36.0780836200466,-79.0088818904429,9,1.5,139.4,9.86,901603,9.86,9.85783,0.08913,0.55513,-0.06567,-0.05971,-0.00107,77.57965,12.96405,-19.1026,0,enoS1(1_parsed).csv
36.0780801934732,-79.0088835361305,9,1.38,139.4,9.48,902403,9.48,9.48395,-0.23928,0.41456,-0.11973,-0.56551,0.32437,78.47121,12.61327,-18.06489,0,enoS1(1_parsed).csv
36.0780774242424,-79.0088845337995,9,1.38,139.3,9.73,902603,9.73,9.73161,0.32363,0.71186,-0.19319,0.66111,-0.12004,77.12657,11.25402,-20.33031,0,enoS1(1_parsed).csv
36.0780736293706,-79.0088857599068,9,1.52,139.3,9.82,903403,9.82,9.81656,-0.15852,0.68913,-0.16784,-0.09957,-0.05162,77.33119,9.70477,-20.71032,0,enoS1(1_parsed).csv
36.0780703939394,-79.0088864685315,9,1.52,139.5,9.26,903603,9.26,9.26322,-0.11904,0.71665,-0.1828,0.23717,0.03665,78.89507,9.33937,-17.59719,0,enoS1(1_parsed).csv
36.0780664592075,-79.0088877715618,9,1.54,139.5,9.57,904403,9.57,9.56591,0.04427,0.74716,-0.20983,0.07254,-0.10782,77.78428,5.7147,-18.18182,0,enoS1(1_parsed).csv
36.0780634102564,-79.0088886573427,9,1.54,139.7,9.58,904603,9.58,9.57787,-0.05982,0.52642,-0.23137,-0.02657,0.07559,78.31043,4.26776,-18.10874,0,enoS1(1_parsed).csv
36.0780597762238,-79.008890048951,9,1.65,139.7,9.79,905403,9.79,9.79442,0.37149,0.50429,-0.1967,-0.62446,0.02107,77.60889,-0.11692,-16.00409,0,enoS1(1_parsed).csv
36.078057034965,-79.0088911398601,9,1.65,140.0,9.6,905603,9.6,9.6012,-0.07178,0.60718,-0.28512,0.58536,-0.32956,77.88658,-0.19,-15.7264,0,enoS1(1_parsed).csv
36.0780538578089,-79.0088928065268,9,1.67,140.0,9.93,906403,9.93,9.92902,-0.31466,0.37747,-0.24755,-0.36011,-0.06613,77.94505,-3.55159,-12.1748,0,enoS1(1_parsed).csv
36.078051965035,-79.0088941958042,9,1.67,139.9,9.19,906603,9.19,9.18904,0.07956,0.67717,-0.29627,0.12721,0.14951,77.41888,-5.23239,-11.83864,0,enoS1(1_parsed).csv
36.0780493682984,-79.0088961375291,9,1.53,139.9,9.79,907403,9.79,9.78904,0.22134,0.81894,-0.30161,0.30421,0.06964,77.02426,-8.43321,-9.25168,0,enoS1(1_parsed).csv
36.0780476806527,-79.0088976480186,9,1.53,139.8,9.17,907603,9.17,9.17408,-0.03769,0.49771,-0.26008,0.04856,-0.18418,78.52967,-8.22859,-5.58316,0,enoS1(1_parsed).csv
36.0780450792541,-79.0088999114219,9,1.43,139.8,9.58,908403,9.58,9.58445,0.02094,0.52463,-0.4021,0.35812,0.02596,77.5358,-10.74247,-2.0608,0,enoS1(1_parsed).csv
36.0780432144522,-79.008901981352,9,1.43,139.1,9.48,908603,9.48,9.47737,0.05384,0.45165,-0.42883,-0.51175,0.21518,77.65273,-11.16633,-0.40924,0,enoS1(1_parsed).csv
36.0780404522145,-79.0089044055944,9,1.48,139.1,9.34,909403,9.34,9.34337,-0.34098,0.24168,-0.27687,-0.15134,0.45158,77.9012,-9.50015,7.48319,0,enoS1(1_parsed).csv
36.0780382144522,-79.0089063822844,9,1.48,139.3,9.68,909603,9.68,9.68435,0.13041,0.3655,-0.18234,-0.07147,-0.18066,76.92195,-11.53172,6.63549,0,enoS1(1_parsed).csv
36.0780350792541,-79.0089086713287,9,1.24,139.3,9.42,910403,9.42,9.42473,0.13519,0.58146,-0.20204,-0.2222,-0.3963,76.99503,-10.18708,11.06402,0,enoS1(1_parsed).csv
36.0780324685315,-79.0089101818182,9,1.24,139.5,9.66,910603,9.66,9.65683,-0.34756,0.82732,-0.25107,0.10889,-0.02642,78.63198,-7.62935,10.27477,0,enoS1(1_parsed).csv
36.0780293846154,-79.0089120979021,9,0.96,139.5,9.49,911403,9.49,9.48934,-0.32243,0.52702,-0.23763,0.22739,0.24206,78.01812,-6.03625,15.75563,0,enoS1(1_parsed).csv
36.0780271282051,-79.0089134965035,9,0.96,139.9,9.64,911603,9.64,9.64188,0.29372,0.2339,-0.21105,0.0533,0.10171,76.08887,-8.09705,16.80795,0,enoS1(1_parsed).csv
36.0780241118881,-79.0089151841492,9,1.06,139.9,9.69,912403,9.69,9.68734,0.04068,0.39601,-0.19319,-0.01023,-0.00076,77.30196,-5.37854,18.83952,0,enoS1(1_parsed).csv
36.0780217808858,-79.0089162004662,9,1.06,140.1,9.36,912603,9.36,9.36371,-0.02333,0.4343,-0.16845,-0.18616,-0.15104,77.34581,-4.13622,19.26337,0,enoS1(1_parsed).csv
36.0780189254079,-79.0089177995338,9,1.1,140.1,9.5,913403,9.5,9.50369,0.01854,0.62512,-0.17349,-0.04429,0.10385,77.93044,-2.36773,19.54107,0,enoS1(1_parsed).csv
36.078016967366,-79.0089188997669,9,1.1,140.3,9.44,913603,9.44,9.43789,0.16331,0.70409,-0.16218,0.0058,-0.11011,77.63812,-2.98158,19.48261,0,enoS1(1_parsed).csv
36.0780142727273,-79.0089205664336,9,1.01,140.3,9.51,914403,9.51,9.50788,-0.07478,0.56112,-0.17593,0.25717,-0.14798,78.38351,0.57001,21.36802,0,enoS1(1_parsed).csv
36.0780123240093,-79.0089218624708,9,1.01,140.3,9.46,914603,9.46,9.46481,-0.07597,0.51984,-0.19716,-0.00519,0.02413,76.98042,1.84157,21.4411,0,enoS1(1_parsed).csv
36.0780096759907,-79.0089236177156,9,1.1,140.3,9.64,915403,9.64,9.64128,-0.15494,0.4678,-0.19105,0.13546,-0.02947,77.22888,4.34084,23.91114,0,enoS1(1_parsed).csv
36.0780076433566,-79.008925016317,9,1.1,140.5,9.49,915603,9.49,9.48934,-0.02871,0.44387,-0.17226,-0.08002,0.11041,77.12657,4.48699,23.76498,0,enoS1(1_parsed).csv
36.078004969697,-79.0089270769231,9,1.13,140.5,9.54,916403,9.54,9.54018,0.04367,0.52104,-0.12095,-0.11606,-0.03207,76.98042,6.53318,24.11576,0,enoS1(1_parsed).csv
36.0780029463869,-79.0089287552448,9,1.13,140.7,9.52,916603,9.52,9.52403,0.07717,0.58863,-0.146,0.08583,-0.0646,77.40427,7.17626,23.25344,0,enoS1(1_parsed).csv
36.0780002937063,-79.0089308578088,9,1.38,140.7,9.53,917403,9.53,9.53061,0.07597,0.5007,-0.11744,0.0646,-0.12737,77.34581,8.78398,23.99883,0,enoS1(1_parsed).csv
36.0779983636364,-79.0089323776224,9,1.38,141.0,9.53,917603,9.53,9.52762,-0.17049,0.52044,-0.11393,0.00886,0.01374,77.60889,9.70477,23.79421,0,enoS1(1_parsed).csv
36.0779958764569,-79.0089344755245,9,1.21,141.0,9.53,918403,9.53,9.52583,0.01376,0.57488,-0.09881,0.0649,0.09224,77.46273,10.61093,24.58345,0,enoS1(1_parsed).csv
36.077994039627,-79.0089360979021,9,1.21,141.1,9.49,918603,9.49,9.48874,0.04068,0.37268,-0.0536,-0.10873,-0.07712,77.36042,11.10786,23.94037,0,enoS1(1_parsed).csv
36.0779915734266,-79.0089383822844,9,1.25,141.1,9.37,919403,9.37,9.37328,-0.1328,0.47797,-0.04246,0.02841,-0.03589,76.98042,12.54019,24.48115,0,enoS1(1_parsed).csv
36.0779899137529,-79.0089401072261,9,1.25,141.0,9.62,919603,9.62,9.62154,0.15194,0.59282,-0.02749,0.02886,-0.01634,77.52119,11.95557,24.2473,0,enoS1(1_parsed).csv
36.0779873799534,-79.0089425990676,9,1.37,141.0,9.63,920403,9.63,9.62752,-0.11246,0.71366,0.00947,0.03665,0.01145,78.03274,12.43788,23.85267,0,enoS1(1_parsed).csv
36.0779852634033,-79.0089446969697,9,1.37,141.1,9.35,920603,9.35,9.35235,0.08913,0.41695,0.02016,-0.05834,0.00107,77.25811,11.48787,24.04268,0,enoS1(1_parsed).csv
36.0779824965035,-79.0089473030303,9,1.48,141.1,9.44,921403,9.44,9.44387,0.01974,0.54855,0.00901,0.28986,0.02841,77.85735,10.304,23.34113,0,enoS1(1_parsed).csv
36.0779801188811,-79.0089493170163,9,1.48,141.0,9.55,921603,9.55,9.54676,-0.1005,0.55633,0.02306,-0.13729,0.00229,77.34581,10.3917,24.11576,0,enoS1(1_parsed).csv
36.0779774405594,-79.0089518298368,9,1.57,141.0,9.55,922403,9.55,9.54796,-0.18126,0.43968,0.00626,0.05498,0.03406,77.12657,9.60246,24.61269,0,enoS1(1_parsed).csv
36.0779757062937,-79.0089537412587,9,1.57,141.1,9.48,922603,9.48,9.47558,0.07358,0.44207,0.00733,-0.0843,-0.03222,77.49197,9.10552,24.55422,0,enoS1(1_parsed).csv
36.0779734009324,-79.0089561655012,9,1.4,141.1,9.47,923403,9.47,9.47199,-0.08973,0.51565,0.02489,0.09423,-0.08583,78.19351,8.88629,23.06343,0,enoS1(1_parsed).csv
36.077972020979,-79.008958048951,9,1.4,141.1,9.58,923603,9.58,9.58445,-0.03948,0.80279,0.011,-0.25763,0.22419,78.03274,7.81935,23.61882,0,enoS1(1_parsed).csv
36.0779698857809,-79.0089601515151,9,1.15,141.1,9.62,924403,9.62,9.62094,0.22193,0.62453,0.02077,-0.37293,0.0339,78.80737,7.1178,23.51652,0,enoS1(1_parsed).csv
36.0779682261072,-79.0089613822844,9,1.15,140.6,9.42,924603,9.42,9.41935,-0.12443,0.51685,-0.00061,0.36789,-0.15562,77.37504,8.0532,24.91961,0,enoS1(1_parsed).csv
36.0779655734266,-79.0089631375291,9,1.25,140.6,9.75,925403,9.75,9.74896,-0.08614,0.6676,0.03176,-0.08277,-0.00993,78.19351,7.5855,22.58112,0,enoS1(1_parsed).csv
36.0779631958042,-79.0089643496503,9,1.25,140.5,9.41,925603,9.41,9.41097,-0.05683,0.3667,0.00611,0.35033,0.11026,77.18504,7.00088,25.51886,0,enoS1(1_parsed).csv
36.0779601911422,-79.008966037296,9,1.39,140.5,9.52,926403,9.52,9.52104,0.17348,0.27817,0.05299,0.19258,-0.1825,77.33119,4.7793,24.08652,0,enoS1(1_parsed).csv
36.0779577202797,-79.0089671561771,9,1.39,140.7,9.57,926603,9.57,9.56591,-0.18963,0.49232,0.02932,-0.19884,0.03558,78.01812,5.23239,23.44344,0,enoS1(1_parsed).csv
36.0779550932401,-79.0089689370629,9,1.15,140.7,9.54,927403,9.54,9.54317,-0.02393,0.61316,0.03161,-0.30253,0.08415,78.14967,4.3116,23.3119,0,enoS1(1_parsed).csv
36.0779533496503,-79.0089704195804,9,1.15,140.7,9.49,927603,9.49,9.49173,0.04367,0.67777,0.02657,0.12691,-0.01038,78.07658,3.59544,22.69804,0,enoS1(1_parsed).csv
36.0779512097902,-79.0089724335664,9,1.14,140.7,9.39,928403,9.39,9.39243,0.26082,0.62871,0.03726,0.12217,-0.09942,78.38351,1.75387,22.39111,0,enoS1(1_parsed).csv
36.077950025641,-79.008974018648,9,1.14,140.4,9.67,928603,9.67,9.67358,-0.31346,0.54796,0.02963,0.07468,-0.00168,77.9012,3.15697,22.81497,0,enoS1(1_parsed).csv
36.0779478811189,-79.008975981352,9,1.16,140.4,9.61,929403,9.61,9.61017,-0.0652,0.38883,0.04811,-0.10461,-0.10186,77.7112,1.52002,23.0342,0,enoS1(1_parsed).csv
36.0779461655012,-79.0089775664336,9,1.16,140.6,9.48,929603,9.48,9.47917,-0.17468,0.54915,0.02428,-0.0171,0.13989,78.03274,1.54925,22.58112,0,enoS1(1_parsed).csv
36.0779437412587,-79.0089795804196,9,1.24,140.6,9.57,930403,9.57,9.57488,0.12024,0.63829,0.01939,0.10858,0.02367,77.56504,-0.4677,21.13417,0,enoS1(1_parsed).csv
36.0779418298368,-79.0089810629371,9,1.24,140.7,9.48,930603,9.48,9.47737,0.04008,0.51924,0.0391,-0.12645,-0.09194,78.23736,-0.64309,21.9088,0,enoS1(1_parsed).csv
36.0779393170163,-79.0089828438228,9,1.32,140.7,9.3,931403,9.3,9.29552,-0.09511,0.36132,0.02993,0.05024,-0.07361,76.95118,-0.80386,22.31804,0,enoS1(1_parsed).csv
36.0779371351981,-79.00898404662,9,1.32,140.7,9.8,931603,9.8,9.80459,-0.08554,0.63051,0.02092,-0.18158,0.10431,77.79889,-2.10465,20.06723,0,enoS1(1_parsed).csv
36.0779345710956,-79.0089857132867,9,1.0,140.7,9.4,932403,9.4,9.39542,0.09691,0.37388,0.05131,-0.31811,-0.02627,77.7112,-2.54312,21.28033,0,enoS1(1_parsed).csv
36.0779327622378,-79.0089869067599,9,1.0,140.8,9.8,932603,9.8,9.8016,-0.14656,0.79681,0.00122,0.16203,0.08506,77.49197,-3.37621,19.04414,0,enoS1(1_parsed).csv
36.0779305710956,-79.0089884801865,9,1.22,140.8,9.47,933403,9.47,9.469,0.10648,0.66939,0.05055,-0.22388,0.07559,77.57965,-3.87314,20.40339,0,enoS1(1_parsed).csv
36.0779290512821,-79.0089897482518,9,1.22,140.8,9.58,933603,9.58,9.57787,0.01615,0.57308,0.05589,0.26618,-0.1408,78.13505,-3.82929,19.23414,0,enoS1(1_parsed).csv
36.077927041958,-79.0089913986014,9,0.9,140.8,9.47,934403,9.47,9.46541,-0.12383,0.47139,0.06216,0.17669,-0.06063,77.85735,-4.07775,18.19643,0,enoS1(1_parsed).csv
36.0779256340326,-79.0089924801865,9,0.9,140.6,9.63,934603,9.63,9.62872,-0.07657,0.39302,0.08491,-0.1266,0.06261,78.22274,-4.51622,18.15259,0,enoS1(1_parsed).csv
36.0779238321678,-79.0089938927739,9,1.12,140.6,9.53,935403,9.53,9.53301,0.18544,0.32423,0.0956,-0.05925,-0.00901,77.5358,-7.27857,16.98334,0,enoS1(1_parsed).csv
36.0779227039627,-79.0089948904429,8,1.12,140.6,9.55,935603,9.55,9.54557,-0.12562,0.71545,0.09026,-0.0307,-0.01008,77.69658,-7.35165,16.26717,0,enoS1(1_parsed).csv
36.0779208298368,-79.0089963496503,8,0.82,140.6,9.45,936403,9.45,9.45285,-0.10349,0.52164,0.08598,0.06582,-0.01115,77.9012,-7.93628,14.22099,0,enoS1(1_parsed).csv
36.0779192540792,-79.0089974405594,8,0.82,140.4,9.53,936603,9.53,9.5336,-0.0347,0.70528,0.11438,-0.15928,0.0701,78.10582,-7.73166,12.71558,0,enoS1(1_parsed).csv
36.0779173589744,-79.008999039627,8,1.14,140.4,9.26,937403,9.26,9.25903,0.03529,0.52164,0.11316,0.1321,-0.00657,78.70506,-9.39784,11.5171,0,enoS1(1_parsed).csv
36.0779161282051,-79.0090003170163,8,1.14,140.3,9.74,937603,9.74,9.73939,-0.04307,0.59402,0.13515,-0.04612,-0.07071,77.78428,-9.74861,10.05554,0,enoS1(1_parsed).csv
36.0779141655012,-79.0090021491841,8,1.22,140.3,9.52,938403,9.52,9.51865,-0.00718,0.37687,0.14462,-0.03848,-0.0898,78.10582,-10.14323,8.57936,0,enoS1(1_parsed).csv
36.0779124778555,-79.0090036223776,8,1.22,140.2,9.61,938603,9.61,9.60838,-0.1651,0.53779,0.1463,-0.01497,-0.01084,77.52119,-9.88015,6.7378,0,enoS1(1_parsed).csv
36.0779102820513,-79.0090053776224,8,1.23,140.2,9.64,939403,9.64,9.63709,-0.12443,0.54257,0.14645,-0.13653,0.02718,77.47735,-10.33324,4.15083,0,enoS1(1_parsed).csv
36.0779086689977,-79.0090065990676,9,1.23,140.0,9.51,939603,9.51,9.51386,-0.0317,0.5659,0.13179,0.09102,0.12721,78.16428,-10.24554,3.71236,0,enoS1(1_parsed).csv
36.0779064778555,-79.0090084941725,9,1.23,140.0,9.52,940403,9.52,9.51745,0.03111,0.58744,0.15119,0.0507,0.02749,77.52119,-10.53785,0.05846,0,enoS1(1_parsed).csv
36.0779047622378,-79.009009995338,9,1.23,139.9,9.46,940603,9.46,9.46002,-0.0329,0.48814,0.16738,0.06048,-0.09178,78.07658,-9.4563,-1.1254,0,enoS1(1_parsed).csv
36.0779023846154,-79.0090120979021,9,1.31,139.9,9.71,941403,9.71,9.70649,-0.04427,0.53001,0.17135,0.06597,-0.03711,77.94505,-8.78398,-4.53084,0,enoS1(1_parsed).csv
36.0779006503496,-79.0090138787879,9,1.31,139.9,9.42,941603,9.42,9.41636,-0.01256,0.53659,0.16539,0.05956,0.01558,78.32505,-8.0532,-4.38468,0,enoS1(1_parsed).csv
36.0778982564103,-79.0090161212121,9,1.33,139.9,9.54,942403,9.54,9.53899,0.08554,0.50489,0.19258,-0.06093,-0.06002,77.81351,-7.05934,-7.57089,0,enoS1(1_parsed).csv
36.0778964941725,-79.0090179020979,9,1.33,140.2,9.57,942603,9.57,9.57129,-0.1322,0.52403,0.18066,0.0139,-0.03253,78.29582,-5.58316,-7.87781,0,enoS1(1_parsed).csv
36.0778937062937,-79.009020004662,9,1.29,140.2,9.38,943403,9.38,9.38046,-0.08315,0.54736,0.1686,-0.10843,0.06277,77.82812,-3.15697,-11.60479,0,enoS1(1_parsed).csv
36.0778914592075,-79.0090215058275,9,1.29,140.3,9.71,943603,9.71,9.71247,0.13639,0.80518,0.16982,0.03421,-0.02779,77.34581,-2.57235,-13.69483,0,enoS1(1_parsed).csv
36.0778883543123,-79.0090234009324,9,1.38,140.3,9.63,944403,9.63,9.63171,0.01675,0.64487,0.17333,-0.01252,-0.03558,77.84274,-0.39462,-14.89331,0,enoS1(1_parsed).csv
36.0778857156177,-79.0090247062937,9,1.38,140.6,9.51,944603,9.51,9.50609,-0.10289,0.31525,0.15149,0.20097,-0.03589,78.22274,0.9354,-13.63636,0,enoS1(1_parsed).csv
36.0778821911422,-79.0090264405594,9,1.48,140.6,9.62,945403,9.62,9.62034,-0.10409,0.56172,0.14997,0.03176,-0.07315,78.14967,4.47238,-16.45718,0,enoS1(1_parsed).csv
36.077879020979,-79.0090277272727,9,1.48,140.8,9.52,945603,9.52,9.52104,0.05743,0.59282,0.13439,-0.02214,0.08323,78.16428,4.00468,-16.93949,0,enoS1(1_parsed).csv
36.0778756317016,-79.0090294195804,9,1.36,140.8,9.54,946403,9.54,9.54497,0.07238,0.52822,0.14126,-0.06536,0.00351,77.72581,7.1178,-17.39258,0,enoS1(1_parsed).csv
36.0778733006993,-79.0090306876457,9,1.36,141.0,9.51,946603,9.51,9.50609,-0.03529,0.45583,0.13515,0.09667,-0.08903,77.9012,8.62321,-17.67027,0,enoS1(1_parsed).csv
36.0778706060606,-79.0090322191142,9,1.23,141.0,9.67,947403,9.67,9.6694,-0.01196,0.73699,0.14386,-0.04811,-0.0307,77.63812,12.24788,-20.038,0,enoS1(1_parsed).csv
36.0778687785548,-79.0090331235431,9,1.23,141.2,9.47,947603,9.47,9.4666,-0.0652,0.466,0.14126,0.28314,-0.01848,78.5589,11.85326,-16.7641,0,enoS1(1_parsed).csv
36.0778667272727,-79.0090344895105,9,0.96,141.2,9.69,948403,9.69,9.69213,-0.07717,0.35234,0.16264,-0.12737,-0.02718,77.72581,15.27331,-17.59719,0,enoS1(1_parsed).csv
36.0778656736597,-79.0090354871795,9,0.96,141.1,9.47,948603,9.47,9.4696,-0.01974,0.57009,0.13897,0.05483,0.0449,77.36042,16.09179,-18.45951,0,enoS1(1_parsed).csv
36.077864032634,-79.009036993007,9,0.98,141.1,9.6,949403,9.6,9.59761,0.15374,0.72921,0.16173,-0.19792,-0.01145,77.68196,19.54107,-19.1026,0,enoS1(1_parsed).csv
36.0778631002331,-79.0090383449883,9,0.98,141.4,9.42,949603,9.42,9.42473,0.01795,0.6335,0.13179,0.12981,-0.03818,77.46273,19.80415,-18.47413,0,enoS1(1_parsed).csv
36.0778614335664,-79.009040041958,9,1.04,141.4,9.61,950403,9.61,9.61197,0.11366,0.63529,0.13867,0.07514,-0.20006,77.60889,22.12803,-17.59719,0,enoS1(1_parsed).csv
36.0778601375291,-79.0090413846154,9,1.04,141.6,9.6,950603,9.6,9.59761,-0.17049,0.466,0.09652,0.27901,-0.00855,78.17889,23.80883,-16.32564,0,enoS1(1_parsed).csv
36.0778583822844,-79.0090428951049,9,1.04,141.6,9.69,951403,9.69,9.68674,0.0341,0.47498,0.0843,0.11668,-0.05085,77.74043,25.81116,-16.20871,0,enoS1(1_parsed).csv
36.0778568997669,-79.0090442937063,9,1.04,142.1,9.39,951603,9.39,9.38824,-0.12144,0.57488,0.07804,-0.00962,0.05284,78.25198,25.27039,-15.02485,0,enoS1(1_parsed).csv
36.0778548601399,-79.0090453473193,9,1.04,142.1,9.55,952403,9.55,9.55334,0.04845,0.52642,0.03635,0.0846,-0.14951,78.25198,27.46273,-14.67407,0,enoS1(1_parsed).csv
36.0778532843823,-79.0090457016317,9,1.04,142.3,9.49,952603,9.49,9.48754,-0.19681,0.68195,0.01634,-0.13286,0.14676,77.60889,27.36042,-14.35253,0,enoS1(1_parsed).csv
36.0778513426573,-79.009046018648,9,0.9,142.3,9.51,953403,9.51,9.50908,0.05683,0.61854,0.01787,0.01619,0.15791,77.94505,28.17889,-13.18328,0,enoS1(1_parsed).csv
36.077850018648,-79.009046037296,9,0.9,142.6,9.52,953603,9.52,9.52463,0.14776,0.48814,0.01558,-0.07926,-0.07346,78.57352,27.19965,-11.78018,0,enoS1(1_parsed).csv
36.0778481282051,-79.0090459230769,9,0.69,142.6,9.38,954403,9.38,9.37687,0.13938,0.21535,-0.01695,-0.12462,-0.16707,78.06197,27.76966,-11.16633,0,enoS1(1_parsed).csv
36.0778465337995,-79.0090454475524,9,0.69,142.6,9.71,954603,9.71,9.71007,-0.25663,0.67178,-0.04246,-0.01313,-0.01848,77.43349,28.92429,-13.68021,0,enoS1(1_parsed).csv
36.0778444522144,-79.0090448461538,9,0.84,142.6,9.6,955403,9.6,9.60001,-0.15075,0.61854,-0.05085,-0.32254,0.02184,77.87196,28.6466,-13.95791,0,enoS1(1_parsed).csv
36.0778427832168,-79.0090439137529,9,0.84,142.7,9.49,955603,9.49,9.49472,0.10169,0.75135,-0.09423,0.26176,0.11148,77.46273,27.30196,-14.64484,0,enoS1(1_parsed).csv
36.0778406969697,-79.0090434988345,9,0.79,142.7,9.59,956403,9.59,9.58565,0.16211,0.69392,-0.06277,-0.0759,-0.03558,78.16428,26.35194,-14.86407,0,enoS1(1_parsed).csv
36.07783904662,-79.0090434801865,9,0.79,143.2,9.51,956603,9.51,9.50908,-0.07956,0.44686,-0.07651,0.26802,-0.15653,78.33967,27.11196,-14.13329,0,enoS1(1_parsed).csv
36.0778373799534,-79.0090434801865,9,0.91,143.2,9.66,957403,9.66,9.65504,-0.12981,0.35354,-0.08262,-0.04444,-0.04016,78.20812,26.61502,-14.64484,0,enoS1(1_parsed).csv
36.0778363822844,-79.0090435827506,9,0.91,143.2,9.44,957603,9.44,9.43969,-0.11007,0.6664,-0.08354,0.06735,0.14371,78.31043,25.76732,-15.20023,0,enoS1(1_parsed).csv
36.0778351771562,-79.00904397669,9,0.91,143.2,9.62,958403,9.62,9.62154,0.0682,0.73161,-0.08827,0.19258,0.10232,78.23736,24.72961,-16.28179,0,enoS1(1_parsed).csv
36.0778345710956,-79.0090443869464,9,0.91,143.0,9.41,958603,9.41,9.40978,0.06281,0.37208,-0.05421,0.00901,-0.17135,78.41275,24.77346,-14.30868,0,enoS1(1_parsed).csv
36.0778334289044,-79.0090449324009,9,0.82,143.0,9.52,959403,9.52,9.52224,-0.1328,0.6341,-0.06826,0.05834,-0.14905,77.68196,24.99269,-15.55101,0,enoS1(1_parsed).csv
36.0778328228438,-79.0090454731935,9,0.82,142.7,9.53,959603,9.53,9.52762,-0.11067,0.41336,-0.08308,-0.00473,0.06918,77.87196,25.15346,-16.06256,0,enoS1(1_parsed).csv
36.0778316177156,-79.0090462470862,9,1.0,142.7,9.58,960403,9.58,9.58385,-0.07537,0.6,-0.11713,0.03696,-0.05986,77.66735,24.40807,-17.11488,0,enoS1(1_parsed).csv
36.0778305361305,-79.0090468997669,9,1.0,142.5,9.51,960603,9.51,9.50908,0.01436,0.71964,-0.08323,-0.01909,0.10201,78.41275,23.09266,-17.07103,0,enoS1(1_parsed).csv
36.0778288904429,-79.00904804662,9,1.08,142.5,9.32,961403,9.32,9.32004,0.04546,0.48455,-0.10156,0.24038,0.03176,78.20812,22.74189,-17.74335,0,enoS1(1_parsed).csv
36.0778274265734,-79.0090491655012,9,1.08,142.2,9.7,961603,9.7,9.69871,0.05743,0.58744,-0.08384,0.00473,-0.06124,77.9012,22.12803,-16.7641,0,enoS1(1_parsed).csv
36.0778254801865,-79.0090504475524,9,1.21,142.2,9.45,962403,9.45,9.45165,-0.08794,0.37986,-0.09575,-0.05376,-0.0704,78.22274,21.67495,-17.0418,0,enoS1(1_parsed).csv
36.0778238205128,-79.0090514918415,9,1.21,142.2,9.67,962603,9.67,9.6682,-0.09751,0.63829,-0.11759,0.10415,0.07285,77.52119,21.04648,-17.6995,0,enoS1(1_parsed).csv
36.0778218065268,-79.0090526550116,9,1.01,142.2,9.5,963403,9.5,9.5013,-0.00598,0.43011,-0.09713,0.11698,0.10018,78.20812,19.54107,-17.29027,0,enoS1(1_parsed).csv
36.0778203146853,-79.0090535128205,9,1.01,142.1,9.51,963603,9.51,9.50549,0.10528,0.5665,-0.06536,-0.20601,-0.12309,78.0912,18.98568,-17.20257,0,enoS1(1_parsed).csv
36.0778185384615,-79.0090546340326,9,1.02,142.1,9.59,964403,9.59,9.58684,-0.01795,0.62453,-0.07911,-0.04368,-0.19502,77.68196,18.41567,-18.98568,0,enoS1(1_parsed).csv
36.0778173170163,-79.0090554731935,9,1.02,141.9,9.46,964603,9.46,9.45943,-0.26022,0.45763,-0.10201,0.16112,0.13179,78.20812,18.62029,-17.88951,0,enoS1(1_parsed).csv
36.0778154428904,-79.0090564335664,9,1.02,141.9,9.51,965403,9.51,9.51446,0.04187,0.38345,-0.04551,0.00092,0.15134,77.74043,17.02718,-17.94797,0,enoS1(1_parsed).csv
36.077814044289,-79.009056993007,9,1.02,141.7,9.55,965603,9.55,9.54916,0.15015,0.49771,-0.04246,-0.0533,-0.09071,77.95966,16.12102,-18.02105,0,enoS1(1_parsed).csv
36.0778121025641,-79.0090577668998,9,1.06,141.7,9.5,966403,9.5,9.50489,-0.01675,0.48455,-0.02398,0.00748,-0.12309,77.81351,16.69103,-18.50336,0,enoS1(1_parsed).csv
36.0778105174825,-79.0090583170163,9,1.06,141.7,9.51,966603,9.51,9.50848,-0.14656,0.43071,-0.031,0.04566,-0.03742,77.7112,16.96872,-17.67027,0,enoS1(1_parsed).csv
36.0778084825175,-79.00905906993,9,1.0,141.7,9.62,967403,9.62,9.62274,-0.02572,0.50608,-0.02413,-0.1463,0.05269,77.50658,16.77872,-18.28413,0,enoS1(1_parsed).csv
36.077806981352,-79.0090595268065,9,1.0,141.8,9.51,967603,9.51,9.50668,0.05324,0.49651,-0.02902,0.19685,-0.05009,77.40427,16.72026,-18.15259,0,enoS1(1_parsed).csv
36.077805018648,-79.0090603263403,9,0.96,141.8,9.61,968403,9.61,9.61197,-0.02273,0.54257,-0.00764,0.16585,-0.01741,77.6235,17.24642,-18.86875,0,enoS1(1_parsed).csv
36.0778036013986,-79.009060969697,9,0.96,141.7,9.39,968603,9.39,9.38764,0.07597,0.4337,-0.00428,-0.09377,0.01298,78.13505,17.45104,-17.39258,0,enoS1(1_parsed).csv
36.0778015454545,-79.0090618834499,9,1.1,141.7,9.4,969403,9.4,9.40439,0.05324,0.42293,0.02169,-0.17394,-0.14096,77.47735,17.58258,-18.13797,0,enoS1(1_parsed).csv
36.0777998578088,-79.0090627132867,9,1.1,141.6,9.62,969603,9.62,9.62333,-0.11665,0.75194,-0.02291,0.13851,0.02825,77.43349,18.32797,-21.04648,0,enoS1(1_parsed).csv
36.0777977552448,-79.0090636736597,9,1.1,141.6,9.54,970403,9.54,9.54078,-0.05803,0.52044,-0.0223,0.12095,0.1066,78.00351,17.58258,-19.05876,0,enoS1(1_parsed).csv
36.0777961608392,-79.0090644102564,9,1.1,141.6,9.53,970603,9.53,9.52583,0.13759,0.34636,-0.01466,0.01787,-0.03131,78.25198,17.2318,-17.62642,0,enoS1(1_parsed).csv
36.0777940792541,-79.0090653496504,9,1.07,141.6,9.56,971403,9.56,9.55514,0.05324,0.42652,-0.03054,-0.20846,-0.05299,78.16428,18.09412,-18.95645,0,enoS1(1_parsed).csv
36.0777927459207,-79.0090662447552,9,1.07,141.5,9.48,971603,9.48,9.47917,-0.07418,0.6329,-0.07651,0.01481,-0.08919,77.75504,18.4449,-19.11722,0,enoS1(1_parsed).csv
36.0777907878788,-79.0090669557109,9,0.98,141.5,9.57,972403,9.57,9.57488,-0.04786,0.76989,-0.04627,-0.03222,0.073,77.03888,17.96258,-19.54107,0,enoS1(1_parsed).csv
36.0777893426573,-79.0090671142191,9,0.98,141.5,9.48,972603,9.48,9.47558,0.067,0.52642,-0.04581,0.19807,0.02535,78.63198,17.34873,-17.58258,0,enoS1(1_parsed).csv
36.0777870839161,-79.0090674055944,9,1.0,141.5,9.61,973403,9.61,9.61137,0.11007,0.56172,-0.04383,0.2135,-0.011,77.76966,16.31102,-18.31336,0,enoS1(1_parsed).csv
36.0777853403263,-79.0090676293706,9,1.0,141.5,9.47,973603,9.47,9.4666,-0.06042,0.42473,-0.02505,-0.02169,-0.08262,78.29582,17.71412,-17.48027,0,enoS1(1_parsed).csv
36.0777826200466,-79.0090679044289,9,1.31,141.5,9.65,974403,9.65,9.64846,-0.12562,0.59581,-0.03543,-0.01573,-0.0223,77.76966,17.64104,-19.08799,0,enoS1(1_parsed).csv
36.0777802144522,-79.0090679324009,9,1.31,141.9,9.46,974603,9.46,9.45584,0.02572,0.55513,-0.03253,-0.0252,0.04551,77.31657,16.67641,-19.08799,0,enoS1(1_parsed).csv
36.0777770792541,-79.0090680675991,9,1.28,141.9,9.54,975403,9.54,9.54497,0.00239,0.58564,-0.00382,0.04566,0.03543,77.81351,16.54487,-18.54721,0,enoS1(1_parsed).csv
36.0777743846154,-79.0090680955711,9,1.28,141.8,9.56,975603,9.56,9.55634,0.06939,0.47916,0.01466,-0.02673,-0.08919,77.6235,16.88103,-18.85414,0,enoS1(1_parsed).csv
36.0777713216783,-79.0090683706294,9,1.32,141.8,9.56,976403,9.56,9.56471,-0.03051,0.65384,-0.00214,0.19655,-0.00993,77.36042,17.88951,-18.48874,0,enoS1(1_parsed).csv
36.0777690839161,-79.0090686783217,9,1.32,142.3,9.54,976603,9.54,9.5354,0.05862,0.47139,0.00473,-0.02871,0.00702,77.93044,18.34259,-18.47413,0,enoS1(1_parsed).csv
36.0777662494172,-79.0090689487179,9,1.25,142.3,9.61,977403,9.61,9.61017,0.1005,0.54018,0.00794,-0.12233,0.00199,78.04736,17.88951,-18.64952,0,enoS1(1_parsed).csv
36.0777643006993,-79.009069004662,9,1.25,142.4,9.47,977603,9.47,9.4666,-0.04965,0.66401,-0.00779,0.09285,-0.05177,77.43349,18.09412,-18.76644,0,enoS1(1_parsed).csv
36.0777617925408,-79.0090695547785,9,1.14,142.4,9.55,978403,9.55,9.54916,0.01436,0.62154,-0.00932,-0.011,0.03894,77.40427,18.97106,-18.06489,0,enoS1(1_parsed).csv
36.0777601235431,-79.0090703379953,9,1.14,142.4,9.5,978603,9.5,9.49891,0.02752,0.55872,-0.00367,0.11958,-0.07101,77.78428,19.11722,-17.80181,0,enoS1(1_parsed).csv
36.0777576363636,-79.009071048951,9,1.14,142.4,9.64,979403,9.64,9.64307,-0.03051,0.64786,0.00046,0.14569,-0.03879,77.7112,19.55569,-18.06489,0,enoS1(1_parsed).csv
36.0777557062937,-79.0090715710955,9,1.14,142.3,9.47,979603,9.47,9.47019,-0.00239,0.47198,0.01069,-0.00519,-0.011,77.82812,20.35954,-18.54721,0,enoS1(1_parsed).csv
36.077753053613,-79.0090721888112,9,1.37,142.3,9.51,980403,9.51,9.51446,0.01316,0.41934,0.01894,-0.08125,0.00412,78.69044,20.33031,-16.98334,0,enoS1(1_parsed).csv
36.077751030303,-79.0090726177156,9,1.37,142.3,9.52,980603,9.52,9.51506,-0.02213,0.60359,0.0255,-0.03665,-0.03299,77.50658,20.5934,-17.6995,0,enoS1(1_parsed).csv
36.0777483566433,-79.0090731421911,9,1.16,142.3,9.47,981403,9.47,9.47019,-0.07777,0.57368,0.02611,-0.09606,0.02062,77.38965,21.77726,-17.3195,0,enoS1(1_parsed).csv
36.0777463240093,-79.0090736456876,9,1.16,142.5,9.61,981603,9.61,9.60778,0.05025,0.59163,0.00825,0.16035,0.05895,77.85735,21.10494,-18.15259,0,enoS1(1_parsed).csv
36.0777436759907,-79.009074034965,9,1.15,142.5,9.57,982403,9.57,9.56591,0.08016,0.51446,0.02841,-0.09026,-0.05253,78.01812,22.23034,-15.53639,0,enoS1(1_parsed).csv
36.0777418111888,-79.0090742400932,9,1.15,142.6,9.63,982603,9.63,9.6335,-0.09153,0.55872,0.01924,0.13622,-0.06842,77.76966,22.97574,-16.80795,0,enoS1(1_parsed).csv
36.0777390955711,-79.0090744265734,9,1.25,142.6,9.52,983403,9.52,9.51685,-0.09272,0.43609,0.0255,0.07437,0.00046,78.03274,23.51652,-16.89565,0,enoS1(1_parsed).csv
36.0777369510489,-79.0090744265734,9,1.25,142.6,9.6,983603,9.6,9.59761,0.04247,0.55214,0.0139,-0.0336,0.09774,77.75504,23.39959,-15.98948,0,enoS1(1_parsed).csv
36.077733955711,-79.0090742400932,9,1.45,142.6,9.61,984403,9.61,9.60599,0.06999,0.61496,0.03344,-0.1492,0.04291,78.13505,24.48115,-16.51564,0,enoS1(1_parsed).csv
36.0777315314685,-79.0090739510489,9,1.45,142.6,9.47,984603,9.47,9.47139,0.0987,0.54616,0.02932,0.13134,-0.09972,78.42736,24.40807,-15.74101,0,enoS1(1_parsed).csv
36.0777284685315,-79.0090735827506,9,1.31,142.6,9.57,985403,9.57,9.57368,-0.01496,0.58505,0.03283,0.01939,-0.04643,77.49197,25.50424,-15.53639,0,enoS1(1_parsed).csv
36.0777261282051,-79.0090731818182,9,1.31,142.6,9.48,985603,9.48,9.47677,-0.00239,0.50728,0.03528,-0.00412,-0.01848,77.93044,26.41041,-15.22947,0,enoS1(1_parsed).csv
36.0777231118881,-79.0090728181818,9,1.25,142.6,9.48,986403,9.48,9.48276,-0.01675,0.5665,0.02856,0.00886,0.03314,77.75504,26.95119,-14.96638,0,enoS1(1_parsed).csv
36.077720948718,-79.0090727529138,9,1.25,142.6,9.55,986603,9.55,9.54916,0.07657,0.59462,0.02107,0.05605,-0.00535,78.22274,26.51271,-14.90792,0,enoS1(1_parsed).csv
36.077718051282,-79.0090723006993,9,1.23,142.6,9.57,987403,9.57,9.57129,0.11246,0.4343,0.03176,0.0055,-0.08125,77.94505,27.59427,-13.15405,0,enoS1(1_parsed).csv
36.0777158041958,-79.0090716853147,9,1.23,142.8,9.57,987603,9.57,9.56651,-0.06461,0.50728,0.03283,-0.06521,-0.05651,77.69658,27.75504,-12.77404,0,enoS1(1_parsed).csv
36.0777128088578,-79.0090708344988,9,1.35,142.8,9.5,988403,9.5,9.49652,-0.00359,0.64247,0.04169,0.00657,0.10385,77.88658,28.47121,-12.74481,0,enoS1(1_parsed).csv
36.0777105710956,-79.009069948718,9,1.35,142.9,9.52,988603,9.52,9.51985,0.13161,0.47976,0.05513,0.0171,-0.00351,78.77814,28.2812,-12.78866,0,enoS1(1_parsed).csv
36.0777076689977,-79.0090691445222,9,1.29,142.9,9.5,989403,9.5,9.49891,0.04905,0.57188,0.08522,0.03803,-0.05589,78.57352,30.16662,-12.52558,0,enoS1(1_parsed).csv
36.0777055244755,-79.0090685384615,9,1.29,143.1,9.57,989603,9.57,9.57069,0.00359,0.55214,0.08598,0.0449,-0.05238,78.01812,30.56124,-11.45864,0,enoS1(1_parsed).csv
36.0777027156177,-79.009068034965,9,1.2,143.1,9.59,990403,9.59,9.58625,-0.06042,0.62752,0.10369,-0.06888,-0.05803,78.29582,32.18357,-10.75709,0,enoS1(1_parsed).csv
36.0777004965035,-79.0090678111888,9,1.2,143.2,9.53,990603,9.53,9.53181,-0.02632,0.54676,0.09132,0.10614,0.08216,78.29582,32.18357,-9.25168,0,enoS1(1_parsed).csv
36.0776978228438,-79.0090677482518,9,1.28,143.2,9.46,991403,9.46,9.46182,0.09811,0.47139,0.10919,-0.06994,0.02734,78.90968,32.35896,-5.77317,0,enoS1(1_parsed).csv
36.077695986014,-79.0090680839161,9,1.28,142.9,9.54,991603,9.54,9.54497,0.06461,0.65982,0.11652,-0.01268,-0.10278,78.57352,33.25051,-7.8632,0,enoS1(1_parsed).csv
36.0776934941725,-79.009068062937,9,1.24,142.9,9.52,992403,9.52,9.52284,-0.0347,0.64845,0.11316,-0.08094,-0.00061,78.44198,34.18591,-4.51622,0,enoS1(1_parsed).csv
36.0776916759907,-79.0090678764569,9,1.24,142.9,9.52,992603,9.52,9.51566,0.04666,0.53839,0.10293,0.18372,-0.01604,78.35428,34.31745,-3.50775,0,enoS1(1_parsed).csv
36.0776894172494,-79.0090677365967,9,1.24,142.9,9.36,993403,9.36,9.35773,0.02692,0.4684,0.10247,0.15211,0.07895,78.13505,35.06285,-0.13154,0,enoS1(1_parsed).csv
36.077687962704,-79.0090675594406,9,1.24,142.5,9.5,993603,9.5,9.49592,0.134,0.55334,0.11881,-0.12675,-0.05192,78.33967,34.78515,-0.39462,0,enoS1(1_parsed).csv
36.0776857972028,-79.0090675337995,9,1.16,142.5,9.51,994403,9.51,9.50848,-0.06042,0.58265,0.09911,0.03604,-0.04795,78.16428,35.23823,2.77697,0,enoS1(1_parsed).csv
36.0776843333333,-79.0090676363636,9,1.16,142.5,9.57,994603,9.57,9.5695,0.07956,0.5988,0.08216,0.01726,0.10186,78.44198,35.10669,3.20082,0,enoS1(1_parsed).csv
36.0776818671329,-79.0090678438228,9,1.25,142.5,9.55,995403,9.55,9.55275,0.09751,0.56351,0.07514,0.07941,-0.06613,78.52967,34.37592,4.79392,0,enoS1(1_parsed).csv
36.0776796666667,-79.0090680489511,9,1.25,142.4,9.51,995603,9.51,9.51446,-0.00837,0.48275,0.06307,-0.06445,-0.01909,77.63812,34.14207,5.21777,0,enoS1(1_parsed).csv
36.0776768531469,-79.0090684172494,9,1.4,142.4,9.48,996403,9.48,9.47618,-0.0012,0.6012,0.05284,-0.06048,0.00565,78.01812,34.20052,6.54779,0,enoS1(1_parsed).csv
36.0776746340326,-79.0090688181818,9,1.4,141.9,9.65,996603,9.65,9.64726,0.08076,0.50429,0.05177,0.09743,-0.06063,78.63198,34.24437,6.82549,0,enoS1(1_parsed).csv
36.0776717529137,-79.0090691818182,9,1.43,141.9,9.56,997403,9.56,9.56172,0.05503,0.53958,0.05406,-0.02001,-0.05986,78.50043,33.8059,7.55627,0,enoS1(1_parsed).csv
36.0776694405594,-79.0090694149184,9,1.43,141.7,9.51,997603,9.51,9.50728,-0.01555,0.61914,0.04016,0.00168,0.01604,78.31043,33.96667,8.50628,0,enoS1(1_parsed).csv
36.0776666526806,-79.0090698251748,9,1.42,141.7,9.57,998403,9.57,9.5677,0.0323,0.46959,0.04597,0.02474,0.00626,78.32505,33.08974,10.15785,0,enoS1(1_parsed).csv
36.0776647039627,-79.009069983683,9,1.42,141.6,9.53,998603,9.53,9.53061,0.03709,0.53659,0.05941,0.09178,-0.02581,78.66121,33.60129,11.13709,0,enoS1(1_parsed).csv
36.0776621491841,-79.0090705757576,9,1.39,141.6,9.53,999403,9.53,9.52583,0.04606,0.49053,0.05605,0.07636,0.02535,78.20812,32.51973,11.75095,0,enoS1(1_parsed).csv
36.0776603030303,-79.0090712097902,9,1.39,141.4,9.52,999603,9.52,9.52164,0.07896,0.59342,0.07285,-0.11515,-0.0507,78.3689,32.57819,12.27711,0,enoS1(1_parsed).csv
36.0776576969697,-79.0090721235431,9,1.16,141.4,9.53,1000403,9.53,9.53301,0.0012,0.66281,0.06246,-0.02031,-0.04979,77.78428,31.80357,12.54019,0,enoS1(1_parsed).csv
36.0776557668998,-79.0090728787879,9,1.16,141.7,9.51,1000603,9.51,9.50968,-0.14955,0.54736,0.04444,0.0843,0.06826,78.16428,30.94124,12.96405,0,enoS1(1_parsed).csv
36.0776532331002,-79.0090740675991,9,1.15,141.7,9.57,1001403,9.57,9.57009,0.0664,0.5007,0.05238,-0.05971,0.07132,78.85121,29.962,15.46332,0,enoS1(1_parsed).csv
36.0776513869464,-79.0090751212121,9,1.15,142.0,9.48,1001603,9.48,9.47917,0.08375,0.63649,0.07529,0.02993,-0.12126,78.82198,33.55744,15.49255,0,enoS1(1_parsed).csv
36.0776487599068,-79.0090765850816,9,1.28,142.0,9.54,1002403,9.54,9.53959,-0.03529,0.55035,0.08063,0.05223,-0.02673,77.65273,29.11429,17.10026,0,enoS1(1_parsed).csv
36.0776466433566,-79.0090777599067,9,1.28,142.1,9.56,1002603,9.56,9.55634,0.02034,0.50429,0.08552,-0.00687,0.03375,78.76352,28.96814,17.37796,0,enoS1(1_parsed).csv
36.077643969697,-79.0090793333333,9,1.62,142.1,9.74,1003403,9.74,9.73939,0.00718,0.42652,0.11454,0.42959,-0.06597,77.49197,27.52119,19.33645,0,enoS1(1_parsed).csv
36.0776422820513,-79.009081039627,9,1.62,142.1,9.4,1003603,9.4,9.39781,-0.04666,-0.03948,0.14111,-0.04169,-0.07621,76.83426,27.22888,23.10728,0,enoS1(1_parsed).csv
36.0776395454545,-79.0090827878788,9,1.28,142.1,9.84,1004403,9.84,9.84108,-0.25603,0.88235,0.09759,0.05315,0.12691,78.83659,24.29114,19.76031,0,enoS1(1_parsed).csv
36.0776374568765,-79.0090838414918,9,1.28,142.5,9.23,1004603,9.23,9.23091,0.30389,0.31944,0.1605,0.1576,-0.25381,77.57965,23.28267,21.79187,0,enoS1(1_parsed).csv
36.0776342634033,-79.009084958042,9,1.31,142.5,8.68,1005403,8.68,8.68415,0.0993,0.37687,0.44288,1.09131,0.2222,77.63812,17.6995,25.44578,0,enoS1(1_parsed).csv
36.0776317552448,-79.0090856293706,9,1.31,142.5,10.07,1005603,10.07,10.07139,0.01795,0.27936,0.45235,-0.12981,0.19151,77.81351,13.12482,25.98655,0,enoS1(1_parsed).csv
36.0776278717949,-79.0090864242424,9,1.65,142.5,9.21,1006403,9.21,9.20818,0.28355,-0.33021,0.56719,-0.7025,-0.42241,76.42502,5.46624,27.75504,0,enoS1(1_parsed).csv
36.0776244125874,-79.0090868811189,9,1.65,142.8,10.19,1006603,10.19,10.19223,-0.87637,1.07617,0.47144,0.32849,-0.37324,78.99737,6.91318,20.60801,0,enoS1(1_parsed).csv
36.0776197878788,-79.0090874265734,9,1.78,142.8,8.64,1007403,8.64,8.6357,-0.55095,0.08913,0.49083,0.29856,-0.00733,78.03274,-0.57001,20.91494,0,enoS1(1_parsed).csv
36.0776157599068,-79.0090880885781,9,1.78,142.9,9.97,1007603,9.97,9.97269,0.17647,0.8997,0.43646,-0.64278,0.13561,79.09968,-3.44928,14.55715,0,enoS1(1_parsed).csv
36.0776111864802,-79.0090886317016,9,2.05,142.9,10.2,1008403,10.2,10.2012,-1.14796,1.1671,0.31826,0.50961,0.4806,80.44431,-4.99854,9.31014,0,enoS1(1_parsed).csv
36.0776078764569,-79.0090886223776,9,2.05,143.1,8.91,1008603,8.91,8.90728,0.28415,-0.47498,0.42929,0.38087,0.38026,76.04502,-12.02865,14.29407,0,enoS1(1_parsed).csv
36.0776036969697,-79.0090880839161,9,1.83,143.1,10.26,1009403,10.26,10.25743,-0.00837,1.38485,0.35445,-0.52718,-0.15745,76.92195,-11.40018,-0.02923,0,enoS1(1_parsed).csv
36.0776006853147,-79.0090871608392,9,1.83,143.3,8.94,1009603,8.94,8.93659,-0.03769,0.1992,0.38546,0.61804,-0.41188,78.96814,-8.91552,0.84771,0,enoS1(1_parsed).csv
36.0775968741259,-79.0090864662005,9,1.68,143.3,9.83,1010403,9.83,9.82732,-0.92842,1.09472,0.41188,0.21365,0.08827,79.07045,-3.75621,-9.28091,0,enoS1(1_parsed).csv
36.0775943379953,-79.0090854592074,9,1.68,143.5,9.35,1010603,9.35,9.35414,0.18365,-0.15434,0.32758,0.7028,0.509,78.85121,-6.67933,-5.97778,0,enoS1(1_parsed).csv
36.0775906620047,-79.0090851538461,9,1.69,143.5,10.16,1011403,10.16,10.15514,0.43729,-0.51147,0.45143,0.65408,0.15333,77.84274,-1.84157,-14.99562,0,enoS1(1_parsed).csv
36.0775878741259,-79.0090855268065,9,1.69,143.7,8.32,1011603,8.32,8.32164,0.52104,0.36012,0.57391,-0.53573,-0.78679,79.46507,2.42619,-12.29173,0,enoS1(1_parsed).csv
36.0775841258741,-79.0090863659673,9,1.58,143.7,9.79,1012403,9.79,9.78605,0.22851,0.70588,0.59697,0.52382,-0.80909,77.7112,11.48787,-19.78954,0,enoS1(1_parsed).csv
36.0775814219114,-79.0090878391608,9,1.58,143.7,9.22,1012603,9.22,9.22074,-0.53898,0.43131,0.54642,-0.11225,-0.3404,77.57965,20.72493,-18.79567,0,enoS1(1_parsed).csv
36.0775777249417,-79.0090885081585,9,1.39,143.7,10.0,1013403,10.0,10.0014,0.16331,0.99541,0.39523,-0.17257,0.21273,77.33119,24.74423,-18.41567,0,enoS1(1_parsed).csv
36.077575002331,-79.0090888904429,9,1.39,143.9,9.21,1013603,9.21,9.21476,-0.03709,-0.05384,0.30268,0.74083,0.04139,79.14352,26.05963,-10.75709,0,enoS1(1_parsed).csv
36.077571051282,-79.009088962704,9,1.55,143.9,9.03,1014403,9.03,9.02932,-0.23809,0.33141,0.12171,0.52183,-0.2839,78.54428,29.81584,-10.09939,0,enoS1(1_parsed).csv
36.0775679463869,-79.0090886643357,9,1.55,144.2,9.94,1014603,9.94,9.94397,0.09392,0.55214,0.12095,-0.5988,0.34407,77.6235,30.32739,-12.42327,0,enoS1(1_parsed).csv
36.0775637202797,-79.0090878298368,9,1.58,144.2,9.14,1015403,9.14,9.1358,-0.22851,-0.03709,0.07575,-0.43448,0.11515,79.04122,30.94124,-7.73166,0,enoS1(1_parsed).csv
36.0775603263403,-79.0090865897436,9,1.58,144.4,10.0,1015603,10.0,9.99542,0.14536,0.68554,0.02703,0.13867,0.19456,78.70506,30.47355,-9.95323,0,enoS1(1_parsed).csv
36.0775558205128,-79.0090856503496,9,2.0,144.4,9.33,1016403,9.33,9.335,0.05683,0.81775,0.09438,-0.05024,-0.14142,77.46273,33.17743,-7.70243,0,enoS1(1_parsed).csv
36.0775523240093,-79.0090851748252,9,2.0,144.9,9.53,1016603,9.53,9.52643,-0.20758,0.64487,0.05696,-0.09438,0.28848,77.95966,32.81204,-8.00935,0,enoS1(1_parsed).csv
36.0775479160839,-79.0090843589744,9,1.92,144.9,9.73,1017403,9.73,9.73221,0.64965,0.89372,0.02169,0.31933,-0.0084,78.61736,31.14586,-7.01549,0,enoS1(1_parsed).csv
36.0775447645688,-79.0090836876457,9,1.92,145.2,9.46,1017603,9.46,9.45703,-0.05324,0.24526,0.04352,0.00565,-0.23931,77.9012,33.63052,-5.3347,0,enoS1(1_parsed).csv
36.0775403822844,-79.0090825920746,9,1.98,145.2,9.15,1018403,9.15,9.15255,-0.37268,0.45643,0.00168,-0.52611,-0.41065,76.42502,36.90441,-3.88775,0,enoS1(1_parsed).csv
36.0775371282051,-79.0090813892774,9,1.98,145.6,9.7,1018603,9.7,9.69871,-0.04786,1.08933,-0.09713,-0.14019,0.59254,77.46273,34.0836,-7.74627,0,enoS1(1_parsed).csv
36.0775325384615,-79.0090800769231,9,1.85,145.6,9.68,1019403,9.68,9.68196,0.17527,0.90449,-0.14035,0.02947,0.44944,77.63812,33.83514,-7.81935,0,enoS1(1_parsed).csv
36.0775289114219,-79.0090790699301,9,1.85,145.9,9.21,1019603,9.21,9.21237,0.45823,0.21954,-0.1405,0.2445,-0.06735,78.76352,31.87664,-5.27624,0,enoS1(1_parsed).csv
36.077523995338,-79.0090781305361,9,1.86,145.9,9.81,1020403,9.81,9.81476,0.42951,0.73819,-0.23442,0.28222,-0.0956,78.9389,30.21046,-9.38322,0,enoS1(1_parsed).csv
36.077520004662,-79.0090776736597,9,1.86,146.0,9.08,1020603,9.08,9.07598,-0.13699,0.01316,-0.24755,0.18265,-0.3065,78.07658,32.27127,-7.1178,0,enoS1(1_parsed).csv
36.0775150885781,-79.0090772727273,9,1.76,146.0,10.01,1021403,10.01,10.00559,0.20339,0.35533,-0.26023,0.59101,-0.18647,77.9012,29.6843,-12.59865,0,enoS1(1_parsed).csv
36.0775113776224,-79.0090773659674,9,1.76,145.9,8.84,1021603,8.84,8.84028,-0.55992,-0.08375,-0.28253,-0.22877,0.28253,78.42736,29.3043,-10.69863,0,enoS1(1_parsed).csv
36.0775068088578,-79.0090769137529,9,1.57,145.9,9.44,1022403,9.44,9.44088,-0.07537,0.12443,-0.35873,0.10217,0.39172,79.55276,23.91114,-13.49021,0,enoS1(1_parsed).csv
36.0775037412587,-79.0090766433566,9,1.57,145.6,9.71,1022603,9.71,9.71187,0.45284,0.34576,-0.29642,-0.03283,-0.18418,78.63198,21.3534,-17.36334,0,enoS1(1_parsed).csv
36.0774994988345,-79.0090757039627,9,1.68,145.6,9.77,1023403,9.77,9.77169,0.09153,0.31585,-0.23961,-0.56505,-0.14401,79.34814,17.29027,-17.21719,0,enoS1(1_parsed).csv
36.0774966083916,-79.0090745104895,9,1.68,145.8,9.69,1023603,9.69,9.68615,-0.27039,0.35234,-0.25275,0.3598,0.00367,77.78428,16.95411,-19.36568,0,enoS1(1_parsed).csv
36.0774922051282,-79.0090732494172,9,1.62,145.8,9.94,1024403,9.94,9.94098,0.18604,0.38943,-0.19196,0.00214,0.00947,78.3689,13.69483,-18.78106,0,enoS1(1_parsed).csv
36.0774887552448,-79.0090722983683,9,1.62,145.8,9.03,1024603,9.03,9.02573,-0.05683,0.17468,-0.16448,0.04261,-0.17333,78.3689,14.7033,-18.07951,0,enoS1(1_parsed).csv
36.0774838181818,-79.0090710885781,9,1.82,145.8,9.86,1025403,9.86,9.85843,-0.05623,0.47557,-0.11347,0.41172,0.23427,77.84274,11.18094,-18.70798,0,enoS1(1_parsed).csv
36.0774796317016,-79.0090697086247,9,1.82,145.9,9.25,1025603,9.25,9.24766,0.13759,0.22313,-0.03344,-0.38698,0.03604,79.23122,9.28091,-16.67641,0,enoS1(1_parsed).csv
36.0774743682984,-79.0090685571096,9,1.85,145.9,9.43,1026403,9.43,9.42952,0.03051,0.61436,-0.05498,-0.41829,-0.25015,78.52967,10.2017,-18.31336,0,enoS1(1_parsed).csv
36.0774700979021,-79.0090679417249,9,1.85,143.6,9.67,1026603,9.67,9.6676,-0.0682,0.80578,-0.15134,0.2109,0.10843,77.25811,10.09939,-19.61415,0,enoS1(1_parsed).csv
36.0774651818182,-79.0090675780886,9,1.89,143.6,9.55,1027403,9.55,9.55035,0.27039,0.57188,-0.05589,-0.40256,-0.05116,77.93044,7.46858,-18.83952,0,enoS1(1_parsed).csv
36.0774616666667,-79.009067979021,9,1.89,143.4,9.61,1027603,9.61,9.60718,-0.05324,0.73041,-0.14187,0.35873,-0.09743,77.98889,8.06782,-19.86261,0,enoS1(1_parsed).csv
36.0774574662005,-79.009068034965,9,1.69,143.4,9.79,1028403,9.79,9.79382,-0.00239,0.42532,-0.17287,0.29856,0.12339,78.17889,5.81701,-17.96258,0,enoS1(1_parsed).csv
36.0774548927739,-79.0090679230769,9,1.69,141.8,9.03,1028603,9.03,9.02752,0.13938,0.44088,-0.15989,-0.23167,0.00565,78.82198,4.18006,-16.1064,0,enoS1(1_parsed).csv
36.0774512004662,-79.0090679020979,9,1.45,141.8,9.45,1029403,9.45,9.45045,0.21715,0.60359,-0.12553,0.14096,-0.0759,78.03274,2.13388,-17.10026,0,enoS1(1_parsed).csv
36.0774486550117,-79.0090679114219,9,1.45,141.2,9.68,1029603,9.68,9.68435,-0.01496,0.61555,-0.13195,-0.06261,-0.06857,78.20812,3.14236,-17.17334,0,enoS1(1_parsed).csv
36.0774448648019,-79.0090677156177,9,1.78,141.2,9.53,1030403,9.53,9.5348,-0.0329,0.57607,-0.09927,0.11683,-0.03955,78.38351,1.71003,-15.171,0,enoS1(1_parsed).csv
36.077441965035,-79.0090676410256,9,1.78,140.4,9.53,1030603,9.53,9.5336,0.04187,0.31944,-0.07178,0.14844,-0.05864,79.28968,1.52002,-13.3879,0,enoS1(1_parsed).csv
36.0774379417249,-79.0090678531469,9,1.82,140.4,9.39,1031403,9.39,9.39123,0.10887,0.19801,-0.04078,0.34529,-0.11851,78.90968,1.37387,-13.8556,0,enoS1(1_parsed).csv
36.0774346783217,-79.0090681235431,9,1.82,139.3,9.66,1031603,9.66,9.65863,-0.27099,0.60359,0.00626,-0.40821,0.0252,78.82198,2.61619,-15.21485,0,enoS1(1_parsed).csv
36.0774305617716,-79.0090684755245,9,1.88,139.3,9.12,1032403,9.12,9.11845,-0.15314,0.0335,0.04627,0.24786,0.14004,80.21046,3.06928,-12.29173,0,enoS1(1_parsed).csv
36.0774278111888,-79.0090686806527,9,1.88,138.3,9.75,1032603,9.75,9.75374,0.05623,0.62154,0.06414,-0.43203,0.26985,78.3689,1.98772,-15.78486,0,enoS1(1_parsed).csv
36.0774238694639,-79.0090686923077,9,1.7,138.3,9.66,1033403,9.66,9.65803,0.25723,0.56172,0.14645,-0.57391,0.01038,78.42736,3.39082,-16.82257,0,enoS1(1_parsed).csv
36.0774206526807,-79.009068981352,9,1.7,137.4,9.49,1033603,9.49,9.48874,0.07896,0.62393,0.09499,0.40546,-0.24816,78.2812,5.14469,-16.93949,0,enoS1(1_parsed).csv
36.0774162400932,-79.0090691002331,9,1.84,137.4,9.77,1034403,9.77,9.77229,-0.25065,0.801,0.15012,-0.00932,-0.07636,78.04736,8.21397,-19.1026,0,enoS1(1_parsed).csv
36.0774129207459,-79.0090693240093,9,1.84,136.7,9.23,1034603,9.23,9.23031,-0.05623,0.19023,0.12034,0.33934,0.20892,79.45045,8.50628,-15.85794,0,enoS1(1_parsed).csv
36.0774083729604,-79.0090691561771,9,1.94,136.7,9.74,1035403,9.74,9.73699,0.39242,0.6323,0.14126,0.12248,0.06735,78.42736,10.52324,-20.14031,0,enoS1(1_parsed).csv
36.0774047645688,-79.0090685314685,9,1.94,136.0,9.39,1035603,9.39,9.39063,-0.08255,0.335,0.15195,0.15638,-0.27642,80.18124,12.89097,-18.3572,0,enoS1(1_parsed).csv
36.077400009324,-79.0090674009324,9,1.98,136.0,9.63,1036403,9.63,9.62633,0.02572,0.44267,0.14035,0.12446,-0.13989,78.76352,16.45718,-18.62029,0,enoS1(1_parsed).csv
36.0773961305361,-79.0090663006993,9,1.98,135.1,9.55,1036603,9.55,9.55215,-0.13998,0.47139,0.13867,-0.02718,0.15394,79.05583,16.60333,-19.70184,0,enoS1(1_parsed).csv
36.0773916550117,-79.0090647808858,9,2.05,135.1,9.53,1037403,9.53,9.5348,-0.06042,0.31286,0.17104,-0.22449,0.09438,78.3689,20.72493,-18.03566,0,enoS1(1_parsed).csv
36.0773886899767,-79.0090627762238,9,2.05,134.9,9.49,1037603,9.49,9.48635,0.14776,0.71127,0.14371,0.18021,0.17944,78.83659,19.46799,-18.03566,0,enoS1(1_parsed).csv
36.0773843240093,-79.0090616759907,9,2.05,134.9,9.67,1038403,9.67,9.67299,0.07597,0.72503,0.15256,0.16722,0.11347,77.72581,23.13651,-17.88951,0,enoS1(1_parsed).csv
36.077381013986,-79.0090617505827,9,2.05,134.3,9.37,1038603,9.37,9.3691,0.27517,0.31107,0.17242,0.06277,-0.15699,78.38351,23.67729,-15.33177,0,enoS1(1_parsed).csv
36.0773768391608,-79.0090615827506,9,2.13,134.3,9.5,1039403,9.5,9.49652,-0.08734,0.22672,0.17303,0.36499,-0.2222,79.62584,26.4981,-9.76323,0,enoS1(1_parsed).csv
36.077374051282,-79.0090621981352,9,2.13,133.8,10.49,1039603,10.49,10.48954,0.00837,-0.58684,0.19685,-0.60201,-0.00199,79.52354,27.56504,-10.71324,0,enoS1(1_parsed).csv
36.0773697622378,-79.0090615897436,9,2.52,133.8,8.44,1040403,8.44,8.43829,0.60479,-0.932,-0.2949,-0.44486,-1.0235,80.82432,26.00117,-6.86934,0,enoS1(1_parsed).csv
36.0773661631702,-79.0090605547785,9,2.52,134.1,8.96,1040603,8.96,8.96292,-0.67178,1.76291,-0.40027,-0.76282,0.68264,76.54195,29.15814,-16.64718,0,enoS1(1_parsed).csv
36.0773613566434,-79.0090591375291,9,2.32,134.1,11.71,1041403,11.71,11.70689,0.54796,-1.35613,-0.39095,0.22678,0.64034,79.46507,17.30488,-16.09179,0,enoS1(1_parsed).csv
36.0773573193473,-79.0090579533799,9,2.32,133.6,7.74,1041603,7.74,7.74078,1.82273,-0.20818,-0.68875,-0.1518,-0.61209,79.71353,15.85794,-15.11254,0,enoS1(1_parsed).csv
36.0773527202797,-79.0090557016317,9,2.32,133.6,9.26,1042403,9.26,9.25663,0.26082,1.62473,-0.90683,-1.56198,0.87613,77.9012,2.42619,-18.40105,0,enoS1(1_parsed).csv
36.0773496806527,-79.0090532121212,9,2.32,133.9,11.34,1042603,11.34,11.33899,0.91226,-0.32483,-0.89721,1.372,-0.18906,76.58579,-4.76469,-15.30254,0,enoS1(1_parsed).csv
36.0773456666667,-79.0090508811189,9,2.16,133.9,8.82,1043403,8.82,8.81875,0.58624,0.00957,-0.61804,0.2251,0.61758,76.13271,-12.99328,-3.97545,0,enoS1(1_parsed).csv
36.0773430745921,-79.0090490909091,9,2.16,132.7,8.38,1043603,8.38,8.38146,1.13061,0.50728,-0.27611,-0.71456,-1.69561,77.94505,-9.54399,-1.27156,0,enoS1(1_parsed).csv
36.0773392051282,-79.0090470815851,9,1.88,132.7,10.59,1044403,10.59,10.58884,-0.27577,0.86381,-0.12782,0.96944,-0.45891,77.03888,-11.18094,-2.9962,0,enoS1(1_parsed).csv
36.0773364172494,-79.0090463636364,9,1.88,132.5,8.89,1044603,8.89,8.89053,-0.1651,0.01017,-0.031,-0.36362,0.00428,79.3043,-8.74013,3.58082,0,enoS1(1_parsed).csv
36.0773318228438,-79.0090443846154,9,2.31,132.5,8.44,1045403,8.44,8.43829,-0.2333,0.39482,0.27749,1.11773,-0.3963,80.69278,-3.80006,1.53464,0,enoS1(1_parsed).csv
36.0773280932401,-79.0090425571096,9,2.31,132.3,8.76,1045603,8.76,8.76192,0.02812,-0.15912,0.49526,-1.82893,-0.34361,81.62818,-0.97925,-1.62233,0,enoS1(1_parsed).csv
36.0773227878788,-79.009040002331,9,2.64,132.3,13.1,1046403,13.1,13.10369,-2.29711,-0.29013,0.67378,0.38408,-1.7599,80.86816,11.66326,-10.74247,0,enoS1(1_parsed).csv
36.0773186107226,-79.0090379510489,9,2.64,132.7,8.67,1046603,8.67,8.6692,-3.21177,-4.35554,0.72311,-0.39309,1.04091,81.21894,18.57644,-9.61707,0,enoS1(1_parsed).csv
36.0773128834499,-79.0090347692308,9,2.24,132.7,6.75,1047403,6.75,6.74776,-3.72084,-5.31446,0.72769,-1.4085,-0.80222,75.285,40.93832,2.68927,0,enoS1(1_parsed).csv
36.0773081002331,-79.0090307039627,8,2.24,132.9,6.9,1047603,6.9,6.9009,-3.13041,-0.81177,0.89461,-2.13757,1.78128,76.90733,35.79362,-8.88629,0,enoS1(1_parsed).csv
36.0773016993007,-79.0090274009324,8,2.58,132.9,8.92,1048403,8.92,8.91566,-2.11526,0.38465,0.63072,-0.90194,1.51128,76.16194,39.65215,1.6808,0,enoS1(1_parsed).csv
36.0772962820513,-79.0090256666667,9,2.58,132.8,9.91,1048603,9.91,9.90629,2.01416,1.27717,0.77534,0.68402,0.62201,78.73429,23.28267,7.05934,0,enoS1(1_parsed).csv
36.0772896643357,-79.0090248135198,9,2.81,132.8,8.2,1049403,8.2,8.2026,1.45005,0.49591,0.38103,-0.32132,0.52336,82.62204,17.59719,13.68021,0,enoS1(1_parsed).csv
36.0772847132867,-79.0090255874126,9,2.81,133.3,10.11,1049603,10.11,10.10968,-0.06879,2.62253,0.43265,0.51404,-0.89018,82.87051,22.52265,8.75475,0,enoS1(1_parsed).csv
36.0772788205128,-79.0090258391608,9,1.44,133.3,12.38,1050403,12.38,12.37867,1.24487,-4.81914,0.74083,-1.56794,1.5125,64.57176,17.91874,40.92371,0,enoS1(1_parsed).csv
36.0772747086247,-79.0090267622378,9,1.44,134.9,6.45,1050603,6.45,6.44567,1.14497,-1.44766,0.21243,-1.96134,-0.49633,73.54575,10.62555,32.89974,0,enoS1(1_parsed).csv
36.0772695571095,-79.0090269160839,9,1.55,134.9,11.08,1051403,11.08,11.07997,-1.63549,-5.79661,0.0223,-1.8242,0.89568,62.62789,21.82111,41.96141,0,enoS1(1_parsed).csv
36.0772659580419,-79.0090274475524,9,1.55,135.3,9.51,1051603,9.51,9.50968,0.97926,-0.41575,-0.01023,-1.44485,0.33598,73.66267,17.46565,31.05817,0,enoS1(1_parsed).csv
36.077260974359,-79.0090259020979,9,2.32,135.3,8.03,1052403,8.03,8.03031,-0.91047,-2.80319,-0.19716,0.06796,0.37232,68.19643,22.93189,36.75826,0,enoS1(1_parsed).csv
36.0772577668998,-79.0090226946387,9,2.32,135.8,9.42,1052603,9.42,9.41576,0.37866,-0.30927,-0.08491,-2.34053,-0.40287,76.10348,22.39111,26.54194,0,enoS1(1_parsed).csv
36.0772529277389,-79.0090204638694,9,1.78,135.8,10.82,1053403,10.82,10.82214,-0.26261,-0.09272,-0.29062,-0.821,-0.21044,77.24349,26.39579,21.70418,0,enoS1(1_parsed).csv
36.0772489090909,-79.0090196806527,9,1.78,136.1,8.91,1053603,8.91,8.90668,0.39661,0.99123,-0.43051,0.66783,0.41065,77.31657,25.97194,21.19263,0,enoS1(1_parsed).csv
36.0772439300699,-79.0090179347319,9,2.01,136.1,10.66,1054403,10.66,10.66481,0.02273,-0.62333,-0.61728,-1.02641,0.09178,77.30196,31.68664,14.791,0,enoS1(1_parsed).csv
36.0772404428904,-79.0090168904429,9,2.01,136.0,9.45,1054603,9.45,9.44567,-0.18724,-0.21356,-0.65912,1.12277,-0.65469,75.95732,35.8667,13.89944,0,enoS1(1_parsed).csv
36.0772354638695,-79.0090143240093,9,2.55,136.0,10.67,1055403,10.67,10.6684,0.98764,1.05942,-0.3572,0.1909,-0.88087,79.15814,32.43204,-3.47852,0,enoS1(1_parsed).csv
36.0772327039627,-79.0090126736597,9,2.55,135.9,8.77,1055603,8.77,8.7667,-0.98405,-0.32423,-0.44043,0.43097,-0.46731,75.54808,40.79217,-0.76001,0,enoS1(1_parsed).csv
36.0772271258741,-79.0090085804196,9,2.72,135.9,8.83,1056403,8.83,8.82533,-0.5342,0.31346,-0.39309,0.60567,-0.75518,75.85501,39.15522,-7.70243,0,enoS1(1_parsed).csv
36.0772215687646,-79.0090038251748,9,2.72,135.8,9.59,1056603,9.59,9.58864,-0.82851,0.51506,-0.52977,-0.86086,1.14934,75.78194,36.34902,-11.66326,0,enoS1(1_parsed).csv
36.0772143892774,-79.0089968158508,9,2.67,135.8,8.67,1057403,8.67,8.67219,-0.48215,0.81835,-0.46456,-0.07819,2.00119,77.52119,27.6235,-14.60099,0,enoS1(1_parsed).csv
36.0772084125874,-79.0089896456876,9,2.67,136.0,10.1,1057603,10.1,10.1031,2.58604,0.69332,-0.25412,0.19838,-0.27336,79.08507,14.99562,-15.14177,0,enoS1(1_parsed).csv
36.0772004149184,-79.0089828205128,9,2.42,136.0,9.06,1058403,9.06,9.05624,0.34935,0.67837,-0.40943,0.21961,0.5507,78.63198,15.59486,-16.67641,0,enoS1(1_parsed).csv
36.0771937016317,-79.008977972028,9,2.42,136.3,9.28,1058603,9.28,9.28116,1.30887,0.90269,-0.23427,-0.18723,-1.10842,77.72581,15.74101,-18.4449,0,enoS1(1_parsed).csv
36.0771860862471,-79.0089724685315,9,2.6,136.3,9.83,1059403,9.83,9.82732,-0.41815,0.65384,-0.20678,0.23472,-0.63438,77.46273,17.2318,-20.40339,0,enoS1(1_parsed).csv
36.0771807156177,-79.0089688787879,9,2.6,135.9,10.56,1059603,10.56,10.55594,-0.77647,0.21057,-0.354,-0.09636,1.32222,78.61736,12.77404,-18.76644,0,enoS1(1_parsed).csv
36.0771744825175,-79.0089648787879,9,2.49,135.9,8.97,1060403,8.97,8.97129,-1.24546,-1.5338,0.16784,0.44074,1.93797,80.61971,16.25256,-11.26863,0,enoS1(1_parsed).csv
36.0771703519813,-79.008963004662,9,2.49,135.3,9.12,1060603,9.12,9.11965,1.599,0.25424,0.2868,-1.49143,0.71578,76.83426,3.91698,-18.86875,0,enoS1(1_parsed).csv
36.0771638741259,-79.0089591421911,9,2.95,135.3,8.36,1061403,8.36,8.35753,0.87936,0.11486,0.12859,-1.43095,0.83017,78.76352,4.64776,-15.98948,0,enoS1(1_parsed).csv
36.0771590909091,-79.0089563263403,9,2.95,135.3,10.27,1061603,10.27,10.2694,1.06241,1.96152,0.3207,-0.61835,-1.79793,70.34493,13.16866,-29.61122,0,enoS1(1_parsed).csv
36.077153016317,-79.0089523543124,9,3.29,135.3,-3.6,1062403,-3.6,-3.60419,-2.44846,-6.13699,0.50274,-5.00421,0.10156,79.75738,-2.77697,12.94943,0,enoS1(1_parsed).csv
36.0771491748252,-79.0089495757576,9,3.29,134.3,1.08,1062603,1.08,1.07677,0.38106,0.12144,0.84483,-5.00421,-0.70601,51.43233,9.01783,-41.05525,0,enoS1(1_parsed).csv
36.0771430932401,-79.0089452913753,9,1.74,134.3,6.92,1063403,6.92,6.91825,4.61755,-4.14078,-1.88269,-5.00421,-3.38144,75.06577,-8.97398,16.34025,0,enoS1(1_parsed).csv
36.0771382913753,-79.0089422424242,9,1.74,133.9,9.33,1063603,9.33,9.32782,-3.18245,1.84487,-1.9511,-2.99706,-4.00911,70.66647,25.69424,-27.87197,0,enoS1(1_parsed).csv
36.0771312144522,-79.0089368787879,9,3.03,133.9,11.21,1064403,11.21,11.20619,-0.76511,3.40379,-0.58887,3.42573,-2.21133,80.97047,1.91464,-4.15083,0,enoS1(1_parsed).csv
36.0771256200466,-79.0089316853147,9,3.03,134.0,9.02,1064603,9.02,9.02333,-5.02433,-5.14995,-0.0252,1.86482,-0.33475,79.42122,15.2587,22.31804,0,enoS1(1_parsed).csv
36.0771172214452,-79.008925020979,9,4.38,134.0,9.26,1065403,9.26,9.26441,-3.29133,-2.29352,-0.07346,0.26114,0.3737,80.80971,0.0,11.00555,0,enoS1(1_parsed).csv
36.0771098461538,-79.0089196689977,9,4.38,133.5,8.2,1065603,8.2,8.2026,0.40618,0.64187,-0.07987,-0.43158,0.90179,78.31043,-8.55013,8.5209,0,enoS1(1_parsed).csv
36.0771009277389,-79.0089128787879,9,4.42,133.5,11.76,1066403,11.76,11.75893,0.84646,3.79741,0.04612,1.9789,-0.54275,77.33119,-10.62555,2.77697,0,enoS1(1_parsed).csv
36.077094037296,-79.0089074895105,9,4.42,133.4,5.81,1066603,5.81,5.81456,0.4331,-3.04666,0.10125,0.96776,0.20937,73.67729,-13.69483,19.07337,0,enoS1(1_parsed).csv
36.0770855221445,-79.0089008438228,9,3.82,133.4,9.2,1067403,9.2,9.2028,0.02752,1.6331,0.2138,-0.57956,-2.30113,80.8974,-2.96697,-0.64309,0,enoS1(1_parsed).csv
36.0770787715618,-79.0088956596737,9,3.82,133.1,14.25,1067603,14.25,14.24507,-4.78086,0.99841,-0.04704,2.05556,1.73043,82.16895,1.76849,1.27156,0,enoS1(1_parsed).csv
36.0770704405594,-79.0088894452215,9,3.15,133.1,8.76,1068403,8.76,8.76072,-3.80279,0.82971,0.67699,1.40591,-0.24557,79.01199,-8.34551,3.82929,0,enoS1(1_parsed).csv
36.0770638298368,-79.008884969697,8,3.15,132.6,8.67,1068603,8.67,8.6698,0.06939,0.22792,0.87812,-0.93966,-0.28436,80.82432,-3.37621,1.84157,0,enoS1(1_parsed).csv
36.0770569417249,-79.0088791771562,8,2.62,132.6,7.07,1069403,7.07,7.07259,0.24766,-4.22154,0.14691,0.6466,-1.35826,80.22508,0.42385,14.71792,0,enoS1(1_parsed).csv
36.0770532400932,-79.00887504662,9,2.62,132.2,9.44,1069603,9.44,9.44028,-2.8349,-5.53639,-0.24267,-1.51617,0.29703,82.7682,9.4563,6.57702,0,enoS1(1_parsed).csv
36.0770483473193,-79.0088704195804,9,2.22,132.2,8.7,1070403,8.7,8.7003,0.63529,-0.48694,-1.144,-0.31612,0.40684,76.51272,-13.00789,2.8062,0,enoS1(1_parsed).csv
36.0770455501165,-79.0088681072261,9,2.22,131.9,9.44,1070603,9.44,9.44327,1.10728,0.20818,-1.25014,0.3178,-0.20892,76.42502,-12.94943,3.59544,0,enoS1(1_parsed).csv
36.0770413682984,-79.0088639463869,9,2.24,131.9,8.3,1071403,8.3,8.3013,0.87338,0.34098,-0.90561,0.70127,-0.76648,77.34581,-5.81701,19.76031,0,enoS1(1_parsed).csv
36.0770383006993,-79.0088607482517,9,2.24,132.1,9.9,1071603,9.9,9.89552,-3.17886,-1.05165,-0.66798,0.36163,-0.2978,77.02426,6.35779,24.26191,0,enoS1(1_parsed).csv
36.0770336713287,-79.0088557179487,9,3.04,132.1,7.36,1072403,7.36,7.36032,-0.45823,-3.14656,0.94409,-1.59726,-0.89247,66.74949,-11.40018,32.24203,0,enoS1(1_parsed).csv
36.0770296993007,-79.0088513449883,9,3.04,132.6,11.17,1072603,11.17,11.17388,-0.94935,-0.42951,1.05023,-0.94455,-1.67698,78.89507,-5.45162,12.20403,0,enoS1(1_parsed).csv
36.0770253146853,-79.0088458018648,9,2.5,132.6,8.07,1073403,8.07,8.06979,0.96132,-2.84866,0.5904,-0.52565,-0.80787,74.01345,-15.93102,10.46478,0,enoS1(1_parsed).csv
36.0770222843823,-79.0088413263403,9,2.5,133.0,7.94,1073603,7.94,7.9352,-1.02353,-1.17488,0.83108,-1.25731,-1.80343,79.80122,-3.09851,-5.75855,0,enoS1(1_parsed).csv
36.0770195151515,-79.0088361142191,9,0.82,133.0,11.23,1074403,11.23,11.22533,0.00538,0.11545,0.78573,-0.06582,-1.59253,81.0874,7.83397,-10.07016,0,enoS1(1_parsed).csv
36.0770185081585,-79.0088331212121,9,0.82,133.3,10.24,1074603,10.24,10.24487,-0.9667,-0.17109,0.76725,-1.20142,0.2222,78.39812,16.3841,-16.69103,0,enoS1(1_parsed).csv
36.0770163310023,-79.0088284662005,9,1.68,133.3,8.83,1075403,8.83,8.82652,-3.57667,-3.01735,1.12903,0.72968,0.17914,75.51885,39.59369,-4.3993,0,enoS1(1_parsed).csv
36.0770157715618,-79.0088243916084,9,1.68,132.7,8.76,1075603,8.76,8.76371,-0.23749,-2.36411,1.46592,-1.31092,0.44379,78.69044,32.50512,-1.73926,0,enoS1(1_parsed).csv
36.0770128834499,-79.0088186200466,9,2.37,132.7,9.48,1076403,9.48,9.48096,-1.15514,0.60718,1.85306,0.70066,-0.62217,76.6881,30.41508,19.23414,0,enoS1(1_parsed).csv
36.077010067599,-79.0088137715618,9,2.37,133.0,9.19,1076603,9.19,9.18964,-0.98584,-0.31825,1.87704,-0.94715,0.16677,75.10962,27.40427,24.72961,0,enoS1(1_parsed).csv
36.0770053333333,-79.008808041958,9,2.34,133.0,9.01,1077403,9.01,9.00898,-0.91525,-0.80459,1.55435,0.85704,0.30681,76.64426,-5.04239,22.01111,0,enoS1(1_parsed).csv
36.0770005128205,-79.0088034172494,9,2.34,133.1,9.52,1077603,9.52,9.51745,0.94756,-1.07916,1.54289,-0.86514,-0.13958,75.31424,-12.87635,14.73253,0,enoS1(1_parsed).csv
36.0769945804196,-79.0087986363636,9,2.95,133.1,9.28,1078403,9.28,9.28296,0.07059,0.10708,0.94272,0.74862,-0.01726,78.39812,-6.00702,-8.22859,0,enoS1(1_parsed).csv
36.0769894242424,-79.0087951118881,9,2.95,133.1,9.06,1078603,9.06,9.05982,0.30449,0.69452,1.03878,-1.41965,-0.67073,77.41888,0.11692,-17.40719,0,enoS1(1_parsed).csv
36.0769833100233,-79.0087922447552,9,2.31,133.1,6.33,1079403,6.33,6.33261,1.0666,0.31705,0.27764,-0.55772,-1.8523,80.16662,7.92166,-14.48407,0,enoS1(1_parsed).csv
36.0769784242424,-79.0087922447552,9,2.31,134.0,10.43,1079603,10.43,10.42673,-2.59801,1.45663,-0.07559,0.15882,0.46533,77.14119,19.14645,-20.84186,0,enoS1(1_parsed).csv
36.0769732680653,-79.0087903170163,9,1.99,134.0,8.68,1080403,8.68,8.67638,-0.68913,0.71845,0.30024,0.55436,-0.30956,77.74043,18.26951,-19.19029,0,enoS1(1_parsed).csv
36.076970051282,-79.0087889277389,9,1.99,134.9,10.51,1080603,10.51,10.51047,-0.43131,-0.39362,0.20769,0.39294,0.65317,79.52354,15.9164,-16.70564,0,enoS1(1_parsed).csv
36.0769656013986,-79.0087866317016,9,1.69,134.9,9.95,1081403,9.95,9.95354,0.79801,0.18604,0.29276,0.7335,0.54184,79.65507,16.63256,-16.13563,0,enoS1(1_parsed).csv
36.0769628881119,-79.0087851025641,9,1.69,134.7,8.23,1081603,8.23,8.2331,1.03849,-0.19202,0.36942,-0.63087,-0.7251,79.94738,16.91026,-13.91406,0,enoS1(1_parsed).csv
36.0769586456876,-79.0087819510489,9,2.15,134.7,9.74,1082403,9.74,9.73879,0.17228,1.64686,0.32849,0.64477,-0.26114,78.76352,24.49576,-13.03712,0,enoS1(1_parsed).csv
36.0769553170163,-79.0087788368298,9,2.15,135.8,10.18,1082603,10.18,10.18385,0.41994,-1.35853,0.26206,0.52397,-0.46701,79.26045,29.46507,-7.16165,0,enoS1(1_parsed).csv
36.0769508158508,-79.0087744312354,9,1.85,135.8,9.35,1083403,9.35,9.35235,-0.15254,-0.72084,0.21777,-1.11911,-0.43005,78.51505,32.6805,-4.16545,0,enoS1(1_parsed).csv
36.0769472261072,-79.0087703566434,9,1.85,136.8,10.14,1083603,10.14,10.1354,-0.29731,0.7986,0.04123,0.7393,-0.12171,76.6881,35.88132,-7.89243,0,enoS1(1_parsed).csv
36.0769426270396,-79.0087662027972,9,2.22,136.8,11.29,1084403,11.29,11.29113,0.13878,0.42054,-0.17532,-0.19823,0.47938,78.9389,30.34201,-6.78164,0,enoS1(1_parsed).csv
36.0769392237762,-79.0087635268065,9,2.22,137.4,8.5,1084603,8.5,8.49512,0.76211,-1.44706,-0.27672,0.24282,-0.49419,79.14352,31.18971,-4.76469,0,enoS1(1_parsed).csv
36.0769348834499,-79.0087593939394,9,2.05,137.4,9.95,1085403,9.95,9.95354,-0.8985,0.85723,-0.26542,-1.57298,0.1657,77.00965,32.27127,-12.54019,0,enoS1(1_parsed).csv
36.0769317505827,-79.008756009324,9,2.05,137.5,10.76,1085603,10.76,10.75514,0.52642,0.62752,-0.32391,1.02228,0.29276,76.60041,27.6235,-17.05642,0,enoS1(1_parsed).csv
36.0769277156177,-79.0087518298368,9,1.82,137.5,8.82,1086403,8.82,8.81635,-0.05025,0.52941,-0.29184,-0.23106,0.25305,77.72581,24.34961,-14.27945,0,enoS1(1_parsed).csv
36.0769251142191,-79.0087482214452,9,1.82,137.0,10.23,1086603,10.23,10.22513,0.24287,0.69512,-0.16386,-0.05666,-0.40348,78.06197,24.8173,-15.28793,0,enoS1(1_parsed).csv
36.0769208461538,-79.0087441375291,9,2.41,137.0,8.28,1087403,8.28,8.27857,-0.24646,-0.36072,-0.43936,0.65928,-0.66997,80.25431,19.5703,-11.82403,0,enoS1(1_parsed).csv
36.0769173310023,-79.0087412377622,9,2.41,136.3,9.99,1087603,9.99,9.99422,-0.60179,0.18006,-0.46166,-1.15667,0.49022,78.06197,18.48874,-17.18796,0,enoS1(1_parsed).csv
36.0769124825175,-79.0087383356643,9,2.27,136.3,9.32,1088403,9.32,9.32304,0.40798,0.35414,-0.32956,-0.02291,0.23411,77.55042,9.19322,-19.20491,0,enoS1(1_parsed).csv
36.0769089114219,-79.0087365174825,9,2.27,136.0,10.63,1088603,10.63,10.63131,0.16211,0.39242,-0.3094,0.34544,-0.41966,78.69044,9.67553,-17.83104,0,enoS1(1_parsed).csv
36.0769038228438,-79.0087348811189,9,2.09,136.0,8.39,1089403,8.39,8.38624,0.23509,0.41157,-0.01451,0.99846,-0.40882,79.74277,7.64396,-15.15639,0,enoS1(1_parsed).csv
36.0768994032634,-79.0087346013986,9,2.09,135.7,10.61,1089603,10.61,10.60978,-0.75135,-0.81775,0.03925,-0.94822,-0.24129,79.15814,10.2017,-15.94563,0,enoS1(1_parsed).csv
36.0768937296037,-79.0087338111888,9,2.31,135.7,9.61,1090403,9.61,9.61316,-0.62512,0.33978,0.10965,-0.59956,-0.99678,79.91815,11.75095,-14.01637,0,enoS1(1_parsed).csv
36.0768891328671,-79.0087337738928,9,2.31,135.6,9.87,1090603,9.87,9.86621,-1.58704,-0.07597,0.22465,0.72937,-0.14539,78.47121,15.53639,-17.46565,0,enoS1(1_parsed).csv
36.0768836666667,-79.0087329067599,9,2.41,135.6,10.11,1091403,10.11,10.10848,-0.76989,0.25842,0.28619,0.22129,-0.60353,77.36042,18.7226,-20.038,0,enoS1(1_parsed).csv
36.0768798065268,-79.0087321515151,9,2.41,135.7,9.15,1091603,9.15,9.14956,-0.94935,-0.39541,0.18922,0.13576,0.68524,79.37738,19.02952,-15.361,0,enoS1(1_parsed).csv
36.0768747808858,-79.0087311282051,9,1.99,135.7,9.2,1092403,9.2,9.19741,0.70887,-0.44566,0.14645,0.1182,0.38576,79.93277,18.62029,-14.25022,0,enoS1(1_parsed).csv
36.076871041958,-79.0087305967366,9,1.99,135.4,8.96,1092603,8.96,8.96411,-0.09093,0.8339,0.31734,-1.30771,-0.41539,78.19351,20.19877,-17.21719,0,enoS1(1_parsed).csv
36.0768665967366,-79.008729044289,9,2.11,135.4,9.35,1093403,9.35,9.34876,-0.09153,0.15852,0.1967,0.43692,0.15989,78.20812,27.19965,-14.22099,0,enoS1(1_parsed).csv
36.0768635384615,-79.0087273846154,9,2.11,135.0,8.84,1093603,8.84,8.84268,0.13998,0.70887,0.20265,-1.11345,0.39828,78.03274,24.04268,-16.07717,0,enoS1(1_parsed).csv
36.0768591678322,-79.0087251888112,9,2.08,135.0,9.69,1094403,9.69,9.69153,0.61974,0.57966,-0.01512,-0.24939,-0.65424,78.12044,27.21426,-14.95177,0,enoS1(1_parsed).csv
36.076855979021,-79.008723044289,9,2.08,135.1,8.59,1094603,8.59,8.59442,-1.2323,0.61436,-0.11423,0.05162,0.36301,75.98655,31.07279,-17.61181,0,enoS1(1_parsed).csv
36.076851981352,-79.0087205687645,9,1.83,135.1,10.51,1095403,10.51,10.50928,0.58505,0.81835,-0.11332,0.05116,0.01313,77.79889,26.17656,-17.65565,0,enoS1(1_parsed).csv
36.0768490815851,-79.0087188531468,9,1.83,135.5,8.07,1095603,8.07,8.07039,-0.19023,-0.18784,-0.17853,0.57971,0.0478,80.35662,26.13271,-10.40631,0,enoS1(1_parsed).csv
36.0768454778555,-79.0087165477855,9,1.8,135.5,10.58,1096403,10.58,10.58106,-0.02213,0.2997,-0.15272,-0.72647,0.23686,78.00351,22.66881,-18.89798,0,enoS1(1_parsed).csv
36.0768431375291,-79.0087148135198,9,1.8,134.6,8.8,1096603,8.8,8.79841,-0.05683,0.0664,-0.14004,1.04122,-0.52733,79.74277,22.78574,-14.00175,0,enoS1(1_parsed).csv
36.0768396223776,-79.0087125594405,9,1.48,134.6,10.26,1097403,10.26,10.25863,-0.11486,0.34337,-0.07529,-0.25091,-0.43631,77.52119,25.25577,-18.13797,0,enoS1(1_parsed).csv
36.0768369370629,-79.0087108251748,9,1.48,133.9,8.38,1097603,8.38,8.38385,-1.13958,-0.15135,-0.22129,0.55497,0.74205,79.83046,24.84654,-13.13943,0,enoS1(1_parsed).csv
36.0768332097902,-79.0087083076923,9,1.6,133.9,9.5,1098403,9.5,9.5001,0.84945,1.14317,-0.22113,0.75228,-0.28451,77.37504,16.93949,-20.82724,0,enoS1(1_parsed).csv
36.0768303379953,-79.0087060606061,9,1.6,133.9,9.47,1098603,9.47,9.46601,-0.93858,0.20459,-0.13576,-0.4105,-0.40516,77.65273,20.95878,-20.228,0,enoS1(1_parsed).csv
36.0768266620047,-79.0087035128205,9,1.62,133.9,9.37,1099403,9.37,9.36969,-0.37687,0.55872,-0.06979,0.06903,0.04337,78.70506,17.46565,-17.84566,0,enoS1(1_parsed).csv
36.0768237062937,-79.0087017319347,9,1.62,133.5,9.72,1099603,9.72,9.71546,0.0664,-0.22911,-0.18189,0.48839,0.40409,79.21661,15.93102,-16.92488,0,enoS1(1_parsed).csv
36.07682,-79.0086999347319,9,1.7,133.5,9.71,1100403,9.71,9.71247,1.48834,-0.27278,-0.21228,-0.31566,-0.00153,79.0266,9.6463,-18.60567,0,enoS1(1_parsed).csv
36.0768173333333,-79.0086991515151,9,1.7,133.3,9.42,1100603,9.42,9.41994,-0.29731,0.49053,-0.30452,-0.30849,-0.59605,79.15814,11.82403,-17.71412,0,enoS1(1_parsed).csv
36.076814,-79.0086976083916,9,1.32,133.3,9.58,1101403,9.58,9.58385,-0.04307,0.82911,-0.29596,-0.38882,-0.32605,77.94505,4.50161,-17.71412,0,enoS1(1_parsed).csv
36.0768115384615,-79.0086963962704,9,1.32,133.1,9.85,1101603,9.85,9.85245,-0.22134,0.46959,-0.34086,0.65943,-0.32269,79.66969,7.17626,-15.7264,0,enoS1(1_parsed).csv
36.0768084079254,-79.0086944965035,9,1.22,133.1,9.65,1102403,9.65,9.64846,0.01795,0.08794,-0.166,-1.25487,-0.16768,79.69892,1.38848,-11.85326,0,enoS1(1_parsed).csv
36.0768063286713,-79.0086926783217,9,1.22,132.7,10.19,1102603,10.19,10.18924,-0.87876,0.63529,-0.26985,0.94516,0.09636,78.60275,1.76849,-15.28793,0,enoS1(1_parsed).csv
36.0768035244755,-79.0086906550116,9,1.48,132.7,8.93,1103403,8.93,8.93241,0.22433,-0.46361,-0.19059,-1.01266,0.58811,80.07893,-4.07775,-6.60626,0,enoS1(1_parsed).csv
36.0768016317016,-79.0086892097902,9,1.48,132.7,10.34,1103603,10.34,10.3352,0.14536,0.95892,-0.21655,0.19135,-0.13256,77.11195,-4.88161,-13.47559,0,enoS1(1_parsed).csv
36.0767986620047,-79.0086878438228,9,1.19,132.7,9.72,1104403,9.72,9.71905,0.45464,0.40798,0.0087,-0.53909,-0.65607,78.67583,-5.64162,-9.25168,0,enoS1(1_parsed).csv
36.0767961445221,-79.0086871351981,9,1.19,132.0,9.41,1104603,9.41,9.40559,-1.09232,0.4995,0.05788,0.71929,-0.25061,79.64046,-3.08389,-9.12014,0,enoS1(1_parsed).csv
36.0767930815851,-79.0086861841492,9,0.93,132.0,8.9,1105403,8.9,8.89951,-0.19561,0.63589,0.51007,-0.00183,-0.63118,80.13738,1.47618,-12.37942,0,enoS1(1_parsed).csv
36.0767909184149,-79.0086859417249,9,0.93,132.0,9.81,1105603,9.81,9.81297,-1.30349,0.64965,0.52855,-0.09484,0.54153,78.19351,1.76849,-16.51564,0,enoS1(1_parsed).csv
36.0767878554779,-79.0086848717949,9,1.12,132.0,9.43,1106403,9.43,9.42533,-0.11007,0.55274,0.52916,0.43234,-0.28161,78.67583,9.52938,-17.52412,0,enoS1(1_parsed).csv
36.0767853379953,-79.008683986014,9,1.12,132.4,9.5,1106603,9.5,9.5007,-0.36909,-0.10289,0.52305,-0.19044,0.08888,78.82198,14.30868,-16.3841,0,enoS1(1_parsed).csv
36.0767823682984,-79.0086823613054,9,1.09,132.4,9.81,1107403,9.81,9.81416,0.53898,0.48634,0.31536,0.28527,0.14539,79.3043,18.19643,-16.41333,0,enoS1(1_parsed).csv
36.0767804755245,-79.0086808881119,9,1.09,132.1,9.2,1107603,9.2,9.20339,0.08734,-0.28594,0.35384,0.00351,-0.59743,78.69044,21.99649,-16.77872,0,enoS1(1_parsed).csv
36.0767776713287,-79.0086789254079,9,1.39,132.1,9.73,1108403,9.73,9.72682,0.2668,0.41635,0.05727,-0.15302,-0.03971,79.28968,22.90266,-15.88717,0,enoS1(1_parsed).csv
36.0767754242424,-79.0086770606061,9,1.39,132.0,9.61,1108603,9.61,9.61436,0.17587,0.11366,-0.03925,-0.50335,-0.02337,77.97428,25.44578,-17.0418,0,enoS1(1_parsed).csv
36.0767723356643,-79.0086746993007,9,1.28,132.0,9.09,1109403,9.09,9.08615,0.30329,0.79502,-0.06765,0.25809,-0.54871,79.0266,22.46419,-16.63256,0,enoS1(1_parsed).csv
36.0767699114219,-79.0086728251748,9,1.28,131.9,9.81,1109603,9.81,9.81476,-0.41755,0.31645,-0.20418,0.12019,-0.11606,77.66735,26.64426,-16.7641,0,enoS1(1_parsed).csv
36.0767669417249,-79.0086706550117,9,1.02,131.9,9.98,1110403,9.98,9.98226,-1.17129,0.54855,-0.22449,-0.21701,0.38149,76.65887,23.09266,-20.40339,0,enoS1(1_parsed).csv
36.0767647878788,-79.0086687156177,9,1.02,132.8,8.89,1110603,8.89,8.89293,0.23151,0.27876,0.00412,0.70234,-0.3963,79.71353,21.9088,-13.28559,0,enoS1(1_parsed).csv
36.0767618391608,-79.0086667902098,9,0.9,132.8,8.47,1111403,8.47,8.4682,-1.1336,0.28295,0.08506,-0.2219,0.71364,78.26659,25.41654,-13.88483,0,enoS1(1_parsed).csv
36.0767596013986,-79.0086662960373,9,0.9,132.9,10.24,1111603,10.24,10.24427,1.67797,1.21256,0.2138,-0.18922,-0.24908,78.29582,19.86261,-18.85414,0,enoS1(1_parsed).csv
36.0767568648019,-79.008665011655,9,1.1,132.9,7.82,1112403,7.82,7.81735,-0.37747,-0.90449,0.12202,-0.77763,0.44303,79.8597,26.95119,-9.2663,0,enoS1(1_parsed).csv
36.0767549067599,-79.0086637156177,9,1.1,132.8,11.16,1112603,11.16,11.15534,0.39362,1.32622,0.02947,0.45677,0.01283,76.64426,24.67115,-18.67875,0,enoS1(1_parsed).csv
36.0767520932401,-79.0086617902098,9,1.22,132.8,9.51,1113403,9.51,9.51446,0.40199,-0.44148,0.26802,-1.58871,-0.01619,79.33353,27.52119,-12.46711,0,enoS1(1_parsed).csv
36.0767498834499,-79.0086604009324,9,1.22,133.0,9.94,1113603,9.94,9.94337,-0.68554,0.89133,0.1492,1.05069,-0.1011,76.80502,29.27507,-16.17948,0,enoS1(1_parsed).csv
36.0767472097902,-79.0086585058275,9,1.23,133.0,10.31,1114403,10.31,10.31247,-0.11007,0.81894,0.20159,-1.03465,0.0197,78.45659,30.32739,-12.6425,0,enoS1(1_parsed).csv
36.0767451958042,-79.0086569207459,9,1.23,134.2,9.44,1114603,9.44,9.43849,0.00897,0.01615,0.07269,0.87537,-0.01283,76.89272,31.65741,-11.85326,0,enoS1(1_parsed).csv
36.0767427505827,-79.0086546270396,9,1.23,134.2,10.53,1115403,10.53,10.52782,-0.55454,0.79322,0.16066,-1.26357,0.03665,76.67349,35.15054,-10.17246,0,enoS1(1_parsed).csv
36.076741034965,-79.0086525850816,9,1.23,134.2,9.48,1115603,9.48,9.47558,-0.6658,0.09811,0.20449,1.43034,0.19303,77.82812,33.3382,-5.83163,0,enoS1(1_parsed).csv
36.0767389114219,-79.0086508135198,9,1.22,134.2,9.91,1116403,9.91,9.90748,-0.69452,1.733,0.34102,0.88178,-0.28054,76.99503,36.1444,-4.26776,0,enoS1(1_parsed).csv
36.0767374941725,-79.0086499463869,9,1.22,134.1,8.82,1116603,8.82,8.81815,-0.03948,-0.4002,0.28359,-0.32361,0.58903,77.91581,35.019,4.47238,0,enoS1(1_parsed).csv
36.0767355990676,-79.008647974359,9,0.9,134.1,9.08,1117403,9.08,9.07538,0.73878,0.09571,0.18112,1.53908,-0.25427,78.20812,32.81204,7.98012,0,enoS1(1_parsed).csv
36.0767342937063,-79.0086464825175,9,0.9,134.0,8.42,1117603,8.42,8.41915,-0.65743,-0.26441,0.2448,-1.15973,0.08583,76.84888,34.53669,12.4525,0,enoS1(1_parsed).csv
36.0767325594406,-79.0086446643357,9,0.83,134.0,10.67,1118403,10.67,10.67079,-0.82373,1.61635,-0.07117,0.69394,-0.45479,77.75504,34.88746,4.44315,0,enoS1(1_parsed).csv
36.0767314405594,-79.008642986014,9,0.83,134.8,7.7,1118603,7.7,7.70369,-0.5001,-0.29791,-0.04291,0.51771,0.27764,74.27653,37.38673,14.29407,0,enoS1(1_parsed).csv
36.0767297062937,-79.0086408531468,9,0.6,134.8,10.76,1119403,10.76,10.75933,-0.49771,1.43988,0.0365,-0.56459,0.25763,77.7112,34.77053,3.88775,0,enoS1(1_parsed).csv
36.0767281491841,-79.0086392867133,9,0.6,135.2,9.54,1119603,9.54,9.54078,-0.12084,0.32004,0.06658,1.47188,0.04459,77.94505,33.44051,12.24788,0,enoS1(1_parsed).csv
36.0767263170163,-79.0086374335664,9,1.21,135.2,9.66,1120403,9.66,9.65564,-0.25723,1.37408,0.18005,-0.19273,-0.13011,78.31043,33.03128,10.28939,0,enoS1(1_parsed).csv
36.076725039627,-79.0086357272727,9,1.21,135.3,10.14,1120603,10.14,10.13839,-0.29312,0.3996,0.15455,1.06016,0.09621,77.36042,32.47588,15.40485,0,enoS1(1_parsed).csv
36.0767234405594,-79.0086342587412,9,0.97,135.3,9.69,1121403,9.69,9.69273,-0.03529,-0.08853,0.1066,-0.05681,0.42654,77.74043,28.38351,18.12336,0,enoS1(1_parsed).csv
36.0767225174825,-79.0086338484848,9,0.97,136.0,9.1,1121603,9.1,9.09751,0.06999,0.07298,0.23549,-0.34667,-0.46227,76.9658,26.36656,21.51418,0,enoS1(1_parsed).csv
36.076721016317,-79.0086333379953,9,0.66,136.0,10.49,1122403,10.49,10.48714,-1.60558,1.95793,0.1773,0.90912,-0.3065,78.44198,29.12891,16.70564,0,enoS1(1_parsed).csv
36.0767198974359,-79.0086338228438,9,0.66,136.1,7.77,1122603,7.77,7.7695,-0.55992,-0.53719,0.27184,-0.24328,0.37751,74.18884,29.40661,24.55422,0,enoS1(1_parsed).csv
36.0767181421911,-79.0086329650349,9,0.43,136.1,9.47,1123403,9.47,9.4684,-1.0672,-0.22732,0.33781,0.56383,0.18906,76.4981,22.40573,24.39345,0,enoS1(1_parsed).csv
36.0767168181818,-79.0086317995338,9,0.43,136.8,9.37,1123603,9.37,9.3673,0.47617,0.64427,0.35598,-0.46502,0.12523,77.56504,17.49488,25.10962,0,enoS1(1_parsed).csv
36.0767145291375,-79.008630039627,9,0.82,136.8,9.41,1124403,9.41,9.40978,-0.7657,0.06461,0.34758,0.51725,0.13057,77.11195,11.34171,25.86963,0,enoS1(1_parsed).csv
36.0767124498834,-79.0086287062937,9,0.82,136.6,9.44,1124603,9.44,9.43729,0.21775,0.58146,0.36713,-0.45509,0.12141,78.47121,8.34551,24.52499,0,enoS1(1_parsed).csv
36.0767098438228,-79.008626002331,9,1.01,136.6,10.13,1125403,10.13,10.13301,-0.12084,1.15753,0.24083,-0.0168,0.01191,78.88045,3.25928,22.90266,0,enoS1(1_parsed).csv
36.0767078111888,-79.0086228974359,9,1.01,136.2,8.88,1125603,8.88,8.88335,-0.02871,-0.76869,0.19181,0.44425,0.03085,76.14732,3.37621,27.28734,0,enoS1(1_parsed).csv
36.0767050955711,-79.0086197156177,9,1.05,136.2,9.44,1126403,9.44,9.43849,0.76211,0.08614,-0.14875,1.37246,-0.16997,76.81965,-3.63929,24.86115,0,enoS1(1_parsed).csv
36.0767027832168,-79.0086169557109,9,1.05,135.7,8.88,1126603,8.88,8.88216,-0.38764,0.18485,-0.00214,-1.67469,-0.32605,77.79889,-0.62847,22.96112,0,enoS1(1_parsed).csv
36.0766998298368,-79.0086141631702,9,1.35,135.7,9.07,1127403,9.07,9.0688,-0.09571,0.71067,-0.03711,0.51771,0.45983,77.84274,0.73078,23.83806,0,enoS1(1_parsed).csv
36.0766976107226,-79.008612018648,9,1.35,136.0,10.02,1127603,10.02,10.01695,0.23749,0.40678,0.1292,-0.33949,-0.13699,78.33967,-1.76849,20.25723,0,enoS1(1_parsed).csv
36.0766948694639,-79.0086099277389,9,1.05,136.0,9.68,1128403,9.68,9.67897,0.61137,0.48395,0.11836,-0.69868,-0.4047,77.82812,-3.2739,22.61035,0,enoS1(1_parsed).csv
36.0766929207459,-79.0086088648019,9,1.05,136.1,9.58,1128603,9.58,9.57727,-0.51984,0.21835,-0.07789,0.54596,-0.15012,78.96814,0.19,20.35954,0,enoS1(1_parsed).csv
36.0766903193473,-79.0086083076923,9,1.32,136.1,9.92,1129403,9.92,9.92363,-0.31107,0.05444,-0.13485,0.56917,-0.03803,78.74891,0.78924,22.04034,0,enoS1(1_parsed).csv
36.0766883799534,-79.0086085967366,9,1.32,136.3,8.75,1129603,8.75,8.75115,-0.14058,-0.11426,-0.13561,-0.42165,0.50946,76.84888,-0.9354,24.97808,0,enoS1(1_parsed).csv
36.0766858461538,-79.0086086689977,9,0.89,136.3,9.93,1130403,9.93,9.9338,-0.68674,0.67298,-0.15363,-0.33537,-0.11255,78.96814,3.1862,21.2511,0,enoS1(1_parsed).csv
36.0766843449883,-79.0086090512821,9,0.89,136.7,9.08,1130603,9.08,9.08435,0.08435,0.25364,-0.23305,0.62797,0.18479,77.79889,3.88775,24.715,0,enoS1(1_parsed).csv
36.0766816293706,-79.0086095081585,9,1.25,136.7,9.84,1131403,9.84,9.84467,-0.29791,0.93559,-0.2222,-0.70448,0.25779,79.26045,6.41625,22.05495,0,enoS1(1_parsed).csv
36.076679037296,-79.0086098624709,9,1.25,136.7,9.72,1131603,9.72,9.72443,0.17946,0.4684,-0.18662,1.16507,-0.15592,78.0912,5.46624,24.4373,0,enoS1(1_parsed).csv
36.0766759487179,-79.0086105641026,9,0.98,136.7,10.07,1132403,10.07,10.0672,0.39302,1.06899,-0.07804,-0.33552,0.27214,78.71967,6.38702,22.91727,0,enoS1(1_parsed).csv
36.0766737855478,-79.0086113193473,9,0.98,136.8,9.67,1132603,9.67,9.667,0.14357,-0.2668,-0.09591,0.9079,-0.45754,76.86349,7.62935,27.76966,0,enoS1(1_parsed).csv
36.0766707482517,-79.0086127202797,9,1.28,136.8,9.63,1133403,9.63,9.6341,0.30329,1.066,-0.11912,-0.25351,-0.22678,78.47121,8.75475,23.32651,0,enoS1(1_parsed).csv
36.0766682214452,-79.0086143053613,9,1.28,135.8,9.81,1133603,9.81,9.81416,-0.60419,0.31107,-0.12889,0.49633,-0.16585,77.69658,11.99942,25.32885,0,enoS1(1_parsed).csv
36.076665018648,-79.0086158414918,9,0.23,135.8,9.49,1134403,9.49,9.49053,-0.72323,-0.68973,-0.17272,0.10201,0.29825,76.4981,13.78252,27.25811,0,enoS1(1_parsed).csv
36.0766624172494,-79.0086173240093,9,0.23,135.6,9.46,1134603,9.46,9.46301,0.24467,0.59462,-0.17822,-0.4018,0.33292,77.60889,11.50249,24.33499,0,enoS1(1_parsed).csv
36.0766596083916,-79.0086185431235,9,1.05,135.6,9.8,1135403,9.8,9.8028,0.55035,0.61376,-0.14416,-0.8853,-0.10354,78.04736,12.74481,23.57498,0,enoS1(1_parsed).csv
36.0766576783217,-79.0086191678321,9,1.05,135.3,9.21,1135603,9.21,9.20698,-0.1334,0.50728,-0.18143,0.84758,-0.48518,77.63812,16.47179,24.67115,0,enoS1(1_parsed).csv
36.0766551351981,-79.0086194592074,9,0.7,135.3,10.26,1136403,10.26,10.25743,-0.6658,1.07976,0.0591,0.39447,0.00947,78.92429,19.07337,20.14031,0,enoS1(1_parsed).csv
36.0766535967366,-79.0086187972028,9,0.7,135.6,8.81,1136603,8.81,8.81097,-0.07238,-0.02273,0.0058,0.42745,0.42944,76.19118,15.4487,27.93043,0,enoS1(1_parsed).csv
36.0766517365967,-79.0086186689977,9,0.78,135.6,10.03,1137403,10.03,10.02593,-0.79023,0.6664,0.01359,-0.04704,0.49709,78.85121,15.09793,23.15112,0,enoS1(1_parsed).csv
36.0766508228438,-79.0086192937063,9,0.78,135.8,8.86,1137603,8.86,8.85703,0.62213,0.44865,0.2025,0.38179,-0.20678,77.37504,11.37094,26.51271,0,enoS1(1_parsed).csv
36.0766487505827,-79.0086194685314,9,0.26,135.8,9.95,1138403,9.95,9.94517,-0.35773,0.21176,0.25061,0.61102,-0.7761,79.28968,9.33937,24.99269,0,enoS1(1_parsed).csv
36.076647016317,-79.0086193939394,9,0.26,135.8,9.2,1138603,9.2,9.20399,-0.62393,0.25184,0.20357,-0.19303,0.36316,76.80502,9.99708,27.98889,0,enoS1(1_parsed).csv
36.0766443170163,-79.0086188321678,9,1.04,135.8,9.89,1139403,9.89,9.88535,-0.27218,0.23629,0.1631,0.28512,0.06658,77.94505,4.60392,23.57498,0,enoS1(1_parsed).csv
36.0766415850816,-79.0086178251748,9,1.04,134.9,9.03,1139603,9.03,9.02812,-0.15613,0.29133,0.1715,-0.12217,0.23854,77.21426,2.44081,24.65653,0,enoS1(1_parsed).csv
36.0766385081585,-79.0086163473193,9,1.38,134.9,9.61,1140403,9.61,9.60539,0.08913,0.21176,0.177,-0.27626,0.0898,78.12044,-1.57849,21.85034,0,enoS1(1_parsed).csv
36.0766363916084,-79.0086147902098,9,1.38,134.2,9.74,1140603,9.74,9.74118,-0.14058,0.62034,0.17104,0.22388,-0.05406,77.88658,-2.28004,21.14879,0,enoS1(1_parsed).csv
36.076633955711,-79.0086131048951,9,1.37,134.2,9.73,1141403,9.73,9.72742,0.22971,0.067,0.23793,-0.70815,0.0872,77.27273,-5.96317,20.09646,0,enoS1(1_parsed).csv
36.0766325384615,-79.0086114545454,9,1.37,134.1,9.96,1141603,9.96,9.95953,0.11545,0.57188,0.15226,0.45097,-0.21121,78.29582,-5.68547,18.22567,0,enoS1(1_parsed).csv
36.0766301282051,-79.0086108508158,9,1.1,134.1,8.88,1142403,8.88,8.88335,0.26859,-0.01675,0.21564,0.31948,-0.56154,77.55042,-8.06782,17.48027,0,enoS1(1_parsed).csv
36.0766283379953,-79.0086112983683,9,1.1,134.1,9.76,1142603,9.76,9.75673,-0.97986,0.77408,0.16921,-0.81535,0.08522,79.42122,-5.58316,13.81175,0,enoS1(1_parsed).csv
36.0766253682984,-79.0086111678322,9,1.02,134.1,9.39,1143403,9.39,9.39183,-0.12024,0.45165,0.26573,-0.04933,0.38011,78.39812,-8.57936,11.67787,0,enoS1(1_parsed).csv
36.0766230839161,-79.0086115594406,9,1.02,134.2,9.51,1143603,9.51,9.50609,0.11545,0.2339,0.2613,0.06597,0.02016,77.76966,-10.99094,8.90091,0,enoS1(1_parsed).csv
36.0766193310023,-79.0086111748252,9,1.21,134.2,9.87,1144403,9.87,9.8692,0.21835,0.45165,0.24816,-0.06842,-0.11393,77.03888,-12.04326,2.51388,0,enoS1(1_parsed).csv
36.0766158158508,-79.0086103822844,9,1.21,134.0,9.33,1144603,9.33,9.33201,-0.21954,0.22732,0.19288,0.46853,-0.12767,78.90968,-10.36247,3.44928,0,enoS1(1_parsed).csv
36.0766117039627,-79.0086095104895,9,1.21,134.0,10.05,1145403,10.05,10.05105,-0.36012,0.6999,0.19013,-0.27474,0.0562,79.18737,-8.50628,-3.05466,0,enoS1(1_parsed).csv
36.0766084219114,-79.0086088671329,9,1.21,134.1,9.4,1145603,9.4,9.39661,0.0341,0.11725,0.23824,0.25183,-0.16386,78.70506,-8.30167,-3.87314,0,enoS1(1_parsed).csv
36.0766041911422,-79.0086078135198,9,0.96,134.1,9.12,1146403,9.12,9.11546,-0.68674,0.14058,0.13943,-0.2755,0.41203,80.18124,-5.34931,-4.99854,0,enoS1(1_parsed).csv
36.0766007505827,-79.008607039627,9,0.96,133.7,9.8,1146603,9.8,9.80399,0.57547,0.56231,0.15302,0.18738,0.22526,77.66735,-8.97398,-9.76323,0,enoS1(1_parsed).csv
36.0765966759907,-79.0086057878788,9,1.13,133.7,10.11,1147403,10.11,10.11027,0.6682,0.58923,0.18097,-0.27199,0.04032,76.52734,-7.73166,-11.73633,0,enoS1(1_parsed).csv
36.0765938881119,-79.0086046130536,9,1.13,133.6,9.32,1147603,9.32,9.31586,-0.01795,0.08016,0.06994,0.56719,-0.3711,78.88045,-5.07162,-8.40398,0,enoS1(1_parsed).csv
36.0765905384615,-79.008603039627,9,1.0,133.6,9.91,1148403,9.91,9.90868,-0.63649,0.01256,0.1379,-0.66111,-0.14218,78.85121,-0.35077,-12.13096,0,enoS1(1_parsed).csv
36.0765881515152,-79.0086020885781,9,1.0,133.5,9.63,1148603,9.63,9.63171,-0.31645,0.53121,0.15012,0.39996,0.22526,78.45659,-0.54078,-15.2587,0,enoS1(1_parsed).csv
36.076585020979,-79.0085999393939,9,1.15,133.5,9.26,1149403,9.26,9.25843,-0.45823,0.0676,0.19884,0.05009,0.08445,78.96814,3.37621,-14.63023,0,enoS1(1_parsed).csv
36.0765828671329,-79.0085975990676,9,1.15,133.5,9.84,1149603,9.84,9.83749,0.20818,0.59701,0.16997,-0.37583,0.32956,77.38965,0.2777,-16.04794,0,enoS1(1_parsed).csv
36.0765800792541,-79.0085949207459,9,1.27,133.5,9.03,1150403,9.03,9.03291,0.14357,0.00897,0.14111,0.39554,-0.26481,79.962,5.62701,-14.00175,0,enoS1(1_parsed).csv
36.0765781398601,-79.0085925617716,9,1.27,133.5,9.61,1150603,9.61,9.61496,-0.44985,0.23689,0.13592,-0.79138,0.04963,78.39812,8.56475,-17.87489,0,enoS1(1_parsed).csv
36.0765755804196,-79.008589997669,9,1.14,133.5,8.85,1151403,8.85,8.85464,0.02273,-0.01017,0.22006,0.24908,-0.12507,80.32739,11.00555,-13.95791,0,enoS1(1_parsed).csv
36.0765737529138,-79.0085883659674,9,1.14,132.8,10.01,1151603,10.01,10.01277,-0.49771,0.10469,0.20754,-0.78649,0.23411,77.98889,12.56942,-20.228,0,enoS1(1_parsed).csv
36.0765715664336,-79.0085861282051,9,1.1,132.8,9.27,1152403,9.27,9.2692,-0.58325,-0.4325,0.28894,-0.94409,0.36759,80.15201,17.87489,-15.39024,0,enoS1(1_parsed).csv
36.0765702051282,-79.0085845058275,9,1.1,132.6,9.84,1152603,9.84,9.84347,0.57069,0.85843,0.29398,-0.10186,0.04933,78.01812,16.13563,-19.89184,0,enoS1(1_parsed).csv
36.0765679417249,-79.0085825734266,9,1.27,132.6,9.49,1153403,9.49,9.48575,0.21894,0.28834,0.2616,-0.35537,0.05162,79.66969,20.60801,-15.56562,0,enoS1(1_parsed).csv
36.076565974359,-79.0085811561772,9,1.27,132.3,9.53,1153603,9.53,9.53301,0.0664,0.55813,0.2364,0.39294,-0.58796,77.84274,25.13885,-16.98334,0,enoS1(1_parsed).csv
36.0765637319347,-79.0085790699301,9,1.17,132.3,9.23,1154403,9.23,9.22613,-0.35294,-1.03729,0.18189,-0.43295,-0.09743,79.15814,28.69044,-8.84244,0,enoS1(1_parsed).csv
36.0765623053613,-79.0085773356643,9,1.17,132.3,9.99,1154603,9.99,9.99123,-0.51446,0.30867,0.12263,-0.10079,0.25076,76.95118,30.04969,-14.2356,0,enoS1(1_parsed).csv
36.0765603216783,-79.0085754778555,9,1.22,132.3,9.8,1155403,9.8,9.79681,-0.30329,0.56411,0.06154,0.99189,0.13928,77.82812,30.79509,-12.74481,0,enoS1(1_parsed).csv
36.0765588111888,-79.0085744708625,9,1.22,132.3,8.97,1155603,8.97,8.9695,0.14058,-0.27817,0.1686,-0.57727,-0.03894,79.43584,28.92429,-7.8632,0,enoS1(1_parsed).csv
36.0765568018648,-79.0085732494172,9,1.05,132.3,10.15,1156403,10.15,10.15035,0.11904,0.37388,0.10568,-0.33643,0.00993,78.03274,31.59895,-10.21631,0,enoS1(1_parsed).csv
36.0765555524475,-79.0085724382284,9,1.05,132.0,9.17,1156603,9.17,9.17109,-0.15314,0.38405,0.1211,0.67684,-0.28588,79.18737,31.78895,-7.17626,0,enoS1(1_parsed).csv
36.0765535011655,-79.0085711608392,9,0.85,132.0,10.08,1157403,10.08,10.08036,-0.11486,0.35294,0.17272,-0.99647,-0.26618,77.9012,35.32593,-7.48319,0,enoS1(1_parsed).csv
36.0765516177156,-79.0085701165501,9,0.85,131.8,9.65,1157603,9.65,9.65145,-0.6006,0.69631,0.12752,1.0232,0.06338,76.81965,36.11517,-6.4601,0,enoS1(1_parsed).csv
36.0765491421911,-79.0085687365967,9,1.17,131.8,10.25,1158403,10.25,10.25085,-0.29073,1.13539,0.14355,-0.16371,0.05544,77.65273,35.73516,-5.61239,0,enoS1(1_parsed).csv
36.0765471655012,-79.0085676270396,9,1.17,131.4,8.77,1158603,8.77,8.77269,-0.18066,-0.3338,0.05925,0.65607,0.40332,78.76352,33.67437,1.95849,0,enoS1(1_parsed).csv
36.0765449277389,-79.0085665734266,9,1.27,131.4,9.61,1159403,9.61,9.60958,0.07657,0.20698,0.09759,0.79351,0.37858,78.66121,34.50745,2.00234,0,enoS1(1_parsed).csv
36.0765434825175,-79.0085657622377,9,1.27,131.9,9.07,1159603,9.07,9.0694,0.11785,-0.15553,0.28787,-0.58292,-0.77549,78.13505,35.2967,4.54545,0,enoS1(1_parsed).csv
36.0765412913753,-79.0085653566434,9,1.2,131.9,9.23,1160403,9.23,9.2345,0.11964,0.46122,0.27443,0.70433,-0.02611,78.51505,32.88512,8.85706,0,enoS1(1_parsed).csv
36.0765397435897,-79.0085655804196,9,1.2,131.8,9.43,1160603,9.43,9.43311,0.03888,0.02453,0.32101,-0.70127,-0.29627,77.78428,33.64513,9.31014,0,enoS1(1_parsed).csv
36.0765375361305,-79.0085655128205,9,1.12,131.8,9.2,1161403,9.2,9.19741,0.15254,0.49352,0.26328,-0.00336,-0.21136,78.12044,30.72201,13.02251,0,enoS1(1_parsed).csv
36.0765357925408,-79.0085658484848,9,1.12,131.6,9.78,1161603,9.78,9.78126,-0.28116,0.41276,0.15073,0.13943,0.15043,78.52967,30.82432,14.11868,0,enoS1(1_parsed).csv
36.076533020979,-79.0085658321678,9,1.1,131.6,9.77,1162403,9.77,9.76511,-0.33679,0.64666,0.15012,0.67348,0.0846,77.22888,28.45659,18.34259,0,enoS1(1_parsed).csv
36.0765305501165,-79.0085657855478,9,1.1,131.7,9.34,1162603,9.34,9.34038,-0.23629,-0.40379,0.24786,-0.27443,0.21716,76.92195,26.41041,22.02572,0,enoS1(1_parsed).csv
36.0765276899767,-79.0085654009324,9,0.97,131.7,9.23,1163403,9.23,9.22972,-0.18963,0.01316,0.18983,-0.16096,-0.41737,77.00965,23.5019,23.01958,0,enoS1(1_parsed).csv
36.0765256480186,-79.0085647948718,9,0.97,131.5,9.73,1163603,9.73,9.72982,-0.22612,0.62632,0.14844,0.10186,0.03848,78.00351,23.88191,21.26571,0,enoS1(1_parsed).csv
36.076522979021,-79.0085638717949,9,0.98,131.5,9.51,1164403,9.51,9.51147,-0.734,0.07836,0.1883,0.60567,0.14997,76.81965,21.66033,25.00731,0,enoS1(1_parsed).csv
36.076521020979,-79.0085628088578,9,0.98,131.4,9.23,1164603,9.23,9.2333,0.24826,0.07119,0.18586,-0.5568,0.34102,76.19118,18.12336,26.80503,0,enoS1(1_parsed).csv
36.0765183519813,-79.0085619114219,9,1.1,131.4,9.06,1165403,9.06,9.05803,-0.20997,-0.22612,0.19166,0.56398,0.25259,76.01579,16.01871,29.66969,0,enoS1(1_parsed).csv
36.0765163100233,-79.008561044289,9,1.1,131.3,9.9,1165603,9.9,9.89791,0.19681,0.6664,0.2051,-0.94501,0.45403,79.01199,10.72786,22.82958,0,enoS1(1_parsed).csv
36.0765134498834,-79.0085607016317,9,1.22,131.3,9.06,1166403,9.06,9.06282,0.41874,-0.11665,0.17058,-0.74128,0.0591,77.18504,9.2663,26.46887,0,enoS1(1_parsed).csv
36.0765111468532,-79.0085608694639,9,1.22,131.6,9.75,1166603,9.75,9.75135,-0.27996,1.01276,0.11973,0.32162,-0.06918,78.9389,8.46244,22.2888,0,enoS1(1_parsed).csv
36.0765083333333,-79.0085611701632,9,1.12,131.6,9.89,1167403,9.89,9.88655,-0.2991,1.27956,0.22571,0.42257,-0.38072,79.42122,5.94855,22.40573,0,enoS1(1_parsed).csv
36.0765062167832,-79.008562,9,1.12,132.1,8.88,1167603,8.88,8.88455,-0.36431,-0.36371,0.219,-0.28191,0.21319,76.80502,5.62701,26.14733,0,enoS1(1_parsed).csv
36.0765037296037,-79.0085625337995,9,1.02,132.1,8.85,1168403,8.85,8.84866,-0.69751,0.11067,0.20571,1.13804,-0.12614,77.18504,3.01082,24.87577,0,enoS1(1_parsed).csv
36.0765022470862,-79.0085629160839,9,1.02,132.1,10.0,1168603,10.0,9.99841,-0.21894,0.19561,0.22969,-1.2596,0.19655,77.9012,1.50541,22.81497,0,enoS1(1_parsed).csv
36.0764998997669,-79.0085631235431,9,1.27,132.1,8.85,1169403,8.85,8.84746,0.08614,-0.33141,0.28237,0.46441,0.11576,76.19118,-4.89623,21.96726,0,enoS1(1_parsed).csv
36.076497979021,-79.0085634685315,9,1.27,132.1,10.13,1169603,10.13,10.12583,-0.05025,0.4989,0.33094,-0.92607,-0.13912,78.13505,-5.59778,16.69103,0,enoS1(1_parsed).csv
36.0764953939394,-79.0085631724942,9,1.14,132.1,9.13,1170403,9.13,9.13041,0.16211,0.33619,0.27306,-0.04169,-0.17761,77.06811,-10.04092,15.15639,0,enoS1(1_parsed).csv
36.0764934731935,-79.0085624731935,9,1.14,131.9,10.23,1170603,10.23,10.22992,-0.28175,0.51984,0.25412,-0.3682,0.00107,78.2812,-8.08243,10.01169,0,enoS1(1_parsed).csv
36.0764909137529,-79.0085614871795,9,1.27,131.9,9.0,1171403,9.0,8.99522,0.0,0.38524,0.28726,-0.17058,-0.52931,78.69044,-9.70477,10.3917,0,enoS1(1_parsed).csv
36.0764888158508,-79.0085606293706,9,1.27,132.0,10.16,1171603,10.16,10.15693,-0.76391,0.55274,0.23778,-0.31841,0.35583,79.17275,-8.57936,3.20082,0,enoS1(1_parsed).csv
36.0764862773893,-79.0085593310023,9,1.14,132.0,9.43,1172403,9.43,9.42832,-0.1328,0.02213,0.24877,-0.83337,0.06506,78.66121,-10.14323,2.35311,0,enoS1(1_parsed).csv
36.0764844592075,-79.008557979021,9,1.14,132.3,9.81,1172603,9.81,9.81057,0.10528,0.71486,0.15959,0.63576,0.05101,78.01812,-10.94709,-2.14849,0,enoS1(1_parsed).csv
36.0764822470862,-79.0085560745921,9,1.3,132.3,10.09,1173403,10.09,10.08874,-0.47079,1.08096,0.1576,-0.40714,0.52855,78.12044,-8.93014,-5.94855,0,enoS1(1_parsed).csv
36.076480969697,-79.0085542564102,9,1.3,132.3,9.12,1173603,9.12,9.11965,0.78664,0.38225,0.27351,0.93905,-0.70127,78.60275,-8.43321,-5.14469,0,enoS1(1_parsed).csv
36.0764787109557,-79.0085524498834,9,1.02,132.3,9.25,1174403,9.25,9.25424,-0.88116,0.25842,0.13882,0.13195,-0.07865,80.26893,-3.28851,-9.2663,0,enoS1(1_parsed).csv
36.0764767995338,-79.0085511724942,9,1.02,132.5,9.61,1174603,9.61,9.61137,-0.00837,0.51326,0.11087,-0.01894,0.64584,78.85121,-6.63549,-9.98246,0,enoS1(1_parsed).csv
36.0764743333333,-79.0085495477855,9,1.23,132.5,9.52,1175403,9.52,9.51506,0.16989,0.36012,0.0281,0.10889,0.40317,79.12891,-4.79392,-11.75095,0,enoS1(1_parsed).csv
36.0764726643357,-79.0085483822844,9,1.23,132.6,9.4,1175603,9.4,9.39542,0.067,0.47498,0.16234,-0.13454,-0.32513,77.72581,-5.37854,-12.02865,0,enoS1(1_parsed).csv
36.0764699230769,-79.0085471771561,9,1.09,132.6,9.56,1176403,9.56,9.55993,-0.15494,0.29791,0.10018,0.59071,-0.20785,78.66121,-3.17159,-14.01637,0,enoS1(1_parsed).csv
36.0764674242424,-79.0085468228438,9,1.09,132.6,9.41,1176603,9.41,9.41456,-0.18485,0.34995,0.08674,-0.35751,-0.19273,79.78661,0.54078,-13.13943,0,enoS1(1_parsed).csv
36.0764643356643,-79.0085456177156,9,1.07,132.6,9.62,1177403,9.62,9.61915,-0.1651,0.32542,0.07025,-0.30207,-0.01894,78.71967,1.22771,-15.65332,0,enoS1(1_parsed).csv
36.0764619114219,-79.0085442843823,9,1.07,132.9,9.63,1177603,9.63,9.63111,-0.06102,0.25783,-0.00458,0.28314,0.05971,78.19351,0.55539,-15.8287,0,enoS1(1_parsed).csv
36.0764589417249,-79.0085427016317,9,1.06,132.9,9.77,1178403,9.77,9.76989,0.16451,0.81177,0.0617,-0.20418,0.10919,77.56504,-0.38001,-17.80181,0,enoS1(1_parsed).csv
36.0764567878788,-79.0085412097902,9,1.06,133.0,9.57,1178603,9.57,9.56531,0.1346,0.07478,0.01924,0.33491,-0.30024,78.77814,1.94388,-15.85794,0,enoS1(1_parsed).csv
36.0764538391608,-79.0085398298368,9,0.9,133.0,9.58,1179403,9.58,9.57608,-0.24706,0.22971,0.04184,-0.29688,0.05024,79.05583,3.68313,-15.6387,0,enoS1(1_parsed).csv
36.0764513496503,-79.008539,9,0.9,132.9,9.51,1179603,9.51,9.51147,0.01615,0.51027,0.02459,0.21273,0.10095,78.38351,3.2739,-17.27565,0,enoS1(1_parsed).csv
36.0764486759907,-79.0085382937063,9,0.82,132.9,9.54,1180403,9.54,9.53719,0.16989,0.45404,0.06307,0.05147,-0.07941,77.74043,4.06314,-18.28413,0,enoS1(1_parsed).csv
36.0764467738928,-79.0085382097902,8,0.82,133.2,9.65,1180603,9.65,9.64547,-0.07956,0.37507,0.06857,0.13134,-0.14035,78.2812,5.55393,-17.67027,0,enoS1(1_parsed).csv
36.0764445058275,-79.0085381095571,8,0.63,133.2,9.55,1181403,9.55,9.54736,0.23151,0.22732,0.09484,0.30757,-0.20953,79.17275,7.07396,-17.71412,0,enoS1(1_parsed).csv
36.0764428554779,-79.0085385757576,9,0.63,133.5,9.28,1181603,9.28,9.27578,-0.47737,0.09212,0.07743,-0.23274,0.20876,79.26045,8.68167,-15.88717,0,enoS1(1_parsed).csv
36.0764413706294,-79.0085381445221,9,0.6,133.5,9.47,1182403,9.47,9.47498,0.18724,0.05085,0.0029,0.82329,-0.06765,79.65507,8.95937,-17.45104,0,enoS1(1_parsed).csv
36.0764407738928,-79.0085375198135,9,0.6,133.7,9.23,1182603,9.23,9.22553,-0.06341,-0.04905,0.07025,-0.75472,0.00519,79.66969,8.60859,-16.61795,0,enoS1(1_parsed).csv
36.0764401188811,-79.0085364405594,9,0.51,133.7,9.22,1183403,9.22,9.21715,-0.12802,0.13759,0.01649,0.25626,0.13271,79.12891,10.37708,-17.84566,0,enoS1(1_parsed).csv
36.0764401188811,-79.0085354895105,9,0.51,133.6,9.67,1183603,9.67,9.67299,0.28415,0.54796,0.07636,-0.22037,-0.15562,78.47121,11.13709,-19.3803,0,enoS1(1_parsed).csv
36.0764397342657,-79.0085340979021,9,0.59,133.6,9.18,1184403,9.18,9.18066,-0.29013,0.02453,-0.02107,-0.27718,0.16386,79.50891,12.58404,-16.7641,0,enoS1(1_parsed).csv
36.0764395850816,-79.0085328205128,9,0.59,133.6,9.97,1184603,9.97,9.97029,0.18544,0.57607,-0.00473,0.06979,-0.00565,77.55042,11.50249,-20.72493,0,enoS1(1_parsed).csv
36.0764391748252,-79.008530993007,9,0.53,133.6,9.54,1185403,9.54,9.54377,-0.00957,0.81535,-0.0087,0.44761,-0.36133,77.97428,12.99328,-19.93569,0,enoS1(1_parsed).csv
36.0764389324009,-79.0085292400932,9,0.53,133.3,9.58,1185603,9.58,9.57907,-0.10349,-0.1675,-0.07926,-0.12263,0.16188,79.40661,13.06635,-17.81643,0,enoS1(1_parsed).csv
36.0764383613054,-79.0085271328671,9,0.46,133.3,9.85,1186403,9.85,9.85424,0.44028,0.29611,-0.01878,-0.32758,-0.06109,78.98275,11.0494,-17.75797,0,enoS1(1_parsed).csv
36.0764379137529,-79.0085251282051,9,0.46,133.3,9.48,1186603,9.48,9.47677,-0.1346,0.4331,-0.09117,0.1996,-0.14859,78.51505,10.66939,-19.1026,0,enoS1(1_parsed).csv
36.0764371398601,-79.0085231515151,9,0.59,133.3,10.19,1187403,10.19,10.18565,0.50668,0.40439,-0.05971,-0.45021,0.05147,77.56504,9.07629,-19.02952,0,enoS1(1_parsed).csv
36.0764363939394,-79.0085220699301,9,0.59,133.2,8.94,1187603,8.94,8.94198,-0.03589,0.23509,-0.12477,0.30574,-0.21457,79.09968,9.19322,-16.91026,0,enoS1(1_parsed).csv
36.0764352727273,-79.008520983683,9,0.59,133.2,9.37,1188403,9.37,9.37089,0.08794,0.1657,-0.1347,0.34285,-0.24542,78.96814,8.74013,-17.83104,0,enoS1(1_parsed).csv
36.0764344055944,-79.0085203869464,9,0.59,133.5,9.52,1188603,9.52,9.51506,-0.26142,0.60897,-0.10873,-0.46762,0.09178,78.67583,8.81321,-18.67875,0,enoS1(1_parsed).csv
36.076433034965,-79.0085195454545,9,0.69,133.5,9.62,1189403,9.62,9.62094,0.02393,0.64068,-0.07789,-0.22266,0.11225,78.20812,5.87547,-18.06489,0,enoS1(1_parsed).csv
36.0764317762238,-79.0085191724942,9,0.69,133.4,9.24,1189603,9.24,9.2357,-0.0658,0.0993,-0.12599,0.56108,-0.04856,79.08507,6.19702,-16.79334,0,enoS1(1_parsed).csv
36.0764301305361,-79.0085184405594,9,0.56,133.4,9.39,1190403,9.39,9.39303,-0.10409,0.49711,-0.13607,0.53161,0.1938,79.05583,4.41391,-16.50102,0,enoS1(1_parsed).csv
36.0764286759907,-79.0085181608391,9,0.56,133.1,9.65,1190603,9.65,9.64547,0.12622,0.02812,-0.05727,-0.31444,-0.12737,79.4943,4.47238,-16.44256,0,enoS1(1_parsed).csv
36.0764269370629,-79.0085172937063,9,0.78,133.1,9.26,1191403,9.26,9.25723,-0.15194,0.02871,-0.13057,-0.45769,0.32635,79.97662,2.95235,-12.7302,0,enoS1(1_parsed).csv
36.0764257435897,-79.0085163613054,9,0.78,132.8,10.13,1191603,10.13,10.12822,0.1011,0.24048,-0.09331,0.18234,-0.1237,77.95966,2.14849,-18.64952,0,enoS1(1_parsed).csv
36.076424030303,-79.0085153846154,9,0.9,132.8,8.85,1192403,8.85,8.84567,-0.5007,-0.23091,-0.09575,-0.2865,-0.01161,80.76585,3.05466,-13.40251,0,enoS1(1_parsed).csv
36.0764227342657,-79.0085147878788,9,0.9,132.9,10.36,1192603,10.36,10.36092,0.27996,0.667,-0.02718,-0.25855,0.08537,77.69658,1.11079,-18.78106,0,enoS1(1_parsed).csv
36.076421025641,-79.0085134125874,9,0.67,132.9,9.63,1193403,9.63,9.62513,0.03888,0.05324,0.03971,-0.67699,-0.27092,79.58199,2.19234,-14.2356,0,enoS1(1_parsed).csv
36.0764197202797,-79.008511995338,9,0.67,132.6,9.45,1193603,9.45,9.44866,-0.44088,0.38166,-0.03574,0.40577,0.1095,79.20199,3.91698,-15.93102,0,enoS1(1_parsed).csv
36.0764177995338,-79.0085103916084,9,0.78,132.6,9.5,1194403,9.5,9.49891,-0.17228,0.31466,-0.02184,0.66584,-0.08247,78.85121,2.64543,-16.09179,0,enoS1(1_parsed).csv
36.0764163076923,-79.008509048951,9,0.78,132.8,9.51,1194603,9.51,9.50788,-0.07418,0.15673,-0.01084,-0.58292,0.146,79.01199,2.41158,-15.77024,0,enoS1(1_parsed).csv
36.0764142261072,-79.0085076573426,9,0.76,132.8,9.18,1195403,9.18,9.17887,-0.03948,0.26142,0.1095,0.24511,-0.15745,79.04122,3.25928,-16.45718,0,enoS1(1_parsed).csv
36.0764124545455,-79.0085066876457,9,0.76,133.3,9.79,1195603,9.79,9.78904,-0.01256,0.58505,0.09804,-0.38026,0.02917,78.35428,4.29699,-19.17568,0,enoS1(1_parsed).csv
36.0764103986014,-79.0085054055944,9,0.77,133.3,9.09,1196403,9.09,9.08734,-0.17348,0.26979,0.11255,0.09377,-0.13485,79.42122,7.16165,-18.40105,0,enoS1(1_parsed).csv
36.0764087296037,-79.0085045477855,9,0.77,133.4,9.77,1196603,9.77,9.77348,-0.05803,0.50548,0.13241,-0.1657,0.0281,78.47121,7.5855,-19.45338,0,enoS1(1_parsed).csv
36.0764068298368,-79.0085035454545,9,0.7,133.4,9.32,1197403,9.32,9.32423,-0.2004,0.37448,0.20327,-0.18418,0.14676,78.48582,10.93248,-18.59105,0,enoS1(1_parsed).csv
36.0764055524475,-79.0085027995338,9,0.7,134.0,9.8,1197603,9.8,9.79562,0.13759,0.3344,0.2251,0.2529,-0.02321,78.5589,11.38556,-19.30722,0,enoS1(1_parsed).csv
36.076404020979,-79.0085019067599,9,0.6,134.0,9.84,1198403,9.84,9.8357,0.30568,0.6335,0.29474,-0.14752,-0.11408,78.45659,16.51564,-19.05876,0,enoS1(1_parsed).csv
36.0764031258741,-79.0085013659674,9,0.6,134.1,9.29,1198603,9.29,9.29432,-0.25125,0.02871,0.27733,0.34483,-0.15211,79.69892,19.76031,-17.46565,0,enoS1(1_parsed).csv
36.076401967366,-79.0085007272727,9,0.58,134.1,9.48,1199403,9.48,9.48335,0.0347,0.21476,0.31108,0.0368,0.12813,78.92429,24.36422,-15.77024,0,enoS1(1_parsed).csv
36.0764013519813,-79.0085003822844,9,0.58,134.1,9.68,1199603,9.68,9.68316,0.13998,0.57607,0.34514,0.07895,-0.21808,78.71967,25.79655,-16.36948,0,enoS1(1_parsed).csv
36.0764001678322,-79.0084998578088,9,0.83,134.1,9.63,1200403,9.63,9.6341,-0.1005,0.38584,0.30849,0.05651,-0.14432,78.45659,30.16662,-11.47325,0,enoS1(1_parsed).csv
36.0763994498834,-79.0084992703962,9,0.83,134.1,9.46,1200603,9.46,9.46421,-0.00239,0.24706,0.27397,0.21044,0.0701,78.96814,30.88278,-8.47705,0,enoS1(1_parsed).csv
36.0763978974359,-79.0084989020979,9,0.71,134.1,9.42,1201403,9.42,9.41636,-0.30748,-0.11127,0.28268,-0.22205,0.18555,78.88045,34.3613,-2.47004,0,enoS1(1_parsed).csv
36.0763965081585,-79.0084987995338,9,0.71,133.8,9.81,1201603,9.81,9.81476,0.335,0.42054,0.27978,0.17914,-0.08491,79.09968,33.13359,-3.81467,0,enoS1(1_parsed).csv
36.0763944522145,-79.0084987738928,9,0.89,133.8,9.72,1202403,9.72,9.72443,-0.02333,0.201,0.29719,-0.655,-0.12798,78.45659,34.71207,2.29465,0,enoS1(1_parsed).csv
36.0763924848485,-79.0084991375291,9,0.89,134.0,9.63,1202603,9.63,9.62692,-0.09332,0.56231,0.22419,0.46426,-0.00535,78.16428,35.91055,3.36159,0,enoS1(1_parsed).csv
36.076390034965,-79.0084994895105,9,1.17,134.0,9.54,1203403,9.54,9.54497,-0.2339,0.32124,0.26435,-0.00031,0.05803,77.97428,34.33207,8.53552,0,enoS1(1_parsed).csv
36.076387965035,-79.0084998531469,9,1.17,134.2,9.54,1203603,9.54,9.54497,0.2321,0.34038,0.27764,0.05498,-0.01313,78.26659,32.70973,9.74861,0,enoS1(1_parsed).csv
36.0763855151515,-79.0085000396271,9,1.07,134.2,9.37,1204403,9.37,9.37089,-0.22193,0.2656,0.22449,0.18341,-0.0255,77.34581,31.16048,14.06022,0,enoS1(1_parsed).csv
36.0763836317016,-79.0085001328671,9,1.07,134.6,9.63,1204603,9.63,9.62932,-0.08614,0.42951,0.24404,-0.12217,0.18372,77.97428,29.61122,15.65332,0,enoS1(1_parsed).csv
36.0763815547785,-79.0084999207459,9,0.79,134.6,9.5,1205403,9.5,9.49711,0.21236,0.27338,0.24022,0.36209,-0.07055,78.33967,25.19731,19.78954,0,enoS1(1_parsed).csv
36.0763803146853,-79.0084994638695,9,0.79,134.8,9.61,1205603,9.61,9.61137,-0.3984,0.1011,0.27413,-0.22907,-0.20097,77.02426,26.46887,20.54955,0,enoS1(1_parsed).csv
36.0763785384615,-79.0084991631702,9,0.61,134.8,9.55,1206403,9.55,9.55394,0.09153,0.27577,0.30925,-0.18524,-0.21564,77.27273,20.21339,23.64806,0,enoS1(1_parsed).csv
36.0763774848485,-79.0084988741259,9,0.61,134.6,9.54,1206603,9.54,9.54138,-0.33141,0.2985,0.31017,0.00519,0.03406,77.33119,19.49722,23.9696,0,enoS1(1_parsed).csv
36.0763755687646,-79.0084988321678,9,0.78,134.6,9.39,1207403,9.39,9.39123,-0.11007,0.37986,0.33201,0.2613,0.02657,77.25811,12.89097,26.70272,0,enoS1(1_parsed).csv
36.0763737972028,-79.008499,9,0.78,134.7,9.69,1207603,9.69,9.68794,-0.03829,0.2656,0.34376,-0.17394,0.12828,77.7112,8.81321,26.57118,0,enoS1(1_parsed).csv
36.0763715757576,-79.008499,9,0.81,134.7,9.37,1208403,9.37,9.36969,0.00837,-0.06341,0.32132,-0.07819,-0.06002,76.41041,3.58082,26.86349,0,enoS1(1_parsed).csv
36.0763698041958,-79.0084990839161,9,0.81,134.4,9.81,1208603,9.81,9.81117,-0.3003,0.38824,0.36072,-0.01008,-0.09575,78.52967,2.67466,24.29114,0,enoS1(1_parsed).csv
36.0763676759907,-79.0084990629371,9,0.79,134.4,9.5,1209403,9.5,9.49532,0.03649,0.04606,0.34163,-0.37828,-0.00076,77.88658,-4.80854,21.73341,0,enoS1(1_parsed).csv
36.076366006993,-79.008498960373,9,0.79,134.3,9.77,1209603,9.77,9.77169,-0.14237,0.55753,0.32391,0.02321,-0.04612,78.58813,-5.39316,18.03566,0,enoS1(1_parsed).csv
36.0763641794872,-79.0084987995338,9,0.68,134.3,9.37,1210403,9.37,9.37089,0.11844,0.64008,0.30436,0.10095,0.11652,77.9012,-9.10552,13.49021,0,enoS1(1_parsed).csv
36.0763630699301,-79.0084986876457,9,0.68,134.2,9.53,1210603,9.53,9.53181,0.01795,0.24467,0.33094,-0.08491,-0.11912,77.74043,-10.04092,12.56942,0,enoS1(1_parsed).csv
36.0763616363636,-79.0084984592075,9,0.61,134.2,9.57,1211403,9.57,9.56591,0.11366,0.08495,0.26008,0.21243,-0.01695,78.22274,-11.7948,6.78164,0,enoS1(1_parsed).csv
36.0763608997669,-79.0084981608392,9,0.61,134.2,9.33,1211603,9.33,9.33081,-0.10528,0.34756,0.27993,-0.11729,-0.03955,78.25198,-11.35633,6.85472,0,enoS1(1_parsed).csv
36.0763593939394,-79.0084978391608,9,0.64,134.2,9.69,1212403,9.69,9.68974,-0.06879,0.60179,0.29352,-0.0533,-0.14844,78.86583,-9.80707,-2.2508,0,enoS1(1_parsed).csv
36.076358032634,-79.0084973729604,9,0.64,134.3,9.32,1212603,9.32,9.32423,-0.1334,0.16989,0.27077,0.29734,0.08644,78.73429,-9.55861,-0.89155,0,enoS1(1_parsed).csv
36.0763563403263,-79.0084971864802,9,0.47,134.3,9.88,1213403,9.88,9.88236,0.17587,0.32542,0.26924,0.48304,0.04688,77.88658,-7.95089,-8.78398,0,enoS1(1_parsed).csv
36.076355062937,-79.0084972797203,9,0.47,134.2,9.03,1213603,9.03,9.0347,-0.21476,0.10708,0.33323,-0.12156,-0.16509,78.73429,-6.06548,-6.59164,0,enoS1(1_parsed).csv
36.0763533240093,-79.0084974405595,9,0.71,134.2,9.58,1214403,9.58,9.57727,-0.21894,0.13519,0.23808,0.25885,-0.06475,78.66121,-2.22157,-13.50482,0,enoS1(1_parsed).csv
36.0763519533799,-79.0084977296037,9,0.71,134.3,9.51,1214603,9.51,9.51027,-0.05982,0.5683,0.27687,-0.18372,0.04307,78.58813,-0.62847,-14.92254,0,enoS1(1_parsed).csv
36.0763502867133,-79.0084981235431,9,0.69,134.3,9.54,1215403,9.54,9.54078,-0.23031,0.38524,0.22739,-0.21029,0.21884,78.80737,3.08389,-17.34873,0,enoS1(1_parsed).csv
36.076349009324,-79.0084986829837,9,0.69,134.4,9.59,1215603,9.59,9.59283,0.25065,0.35234,0.24603,0.20372,-0.05284,78.2812,3.15697,-17.90412,0,enoS1(1_parsed).csv
36.0763474568765,-79.008498983683,9,0.62,134.4,9.71,1216403,9.71,9.70828,0.0335,0.50907,0.27718,-0.28879,-0.12843,78.77814,9.69015,-20.08185,0,enoS1(1_parsed).csv
36.0763462913753,-79.0084993379953,9,0.62,134.3,9.53,1216603,9.53,9.52942,0.02453,0.31944,0.22098,0.24984,0.03299,79.1143,10.53785,-18.03566,0,enoS1(1_parsed).csv
36.0763448018648,-79.0084991561772,9,0.59,134.3,9.89,1217403,9.89,9.89073,0.08435,0.32901,0.26481,-0.26588,-0.13622,78.5589,15.9164,-18.66413,0,enoS1(1_parsed).csv
36.0763438321678,-79.0084984848485,9,0.59,134.6,9.21,1217603,9.21,9.21297,-0.1681,0.07298,0.22358,0.11393,0.0423,78.96814,17.49488,-17.55335,0,enoS1(1_parsed).csv
36.0763426480186,-79.0084977948718,9,0.69,134.6,9.81,1218403,9.81,9.81117,-0.00419,0.39063,0.27245,0.11591,0.17975,78.39812,22.96112,-17.94797,0,enoS1(1_parsed).csv
36.076342032634,-79.0084971794872,9,0.69,134.5,9.23,1218603,9.23,9.22972,0.07059,0.29133,0.28344,-0.12385,-0.07117,79.18737,23.60421,-16.61795,0,enoS1(1_parsed).csv
36.0763408741259,-79.0084963543123,9,0.67,134.5,9.58,1219403,9.58,9.57967,-0.01854,0.48335,0.27535,0.23579,-0.09957,78.45659,27.28734,-14.58638,0,enoS1(1_parsed).csv
36.076339979021,-79.0084957109557,9,0.67,134.5,9.44,1219603,9.44,9.43909,-0.08016,0.12682,0.25,-0.09591,0.04322,78.64659,29.24584,-11.54633,0,enoS1(1_parsed).csv
36.0763384475524,-79.0084948228438,9,0.64,134.5,9.39,1220403,9.39,9.39003,0.00419,0.3673,0.27092,-0.23381,-0.00275,78.2812,32.27127,-8.18474,0,enoS1(1_parsed).csv
36.076337002331,-79.008493983683,9,0.64,134.4,9.67,1220603,9.67,9.67239,-0.01137,0.37328,0.24358,0.18754,0.00122,78.29582,32.47588,-7.48319,0,enoS1(1_parsed).csv
36.0763351445221,-79.008493002331,9,0.87,134.4,9.41,1221403,9.41,9.41037,-0.08195,0.56172,0.22694,0.06261,0.04414,78.45659,33.93745,-3.53698,0,enoS1(1_parsed).csv
36.0763335128205,-79.0084920885781,9,0.87,134.9,9.52,1221603,9.52,9.51685,0.04546,0.2991,0.25611,0.04276,-0.17333,78.04736,34.02514,-0.19,0,enoS1(1_parsed).csv
36.0763318205128,-79.008491004662,9,0.66,134.9,9.63,1222403,9.63,9.63051,-0.26381,0.41037,0.21014,0.31857,0.03879,78.04736,34.79977,2.96697,0,enoS1(1_parsed).csv
36.0763307296037,-79.0084902867133,9,0.66,135.2,9.46,1222603,9.46,9.45644,-0.03769,0.19561,0.23381,0.01924,0.08186,78.20812,34.22976,6.12394,0,enoS1(1_parsed).csv
36.0763293636364,-79.0084896736597,9,0.36,135.2,9.5,1223403,9.5,9.49652,-0.0347,-0.02393,0.18631,-0.01588,0.24129,77.9012,32.69512,11.40018,0,enoS1(1_parsed).csv
36.0763286363636,-79.0084894125874,9,0.36,135.9,9.77,1223603,9.77,9.7681,0.28355,0.32363,0.20174,-0.10996,-0.2222,78.64659,31.86203,10.23093,0,enoS1(1_parsed).csv
36.0763272703963,-79.008489053613,9,0.56,135.9,9.49,1224403,9.49,9.49472,-0.09511,0.24706,0.15088,-0.07468,-0.04917,78.14967,30.7074,14.16253,0,enoS1(1_parsed).csv
36.0763264312354,-79.008488988345,9,0.56,135.7,9.51,1224603,9.51,9.51386,-0.01974,0.45284,0.15302,-0.19135,0.03207,78.66121,30.6197,13.89944,0,enoS1(1_parsed).csv
36.0763246759907,-79.0084885314685,9,0.91,135.7,9.71,1225403,9.71,9.71366,-0.05085,0.77348,0.17685,0.03528,0.05177,78.66121,28.6466,15.84332,0,enoS1(1_parsed).csv
36.0763230722611,-79.008488027972,9,0.91,135.6,9.3,1225603,9.3,9.29851,0.01256,0.10528,0.15348,0.19777,0.08949,77.93044,26.99503,20.12569,0,enoS1(1_parsed).csv
36.0763206480187,-79.0084873589744,9,0.92,135.6,9.51,1226403,9.51,9.50668,-0.0317,0.0658,0.16997,-0.12462,-0.02367,77.44811,24.51038,21.79187,0,enoS1(1_parsed).csv
36.0763186247086,-79.0084866783217,9,0.92,135.8,9.64,1226603,9.64,9.64188,0.05982,0.07896,0.16157,0.16005,-0.10385,77.19965,23.28267,21.89418,0,enoS1(1_parsed).csv
36.0763157226107,-79.0084862680653,9,1.06,135.8,9.82,1227403,9.82,9.82074,-0.11964,0.1322,0.14478,-0.39951,-0.04551,77.82812,21.41187,23.67729,0,enoS1(1_parsed).csv
36.0763132797203,-79.0084863053613,9,1.06,135.8,9.46,1227603,9.46,9.46122,-0.12861,0.26321,0.17379,-0.05818,-0.02413,78.19351,20.02338,22.82958,0,enoS1(1_parsed).csv
36.0763099207459,-79.0084860815851,9,1.24,135.8,9.31,1228403,9.31,9.30748,-0.06341,0.36072,0.21212,-0.33643,-0.02306,77.84274,17.48027,23.47267,0,enoS1(1_parsed).csv
36.0763068251748,-79.0084859417249,9,1.24,135.7,9.69,1228603,9.69,9.68854,-0.05324,0.59222,0.2022,0.18418,0.03131,78.60275,16.01871,24.42268,0,enoS1(1_parsed).csv
36.0763032540792,-79.0084855780886,9,1.21,135.7,9.57,1229403,9.57,9.56591,-0.01675,0.55992,0.25168,0.10125,0.1237,77.69658,10.71324,25.51886,0,enoS1(1_parsed).csv
36.0763004475524,-79.008485,9,1.21,135.6,9.53,1229603,9.53,9.52643,0.25304,0.1681,0.2697,0.21854,-0.10415,77.14119,8.46244,26.89272,0,enoS1(1_parsed).csv
36.0762972191142,-79.0084844662005,9,1.08,135.6,9.4,1230403,9.4,9.40499,0.12682,0.12921,0.37736,0.22342,-0.24496,76.70272,2.76235,25.82578,0,enoS1(1_parsed).csv
36.076294990676,-79.0084841678322,9,1.08,135.6,9.63,1230603,9.63,9.62513,-0.28175,0.26082,0.37889,-0.31521,-0.02581,78.12044,1.75387,23.80883,0,enoS1(1_parsed).csv
36.0762925291375,-79.0084839393939,9,0.75,135.6,9.42,1231403,9.42,9.42353,-0.12084,0.0006,0.4047,0.23976,-0.00611,78.07658,-5.3347,20.95878,0,enoS1(1_parsed).csv
36.0762911491841,-79.0084840792541,9,0.75,135.5,9.51,1231603,9.51,9.51147,-0.02572,0.34098,0.42944,-0.43936,0.02245,78.23736,-7.24934,17.55335,0,enoS1(1_parsed).csv
36.0762891701632,-79.0084840675991,9,0.7,135.5,9.66,1232403,9.66,9.65923,0.17767,0.29791,0.41279,-0.10797,0.05055,78.2812,-11.38556,10.90324,0,enoS1(1_parsed).csv
36.076288004662,-79.0084841888112,9,0.7,135.5,9.47,1232603,9.47,9.4666,-0.13699,0.49352,0.42623,0.21884,-0.15409,79.15814,-11.25402,9.35399,0,enoS1(1_parsed).csv
36.0762859020979,-79.0084837575757,9,0.44,135.5,9.67,1233403,9.67,9.67299,-0.20818,0.54078,0.34957,0.15653,-0.0449,78.92429,-10.37708,0.08769,0,enoS1(1_parsed).csv
36.0762842051282,-79.0084831421911,9,0.44,135.9,9.58,1233603,9.58,9.57787,-0.05085,0.18365,0.35598,-0.0223,0.23931,78.82198,-11.02017,-0.89155,0,enoS1(1_parsed).csv
36.0762819417249,-79.008482058275,9,0.75,135.9,9.44,1234403,9.44,9.44268,0.23809,0.22672,0.33521,-0.04016,0.27306,78.42736,-8.82783,-5.58316,0,enoS1(1_parsed).csv
36.0762801421911,-79.0084807902098,9,0.75,135.7,9.6,1234603,9.6,9.60479,0.15135,0.35474,0.35445,-0.08415,-0.43646,78.66121,-6.60626,-8.56475,0,enoS1(1_parsed).csv
36.0762778578089,-79.0084796899767,9,0.97,135.7,9.66,1235403,9.66,9.66222,-0.10887,0.37089,0.3963,-0.41279,-0.14554,78.83659,-0.6577,-13.7679,0,enoS1(1_parsed).csv
36.0762760582751,-79.0084788601398,9,0.97,135.6,9.5,1235603,9.5,9.5025,-0.36969,0.32542,0.36789,0.29108,0.08796,79.39199,2.92312,-15.15639,0,enoS1(1_parsed).csv
36.0762737948718,-79.0084780862471,9,1.17,135.6,9.91,1236403,9.91,9.90569,-0.04666,0.27996,0.51511,-0.12156,0.54107,77.49197,9.2663,-20.34493,0,enoS1(1_parsed).csv
36.0762721818182,-79.0084774708624,9,1.17,135.2,9.11,1236603,9.11,9.10649,0.55573,0.43011,0.58139,0.42654,-0.44166,78.90968,11.2394,-17.15873,0,enoS1(1_parsed).csv
36.0762700582751,-79.0084769417249,9,0.85,135.2,9.59,1237403,9.59,9.59163,0.00359,0.62692,0.64278,0.69593,-0.39584,78.10582,24.80269,-16.41333,0,enoS1(1_parsed).csv
36.0762684545455,-79.0084768205128,9,0.85,134.9,9.48,1237603,9.48,9.47976,-0.4654,-0.4672,0.65928,-0.16906,0.04047,78.61736,28.85121,-10.62555,0,enoS1(1_parsed).csv
36.0762663986014,-79.0084767529138,9,0.69,134.9,9.58,1238403,9.58,9.58266,-0.31705,-0.15972,0.6579,0.28848,-0.03772,77.98889,34.81438,-0.57001,0,enoS1(1_parsed).csv
36.076264981352,-79.0084769300699,9,0.69,134.7,9.49,1238603,9.49,9.48754,0.03709,0.06221,0.66096,-0.35293,0.21044,78.85121,33.87898,1.60772,0,enoS1(1_parsed).csv
36.076263018648,-79.0084771631702,9,0.72,134.7,9.25,1239403,9.25,9.25424,0.03709,-0.23868,0.65011,-0.36484,0.02321,77.93044,31.51125,13.75329,0,enoS1(1_parsed).csv
36.0762614335664,-79.0084775361305,9,0.72,134.8,9.7,1239603,9.7,9.70349,-0.00718,0.6,0.59452,0.15577,-0.0646,78.66121,30.73663,12.90558,0,enoS1(1_parsed).csv
36.0762594195804,-79.0084778368298,9,0.83,134.8,9.36,1240403,9.36,9.36431,-0.15553,0.21954,0.59193,0.30803,-0.12782,77.79889,22.02572,22.77112,0,enoS1(1_parsed).csv
36.0762583566434,-79.0084777062937,9,0.83,135.0,9.75,1240603,9.75,9.75315,-0.25484,0.41216,0.62354,-0.23579,0.07651,78.12044,19.78954,22.93189,0,enoS1(1_parsed).csv
36.0762564708625,-79.0084778531468,9,0.76,135.0,9.27,1241403,9.27,9.2692,-0.19023,0.02094,0.63774,-0.56642,0.01069,77.63812,7.51242,27.21426,0,enoS1(1_parsed).csv
36.076255006993,-79.0084781981352,9,0.76,135.1,9.8,1241603,9.8,9.79562,0.14177,0.51087,0.57818,0.40256,0.03283,78.52967,3.68313,24.29114,0,enoS1(1_parsed).csv
36.0762524731935,-79.008479002331,9,0.93,135.1,9.23,1242403,9.23,9.22672,0.21296,0.12562,0.65103,-0.04246,-0.48503,77.33119,-6.2701,20.02338,0,enoS1(1_parsed).csv
36.0762500769231,-79.008479981352,9,0.93,135.1,9.79,1242603,9.79,9.79263,-0.48215,0.73759,0.54413,-0.16249,0.12309,79.46507,-5.07162,15.7264,0,enoS1(1_parsed).csv
36.076246962704,-79.008481018648,9,0.84,135.1,9.41,1243403,9.41,9.41456,-0.14118,0.02034,0.54825,-0.301,0.37522,78.90968,-11.19556,8.28705,0,enoS1(1_parsed).csv
36.0762442773893,-79.0084820815851,9,0.84,135.2,9.53,1243603,9.53,9.5342,0.3673,0.42592,0.56429,0.30635,-0.2193,78.23736,-12.21865,5.56855,0,enoS1(1_parsed).csv
36.07624097669,-79.0084828648018,9,0.78,135.2,9.58,1244403,9.58,9.57787,-0.04068,0.42173,0.53848,-0.06399,-0.07285,78.50043,-8.9886,-7.05934,0,enoS1(1_parsed).csv
36.0762381235431,-79.0084833589743,9,0.78,135.3,9.47,1244603,9.47,9.47019,-0.1675,0.39182,0.54214,0.0817,-0.04994,78.99737,-5.97778,-8.95937,0,enoS1(1_parsed).csv
36.0762354755245,-79.0084832820513,9,0.96,135.3,9.25,1245403,9.25,9.24706,-0.35234,0.26321,0.50274,-0.06796,-0.05589,79.47968,2.32388,-15.09793,0,enoS1(1_parsed).csv
36.076234011655,-79.0084828997669,9,0.96,135.1,9.81,1245603,9.81,9.81237,-0.0347,0.43729,0.48228,-0.01924,0.22907,78.47121,4.13622,-16.83718,0,enoS1(1_parsed).csv
36.076232027972,-79.0084824475525,9,0.86,135.1,9.33,1246403,9.33,9.32662,0.09751,0.10409,0.54413,0.04749,0.02428,79.61122,12.77404,-17.39258,0,enoS1(1_parsed).csv
36.0762308904429,-79.0084816456877,9,0.86,135.0,9.73,1246603,9.73,9.72563,0.01316,0.4672,0.56536,-0.14707,-0.2532,79.01199,16.51564,-19.35107,0,enoS1(1_parsed).csv
36.0762292027972,-79.0084806340326,9,0.83,135.0,9.51,1247403,9.51,9.51147,-0.13041,0.19801,0.56872,-0.04078,-0.22495,78.95352,26.61502,-13.47559,0,enoS1(1_parsed).csv
36.0762282610723,-79.0084794685314,9,0.83,134.8,9.6,1247603,9.6,9.60479,-0.16211,0.24646,0.51328,-0.34178,0.21319,79.04122,28.35428,-13.21251,0,enoS1(1_parsed).csv
36.0762266456876,-79.0084784778555,9,1.05,134.8,9.43,1248403,9.43,9.42653,0.10828,0.2674,0.48075,-0.03039,-0.06582,78.90968,33.95206,-4.41391,0,enoS1(1_parsed).csv
36.0762254242424,-79.0084778624709,9,1.05,134.5,9.38,1248603,9.38,9.38465,-0.18066,0.33559,0.41814,-0.24893,0.2361,78.29582,33.8059,-2.68927,0,enoS1(1_parsed).csv
36.0762233892774,-79.0084773379953,9,0.96,134.5,9.58,1249403,9.58,9.57907,0.01854,0.56471,0.35659,0.1211,0.10476,78.58813,33.84975,4.54545,0,enoS1(1_parsed).csv
36.0762215244755,-79.0084772727273,9,0.96,134.2,9.44,1249603,9.44,9.43729,0.02453,0.08614,0.3485,0.22113,-0.12492,78.48582,33.54282,7.81935,0,enoS1(1_parsed).csv
36.0762192354312,-79.0084771934732,9,1.3,134.2,9.39,1250403,9.39,9.38585,0.00419,0.0664,0.26741,0.5142,-0.23411,77.47735,31.73049,14.39638,0,enoS1(1_parsed).csv
36.0762174452214,-79.0084774918415,9,1.3,134.1,9.68,1250603,9.68,9.68375,-0.29492,0.1657,0.28359,-0.44517,-0.00535,77.91581,31.48202,14.26484,0,enoS1(1_parsed).csv
36.0762151818182,-79.0084770815851,9,0.87,134.1,9.23,1251403,9.23,9.22672,-0.18903,-0.09392,0.20571,-0.05421,0.31276,76.89272,27.91582,20.53493,0,enoS1(1_parsed).csv
36.0762134755245,-79.0084764755245,9,0.87,134.0,9.91,1251603,9.91,9.90688,0.0664,0.15912,0.25779,-0.17211,-0.07086,78.03274,25.78193,18.83952,0,enoS1(1_parsed).csv
36.0762113776224,-79.0084755780886,9,1.1,134.0,9.44,1252403,9.44,9.4355,0.2656,0.19083,0.27657,-0.15577,-0.26084,77.52119,21.47033,23.48729,0,enoS1(1_parsed).csv
36.0762098578088,-79.0084744219114,9,1.1,134.0,9.69,1252603,9.69,9.68794,-0.32423,0.47139,0.23045,-0.04673,-0.03879,78.29582,22.17188,21.30956,0,enoS1(1_parsed).csv
36.0762077552447,-79.0084735244755,9,1.12,134.0,9.84,1253403,9.84,9.83689,-0.24467,0.64845,0.21594,-0.11362,0.16799,78.50043,17.05642,23.10728,0,enoS1(1_parsed).csv
36.0762063286713,-79.0084729184149,9,1.12,133.7,9.33,1253603,9.33,9.3344,0.05145,0.201,0.23121,0.3065,0.04215,78.10582,15.33177,24.65653,0,enoS1(1_parsed).csv
36.0762042051282,-79.0084725081585,9,1.01,133.7,9.89,1254403,9.89,9.88595,-0.04187,0.50189,0.22694,-0.11377,0.0339,78.67583,10.47939,23.58959,0,enoS1(1_parsed).csv
36.0762024988345,-79.0084725547785,9,1.01,133.7,9.28,1254603,9.28,9.28056,-0.06042,0.26082,0.25183,0.36988,-0.06032,77.56504,8.81321,25.89886,0,enoS1(1_parsed).csv
36.0762002610723,-79.0084725384615,9,0.99,133.7,9.58,1255403,9.58,9.58325,0.24706,0.4002,0.21487,0.44379,-0.03955,78.31043,3.14236,24.6273,0,enoS1(1_parsed).csv
36.0761987132867,-79.0084727808858,9,0.99,133.2,9.52,1255603,9.52,9.52463,-0.16989,0.1651,0.25213,-0.21258,-0.2642,77.74043,3.68313,24.05729,0,enoS1(1_parsed).csv
36.0761963403263,-79.0084727389277,9,1.14,133.2,9.33,1256403,9.33,9.3344,-0.10947,0.08495,0.24572,-0.12889,-0.06399,78.22274,-1.60772,23.15112,0,enoS1(1_parsed).csv
36.0761944102564,-79.0084727109557,9,1.14,132.8,9.58,1256603,9.58,9.58086,-0.10469,0.54736,0.2135,0.03009,0.09865,79.37738,-2.70389,20.56416,0,enoS1(1_parsed).csv
36.0761916433566,-79.0084723426573,9,1.28,132.8,9.87,1257403,9.87,9.87219,-0.11545,0.7669,0.21823,-0.01863,0.06475,79.37738,-6.16779,16.80795,0,enoS1(1_parsed).csv
36.0761892470862,-79.008472016317,9,1.28,132.5,9.26,1257603,9.26,9.25663,-0.03709,-0.17647,0.24465,0.34621,-0.09026,77.49197,-7.07396,19.11722,0,enoS1(1_parsed).csv
36.0761863659674,-79.0084714242424,9,1.09,132.5,9.71,1258403,9.71,9.71426,-0.18963,0.54497,0.23839,0.03818,0.06506,78.98275,-8.94475,12.43788,0,enoS1(1_parsed).csv
36.0761841468531,-79.0084708741259,9,1.09,132.3,9.4,1258603,9.4,9.39542,0.11426,0.19322,0.21166,0.3291,-0.03421,78.61736,-9.57322,13.3002,0,enoS1(1_parsed).csv
36.0761813333333,-79.0084699393939,9,1.24,132.3,9.83,1259403,9.83,9.82852,-0.13101,0.32722,0.20464,0.24404,-0.03451,79.09968,-10.90324,7.35165,0,enoS1(1_parsed).csv
36.0761793006993,-79.0084690815851,9,1.24,132.3,9.38,1259603,9.38,9.37867,-0.01137,0.02034,0.20113,-0.07437,-0.00519,78.79275,-10.96171,9.04706,0,enoS1(1_parsed).csv
36.0761767925408,-79.0084677319347,9,1.04,132.3,9.5,1260403,9.5,9.5001,0.00538,0.20818,0.20388,-0.18265,-0.26985,78.99737,-11.03479,2.23619,0,enoS1(1_parsed).csv
36.076175039627,-79.0084664825175,8,1.04,132.2,9.48,1260603,9.48,9.47797,-0.37926,0.51206,0.14981,0.18937,0.15379,79.42122,-10.17246,1.06694,0,enoS1(1_parsed).csv
36.0761725734266,-79.0084648111888,8,1.06,132.2,9.82,1261403,9.82,9.81656,-0.18544,0.60359,0.1237,0.26328,0.24755,78.85121,-9.70477,-2.66004,0,enoS1(1_parsed).csv
36.0761708298368,-79.0084634405594,8,1.06,132.4,9.32,1261603,9.32,9.32184,0.03589,0.1005,0.17944,0.03864,-0.04154,78.50043,-10.84478,-0.89155,0,enoS1(1_parsed).csv
36.0761683170163,-79.0084617062937,8,1.24,132.4,9.4,1262403,9.4,9.39781,0.19083,0.2321,0.1828,0.09927,-0.04734,78.77814,-9.86554,-5.81701,0,enoS1(1_parsed).csv
36.0761663869464,-79.0084601491841,8,1.24,132.5,9.7,1262603,9.7,9.7005,0.00778,0.43549,0.15699,-0.02474,-0.20143,79.07045,-8.34551,-7.22011,0,enoS1(1_parsed).csv
36.0761637599068,-79.0084583170163,8,0.92,132.5,9.55,1263403,9.55,9.55095,-0.14776,0.1651,0.18922,-0.14539,-0.0788,78.85121,-6.31394,-9.1786,0,enoS1(1_parsed).csv
36.0761616433566,-79.0084569557109,8,0.92,132.3,9.56,1263603,9.56,9.56411,-0.14118,0.38764,0.17944,0.06185,0.0,78.85121,-5.07162,-10.80094,0,enoS1(1_parsed).csv
36.076158969697,-79.0084553776224,8,0.96,132.3,9.76,1264403,9.76,9.76272,0.02572,0.4684,0.13424,-0.22892,0.18662,78.17889,-3.05466,-14.30868,0,enoS1(1_parsed).csv
36.0761569463869,-79.0084543892774,9,0.96,132.4,9.42,1264603,9.42,9.41815,0.20518,0.3003,0.13836,0.41875,-0.24007,78.85121,-2.29465,-12.9202,0,enoS1(1_parsed).csv
36.0761542937063,-79.0084530909091,9,0.82,132.4,9.65,1265403,9.65,9.65085,-0.12383,0.2668,0.12996,0.25137,-0.11713,78.69044,1.47618,-15.22947,0,enoS1(1_parsed).csv
36.0761525314685,-79.0084519533799,9,0.82,132.6,9.28,1265603,9.28,9.27877,-0.28475,0.26142,0.14569,-0.23717,0.12843,79.36276,2.07542,-14.7033,0,enoS1(1_parsed).csv
36.076150002331,-79.0084508321678,9,0.77,132.6,9.5,1266403,9.5,9.49831,-0.01735,0.36849,0.11102,-0.09835,0.21961,79.12891,4.04852,-17.11488,0,enoS1(1_parsed).csv
36.0761477925408,-79.0084503566434,9,0.77,132.6,9.39,1266603,9.39,9.39362,0.24467,0.31944,0.1182,0.354,-0.08216,79.05583,2.9962,-17.45104,0,enoS1(1_parsed).csv
36.07614504662,-79.0084495104895,9,0.87,132.6,9.85,1267403,9.85,9.84706,0.03888,0.42652,0.12538,0.3065,-0.08338,78.25198,7.17626,-18.88337,0,enoS1(1_parsed).csv
36.0761427808858,-79.0084487925408,9,0.87,132.7,9.21,1267603,9.21,9.21476,-0.12443,-0.01914,0.14294,0.11393,-0.14096,79.83046,8.91552,-15.68255,0,enoS1(1_parsed).csv
36.0761402587413,-79.0084481538462,9,0.75,132.7,9.64,1268403,9.64,9.63709,-0.00179,-0.11366,0.15073,0.52886,0.01756,78.60275,12.23327,-17.3195,0,enoS1(1_parsed).csv
36.0761383193473,-79.0084478181818,9,0.75,132.9,8.95,1268603,8.95,8.95215,-0.15673,-0.57906,-2.93139,0.10736,0.21609,80.61971,8.63783,-13.31482,0,enoS1(1_parsed).csv
36.0761365337995,-79.0084475011655,9,0.28,132.9,9.6,1269403,9.6,9.59941,-0.11605,-0.24646,-1.25304,-0.02138,0.44593,78.42736,-11.16633,13.18328,0,enoS1(1_parsed).csv
36.0761356480186,-79.0084474638695,9,0.28,133.0,9.44,1269603,9.44,9.43849,0.13998,-0.74178,-1.48578,0.03696,-0.04597,76.60041,-10.08477,19.67261,0,enoS1(1_parsed).csv
36.0761349510489,-79.0084471631702,9,0.15,133.0,9.25,1270403,9.25,9.25125,-0.04666,-0.75374,-0.0058,0.39981,-0.19609,75.21192,9.41245,30.41508,0,enoS1(1_parsed).csv
36.0761351188811,-79.0084467902098,9,0.15,133.0,9.44,1270603,9.44,9.44028,-0.75972,-2.17448,0.22327,0.60048,-0.04933,72.08419,9.93861,35.47208,0,enoS1(1_parsed).csv
36.0761347342657,-79.0084467692308,9,0.03,133.0,9.37,1271403,9.37,9.37089,-0.32303,-1.45962,-0.06552,-0.0617,-0.04811,73.45805,7.84858,32.54896,0,enoS1(1_parsed).csv
36.0761345011655,-79.008447039627,9,0.03,133.1,9.42,1271603,9.42,9.42473,-0.48574,-1.31306,-0.02673,-0.05345,-0.02886,73.89652,8.03858,32.43204,0,enoS1(1_parsed).csv
36.0761341118881,-79.0084472004662,9,0.01,133.1,9.32,1272403,9.32,9.31705,-0.4666,-1.73181,0.00657,0.21732,0.00993,72.56651,7.41011,34.75592,0,enoS1(1_parsed).csv
36.0761338041958,-79.0084473962704,9,0.01,133.2,9.28,1272603,9.28,9.27877,-0.15553,-2.01416,0.02382,0.08125,0.05253,72.08419,7.76089,35.58901,0,enoS1(1_parsed).csv
36.0761334358974,-79.0084476037296,9,0.03,133.2,9.26,1273403,9.26,9.26202,-0.12921,-1.97587,0.00458,0.13683,0.08308,71.60188,5.90471,35.16515,0,enoS1(1_parsed).csv
36.0761331375291,-79.0084478834499,9,0.03,133.4,9.24,1273603,9.24,9.23929,0.10469,-2.03809,0.01313,-0.04184,-0.00305,71.26571,5.15931,35.44285,0,enoS1(1_parsed).csv
36.0761329557109,-79.00844802331,9,0.05,133.4,9.27,1274403,9.27,9.27338,0.15075,-1.59123,0.11851,0.0785,0.10156,72.99035,5.20316,34.34668,0,enoS1(1_parsed).csv
36.0761329370629,-79.0084481072261,9,0.05,133.4,9.44,1274603,9.44,9.44208,0.16092,-1.87298,-0.14752,-0.02184,-0.06353,72.66881,4.06314,34.52207,0,enoS1(1_parsed).csv
36.0761329160839,-79.0084479463869,9,0.02,133.4,9.24,1275403,9.24,9.2357,0.31346,-1.54517,0.01573,0.20204,-0.01069,73.18035,4.26776,33.95206,0,enoS1(1_parsed).csv
36.076133,-79.0084476480187,9,0.02,133.5,9.45,1275603,9.45,9.45045,0.22612,-1.89332,-0.07743,-0.01894,-0.02978,72.2888,3.30313,34.639,0,enoS1(1_parsed).csv
36.076133,-79.0084472587413,9,0.01,133.5,9.33,1276403,9.33,9.33261,0.01256,-1.54696,0.02886,0.03222,0.02596,72.75651,3.25928,33.32359,0,enoS1(1_parsed).csv
36.0761329160839,-79.0084468484848,9,0.01,133.4,9.35,1276603,9.35,9.34517,0.38405,-1.65165,-0.04108,-0.13592,-0.13592,72.30342,4.22391,32.94358,0,enoS1(1_parsed).csv
36.0761329370629,-79.0084462983683,9,0.03,133.4,9.27,1277403,9.27,9.27159,0.28953,-1.7019,-0.13744,0.16585,0.03161,72.52265,4.57469,34.03975,0,enoS1(1_parsed).csv
36.076133039627,-79.0084458694639,8,0.03,133.3,9.28,1277603,9.28,9.27578,-0.01675,-1.96211,-0.08964,0.10033,-0.02398,71.68957,4.82315,34.50745,0,enoS1(1_parsed).csv
36.0761332004662,-79.0084452773893,8,0.05,133.3,9.32,1278403,9.32,9.31526,0.01795,-1.8,0.08537,0.1153,0.1237,72.24496,4.82315,35.06285,0,enoS1(1_parsed).csv
36.0761333123543,-79.0084448298368,9,0.05,133.2,9.2,1278603,9.2,9.2004,0.15613,-1.9998,-0.18906,0.16157,-0.08323,71.58725,4.677,36.07132,0,enoS1(1_parsed).csv
36.0761335407925,-79.0084440769231,9,0.02,133.2,9.11,1279403,9.11,9.10529,0.13639,-2.31326,-0.02734,0.12355,-0.00809,70.79801,6.08009,36.27594,0,enoS1(1_parsed).csv
36.0761339230769,-79.0084434335664,7,0.02,133.0,9.21,1279603,9.21,9.20579,0.07836,-2.38684,-0.08949,-0.05635,0.03619,70.43262,5.58316,36.15902,0,enoS1(1_parsed).csv
36.0761342237762,-79.0084424731935,7,0.03,133.0,9.2,1280403,9.2,9.2022,0.01854,-1.97528,-0.09896,-0.22144,0.011,71.23648,5.77317,35.58901,0,enoS1(1_parsed).csv
36.0761344195804,-79.0084415501165,7,0.03,133.0,9.17,1280603,9.17,9.16631,-0.0335,-2.05185,0.02123,0.22923,0.01695,71.57264,6.40164,34.09822,0,enoS1(1_parsed).csv
36.0761344871795,-79.0084404498834,7,0.02,133.0,9.08,1281403,9.08,9.08196,0.08734,-2.4329,0.05498,-0.04475,-0.08262,70.40339,5.14469,36.86057,0,enoS1(1_parsed).csv
36.0761344032634,-79.0084395268065,8,0.02,132.9,9.1,1281603,9.1,9.09691,0.02692,-2.51426,-0.07621,0.14218,0.00092,69.96492,5.43701,36.46595,0,enoS1(1_parsed).csv
36.0761343566434,-79.0084385664336,8,0.06,132.9,8.93,1282403,8.93,8.93301,0.17767,-3.35653,-0.00901,-0.13195,-0.02886,67.08565,5.75855,38.78983,0,enoS1(1_parsed).csv
36.0761343473193,-79.0084379230769,8,0.06,132.9,8.94,1282603,8.94,8.93719,0.15434,-2.8337,-0.01206,-0.19594,-0.03344,69.1026,6.02163,37.43058,0,enoS1(1_parsed).csv
36.0761341864802,-79.0084371701632,8,0.03,132.9,9.09,1283403,9.09,9.09153,-0.03589,-2.39821,0.07315,0.05024,0.00351,69.84799,5.86086,36.99211,0,enoS1(1_parsed).csv
36.076133981352,-79.0084366386946,8,0.03,132.7,9.03,1283603,9.03,9.02932,0.19143,-2.69851,-0.0901,0.23259,0.00489,69.45338,6.28471,38.0152,0,enoS1(1_parsed).csv
36.0761337785548,-79.0084360675991,8,0.06,132.7,9.18,1284403,9.18,9.17767,-0.05503,-1.86221,-0.02382,-0.11958,-0.05788,72.42035,6.82549,34.639,0,enoS1(1_parsed).csv
36.0761335641026,-79.0084358251748,8,0.06,132.5,9.15,1284603,9.15,9.15494,-0.08495,-2.13799,-0.05253,0.34972,0.03543,71.86495,6.31394,35.28208,0,enoS1(1_parsed).csv
36.0761331958042,-79.0084354149184,8,0.0,132.5,8.8,1285403,8.8,8.79721,0.07597,-3.4343,-0.03848,-0.03467,-0.01405,66.80795,7.32242,39.34522,0,enoS1(1_parsed).csv
36.0761328881119,-79.0084350979021,9,0.0,132.4,8.94,1285603,8.94,8.93899,0.00837,-3.16929,-0.00015,-0.21777,-0.02947,67.46565,6.51856,39.09676,0,enoS1(1_parsed).csv
36.0761324988345,-79.0084347552447,9,0.12,132.4,8.94,1286403,8.94,8.94497,-0.02752,-3.41875,-0.07819,0.05971,0.03299,66.58871,6.79626,39.37445,0,enoS1(1_parsed).csv
36.0761321818182,-79.0084344568764,9,0.12,132.3,8.9,1286603,8.9,8.89711,0.04008,-3.14955,0.02657,-0.28986,-0.07559,67.90412,7.14703,38.30751,0,enoS1(1_parsed).csv
36.0761318181818,-79.0084342494172,9,0.05,132.3,9.02,1287403,9.02,9.01556,0.05503,-2.57348,-0.02107,-0.16448,-0.00932,69.93569,7.26396,37.37211,0,enoS1(1_parsed).csv
36.0761315011655,-79.0084341561771,8,0.05,132.2,9.15,1287603,9.15,9.15255,-0.16391,-2.41735,0.05284,-0.04093,0.05223,70.56416,7.42473,36.15902,0,enoS1(1_parsed).csv
36.0761311118881,-79.0084341771562,8,0.0,132.2,9.03,1288403,9.03,9.03051,0.04606,-2.84387,-0.04459,0.09529,-0.0055,69.07337,6.67933,38.08828,0,enoS1(1_parsed).csv
36.0761308881119,-79.0084342890443,8,0.0,132.1,8.97,1288603,8.97,8.97428,0.07956,-3.01137,-0.00015,0.09865,-0.00519,68.34259,6.6501,37.21134,0,enoS1(1_parsed).csv
36.0761304988345,-79.0084346573426,8,0.02,132.1,9.03,1289403,9.03,9.03051,0.00179,-3.02931,-0.06888,-0.09591,0.02489,67.94797,6.53318,38.17597,0,enoS1(1_parsed).csv
36.0761300979021,-79.0084351515151,8,0.02,132.2,8.98,1289603,8.98,8.98146,0.0323,-2.69432,-0.00794,-0.08262,-0.03238,69.05875,6.25548,36.93365,0,enoS1(1_parsed).csv
36.0761297552448,-79.0084357016317,8,0.05,132.2,9.06,1290403,9.06,9.06102,-0.21655,-2.24327,0.00473,0.08903,-0.00275,70.76878,7.5855,35.57439,0,enoS1(1_parsed).csv
36.0761296247086,-79.0084362144522,8,0.05,132.2,9.22,1290603,9.22,9.21955,0.02931,-2.40479,-0.04673,0.0055,0.02031,70.43262,7.01549,36.18825,0,enoS1(1_parsed).csv
36.0761293752914,-79.0084367855478,8,0.06,132.2,9.07,1291403,9.07,9.06581,0.03529,-2.08714,-0.04337,0.15394,-0.03894,72.17188,6.9278,35.70593,0,enoS1(1_parsed).csv
36.0761291608392,-79.0084372983683,8,0.06,132.3,9.2,1291603,9.2,9.20459,0.02931,-2.76371,-0.04979,0.32651,0.07086,69.51183,6.60626,37.12365,0,enoS1(1_parsed).csv
36.0761288391608,-79.0084378484848,8,0.13,132.3,9.18,1292403,9.18,9.17767,-0.14237,-1.86162,0.09743,0.4467,0.0898,72.75651,6.40164,34.31745,0,enoS1(1_parsed).csv
36.0761286247086,-79.0084381748252,8,0.13,132.5,9.14,1292603,9.14,9.13879,0.16989,-2.48554,-0.11469,0.31689,0.0649,70.00877,5.65624,37.00673,0,enoS1(1_parsed).csv
36.0761283752914,-79.0084385850816,8,0.01,132.5,9.07,1293403,9.07,9.0664,0.17049,-2.78345,-0.06216,0.10064,0.01772,69.14645,6.15317,37.1675,0,enoS1(1_parsed).csv
36.0761281608392,-79.0084388181818,8,0.01,132.6,9.07,1293603,9.07,9.067,-0.0317,-2.8678,-0.02138,0.04184,-0.04383,69.2926,6.09471,37.34288,0,enoS1(1_parsed).csv
36.0761278391608,-79.0084391818182,8,0.02,132.6,9.27,1294403,9.27,9.27338,-0.04666,-1.92981,-0.16234,0.07911,0.00565,72.25957,6.25548,34.47822,0,enoS1(1_parsed).csv
36.0761276247086,-79.0084394149184,8,0.02,132.7,9.33,1294603,9.33,9.32603,-0.11306,-2.02911,0.02016,0.0449,0.0588,71.48495,6.7378,35.77901,0,enoS1(1_parsed).csv
36.0761273752914,-79.0084398251748,8,0.03,132.7,9.21,1295403,9.21,9.20938,-0.07059,-2.24806,-0.00076,0.26985,0.02627,70.06723,6.50395,36.11517,0,enoS1(1_parsed).csv
36.0761271608392,-79.0084401515151,9,0.03,133.0,9.22,1295603,9.22,9.22373,0.10648,-2.50768,-0.02795,-0.04994,-0.01695,69.67261,6.08009,37.37211,0,enoS1(1_parsed).csv
36.0761268391608,-79.0084407016317,9,0.02,133.0,9.22,1296403,9.22,9.21775,0.10169,-2.46999,-0.00825,-0.06307,0.01924,69.46799,6.35779,36.69979,0,enoS1(1_parsed).csv
36.0761265407925,-79.0084412983683,9,0.02,133.2,9.18,1296603,9.18,9.18365,0.07537,-1.94895,0.06521,-0.33628,-0.05696,71.48495,5.75855,35.09208,0,enoS1(1_parsed).csv
36.0761263123543,-79.0084418484848,9,0.06,133.2,9.31,1297403,9.31,9.30987,-0.02931,-2.16431,-0.02596,-0.27458,-0.03329,71.11955,5.43701,35.209,0,enoS1(1_parsed).csv
36.0761262004662,-79.0084421748252,9,0.06,133.4,9.16,1297603,9.16,9.16092,0.00778,-1.78385,0.01985,0.0617,-0.00229,72.81496,6.10932,33.52821,0,enoS1(1_parsed).csv
36.076126039627,-79.0084425850816,9,0.02,133.4,9.13,1298403,9.13,9.12623,-0.04487,-2.07757,-0.0562,-0.1179,-0.05238,71.48495,5.72932,34.90208,0,enoS1(1_parsed).csv
36.0761259370629,-79.0084429020979,9,0.02,133.5,9.17,1298603,9.17,9.16631,-0.13639,-2.22233,-0.02107,0.35109,0.00443,70.53493,5.72932,35.77901,0,enoS1(1_parsed).csv
36.0761259160839,-79.0084432447552,9,0.02,133.5,9.2,1299403,9.2,9.20399,-0.06461,-2.05962,0.00046,-0.01206,0.01924,70.95878,5.94855,35.13593,0,enoS1(1_parsed).csv
36.076126,-79.0084435431235,9,0.02,133.7,9.16,1299603,9.16,9.16391,0.10169,-2.1685,-0.0026,0.05574,-0.07819,71.32417,5.87547,34.56592,0,enoS1(1_parsed).csv
36.076126,-79.0084437505827,9,0.06,133.7,9.21,1300403,9.21,9.20639,-0.14716,-2.09073,0.0113,0.19334,0.0,71.61649,5.70009,35.32593,0,enoS1(1_parsed).csv
36.076126,-79.0084437599067,9,0.06,133.9,9.17,1300603,9.17,9.16511,0.23509,-2.49093,-0.05666,0.13271,0.02657,70.52032,6.15317,36.65595,0,enoS1(1_parsed).csv
36.076126,-79.0084437599067,9,0.01,133.9,9.2,1301403,9.2,9.20339,0.06999,-2.29831,-0.02886,0.13408,0.0588,70.81263,6.54779,35.58901,0,enoS1(1_parsed).csv
36.076126,-79.0084436666667,9,0.01,134.1,9.13,1301603,9.13,9.12682,0.24706,-2.2684,-0.11454,0.2642,0.03329,70.3157,5.5247,37.19672,0,enoS1(1_parsed).csv
36.076126,-79.0084434801865,9,0.05,134.1,9.12,1302403,9.12,9.12323,0.05563,-2.88993,0.05986,-0.15669,0.03711,68.69337,5.70009,37.78135,0,enoS1(1_parsed).csv
36.076126,-79.0084432004662,9,0.05,134.2,9.11,1302603,9.11,9.11007,-0.02871,-2.17986,-0.02398,-0.40684,-0.08491,70.87109,5.94855,36.12979,0,enoS1(1_parsed).csv
36.076126,-79.008443039627,9,0.08,134.2,8.97,1303403,8.97,8.9677,0.12921,-2.87498,-0.02413,0.07239,-0.02825,68.22566,6.03625,38.65829,0,enoS1(1_parsed).csv
36.076126,-79.0084428531468,9,0.08,134.2,8.96,1303603,8.96,8.95933,0.00778,-2.95095,-0.04627,-0.02917,-0.01695,68.16721,5.64162,38.4829,0,enoS1(1_parsed).csv
36.076126,-79.0084428531468,9,0.03,134.2,8.96,1304403,8.96,8.95693,0.04427,-3.12144,-0.03848,-0.0336,-0.01038,67.93335,5.83163,38.84829,0,enoS1(1_parsed).csv
36.076126,-79.0084431235431,9,0.03,134.5,9.07,1304603,9.07,9.0682,0.04307,-2.78046,0.03238,-0.24587,-0.03253,68.57644,5.55393,37.86905,0,enoS1(1_parsed).csv
36.076126,-79.0084432634033,9,0.02,134.5,9.0,1305403,9.0,8.99522,0.13041,-3.20459,-0.0452,0.104,0.04337,67.64104,5.96317,38.97983,0,enoS1(1_parsed).csv
36.076126,-79.0084433566433,9,0.02,134.7,8.9,1305603,8.9,8.89532,0.11486,-2.90429,-0.01665,-0.1854,-0.02886,68.19643,5.5247,38.97983,0,enoS1(1_parsed).csv
36.076126,-79.0084434032634,9,0.12,134.7,9.02,1306403,9.02,9.02034,-0.00957,-2.54895,-0.02902,0.25412,0.01558,69.52645,5.62701,36.77287,0,enoS1(1_parsed).csv
36.0761259160839,-79.0084434032634,9,0.12,135.0,8.97,1306603,8.97,8.96651,0.07238,-3.04307,-0.03131,0.177,0.02474,68.28413,5.87547,39.21368,0,enoS1(1_parsed).csv
36.0761259370629,-79.0084433566434,9,0.07,135.0,9.01,1307403,9.01,9.01496,0.12682,-2.69013,-0.02138,-0.03161,-0.03451,69.70184,5.97778,36.77287,0,enoS1(1_parsed).csv
36.076126039627,-79.0084432634033,9,0.07,135.3,9.15,1307603,9.15,9.15314,0.04008,-2.64407,0.01497,-0.01588,-0.01542,69.52645,5.87547,37.12365,0,enoS1(1_parsed).csv
36.0761262004662,-79.0084431235431,9,0.12,135.3,9.11,1308403,9.11,9.10589,0.14237,-2.72602,-0.09041,0.11148,-0.01955,69.14645,5.59778,37.43058,0,enoS1(1_parsed).csv
36.0761263123543,-79.0084429370629,9,0.12,135.4,9.13,1308603,9.13,9.12982,-0.00419,-2.68594,0.01527,-0.09667,-0.04337,69.80415,4.83777,37.48904,0,enoS1(1_parsed).csv
36.0761265407925,-79.0084429160839,9,0.0,135.4,9.01,1309403,9.01,9.00958,0.12981,-3.13759,-0.08002,0.25412,0.04078,68.4449,6.13856,37.76674,0,enoS1(1_parsed).csv
36.0761267552448,-79.008443,9,0.0,135.7,8.87,1309603,8.87,8.8666,0.17946,-3.26919,0.01497,-0.01588,-0.04841,67.72874,5.64162,38.6729,0,enoS1(1_parsed).csv
36.0761270979021,-79.008443,9,0.07,135.7,9.13,1310403,9.13,9.13221,-0.15075,-2.18764,-0.03497,-0.06567,-0.03131,70.78339,6.03625,35.47208,0,enoS1(1_parsed).csv
36.0761274149184,-79.0084430839161,9,0.07,135.9,9.25,1310603,9.25,9.25484,-0.1675,-2.22413,0.00916,-0.02673,0.04414,71.47033,5.89009,36.20287,0,enoS1(1_parsed).csv
36.0761278251748,-79.008443062937,9,0.07,135.9,9.17,1311403,9.17,9.17289,0.0335,-2.13739,-0.01863,-0.10537,-0.01527,71.35341,5.77317,36.05671,0,enoS1(1_parsed).csv
36.0761282354312,-79.008443044289,9,0.07,136.1,9.34,1311603,9.34,9.3356,-0.20219,-2.00459,-0.08277,-0.19059,-0.04841,71.92342,5.43701,34.46361,0,enoS1(1_parsed).csv
36.0761287645688,-79.0084428624709,9,0.18,136.1,9.21,1312403,9.21,9.20818,-0.08195,-2.6339,-0.03161,0.01833,0.04062,70.57878,5.3347,35.50132,0,enoS1(1_parsed).csv
36.0761290909091,-79.0084427319347,9,0.18,136.2,9.17,1312603,9.17,9.1675,0.11904,-2.17268,-0.04246,-0.32956,-0.11912,70.87109,6.08009,35.12131,0,enoS1(1_parsed).csv
36.0761295221445,-79.0084423216783,9,0.15,136.2,8.91,1313403,8.91,8.91087,0.04546,-2.70269,-0.0113,-0.08384,-0.00321,69.24876,5.74393,37.31365,0,enoS1(1_parsed).csv
36.0761299417249,-79.0084417249417,9,0.15,136.4,9.07,1313603,9.07,9.07418,-0.00359,-2.71765,-0.03711,0.02321,-0.01191,69.54107,5.65624,37.2698,0,enoS1(1_parsed).csv
36.0761304452214,-79.008441034965,9,0.1,136.4,8.94,1314403,8.94,8.93719,0.33081,-2.85344,-0.00122,0.12171,-0.05223,68.95644,5.10085,37.21134,0,enoS1(1_parsed).csv
36.0761307715618,-79.0084403449883,9,0.1,136.6,8.98,1314603,8.98,8.97727,0.29312,-3.21416,-0.08537,0.16463,0.06979,67.48026,5.15931,38.74598,0,enoS1(1_parsed).csv
36.0761312284382,-79.0084397482517,9,0.28,136.6,8.8,1315403,8.8,8.79841,0.3679,-3.46481,-0.02077,-0.27306,-0.01512,66.25256,5.15931,39.59369,0,enoS1(1_parsed).csv
36.0761315547785,-79.0084393379953,9,0.28,136.6,8.8,1315603,8.8,8.802,0.22851,-3.11426,-0.00718,-0.00733,-0.03757,68.24028,5.86086,38.00058,0,enoS1(1_parsed).csv
36.0761320582751,-79.008438995338,9,0.05,136.6,8.85,1316403,8.85,8.85344,0.27338,-3.07657,-0.02153,-0.06918,-0.0391,67.96259,5.64162,38.92137,0,enoS1(1_parsed).csv
36.0761325617716,-79.0084389580419,9,0.05,136.6,9.0,1316603,9.0,9.00479,-0.05384,-2.95095,-0.01833,-0.0449,0.02046,68.60567,5.94855,38.16135,0,enoS1(1_parsed).csv
36.076132972028,-79.0084388951049,9,0.21,136.6,8.95,1317403,8.95,8.95454,0.15075,-2.88395,0.00489,0.02138,0.06109,69.07337,6.51856,38.64367,0,enoS1(1_parsed).csv
36.0761331118881,-79.008438960373,9,0.21,136.6,8.96,1317603,8.96,8.95873,0.07896,-2.88754,-0.04673,0.12217,-0.0255,68.57644,6.03625,38.68752,0,enoS1(1_parsed).csv
36.0761335011655,-79.0084387995338,9,0.02,136.6,8.95,1318403,8.95,8.95275,0.10289,-3.16989,-0.04979,0.00336,-0.01405,67.65565,6.29933,38.83368,0,enoS1(1_parsed).csv
36.0761337342657,-79.0084385198135,9,0.02,136.5,8.91,1318603,8.91,8.90609,0.02333,-2.97667,-0.00809,-0.05986,-0.02001,68.38644,5.62701,38.2052,0,enoS1(1_parsed).csv
36.0761341188811,-79.0084383333333,9,0.29,136.5,9.04,1319403,9.04,9.04427,0.11067,-2.78644,-0.07178,0.18769,0.01497,69.54107,5.64162,37.69366,0,enoS1(1_parsed).csv
36.0761344545455,-79.0084381561771,9,0.29,136.7,9.05,1319603,9.05,9.04547,0.04187,-2.84507,-0.0504,-0.08705,-0.02825,69.23415,6.08009,38.26367,0,enoS1(1_parsed).csv
36.076135025641,-79.0084381771562,9,0.07,136.7,8.99,1320403,8.99,8.99163,0.24108,-2.82891,-0.09545,0.11255,0.06765,68.7226,5.58316,38.42444,0,enoS1(1_parsed).csv
36.0761355477855,-79.0084383729604,9,0.07,136.4,8.94,1320603,8.94,8.94258,0.29551,-3.03649,0.07055,0.00825,-0.13363,68.34259,5.91932,37.38673,0,enoS1(1_parsed).csv
36.0761363053613,-79.0084387202797,9,0.24,136.4,8.96,1321403,8.96,8.96052,0.14955,-2.53161,0.00428,0.14875,-0.07941,69.80415,5.67086,36.48056,0,enoS1(1_parsed).csv
36.0761369300699,-79.0084392797202,9,0.24,135.9,9.14,1321603,9.14,9.13879,0.16451,-2.9994,-0.07223,0.16341,0.0168,68.43028,5.86086,37.79597,0,enoS1(1_parsed).csv
36.0761376829837,-79.0084396270396,9,0.22,135.9,9.07,1322403,9.07,9.06999,0.15374,-2.22413,0.00565,-0.24679,-0.07834,70.3157,5.61239,35.32593,0,enoS1(1_parsed).csv
36.0761382331002,-79.0084399067599,9,0.22,135.7,9.19,1322603,9.19,9.19143,0.03529,-2.13021,0.02779,0.12889,-0.00092,71.35341,4.83777,35.88132,0,enoS1(1_parsed).csv
36.076139006993,-79.0084399067599,9,0.07,135.7,9.0,1323403,9.0,9.00479,0.20937,-2.88455,-0.05696,0.0588,0.01344,68.62029,5.75855,37.51827,0,enoS1(1_parsed).csv
36.0761396503496,-79.0084396270396,9,0.07,135.6,8.93,1323603,8.93,8.92822,0.24227,-2.84267,0.00214,-0.03146,-0.04643,68.62029,6.37241,37.92751,0,enoS1(1_parsed).csv
36.0761405897436,-79.0084392797203,9,0.15,135.6,8.93,1324403,8.93,8.92523,0.05862,-2.79601,-0.02214,-0.07269,-0.13363,68.94183,6.37241,38.11751,0,enoS1(1_parsed).csv
36.0761412424242,-79.0084386363636,9,0.15,135.3,8.96,1324603,8.96,8.96052,0.11007,-3.00897,-0.05589,0.24038,0.00947,68.34259,6.03625,38.9506,0,enoS1(1_parsed).csv
36.0761422237762,-79.0084383100233,9,0.08,135.3,9.12,1325403,9.12,9.11845,-0.00299,-2.48734,-0.0307,0.22602,0.00504,69.86262,6.86934,36.55364,0,enoS1(1_parsed).csv
36.0761434918415,-79.008438048951,9,0.08,134.9,9.04,1325603,9.04,9.03829,-0.02931,-2.78704,-0.01313,0.12324,-0.01726,68.7226,6.91318,37.89827,0,enoS1(1_parsed).csv
36.0761444825175,-79.0084382307692,9,0.06,134.9,8.97,1326403,8.97,8.96651,0.14118,-2.62014,-0.02352,-0.04643,-0.00641,69.2926,6.28471,36.74364,0,enoS1(1_parsed).csv
36.0761453310023,-79.008439060606,9,0.06,134.6,9.14,1326603,9.14,9.14238,-0.07298,-2.47418,0.07361,-0.07727,0.05818,69.93569,5.84624,35.83747,0,enoS1(1_parsed).csv
36.0761455897436,-79.0084397132867,9,0.15,134.6,9.16,1327403,9.16,9.15793,0.04487,-2.3659,-0.04673,0.21121,-0.01955,70.41801,6.43087,37.22596,0,enoS1(1_parsed).csv
36.0761462051282,-79.0084411958042,9,0.15,133.9,9.13,1327603,9.13,9.1346,0.12562,-2.56152,-0.03161,0.02779,0.00855,69.5703,6.35779,36.46595,0,enoS1(1_parsed).csv
36.0761451701632,-79.0084412191142,9,1.23,133.9,8.14,1328403,8.14,8.14337,-1.52722,4.68993,0.582,0.91263,-0.53894,83.38205,15.75563,3.53698,0,enoS1(1_parsed).csv
36.0761426060606,-79.0084402680653,9,1.23,133.8,11.19,1328603,11.19,11.18645,0.54855,-0.932,0.17074,3.47262,1.1837,74.74422,8.60859,31.48202,0,enoS1(1_parsed).csv
36.0761392867133,-79.0084381981352,9,0.92,133.8,9.69,1329403,9.69,9.69452,-1.37946,-0.04905,-0.86728,-1.62796,-0.27687,71.41187,14.26484,34.05437,0,enoS1(1_parsed).csv
36.0761354172494,-79.0084351212121,9,0.92,133.4,8.13,1329603,8.13,8.12902,-0.04666,0.91047,-1.23089,-0.01939,1.05558,79.47968,14.08945,21.38264,0,enoS1(1_parsed).csv
36.0761321958042,-79.0084321188811,9,3.28,133.4,9.58,1330403,9.58,9.57967,-0.09452,1.18146,-0.73533,-0.63347,0.67928,79.05583,28.3689,13.12482,0,enoS1(1_parsed).csv
36.0761295384615,-79.0084295547785,9,3.28,135.0,9.21,1330603,9.21,9.20579,0.59342,0.68435,-0.62324,0.66401,-0.41478,79.97662,26.13271,13.35867,0,enoS1(1_parsed).csv
36.0761277948718,-79.0084275664336,9,0.38,135.0,9.35,1331403,9.35,9.34995,0.52463,0.36491,-0.52641,0.33262,0.1069,79.93277,30.16662,6.63549,0,enoS1(1_parsed).csv
36.0761275804196,-79.0084262144522,9,0.38,134.9,9.58,1331603,9.58,9.58206,-0.00359,0.13579,-0.4748,-0.11377,-0.69852,78.19351,34.18591,5.15931,0,enoS1(1_parsed).csv
36.0761281375291,-79.0084256363637,9,0.24,134.9,9.62,1332403,9.62,9.62154,-1.20838,0.02692,0.15485,0.46899,0.21838,75.75271,38.90675,2.86466,0,enoS1(1_parsed).csv
36.0761300955711,-79.0084261118881,8,0.24,134.7,9.15,1332603,9.15,9.15075,-0.65623,-0.91167,0.26053,0.06399,0.14325,75.70885,37.59135,7.79012,0,enoS1(1_parsed).csv
36.0761307179487,-79.0084261538461,8,0.13,134.7,9.59,1333403,9.59,9.58983,-0.75194,-0.37149,-0.18723,0.0869,0.03955,76.64426,36.93365,4.98392,0,enoS1(1_parsed).csv
36.0761311095571,-79.0084265547786,8,0.13,134.6,9.48,1333603,9.48,9.47677,-0.35055,-0.45284,-0.22633,-0.06872,0.1854,77.36042,35.23823,4.44315,0,enoS1(1_parsed).csv
36.0761312237762,-79.008427032634,8,0.03,134.6,9.49,1334403,9.49,9.48874,-0.27936,0.12323,0.00504,-0.0223,-0.03864,77.93044,35.17977,0.71616,0,enoS1(1_parsed).csv
36.0761311212121,-79.0084275547786,8,0.03,134.5,9.58,1334603,9.58,9.57727,-0.38166,0.00837,0.12355,0.09362,0.09468,77.84274,34.69746,1.92926,0,enoS1(1_parsed).csv
36.0761306130536,-79.0084286177156,8,0.03,134.5,9.51,1335403,9.51,9.50728,-0.38405,-0.34636,0.00718,0.22037,0.02367,77.21426,35.53055,4.25314,0,enoS1(1_parsed).csv
36.0761297459207,-79.008429960373,9,0.03,134.3,9.47,1335603,9.47,9.46601,-0.19621,-0.47916,-0.0785,-0.16005,0.03222,78.2812,35.00438,4.7793,0,enoS1(1_parsed).csv
36.076129013986,-79.0084308531468,9,0.13,134.3,9.53,1336403,9.53,9.53301,-0.39721,-0.28654,-0.21701,-0.19334,0.00916,77.69658,35.57439,2.48465,0,enoS1(1_parsed).csv
36.0761283053613,-79.0084313846154,9,0.13,134.3,9.62,1336603,9.62,9.62393,-0.18903,0.07956,-0.14844,0.22907,0.14981,78.29582,34.60976,1.84157,0,enoS1(1_parsed).csv
36.0761275477855,-79.0084318158508,9,0.16,134.3,9.62,1337403,9.62,9.61855,-0.335,0.13699,0.05727,-0.02001,0.07147,77.55042,35.03362,0.23385,0,enoS1(1_parsed).csv
36.076126941725,-79.0084317785548,9,0.16,134.3,9.52,1337603,9.52,9.51925,-0.35414,-0.11545,-0.00733,-0.0026,0.02337,78.14967,35.34055,2.20696,0,enoS1(1_parsed).csv
36.0761263916084,-79.008431981352,9,0.05,134.3,9.61,1338403,9.61,9.61316,-0.35354,-0.51326,-0.06078,0.18769,0.03757,77.63812,35.69132,5.61239,0,enoS1(1_parsed).csv
36.0761260745921,-79.0084321864802,9,0.05,134.1,9.43,1338603,9.43,9.42892,0.14955,-0.6993,-0.10079,-0.17333,0.03039,77.82812,34.0836,6.28471,0,enoS1(1_parsed).csv
36.0761258717949,-79.0084323473193,9,0.0,134.1,9.63,1339403,9.63,9.62872,-0.34337,0.01735,-0.19166,0.11347,0.16203,78.06197,34.79977,-1.16925,0,enoS1(1_parsed).csv
36.0761257692308,-79.0084321888112,9,0.0,133.9,9.34,1339603,9.34,9.34457,0.03948,-0.23091,-0.00962,0.05727,-0.10293,78.95352,33.83514,0.54078,0,enoS1(1_parsed).csv
36.0761257902098,-79.0084322773893,9,0.13,133.9,9.65,1340403,9.65,9.65265,-0.38584,0.31346,-0.32132,0.22129,-0.00443,77.94505,34.12745,-6.1824,0,enoS1(1_parsed).csv
36.0761257435897,-79.0084323986014,9,0.13,133.4,9.3,1340603,9.3,9.30329,-0.42712,-0.1346,-0.4273,0.16799,-0.07773,78.92429,33.3382,-4.88161,0,enoS1(1_parsed).csv
36.0761261491841,-79.0084326946387,9,0.28,133.4,9.35,1341403,9.35,9.35354,-0.20459,-0.29432,-0.49144,0.20785,-0.10629,79.59661,25.89886,-12.20403,0,enoS1(1_parsed).csv
36.0761266993007,-79.008433011655,9,0.28,133.2,9.54,1341603,9.54,9.54018,-1.3328,-0.92243,-0.15211,0.15516,-0.34987,79.50891,28.01812,-11.60479,0,enoS1(1_parsed).csv
36.0761278205128,-79.0084334685315,9,0.1,133.2,9.42,1342403,9.42,9.41576,-0.35174,-0.58564,-0.32635,0.05406,-0.58551,80.76585,21.14879,-13.18328,0,enoS1(1_parsed).csv
36.076129051282,-79.0084338881119,9,0.1,132.9,9.49,1342603,9.49,9.48874,-0.89312,-0.91585,-0.0814,0.17898,-0.13118,81.14587,22.53727,-11.50249,0,enoS1(1_parsed).csv
36.0761307482517,-79.0084345780886,9,0.03,132.9,9.54,1343403,9.54,9.54497,-0.96909,-0.74716,-0.11851,-0.551,0.60292,80.25431,21.33879,-13.50482,0,enoS1(1_parsed).csv
36.0761323799534,-79.0084353613053,9,0.03,132.3,9.44,1343603,9.44,9.44148,0.35713,0.16032,-0.04383,-0.17914,0.33399,79.71353,15.24408,-17.6995,0,enoS1(1_parsed).csv
36.0761342331002,-79.0084359324009,9,0.06,132.3,9.26,1344403,9.26,9.26022,-1.53559,-1.24606,-0.09392,0.16936,-0.04627,80.78048,21.47033,-11.82403,0,enoS1(1_parsed).csv
36.0761357902098,-79.0084360909091,9,0.06,132.6,9.36,1344603,9.36,9.36132,-1.21077,-1.13659,0.04887,-0.04688,0.20113,81.20432,20.46185,-12.80327,0,enoS1(1_parsed).csv
36.0761375034965,-79.0084365221445,9,0.01,132.6,9.29,1345403,9.29,9.28654,-0.68435,-0.90568,0.19319,0.44715,-0.25229,80.26893,22.52265,-12.07249,0,enoS1(1_parsed).csv
36.0761387715618,-79.0084368578089,9,0.01,132.4,9.35,1345603,9.35,9.34577,-1.05045,-1.21914,0.35827,0.16112,-0.12309,80.06431,24.4373,-10.53785,0,enoS1(1_parsed).csv
36.0761402820513,-79.0084373822844,9,0.08,132.4,9.51,1346403,9.51,9.50728,0.65444,0.10229,-0.29841,-0.0843,0.07376,80.26893,26.62964,-10.15785,0,enoS1(1_parsed).csv
36.0761413356643,-79.0084377272727,9,0.08,132.3,9.47,1346603,9.47,9.46601,0.33081,-0.30748,-0.28543,0.21548,-0.15562,80.02046,26.55656,-9.80707,0,enoS1(1_parsed).csv
36.0761424778555,-79.0084383659674,9,0.06,132.3,9.46,1347403,9.46,9.46062,0.12084,-0.83091,-0.12584,0.06872,-0.0087,80.22508,27.4335,-7.2055,0,enoS1(1_parsed).csv
36.0761432237762,-79.0084388228438,9,0.06,132.3,9.45,1347603,9.45,9.45165,-0.2339,-0.84168,-0.06903,0.09285,-0.10385,79.75738,27.84274,-7.19088,0,enoS1(1_parsed).csv
36.07614397669,-79.0084397365967,9,0.03,132.3,9.48,1348403,9.48,9.48276,-0.15015,-0.4343,-0.09163,0.18922,-0.14493,80.37124,28.17889,-9.2663,0,enoS1(1_parsed).csv
36.0761443216783,-79.0084405850816,9,0.03,132.2,9.42,1348603,9.42,9.42294,-0.38584,-0.99003,-0.1912,0.01222,-0.02886,80.61971,27.87197,-8.75475,0,enoS1(1_parsed).csv
36.0761447319347,-79.0084417482517,9,0.03,132.2,9.48,1349403,9.48,9.47558,-0.52463,-0.66042,-0.1266,0.10599,-0.12248,79.37738,28.70506,-8.55013,0,enoS1(1_parsed).csv
36.0761448624709,-79.0084426340326,9,0.03,132.0,9.51,1349603,9.51,9.51326,-0.41755,-0.57368,0.08125,-0.22388,0.23075,79.772,28.52967,-9.35399,0,enoS1(1_parsed).csv
36.076145044289,-79.0084441655012,9,0.05,132.0,9.51,1350403,9.51,9.51446,-0.19143,-0.05085,-0.05208,0.06032,-0.03085,79.36276,28.06197,-11.18094,0,enoS1(1_parsed).csv
36.076144979021,-79.0084457039627,9,0.05,131.6,9.53,1350603,9.53,9.53181,-0.20339,-0.08973,-0.03803,-0.16173,0.01145,79.58199,27.82812,-11.64864,0,enoS1(1_parsed).csv
36.076145020979,-79.0084475361305,9,0.1,131.6,9.5,1351403,9.5,9.49891,-0.19023,0.08136,0.04734,-0.08812,0.08399,78.9389,27.71119,-12.02865,0,enoS1(1_parsed).csv
36.076145039627,-79.0084490839161,9,0.1,131.4,9.55,1351603,9.55,9.55454,-0.15972,-0.0317,0.01329,-0.02382,-0.01909,79.34814,27.4335,-11.78018,0,enoS1(1_parsed).csv
36.0761452004662,-79.0084508228438,9,0.1,131.4,9.52,1352403,9.52,9.52403,-0.19801,0.1657,-0.02749,0.06368,-0.02566,79.42122,27.97428,-12.20403,0,enoS1(1_parsed).csv
36.0761453962704,-79.0084520909091,9,0.1,131.0,9.44,1352603,9.44,9.4361,-0.23928,-0.268,-0.13943,-0.0504,0.0142,79.84508,27.18504,-11.3271,0,enoS1(1_parsed).csv
36.0761456037296,-79.0084535757576,9,0.07,131.0,9.5,1353403,9.5,9.5001,-0.10229,0.11844,0.06933,-0.16585,0.10156,79.09968,26.0304,-14.16253,0,enoS1(1_parsed).csv
36.0761457156177,-79.0084545547786,9,0.07,130.8,9.54,1353603,9.54,9.54018,0.11246,0.3015,0.04658,-0.13653,0.11973,79.34814,24.99269,-14.96638,0,enoS1(1_parsed).csv
36.0761458974359,-79.0084557389277,9,0.12,130.8,9.42,1354403,9.42,9.42413,-0.43908,0.19741,-0.14111,0.00183,-0.22068,79.05583,27.66735,-13.54867,0,enoS1(1_parsed).csv
36.0761461025641,-79.0084565967366,9,0.12,130.6,9.5,1354603,9.5,9.50369,-0.86082,-0.10409,-0.07529,0.14981,-0.01206,78.60275,29.23122,-12.71558,0,enoS1(1_parsed).csv
36.0761462843823,-79.0084576969697,9,0.0,130.6,9.46,1355403,9.46,9.46242,-0.64726,0.0006,-0.1408,0.18845,-0.16157,79.27506,26.24964,-14.93715,0,enoS1(1_parsed).csv
36.0761463123543,-79.0084584335664,9,0.0,130.4,9.52,1355603,9.52,9.52343,-0.71785,-0.24945,-0.03253,0.0339,-0.02825,78.79275,26.60041,-13.68021,0,enoS1(1_parsed).csv
36.0761465407925,-79.0084592331002,9,0.21,130.4,9.47,1356403,9.47,9.4696,-0.3003,0.44028,0.05651,-0.06811,0.15317,79.42122,25.095,-16.2964,0,enoS1(1_parsed).csv
36.0761468391608,-79.0084596806527,9,0.21,130.0,9.57,1356603,9.57,9.57009,-0.14177,0.41037,-0.04184,-0.00489,-0.09529,79.20199,24.18883,-15.94563,0,enoS1(1_parsed).csv
36.0761471608392,-79.0084602261072,9,0.03,130.0,9.53,1357403,9.53,9.52942,-0.4014,0.31525,-0.07346,0.10553,-0.08354,78.88045,24.94884,-16.93949,0,enoS1(1_parsed).csv
36.0761474592075,-79.0084606456876,9,0.03,130.1,9.53,1357603,9.53,9.52942,-0.40857,0.32961,-0.05162,0.07972,-0.02077,79.07045,24.89038,-15.47793,0,enoS1(1_parsed).csv
36.0761476876457,-79.008461034965,9,0.15,130.1,9.58,1358403,9.58,9.57907,-0.42712,0.18784,-0.00916,-0.04276,0.05528,79.07045,25.12423,-15.66793,0,enoS1(1_parsed).csv
36.0761477995338,-79.0084614079254,9,0.15,129.9,9.53,1358603,9.53,9.52583,-0.32183,0.36969,-0.03879,0.04184,-0.05147,78.79275,23.89652,-17.08565,0,enoS1(1_parsed).csv
36.076147960373,-79.0084615524475,9,0.01,129.9,9.54,1359403,9.54,9.53779,-0.92483,-0.11486,-0.08552,0.12584,-0.18479,79.08507,26.27887,-14.68869,0,enoS1(1_parsed).csv
36.0761480629371,-79.0084615990676,9,0.01,129.9,9.49,1359603,9.49,9.48515,-1.07139,-0.35773,-0.1127,0.08109,-0.05681,79.08507,26.38117,-15.15639,0,enoS1(1_parsed).csv
36.0761480839161,-79.008461027972,9,0.12,129.9,9.42,1360403,9.42,9.42114,-0.94217,-0.11067,-0.0087,-0.04719,0.11225,78.88045,27.02426,-14.36714,0,enoS1(1_parsed).csv
36.076148,-79.0084601235431,9,0.12,130.0,9.43,1360603,9.43,9.42892,-0.98644,0.00419,-0.03665,0.00168,0.09239,78.76352,26.38117,-14.68869,0,enoS1(1_parsed).csv
36.076148,-79.0084588368298,9,0.01,130.0,9.28,1361403,9.28,9.27997,-1.04746,-0.14297,-0.04123,0.01817,0.0704,78.41275,26.86349,-15.01023,0,enoS1(1_parsed).csv
36.0761479160839,-79.0084572703963,9,0.01,130.2,9.6,1361603,9.6,9.59821,-1.24367,-0.24586,-0.04749,-0.06781,-0.02779,78.64659,26.6881,-14.13329,0,enoS1(1_parsed).csv
36.0761479370629,-79.0084558228438,9,0.02,130.2,9.74,1362403,9.74,9.73639,-0.82493,0.36909,-0.08063,-0.05788,-0.21441,78.61736,24.56884,-16.47179,0,enoS1(1_parsed).csv
36.076148039627,-79.0084547878788,9,0.02,130.3,9.44,1362603,9.44,9.43849,-0.9685,0.31466,-0.03986,0.13027,0.06903,78.12044,25.19731,-16.86641,0,enoS1(1_parsed).csv
36.0761482004662,-79.0084537855478,9,0.07,130.3,9.45,1363403,9.45,9.45105,-1.14497,0.11725,-0.11087,0.11423,-0.16677,78.17889,25.03654,-16.31102,0,enoS1(1_parsed).csv
36.0761484801865,-79.0084533006993,9,0.07,130.5,9.47,1363603,9.47,9.4666,-1.47876,-0.0329,-0.11942,0.11423,-0.15776,78.2812,26.67349,-16.32564,0,enoS1(1_parsed).csv
36.0761486666667,-79.0084525524476,9,0.08,130.5,9.45,1364403,9.45,9.45045,-1.17966,-0.13819,-0.01833,0.01374,-0.00733,78.03274,25.31424,-16.48641,0,enoS1(1_parsed).csv
36.0761487599068,-79.0084520862471,9,0.08,130.4,9.43,1364603,9.43,9.43311,-1.45424,-0.14237,-0.09468,0.12462,-0.14768,78.42736,25.72347,-15.75563,0,enoS1(1_parsed).csv
36.0761487599068,-79.0084512867133,9,0.02,130.4,9.45,1365403,9.45,9.44686,-1.05823,-0.07059,-0.52076,0.04398,0.15577,78.76352,22.31804,-17.34873,0,enoS1(1_parsed).csv
36.0761486666667,-79.0084508205128,9,0.02,130.4,9.41,1365603,9.41,9.41456,-0.49591,0.36909,0.00519,-0.0026,0.05712,78.54428,18.40105,-18.81029,0,enoS1(1_parsed).csv
36.0761484801865,-79.0084498601399,9,0.06,130.4,9.48,1366403,9.48,9.47558,-0.667,-0.03888,-0.02734,0.04841,0.00962,79.34814,16.82257,-17.75797,0,enoS1(1_parsed).csv
36.0761482843823,-79.0084489277389,9,0.06,130.4,9.36,1366603,9.36,9.36491,-0.66042,-0.02333,-0.04016,-0.02001,-0.0029,79.33353,16.06256,-17.45104,0,enoS1(1_parsed).csv
36.0761481025641,-79.0084478321678,9,0.13,130.4,9.54,1367403,9.54,9.54377,-0.69153,0.1334,-0.02505,0.01466,-0.04337,79.12891,17.07103,-17.94797,0,enoS1(1_parsed).csv
36.0761478974359,-79.0084469743589,9,0.13,130.3,9.48,1367603,9.48,9.48156,-0.61077,0.09212,-0.01649,0.04704,-0.0055,79.4943,17.01257,-17.39258,0,enoS1(1_parsed).csv
36.0761477156177,-79.0084457855478,9,0.23,130.3,9.79,1368403,9.79,9.79382,-0.50429,0.11426,-0.02856,-0.11698,0.06048,79.04122,16.07717,-17.72873,0,enoS1(1_parsed).csv
36.0761476037296,-79.0084447505827,9,0.23,130.5,9.47,1368603,9.47,9.4678,-0.58983,0.0987,-0.0168,0.12294,0.00275,79.6843,16.82257,-17.53873,0,enoS1(1_parsed).csv
36.0761473962704,-79.0084434895105,9,0.05,130.5,9.47,1369403,9.47,9.47079,-0.45583,0.27577,-0.02428,0.04841,0.0142,79.39199,15.15639,-19.01491,0,enoS1(1_parsed).csv
36.0761472004662,-79.0084424638694,9,0.05,130.5,9.52,1369603,9.52,9.52284,-0.30808,0.35653,-0.03222,-0.02138,0.07697,79.0266,14.39638,-18.92721,0,enoS1(1_parsed).csv
36.076147039627,-79.0084414825175,9,0.17,130.5,9.63,1370403,9.63,9.62812,-0.32124,0.21775,-0.07346,0.05864,-0.16799,79.23122,15.15639,-18.9126,0,enoS1(1_parsed).csv
36.076147020979,-79.008441006993,9,0.17,130.6,9.6,1370603,9.6,9.59761,-0.22851,0.23629,-0.02535,-0.01573,0.07117,79.12891,14.71792,-18.73721,0,enoS1(1_parsed).csv
36.076146979021,-79.0084402331002,9,0.09,130.6,9.45,1371403,9.45,9.45344,-0.34217,0.51565,-0.01588,0.25748,0.02993,79.31891,15.50716,-18.32797,0,enoS1(1_parsed).csv
36.076146960373,-79.0084398508158,9,0.09,130.6,9.42,1371603,9.42,9.41875,-0.38046,0.01555,-0.08476,-0.17364,-0.05818,79.83046,15.71178,-17.62642,0,enoS1(1_parsed).csv
36.0761467995338,-79.0084390559441,9,0.09,130.6,9.43,1372403,9.43,9.42593,-0.41097,-0.03888,-0.04994,0.1182,-0.05437,80.04969,15.71178,-16.86641,0,enoS1(1_parsed).csv
36.0761466037296,-79.0084383939394,9,0.09,130.4,9.32,1372603,9.32,9.32064,-0.28714,0.35174,-0.03665,0.00886,-0.09911,79.40661,15.40485,-17.88951,0,enoS1(1_parsed).csv
36.0761463962704,-79.0084372727273,9,0.25,130.4,9.53,1373403,9.53,9.52762,-0.28774,0.3661,-0.0391,0.01145,0.01176,79.64046,15.09793,-18.32797,0,enoS1(1_parsed).csv
36.0761462843823,-79.0084363216783,9,0.25,130.6,9.54,1373603,9.54,9.53719,-0.28714,0.40857,-0.02367,0.00168,-0.02535,79.46507,14.74715,-18.13797,0,enoS1(1_parsed).csv
36.0761461025641,-79.008434972028,9,0.1,130.6,9.55,1374403,9.55,9.55095,-0.29312,0.36371,-0.02902,0.01512,0.00122,79.20199,15.12716,-19.02952,0,enoS1(1_parsed).csv
36.0761458974359,-79.0084337319347,9,0.1,130.5,9.55,1374603,9.55,9.54916,-0.27637,0.4014,-0.03497,0.01848,-0.05925,79.1143,14.07483,-18.85414,0,enoS1(1_parsed).csv
36.0761457156177,-79.0084322680653,9,0.14,130.5,9.47,1375403,9.47,9.46601,-0.25244,0.34337,-0.04872,-0.01527,-0.03696,78.79275,14.90792,-18.10874,0,enoS1(1_parsed).csv
36.0761456037296,-79.0084311958042,9,0.14,130.4,9.54,1375603,9.54,9.54258,-0.26441,0.41396,-0.01772,0.00153,0.02092,79.27506,15.15639,-18.83952,0,enoS1(1_parsed).csv
36.0761453962704,-79.0084298041958,9,0.21,130.4,9.57,1376403,9.57,9.56651,-0.25902,0.28953,-0.05635,0.0029,-0.00993,79.15814,15.22947,-18.56182,0,enoS1(1_parsed).csv
36.0761452004662,-79.0084286480187,9,0.21,130.7,9.52,1376603,9.52,9.52343,-0.25184,0.35773,-0.02734,0.02703,0.04184,79.09968,15.14177,-18.64952,0,enoS1(1_parsed).csv
36.076145039627,-79.0084272051282,9,0.23,130.7,9.46,1377403,9.46,9.46002,-0.25184,0.41755,0.03574,0.13225,-0.07651,78.92429,14.64484,-18.12336,0,enoS1(1_parsed).csv
36.0761448531468,-79.0084260675991,9,0.23,130.5,9.64,1377603,9.64,9.64367,-0.25783,0.5342,-0.03818,0.03146,-0.00367,79.3043,14.52792,-19.07337,0,enoS1(1_parsed).csv
36.0761448531468,-79.0084248787879,9,0.08,130.5,9.55,1378403,9.55,9.55215,-0.28475,0.40379,-0.02337,0.03619,0.0365,78.9389,14.60099,-19.24876,0,enoS1(1_parsed).csv
36.076144955711,-79.008424039627,9,0.08,130.6,9.54,1378603,9.54,9.54198,-0.2662,0.40499,-0.02993,0.00519,0.01023,79.04122,15.08331,-19.2926,0,enoS1(1_parsed).csv
36.0761451375291,-79.0084231468531,9,0.07,130.6,9.51,1379403,9.51,9.50908,-0.26082,0.42293,-0.02978,0.06735,-0.02886,79.24583,14.90792,-18.54721,0,enoS1(1_parsed).csv
36.0761454358974,-79.0084226993007,9,0.07,130.4,9.53,1379603,9.53,9.5336,-0.25723,0.36012,-0.03207,0.01924,-0.00183,79.47968,14.54253,-18.98568,0,enoS1(1_parsed).csv
36.0761458041958,-79.0084222470862,9,0.21,130.4,9.55,1380403,9.55,9.54736,-0.23868,0.34457,-0.08277,-0.2642,0.05116,79.12891,15.171,-18.75183,0,enoS1(1_parsed).csv
36.0761461118881,-79.0084221818182,9,0.21,129.9,9.53,1380603,9.53,9.53001,-0.23689,0.44148,-0.03009,0.01604,0.00428,79.23122,14.58638,-18.76644,0,enoS1(1_parsed).csv
36.0761465011655,-79.0084218181818,9,0.02,129.9,9.53,1381403,9.53,9.52882,-0.25723,0.38166,-0.01252,0.04032,-0.04597,78.88045,14.54253,-19.2926,0,enoS1(1_parsed).csv
36.0761469020979,-79.0084215011655,9,0.02,129.4,9.54,1381603,9.54,9.54018,-0.22074,0.42532,-0.08491,-0.0336,0.07911,78.57352,13.81175,-19.54107,0,enoS1(1_parsed).csv
36.0761472447552,-79.0084211118881,9,0.05,129.4,9.76,1382403,9.76,9.75913,-0.20877,0.46062,-0.05696,-0.07101,0.01695,79.3043,14.17714,-18.83952,0,enoS1(1_parsed).csv
36.0761476270396,-79.008421055944,9,0.05,129.1,9.52,1382603,9.52,9.52224,-0.17408,0.4672,-0.00947,0.12538,-0.01023,78.96814,13.82637,-19.24876,0,enoS1(1_parsed).csv
36.0761478135198,-79.0084206247086,9,0.13,129.1,9.46,1383403,9.46,9.45703,-0.16271,0.51386,-0.04658,-0.0785,-0.00168,79.72815,14.16253,-19.55569,0,enoS1(1_parsed).csv
36.0761477202797,-79.0084201025641,8,0.13,128.7,9.54,1383603,9.54,9.54377,-0.22971,0.54377,-0.05055,0.18738,-0.02825,79.24583,13.94329,-20.18416,0,enoS1(1_parsed).csv
36.0761475594406,-79.0084194172494,8,0.09,128.7,9.54,1384403,9.54,9.54078,-0.08435,0.55813,-0.0226,0.06399,-0.0058,79.24583,13.79714,-19.5703,0,enoS1(1_parsed).csv
36.0761472703963,-79.0084187086247,8,0.09,128.4,9.58,1384603,9.58,9.58385,-0.12742,0.51386,-0.03574,0.01451,0.00932,78.9389,13.49021,-19.89184,0,enoS1(1_parsed).csv
36.0761468764569,-79.0084179044289,8,0.22,128.4,9.52,1385403,9.52,9.51685,-0.14836,0.99541,-0.02734,-0.11316,-0.02764,78.04736,13.8556,-21.89418,0,enoS1(1_parsed).csv
36.0761464009324,-79.0084172890443,9,0.22,129.6,9.67,1385603,9.67,9.67239,-0.19442,0.75254,-0.02459,0.78695,-0.00626,78.41275,14.82023,-20.84186,0,enoS1(1_parsed).csv
36.0761460792541,-79.0084165780886,9,0.1,129.6,9.56,1386403,9.56,9.56112,-0.32423,-0.0676,-0.18112,-0.2335,0.04917,80.15201,15.55101,-16.53025,0,enoS1(1_parsed).csv
36.0761458741259,-79.008415972028,9,0.1,129.5,9.45,1386603,9.45,9.45165,-0.2668,0.61555,-0.07483,-0.06261,0.00351,79.3043,14.38176,-19.24876,0,enoS1(1_parsed).csv
36.0761458321678,-79.0084155874126,9,0.18,129.5,9.39,1387403,9.39,9.38525,-0.41097,0.44506,0.05498,0.19258,-0.04337,79.45045,15.27331,-18.54721,0,enoS1(1_parsed).csv
36.0761459160839,-79.0084155407925,9,0.18,129.6,9.69,1387603,9.69,9.68555,-0.35952,0.53001,0.0562,0.31796,-0.19991,79.81584,16.31102,-17.75797,0,enoS1(1_parsed).csv
36.0761459370629,-79.0084153123543,9,0.23,129.6,9.7,1388403,9.7,9.69691,-0.39482,-0.48036,-0.08109,-0.31612,-0.02795,80.37124,16.34025,-15.55101,0,enoS1(1_parsed).csv
36.076146039627,-79.0084152843823,9,0.23,129.8,9.35,1388603,9.35,9.35474,-0.59282,0.32901,-0.07743,-0.07178,-0.11301,79.33353,16.98334,-16.91026,0,enoS1(1_parsed).csv
36.0761462004662,-79.0084151025641,9,0.15,129.8,9.58,1389403,9.58,9.57548,-0.53958,-0.18604,0.00473,0.20021,0.1124,79.78661,17.10026,-16.34025,0,enoS1(1_parsed).csv
36.0761463123543,-79.0084148974359,9,0.15,129.9,9.55,1389603,9.55,9.54796,-0.30449,-0.27697,0.02947,0.02443,-0.03451,80.63432,16.64718,-16.36948,0,enoS1(1_parsed).csv
36.0761465407925,-79.0084147156177,9,0.06,129.9,9.45,1390403,9.45,9.45344,-0.73101,0.49053,-0.05085,0.2416,-0.08812,79.04122,17.52412,-19.40953,0,enoS1(1_parsed).csv
36.0761469230769,-79.0084146876457,8,0.06,129.8,9.59,1390603,9.59,9.58744,-0.60179,0.18066,0.03131,-0.01161,0.15684,79.65507,17.30488,-17.71412,0,enoS1(1_parsed).csv
36.0761472237762,-79.0084144592075,8,0.16,129.8,9.46,1391403,9.46,9.45703,-0.58624,-0.30748,-0.04704,0.01772,-0.00718,80.56124,17.14411,-15.53639,0,enoS1(1_parsed).csv
36.0761474195804,-79.0084141608392,8,0.16,130.0,9.62,1391603,9.62,9.61735,-0.50847,-0.18724,-0.0562,-0.0055,0.031,80.38585,16.55949,-15.81409,0,enoS1(1_parsed).csv
36.0761474871795,-79.0084138391608,8,0.14,130.0,9.48,1392403,9.48,9.48216,-0.8668,0.78365,-0.07712,0.19761,-0.09148,78.61736,17.7872,-19.55569,0,enoS1(1_parsed).csv
36.0761474032634,-79.0084135407925,8,0.14,129.9,9.39,1392603,9.39,9.39003,-0.84347,0.13579,-0.03864,0.03207,-0.03436,79.05583,18.37182,-17.65565,0,enoS1(1_parsed).csv
36.0761473566434,-79.0084133123543,8,0.16,129.9,9.53,1393403,9.53,9.52822,-0.58863,-0.08554,-0.05788,-0.08186,0.15165,80.50278,16.23794,-16.2964,0,enoS1(1_parsed).csv
36.0761470955711,-79.0084132004662,8,0.16,130.4,9.61,1393603,9.61,9.60838,-0.38943,0.07537,0.03054,-0.07346,-0.05757,80.23969,15.79947,-16.99795,0,enoS1(1_parsed).csv
36.076146997669,-79.008413039627,8,0.16,130.4,9.61,1394403,9.61,9.61137,-0.45284,0.94038,-0.1014,-0.31765,0.12065,78.5589,15.8287,-20.33031,0,enoS1(1_parsed).csv
36.0761469324009,-79.0084129370629,8,0.16,130.5,9.73,1394603,9.73,9.7334,-0.38824,0.12502,0.23915,0.40012,-0.01604,79.45045,16.89565,-18.19643,0,enoS1(1_parsed).csv
36.0761472540792,-79.0084129160839,8,0.22,130.5,9.71,1395403,9.71,9.70649,-0.45344,0.0652,-0.00855,-0.11102,0.09453,79.88892,16.88103,-17.12949,0,enoS1(1_parsed).csv
36.0761476643357,-79.0084128321678,8,0.22,130.6,9.4,1395603,9.4,9.39721,-0.70947,0.04247,-0.03299,0.21105,-0.16997,79.47968,17.3195,-17.15873,0,enoS1(1_parsed).csv
36.0761482820513,-79.0084128741259,8,0.15,130.6,9.48,1396403,9.48,9.48096,-0.44028,0.81236,-0.07055,-0.14035,-0.0223,78.64659,15.47793,-20.5057,0,enoS1(1_parsed).csv
36.0761490745921,-79.0084131631701,9,0.15,130.3,9.58,1396603,9.58,9.58086,-0.48694,0.82014,-0.07437,0.02184,-0.09621,77.34581,15.94563,-20.98802,0,enoS1(1_parsed).csv
36.0761499254079,-79.0084134638695,9,0.01,130.3,9.28,1397403,9.28,9.27997,-0.62632,-0.74237,0.10339,0.36927,0.22571,80.54662,18.40105,-13.28559,0,enoS1(1_parsed).csv
36.0761506340326,-79.0084138368298,9,0.01,130.0,9.42,1397603,9.42,9.41695,-0.08435,-0.09392,0.06414,-0.50076,0.31475,81.04356,15.53639,-13.79714,0,enoS1(1_parsed).csv
36.0761512727273,-79.0084140699301,9,0.13,130.0,9.45,1398403,9.45,9.44567,-0.59402,1.48594,-0.05528,-0.02321,-0.00199,77.05349,17.21719,-22.61035,0,enoS1(1_parsed).csv
36.0761517016317,-79.0084144988345,9,0.13,129.3,9.4,1398603,9.4,9.39542,-0.85364,0.98225,0.06903,0.28665,-0.06582,76.83426,18.95645,-20.7834,0,enoS1(1_parsed).csv
36.0761522051282,-79.0084143682984,9,0.26,129.3,9.43,1399403,9.43,9.43011,-0.72861,0.87757,0.02077,0.02841,-0.09209,77.9012,18.32797,-19.64338,0,enoS1(1_parsed).csv
36.0761524382284,-79.0084141072261,8,0.26,129.4,9.61,1399603,9.61,9.61197,-0.55573,1.02413,0.01756,-0.31276,-0.0252,77.19965,17.72873,-21.22186,0,enoS1(1_parsed).csv
36.0761527086247,-79.008413053613,8,0.09,129.4,9.59,1400403,9.59,9.58565,-0.57129,0.73519,0.04108,0.1098,-0.00657,77.78428,18.83952,-20.7834,0,enoS1(1_parsed).csv
36.0761527552448,-79.0084118135198,8,0.09,129.0,9.42,1400603,9.42,9.42054,-0.68136,0.87517,-0.03955,-0.12614,0.05513,78.12044,18.32797,-20.47647,0,enoS1(1_parsed).csv
36.0761530979021,-79.0084100536131,8,0.05,129.0,9.4,1401403,9.4,9.40499,-0.55334,0.89372,-0.06063,-0.24969,0.04826,78.04736,18.22567,-21.13417,0,enoS1(1_parsed).csv
36.0761534988345,-79.0084082074592,8,0.05,129.2,9.25,1401603,9.25,9.25364,-0.76929,1.32144,-0.04093,0.20953,-0.13821,76.62964,18.40105,-22.66881,0,enoS1(1_parsed).csv
36.0761538881119,-79.0084058461538,8,0.03,129.2,9.48,1402403,9.48,9.47797,-0.60778,1.12522,-0.01573,0.06078,-0.03375,78.03274,18.09412,-21.36802,0,enoS1(1_parsed).csv
36.0761541958042,-79.0084037855478,9,0.03,129.3,9.42,1402603,9.42,9.42353,-0.47976,1.20538,-0.03696,-0.00764,0.00183,77.82812,17.86028,-21.58726,0,enoS1(1_parsed).csv
36.0761545641026,-79.0084014545454,9,0.21,129.3,9.48,1403403,9.48,9.47737,-0.63769,0.94995,-0.04566,-0.00412,0.011,78.22274,18.79567,-21.54341,0,enoS1(1_parsed).csv
36.0761547785548,-79.0083994871795,9,0.21,129.7,9.57,1403603,9.57,9.57368,-0.56112,1.0678,0.01054,0.15821,-0.05101,77.94505,18.29874,-21.67495,0,enoS1(1_parsed).csv
36.076154981352,-79.0083973123543,9,0.14,129.7,9.43,1404403,9.43,9.4349,-0.70588,0.68973,0.00092,0.12065,0.00428,78.10582,18.79567,-20.73955,0,enoS1(1_parsed).csv
36.0761551864802,-79.0083957459207,9,0.14,129.7,9.35,1404603,9.35,9.35235,-0.40558,1.11625,-0.05727,-0.0281,0.02856,77.69658,17.83104,-22.27419,0,enoS1(1_parsed).csv
36.0761553473193,-79.0083941468531,9,0.0,129.7,9.52,1405403,9.52,9.51985,-0.51984,1.09591,-0.02443,0.11591,-0.06445,77.36042,18.37182,-22.15726,0,enoS1(1_parsed).csv
36.0761555244755,-79.0083929254079,9,0.0,129.9,9.64,1405603,9.64,9.6359,-0.5994,0.91167,-0.01558,0.25107,-0.06918,78.42736,18.75183,-20.62263,0,enoS1(1_parsed).csv
36.0761555291375,-79.0083919137529,9,0.06,129.9,9.52,1406403,9.52,9.52403,-0.67657,0.18544,-0.02062,0.04719,-0.07621,78.88045,19.27799,-18.81029,0,enoS1(1_parsed).csv
36.0761550722611,-79.0083925944056,9,0.06,129.7,9.56,1406603,9.56,9.55634,-0.65623,0.09033,-0.03604,-0.03161,0.04902,79.28968,19.40953,-18.54721,0,enoS1(1_parsed).csv
36.0761547668998,-79.0083923939394,9,0.18,129.7,9.6,1407403,9.6,9.59881,-0.74536,0.93021,-0.47327,-0.51725,0.12431,77.41888,15.96025,-22.33265,0,enoS1(1_parsed).csv
36.0761545897436,-79.0083920582751,9,0.18,130.0,10.23,1407603,10.23,10.23051,-0.09153,2.06321,-1.38895,-1.28266,1.78709,71.45572,5.64162,-29.59661,0,enoS1(1_parsed).csv
36.0761545174825,-79.0083906876457,9,0.29,130.0,11.08,1408403,11.08,11.08116,5.55913,0.87996,-1.63132,1.07558,-0.75579,74.17422,-15.85794,-9.51476,0,enoS1(1_parsed).csv
36.0761546107226,-79.0083888974359,9,0.29,130.4,9.33,1408603,9.33,9.33141,-0.36849,-2.62194,0.69914,0.39141,-0.95051,79.27506,-9.70477,-0.33616,0,enoS1(1_parsed).csv
36.0761548694639,-79.0083867552447,9,0.84,130.4,7.15,1409403,7.15,7.15035,3.12204,5.01237,-0.1799,0.52198,-0.47098,64.42561,-17.94797,-21.83572,0,enoS1(1_parsed).csv
36.0761552331002,-79.0083844335664,9,0.84,130.9,9.01,1409603,9.01,9.00958,1.29272,3.00239,0.26389,1.51052,-1.02793,74.64192,-7.48319,-18.3572,0,enoS1(1_parsed).csv
36.0761555128205,-79.0083823543123,9,0.38,130.9,8.02,1410403,8.02,8.02014,2.78584,-2.5675,1.69821,0.47892,-0.29123,78.07658,-2.48465,-16.72026,0,enoS1(1_parsed).csv
36.0761557925408,-79.0083809557109,9,0.38,131.1,9.22,1410603,9.22,9.22134,-0.88355,0.35593,1.09879,1.54106,-0.84987,80.38585,15.49255,-15.66793,0,enoS1(1_parsed).csv
36.0761556480186,-79.0083806829837,9,0.14,131.1,9.25,1411403,9.25,9.24587,-1.1001,-1.01695,-0.02367,0.87232,0.37034,80.44431,24.21807,-10.84478,0,enoS1(1_parsed).csv
36.0761554522145,-79.0083818391608,9,0.14,131.3,9.65,1411603,9.65,9.64607,0.33619,-1.24965,-0.14523,-0.19334,0.47235,82.35896,19.05876,-9.03245,0,enoS1(1_parsed).csv
36.0761552284382,-79.0083818275058,9,0.17,131.3,9.73,1412403,9.73,9.72623,0.13699,-0.5324,-0.30803,-0.11973,0.05574,80.25431,15.77024,-14.99562,0,enoS1(1_parsed).csv
36.0761549020979,-79.0083816876457,9,0.17,130.7,9.27,1412603,9.27,9.26501,0.04845,-0.19322,-0.35247,-0.25336,0.02214,80.29816,13.92868,-15.75563,0,enoS1(1_parsed).csv
36.0761543776224,-79.0083811118881,9,0.14,130.7,9.47,1413403,9.47,9.46601,0.25902,0.42712,-1.00044,0.35354,0.21426,78.35428,-0.7454,-16.42794,0,enoS1(1_parsed).csv
36.0761538554779,-79.0083803379953,9,0.14,131.0,9.65,1413603,9.65,9.65085,0.39362,0.02273,-0.64675,-0.01329,-0.36896,79.17275,-3.88775,-12.54019,0,enoS1(1_parsed).csv
36.076153051282,-79.0083794358974,9,0.25,131.0,9.42,1414403,9.42,9.42114,0.19561,0.08554,0.33888,0.20204,-0.37583,79.37738,-3.75621,-11.54633,0,enoS1(1_parsed).csv
36.076151997669,-79.0083787272727,9,0.25,131.6,9.91,1414603,9.91,9.90748,-2.48913,-1.00977,0.54672,0.25137,-0.63744,81.62818,2.66004,-12.67173,0,enoS1(1_parsed).csv
36.0761511888112,-79.0083781398601,9,0.14,131.6,9.23,1415403,9.23,9.23211,0.30329,2.01835,0.30329,0.61438,-0.1938,74.93423,8.40398,-25.67963,0,enoS1(1_parsed).csv
36.0761506107226,-79.0083781958042,9,0.14,131.4,9.14,1415603,9.14,9.13998,0.28774,1.35793,0.06399,0.821,-0.08079,76.61502,8.85706,-22.68343,0,enoS1(1_parsed).csv
36.0761505221445,-79.0083775244755,9,0.02,131.4,9.42,1416403,9.42,9.41516,-0.26501,-0.72443,0.56826,-0.83017,0.44853,81.13125,17.74335,-14.7033,0,enoS1(1_parsed).csv
36.0761510536131,-79.0083766573427,9,0.02,131.2,9.36,1416603,9.36,9.36371,0.51266,0.68495,0.35675,0.13668,0.19991,79.31891,15.90178,-18.57644,0,enoS1(1_parsed).csv
36.0761514265734,-79.008375048951,9,0.3,131.2,9.01,1417403,9.01,9.00718,-0.18963,0.55334,-0.11332,-0.03467,0.0478,79.55276,21.47033,-17.11488,0,enoS1(1_parsed).csv
36.0761518927739,-79.008373016317,9,0.3,131.3,9.85,1417603,9.85,9.85125,-0.06281,-0.01795,-0.20907,0.33781,0.19334,79.65507,19.86261,-17.59719,0,enoS1(1_parsed).csv
36.0761522400932,-79.0083711701632,9,0.24,131.3,9.42,1418403,9.42,9.41576,0.29551,-0.07657,0.01619,0.11011,0.25336,80.26893,22.33265,-12.46711,0,enoS1(1_parsed).csv
36.0761526130536,-79.0083696130536,9,0.24,131.5,9.39,1418603,9.39,9.39183,0.41874,-0.57368,0.51985,-0.07498,-0.29596,81.52587,22.78574,-10.83017,0,enoS1(1_parsed).csv
36.0761525874126,-79.0083687202797,9,0.15,131.5,9.61,1419403,9.61,9.60958,0.38285,0.34935,0.03574,-0.10217,-0.37293,79.94738,27.88658,-12.78866,0,enoS1(1_parsed).csv
36.0761522237762,-79.0083687389277,9,0.15,131.9,9.45,1419603,9.45,9.45045,-0.49651,0.02453,-0.04505,0.32009,-0.18143,79.21661,30.63432,-11.37094,0,enoS1(1_parsed).csv
36.0761519230769,-79.008369006993,9,0.12,131.9,9.04,1420403,9.04,9.03949,-0.29551,-1.50987,-0.00412,0.9641,0.25351,81.2774,26.48348,-7.33704,0,enoS1(1_parsed).csv
36.0761517086247,-79.0083698088578,9,0.12,131.8,9.66,1420603,9.66,9.65803,-0.3667,-0.91047,-0.42134,-0.3488,-0.14065,80.98509,26.99503,-6.70856,0,enoS1(1_parsed).csv
36.0761514382284,-79.0083701771562,9,0.09,131.8,9.14,1421403,9.14,9.13759,-0.47198,-0.49472,-0.4948,0.42165,0.12126,80.80971,20.66647,-12.02865,0,enoS1(1_parsed).csv
36.0761512051282,-79.0083708205128,9,0.09,131.4,10.09,1421603,10.09,10.09233,0.38106,-0.12024,-0.50137,-0.75259,0.20846,80.60509,17.14411,-18.1672,0,enoS1(1_parsed).csv
36.0761507016317,-79.0083709137529,9,0.32,131.4,9.29,1422403,9.29,9.28654,-0.07717,-0.06939,-0.57895,-0.74556,-0.38026,81.04356,8.88629,-15.88717,0,enoS1(1_parsed).csv
36.0761501048951,-79.0083707086247,9,0.32,131.4,9.69,1422603,9.69,9.68854,-0.69033,0.54197,-0.61468,0.16784,0.0788,79.39199,8.22859,-18.98568,0,enoS1(1_parsed).csv
36.0761495081585,-79.0083702517482,9,0.38,131.4,9.78,1423403,9.78,9.78485,-0.35533,0.51326,-0.48762,-0.35003,0.17333,79.53815,-2.39696,-13.53405,0,enoS1(1_parsed).csv
36.076149004662,-79.0083697202797,8,0.38,131.2,9.52,1423603,9.52,9.52343,-0.00419,0.30568,-0.45662,0.33445,-0.03574,79.40661,-4.92546,-10.49401,0,enoS1(1_parsed).csv
36.0761484755245,-79.0083688531468,8,0.81,131.2,9.33,1424403,9.33,9.3344,0.06281,0.41037,-0.37553,0.11393,-0.0588,79.08507,-10.37708,-4.13622,0,enoS1(1_parsed).csv
36.0761480745921,-79.0083677529138,8,0.81,131.2,9.58,1424603,9.58,9.58445,-0.2662,0.27398,-0.36423,0.11102,-0.10293,80.22508,-9.00321,-3.69775,0,enoS1(1_parsed).csv
36.0761478717949,-79.0083663939394,8,0.18,131.2,9.14,1425403,9.14,9.14178,0.86919,-1.07019,-0.51313,0.2645,0.80497,76.70272,-15.94563,13.03712,0,enoS1(1_parsed).csv
36.0761478531469,-79.0083651072261,9,0.18,131.2,9.42,1425603,9.42,9.41994,1.66421,-0.82433,-0.489,-0.14142,0.34025,73.72114,-18.13797,14.07483,0,enoS1(1_parsed).csv
36.0761478531468,-79.0083640792541,9,0.09,131.2,9.39,1426403,9.39,9.38645,0.74716,-0.6682,0.07743,0.16921,-0.09667,76.45425,-13.84098,17.05642,0,enoS1(1_parsed).csv
36.076147955711,-79.0083633519814,9,0.09,131.4,9.46,1426603,9.46,9.46421,0.60479,-0.99661,0.00733,0.1886,-0.10201,76.52734,-13.37328,17.55335,0,enoS1(1_parsed).csv
36.0761481375291,-79.0083626876457,9,0.01,131.4,9.51,1427403,9.51,9.51267,0.59402,-0.93559,-0.04765,0.32254,-0.05101,76.39579,-13.72406,16.20871,0,enoS1(1_parsed).csv
36.0761483519813,-79.0083623706294,9,0.01,131.6,9.43,1427603,9.43,9.4349,0.46301,-1.28734,-0.23488,-0.00305,-0.01298,76.76118,-13.15405,18.40105,0,enoS1(1_parsed).csv
36.0761487412587,-79.0083622820513,9,0.02,131.6,9.32,1428403,9.32,9.31765,-0.00239,-1.11864,-0.15608,-0.0562,-0.19991,76.51272,-6.48933,23.86729,0,enoS1(1_parsed).csv
36.0761492354312,-79.0083626363636,9,0.02,131.5,9.42,1428603,9.42,9.42234,-0.0999,-1.28016,0.20128,0.17425,0.1576,76.83426,-7.52704,23.61882,0,enoS1(1_parsed).csv
36.0761497645688,-79.0083628438229,9,0.22,131.5,9.32,1429403,9.32,9.31705,1.39202,-1.05165,0.23793,0.1573,-0.26344,74.77346,-16.3841,17.17334,0,enoS1(1_parsed).csv
36.0761503426573,-79.0083630489511,9,0.22,131.5,9.24,1429603,9.24,9.2351,1.07976,-1.17966,0.17883,0.12996,0.0536,75.57732,-15.18562,16.54487,0,enoS1(1_parsed).csv
36.0761507109557,-79.0083634172494,9,0.15,131.5,9.65,1430403,9.65,9.64786,0.39781,0.05145,1.03251,0.48869,-0.15012,78.42736,-12.67173,0.21923,0,enoS1(1_parsed).csv
36.076150990676,-79.0083639020979,9,0.15,131.6,9.26,1430603,9.26,9.25903,0.34397,-0.49591,0.99861,0.08048,-0.04322,79.0266,-10.97632,-1.5931,0,enoS1(1_parsed).csv
36.076150969697,-79.0083642447552,9,0.06,131.6,9.78,1431403,9.78,9.77588,-0.00957,0.24227,0.66035,0.3404,0.09438,79.56738,1.65156,-15.84332,0,enoS1(1_parsed).csv
36.0761508391608,-79.0083646270396,9,0.06,131.6,9.52,1431603,9.52,9.52343,0.11246,-0.5348,0.10369,0.00321,-0.21365,81.23356,3.42005,-13.66559,0,enoS1(1_parsed).csv
36.0761502680653,-79.0083648135198,9,0.17,131.6,9.68,1432403,9.68,9.68016,-0.37747,0.30269,-0.21915,-0.18815,0.29001,80.09354,2.63081,-15.171,0,enoS1(1_parsed).csv
36.0761494568765,-79.0083648041958,9,0.17,132.0,9.53,1432603,9.53,9.52882,0.23689,-0.0658,-0.20907,0.24603,-0.00367,80.02046,0.76001,-13.40251,0,enoS1(1_parsed).csv
36.0761483566433,-79.0083646223776,9,0.16,132.0,9.42,1433403,9.42,9.42473,-0.00718,-0.01496,0.93921,-0.00733,-0.06292,79.962,5.10085,-16.32564,0,enoS1(1_parsed).csv
36.0761472377622,-79.0083641468532,9,0.16,132.4,9.57,1433603,9.57,9.5671,0.09811,0.34337,1.13117,0.0197,0.02275,79.75738,10.26016,-19.3803,0,enoS1(1_parsed).csv
36.0761459090909,-79.0083636130536,9,0.13,132.4,9.41,1434403,9.41,9.40738,-0.04606,0.06102,0.75686,-0.1544,0.10339,80.12277,26.83426,-12.02865,0,enoS1(1_parsed).csv
36.0761446876457,-79.0083628764569,9,0.13,133.3,9.62,1434603,9.62,9.61975,0.01017,0.35833,0.78878,0.28894,-0.03421,79.772,29.01199,-9.16399,0,enoS1(1_parsed).csv
36.0761434055944,-79.0083625501165,9,0.43,133.3,9.46,1435403,9.46,9.46002,0.14596,0.04307,0.78069,0.05238,-0.06338,79.47968,32.46127,4.89623,0,enoS1(1_parsed).csv
36.0761423799534,-79.0083625501165,9,0.43,133.4,9.57,1435603,9.57,9.57428,-0.62034,0.06042,0.49724,0.08109,0.1657,77.59427,35.51593,8.50628,0,enoS1(1_parsed).csv
36.0761414195804,-79.0083628764569,9,0.39,133.4,9.39,1436403,9.39,9.38884,-0.43071,-0.15673,0.24236,0.2106,-0.12049,76.45425,33.19205,16.1064,0,enoS1(1_parsed).csv
36.076140962704,-79.0083635291375,9,0.39,133.2,9.7,1436603,9.7,9.69691,-0.81117,-0.4337,-0.28466,0.07086,0.14661,76.38118,32.6805,18.29874,0,enoS1(1_parsed).csv
36.0761403706294,-79.0083640839161,9,0.1,133.2,9.48,1437403,9.48,9.48036,-0.38764,-0.04068,0.70815,-0.21808,-0.3656,77.52119,28.54429,19.23414,0,enoS1(1_parsed).csv
36.0761402027972,-79.0083645780886,9,0.1,133.1,9.66,1437603,9.66,9.65923,-0.54317,0.17767,0.64645,0.12843,0.25809,78.26659,26.6881,21.41187,0,enoS1(1_parsed).csv
36.0761397972028,-79.0083649417249,9,0.35,133.1,9.44,1438403,9.44,9.4355,-0.07418,-0.0682,0.69486,-0.0591,0.10858,77.22888,12.42327,27.41888,0,enoS1(1_parsed).csv
36.0761395454545,-79.0083652494172,9,0.35,132.7,9.63,1438603,9.63,9.62991,0.00837,-0.09212,0.69593,0.11851,-0.0591,77.84274,7.84858,26.01579,0,enoS1(1_parsed).csv
36.076138974359,-79.0083654312354,9,0.28,132.7,9.49,1439403,9.49,9.48934,-0.24706,-0.43669,0.50198,-0.23121,-0.10705,77.24349,2.96697,26.74656,0,enoS1(1_parsed).csv
36.0761384522145,-79.0083653566434,9,0.28,132.9,9.52,1439603,9.52,9.51566,-0.16869,-0.26919,0.66294,0.14294,0.17196,76.99503,-0.70155,24.75884,0,enoS1(1_parsed).csv
36.0761376946387,-79.0083654032634,9,0.36,132.9,9.37,1440403,9.37,9.3685,0.02692,0.19442,1.15102,-0.20769,0.09087,78.70506,-11.45864,9.14937,0,enoS1(1_parsed).csv
36.0761370699301,-79.0083653193473,9,0.36,133.0,9.72,1440603,9.72,9.72383,0.1998,0.15912,1.21639,0.22755,-0.10263,78.63198,-12.86174,3.68313,0,enoS1(1_parsed).csv
36.0761363170163,-79.0083652937063,9,0.49,133.0,9.45,1441403,9.45,9.44926,-0.00957,0.0999,1.10475,0.18173,-0.14294,80.00585,-1.06694,-13.92868,0,enoS1(1_parsed).csv
36.0761356829837,-79.0083653869464,9,0.49,133.3,9.64,1441603,9.64,9.64307,-0.13819,-0.07178,1.08383,0.00076,-0.14401,79.93277,5.26162,-16.39871,0,enoS1(1_parsed).csv
36.0761349300699,-79.0083653869464,9,0.44,133.3,9.42,1442403,9.42,9.41576,-0.20518,-0.00957,0.92348,-0.11087,-0.05009,79.39199,24.34961,-15.34639,0,enoS1(1_parsed).csv
36.0761344731935,-79.0083652937063,9,0.44,132.7,9.6,1442603,9.6,9.59701,-0.01914,0.27218,0.88117,-0.08751,0.09499,79.15814,26.33733,-13.84098,0,enoS1(1_parsed).csv
36.0761336736597,-79.0083653193473,9,0.48,132.7,9.5,1443403,9.5,9.49891,0.0012,0.12802,0.81169,0.12065,-0.04169,78.99737,33.96667,0.7454,0,enoS1(1_parsed).csv
36.0761331142191,-79.0083653193473,9,0.48,132.6,9.5,1443603,9.5,9.50309,-0.13579,0.20818,0.79794,-0.00122,-0.05513,78.80737,34.33207,3.71236,0,enoS1(1_parsed).csv
36.0761321794872,-79.0083652937063,9,0.37,132.6,9.56,1444403,9.56,9.56052,-0.067,0.11844,0.7503,0.02841,0.03222,78.41275,27.57966,17.7872,0,enoS1(1_parsed).csv
36.0761313310023,-79.0083653869464,9,0.37,132.6,9.54,1444603,9.54,9.53899,-0.00658,0.18425,0.7419,0.10324,-0.09759,78.2812,24.89038,20.47647,0,enoS1(1_parsed).csv
36.0761301888112,-79.0083653869464,9,0.48,132.6,9.58,1445403,9.58,9.57548,-0.04965,0.06162,0.69333,0.15272,-0.06628,77.95966,11.61941,25.91348,0,enoS1(1_parsed).csv
36.0761294055944,-79.0083654615384,9,0.48,132.6,9.53,1445603,9.53,9.5342,-0.05563,0.02752,0.68402,-0.07468,-0.06979,77.37504,8.46244,26.4981,0,enoS1(1_parsed).csv
36.076128034965,-79.0083654452214,9,0.49,132.6,9.51,1446403,9.51,9.50788,-0.13819,0.10648,0.64538,-0.16264,-0.05162,78.17889,-3.39082,22.01111,0,enoS1(1_parsed).csv
36.0761267762238,-79.0083654918415,9,0.49,132.8,9.46,1446603,9.46,9.46481,-0.05324,0.31167,0.62232,-0.02107,0.05024,78.66121,-5.49547,20.16954,0,enoS1(1_parsed).csv
36.0761251305361,-79.0083650815851,9,0.69,132.8,9.54,1447403,9.54,9.54437,-0.0317,0.2997,0.58231,-0.00641,0.07239,79.18737,-11.13709,9.38322,0,enoS1(1_parsed).csv
36.0761235920746,-79.0083646433566,9,0.69,132.8,9.52,1447603,9.52,9.51985,-0.0335,0.18066,0.58185,0.16493,-0.01222,79.14352,-11.95557,7.62935,0,enoS1(1_parsed).csv
36.0761218741259,-79.0083637039627,9,0.56,132.8,9.49,1448403,9.49,9.48934,0.04008,0.08973,0.57528,0.10018,-0.1463,79.09968,-9.98246,-3.53698,0,enoS1(1_parsed).csv
36.0761206153846,-79.0083620909091,9,0.56,133.0,9.79,1448603,9.79,9.78664,-0.13938,0.01735,0.57162,-0.0452,-0.1011,80.41508,-8.11166,-5.23239,0,enoS1(1_parsed).csv
36.0761191048951,-79.0083609347319,9,0.61,133.0,9.38,1449403,9.38,9.37867,-0.26261,0.05982,0.55787,-0.21121,-0.05803,80.60509,-0.42385,-13.13943,0,enoS1(1_parsed).csv
36.076117958042,-79.0083602447552,9,0.61,133.1,9.69,1449603,9.69,9.69392,-0.01376,0.33679,0.53695,-0.08873,0.19181,79.3043,1.54925,-17.21719,0,enoS1(1_parsed).csv
36.0761168414918,-79.0083599020979,9,0.68,133.1,9.25,1450403,9.25,9.24587,-0.00479,0.17527,0.51267,0.08842,-0.0084,79.962,11.48787,-19.07337,0,enoS1(1_parsed).csv
36.0761162634033,-79.00835997669,9,0.68,133.0,9.68,1450603,9.68,9.68375,0.03769,0.2997,0.51526,-0.04398,-0.09514,78.95352,14.11868,-20.18416,0,enoS1(1_parsed).csv
36.0761154428904,-79.0083603030303,9,0.53,133.0,9.45,1451403,9.45,9.44746,-0.134,0.07836,0.489,0.17471,-0.14661,79.04122,23.9696,-15.41947,0,enoS1(1_parsed).csv
36.0761151538462,-79.0083610489511,9,0.53,132.8,9.67,1451603,9.67,9.66641,-0.07537,0.07956,0.47617,-0.11362,0.07453,79.27506,25.66501,-14.36714,0,enoS1(1_parsed).csv
36.0761143799534,-79.0083617902098,9,0.44,132.8,9.48,1452403,9.48,9.48036,-0.07896,0.21595,0.45983,-0.19227,0.06322,79.09968,31.45279,-7.16165,0,enoS1(1_parsed).csv
36.0761138111888,-79.0083627319347,9,0.44,132.5,9.62,1452603,9.62,9.62274,0.02154,0.02871,0.45418,0.27871,-0.07468,79.47968,32.34435,-5.3347,0,enoS1(1_parsed).csv
36.0761128554779,-79.008363002331,9,0.59,132.5,9.48,1453403,9.48,9.48216,-0.10169,0.1322,0.43509,0.21548,-0.05498,79.08507,34.12745,3.06928,0,enoS1(1_parsed).csv
36.076111997669,-79.008363011655,9,0.59,132.2,9.61,1453603,9.61,9.60539,-0.08375,0.2333,0.45555,-0.23091,-0.00168,78.45659,34.21514,4.95469,0,enoS1(1_parsed).csv
36.0761106689977,-79.008362948718,9,0.74,132.2,9.33,1454403,9.33,9.335,-0.04367,0.04487,0.43967,-0.03497,-0.00993,78.54428,30.37124,14.49868,0,enoS1(1_parsed).csv
36.0761095221445,-79.0083625477856,9,0.74,132.3,9.69,1454603,9.69,9.69452,-0.02931,0.23509,0.43738,-0.0087,-0.04872,79.15814,29.01199,14.77638,0,enoS1(1_parsed).csv
36.076108011655,-79.0083618787879,9,0.6,132.3,9.38,1455403,9.38,9.37508,-0.16929,-0.02333,0.42577,-0.10385,0.02673,77.59427,23.95498,22.11342,0,enoS1(1_parsed).csv
36.0761066689977,-79.0083610955711,9,0.6,132.4,9.62,1455603,9.62,9.62453,0.01077,0.30927,0.41172,0.04261,0.09988,78.86583,20.72493,21.49956,0,enoS1(1_parsed).csv
36.0761051841492,-79.0083602913753,9,0.64,132.4,9.43,1456403,9.43,9.42832,0.04905,0.25065,0.41676,0.01451,-0.06811,78.39812,12.49635,25.59193,0,enoS1(1_parsed).csv
36.0761042797203,-79.0083597505828,9,0.64,132.6,9.6,1456603,9.6,9.6018,-0.09033,0.2004,0.41218,0.03589,-0.06811,78.58813,11.13709,25.43116,0,enoS1(1_parsed).csv
36.0761028671329,-79.00835902331,9,0.61,132.6,9.45,1457403,9.45,9.44567,-0.05563,0.09811,0.42608,-0.04765,-0.14722,78.63198,3.30313,24.72961,0,enoS1(1_parsed).csv
36.0761019440559,-79.0083581282051,9,0.61,132.6,9.7,1457603,9.7,9.7029,-0.23689,0.17647,0.4218,0.08308,0.06643,78.95352,1.02309,24.30576,0,enoS1(1_parsed).csv
36.0761002564103,-79.0083574172494,9,0.69,132.6,9.47,1458403,9.47,9.46601,-0.01555,0.10588,0.42516,-0.03864,0.03115,78.63198,-6.16779,20.40339,0,enoS1(1_parsed).csv
36.0760985967366,-79.0083570909091,9,0.69,132.6,9.52,1458603,9.52,9.51566,0.00419,0.18126,0.42593,-0.09529,-0.10782,79.43584,-7.41011,17.5095,0,enoS1(1_parsed).csv
36.0760965361305,-79.0083566293706,9,0.64,132.6,9.46,1459403,9.46,9.45943,-0.11725,0.332,0.40577,-0.01161,-0.0307,79.59661,-11.18094,10.93248,0,enoS1(1_parsed).csv
36.0760947832168,-79.0083565827506,9,0.64,132.5,9.58,1459603,9.58,9.58266,-0.03709,0.15553,0.40332,0.03207,0.01161,79.62584,-11.21017,9.31014,0,enoS1(1_parsed).csv
36.0760926969697,-79.0083564312354,9,0.78,132.5,9.48,1460403,9.48,9.48036,-0.06162,0.01914,0.39324,-0.00214,-0.04994,79.93277,-11.57556,1.00848,0,enoS1(1_parsed).csv
36.0760911305361,-79.0083567948718,9,0.78,133.0,9.43,1460603,9.43,9.42832,-0.09511,0.24227,0.38836,-0.04001,-0.00657,80.19585,-10.65478,-1.06694,0,enoS1(1_parsed).csv
36.0760894428904,-79.0083564452214,9,0.49,133.0,9.61,1461403,9.61,9.60718,-0.01496,0.25962,0.3543,0.2164,0.00428,79.58199,-8.14089,-8.38936,0,enoS1(1_parsed).csv
36.0760882587413,-79.0083558671328,9,0.49,133.4,9.45,1461603,9.45,9.44686,0.02154,0.14536,0.35339,-0.04841,-0.08308,80.47355,-6.98626,-8.18474,0,enoS1(1_parsed).csv
36.0760869137529,-79.0083542797203,9,0.43,133.4,9.44,1462403,9.44,9.44148,-0.05563,0.09691,0.32391,0.07865,-0.08613,80.10815,-1.85618,-13.37328,0,enoS1(1_parsed).csv
36.0760861305361,-79.0083523962704,9,0.43,133.5,9.67,1462603,9.67,9.67119,-0.15254,0.11366,0.33078,-0.04108,0.03589,80.67816,0.26308,-15.47793,0,enoS1(1_parsed).csv
36.076084962704,-79.0083502843823,9,0.69,133.5,9.5,1463403,9.5,9.50429,-0.07597,0.08614,0.31857,-0.19166,-0.0223,80.21046,6.69395,-16.80795,0,enoS1(1_parsed).csv
36.0760842074592,-79.0083483543123,9,0.69,133.4,9.57,1463603,9.57,9.5695,-0.00479,0.27517,0.29016,0.1095,-0.01909,79.72815,7.27857,-18.02105,0,enoS1(1_parsed).csv
36.0760832727273,-79.0083463659674,9,0.77,133.4,9.51,1464403,9.51,9.51326,-0.16929,0.1328,0.27932,-0.16356,0.00535,79.91815,14.16253,-19.27799,0,enoS1(1_parsed).csv
36.0760827878788,-79.0083448834499,9,0.77,133.1,9.6,1464603,9.6,9.6024,-0.02692,0.24048,0.27184,0.16585,0.06154,80.00585,14.89331,-18.79567,0,enoS1(1_parsed).csv
36.076081972028,-79.0083432890443,9,0.77,133.1,9.58,1465403,9.58,9.57847,0.10469,0.19681,0.25809,-0.04643,0.02535,79.69892,20.40339,-16.99795,0,enoS1(1_parsed).csv
36.0760813100233,-79.0083424592075,9,0.77,132.7,9.54,1465603,9.54,9.54018,-0.01795,0.2345,0.24374,0.17181,-0.14142,79.91815,21.19263,-16.06256,0,enoS1(1_parsed).csv
36.0760802097902,-79.0083409277389,9,0.75,132.7,9.6,1466403,9.6,9.6006,-0.05922,0.13101,0.23885,-0.08628,-0.07376,80.02046,26.14733,-13.68021,0,enoS1(1_parsed).csv
36.0760792773893,-79.0083398368298,9,0.75,132.8,9.52,1466603,9.52,9.52224,-0.11306,0.05264,0.22739,0.16341,-0.02795,79.772,26.80503,-13.16866,0,enoS1(1_parsed).csv
36.0760781095571,-79.0083383100233,9,0.66,132.8,9.54,1467403,9.54,9.53779,-0.16331,0.06939,0.21426,0.0701,0.03512,79.53815,30.83894,-9.25168,0,enoS1(1_parsed).csv
36.0760770839161,-79.0083371165501,9,0.66,133.1,9.46,1467603,9.46,9.45644,0.01496,0.12263,0.22648,-0.14768,0.06888,79.87431,30.8097,-7.87781,0,enoS1(1_parsed).csv
36.076076009324,-79.0083354032634,9,0.68,133.1,9.54,1468403,9.54,9.54078,0.14596,0.19741,0.20189,0.14416,-0.1011,79.99123,32.24203,-5.08623,0,enoS1(1_parsed).csv
36.0760752634033,-79.0083341072261,9,0.68,133.3,9.41,1468603,9.41,9.41157,-0.12622,0.14357,0.19792,-0.0307,-0.10705,79.14352,33.35282,-3.69775,0,enoS1(1_parsed).csv
36.0760744428904,-79.0083321864802,9,0.81,133.3,9.63,1469403,9.63,9.62752,-0.17109,0.16331,0.19288,-0.02718,-0.06017,79.08507,34.28822,-0.30693,0,enoS1(1_parsed).csv
36.076073986014,-79.0083304335664,9,0.81,133.5,9.5,1469603,9.5,9.49951,-0.09691,0.12622,0.18387,0.11286,0.09331,79.08507,33.63052,1.65156,0,enoS1(1_parsed).csv
36.0760732540792,-79.0083284195804,9,0.4,133.5,9.52,1470403,9.52,9.52403,0.01077,0.17169,0.16784,0.22495,0.10095,79.46507,32.92897,5.81701,0,enoS1(1_parsed).csv
36.0760728904429,-79.0083267692308,9,0.4,134.2,9.44,1470603,9.44,9.43909,0.06341,-0.1328,0.19914,-0.28802,-0.13897,78.98275,33.1482,6.48933,0,enoS1(1_parsed).csv
36.0760722564103,-79.008325030303,9,0.67,134.2,9.31,1471403,9.31,9.30569,-0.05563,0.05264,0.19456,0.11545,-0.1127,78.44198,32.70973,11.28325,0,enoS1(1_parsed).csv
36.0760716223776,-79.0083238648019,9,0.67,134.3,9.59,1471603,9.59,9.58804,-0.04845,0.06879,0.18754,-0.19166,0.02856,78.58813,32.47588,10.99094,0,enoS1(1_parsed).csv
36.0760707505828,-79.0083225617716,9,0.87,134.3,9.46,1472403,9.46,9.46481,-0.10528,0.22074,0.17242,0.08262,0.0588,77.38965,30.82432,14.27945,0,enoS1(1_parsed).csv
36.0760699487179,-79.0083217972028,9,0.87,133.9,9.52,1472603,9.52,9.51506,0.02213,0.067,0.18677,-0.06139,-0.04001,78.99737,30.21046,15.11254,0,enoS1(1_parsed).csv
36.0760691445221,-79.008321002331,9,0.74,133.9,9.49,1473403,9.49,9.48814,-0.0664,0.16211,0.18112,0.00428,-0.05085,78.57352,27.40427,18.15259,0,enoS1(1_parsed).csv
36.0760687902098,-79.0083208065268,9,0.74,133.7,9.55,1473603,9.55,9.55275,-0.06461,0.01555,0.16784,0.09514,0.04933,78.83659,25.98655,18.64952,0,enoS1(1_parsed).csv
36.0760682237762,-79.0083201934732,9,0.81,133.7,9.48,1474403,9.48,9.47857,0.1005,0.10229,0.18158,0.011,-0.14951,78.35428,22.96112,21.76264,0,enoS1(1_parsed).csv
36.0760677762238,-79.0083198298368,9,0.81,133.1,9.63,1474603,9.63,9.6347,-0.22672,0.16092,0.17272,0.04261,-0.04627,78.17889,23.3119,22.21573,0,enoS1(1_parsed).csv
36.0760672097902,-79.008319076923,9,0.69,133.1,9.52,1475403,9.52,9.52343,-0.02692,-0.01795,0.16707,-0.03894,0.03757,78.19351,19.02952,24.10114,0,enoS1(1_parsed).csv
36.0760669393939,-79.0083185174825,9,0.69,132.8,9.51,1475603,9.51,9.50668,-0.01077,0.18544,0.1628,-0.00565,-0.00076,78.19351,18.64952,23.45805,0,enoS1(1_parsed).csv
36.0760661142191,-79.0083175361305,9,0.79,132.8,9.38,1476403,9.38,9.37628,-0.14776,0.12203,0.16661,0.18051,0.01649,77.59427,14.42561,25.92809,0,enoS1(1_parsed).csv
36.0760652937063,-79.0083166783217,9,0.79,132.7,9.64,1476603,9.64,9.63889,0.05563,0.17169,0.17226,-0.22571,-0.01206,78.13505,13.47559,24.52499,0,enoS1(1_parsed).csv
36.0760642400932,-79.0083153752914,9,0.89,132.7,9.64,1477403,9.64,9.63829,-0.07777,0.23569,0.16814,-0.04276,-0.11164,78.25198,10.27477,25.22654,0,enoS1(1_parsed).csv
36.0760633916084,-79.0083141351981,9,0.89,132.7,9.58,1477603,9.58,9.58385,-0.14477,0.13161,0.15882,0.19487,0.03696,78.12044,9.22245,25.73809,0,enoS1(1_parsed).csv
36.0760623682984,-79.0083126247086,9,0.87,132.7,9.48,1478403,9.48,9.47857,-0.15673,-0.02871,0.15333,0.05681,0.06643,78.13505,5.90471,26.16194,0,enoS1(1_parsed).csv
36.0760614265734,-79.0083115431235,9,0.87,132.8,9.59,1478603,9.59,9.59223,0.11426,0.21595,0.16203,-0.1066,-0.02474,77.87196,4.07775,24.51038,0,enoS1(1_parsed).csv
36.0760601864802,-79.008309990676,9,0.86,132.8,9.6,1479403,9.6,9.6018,0.01496,0.23988,0.15348,-0.18234,0.01161,78.5589,1.72464,24.84654,0,enoS1(1_parsed).csv
36.0760591701632,-79.0083087972028,9,0.86,132.6,9.42,1479603,9.42,9.42114,-0.07597,0.09212,0.13974,0.28115,-0.05956,78.42736,1.18386,24.48115,0,enoS1(1_parsed).csv
36.0760581631702,-79.0083071095571,9,0.83,132.6,9.66,1480403,9.66,9.66042,-0.12802,0.28714,0.1492,0.10782,-0.01436,78.9389,-2.85004,20.60801,0,enoS1(1_parsed).csv
36.0760576037296,-79.0083058041958,9,0.83,132.6,9.41,1480603,9.41,9.40619,-0.05503,0.05264,0.14294,0.11118,0.03726,78.14967,-3.30313,22.25957,0,enoS1(1_parsed).csv
36.0760568764569,-79.0083038624709,9,0.91,132.6,9.52,1481403,9.52,9.52463,-0.1005,0.01615,0.14294,0.12004,0.01283,78.52967,-6.10932,19.78954,0,enoS1(1_parsed).csv
36.0760564195804,-79.0083022680653,9,0.91,132.4,9.49,1481603,9.49,9.49233,0.02752,0.1657,0.14478,-0.08949,-0.02398,78.2812,-7.16165,19.14645,0,enoS1(1_parsed).csv
36.0760558065268,-79.008300025641,9,0.91,132.4,9.6,1482403,9.6,9.6018,-0.0006,0.14297,0.14997,0.05559,-0.0956,78.60275,-8.40398,16.69103,0,enoS1(1_parsed).csv
36.0760555361305,-79.0082981421912,9,0.91,132.4,9.4,1482603,9.4,9.40439,-0.08734,0.11605,0.12431,-0.10537,0.06872,78.70506,-8.63783,16.63256,0,enoS1(1_parsed).csv
36.0760547575758,-79.0082958578089,9,0.85,132.4,9.48,1483403,9.48,9.48276,-0.0335,0.21176,0.12828,0.16112,-0.04047,79.55276,-10.2017,13.7679,0,enoS1(1_parsed).csv
36.076054030303,-79.0082939743589,9,0.85,132.3,9.49,1483603,9.49,9.49113,-0.02632,0.17587,0.13103,-0.02337,0.01329,78.92429,-9.82169,13.50482,0,enoS1(1_parsed).csv
36.0760531165501,-79.0082917319347,9,0.89,132.3,9.46,1484403,9.46,9.45763,-0.03709,0.00837,0.12278,0.28863,-0.03451,79.42122,-11.37094,11.7948,0,enoS1(1_parsed).csv
36.0760523706294,-79.0082901375291,9,0.89,132.3,9.6,1484603,9.6,9.59821,-0.067,0.07597,0.14768,-0.19792,-0.04078,79.39199,-11.56095,10.43554,0,enoS1(1_parsed).csv
36.0760513892774,-79.0082881958042,9,0.79,132.3,9.51,1485403,9.51,9.51446,-0.03589,-0.02034,0.13317,0.02275,-0.02337,79.05583,-12.39404,7.62935,0,enoS1(1_parsed).csv
36.0760507179487,-79.0082868065268,9,0.79,132.4,9.53,1485603,9.53,9.52762,-0.10349,0.22732,0.12248,-0.07773,0.04887,79.0266,-12.23327,5.62701,0,enoS1(1_parsed).csv
36.0760495757576,-79.0082851398601,9,0.71,132.4,9.62,1486403,9.62,9.61556,0.09811,0.3003,0.115,0.06414,0.0307,78.80737,-12.94943,2.47004,0,enoS1(1_parsed).csv
36.0760485314685,-79.0082840489511,9,0.71,132.2,9.43,1486603,9.43,9.42653,-0.00718,0.03051,0.1208,0.05452,-0.07605,79.3043,-12.56942,4.01929,0,enoS1(1_parsed).csv
36.0760472284382,-79.0082826573426,9,0.75,132.2,9.58,1487403,9.58,9.58445,-0.09571,0.16869,0.11438,-0.02627,-0.07453,79.55276,-11.5171,-0.80386,0,enoS1(1_parsed).csv
36.0760463426573,-79.0082818554779,9,0.75,132.4,9.42,1487603,9.42,9.41994,-0.08435,0.07238,0.10797,0.07498,0.04276,79.80122,-11.16633,-0.7454,0,enoS1(1_parsed).csv
36.0760449510489,-79.0082805314685,9,0.82,132.4,9.63,1488403,9.63,9.62513,-0.07657,0.20518,0.08964,-0.0391,0.08002,79.80122,-10.43554,-3.53698,0,enoS1(1_parsed).csv
36.0760437762238,-79.0082795524475,9,0.82,132.6,9.46,1488603,9.46,9.46242,0.05862,0.11486,0.09865,0.11683,-0.06078,79.31891,-10.8594,-3.80006,0,enoS1(1_parsed).csv
36.0760421305361,-79.0082782074592,9,0.74,132.6,9.56,1489403,9.56,9.55514,-0.07178,0.20937,0.08583,-0.01527,-0.04902,80.06431,-9.77784,-6.41625,0,enoS1(1_parsed).csv
36.0760407599068,-79.0082772191142,9,0.74,132.9,9.49,1489603,9.49,9.48993,-0.01675,0.13639,0.08125,0.08262,-0.01558,79.80122,-8.90091,-6.60626,0,enoS1(1_parsed).csv
36.076039,-79.0082756876457,9,0.85,132.9,9.63,1490403,9.63,9.63291,-0.04128,0.15613,0.07147,-0.05773,0.00046,79.84508,-7.71704,-8.95937,0,enoS1(1_parsed).csv
36.0760376200466,-79.0082742517482,9,0.85,133.4,9.5,1490603,9.5,9.50369,-0.00538,0.19262,0.07132,0.15592,-0.01222,79.88892,-7.68781,-8.47705,0,enoS1(1_parsed).csv
36.0760357668998,-79.0082726013986,9,0.84,133.4,9.66,1491403,9.66,9.66102,-0.04666,0.17408,0.05238,0.11438,-0.00886,79.39199,-6.21163,-10.15785,0,enoS1(1_parsed).csv
36.0760342937063,-79.0082711841492,9,0.84,133.7,9.42,1491603,9.42,9.41695,-0.0317,0.11007,0.06185,0.03344,-0.03222,80.02046,-6.12394,-9.20783,0,enoS1(1_parsed).csv
36.0760325594406,-79.0082698554778,9,0.71,133.7,9.54,1492403,9.54,9.54078,0.00658,0.12144,0.06078,0.12217,-0.05452,79.55276,-5.057,-10.61093,0,enoS1(1_parsed).csv
36.0760313566434,-79.0082691002331,9,0.71,134.0,9.49,1492603,9.49,9.49412,-0.10648,0.08913,0.06002,-0.05024,-0.05437,79.94738,-4.42853,-10.91786,0,enoS1(1_parsed).csv
36.0760296433566,-79.0082683263403,9,0.75,134.0,9.44,1493403,9.44,9.44327,-0.11306,0.11366,0.05818,0.03879,-0.00825,79.8597,-3.36159,-12.49635,0,enoS1(1_parsed).csv
36.0760283566433,-79.0082683076923,9,0.75,134.3,9.55,1493603,9.55,9.54736,0.01795,0.19143,0.04994,-0.00748,0.0733,79.94738,-4.03391,-13.3879,0,enoS1(1_parsed).csv
36.0760266433566,-79.0082678391608,9,0.69,134.3,9.57,1494403,9.57,9.57428,0.08255,0.15553,0.04154,0.08018,0.06704,79.99123,-2.2508,-13.49021,0,enoS1(1_parsed).csv
36.0760252727273,-79.0082676340326,9,0.69,134.2,9.51,1494603,9.51,9.51446,-0.02512,0.07358,0.05681,0.01665,-0.12828,80.23969,-2.07542,-14.03099,0,enoS1(1_parsed).csv
36.0760235804196,-79.0082666993007,9,0.78,134.2,9.49,1495403,9.49,9.49472,-0.06341,0.11306,0.05895,0.09682,-0.01909,80.41508,0.04385,-14.64484,0,enoS1(1_parsed).csv
36.0760222284382,-79.0082657482517,9,0.78,134.2,9.58,1495603,9.58,9.57548,-0.03111,0.11964,0.05483,-0.0846,0.05376,80.23969,-0.14616,-15.14177,0,enoS1(1_parsed).csv
36.0760207179487,-79.0082642121212,9,0.89,134.2,9.53,1496403,9.53,9.53301,0.0006,0.15434,0.05773,-0.02688,0.0394,79.69892,2.64543,-16.23794,0,enoS1(1_parsed).csv
36.0760198321678,-79.0082625990676,9,0.89,134.4,9.57,1496603,9.57,9.57249,-0.0012,0.11964,0.07361,0.03619,-0.05177,79.87431,2.7185,-16.20871,0,enoS1(1_parsed).csv
36.0760186480186,-79.0082607878788,9,0.7,134.4,9.53,1497403,9.53,9.52942,-0.02632,0.15673,0.18219,0.01008,-0.06078,80.15201,5.40778,-16.77872,0,enoS1(1_parsed).csv
36.0760178648019,-79.0082594172494,9,0.7,134.3,9.36,1497603,9.36,9.36371,-0.0006,0.18604,0.16967,0.01359,-0.0226,79.75738,6.32856,-16.86641,0,enoS1(1_parsed).csv
36.0760167482517,-79.0082578228438,9,0.79,134.3,9.48,1498403,9.48,9.47618,-0.03649,0.20339,0.18402,-0.05284,-0.06811,80.32739,10.52324,-18.00643,0,enoS1(1_parsed).csv
36.076015974359,-79.0082567132867,9,0.79,134.1,9.57,1498603,9.57,9.5671,-0.02692,0.22552,0.15944,0.08842,0.01054,79.99123,11.3271,-17.99182,0,enoS1(1_parsed).csv
36.0760147855478,-79.00825504662,9,0.85,134.1,9.53,1499403,9.53,9.52882,0.00538,0.1657,0.25519,0.02107,-0.01008,80.26893,15.31716,-17.67027,0,enoS1(1_parsed).csv
36.0760137505828,-79.0082537599068,9,0.85,134.1,9.59,1499603,9.59,9.58565,-0.01914,0.08315,0.28191,0.0649,-0.06002,80.09354,17.11488,-17.93335,0,enoS1(1_parsed).csv
36.0760124895105,-79.008252,9,0.94,134.1,9.59,1500403,9.59,9.58505,-0.09332,0.0317,0.28451,-0.05101,-0.09774,79.56738,22.49342,-15.361,0,enoS1(1_parsed).csv
36.0760116317016,-79.0082507039627,9,0.94,134.1,9.49,1500603,9.49,9.48814,-0.15434,0.12622,0.27428,-0.00809,0.06643,79.69892,23.80883,-15.33177,0,enoS1(1_parsed).csv
36.0760106083916,-79.0082488298368,9,0.83,134.1,9.54,1501403,9.54,9.5354,0.02453,0.2345,0.28726,-0.12065,0.07391,79.58199,27.55042,-11.2394,0,enoS1(1_parsed).csv
36.076010011655,-79.0082473379953,9,0.83,134.0,9.51,1501603,9.51,9.51446,0.0323,0.17468,0.29398,0.1405,-0.09087,79.59661,28.50044,-10.46478,0,enoS1(1_parsed).csv
36.0760088951049,-79.0082454219114,9,0.92,134.0,9.47,1502403,9.47,9.47319,-0.08016,0.12323,0.33094,0.0252,-0.01833,79.46507,32.28588,-5.17393,0,enoS1(1_parsed).csv
36.076008018648,-79.008244004662,9,0.92,133.9,9.56,1502603,9.56,9.55574,-0.0335,0.07836,0.33796,-0.01054,0.00962,80.31277,32.72435,-3.20082,0,enoS1(1_parsed).csv
36.0760066480186,-79.0082419020979,9,1.02,133.9,9.47,1503403,9.47,9.4666,-0.02991,0.07657,0.32009,0.09209,-0.07193,78.76352,33.3382,3.43467,0,enoS1(1_parsed).csv
36.0760053986014,-79.0082401212121,9,1.02,133.9,9.55,1503603,9.55,9.54557,-0.03888,0.08375,0.32574,-0.12126,-0.02092,79.1143,34.1713,4.48699,0,enoS1(1_parsed).csv
36.0760037482518,-79.0082378787879,9,1.06,133.9,9.44,1504403,9.44,9.44268,-0.12263,0.04128,0.30223,-0.08583,-0.01008,78.73429,32.06665,11.45864,0,enoS1(1_parsed).csv
36.0760023962704,-79.0082360979021,9,1.06,134.1,9.64,1504603,9.64,9.63649,-0.00479,0.19083,0.28558,0.02199,0.05727,79.23122,30.97047,11.41479,0,enoS1(1_parsed).csv
36.0760008438228,-79.008233995338,9,0.97,134.1,9.6,1505403,9.6,9.6018,-0.00179,0.29611,0.26435,-0.04062,0.07223,78.64659,28.39813,16.3841,0,enoS1(1_parsed).csv
36.0759995011655,-79.0082322424242,9,0.97,134.2,9.49,1505603,9.49,9.48515,0.04965,0.12502,0.27672,0.21732,-0.07682,78.77814,27.56504,19.08799,0,enoS1(1_parsed).csv
36.0759980582751,-79.0082304102564,9,0.75,134.2,9.62,1506403,9.62,9.61556,0.05623,0.22433,0.2532,0.17501,-0.08048,78.67583,21.98188,22.06957,0,enoS1(1_parsed).csv
36.0759973589744,-79.0082293286713,9,0.75,134.0,9.45,1506603,9.45,9.45105,-0.09811,-0.00359,0.25656,-0.05147,-0.06216,78.54428,21.80649,23.7796,0,enoS1(1_parsed).csv
36.0759962680653,-79.0082280979021,9,1.02,134.0,9.46,1507403,9.46,9.46002,-0.10708,-0.01017,0.25656,-0.07422,-0.01252,78.26659,17.34873,25.62116,0,enoS1(1_parsed).csv
36.0759954009324,-79.0082276689977,9,1.02,134.0,9.58,1507603,9.58,9.57548,-0.00538,0.20997,0.24862,-0.00397,0.03558,78.52967,15.171,24.70038,0,enoS1(1_parsed).csv
36.0759942121212,-79.0082267179487,9,0.83,134.0,9.54,1508403,9.54,9.53779,-0.06341,0.23031,0.2503,-0.16952,-0.01268,78.82198,9.80707,26.16194,0,enoS1(1_parsed).csv
36.0759933543124,-79.008226027972,9,0.83,134.0,9.55,1508603,9.55,9.54676,-0.02632,0.28953,0.23854,0.24251,-0.00305,78.29582,8.34551,25.47501,0,enoS1(1_parsed).csv
36.0759922587412,-79.0082248648019,9,0.79,134.0,9.5,1509403,9.5,9.5001,0.0682,0.19143,0.2387,0.1376,0.0,79.1143,3.58082,25.66501,0,enoS1(1_parsed).csv
36.0759914941725,-79.0082239044289,9,0.79,133.9,9.54,1509603,9.54,9.53719,-0.02333,0.08674,0.24496,-0.0084,-0.13164,78.69044,2.89389,25.88424,0,enoS1(1_parsed).csv
36.0759902797203,-79.0082223892774,9,0.87,133.9,9.47,1510403,9.47,9.47438,-0.07418,0.08614,0.23411,0.03818,-0.13149,78.67583,-2.2508,23.19497,0,enoS1(1_parsed).csv
36.0759893286713,-79.008220972028,9,0.87,133.7,9.58,1510603,9.58,9.57907,-0.12742,0.12742,0.23946,-0.06521,0.02688,78.60275,-2.93774,22.15726,0,enoS1(1_parsed).csv
36.0759882843823,-79.0082195081585,9,0.84,133.7,9.56,1511403,9.56,9.56232,-0.13699,0.07657,0.23075,0.01161,0.08369,79.01199,-6.29933,18.73721,0,enoS1(1_parsed).csv
36.0759876783217,-79.0082184452214,9,0.84,133.8,9.54,1511603,9.54,9.54198,0.07238,0.14058,0.23579,0.02627,0.03283,77.79889,-8.17013,18.2549,0,enoS1(1_parsed).csv
36.0759863752914,-79.0082172610723,9,1.02,133.8,9.51,1512403,9.51,9.51027,0.12263,0.10528,0.2387,-0.18265,-0.11851,78.48582,-10.49401,14.5133,0,enoS1(1_parsed).csv
36.075985051282,-79.0082169067599,9,1.02,133.9,9.59,1512603,9.59,9.58505,-0.21416,0.22373,0.23121,0.10446,-0.07697,79.1143,-9.924,12.99328,0,enoS1(1_parsed).csv
36.0759835617716,-79.0082156806527,9,0.87,133.9,9.55,1513403,9.55,9.55334,-0.10947,0.19561,0.22403,-0.12798,0.01451,79.18737,-11.47325,8.87168,0,enoS1(1_parsed).csv
36.0759824988345,-79.0082145804196,9,0.87,134.0,9.6,1513603,9.6,9.6018,-0.0317,0.15972,0.20342,0.29566,0.02856,79.05583,-11.67787,8.18474,0,enoS1(1_parsed).csv
36.0759811282051,-79.0082127529137,9,0.92,134.0,9.52,1514403,9.52,9.52343,0.09332,0.08614,0.20113,0.06109,0.03024,79.31891,-12.51096,3.88775,0,enoS1(1_parsed).csv
36.075979981352,-79.008210990676,9,0.92,133.9,9.6,1514603,9.6,9.6012,-0.04427,0.11785,0.21044,-0.06567,-0.13363,79.69892,-11.56095,2.73312,0,enoS1(1_parsed).csv
36.0759789067599,-79.0082087365967,9,0.94,133.9,9.52,1515403,9.52,9.52164,-0.07777,0.14177,0.19517,-0.03833,-0.05101,79.75738,-10.59632,-2.00234,0,enoS1(1_parsed).csv
36.0759778787879,-79.0082064079254,9,0.94,134.0,9.53,1515603,9.53,9.52583,-0.10708,0.1322,0.18448,0.07391,0.04108,79.83046,-10.46478,-2.79158,0,enoS1(1_parsed).csv
36.0759768857809,-79.0082041282051,9,1.0,134.0,9.51,1516403,9.51,9.50908,-0.03589,0.0323,0.17761,0.12095,0.02795,79.59661,-8.81321,-5.91932,0,enoS1(1_parsed).csv
36.0759759160839,-79.008202020979,9,1.0,134.1,9.53,1516603,9.53,9.52882,-0.05803,0.16869,0.18876,-0.10599,-0.01206,79.72815,-7.76089,-6.32856,0,enoS1(1_parsed).csv
36.075974958042,-79.0082002097902,9,0.49,134.1,9.4,1517403,9.4,9.4014,-1.73181,-1.31845,1.17851,-0.34407,0.64019,82.12511,16.99795,-11.73633,1,enoS1(1_parsed).csv
